crop,window,task,label,pred,error,class_name,logit_margin,top1_prob,boundary,tile_phase,tile_phase_flip,probe_pred,probe_error,probe_disagree,control_ndvi_tstd,grid
16,task_055ad16b-3997-460b-a185-a9a68239f82e_point_10,spatial_split\task_055ad16b-3997-460b-a185-a9a68239f82e,2,4,1,shrubland/savanna,0.3749537467956543,0.456072598695755,0.625,0.0806213766336441,0.0,4,1,0,0.27178746461868286,4
16,task_055ad16b-3997-460b-a185-a9a68239f82e_point_12,spatial_split\task_055ad16b-3997-460b-a185-a9a68239f82e,0,0,0,woodland forest,3.2783241271972656,0.963376522064209,0.875,0.015237713232636452,0.0,2,1,1,0.22212357819080353,4
16,task_055ad16b-3997-460b-a185-a9a68239f82e_point_19,spatial_split\task_055ad16b-3997-460b-a185-a9a68239f82e,0,0,0,woodland forest,8.47978687286377,0.9997759461402893,0.5,6.014539030729793e-05,0.0,0,0,0,0.27968600392341614,4
16,task_055ad16b-3997-460b-a185-a9a68239f82e_point_2,spatial_split\task_055ad16b-3997-460b-a185-a9a68239f82e,5,5,0,agriculture/settlement,10.474449157714844,0.9999411106109619,0.0,1.1224363333894871e-05,0.0,5,0,0,0.21281585097312927,4
16,task_055ad16b-3997-460b-a185-a9a68239f82e_point_20,spatial_split\task_055ad16b-3997-460b-a185-a9a68239f82e,2,2,0,shrubland/savanna,9.720292091369629,0.999931812286377,0.0,1.5053566130518448e-05,0.0,2,0,0,0.1856621950864792,4
16,task_055ad16b-3997-460b-a185-a9a68239f82e_point_21,spatial_split\task_055ad16b-3997-460b-a185-a9a68239f82e,4,4,0,grassland/barren,4.081546306610107,0.9819965362548828,0.0,0.004243988078087568,0.0,4,0,0,0.15547697246074677,4
16,task_055ad16b-3997-460b-a185-a9a68239f82e_point_23,spatial_split\task_055ad16b-3997-460b-a185-a9a68239f82e,2,2,0,shrubland/savanna,4.871454238891602,0.9912893772125244,0.0,0.004805027041584253,0.0,2,0,0,0.194465771317482,4
16,task_055ad16b-3997-460b-a185-a9a68239f82e_point_26,spatial_split\task_055ad16b-3997-460b-a185-a9a68239f82e,8,8,0,urban/dense dev.,15.04446029663086,0.9999992847442627,0.0,1.5769906269724743e-07,0.0,8,0,0,0.09321276843547821,4
16,task_055ad16b-3997-460b-a185-a9a68239f82e_point_28,spatial_split\task_055ad16b-3997-460b-a185-a9a68239f82e,2,2,0,shrubland/savanna,3.148714065551758,0.9585890769958496,0.25,0.01302211731672287,0.0,2,0,0,0.22865454852581024,4
16,task_055ad16b-3997-460b-a185-a9a68239f82e_point_29,spatial_split\task_055ad16b-3997-460b-a185-a9a68239f82e,0,0,0,woodland forest,12.871816635131836,0.9999934434890747,0.125,8.28054169232928e-07,0.0,0,0,0,0.26769548654556274,4
16,task_055ad16b-3997-460b-a185-a9a68239f82e_point_3,spatial_split\task_055ad16b-3997-460b-a185-a9a68239f82e,0,0,0,woodland forest,12.225730895996094,0.9999864101409912,0.0,6.207187652762514e-06,0.0,0,0,0,0.2667176425457001,4
16,task_055ad16b-3997-460b-a185-a9a68239f82e_point_6,spatial_split\task_055ad16b-3997-460b-a185-a9a68239f82e,0,2,1,woodland forest,0.7947707176208496,0.6887689232826233,0.375,0.06751815229654312,0.0,2,1,0,0.2469857782125473,4
16,task_055ad16b-3997-460b-a185-a9a68239f82e_point_8,spatial_split\task_055ad16b-3997-460b-a185-a9a68239f82e,4,2,1,grassland/barren,4.216862678527832,0.9730682373046875,0.0,0.03991890698671341,0.0,4,0,1,0.1292259395122528,4
16,task_17f1e062-6db2-427b-ae38-87a6d575731f_point_10,spatial_split\task_17f1e062-6db2-427b-ae38-87a6d575731f,2,2,0,shrubland/savanna,11.546728134155273,0.9999889135360718,0.0,3.767371936191921e-06,0.0,2,0,0,0.1485913097858429,4
16,task_17f1e062-6db2-427b-ae38-87a6d575731f_point_22,spatial_split\task_17f1e062-6db2-427b-ae38-87a6d575731f,4,4,0,grassland/barren,11.765869140625,0.9999905824661255,0.25,1.5312710957005038e-06,0.0,4,0,0,0.13676699995994568,4
16,task_17f1e062-6db2-427b-ae38-87a6d575731f_point_23,spatial_split\task_17f1e062-6db2-427b-ae38-87a6d575731f,5,5,0,agriculture/settlement,6.839385986328125,0.9988934397697449,0.125,0.0013429360697045922,0.0,5,0,0,0.1976190060377121,4
16,task_17f1e062-6db2-427b-ae38-87a6d575731f_point_29,spatial_split\task_17f1e062-6db2-427b-ae38-87a6d575731f,2,2,0,shrubland/savanna,12.05635929107666,0.9999921321868896,0.125,2.9430452741507906e-06,0.0,2,0,0,0.1774938404560089,4
16,task_17f1e062-6db2-427b-ae38-87a6d575731f_point_30,spatial_split\task_17f1e062-6db2-427b-ae38-87a6d575731f,5,5,0,agriculture/settlement,8.611136436462402,0.9998127818107605,0.0,5.7273402489954606e-05,0.0,5,0,0,0.19797074794769287,4
16,task_17f1e062-6db2-427b-ae38-87a6d575731f_point_33,spatial_split\task_17f1e062-6db2-427b-ae38-87a6d575731f,5,5,0,agriculture/settlement,6.125263214111328,0.9977976083755493,0.0,0.0006209055427461863,0.0,5,0,0,0.23307755589485168,4
16,task_17f1e062-6db2-427b-ae38-87a6d575731f_point_35,spatial_split\task_17f1e062-6db2-427b-ae38-87a6d575731f,2,2,0,shrubland/savanna,7.112699508666992,0.9991748929023743,0.125,0.0003045608173124492,0.0,2,0,0,0.19842053949832916,4
16,task_17f1e062-6db2-427b-ae38-87a6d575731f_point_39,spatial_split\task_17f1e062-6db2-427b-ae38-87a6d575731f,4,4,0,grassland/barren,7.681865692138672,0.9992212057113647,0.125,0.0002335360914003104,0.0,4,0,0,0.10277460515499115,4
16,task_17f1e062-6db2-427b-ae38-87a6d575731f_point_40,spatial_split\task_17f1e062-6db2-427b-ae38-87a6d575731f,5,5,0,agriculture/settlement,0.3316917419433594,0.5820909142494202,0.25,0.05978667736053467,0.0,5,0,0,0.25741538405418396,4
16,task_17f1e062-6db2-427b-ae38-87a6d575731f_point_45,spatial_split\task_17f1e062-6db2-427b-ae38-87a6d575731f,5,5,0,agriculture/settlement,10.5821533203125,0.9999622106552124,0.0,1.6135363694047555e-05,0.0,5,0,0,0.28345996141433716,4
16,task_17f1e062-6db2-427b-ae38-87a6d575731f_point_47,spatial_split\task_17f1e062-6db2-427b-ae38-87a6d575731f,4,4,0,grassland/barren,6.131742477416992,0.9977268576622009,0.0,0.000869655457790941,0.0,4,0,0,0.25616246461868286,4
16,task_17f1e062-6db2-427b-ae38-87a6d575731f_point_48,spatial_split\task_17f1e062-6db2-427b-ae38-87a6d575731f,2,2,0,shrubland/savanna,6.963509559631348,0.9988628625869751,0.0,0.0003715275670401752,0.0,2,0,0,0.2006271779537201,4
16,task_17f1e062-6db2-427b-ae38-87a6d575731f_point_8,spatial_split\task_17f1e062-6db2-427b-ae38-87a6d575731f,2,2,0,shrubland/savanna,11.165529251098633,0.9999735355377197,0.0,3.7889992654527305e-06,0.0,2,0,0,0.20028409361839294,4
16,task_17f1e062-6db2-427b-ae38-87a6d575731f_point_9,spatial_split\task_17f1e062-6db2-427b-ae38-87a6d575731f,5,5,0,agriculture/settlement,1.977701187133789,0.8783831000328064,0.25,0.16034667193889618,0.25,5,0,0,0.2637048661708832,4
16,task_1a29e215-eb34-46cd-bd56-981abce579e7_point_0,spatial_split\task_1a29e215-eb34-46cd-bd56-981abce579e7,8,8,0,urban/dense dev.,13.807573318481445,0.9999984502792358,0.0,4.805480102731963e-07,0.0,8,0,0,0.042123302817344666,4
16,task_1a29e215-eb34-46cd-bd56-981abce579e7_point_10,spatial_split\task_1a29e215-eb34-46cd-bd56-981abce579e7,6,5,1,montane forest,6.511250019073486,0.9984375834465027,0.0,0.0008340112981386483,0.0,5,1,0,0.12486100941896439,4
16,task_1a29e215-eb34-46cd-bd56-981abce579e7_point_11,spatial_split\task_1a29e215-eb34-46cd-bd56-981abce579e7,8,8,0,urban/dense dev.,6.2061309814453125,0.9979270696640015,0.125,0.0007481391658075154,0.0,8,0,0,0.043829843401908875,4
16,task_1a29e215-eb34-46cd-bd56-981abce579e7_point_13,spatial_split\task_1a29e215-eb34-46cd-bd56-981abce579e7,8,8,0,urban/dense dev.,9.311976432800293,0.999893307685852,0.25,3.8106110878288746e-05,0.0,8,0,0,0.09154757857322693,4
16,task_1a29e215-eb34-46cd-bd56-981abce579e7_point_16,spatial_split\task_1a29e215-eb34-46cd-bd56-981abce579e7,8,8,0,urban/dense dev.,10.102718353271484,0.9999256134033203,0.0,3.302769619040191e-05,0.0,8,0,0,0.03606082499027252,4
16,task_1a29e215-eb34-46cd-bd56-981abce579e7_point_17,spatial_split\task_1a29e215-eb34-46cd-bd56-981abce579e7,8,8,0,urban/dense dev.,12.874835968017578,0.9999964237213135,0.0,2.1490760104825313e-07,0.0,8,0,0,0.0482412651181221,4
16,task_1a29e215-eb34-46cd-bd56-981abce579e7_point_18,spatial_split\task_1a29e215-eb34-46cd-bd56-981abce579e7,8,8,0,urban/dense dev.,13.74492073059082,0.9999983310699463,0.0,4.986882231605705e-07,0.0,8,0,0,0.020639987662434578,4
16,task_1a29e215-eb34-46cd-bd56-981abce579e7_point_2,spatial_split\task_1a29e215-eb34-46cd-bd56-981abce579e7,8,8,0,urban/dense dev.,10.803050994873047,0.9999778270721436,0.0,4.2859635868808255e-05,0.0,8,0,0,0.013491697609424591,4
16,task_1a29e215-eb34-46cd-bd56-981abce579e7_point_22,spatial_split\task_1a29e215-eb34-46cd-bd56-981abce579e7,8,8,0,urban/dense dev.,1.9385631084442139,0.7948935031890869,0.625,0.09950805455446243,0.0,5,1,1,0.08305061608552933,4
16,task_1a29e215-eb34-46cd-bd56-981abce579e7_point_26,spatial_split\task_1a29e215-eb34-46cd-bd56-981abce579e7,1,0,1,open water,0.09590649604797363,0.3852371275424957,0.125,0.06659899652004242,0.0,1,0,1,0.3192663788795471,4
16,task_1a29e215-eb34-46cd-bd56-981abce579e7_point_28,spatial_split\task_1a29e215-eb34-46cd-bd56-981abce579e7,8,8,0,urban/dense dev.,11.158679962158203,0.9999692440032959,0.0,1.1719704161805566e-05,0.0,8,0,0,0.02904420532286167,4
16,task_1a29e215-eb34-46cd-bd56-981abce579e7_point_3,spatial_split\task_1a29e215-eb34-46cd-bd56-981abce579e7,8,8,0,urban/dense dev.,13.439937591552734,0.9999942779541016,0.25,4.766508482134668e-06,0.0,8,0,0,0.08040248602628708,4
16,task_1a29e215-eb34-46cd-bd56-981abce579e7_point_4,spatial_split\task_1a29e215-eb34-46cd-bd56-981abce579e7,8,8,0,urban/dense dev.,12.791240692138672,0.9999908208847046,0.125,1.2629998309421353e-06,0.0,8,0,0,0.07473205029964447,4
16,task_1a29e215-eb34-46cd-bd56-981abce579e7_point_7,spatial_split\task_1a29e215-eb34-46cd-bd56-981abce579e7,6,5,1,montane forest,8.061470031738281,0.9995618462562561,0.0,0.0005495125660672784,0.0,5,1,0,0.1344444304704666,4
16,task_20546e37-3fce-46aa-9aa0-54ce34cad031_point_17,spatial_split\task_20546e37-3fce-46aa-9aa0-54ce34cad031,4,4,0,grassland/barren,9.315754890441895,0.9998099207878113,0.0,5.041881013312377e-05,0.0,4,0,0,0.10571359843015671,4
16,task_20546e37-3fce-46aa-9aa0-54ce34cad031_point_21,spatial_split\task_20546e37-3fce-46aa-9aa0-54ce34cad031,4,2,1,grassland/barren,0.45923566818237305,0.5976719260215759,0.25,0.1015138253569603,0.5,3,1,1,0.12341374158859253,4
16,task_20546e37-3fce-46aa-9aa0-54ce34cad031_point_3,spatial_split\task_20546e37-3fce-46aa-9aa0-54ce34cad031,4,2,1,grassland/barren,4.348183631896973,0.9820130467414856,0.5,0.16290490329265594,0.0,3,1,1,0.14705082774162292,4
16,task_20546e37-3fce-46aa-9aa0-54ce34cad031_point_30,spatial_split\task_20546e37-3fce-46aa-9aa0-54ce34cad031,4,4,0,grassland/barren,12.642541885375977,0.999994158744812,0.0,9.848303079706966e-07,0.0,4,0,0,0.0570802167057991,4
16,task_20546e37-3fce-46aa-9aa0-54ce34cad031_point_8,spatial_split\task_20546e37-3fce-46aa-9aa0-54ce34cad031,0,2,1,woodland forest,1.827359676361084,0.8608108758926392,0.375,0.02734309993684292,0.0,0,0,1,0.06874050945043564,4
16,task_21f02234-a1c8-48f4-8c31-a80fab5dce97_point_11,spatial_split\task_21f02234-a1c8-48f4-8c31-a80fab5dce97,4,4,0,grassland/barren,9.994097709655762,0.9998750686645508,0.0,2.2864654965815134e-05,0.0,4,0,0,0.0715584009885788,4
16,task_21f02234-a1c8-48f4-8c31-a80fab5dce97_point_19,spatial_split\task_21f02234-a1c8-48f4-8c31-a80fab5dce97,4,4,0,grassland/barren,4.44053840637207,0.9881147146224976,0.0,0.004752601962536573,0.0,4,0,0,0.0547102615237236,4
16,task_21f02234-a1c8-48f4-8c31-a80fab5dce97_point_2,spatial_split\task_21f02234-a1c8-48f4-8c31-a80fab5dce97,2,0,1,shrubland/savanna,0.9323844909667969,0.7140649557113647,0.5,0.08784179389476776,0.0,0,1,0,0.23471558094024658,4
16,task_21f02234-a1c8-48f4-8c31-a80fab5dce97_point_3,spatial_split\task_21f02234-a1c8-48f4-8c31-a80fab5dce97,4,4,0,grassland/barren,10.586376190185547,0.9999414682388306,0.0,1.0775919690786395e-05,0.0,4,0,0,0.029557395726442337,4
16,task_25c1929a-d8f4-4181-a070-acd40487e7bf_point_11,spatial_split\task_25c1929a-d8f4-4181-a070-acd40487e7bf,5,5,0,agriculture/settlement,11.115216255187988,0.9999709129333496,0.0,5.274883005768061e-05,0.0,5,0,0,0.23993322253227234,4
16,task_25c1929a-d8f4-4181-a070-acd40487e7bf_point_14,spatial_split\task_25c1929a-d8f4-4181-a070-acd40487e7bf,5,5,0,agriculture/settlement,6.210638523101807,0.9953433275222778,0.0,0.01939106173813343,0.0,4,1,1,0.08901416510343552,4
16,task_25c1929a-d8f4-4181-a070-acd40487e7bf_point_19,spatial_split\task_25c1929a-d8f4-4181-a070-acd40487e7bf,5,2,1,agriculture/settlement,5.620676040649414,0.9962148070335388,0.0,0.022536905482411385,0.0,2,1,0,0.11545693129301071,4
16,task_25c1929a-d8f4-4181-a070-acd40487e7bf_point_2,spatial_split\task_25c1929a-d8f4-4181-a070-acd40487e7bf,5,5,0,agriculture/settlement,11.250185012817383,0.999984860420227,0.0,3.9667329474468715e-06,0.0,5,0,0,0.22081099450588226,4
16,task_25c1929a-d8f4-4181-a070-acd40487e7bf_point_32,spatial_split\task_25c1929a-d8f4-4181-a070-acd40487e7bf,5,5,0,agriculture/settlement,4.310328483581543,0.9866129755973816,0.0,0.005334754940122366,0.0,5,0,0,0.1950790286064148,4
16,task_25c1929a-d8f4-4181-a070-acd40487e7bf_point_41,spatial_split\task_25c1929a-d8f4-4181-a070-acd40487e7bf,5,5,0,agriculture/settlement,10.299372673034668,0.999934196472168,0.0,2.9214243113528937e-05,0.0,5,0,0,0.19440287351608276,4
16,task_25c1929a-d8f4-4181-a070-acd40487e7bf_point_8,spatial_split\task_25c1929a-d8f4-4181-a070-acd40487e7bf,4,4,0,grassland/barren,4.472814083099365,0.981350302696228,0.375,0.0129391485825181,0.0,4,0,0,0.2392200082540512,4
16,task_2b0bcdc8-eaa6-40a8-b939-6f9049d4e9df_point_14,spatial_split\task_2b0bcdc8-eaa6-40a8-b939-6f9049d4e9df,2,2,0,shrubland/savanna,11.347540855407715,0.999987006187439,0.0,4.724584869109094e-06,0.0,2,0,0,0.21890634298324585,4
16,task_2b0bcdc8-eaa6-40a8-b939-6f9049d4e9df_point_20,spatial_split\task_2b0bcdc8-eaa6-40a8-b939-6f9049d4e9df,5,5,0,agriculture/settlement,4.825985908508301,0.9865397810935974,0.0,0.01167465653270483,0.0,8,1,1,0.13305319845676422,4
16,task_2b0bcdc8-eaa6-40a8-b939-6f9049d4e9df_point_6,spatial_split\task_2b0bcdc8-eaa6-40a8-b939-6f9049d4e9df,2,2,0,shrubland/savanna,11.99290943145752,0.9999909400939941,0.0,1.2545326626423048e-06,0.0,2,0,0,0.1840008795261383,4
16,task_2b0bcdc8-eaa6-40a8-b939-6f9049d4e9df_point_7,spatial_split\task_2b0bcdc8-eaa6-40a8-b939-6f9049d4e9df,2,2,0,shrubland/savanna,10.652165412902832,0.9999696016311646,0.0,1.1346663995936979e-05,0.0,2,0,0,0.18862934410572052,4
16,task_2b0bcdc8-eaa6-40a8-b939-6f9049d4e9df_point_8,spatial_split\task_2b0bcdc8-eaa6-40a8-b939-6f9049d4e9df,2,2,0,shrubland/savanna,13.259492874145508,0.9999971389770508,0.0,3.998401041371835e-07,0.0,2,0,0,0.21683748066425323,4
16,task_2cfe9626-32ec-4f11-8747-d23e3437676d_point_0,spatial_split\task_2cfe9626-32ec-4f11-8747-d23e3437676d,4,2,1,grassland/barren,2.209463596343994,0.9009127020835876,0.625,0.032899290323257446,0.0,4,0,1,0.10065146535634995,4
16,task_2cfe9626-32ec-4f11-8747-d23e3437676d_point_11,spatial_split\task_2cfe9626-32ec-4f11-8747-d23e3437676d,5,5,0,agriculture/settlement,10.732488632202148,0.9999513626098633,0.0,1.4035976164450403e-05,0.0,5,0,0,0.2344488799571991,4
16,task_2cfe9626-32ec-4f11-8747-d23e3437676d_point_18,spatial_split\task_2cfe9626-32ec-4f11-8747-d23e3437676d,4,4,0,grassland/barren,11.324577331542969,0.9999845027923584,0.125,6.531537565024337e-06,0.0,4,0,0,0.060460254549980164,4
16,task_2cfe9626-32ec-4f11-8747-d23e3437676d_point_19,spatial_split\task_2cfe9626-32ec-4f11-8747-d23e3437676d,2,2,0,shrubland/savanna,11.12345027923584,0.9999724626541138,0.125,0.00015206362877506763,0.0,2,0,0,0.13922841846942902,4
16,task_2cfe9626-32ec-4f11-8747-d23e3437676d_point_2,spatial_split\task_2cfe9626-32ec-4f11-8747-d23e3437676d,0,2,1,woodland forest,0.5697054862976074,0.6384032368659973,0.25,0.28185543417930603,0.5,0,0,1,0.1864176243543625,4
16,task_2cfe9626-32ec-4f11-8747-d23e3437676d_point_20,spatial_split\task_2cfe9626-32ec-4f11-8747-d23e3437676d,2,2,0,shrubland/savanna,9.085883140563965,0.9998757839202881,0.125,0.0001288734347326681,0.0,2,0,0,0.17419932782649994,4
16,task_2cfe9626-32ec-4f11-8747-d23e3437676d_point_22,spatial_split\task_2cfe9626-32ec-4f11-8747-d23e3437676d,2,2,0,shrubland/savanna,12.9814453125,0.9999958276748657,0.0,6.336060778266983e-07,0.0,2,0,0,0.16940274834632874,4
16,task_2cfe9626-32ec-4f11-8747-d23e3437676d_point_23,spatial_split\task_2cfe9626-32ec-4f11-8747-d23e3437676d,4,4,0,grassland/barren,2.044029712677002,0.8849610686302185,0.625,0.08245211839675903,0.0,4,0,0,0.16227979958057404,4
16,task_2cfe9626-32ec-4f11-8747-d23e3437676d_point_25,spatial_split\task_2cfe9626-32ec-4f11-8747-d23e3437676d,0,2,1,woodland forest,3.8749027252197266,0.9795610308647156,0.0,0.3958930969238281,0.5,2,1,0,0.20762373507022858,4
16,task_2cfe9626-32ec-4f11-8747-d23e3437676d_point_28,spatial_split\task_2cfe9626-32ec-4f11-8747-d23e3437676d,2,2,0,shrubland/savanna,8.229276657104492,0.9996854066848755,0.375,0.00011326528328936547,0.0,2,0,0,0.12131177634000778,4
16,task_2cfe9626-32ec-4f11-8747-d23e3437676d_point_29,spatial_split\task_2cfe9626-32ec-4f11-8747-d23e3437676d,2,2,0,shrubland/savanna,12.52788257598877,0.9999949932098389,0.0,3.20482376992004e-06,0.0,2,0,0,0.15718263387680054,4
16,task_2cfe9626-32ec-4f11-8747-d23e3437676d_point_3,spatial_split\task_2cfe9626-32ec-4f11-8747-d23e3437676d,2,2,0,shrubland/savanna,9.5156831741333,0.9999223947525024,0.0,5.04530435136985e-05,0.0,2,0,0,0.14996206760406494,4
16,task_2cfe9626-32ec-4f11-8747-d23e3437676d_point_31,spatial_split\task_2cfe9626-32ec-4f11-8747-d23e3437676d,2,2,0,shrubland/savanna,10.617566108703613,0.9999747276306152,0.0,3.498310252325609e-05,0.0,2,0,0,0.1901029497385025,4
16,task_2cfe9626-32ec-4f11-8747-d23e3437676d_point_32,spatial_split\task_2cfe9626-32ec-4f11-8747-d23e3437676d,2,2,0,shrubland/savanna,9.690690994262695,0.9999347925186157,0.25,2.698530806810595e-05,0.0,2,0,0,0.1659880429506302,4
16,task_2cfe9626-32ec-4f11-8747-d23e3437676d_point_33,spatial_split\task_2cfe9626-32ec-4f11-8747-d23e3437676d,2,2,0,shrubland/savanna,13.512986183166504,0.9999977350234985,0.0,5.900558903704223e-07,0.0,2,0,0,0.14606168866157532,4
16,task_2cfe9626-32ec-4f11-8747-d23e3437676d_point_37,spatial_split\task_2cfe9626-32ec-4f11-8747-d23e3437676d,4,4,0,grassland/barren,4.989926338195801,0.9908015131950378,0.375,0.0034079214092344046,0.0,4,0,0,0.17519427835941315,4
16,task_2cfe9626-32ec-4f11-8747-d23e3437676d_point_38,spatial_split\task_2cfe9626-32ec-4f11-8747-d23e3437676d,2,2,0,shrubland/savanna,7.393177032470703,0.9989404082298279,0.5,0.012723714113235474,0.0,2,0,0,0.22724293172359467,4
16,task_2cfe9626-32ec-4f11-8747-d23e3437676d_point_39,spatial_split\task_2cfe9626-32ec-4f11-8747-d23e3437676d,4,4,0,grassland/barren,8.524592399597168,0.999782383441925,0.625,9.340183896711096e-05,0.0,4,0,0,0.06009073182940483,4
16,task_2cfe9626-32ec-4f11-8747-d23e3437676d_point_4,spatial_split\task_2cfe9626-32ec-4f11-8747-d23e3437676d,5,5,0,agriculture/settlement,10.734211921691895,0.9999616146087646,0.0,2.2147678464534692e-05,0.0,5,0,0,0.25337424874305725,4
16,task_2cfe9626-32ec-4f11-8747-d23e3437676d_point_41,spatial_split\task_2cfe9626-32ec-4f11-8747-d23e3437676d,0,2,1,woodland forest,4.155556678771973,0.984468400478363,0.125,0.2198001593351364,0.25,0,0,1,0.2160462886095047,4
16,task_2cfe9626-32ec-4f11-8747-d23e3437676d_point_46,spatial_split\task_2cfe9626-32ec-4f11-8747-d23e3437676d,4,4,0,grassland/barren,9.938431739807129,0.9999443292617798,0.125,1.8841668861568905e-05,0.0,4,0,0,0.09581600874662399,4
16,task_2cfe9626-32ec-4f11-8747-d23e3437676d_point_51,spatial_split\task_2cfe9626-32ec-4f11-8747-d23e3437676d,2,2,0,shrubland/savanna,5.631382465362549,0.9964256882667542,0.0,0.0045401668176054955,0.0,2,0,0,0.15059033036231995,4
16,task_2cfe9626-32ec-4f11-8747-d23e3437676d_point_53,spatial_split\task_2cfe9626-32ec-4f11-8747-d23e3437676d,2,2,0,shrubland/savanna,6.803995609283447,0.998881995677948,0.125,0.00044436496682465076,0.0,2,0,0,0.18225938081741333,4
16,task_2cfe9626-32ec-4f11-8747-d23e3437676d_point_54,spatial_split\task_2cfe9626-32ec-4f11-8747-d23e3437676d,2,2,0,shrubland/savanna,2.8569350242614746,0.945669949054718,0.375,0.03133402019739151,0.0,2,0,0,0.22387166321277618,4
16,task_2cfe9626-32ec-4f11-8747-d23e3437676d_point_56,spatial_split\task_2cfe9626-32ec-4f11-8747-d23e3437676d,2,2,0,shrubland/savanna,2.1712841987609863,0.8974562287330627,0.0,0.03981023654341698,0.0,2,0,0,0.22802044451236725,4
16,task_2cfe9626-32ec-4f11-8747-d23e3437676d_point_60,spatial_split\task_2cfe9626-32ec-4f11-8747-d23e3437676d,2,2,0,shrubland/savanna,9.09661865234375,0.9998855590820312,0.125,3.391383870621212e-05,0.0,2,0,0,0.10363195836544037,4
16,task_2cfe9626-32ec-4f11-8747-d23e3437676d_point_61,spatial_split\task_2cfe9626-32ec-4f11-8747-d23e3437676d,4,4,0,grassland/barren,9.500740051269531,0.9998952150344849,0.0,6.765036232536659e-05,0.0,4,0,0,0.037246763706207275,4
16,task_2cfe9626-32ec-4f11-8747-d23e3437676d_point_63,spatial_split\task_2cfe9626-32ec-4f11-8747-d23e3437676d,2,2,0,shrubland/savanna,4.328489780426025,0.98697829246521,0.0,0.0270866509526968,0.0,4,1,1,0.192586749792099,4
16,task_2cfe9626-32ec-4f11-8747-d23e3437676d_point_65,spatial_split\task_2cfe9626-32ec-4f11-8747-d23e3437676d,4,4,0,grassland/barren,8.533648490905762,0.9997327923774719,0.125,0.00010313918755855411,0.0,4,0,0,0.0690956860780716,4
16,task_2cfe9626-32ec-4f11-8747-d23e3437676d_point_66,spatial_split\task_2cfe9626-32ec-4f11-8747-d23e3437676d,2,2,0,shrubland/savanna,8.633925437927246,0.9998148083686829,0.0,7.937867485452443e-05,0.0,2,0,0,0.18118025362491608,4
16,task_2cfe9626-32ec-4f11-8747-d23e3437676d_point_67,spatial_split\task_2cfe9626-32ec-4f11-8747-d23e3437676d,2,2,0,shrubland/savanna,4.066537857055664,0.9831334948539734,0.0,0.004732171073555946,0.0,2,0,0,0.1539946347475052,4
16,task_2cfe9626-32ec-4f11-8747-d23e3437676d_point_7,spatial_split\task_2cfe9626-32ec-4f11-8747-d23e3437676d,2,2,0,shrubland/savanna,8.783978462219238,0.9998422861099243,0.0,0.0009533886332064867,0.0,2,0,0,0.16689683496952057,4
16,task_2cfe9626-32ec-4f11-8747-d23e3437676d_point_70,spatial_split\task_2cfe9626-32ec-4f11-8747-d23e3437676d,2,2,0,shrubland/savanna,9.302244186401367,0.9999072551727295,0.0,4.5109820348443463e-05,0.0,2,0,0,0.1696251928806305,4
16,task_2cfe9626-32ec-4f11-8747-d23e3437676d_point_71,spatial_split\task_2cfe9626-32ec-4f11-8747-d23e3437676d,2,2,0,shrubland/savanna,1.302236557006836,0.7861883044242859,0.25,0.11905442178249359,0.0,2,0,0,0.1961069405078888,4
16,task_2cfe9626-32ec-4f11-8747-d23e3437676d_point_74,spatial_split\task_2cfe9626-32ec-4f11-8747-d23e3437676d,4,4,0,grassland/barren,4.727692127227783,0.9911976456642151,0.625,0.005091734230518341,0.0,4,0,0,0.09459099918603897,4
16,task_2cfe9626-32ec-4f11-8747-d23e3437676d_point_75,spatial_split\task_2cfe9626-32ec-4f11-8747-d23e3437676d,2,2,0,shrubland/savanna,6.818962097167969,0.998906135559082,0.5,0.0004068395937792957,0.0,4,1,1,0.13214997947216034,4
16,task_2cfe9626-32ec-4f11-8747-d23e3437676d_point_81,spatial_split\task_2cfe9626-32ec-4f11-8747-d23e3437676d,4,4,0,grassland/barren,5.672469139099121,0.9965012073516846,0.5,0.0013995073968544602,0.0,4,0,0,0.0754275694489479,4
16,task_2cfe9626-32ec-4f11-8747-d23e3437676d_point_82,spatial_split\task_2cfe9626-32ec-4f11-8747-d23e3437676d,2,2,0,shrubland/savanna,6.124337673187256,0.9978100657463074,0.0,0.0011443783296272159,0.0,2,0,0,0.10152602940797806,4
16,task_2cfe9626-32ec-4f11-8747-d23e3437676d_point_85,spatial_split\task_2cfe9626-32ec-4f11-8747-d23e3437676d,2,2,0,shrubland/savanna,5.873000621795654,0.9971842169761658,0.0,0.0029082123655825853,0.0,2,0,0,0.15522105991840363,4
16,task_2cfe9626-32ec-4f11-8747-d23e3437676d_point_87,spatial_split\task_2cfe9626-32ec-4f11-8747-d23e3437676d,2,2,0,shrubland/savanna,10.872899055480957,0.9999631643295288,0.0,8.010119017853867e-06,0.0,2,0,0,0.19550330936908722,4
16,task_344c1a79-17eb-4807-aa0f-912248dc1f80_point_15,spatial_split\task_344c1a79-17eb-4807-aa0f-912248dc1f80,0,0,0,woodland forest,2.876124858856201,0.9465790390968323,0.625,0.009398390538990498,0.0,2,1,1,0.21524196863174438,4
16,task_344c1a79-17eb-4807-aa0f-912248dc1f80_point_16,spatial_split\task_344c1a79-17eb-4807-aa0f-912248dc1f80,4,4,0,grassland/barren,6.064070701599121,0.9964622855186462,0.125,0.0015349416062235832,0.0,8,1,1,0.08663249760866165,4
16,task_344c1a79-17eb-4807-aa0f-912248dc1f80_point_19,spatial_split\task_344c1a79-17eb-4807-aa0f-912248dc1f80,2,2,0,shrubland/savanna,8.34583854675293,0.9997590184211731,0.0,0.0007853358401916921,0.0,2,0,0,0.154913991689682,4
16,task_344c1a79-17eb-4807-aa0f-912248dc1f80_point_2,spatial_split\task_344c1a79-17eb-4807-aa0f-912248dc1f80,4,4,0,grassland/barren,1.826364517211914,0.8611915111541748,0.125,0.1462477147579193,0.0,2,1,1,0.08955433964729309,4
16,task_344c1a79-17eb-4807-aa0f-912248dc1f80_point_34,spatial_split\task_344c1a79-17eb-4807-aa0f-912248dc1f80,8,8,0,urban/dense dev.,13.502089500427246,0.9999979734420776,0.0,3.998401041371835e-07,0.0,8,0,0,0.027301551774144173,4
16,task_344c1a79-17eb-4807-aa0f-912248dc1f80_point_40,spatial_split\task_344c1a79-17eb-4807-aa0f-912248dc1f80,8,8,0,urban/dense dev.,9.021475791931152,0.9998599290847778,0.125,0.0006594087462872267,0.0,8,0,0,0.13663826882839203,4
16,task_344c1a79-17eb-4807-aa0f-912248dc1f80_point_47,spatial_split\task_344c1a79-17eb-4807-aa0f-912248dc1f80,2,2,0,shrubland/savanna,2.7312421798706055,0.9388399124145508,0.0,0.04734170436859131,0.0,2,0,0,0.08561231940984726,4
16,task_344c1a79-17eb-4807-aa0f-912248dc1f80_point_48,spatial_split\task_344c1a79-17eb-4807-aa0f-912248dc1f80,2,2,0,shrubland/savanna,9.589353561401367,0.9999300241470337,0.0,9.581030462868512e-05,0.0,2,0,0,0.15571969747543335,4
16,task_344c1a79-17eb-4807-aa0f-912248dc1f80_point_5,spatial_split\task_344c1a79-17eb-4807-aa0f-912248dc1f80,2,2,0,shrubland/savanna,9.42111873626709,0.9999185800552368,0.0,3.081732938881032e-05,0.0,2,0,0,0.18350867927074432,4
16,task_344c1a79-17eb-4807-aa0f-912248dc1f80_point_53,spatial_split\task_344c1a79-17eb-4807-aa0f-912248dc1f80,6,6,0,montane forest,6.832476615905762,0.9978467226028442,0.0,0.0008182088495232165,0.0,6,0,0,0.28399693965911865,4
16,task_344c1a79-17eb-4807-aa0f-912248dc1f80_point_54,spatial_split\task_344c1a79-17eb-4807-aa0f-912248dc1f80,4,4,0,grassland/barren,10.521702766418457,0.9999351501464844,0.0,3.147187453578226e-05,0.0,4,0,0,0.11851127445697784,4
16,task_344c1a79-17eb-4807-aa0f-912248dc1f80_point_6,spatial_split\task_344c1a79-17eb-4807-aa0f-912248dc1f80,2,2,0,shrubland/savanna,8.958815574645996,0.9998667240142822,0.0,5.523748404812068e-05,0.0,2,0,0,0.08898710459470749,4
16,task_344c1a79-17eb-4807-aa0f-912248dc1f80_point_61,spatial_split\task_344c1a79-17eb-4807-aa0f-912248dc1f80,2,2,0,shrubland/savanna,5.568998336791992,0.9961898326873779,0.125,0.03618594631552696,0.0,2,0,0,0.21442632377147675,4
16,task_344c1a79-17eb-4807-aa0f-912248dc1f80_point_66,spatial_split\task_344c1a79-17eb-4807-aa0f-912248dc1f80,8,8,0,urban/dense dev.,9.622459411621094,0.9998879432678223,0.125,0.00012894567043986171,0.0,8,0,0,0.14774127304553986,4
16,task_344c1a79-17eb-4807-aa0f-912248dc1f80_point_69,spatial_split\task_344c1a79-17eb-4807-aa0f-912248dc1f80,8,8,0,urban/dense dev.,3.951064109802246,0.9807913303375244,0.0,0.0076628862880170345,0.0,8,0,0,0.12322752922773361,4
16,task_344c1a79-17eb-4807-aa0f-912248dc1f80_point_72,spatial_split\task_344c1a79-17eb-4807-aa0f-912248dc1f80,8,8,0,urban/dense dev.,5.711404800415039,0.9963293671607971,0.0,0.001441162428818643,0.0,8,0,0,0.10853642970323563,4
16,task_344c1a79-17eb-4807-aa0f-912248dc1f80_point_78,spatial_split\task_344c1a79-17eb-4807-aa0f-912248dc1f80,2,2,0,shrubland/savanna,9.892434120178223,0.9999397993087769,0.125,4.1202893044101074e-05,0.0,2,0,0,0.15321633219718933,4
16,task_344c1a79-17eb-4807-aa0f-912248dc1f80_point_82,spatial_split\task_344c1a79-17eb-4807-aa0f-912248dc1f80,8,8,0,urban/dense dev.,8.582107543945312,0.9997923970222473,0.125,7.69741163821891e-05,0.0,8,0,0,0.05978746339678764,4
16,task_3e3715c8-c01b-4c8c-af6f-6959c1597083_point_108,spatial_split\task_3e3715c8-c01b-4c8c-af6f-6959c1597083,4,4,0,grassland/barren,2.5198917388916016,0.8670393228530884,0.75,0.2387932389974594,0.25,5,1,1,0.21051354706287384,4
16,task_3e3715c8-c01b-4c8c-af6f-6959c1597083_point_109,spatial_split\task_3e3715c8-c01b-4c8c-af6f-6959c1597083,4,2,1,grassland/barren,7.131587028503418,0.9990583062171936,0.0,0.00048590151709504426,0.0,2,1,0,0.15930281579494476,4
16,task_3e3715c8-c01b-4c8c-af6f-6959c1597083_point_111,spatial_split\task_3e3715c8-c01b-4c8c-af6f-6959c1597083,8,8,0,urban/dense dev.,11.849018096923828,0.9999847412109375,0.0,5.473576038639294e-06,0.0,8,0,0,0.08307384699583054,4
16,task_3e3715c8-c01b-4c8c-af6f-6959c1597083_point_116,spatial_split\task_3e3715c8-c01b-4c8c-af6f-6959c1597083,2,2,0,shrubland/savanna,5.129058837890625,0.9939703941345215,0.125,0.14476995170116425,0.0,2,0,0,0.2297937422990799,4
16,task_3e3715c8-c01b-4c8c-af6f-6959c1597083_point_13,spatial_split\task_3e3715c8-c01b-4c8c-af6f-6959c1597083,2,2,0,shrubland/savanna,7.757589340209961,0.9995531439781189,0.0,0.00015002780128270388,0.0,2,0,0,0.25004851818084717,4
16,task_3e3715c8-c01b-4c8c-af6f-6959c1597083_point_28,spatial_split\task_3e3715c8-c01b-4c8c-af6f-6959c1597083,4,4,0,grassland/barren,1.167954921722412,0.7565532326698303,0.5,0.14083817601203918,0.25,4,0,0,0.22783556580543518,4
16,task_3e3715c8-c01b-4c8c-af6f-6959c1597083_point_37,spatial_split\task_3e3715c8-c01b-4c8c-af6f-6959c1597083,2,2,0,shrubland/savanna,10.645914077758789,0.9999661445617676,0.0,9.069899533642456e-06,0.0,2,0,0,0.1571471393108368,4
16,task_3e3715c8-c01b-4c8c-af6f-6959c1597083_point_40,spatial_split\task_3e3715c8-c01b-4c8c-af6f-6959c1597083,4,4,0,grassland/barren,5.830577850341797,0.9950602650642395,0.375,0.005075992085039616,0.0,4,0,0,0.19201220571994781,4
16,task_3e3715c8-c01b-4c8c-af6f-6959c1597083_point_41,spatial_split\task_3e3715c8-c01b-4c8c-af6f-6959c1597083,2,2,0,shrubland/savanna,11.181580543518066,0.9999839067459106,0.0,2.8304361876507755e-06,0.0,2,0,0,0.13457831740379333,4
16,task_3e3715c8-c01b-4c8c-af6f-6959c1597083_point_45,spatial_split\task_3e3715c8-c01b-4c8c-af6f-6959c1597083,4,4,0,grassland/barren,8.85186767578125,0.9998156428337097,0.0,6.752825720468536e-05,0.0,4,0,0,0.23326519131660461,4
16,task_3e3715c8-c01b-4c8c-af6f-6959c1597083_point_58,spatial_split\task_3e3715c8-c01b-4c8c-af6f-6959c1597083,4,4,0,grassland/barren,4.979243755340576,0.9872937202453613,0.5,0.002186062978580594,0.0,5,1,1,0.1232362613081932,4
16,task_3e3715c8-c01b-4c8c-af6f-6959c1597083_point_75,spatial_split\task_3e3715c8-c01b-4c8c-af6f-6959c1597083,4,5,1,grassland/barren,0.04120349884033203,0.5012274384498596,0.75,0.14948809146881104,0.0,5,1,0,0.16420267522335052,4
16,task_3e3715c8-c01b-4c8c-af6f-6959c1597083_point_76,spatial_split\task_3e3715c8-c01b-4c8c-af6f-6959c1597083,2,2,0,shrubland/savanna,6.167309761047363,0.9979046583175659,0.0,0.0009439342538826168,0.0,2,0,0,0.1943807601928711,4
16,task_3e3715c8-c01b-4c8c-af6f-6959c1597083_point_87,spatial_split\task_3e3715c8-c01b-4c8c-af6f-6959c1597083,0,0,0,woodland forest,12.050512313842773,0.9999891519546509,0.375,4.188048023934243e-06,0.0,0,0,0,0.21886394917964935,4
16,task_3e3715c8-c01b-4c8c-af6f-6959c1597083_point_9,spatial_split\task_3e3715c8-c01b-4c8c-af6f-6959c1597083,4,2,1,grassland/barren,2.242846727371216,0.8273112773895264,0.75,0.12390559911727905,0.0,2,1,0,0.14446328580379486,4
16,task_3e3715c8-c01b-4c8c-af6f-6959c1597083_point_93,spatial_split\task_3e3715c8-c01b-4c8c-af6f-6959c1597083,4,4,0,grassland/barren,2.4464359283447266,0.920204758644104,0.5,0.2573460638523102,0.25,4,0,0,0.1960296779870987,4
16,task_3e3715c8-c01b-4c8c-af6f-6959c1597083_point_97,spatial_split\task_3e3715c8-c01b-4c8c-af6f-6959c1597083,2,2,0,shrubland/savanna,9.525519371032715,0.9998962879180908,0.0,9.374682122142985e-05,0.0,2,0,0,0.24182498455047607,4
16,task_443f9bea-5883-4fb7-9573-0a9d51cb24d5_point_11,spatial_split\task_443f9bea-5883-4fb7-9573-0a9d51cb24d5,5,2,1,agriculture/settlement,8.676187515258789,0.9995760321617126,0.0,0.00021607814414892346,0.0,2,1,0,0.2566554546356201,4
16,task_443f9bea-5883-4fb7-9573-0a9d51cb24d5_point_17,spatial_split\task_443f9bea-5883-4fb7-9573-0a9d51cb24d5,0,0,0,woodland forest,3.7595858573913574,0.9749343395233154,0.0,0.05186261609196663,0.0,0,0,0,0.24736396968364716,4
16,task_443f9bea-5883-4fb7-9573-0a9d51cb24d5_point_2,spatial_split\task_443f9bea-5883-4fb7-9573-0a9d51cb24d5,0,0,0,woodland forest,0.7871370315551758,0.684380292892456,0.125,0.0583246648311615,0.0,0,0,0,0.2213323414325714,4
16,task_443f9bea-5883-4fb7-9573-0a9d51cb24d5_point_3,spatial_split\task_443f9bea-5883-4fb7-9573-0a9d51cb24d5,5,4,1,agriculture/settlement,0.7938339710235596,0.5345841646194458,0.75,0.2395365685224533,0.25,4,1,0,0.2890583872795105,4
16,task_443f9bea-5883-4fb7-9573-0a9d51cb24d5_point_5,spatial_split\task_443f9bea-5883-4fb7-9573-0a9d51cb24d5,2,2,0,shrubland/savanna,3.12579345703125,0.9579395651817322,0.0,0.06810804456472397,0.0,2,0,0,0.24386504292488098,4
16,task_443f9bea-5883-4fb7-9573-0a9d51cb24d5_point_6,spatial_split\task_443f9bea-5883-4fb7-9573-0a9d51cb24d5,5,5,0,agriculture/settlement,9.638280868530273,0.9998914003372192,0.0,4.43371718574781e-05,0.0,5,0,0,0.15806978940963745,4
16,task_4d86a761-641c-4d20-947c-c9d8b08153a5_point_10,spatial_split\task_4d86a761-641c-4d20-947c-c9d8b08153a5,4,2,1,grassland/barren,2.3849925994873047,0.9148707389831543,0.0,0.13822054862976074,0.0,2,1,0,0.26810866594314575,4
16,task_4d86a761-641c-4d20-947c-c9d8b08153a5_point_11,spatial_split\task_4d86a761-641c-4d20-947c-c9d8b08153a5,6,6,0,montane forest,4.555755615234375,0.9886533617973328,0.0,0.0028622709214687347,0.0,6,0,0,0.3319893777370453,4
16,task_4d86a761-641c-4d20-947c-c9d8b08153a5_point_16,spatial_split\task_4d86a761-641c-4d20-947c-c9d8b08153a5,4,2,1,grassland/barren,5.154788970947266,0.9907169938087463,0.0,0.2672767639160156,0.25,4,0,1,0.2979564368724823,4
16,task_4d86a761-641c-4d20-947c-c9d8b08153a5_point_20,spatial_split\task_4d86a761-641c-4d20-947c-c9d8b08153a5,4,4,0,grassland/barren,8.379039764404297,0.9997250437736511,0.125,9.494229743722826e-05,0.0,4,0,0,0.27714359760284424,4
16,task_4d86a761-641c-4d20-947c-c9d8b08153a5_point_23,spatial_split\task_4d86a761-641c-4d20-947c-c9d8b08153a5,4,4,0,grassland/barren,11.461017608642578,0.9999885559082031,0.0,6.412972197722411e-06,0.0,4,0,0,0.15859241783618927,4
16,task_4d86a761-641c-4d20-947c-c9d8b08153a5_point_33,spatial_split\task_4d86a761-641c-4d20-947c-c9d8b08153a5,4,2,1,grassland/barren,3.6431379318237305,0.9655742645263672,0.25,0.017787327989935875,0.0,6,1,1,0.23603078722953796,4
16,task_58af58e7-9eaf-46bf-b4b0-207b80bc00e4_point_19,spatial_split\task_58af58e7-9eaf-46bf-b4b0-207b80bc00e4,5,5,0,agriculture/settlement,10.194191932678223,0.9999274015426636,0.0,0.00011111843923572451,0.0,5,0,0,0.13278183341026306,4
16,task_58af58e7-9eaf-46bf-b4b0-207b80bc00e4_point_20,spatial_split\task_58af58e7-9eaf-46bf-b4b0-207b80bc00e4,4,4,0,grassland/barren,6.7823591232299805,0.9985028505325317,0.375,0.0035986669827252626,0.0,4,0,0,0.11966031044721603,4
16,task_58af58e7-9eaf-46bf-b4b0-207b80bc00e4_point_22,spatial_split\task_58af58e7-9eaf-46bf-b4b0-207b80bc00e4,2,2,0,shrubland/savanna,5.92653226852417,0.9973375201225281,0.0,0.001048669102601707,0.0,2,0,0,0.10421843826770782,4
16,task_58af58e7-9eaf-46bf-b4b0-207b80bc00e4_point_23,spatial_split\task_58af58e7-9eaf-46bf-b4b0-207b80bc00e4,5,5,0,agriculture/settlement,6.324940204620361,0.9975288510322571,0.0,0.0037957492750138044,0.0,5,0,0,0.20929236710071564,4
16,task_58af58e7-9eaf-46bf-b4b0-207b80bc00e4_point_25,spatial_split\task_58af58e7-9eaf-46bf-b4b0-207b80bc00e4,3,3,0,herbaceous wetland,11.37678337097168,0.999970555305481,0.0,9.283411600335967e-06,0.0,3,0,0,0.22321394085884094,4
16,task_58af58e7-9eaf-46bf-b4b0-207b80bc00e4_point_3,spatial_split\task_58af58e7-9eaf-46bf-b4b0-207b80bc00e4,5,5,0,agriculture/settlement,4.459901809692383,0.9881525635719299,0.0,0.007296558003872633,0.0,5,0,0,0.12957681715488434,4
16,task_58af58e7-9eaf-46bf-b4b0-207b80bc00e4_point_30,spatial_split\task_58af58e7-9eaf-46bf-b4b0-207b80bc00e4,5,5,0,agriculture/settlement,10.949130058288574,0.999963641166687,0.0,8.469104614050593e-06,0.0,5,0,0,0.21565605700016022,4
16,task_58af58e7-9eaf-46bf-b4b0-207b80bc00e4_point_31,spatial_split\task_58af58e7-9eaf-46bf-b4b0-207b80bc00e4,2,2,0,shrubland/savanna,7.963108062744141,0.9996488094329834,0.0,0.000618688587564975,0.0,2,0,0,0.2079821228981018,4
16,task_58af58e7-9eaf-46bf-b4b0-207b80bc00e4_point_32,spatial_split\task_58af58e7-9eaf-46bf-b4b0-207b80bc00e4,5,5,0,agriculture/settlement,1.143826961517334,0.7567157745361328,0.0,0.1895260214805603,0.25,5,0,0,0.30782514810562134,4
16,task_58af58e7-9eaf-46bf-b4b0-207b80bc00e4_point_5,spatial_split\task_58af58e7-9eaf-46bf-b4b0-207b80bc00e4,5,5,0,agriculture/settlement,8.854196548461914,0.9998489618301392,0.0,0.00016129626601468772,0.0,5,0,0,0.22436964511871338,4
16,task_58af58e7-9eaf-46bf-b4b0-207b80bc00e4_point_7,spatial_split\task_58af58e7-9eaf-46bf-b4b0-207b80bc00e4,2,2,0,shrubland/savanna,10.544139862060547,0.9999717473983765,0.0,5.20055546076037e-05,0.0,4,1,1,0.17859363555908203,4
16,task_58af58e7-9eaf-46bf-b4b0-207b80bc00e4_point_8,spatial_split\task_58af58e7-9eaf-46bf-b4b0-207b80bc00e4,5,5,0,agriculture/settlement,10.863088607788086,0.9999576807022095,0.0,2.4330453015863895e-05,0.0,5,0,0,0.311443954706192,4
16,task_58af58e7-9eaf-46bf-b4b0-207b80bc00e4_point_9,spatial_split\task_58af58e7-9eaf-46bf-b4b0-207b80bc00e4,4,4,0,grassland/barren,4.200339317321777,0.9851080775260925,0.5,0.03482338413596153,0.0,2,1,1,0.12172634899616241,4
16,task_6269bc5d-f293-461b-8953-06bf3b640053_point_0,spatial_split\task_6269bc5d-f293-461b-8953-06bf3b640053,5,5,0,agriculture/settlement,7.238802433013916,0.9992383718490601,0.0,0.0004345640481915325,0.0,5,0,0,0.18625766038894653,4
16,task_6269bc5d-f293-461b-8953-06bf3b640053_point_11,spatial_split\task_6269bc5d-f293-461b-8953-06bf3b640053,0,2,1,woodland forest,1.4664874076843262,0.812088131904602,1.0,0.07695989310741425,0.0,2,1,0,0.19219589233398438,4
16,task_6269bc5d-f293-461b-8953-06bf3b640053_point_12,spatial_split\task_6269bc5d-f293-461b-8953-06bf3b640053,2,2,0,shrubland/savanna,4.035322189331055,0.9826005101203918,0.0,0.005765743553638458,0.0,2,0,0,0.23310261964797974,4
16,task_6269bc5d-f293-461b-8953-06bf3b640053_point_13,spatial_split\task_6269bc5d-f293-461b-8953-06bf3b640053,0,0,0,woodland forest,2.5858030319213867,0.9286912679672241,0.625,0.028236180543899536,0.0,5,1,1,0.20847991108894348,4
16,task_6269bc5d-f293-461b-8953-06bf3b640053_point_15,spatial_split\task_6269bc5d-f293-461b-8953-06bf3b640053,2,2,0,shrubland/savanna,8.906078338623047,0.9998602867126465,0.0,0.00011502661800477654,0.0,2,0,0,0.18019534647464752,4
16,task_6269bc5d-f293-461b-8953-06bf3b640053_point_16,spatial_split\task_6269bc5d-f293-461b-8953-06bf3b640053,5,5,0,agriculture/settlement,10.400694847106934,0.9999514818191528,0.0,7.025440572760999e-05,0.0,5,0,0,0.1930457204580307,4
16,task_6269bc5d-f293-461b-8953-06bf3b640053_point_17,spatial_split\task_6269bc5d-f293-461b-8953-06bf3b640053,0,2,1,woodland forest,3.3568525314331055,0.9662293195724487,0.125,0.0691036507487297,0.0,2,1,0,0.13866685330867767,4
16,task_6269bc5d-f293-461b-8953-06bf3b640053_point_24,spatial_split\task_6269bc5d-f293-461b-8953-06bf3b640053,5,5,0,agriculture/settlement,3.821263313293457,0.94011390209198,1.0,0.015773512423038483,0.0,5,0,0,0.2088935375213623,4
16,task_6269bc5d-f293-461b-8953-06bf3b640053_point_28,spatial_split\task_6269bc5d-f293-461b-8953-06bf3b640053,0,2,1,woodland forest,3.0742082595825195,0.9552446603775024,0.125,0.1307409256696701,0.0,2,1,0,0.17231974005699158,4
16,task_6269bc5d-f293-461b-8953-06bf3b640053_point_36,spatial_split\task_6269bc5d-f293-461b-8953-06bf3b640053,0,2,1,woodland forest,4.094376564025879,0.9834331274032593,0.125,0.033483102917671204,0.0,2,1,0,0.15134216845035553,4
16,task_6269bc5d-f293-461b-8953-06bf3b640053_point_37,spatial_split\task_6269bc5d-f293-461b-8953-06bf3b640053,5,5,0,agriculture/settlement,11.554963111877441,0.999982476234436,0.0,5.46968021808425e-06,0.0,5,0,0,0.2162340134382248,4
16,task_6269bc5d-f293-461b-8953-06bf3b640053_point_8,spatial_split\task_6269bc5d-f293-461b-8953-06bf3b640053,2,2,0,shrubland/savanna,3.5778539180755615,0.9643215537071228,0.0,0.05465645343065262,0.0,5,1,1,0.24808044731616974,4
16,task_6269bc5d-f293-461b-8953-06bf3b640053_point_9,spatial_split\task_6269bc5d-f293-461b-8953-06bf3b640053,0,0,0,woodland forest,7.645388603210449,0.9994258880615234,0.0,0.00012379305553622544,0.0,0,0,0,0.25146403908729553,4
16,task_6e7ff7f7-bde9-40f8-aa83-7dcd6793d6ee_point_11,spatial_split\task_6e7ff7f7-bde9-40f8-aa83-7dcd6793d6ee,5,5,0,agriculture/settlement,8.914172172546387,0.9998260140419006,0.0,0.00016179212252609432,0.0,5,0,0,0.24293722212314606,4
16,task_6e7ff7f7-bde9-40f8-aa83-7dcd6793d6ee_point_13,spatial_split\task_6e7ff7f7-bde9-40f8-aa83-7dcd6793d6ee,5,5,0,agriculture/settlement,6.754828453063965,0.9983336329460144,0.0,0.0012505602790042758,0.0,5,0,0,0.2779598832130432,4
16,task_6e7ff7f7-bde9-40f8-aa83-7dcd6793d6ee_point_16,spatial_split\task_6e7ff7f7-bde9-40f8-aa83-7dcd6793d6ee,5,5,0,agriculture/settlement,3.9209847450256348,0.9801295399665833,0.0,0.017488552257418633,0.0,5,0,0,0.20474481582641602,4
16,task_6e7ff7f7-bde9-40f8-aa83-7dcd6793d6ee_point_18,spatial_split\task_6e7ff7f7-bde9-40f8-aa83-7dcd6793d6ee,2,2,0,shrubland/savanna,8.948392868041992,0.9997542500495911,0.0,0.00017984486476052552,0.0,2,0,0,0.16450147330760956,4
16,task_6e7ff7f7-bde9-40f8-aa83-7dcd6793d6ee_point_20,spatial_split\task_6e7ff7f7-bde9-40f8-aa83-7dcd6793d6ee,2,2,0,shrubland/savanna,9.705020904541016,0.9999192953109741,0.0,2.062510247924365e-05,0.0,2,0,0,0.17735980451107025,4
16,task_6e7ff7f7-bde9-40f8-aa83-7dcd6793d6ee_point_21,spatial_split\task_6e7ff7f7-bde9-40f8-aa83-7dcd6793d6ee,8,8,0,urban/dense dev.,10.460991859436035,0.9999533891677856,0.25,1.764710214047227e-05,0.0,8,0,0,0.04611153155565262,4
16,task_6e7ff7f7-bde9-40f8-aa83-7dcd6793d6ee_point_24,spatial_split\task_6e7ff7f7-bde9-40f8-aa83-7dcd6793d6ee,5,5,0,agriculture/settlement,8.498859405517578,0.9997183680534363,0.0,5.6431734265061095e-05,0.0,5,0,0,0.2281075268983841,4
16,task_6e7ff7f7-bde9-40f8-aa83-7dcd6793d6ee_point_25,spatial_split\task_6e7ff7f7-bde9-40f8-aa83-7dcd6793d6ee,8,8,0,urban/dense dev.,10.433122634887695,0.9999659061431885,0.0,1.0109095455845818e-05,0.0,8,0,0,0.030965814366936684,4
16,task_6e7ff7f7-bde9-40f8-aa83-7dcd6793d6ee_point_35,spatial_split\task_6e7ff7f7-bde9-40f8-aa83-7dcd6793d6ee,2,2,0,shrubland/savanna,9.734148979187012,0.9999344348907471,0.0,1.990393502637744e-05,0.0,2,0,0,0.16429276764392853,4
16,task_6e7ff7f7-bde9-40f8-aa83-7dcd6793d6ee_point_4,spatial_split\task_6e7ff7f7-bde9-40f8-aa83-7dcd6793d6ee,8,8,0,urban/dense dev.,12.912385940551758,0.9999960660934448,0.125,4.380028997275076e-07,0.0,8,0,0,0.05331302061676979,4
16,task_6e7ff7f7-bde9-40f8-aa83-7dcd6793d6ee_point_48,spatial_split\task_6e7ff7f7-bde9-40f8-aa83-7dcd6793d6ee,5,5,0,agriculture/settlement,7.813159942626953,0.9995872378349304,0.0,0.00023124193830881268,0.0,5,0,0,0.18233564496040344,4
16,task_6e7ff7f7-bde9-40f8-aa83-7dcd6793d6ee_point_61,spatial_split\task_6e7ff7f7-bde9-40f8-aa83-7dcd6793d6ee,5,5,0,agriculture/settlement,10.405738830566406,0.9999653100967407,0.0,8.612200872448739e-06,0.0,5,0,0,0.21547484397888184,4
16,task_6e7ff7f7-bde9-40f8-aa83-7dcd6793d6ee_point_64,spatial_split\task_6e7ff7f7-bde9-40f8-aa83-7dcd6793d6ee,2,0,1,shrubland/savanna,4.122410774230957,0.9840114712715149,0.625,0.017716336995363235,0.0,0,1,0,0.22669866681098938,4
16,task_6e7ff7f7-bde9-40f8-aa83-7dcd6793d6ee_point_68,spatial_split\task_6e7ff7f7-bde9-40f8-aa83-7dcd6793d6ee,5,5,0,agriculture/settlement,5.638299942016602,0.9962707757949829,0.0,0.006497419439256191,0.0,5,0,0,0.20803233981132507,4
16,task_6e7ff7f7-bde9-40f8-aa83-7dcd6793d6ee_point_9,spatial_split\task_6e7ff7f7-bde9-40f8-aa83-7dcd6793d6ee,5,5,0,agriculture/settlement,10.327284812927246,0.9999396800994873,0.0,1.8139211533707567e-05,0.0,5,0,0,0.2040880024433136,4
16,task_7406e0d9-0f50-4e96-afaa-4a1f1f71cbf4_point_2,spatial_split\task_7406e0d9-0f50-4e96-afaa-4a1f1f71cbf4,2,2,0,shrubland/savanna,9.79687213897705,0.999941349029541,0.0,6.900019070599228e-05,0.0,2,0,0,0.21743148565292358,4
16,task_7406e0d9-0f50-4e96-afaa-4a1f1f71cbf4_point_8,spatial_split\task_7406e0d9-0f50-4e96-afaa-4a1f1f71cbf4,4,2,1,grassland/barren,1.158125877380371,0.760496199131012,0.625,0.05376344546675682,0.0,2,1,0,0.13343633711338043,4
16,task_a68e5146-dd9b-4002-b4da-1d8f40a3ceb5_point_1,spatial_split\task_a68e5146-dd9b-4002-b4da-1d8f40a3ceb5,8,8,0,urban/dense dev.,2.271998882293701,0.8179100155830383,0.625,0.050641220062971115,0.0,5,1,1,0.15314756333827972,4
16,task_be5974fd-8d3b-4aaa-97f7-8e9f2779c8c4_point_11,spatial_split\task_be5974fd-8d3b-4aaa-97f7-8e9f2779c8c4,3,3,0,herbaceous wetland,4.675314903259277,0.9906469583511353,0.0,0.015006479807198048,0.0,3,0,0,0.18756763637065887,4
16,task_be5974fd-8d3b-4aaa-97f7-8e9f2779c8c4_point_12,spatial_split\task_be5974fd-8d3b-4aaa-97f7-8e9f2779c8c4,2,2,0,shrubland/savanna,0.6344928741455078,0.6534230709075928,0.25,0.27671441435813904,0.75,2,0,0,0.19856280088424683,4
16,task_be5974fd-8d3b-4aaa-97f7-8e9f2779c8c4_point_15,spatial_split\task_be5974fd-8d3b-4aaa-97f7-8e9f2779c8c4,4,4,0,grassland/barren,12.112011909484863,0.9999934434890747,0.0,1.5960249584168196e-06,0.0,4,0,0,0.07130954414606094,4
16,task_be5974fd-8d3b-4aaa-97f7-8e9f2779c8c4_point_20,spatial_split\task_be5974fd-8d3b-4aaa-97f7-8e9f2779c8c4,4,4,0,grassland/barren,11.82874870300293,0.9999923706054688,0.0,1.3017851188124041e-06,0.0,4,0,0,0.17088191211223602,4
16,task_be5974fd-8d3b-4aaa-97f7-8e9f2779c8c4_point_23,spatial_split\task_be5974fd-8d3b-4aaa-97f7-8e9f2779c8c4,0,0,0,woodland forest,7.735734462738037,0.999221682548523,0.0,0.0002365869440836832,0.0,0,0,0,0.22130665183067322,4
16,task_be5974fd-8d3b-4aaa-97f7-8e9f2779c8c4_point_25,spatial_split\task_be5974fd-8d3b-4aaa-97f7-8e9f2779c8c4,1,1,0,open water,9.281316757202148,0.9998119473457336,0.0,1.4566843674401753e-05,0.0,1,0,0,0.1566624492406845,4
16,task_be5974fd-8d3b-4aaa-97f7-8e9f2779c8c4_point_29,spatial_split\task_be5974fd-8d3b-4aaa-97f7-8e9f2779c8c4,3,3,0,herbaceous wetland,13.394369125366211,0.9999958276748657,0.0,4.842304406338371e-07,0.0,3,0,0,0.1915292888879776,4
16,task_be5974fd-8d3b-4aaa-97f7-8e9f2779c8c4_point_30,spatial_split\task_be5974fd-8d3b-4aaa-97f7-8e9f2779c8c4,4,4,0,grassland/barren,7.0937886238098145,0.9986883997917175,0.0,0.00033815769711509347,0.0,4,0,0,0.02924436330795288,4
16,task_be5974fd-8d3b-4aaa-97f7-8e9f2779c8c4_point_37,spatial_split\task_be5974fd-8d3b-4aaa-97f7-8e9f2779c8c4,4,4,0,grassland/barren,2.952620506286621,0.9502534866333008,0.125,0.02033025585114956,0.0,2,1,1,0.17225448787212372,4
16,task_be5974fd-8d3b-4aaa-97f7-8e9f2779c8c4_point_43,spatial_split\task_be5974fd-8d3b-4aaa-97f7-8e9f2779c8c4,2,2,0,shrubland/savanna,6.234063625335693,0.9980212450027466,0.125,0.0008894928032532334,0.0,2,0,0,0.10932432860136032,4
16,task_be5974fd-8d3b-4aaa-97f7-8e9f2779c8c4_point_44,spatial_split\task_be5974fd-8d3b-4aaa-97f7-8e9f2779c8c4,4,4,0,grassland/barren,10.17417049407959,0.9999175071716309,0.0,1.836780757002998e-05,0.0,4,0,0,0.055035945028066635,4
16,task_be5974fd-8d3b-4aaa-97f7-8e9f2779c8c4_point_46,spatial_split\task_be5974fd-8d3b-4aaa-97f7-8e9f2779c8c4,4,4,0,grassland/barren,12.556777954101562,0.9999954700469971,0.0,2.8429603844415396e-06,0.0,4,0,0,0.16504064202308655,4
16,task_be5974fd-8d3b-4aaa-97f7-8e9f2779c8c4_point_53,spatial_split\task_be5974fd-8d3b-4aaa-97f7-8e9f2779c8c4,1,1,0,open water,8.963054656982422,0.9997527003288269,0.0,1.5124083802220412e-05,0.0,1,0,0,0.15183182060718536,4
16,task_c1e4cc1c-523d-4b31-bef8-7204bfc9ccbd_point_101,spatial_split\task_c1e4cc1c-523d-4b31-bef8-7204bfc9ccbd,2,2,0,shrubland/savanna,4.236164093017578,0.9857372045516968,0.25,0.005620898678898811,0.0,2,0,0,0.17854052782058716,4
16,task_c1e4cc1c-523d-4b31-bef8-7204bfc9ccbd_point_103,spatial_split\task_c1e4cc1c-523d-4b31-bef8-7204bfc9ccbd,5,5,0,agriculture/settlement,3.535614490509033,0.9712158441543579,0.625,0.011517442762851715,0.0,5,0,0,0.16183732450008392,4
16,task_c1e4cc1c-523d-4b31-bef8-7204bfc9ccbd_point_105,spatial_split\task_c1e4cc1c-523d-4b31-bef8-7204bfc9ccbd,2,2,0,shrubland/savanna,9.34628963470459,0.999911904335022,0.0,0.00035298039438202977,0.0,2,0,0,0.22029981017112732,4
16,task_c1e4cc1c-523d-4b31-bef8-7204bfc9ccbd_point_106,spatial_split\task_c1e4cc1c-523d-4b31-bef8-7204bfc9ccbd,3,4,1,herbaceous wetland,1.5549240112304688,0.8241508603096008,0.125,0.06701350212097168,0.0,4,1,0,0.221685990691185,4
16,task_c1e4cc1c-523d-4b31-bef8-7204bfc9ccbd_point_12,spatial_split\task_c1e4cc1c-523d-4b31-bef8-7204bfc9ccbd,5,5,0,agriculture/settlement,5.286298751831055,0.994835615158081,0.0,0.32860973477363586,0.25,5,0,0,0.0682603195309639,4
16,task_c1e4cc1c-523d-4b31-bef8-7204bfc9ccbd_point_13,spatial_split\task_c1e4cc1c-523d-4b31-bef8-7204bfc9ccbd,5,5,0,agriculture/settlement,8.16310977935791,0.9995354413986206,0.125,0.0005009306478314102,0.0,5,0,0,0.26764053106307983,4
16,task_c1e4cc1c-523d-4b31-bef8-7204bfc9ccbd_point_15,spatial_split\task_c1e4cc1c-523d-4b31-bef8-7204bfc9ccbd,2,2,0,shrubland/savanna,7.279653549194336,0.999303936958313,0.125,0.0003704612026922405,0.0,2,0,0,0.18924415111541748,4
16,task_c1e4cc1c-523d-4b31-bef8-7204bfc9ccbd_point_36,spatial_split\task_c1e4cc1c-523d-4b31-bef8-7204bfc9ccbd,5,5,0,agriculture/settlement,6.979268550872803,0.999015212059021,0.125,0.0009515670244581997,0.0,5,0,0,0.2340756058692932,4
16,task_c1e4cc1c-523d-4b31-bef8-7204bfc9ccbd_point_4,spatial_split\task_c1e4cc1c-523d-4b31-bef8-7204bfc9ccbd,4,4,0,grassland/barren,8.405874252319336,0.9997560381889343,0.375,0.00018782373808789998,0.0,5,1,1,0.15112411975860596,4
16,task_c1e4cc1c-523d-4b31-bef8-7204bfc9ccbd_point_41,spatial_split\task_c1e4cc1c-523d-4b31-bef8-7204bfc9ccbd,2,2,0,shrubland/savanna,8.91950511932373,0.9998620748519897,0.0,4.288039417588152e-05,0.0,2,0,0,0.11268294602632523,4
16,task_c1e4cc1c-523d-4b31-bef8-7204bfc9ccbd_point_48,spatial_split\task_c1e4cc1c-523d-4b31-bef8-7204bfc9ccbd,5,4,1,agriculture/settlement,0.9295320510864258,0.7169151306152344,0.5,0.07823695242404938,0.0,5,0,1,0.19446972012519836,4
16,task_c1e4cc1c-523d-4b31-bef8-7204bfc9ccbd_point_49,spatial_split\task_c1e4cc1c-523d-4b31-bef8-7204bfc9ccbd,2,2,0,shrubland/savanna,4.802847385406494,0.9918558597564697,0.0,0.002890594769269228,0.0,2,0,0,0.22567790746688843,4
16,task_c1e4cc1c-523d-4b31-bef8-7204bfc9ccbd_point_50,spatial_split\task_c1e4cc1c-523d-4b31-bef8-7204bfc9ccbd,4,4,0,grassland/barren,3.148083448410034,0.9572051167488098,0.0,0.023029660806059837,0.0,5,1,1,0.1450829654932022,4
16,task_c1e4cc1c-523d-4b31-bef8-7204bfc9ccbd_point_51,spatial_split\task_c1e4cc1c-523d-4b31-bef8-7204bfc9ccbd,3,4,1,herbaceous wetland,2.2993578910827637,0.8381094932556152,0.0,0.05898251757025719,0.0,5,1,1,0.22944889962673187,4
16,task_c1e4cc1c-523d-4b31-bef8-7204bfc9ccbd_point_65,spatial_split\task_c1e4cc1c-523d-4b31-bef8-7204bfc9ccbd,4,4,0,grassland/barren,8.37251091003418,0.9994381070137024,0.0,7.971539889695123e-05,0.0,5,1,1,0.14900410175323486,4
16,task_c1e4cc1c-523d-4b31-bef8-7204bfc9ccbd_point_7,spatial_split\task_c1e4cc1c-523d-4b31-bef8-7204bfc9ccbd,2,2,0,shrubland/savanna,7.551102638244629,0.9994723200798035,0.0,0.0006194508750922978,0.0,2,0,0,0.20015674829483032,4
16,task_c1e4cc1c-523d-4b31-bef8-7204bfc9ccbd_point_70,spatial_split\task_c1e4cc1c-523d-4b31-bef8-7204bfc9ccbd,2,2,0,shrubland/savanna,9.495691299438477,0.9998867511749268,0.125,1.6106825569295324e-05,0.0,2,0,0,0.17380405962467194,4
16,task_c1e4cc1c-523d-4b31-bef8-7204bfc9ccbd_point_80,spatial_split\task_c1e4cc1c-523d-4b31-bef8-7204bfc9ccbd,5,5,0,agriculture/settlement,11.075447082519531,0.999967098236084,0.0,6.231720908544958e-05,0.0,5,0,0,0.27502530813217163,4
16,task_c1e4cc1c-523d-4b31-bef8-7204bfc9ccbd_point_84,spatial_split\task_c1e4cc1c-523d-4b31-bef8-7204bfc9ccbd,5,5,0,agriculture/settlement,9.859640121459961,0.9999361038208008,0.0,2.2366757548297755e-05,0.0,5,0,0,0.19267064332962036,4
16,task_c1e4cc1c-523d-4b31-bef8-7204bfc9ccbd_point_86,spatial_split\task_c1e4cc1c-523d-4b31-bef8-7204bfc9ccbd,2,2,0,shrubland/savanna,11.742230415344238,0.9999898672103882,0.0,4.271204034012044e-06,0.0,2,0,0,0.12160356342792511,4
16,task_c1e4cc1c-523d-4b31-bef8-7204bfc9ccbd_point_88,spatial_split\task_c1e4cc1c-523d-4b31-bef8-7204bfc9ccbd,2,2,0,shrubland/savanna,8.726539611816406,0.9998364448547363,0.0,0.00010444977669976652,0.0,2,0,0,0.1751152127981186,4
16,task_c1e4cc1c-523d-4b31-bef8-7204bfc9ccbd_point_92,spatial_split\task_c1e4cc1c-523d-4b31-bef8-7204bfc9ccbd,2,2,0,shrubland/savanna,9.140810012817383,0.9998867511749268,0.0,0.0008484720601700246,0.0,4,1,1,0.15205582976341248,4
16,task_c1e4cc1c-523d-4b31-bef8-7204bfc9ccbd_point_94,spatial_split\task_c1e4cc1c-523d-4b31-bef8-7204bfc9ccbd,2,2,0,shrubland/savanna,13.660594940185547,0.999997615814209,0.0,6.13667396009987e-07,0.0,2,0,0,0.12108568847179413,4
16,task_c1e4cc1c-523d-4b31-bef8-7204bfc9ccbd_point_95,spatial_split\task_c1e4cc1c-523d-4b31-bef8-7204bfc9ccbd,5,4,1,agriculture/settlement,1.9530177116394043,0.8546559810638428,0.0,0.16444775462150574,0.0,5,0,1,0.13483920693397522,4
16,task_c2fe80b4-ecb1-46df-b417-9a8b1804c7b0_point_1,spatial_split\task_c2fe80b4-ecb1-46df-b417-9a8b1804c7b0,2,2,0,shrubland/savanna,11.811546325683594,0.9999914169311523,0.0,2.3107852484827163e-06,0.0,2,0,0,0.19780968129634857,4
16,task_c2fe80b4-ecb1-46df-b417-9a8b1804c7b0_point_13,spatial_split\task_c2fe80b4-ecb1-46df-b417-9a8b1804c7b0,5,5,0,agriculture/settlement,3.8992362022399902,0.9798278212547302,0.0,0.005830476991832256,0.0,5,0,0,0.27557337284088135,4
16,task_c2fe80b4-ecb1-46df-b417-9a8b1804c7b0_point_16,spatial_split\task_c2fe80b4-ecb1-46df-b417-9a8b1804c7b0,2,2,0,shrubland/savanna,12.36512565612793,0.9999947547912598,0.0,1.6093254089355469e-06,0.0,2,0,0,0.19121727347373962,4
16,task_c2fe80b4-ecb1-46df-b417-9a8b1804c7b0_point_23,spatial_split\task_c2fe80b4-ecb1-46df-b417-9a8b1804c7b0,6,6,0,montane forest,1.4781832695007324,0.8132256269454956,0.0,0.022922804579138756,0.0,6,0,0,0.29842138290405273,4
16,task_c2fe80b4-ecb1-46df-b417-9a8b1804c7b0_point_28,spatial_split\task_c2fe80b4-ecb1-46df-b417-9a8b1804c7b0,2,2,0,shrubland/savanna,7.900238990783691,0.9996286630630493,0.0,0.00039229553658515215,0.0,2,0,0,0.13367494940757751,4
16,task_c2fe80b4-ecb1-46df-b417-9a8b1804c7b0_point_30,spatial_split\task_c2fe80b4-ecb1-46df-b417-9a8b1804c7b0,2,2,0,shrubland/savanna,9.606914520263672,0.9999315738677979,0.0,5.642862743115984e-05,0.0,2,0,0,0.2459743767976761,4
16,task_c2fe80b4-ecb1-46df-b417-9a8b1804c7b0_point_32,spatial_split\task_c2fe80b4-ecb1-46df-b417-9a8b1804c7b0,3,2,1,herbaceous wetland,2.3772008419036865,0.8923777937889099,0.0,0.17189134657382965,0.0,2,1,0,0.22034499049186707,4
16,task_c2fe80b4-ecb1-46df-b417-9a8b1804c7b0_point_33,spatial_split\task_c2fe80b4-ecb1-46df-b417-9a8b1804c7b0,2,2,0,shrubland/savanna,5.014350414276123,0.993350088596344,0.125,0.019119424745440483,0.0,2,0,0,0.20483791828155518,4
16,task_c2fe80b4-ecb1-46df-b417-9a8b1804c7b0_point_4,spatial_split\task_c2fe80b4-ecb1-46df-b417-9a8b1804c7b0,2,2,0,shrubland/savanna,1.3472533226013184,0.7576218843460083,0.0,0.0853055790066719,0.0,5,1,1,0.19117194414138794,4
16,task_c2fe80b4-ecb1-46df-b417-9a8b1804c7b0_point_8,spatial_split\task_c2fe80b4-ecb1-46df-b417-9a8b1804c7b0,2,2,0,shrubland/savanna,10.738706588745117,0.9999643564224243,0.0,4.31080479756929e-05,0.0,2,0,0,0.12446955591440201,4
16,task_ce646fb4-34d2-45d1-9829-32af50624c18_point_18,spatial_split\task_ce646fb4-34d2-45d1-9829-32af50624c18,1,1,0,open water,11.419629096984863,0.9999637603759766,0.0,1.7448999187763548e-06,0.0,1,0,0,0.09379589557647705,4
16,task_ce646fb4-34d2-45d1-9829-32af50624c18_point_19,spatial_split\task_ce646fb4-34d2-45d1-9829-32af50624c18,1,1,0,open water,12.014789581298828,0.9999784231185913,0.0,4.676591288443888e-06,0.0,1,0,0,0.2972014248371124,4
16,task_ce646fb4-34d2-45d1-9829-32af50624c18_point_25,spatial_split\task_ce646fb4-34d2-45d1-9829-32af50624c18,1,1,0,open water,11.78860855102539,0.9999769926071167,0.0,1.211309495374735e-06,0.0,1,0,0,0.2906365692615509,4
16,task_ce646fb4-34d2-45d1-9829-32af50624c18_point_26,spatial_split\task_ce646fb4-34d2-45d1-9829-32af50624c18,1,1,0,open water,9.67584228515625,0.9998289346694946,0.0,4.399104363983497e-05,0.0,1,0,0,0.12125398218631744,4
16,task_ce646fb4-34d2-45d1-9829-32af50624c18_point_5,spatial_split\task_ce646fb4-34d2-45d1-9829-32af50624c18,1,1,0,open water,11.171758651733398,0.9999630451202393,0.0,3.1279662380256923e-06,0.0,1,0,0,0.2844788134098053,4
16,task_ce646fb4-34d2-45d1-9829-32af50624c18_point_8,spatial_split\task_ce646fb4-34d2-45d1-9829-32af50624c18,1,1,0,open water,11.283001899719238,0.9999631643295288,0.0,2.012484401348047e-06,0.0,1,0,0,0.12026385962963104,4
16,task_d4c8256d-4632-48b6-bbc1-744c2e2a7f44_point_17,spatial_split\task_d4c8256d-4632-48b6-bbc1-744c2e2a7f44,0,0,0,woodland forest,6.903975009918213,0.9989742040634155,0.375,0.0007032938883639872,0.0,0,0,0,0.21131710708141327,4
16,task_d4c8256d-4632-48b6-bbc1-744c2e2a7f44_point_18,spatial_split\task_d4c8256d-4632-48b6-bbc1-744c2e2a7f44,2,2,0,shrubland/savanna,10.74057388305664,0.9999759197235107,0.0,5.593634796241531e-06,0.0,2,0,0,0.14940162003040314,4
16,task_d4c8256d-4632-48b6-bbc1-744c2e2a7f44_point_2,spatial_split\task_d4c8256d-4632-48b6-bbc1-744c2e2a7f44,0,0,0,woodland forest,2.4100289344787598,0.9175111651420593,0.0,0.04828457534313202,0.0,6,1,1,0.23748169839382172,4
16,task_d4c8256d-4632-48b6-bbc1-744c2e2a7f44_point_24,spatial_split\task_d4c8256d-4632-48b6-bbc1-744c2e2a7f44,2,2,0,shrubland/savanna,8.934293746948242,0.9998672008514404,0.0,0.11915729939937592,0.0,2,0,0,0.2223920226097107,4
16,task_d4c8256d-4632-48b6-bbc1-744c2e2a7f44_point_30,spatial_split\task_d4c8256d-4632-48b6-bbc1-744c2e2a7f44,0,0,0,woodland forest,7.050510406494141,0.9988179802894592,0.0,0.0004329720977693796,0.0,0,0,0,0.1939922571182251,4
16,task_d4c8256d-4632-48b6-bbc1-744c2e2a7f44_point_34,spatial_split\task_d4c8256d-4632-48b6-bbc1-744c2e2a7f44,2,2,0,shrubland/savanna,10.0133638381958,0.9999475479125977,0.0,1.5999712559278123e-05,0.0,2,0,0,0.1572733223438263,4
16,task_d4c8256d-4632-48b6-bbc1-744c2e2a7f44_point_4,spatial_split\task_d4c8256d-4632-48b6-bbc1-744c2e2a7f44,0,0,0,woodland forest,4.960666656494141,0.99272620677948,0.5,0.0029452871531248093,0.0,0,0,0,0.1789661943912506,4
16,task_d4c8256d-4632-48b6-bbc1-744c2e2a7f44_point_42,spatial_split\task_d4c8256d-4632-48b6-bbc1-744c2e2a7f44,0,0,0,woodland forest,4.969620704650879,0.9902331829071045,0.0,0.007760628126561642,0.0,0,0,0,0.17707695066928864,4
16,task_d4c8256d-4632-48b6-bbc1-744c2e2a7f44_point_53,spatial_split\task_d4c8256d-4632-48b6-bbc1-744c2e2a7f44,0,0,0,woodland forest,6.57476806640625,0.9985793828964233,0.0,0.0004935538163408637,0.0,0,0,0,0.2121153473854065,4
16,task_d4c8256d-4632-48b6-bbc1-744c2e2a7f44_point_58,spatial_split\task_d4c8256d-4632-48b6-bbc1-744c2e2a7f44,0,0,0,woodland forest,5.713118553161621,0.9966705441474915,0.0,0.004042468965053558,0.0,0,0,0,0.22878456115722656,4
16,task_d4c8256d-4632-48b6-bbc1-744c2e2a7f44_point_59,spatial_split\task_d4c8256d-4632-48b6-bbc1-744c2e2a7f44,2,2,0,shrubland/savanna,6.779139518737793,0.9988632202148438,0.0,0.00036645939690060914,0.0,2,0,0,0.13905498385429382,4
16,task_d4c8256d-4632-48b6-bbc1-744c2e2a7f44_point_64,spatial_split\task_d4c8256d-4632-48b6-bbc1-744c2e2a7f44,0,0,0,woodland forest,6.054222583770752,0.9970819354057312,0.25,0.01125451922416687,0.0,0,0,0,0.20896244049072266,4
16,task_d4c8256d-4632-48b6-bbc1-744c2e2a7f44_point_66,spatial_split\task_d4c8256d-4632-48b6-bbc1-744c2e2a7f44,0,0,0,woodland forest,7.245207786560059,0.9991023540496826,0.0,0.0002109697088599205,0.0,0,0,0,0.26127520203590393,4
16,task_d4c8256d-4632-48b6-bbc1-744c2e2a7f44_point_7,spatial_split\task_d4c8256d-4632-48b6-bbc1-744c2e2a7f44,4,4,0,grassland/barren,0.32225894927978516,0.5798709392547607,0.5,0.05901551619172096,0.0,4,0,0,0.04731152951717377,4
16,task_d4c8256d-4632-48b6-bbc1-744c2e2a7f44_point_70,spatial_split\task_d4c8256d-4632-48b6-bbc1-744c2e2a7f44,4,4,0,grassland/barren,10.048439025878906,0.9999560117721558,0.0,8.253345731645823e-05,0.0,4,0,0,0.12438684701919556,4
16,task_d4c8256d-4632-48b6-bbc1-744c2e2a7f44_point_73,spatial_split\task_d4c8256d-4632-48b6-bbc1-744c2e2a7f44,2,2,0,shrubland/savanna,11.190386772155762,0.9999812841415405,0.0,0.0001735761616146192,0.0,2,0,0,0.1660529375076294,4
16,task_d4c8256d-4632-48b6-bbc1-744c2e2a7f44_point_74,spatial_split\task_d4c8256d-4632-48b6-bbc1-744c2e2a7f44,2,2,0,shrubland/savanna,9.5303316116333,0.9998672008514404,0.0,4.254272789694369e-05,0.0,2,0,0,0.1644035279750824,4
16,task_d4c8256d-4632-48b6-bbc1-744c2e2a7f44_point_80,spatial_split\task_d4c8256d-4632-48b6-bbc1-744c2e2a7f44,4,4,0,grassland/barren,2.733621597290039,0.9389613270759583,0.125,0.03852936252951622,0.0,2,1,1,0.06021371856331825,4
16,task_d4c8256d-4632-48b6-bbc1-744c2e2a7f44_point_81,spatial_split\task_d4c8256d-4632-48b6-bbc1-744c2e2a7f44,2,2,0,shrubland/savanna,2.5917797088623047,0.929190993309021,0.125,0.02133677527308464,0.0,0,1,1,0.16020995378494263,4
16,task_d4c8256d-4632-48b6-bbc1-744c2e2a7f44_point_85,spatial_split\task_d4c8256d-4632-48b6-bbc1-744c2e2a7f44,0,2,1,woodland forest,5.720804214477539,0.995589017868042,0.0,0.01133660413324833,0.0,2,1,0,0.12794989347457886,4
16,task_d4c8256d-4632-48b6-bbc1-744c2e2a7f44_point_88,spatial_split\task_d4c8256d-4632-48b6-bbc1-744c2e2a7f44,4,4,0,grassland/barren,6.478998184204102,0.9984594583511353,0.125,0.00022179423831403255,0.0,4,0,0,0.05236833170056343,4
16,task_d4c8256d-4632-48b6-bbc1-744c2e2a7f44_point_9,spatial_split\task_d4c8256d-4632-48b6-bbc1-744c2e2a7f44,2,2,0,shrubland/savanna,6.368712425231934,0.9982879757881165,0.0,0.00043588943663053215,0.0,2,0,0,0.12685726583003998,4
16,task_d4c8256d-4632-48b6-bbc1-744c2e2a7f44_point_90,spatial_split\task_d4c8256d-4632-48b6-bbc1-744c2e2a7f44,0,0,0,woodland forest,7.6298065185546875,0.9994970560073853,0.0,0.0003879453579429537,0.0,0,0,0,0.21718212962150574,4
16,task_d4c8256d-4632-48b6-bbc1-744c2e2a7f44_point_92,spatial_split\task_d4c8256d-4632-48b6-bbc1-744c2e2a7f44,0,0,0,woodland forest,6.223229885101318,0.9976553916931152,0.0,0.00011748255928978324,0.0,0,0,0,0.2718356251716614,4
16,task_d4c8256d-4632-48b6-bbc1-744c2e2a7f44_point_95,spatial_split\task_d4c8256d-4632-48b6-bbc1-744c2e2a7f44,2,2,0,shrubland/savanna,12.932219505310059,0.9999945163726807,0.0,5.809542358292674e-07,0.0,2,0,0,0.22372709214687347,4
16,task_d7e1febf-3c18-4074-8cc4-399bc2762421_point_31,spatial_split\task_d7e1febf-3c18-4074-8cc4-399bc2762421,2,2,0,shrubland/savanna,11.707098007202148,0.9999836683273315,0.0,3.0710336432093754e-05,0.0,2,0,0,0.1267290711402893,4
16,task_d7e1febf-3c18-4074-8cc4-399bc2762421_point_5,spatial_split\task_d7e1febf-3c18-4074-8cc4-399bc2762421,2,2,0,shrubland/savanna,4.186430931091309,0.9850171804428101,0.0,0.010902294889092445,0.0,2,0,0,0.12491216510534286,4
16,task_d7e1febf-3c18-4074-8cc4-399bc2762421_point_6,spatial_split\task_d7e1febf-3c18-4074-8cc4-399bc2762421,4,4,0,grassland/barren,9.381152153015137,0.9999104738235474,0.0,2.103402221109718e-05,0.0,4,0,0,0.07077314704656601,4
16,task_d7e1febf-3c18-4074-8cc4-399bc2762421_point_8,spatial_split\task_d7e1febf-3c18-4074-8cc4-399bc2762421,4,4,0,grassland/barren,7.263721466064453,0.9988081455230713,0.0,0.00010914858285104856,0.0,4,0,0,0.12448637187480927,4
16,task_dd115912-0e85-4035-82a2-73a21abf0bac_point_0,spatial_split\task_dd115912-0e85-4035-82a2-73a21abf0bac,2,0,1,shrubland/savanna,2.1894278526306152,0.8959519267082214,0.625,0.08836021274328232,0.0,2,0,1,0.1360679715871811,4
16,task_dd115912-0e85-4035-82a2-73a21abf0bac_point_10,spatial_split\task_dd115912-0e85-4035-82a2-73a21abf0bac,2,2,0,shrubland/savanna,4.923956871032715,0.9925258159637451,0.0,0.002905158558860421,0.0,4,1,1,0.060592588037252426,4
16,task_dd115912-0e85-4035-82a2-73a21abf0bac_point_13,spatial_split\task_dd115912-0e85-4035-82a2-73a21abf0bac,2,2,0,shrubland/savanna,7.8696160316467285,0.9994699358940125,0.125,0.0006724990671500564,0.0,2,0,0,0.11664154380559921,4
16,task_dd115912-0e85-4035-82a2-73a21abf0bac_point_14,spatial_split\task_dd115912-0e85-4035-82a2-73a21abf0bac,1,1,0,open water,9.701180458068848,0.9997747540473938,0.0,5.306152615958126e-06,0.0,1,0,0,0.13486507534980774,4
16,task_dd115912-0e85-4035-82a2-73a21abf0bac_point_17,spatial_split\task_dd115912-0e85-4035-82a2-73a21abf0bac,0,0,0,woodland forest,3.5499496459960938,0.9676836729049683,0.75,0.012013792991638184,0.0,0,0,0,0.19637557864189148,4
16,task_dd115912-0e85-4035-82a2-73a21abf0bac_point_2,spatial_split\task_dd115912-0e85-4035-82a2-73a21abf0bac,2,2,0,shrubland/savanna,7.930778503417969,0.9994982481002808,0.0,0.00015502219321206212,0.0,6,1,1,0.13393539190292358,4
16,task_dd115912-0e85-4035-82a2-73a21abf0bac_point_21,spatial_split\task_dd115912-0e85-4035-82a2-73a21abf0bac,0,0,0,woodland forest,0.4441251754760742,0.606009840965271,0.375,0.07075513154268265,0.0,0,0,0,0.25725680589675903,4
16,task_dd115912-0e85-4035-82a2-73a21abf0bac_point_22,spatial_split\task_dd115912-0e85-4035-82a2-73a21abf0bac,0,0,0,woodland forest,2.642801284790039,0.932637095451355,0.125,0.013440195471048355,0.0,0,0,0,0.2577210068702698,4
16,task_dd115912-0e85-4035-82a2-73a21abf0bac_point_25,spatial_split\task_dd115912-0e85-4035-82a2-73a21abf0bac,2,2,0,shrubland/savanna,6.4228515625,0.996953010559082,0.0,0.0008502394775860012,0.0,4,1,1,0.16992387175559998,4
16,task_dd115912-0e85-4035-82a2-73a21abf0bac_point_3,spatial_split\task_dd115912-0e85-4035-82a2-73a21abf0bac,0,0,0,woodland forest,1.0542397499084473,0.731695830821991,0.5,0.10104203969240189,0.0,6,1,1,0.2255384474992752,4
16,task_dd115912-0e85-4035-82a2-73a21abf0bac_point_30,spatial_split\task_dd115912-0e85-4035-82a2-73a21abf0bac,6,6,0,montane forest,3.8714799880981445,0.9784785509109497,0.0,0.03342857584357262,0.0,6,0,0,0.2643488347530365,4
16,task_dd115912-0e85-4035-82a2-73a21abf0bac_point_39,spatial_split\task_dd115912-0e85-4035-82a2-73a21abf0bac,0,2,1,woodland forest,3.0029497146606445,0.9399940967559814,0.0,0.08132895082235336,0.0,0,0,1,0.24092833697795868,4
16,task_dd115912-0e85-4035-82a2-73a21abf0bac_point_40,spatial_split\task_dd115912-0e85-4035-82a2-73a21abf0bac,1,1,0,open water,8.608436584472656,0.999784529209137,0.0,1.2188093023723923e-05,0.0,1,0,0,0.020559968426823616,4
16,task_dd115912-0e85-4035-82a2-73a21abf0bac_point_41,spatial_split\task_dd115912-0e85-4035-82a2-73a21abf0bac,0,0,0,woodland forest,9.041504859924316,0.9997084736824036,0.375,5.111848804517649e-05,0.0,0,0,0,0.21093273162841797,4
16,task_dd115912-0e85-4035-82a2-73a21abf0bac_point_45,spatial_split\task_dd115912-0e85-4035-82a2-73a21abf0bac,4,2,1,grassland/barren,3.4022059440612793,0.9677477478981018,0.125,0.009736845269799232,0.0,2,1,0,0.12091224640607834,4
16,task_dd115912-0e85-4035-82a2-73a21abf0bac_point_48,spatial_split\task_dd115912-0e85-4035-82a2-73a21abf0bac,2,2,0,shrubland/savanna,7.581250190734863,0.9994072914123535,0.125,0.00041218948899768293,0.0,2,0,0,0.11450900882482529,4
16,task_dd115912-0e85-4035-82a2-73a21abf0bac_point_50,spatial_split\task_dd115912-0e85-4035-82a2-73a21abf0bac,2,2,0,shrubland/savanna,6.398744583129883,0.9975773692131042,0.0,0.0008341724751517177,0.0,2,0,0,0.15737488865852356,4
16,task_dd115912-0e85-4035-82a2-73a21abf0bac_point_55,spatial_split\task_dd115912-0e85-4035-82a2-73a21abf0bac,0,0,0,woodland forest,0.9070920944213867,0.7049152255058289,0.25,0.10474802553653717,0.0,0,0,0,0.2490793764591217,4
16,task_dd115912-0e85-4035-82a2-73a21abf0bac_point_57,spatial_split\task_dd115912-0e85-4035-82a2-73a21abf0bac,0,6,1,woodland forest,1.6060271263122559,0.8257647752761841,0.625,0.0433972142636776,0.0,0,0,1,0.21678699553012848,4
16,task_dd115912-0e85-4035-82a2-73a21abf0bac_point_60,spatial_split\task_dd115912-0e85-4035-82a2-73a21abf0bac,0,0,0,woodland forest,0.017323970794677734,0.5041491985321045,0.625,0.1862279772758484,0.25,2,1,1,0.16255901753902435,4
16,task_dd115912-0e85-4035-82a2-73a21abf0bac_point_62,spatial_split\task_dd115912-0e85-4035-82a2-73a21abf0bac,0,0,0,woodland forest,2.3104872703552246,0.9070031046867371,0.25,0.2277931421995163,0.25,2,1,1,0.1748279482126236,4
16,task_dd115912-0e85-4035-82a2-73a21abf0bac_point_63,spatial_split\task_dd115912-0e85-4035-82a2-73a21abf0bac,2,2,0,shrubland/savanna,7.788210868835449,0.9995511174201965,0.0,8.819350478006527e-05,0.0,2,0,0,0.1592128425836563,4
16,task_e318aeda-1e00-46bd-8cc6-031db2328f51_point_14,spatial_split\task_e318aeda-1e00-46bd-8cc6-031db2328f51,4,4,0,grassland/barren,12.685471534729004,0.9999957084655762,0.0,3.5847126582666533e-06,0.0,4,0,0,0.12954546511173248,4
16,task_e318aeda-1e00-46bd-8cc6-031db2328f51_point_15,spatial_split\task_e318aeda-1e00-46bd-8cc6-031db2328f51,2,2,0,shrubland/savanna,2.9965648651123047,0.9521589279174805,0.125,0.23355644941329956,0.25,0,1,1,0.17542250454425812,4
16,task_e318aeda-1e00-46bd-8cc6-031db2328f51_point_22,spatial_split\task_e318aeda-1e00-46bd-8cc6-031db2328f51,6,6,0,montane forest,7.580265998840332,0.9993621706962585,0.0,7.505470421165228e-05,0.0,6,0,0,0.3326316773891449,4
16,task_e318aeda-1e00-46bd-8cc6-031db2328f51_point_27,spatial_split\task_e318aeda-1e00-46bd-8cc6-031db2328f51,6,6,0,montane forest,7.373960494995117,0.9992320537567139,0.0,0.0001347275683656335,0.0,6,0,0,0.33800071477890015,4
16,task_e318aeda-1e00-46bd-8cc6-031db2328f51_point_3,spatial_split\task_e318aeda-1e00-46bd-8cc6-031db2328f51,4,4,0,grassland/barren,8.599701881408691,0.999810516834259,0.25,0.0009376198868267238,0.0,4,0,0,0.16916783154010773,4
16,task_e318aeda-1e00-46bd-8cc6-031db2328f51_point_31,spatial_split\task_e318aeda-1e00-46bd-8cc6-031db2328f51,6,6,0,montane forest,9.986592292785645,0.9998997449874878,0.0,9.715199848869815e-05,0.0,6,0,0,0.32822903990745544,4
16,task_e318aeda-1e00-46bd-8cc6-031db2328f51_point_39,spatial_split\task_e318aeda-1e00-46bd-8cc6-031db2328f51,6,6,0,montane forest,8.774580955505371,0.999675989151001,0.0,2.3202921511256136e-05,0.0,6,0,0,0.2763292193412781,4
16,task_e318aeda-1e00-46bd-8cc6-031db2328f51_point_40,spatial_split\task_e318aeda-1e00-46bd-8cc6-031db2328f51,2,2,0,shrubland/savanna,4.346757411956787,0.9871386885643005,0.0,0.003362456103786826,0.0,2,0,0,0.18549636006355286,4
16,task_e318aeda-1e00-46bd-8cc6-031db2328f51_point_6,spatial_split\task_e318aeda-1e00-46bd-8cc6-031db2328f51,4,4,0,grassland/barren,5.406259059906006,0.9954636693000793,0.0,0.0009389573242515326,0.0,4,0,0,0.177789568901062,4
16,task_e318aeda-1e00-46bd-8cc6-031db2328f51_point_8,spatial_split\task_e318aeda-1e00-46bd-8cc6-031db2328f51,7,7,0,lava forest,7.467920303344727,0.9993768334388733,0.0,0.00011843216634588316,0.0,7,0,0,0.1836910843849182,4
16,task_e5ce4657-b0e3-4126-89cc-ded23616f48e_point_11,spatial_split\task_e5ce4657-b0e3-4126-89cc-ded23616f48e,5,5,0,agriculture/settlement,12.250505447387695,0.999992847442627,0.0,9.415458407602273e-06,0.0,5,0,0,0.14314579963684082,4
16,task_e5ce4657-b0e3-4126-89cc-ded23616f48e_point_17,spatial_split\task_e5ce4657-b0e3-4126-89cc-ded23616f48e,4,4,0,grassland/barren,8.752099990844727,0.9998353719711304,0.0,0.0002414596383459866,0.0,4,0,0,0.06895430386066437,4
16,task_e5ce4657-b0e3-4126-89cc-ded23616f48e_point_23,spatial_split\task_e5ce4657-b0e3-4126-89cc-ded23616f48e,2,2,0,shrubland/savanna,11.014657974243164,0.9999784231185913,0.0,1.0845752512977924e-05,0.0,2,0,0,0.15582741796970367,4
16,task_e5ce4657-b0e3-4126-89cc-ded23616f48e_point_40,spatial_split\task_e5ce4657-b0e3-4126-89cc-ded23616f48e,2,2,0,shrubland/savanna,7.479564666748047,0.9993370175361633,0.125,0.000279756000963971,0.0,2,0,0,0.16217543184757233,4
16,task_e665b4ff-778e-4255-9b0c-aa89a0e7eed0_point_10,spatial_split\task_e665b4ff-778e-4255-9b0c-aa89a0e7eed0,2,2,0,shrubland/savanna,5.141323089599609,0.994065523147583,0.125,0.00240272656083107,0.0,2,0,0,0.11465708166360855,4
16,task_e665b4ff-778e-4255-9b0c-aa89a0e7eed0_point_11,spatial_split\task_e665b4ff-778e-4255-9b0c-aa89a0e7eed0,2,2,0,shrubland/savanna,9.154850959777832,0.9998459815979004,0.0,4.557963984552771e-05,0.0,2,0,0,0.0828082337975502,4
16,task_e665b4ff-778e-4255-9b0c-aa89a0e7eed0_point_22,spatial_split\task_e665b4ff-778e-4255-9b0c-aa89a0e7eed0,0,0,0,woodland forest,5.86773681640625,0.9971234202384949,0.25,0.014218336902558804,0.0,0,0,0,0.1198854148387909,4
16,task_e665b4ff-778e-4255-9b0c-aa89a0e7eed0_point_23,spatial_split\task_e665b4ff-778e-4255-9b0c-aa89a0e7eed0,2,2,0,shrubland/savanna,7.378276824951172,0.9993695616722107,0.0,0.0004727231280412525,0.0,2,0,0,0.19160492718219757,4
16,task_e665b4ff-778e-4255-9b0c-aa89a0e7eed0_point_26,spatial_split\task_e665b4ff-778e-4255-9b0c-aa89a0e7eed0,2,4,1,shrubland/savanna,1.9206366539001465,0.8717967867851257,1.0,0.12313884496688843,0.0,2,0,1,0.060716960579156876,4
16,task_e665b4ff-778e-4255-9b0c-aa89a0e7eed0_point_27,spatial_split\task_e665b4ff-778e-4255-9b0c-aa89a0e7eed0,2,2,0,shrubland/savanna,7.162431716918945,0.9989219903945923,0.0,0.00030346191488206387,0.0,2,0,0,0.20826980471611023,4
16,task_e665b4ff-778e-4255-9b0c-aa89a0e7eed0_point_29,spatial_split\task_e665b4ff-778e-4255-9b0c-aa89a0e7eed0,0,0,0,woodland forest,4.6839423179626465,0.9907868504524231,0.25,0.0037558935582637787,0.0,0,0,0,0.21436214447021484,4
16,task_e665b4ff-778e-4255-9b0c-aa89a0e7eed0_point_30,spatial_split\task_e665b4ff-778e-4255-9b0c-aa89a0e7eed0,4,4,0,grassland/barren,7.342031478881836,0.9993060827255249,0.0,0.0002458094386383891,0.0,4,0,0,0.10445262491703033,4
16,task_e665b4ff-778e-4255-9b0c-aa89a0e7eed0_point_34,spatial_split\task_e665b4ff-778e-4255-9b0c-aa89a0e7eed0,2,2,0,shrubland/savanna,11.454745292663574,0.9999779462814331,0.0,1.5411806089105085e-05,0.0,2,0,0,0.09029968082904816,4
16,task_e665b4ff-778e-4255-9b0c-aa89a0e7eed0_point_35,spatial_split\task_e665b4ff-778e-4255-9b0c-aa89a0e7eed0,4,4,0,grassland/barren,10.166044235229492,0.9999593496322632,0.0,1.1717430425051134e-05,0.0,4,0,0,0.1896951049566269,4
16,task_e665b4ff-778e-4255-9b0c-aa89a0e7eed0_point_39,spatial_split\task_e665b4ff-778e-4255-9b0c-aa89a0e7eed0,2,2,0,shrubland/savanna,7.367742538452148,0.9993675351142883,0.0,0.000230256438953802,0.0,2,0,0,0.1484280675649643,4
16,task_e665b4ff-778e-4255-9b0c-aa89a0e7eed0_point_43,spatial_split\task_e665b4ff-778e-4255-9b0c-aa89a0e7eed0,4,4,0,grassland/barren,8.145325660705566,0.9996618032455444,0.0,0.0002151313965441659,0.0,4,0,0,0.17680837213993073,4
16,task_e665b4ff-778e-4255-9b0c-aa89a0e7eed0_point_44,spatial_split\task_e665b4ff-778e-4255-9b0c-aa89a0e7eed0,0,0,0,woodland forest,1.8423752784729004,0.8631101250648499,0.375,0.2165602296590805,0.5,2,1,1,0.15774133801460266,4
16,task_e665b4ff-778e-4255-9b0c-aa89a0e7eed0_point_45,spatial_split\task_e665b4ff-778e-4255-9b0c-aa89a0e7eed0,4,4,0,grassland/barren,0.8492560386657715,0.6994156837463379,0.375,0.3031799793243408,0.5,4,0,0,0.08818342536687851,4
16,task_e665b4ff-778e-4255-9b0c-aa89a0e7eed0_point_5,spatial_split\task_e665b4ff-778e-4255-9b0c-aa89a0e7eed0,4,4,0,grassland/barren,1.4089884757995605,0.803075909614563,0.375,0.08094197511672974,0.0,4,0,0,0.14591671526432037,4
16,task_e8e257cf-6745-4563-8cf9-9e6d3b8eef5c_point_16,spatial_split\task_e8e257cf-6745-4563-8cf9-9e6d3b8eef5c,8,8,0,urban/dense dev.,13.208178520202637,0.9999959468841553,0.0,7.656355478502519e-07,0.0,8,0,0,0.039986465126276016,4
16,task_e8e257cf-6745-4563-8cf9-9e6d3b8eef5c_point_19,spatial_split\task_e8e257cf-6745-4563-8cf9-9e6d3b8eef5c,4,4,0,grassland/barren,9.77596664428711,0.9999393224716187,0.0,3.0547191272489727e-05,0.0,4,0,0,0.17587564885616302,4
16,task_e8e257cf-6745-4563-8cf9-9e6d3b8eef5c_point_21,spatial_split\task_e8e257cf-6745-4563-8cf9-9e6d3b8eef5c,4,2,1,grassland/barren,6.011822700500488,0.9974898099899292,0.0,0.0008999839192256331,0.0,2,1,0,0.18921826779842377,4
16,task_e8e257cf-6745-4563-8cf9-9e6d3b8eef5c_point_25,spatial_split\task_e8e257cf-6745-4563-8cf9-9e6d3b8eef5c,2,2,0,shrubland/savanna,3.783993721008301,0.9777535200119019,1.0,0.06493252515792847,0.0,2,0,0,0.17604774236679077,4
16,task_e8e257cf-6745-4563-8cf9-9e6d3b8eef5c_point_33,spatial_split\task_e8e257cf-6745-4563-8cf9-9e6d3b8eef5c,5,5,0,agriculture/settlement,11.629026412963867,0.9999810457229614,0.125,2.5864569579425734e-06,0.0,5,0,0,0.23817738890647888,4
16,task_e8e257cf-6745-4563-8cf9-9e6d3b8eef5c_point_37,spatial_split\task_e8e257cf-6745-4563-8cf9-9e6d3b8eef5c,8,8,0,urban/dense dev.,11.264189720153809,0.9999704360961914,0.0,0.0001146074864664115,0.0,8,0,0,0.07656476646661758,4
16,task_e8e257cf-6745-4563-8cf9-9e6d3b8eef5c_point_38,spatial_split\task_e8e257cf-6745-4563-8cf9-9e6d3b8eef5c,5,5,0,agriculture/settlement,8.083931922912598,0.9994707703590393,0.125,0.00012219868949614465,0.0,5,0,0,0.2481626719236374,4
16,task_e8e257cf-6745-4563-8cf9-9e6d3b8eef5c_point_52,spatial_split\task_e8e257cf-6745-4563-8cf9-9e6d3b8eef5c,8,8,0,urban/dense dev.,5.689216613769531,0.9952729344367981,0.125,0.008265338838100433,0.0,5,1,1,0.1377832442522049,4
16,task_e8e257cf-6745-4563-8cf9-9e6d3b8eef5c_point_8,spatial_split\task_e8e257cf-6745-4563-8cf9-9e6d3b8eef5c,8,8,0,urban/dense dev.,8.025623321533203,0.999526858329773,0.25,0.00019734358647838235,0.0,8,0,0,0.13387618958950043,4
16,task_f1f0753e-b731-439c-b799-47b5ece62fa4_point_1,spatial_split\task_f1f0753e-b731-439c-b799-47b5ece62fa4,4,4,0,grassland/barren,2.1594300270080566,0.8964600563049316,0.0,0.0354403480887413,0.0,4,0,0,0.1529161036014557,4
16,task_f1f0753e-b731-439c-b799-47b5ece62fa4_point_10,spatial_split\task_f1f0753e-b731-439c-b799-47b5ece62fa4,5,5,0,agriculture/settlement,6.463408470153809,0.997938334941864,0.0,0.0035777578596025705,0.0,5,0,0,0.059280917048454285,4
16,task_f1f0753e-b731-439c-b799-47b5ece62fa4_point_13,spatial_split\task_f1f0753e-b731-439c-b799-47b5ece62fa4,5,5,0,agriculture/settlement,2.0073556900024414,0.8814675807952881,0.375,0.04338269308209419,0.0,5,0,0,0.13972072303295135,4
16,task_f1f0753e-b731-439c-b799-47b5ece62fa4_point_18,spatial_split\task_f1f0753e-b731-439c-b799-47b5ece62fa4,4,4,0,grassland/barren,8.728269577026367,0.9998307228088379,0.125,3.020556141564157e-05,0.0,4,0,0,0.14160744845867157,4
16,task_f1f0753e-b731-439c-b799-47b5ece62fa4_point_27,spatial_split\task_f1f0753e-b731-439c-b799-47b5ece62fa4,5,5,0,agriculture/settlement,8.348705291748047,0.9996813535690308,0.0,0.0009140471811406314,0.0,5,0,0,0.2604818344116211,4
16,task_f1f0753e-b731-439c-b799-47b5ece62fa4_point_37,spatial_split\task_f1f0753e-b731-439c-b799-47b5ece62fa4,5,5,0,agriculture/settlement,8.799897193908691,0.9998167157173157,0.375,3.463108077994548e-05,0.0,5,0,0,0.17733876407146454,4
16,task_fcb73770-53a9-42b0-97f8-fb00e65420b6_point_14,spatial_split\task_fcb73770-53a9-42b0-97f8-fb00e65420b6,5,5,0,agriculture/settlement,11.12342643737793,0.9999638795852661,0.0,4.338055532571161e-06,0.0,5,0,0,0.1486835926771164,4
16,task_fcb73770-53a9-42b0-97f8-fb00e65420b6_point_17,spatial_split\task_fcb73770-53a9-42b0-97f8-fb00e65420b6,2,2,0,shrubland/savanna,4.633086204528809,0.9902166128158569,0.0,0.011688007973134518,0.0,5,1,1,0.22247932851314545,4
16,task_fcb73770-53a9-42b0-97f8-fb00e65420b6_point_6,spatial_split\task_fcb73770-53a9-42b0-97f8-fb00e65420b6,5,5,0,agriculture/settlement,11.54228687286377,0.9999778270721436,0.0,4.5818101170880254e-06,0.0,5,0,0,0.20806585252285004,4
32,task_055ad16b-3997-460b-a185-a9a68239f82e_point_10,spatial_split\task_055ad16b-3997-460b-a185-a9a68239f82e,2,4,1,shrubland/savanna,0.04883098602294922,0.40547266602516174,0.625,0.06393127143383026,0.0,4,1,0,0.27178746461868286,8
32,task_055ad16b-3997-460b-a185-a9a68239f82e_point_12,spatial_split\task_055ad16b-3997-460b-a185-a9a68239f82e,0,0,0,woodland forest,0.7407803535461426,0.6768465638160706,0.875,0.12733308970928192,0.0,2,1,1,0.22212357819080353,8
32,task_055ad16b-3997-460b-a185-a9a68239f82e_point_19,spatial_split\task_055ad16b-3997-460b-a185-a9a68239f82e,0,0,0,woodland forest,7.706103324890137,0.9995384216308594,0.5,0.000177264359081164,0.0,0,0,0,0.27968600392341614,8
32,task_055ad16b-3997-460b-a185-a9a68239f82e_point_2,spatial_split\task_055ad16b-3997-460b-a185-a9a68239f82e,5,5,0,agriculture/settlement,10.3186616897583,0.9999470710754395,0.0,9.625181519368198e-06,0.0,5,0,0,0.21281585097312927,8
32,task_055ad16b-3997-460b-a185-a9a68239f82e_point_20,spatial_split\task_055ad16b-3997-460b-a185-a9a68239f82e,2,2,0,shrubland/savanna,9.962298393249512,0.9999171495437622,0.0,1.089412489818642e-05,0.0,2,0,0,0.1856621950864792,8
32,task_055ad16b-3997-460b-a185-a9a68239f82e_point_21,spatial_split\task_055ad16b-3997-460b-a185-a9a68239f82e,4,4,0,grassland/barren,1.1855807304382324,0.7614519596099854,0.125,0.03712890297174454,0.0,4,0,0,0.15547697246074677,8
32,task_055ad16b-3997-460b-a185-a9a68239f82e_point_23,spatial_split\task_055ad16b-3997-460b-a185-a9a68239f82e,2,2,0,shrubland/savanna,4.510316848754883,0.9879036545753479,0.0,0.0039010897744446993,0.0,2,0,0,0.194465771317482,8
32,task_055ad16b-3997-460b-a185-a9a68239f82e_point_26,spatial_split\task_055ad16b-3997-460b-a185-a9a68239f82e,8,8,0,urban/dense dev.,14.405936241149902,0.9999986886978149,0.0,2.230201658903752e-07,0.0,8,0,0,0.09321276843547821,8
32,task_055ad16b-3997-460b-a185-a9a68239f82e_point_28,spatial_split\task_055ad16b-3997-460b-a185-a9a68239f82e,2,2,0,shrubland/savanna,4.598202705383301,0.9899387359619141,0.0,0.004432823043316603,0.0,2,0,0,0.22865454852581024,8
32,task_055ad16b-3997-460b-a185-a9a68239f82e_point_29,spatial_split\task_055ad16b-3997-460b-a185-a9a68239f82e,0,0,0,woodland forest,13.028302192687988,0.9999935626983643,0.0,7.02728414125886e-07,0.0,0,0,0,0.26769548654556274,8
32,task_055ad16b-3997-460b-a185-a9a68239f82e_point_3,spatial_split\task_055ad16b-3997-460b-a185-a9a68239f82e,0,0,0,woodland forest,12.507448196411133,0.9999921321868896,0.0,1.0202671774095506e-06,0.0,0,0,0,0.2667176425457001,8
32,task_055ad16b-3997-460b-a185-a9a68239f82e_point_6,spatial_split\task_055ad16b-3997-460b-a185-a9a68239f82e,0,0,0,woodland forest,0.8404994010925293,0.6985023617744446,0.375,0.14731988310813904,0.5,2,1,1,0.2469857782125473,8
32,task_055ad16b-3997-460b-a185-a9a68239f82e_point_8,spatial_split\task_055ad16b-3997-460b-a185-a9a68239f82e,4,2,1,grassland/barren,2.4504971504211426,0.9109090566635132,0.0,0.02161121368408203,0.0,4,0,1,0.1292259395122528,8
32,task_17f1e062-6db2-427b-ae38-87a6d575731f_point_10,spatial_split\task_17f1e062-6db2-427b-ae38-87a6d575731f,2,2,0,shrubland/savanna,12.22435474395752,0.9999932050704956,0.0,5.243854047876084e-06,0.0,2,0,0,0.1485913097858429,8
32,task_17f1e062-6db2-427b-ae38-87a6d575731f_point_22,spatial_split\task_17f1e062-6db2-427b-ae38-87a6d575731f,4,4,0,grassland/barren,10.692368507385254,0.999975323677063,0.0,4.841937425226206e-06,0.0,4,0,0,0.13676699995994568,8
32,task_17f1e062-6db2-427b-ae38-87a6d575731f_point_23,spatial_split\task_17f1e062-6db2-427b-ae38-87a6d575731f,5,5,0,agriculture/settlement,5.82388973236084,0.996982753276825,0.125,0.0012447264743968844,0.0,5,0,0,0.1976190060377121,8
32,task_17f1e062-6db2-427b-ae38-87a6d575731f_point_29,spatial_split\task_17f1e062-6db2-427b-ae38-87a6d575731f,2,2,0,shrubland/savanna,11.018933296203613,0.999982476234436,0.125,3.452956207183888e-06,0.0,2,0,0,0.1774938404560089,8
32,task_17f1e062-6db2-427b-ae38-87a6d575731f_point_30,spatial_split\task_17f1e062-6db2-427b-ae38-87a6d575731f,5,5,0,agriculture/settlement,9.164532661437988,0.9998924732208252,0.0,1.5699348296038806e-05,0.0,5,0,0,0.19797074794769287,8
32,task_17f1e062-6db2-427b-ae38-87a6d575731f_point_33,spatial_split\task_17f1e062-6db2-427b-ae38-87a6d575731f,5,5,0,agriculture/settlement,6.73638916015625,0.9988025426864624,0.0,0.00046149251284077764,0.0,5,0,0,0.23307755589485168,8
32,task_17f1e062-6db2-427b-ae38-87a6d575731f_point_35,spatial_split\task_17f1e062-6db2-427b-ae38-87a6d575731f,2,2,0,shrubland/savanna,5.6132097244262695,0.9963549375534058,0.25,0.0012853412190452218,0.0,2,0,0,0.19842053949832916,8
32,task_17f1e062-6db2-427b-ae38-87a6d575731f_point_39,spatial_split\task_17f1e062-6db2-427b-ae38-87a6d575731f,4,4,0,grassland/barren,9.10908031463623,0.99986732006073,0.0,1.7457345165894367e-05,0.0,4,0,0,0.10277460515499115,8
32,task_17f1e062-6db2-427b-ae38-87a6d575731f_point_40,spatial_split\task_17f1e062-6db2-427b-ae38-87a6d575731f,5,4,1,agriculture/settlement,0.43450212478637695,0.6068746447563171,0.625,0.03716392070055008,0.0,5,0,1,0.25741538405418396,8
32,task_17f1e062-6db2-427b-ae38-87a6d575731f_point_45,spatial_split\task_17f1e062-6db2-427b-ae38-87a6d575731f,5,5,0,agriculture/settlement,10.330741882324219,0.9999464750289917,0.0,1.178258844447555e-05,0.0,5,0,0,0.28345996141433716,8
32,task_17f1e062-6db2-427b-ae38-87a6d575731f_point_47,spatial_split\task_17f1e062-6db2-427b-ae38-87a6d575731f,4,4,0,grassland/barren,4.718358516693115,0.9910992980003357,0.0,0.002765015233308077,0.0,4,0,0,0.25616246461868286,8
32,task_17f1e062-6db2-427b-ae38-87a6d575731f_point_48,spatial_split\task_17f1e062-6db2-427b-ae38-87a6d575731f,2,2,0,shrubland/savanna,8.189854621887207,0.9997134804725647,0.0,6.403828592738137e-05,0.0,2,0,0,0.2006271779537201,8
32,task_17f1e062-6db2-427b-ae38-87a6d575731f_point_8,spatial_split\task_17f1e062-6db2-427b-ae38-87a6d575731f,2,2,0,shrubland/savanna,11.071967124938965,0.9999798536300659,0.0,1.1104554687335622e-05,0.0,2,0,0,0.20028409361839294,8
32,task_17f1e062-6db2-427b-ae38-87a6d575731f_point_9,spatial_split\task_17f1e062-6db2-427b-ae38-87a6d575731f,5,5,0,agriculture/settlement,1.4258551597595215,0.8062020540237427,0.25,0.11630459874868393,0.0,5,0,0,0.2637048661708832,8
32,task_1a29e215-eb34-46cd-bd56-981abce579e7_point_0,spatial_split\task_1a29e215-eb34-46cd-bd56-981abce579e7,8,8,0,urban/dense dev.,11.757096290588379,0.9999908208847046,0.0,4.6426625885942485e-06,0.0,8,0,0,0.042123302817344666,8
32,task_1a29e215-eb34-46cd-bd56-981abce579e7_point_10,spatial_split\task_1a29e215-eb34-46cd-bd56-981abce579e7,6,5,1,montane forest,8.6948881149292,0.9998226761817932,0.0,9.894534741761163e-05,0.0,5,1,0,0.12486100941896439,8
32,task_1a29e215-eb34-46cd-bd56-981abce579e7_point_11,spatial_split\task_1a29e215-eb34-46cd-bd56-981abce579e7,8,8,0,urban/dense dev.,3.846170425415039,0.978580117225647,0.125,0.008830353617668152,0.0,8,0,0,0.043829843401908875,8
32,task_1a29e215-eb34-46cd-bd56-981abce579e7_point_13,spatial_split\task_1a29e215-eb34-46cd-bd56-981abce579e7,8,8,0,urban/dense dev.,8.816947937011719,0.9998304843902588,0.25,6.0800506616942585e-05,0.0,8,0,0,0.09154757857322693,8
32,task_1a29e215-eb34-46cd-bd56-981abce579e7_point_16,spatial_split\task_1a29e215-eb34-46cd-bd56-981abce579e7,8,8,0,urban/dense dev.,10.22012996673584,0.9999356269836426,0.0,9.23983461689204e-05,0.0,8,0,0,0.03606082499027252,8
32,task_1a29e215-eb34-46cd-bd56-981abce579e7_point_17,spatial_split\task_1a29e215-eb34-46cd-bd56-981abce579e7,8,8,0,urban/dense dev.,11.739275932312012,0.9999886751174927,0.125,3.713709020303213e-06,0.0,8,0,0,0.0482412651181221,8
32,task_1a29e215-eb34-46cd-bd56-981abce579e7_point_18,spatial_split\task_1a29e215-eb34-46cd-bd56-981abce579e7,8,8,0,urban/dense dev.,12.777291297912598,0.9999961853027344,0.125,1.2811532315026852e-06,0.0,8,0,0,0.020639987662434578,8
32,task_1a29e215-eb34-46cd-bd56-981abce579e7_point_2,spatial_split\task_1a29e215-eb34-46cd-bd56-981abce579e7,8,8,0,urban/dense dev.,8.513671875,0.9997938275337219,0.0,0.00020838780619669706,0.0,8,0,0,0.013491697609424591,8
32,task_1a29e215-eb34-46cd-bd56-981abce579e7_point_22,spatial_split\task_1a29e215-eb34-46cd-bd56-981abce579e7,8,8,0,urban/dense dev.,2.111734628677368,0.8500054478645325,0.5,0.07927775382995605,0.0,5,1,1,0.08305061608552933,8
32,task_1a29e215-eb34-46cd-bd56-981abce579e7_point_26,spatial_split\task_1a29e215-eb34-46cd-bd56-981abce579e7,1,0,1,open water,0.335953950881958,0.37803107500076294,0.875,0.047696370631456375,0.0,1,0,1,0.3192663788795471,8
32,task_1a29e215-eb34-46cd-bd56-981abce579e7_point_28,spatial_split\task_1a29e215-eb34-46cd-bd56-981abce579e7,8,8,0,urban/dense dev.,10.933496475219727,0.9999622106552124,0.0,1.4607516277465038e-05,0.0,8,0,0,0.02904420532286167,8
32,task_1a29e215-eb34-46cd-bd56-981abce579e7_point_3,spatial_split\task_1a29e215-eb34-46cd-bd56-981abce579e7,8,8,0,urban/dense dev.,13.050694465637207,0.9999909400939941,0.25,3.5333039249962894e-06,0.0,8,0,0,0.08040248602628708,8
32,task_1a29e215-eb34-46cd-bd56-981abce579e7_point_4,spatial_split\task_1a29e215-eb34-46cd-bd56-981abce579e7,8,8,0,urban/dense dev.,12.02376651763916,0.9999837875366211,0.125,4.985100986232283e-06,0.0,8,0,0,0.07473205029964447,8
32,task_1a29e215-eb34-46cd-bd56-981abce579e7_point_7,spatial_split\task_1a29e215-eb34-46cd-bd56-981abce579e7,6,5,1,montane forest,9.354907035827637,0.999848484992981,0.0,2.555816354288254e-05,0.0,5,1,0,0.1344444304704666,8
32,task_20546e37-3fce-46aa-9aa0-54ce34cad031_point_17,spatial_split\task_20546e37-3fce-46aa-9aa0-54ce34cad031,4,4,0,grassland/barren,10.388224601745605,0.9999328851699829,0.0,1.693495869403705e-05,0.0,4,0,0,0.10571359843015671,8
32,task_20546e37-3fce-46aa-9aa0-54ce34cad031_point_21,spatial_split\task_20546e37-3fce-46aa-9aa0-54ce34cad031,4,2,1,grassland/barren,1.1370940208435059,0.7484731674194336,0.25,0.07563897967338562,0.0,3,1,1,0.12341374158859253,8
32,task_20546e37-3fce-46aa-9aa0-54ce34cad031_point_3,spatial_split\task_20546e37-3fce-46aa-9aa0-54ce34cad031,4,2,1,grassland/barren,4.844437599182129,0.991569459438324,0.0,0.010229788720607758,0.0,3,1,1,0.14705082774162292,8
32,task_20546e37-3fce-46aa-9aa0-54ce34cad031_point_30,spatial_split\task_20546e37-3fce-46aa-9aa0-54ce34cad031,4,4,0,grassland/barren,12.744699478149414,0.9999960660934448,0.0,1.0185245855609537e-06,0.0,4,0,0,0.0570802167057991,8
32,task_20546e37-3fce-46aa-9aa0-54ce34cad031_point_8,spatial_split\task_20546e37-3fce-46aa-9aa0-54ce34cad031,0,2,1,woodland forest,0.3131561279296875,0.5772649049758911,0.375,0.060069531202316284,0.25,0,0,1,0.06874050945043564,8
32,task_21f02234-a1c8-48f4-8c31-a80fab5dce97_point_11,spatial_split\task_21f02234-a1c8-48f4-8c31-a80fab5dce97,4,4,0,grassland/barren,11.195196151733398,0.9999566078186035,0.0,3.1291019695345312e-06,0.0,4,0,0,0.0715584009885788,8
32,task_21f02234-a1c8-48f4-8c31-a80fab5dce97_point_19,spatial_split\task_21f02234-a1c8-48f4-8c31-a80fab5dce97,4,4,0,grassland/barren,8.888703346252441,0.9997655749320984,0.0,3.457907951087691e-05,0.0,4,0,0,0.0547102615237236,8
32,task_21f02234-a1c8-48f4-8c31-a80fab5dce97_point_2,spatial_split\task_21f02234-a1c8-48f4-8c31-a80fab5dce97,2,0,1,shrubland/savanna,0.8819642066955566,0.6953506469726562,0.5,0.1062488853931427,0.0,0,1,0,0.23471558094024658,8
32,task_21f02234-a1c8-48f4-8c31-a80fab5dce97_point_3,spatial_split\task_21f02234-a1c8-48f4-8c31-a80fab5dce97,4,4,0,grassland/barren,10.082343101501465,0.9999412298202515,0.0,1.3237196981208399e-05,0.0,4,0,0,0.029557395726442337,8
32,task_25c1929a-d8f4-4181-a070-acd40487e7bf_point_11,spatial_split\task_25c1929a-d8f4-4181-a070-acd40487e7bf,5,5,0,agriculture/settlement,12.458354949951172,0.9999902248382568,0.0,3.157330502290279e-05,0.0,5,0,0,0.23993322253227234,8
32,task_25c1929a-d8f4-4181-a070-acd40487e7bf_point_14,spatial_split\task_25c1929a-d8f4-4181-a070-acd40487e7bf,5,5,0,agriculture/settlement,6.32697057723999,0.9974120259284973,0.0,0.006821474526077509,0.0,4,1,1,0.08901416510343552,8
32,task_25c1929a-d8f4-4181-a070-acd40487e7bf_point_19,spatial_split\task_25c1929a-d8f4-4181-a070-acd40487e7bf,5,2,1,agriculture/settlement,5.1625261306762695,0.9941813349723816,0.0,0.006424985826015472,0.0,2,1,0,0.11545693129301071,8
32,task_25c1929a-d8f4-4181-a070-acd40487e7bf_point_2,spatial_split\task_25c1929a-d8f4-4181-a070-acd40487e7bf,5,5,0,agriculture/settlement,12.458995819091797,0.9999945163726807,0.0,1.1071070957768825e-06,0.0,5,0,0,0.22081099450588226,8
32,task_25c1929a-d8f4-4181-a070-acd40487e7bf_point_32,spatial_split\task_25c1929a-d8f4-4181-a070-acd40487e7bf,5,5,0,agriculture/settlement,3.790950298309326,0.9777686595916748,0.0,0.0067910971119999886,0.0,5,0,0,0.1950790286064148,8
32,task_25c1929a-d8f4-4181-a070-acd40487e7bf_point_41,spatial_split\task_25c1929a-d8f4-4181-a070-acd40487e7bf,5,5,0,agriculture/settlement,10.403632164001465,0.9999480247497559,0.0,1.1509099749673624e-05,0.0,5,0,0,0.19440287351608276,8
32,task_25c1929a-d8f4-4181-a070-acd40487e7bf_point_8,spatial_split\task_25c1929a-d8f4-4181-a070-acd40487e7bf,4,4,0,grassland/barren,4.754982948303223,0.990696907043457,0.125,0.007241161074489355,0.0,4,0,0,0.2392200082540512,8
32,task_2b0bcdc8-eaa6-40a8-b939-6f9049d4e9df_point_14,spatial_split\task_2b0bcdc8-eaa6-40a8-b939-6f9049d4e9df,2,2,0,shrubland/savanna,12.218368530273438,0.9999938011169434,0.0,8.128989748001914e-07,0.0,2,0,0,0.21890634298324585,8
32,task_2b0bcdc8-eaa6-40a8-b939-6f9049d4e9df_point_20,spatial_split\task_2b0bcdc8-eaa6-40a8-b939-6f9049d4e9df,5,5,0,agriculture/settlement,4.951038360595703,0.9893862009048462,0.0,0.006900669075548649,0.0,8,1,1,0.13305319845676422,8
32,task_2b0bcdc8-eaa6-40a8-b939-6f9049d4e9df_point_6,spatial_split\task_2b0bcdc8-eaa6-40a8-b939-6f9049d4e9df,2,2,0,shrubland/savanna,12.063262939453125,0.9999908208847046,0.0,2.0997422325308435e-06,0.0,2,0,0,0.1840008795261383,8
32,task_2b0bcdc8-eaa6-40a8-b939-6f9049d4e9df_point_7,spatial_split\task_2b0bcdc8-eaa6-40a8-b939-6f9049d4e9df,2,2,0,shrubland/savanna,8.48519515991211,0.9997894167900085,0.0,8.289200923172757e-05,0.0,2,0,0,0.18862934410572052,8
32,task_2b0bcdc8-eaa6-40a8-b939-6f9049d4e9df_point_8,spatial_split\task_2b0bcdc8-eaa6-40a8-b939-6f9049d4e9df,2,2,0,shrubland/savanna,12.624391555786133,0.9999963045120239,0.0,9.176018238576944e-07,0.0,2,0,0,0.21683748066425323,8
32,task_2cfe9626-32ec-4f11-8747-d23e3437676d_point_0,spatial_split\task_2cfe9626-32ec-4f11-8747-d23e3437676d,4,4,0,grassland/barren,0.05018472671508789,0.5122793316841125,0.375,0.12653754651546478,0.25,4,0,0,0.10065146535634995,8
32,task_2cfe9626-32ec-4f11-8747-d23e3437676d_point_11,spatial_split\task_2cfe9626-32ec-4f11-8747-d23e3437676d,5,5,0,agriculture/settlement,11.029019355773926,0.9999637603759766,0.0,9.104694981942885e-06,0.0,5,0,0,0.2344488799571991,8
32,task_2cfe9626-32ec-4f11-8747-d23e3437676d_point_18,spatial_split\task_2cfe9626-32ec-4f11-8747-d23e3437676d,4,4,0,grassland/barren,12.46163558959961,0.9999915361404419,0.125,2.5816450488491682e-06,0.0,4,0,0,0.060460254549980164,8
32,task_2cfe9626-32ec-4f11-8747-d23e3437676d_point_19,spatial_split\task_2cfe9626-32ec-4f11-8747-d23e3437676d,2,2,0,shrubland/savanna,10.482427597045898,0.9999572038650513,0.0,1.3541278349293862e-05,0.0,2,0,0,0.13922841846942902,8
32,task_2cfe9626-32ec-4f11-8747-d23e3437676d_point_2,spatial_split\task_2cfe9626-32ec-4f11-8747-d23e3437676d,0,0,0,woodland forest,1.911008358001709,0.8708603978157043,0.625,0.05223841965198517,0.0,0,0,0,0.1864176243543625,8
32,task_2cfe9626-32ec-4f11-8747-d23e3437676d_point_20,spatial_split\task_2cfe9626-32ec-4f11-8747-d23e3437676d,2,2,0,shrubland/savanna,10.729860305786133,0.9999691247940063,0.0,7.661457857466303e-06,0.0,2,0,0,0.17419932782649994,8
32,task_2cfe9626-32ec-4f11-8747-d23e3437676d_point_22,spatial_split\task_2cfe9626-32ec-4f11-8747-d23e3437676d,2,2,0,shrubland/savanna,12.726876258850098,0.9999939203262329,0.0,4.61695606190915e-07,0.0,2,0,0,0.16940274834632874,8
32,task_2cfe9626-32ec-4f11-8747-d23e3437676d_point_23,spatial_split\task_2cfe9626-32ec-4f11-8747-d23e3437676d,4,4,0,grassland/barren,5.443971633911133,0.9955385327339172,0.25,0.001333339256234467,0.0,4,0,0,0.16227979958057404,8
32,task_2cfe9626-32ec-4f11-8747-d23e3437676d_point_25,spatial_split\task_2cfe9626-32ec-4f11-8747-d23e3437676d,0,2,1,woodland forest,1.0903525352478027,0.7481505274772644,0.125,0.33954375982284546,0.5,2,1,0,0.20762373507022858,8
32,task_2cfe9626-32ec-4f11-8747-d23e3437676d_point_28,spatial_split\task_2cfe9626-32ec-4f11-8747-d23e3437676d,2,2,0,shrubland/savanna,10.076674461364746,0.9999536275863647,0.25,3.7224137486191466e-05,0.0,2,0,0,0.12131177634000778,8
32,task_2cfe9626-32ec-4f11-8747-d23e3437676d_point_29,spatial_split\task_2cfe9626-32ec-4f11-8747-d23e3437676d,2,2,0,shrubland/savanna,10.47819995880127,0.9999712705612183,0.0,6.602139364986215e-06,0.0,2,0,0,0.15718263387680054,8
32,task_2cfe9626-32ec-4f11-8747-d23e3437676d_point_3,spatial_split\task_2cfe9626-32ec-4f11-8747-d23e3437676d,2,2,0,shrubland/savanna,8.157577514648438,0.9997105002403259,0.0,0.0002170561347156763,0.0,2,0,0,0.14996206760406494,8
32,task_2cfe9626-32ec-4f11-8747-d23e3437676d_point_31,spatial_split\task_2cfe9626-32ec-4f11-8747-d23e3437676d,2,2,0,shrubland/savanna,10.349420547485352,0.9999673366546631,0.0,8.210093255911488e-06,0.0,2,0,0,0.1901029497385025,8
32,task_2cfe9626-32ec-4f11-8747-d23e3437676d_point_32,spatial_split\task_2cfe9626-32ec-4f11-8747-d23e3437676d,2,2,0,shrubland/savanna,8.07120132446289,0.999679684638977,0.25,9.152077109320089e-05,0.0,2,0,0,0.1659880429506302,8
32,task_2cfe9626-32ec-4f11-8747-d23e3437676d_point_33,spatial_split\task_2cfe9626-32ec-4f11-8747-d23e3437676d,2,2,0,shrubland/savanna,11.538409233093262,0.9999884366989136,0.0,5.2228092499717604e-06,0.0,2,0,0,0.14606168866157532,8
32,task_2cfe9626-32ec-4f11-8747-d23e3437676d_point_37,spatial_split\task_2cfe9626-32ec-4f11-8747-d23e3437676d,4,4,0,grassland/barren,3.9314751625061035,0.9766955971717834,0.375,0.00923317950218916,0.0,4,0,0,0.17519427835941315,8
32,task_2cfe9626-32ec-4f11-8747-d23e3437676d_point_38,spatial_split\task_2cfe9626-32ec-4f11-8747-d23e3437676d,2,2,0,shrubland/savanna,6.086461067199707,0.996704638004303,0.625,0.007461836561560631,0.0,2,0,0,0.22724293172359467,8
32,task_2cfe9626-32ec-4f11-8747-d23e3437676d_point_39,spatial_split\task_2cfe9626-32ec-4f11-8747-d23e3437676d,4,4,0,grassland/barren,9.91093635559082,0.9999285936355591,0.375,3.565782753867097e-05,0.0,4,0,0,0.06009073182940483,8
32,task_2cfe9626-32ec-4f11-8747-d23e3437676d_point_4,spatial_split\task_2cfe9626-32ec-4f11-8747-d23e3437676d,5,5,0,agriculture/settlement,10.61580753326416,0.9999587535858154,0.0,1.0408309208287392e-05,0.0,5,0,0,0.25337424874305725,8
32,task_2cfe9626-32ec-4f11-8747-d23e3437676d_point_41,spatial_split\task_2cfe9626-32ec-4f11-8747-d23e3437676d,0,0,0,woodland forest,0.5048727989196777,0.6233959794044495,0.625,0.21969307959079742,0.25,0,0,0,0.2160462886095047,8
32,task_2cfe9626-32ec-4f11-8747-d23e3437676d_point_46,spatial_split\task_2cfe9626-32ec-4f11-8747-d23e3437676d,4,4,0,grassland/barren,8.961884498596191,0.9998624324798584,0.125,5.389595025917515e-05,0.0,4,0,0,0.09581600874662399,8
32,task_2cfe9626-32ec-4f11-8747-d23e3437676d_point_51,spatial_split\task_2cfe9626-32ec-4f11-8747-d23e3437676d,2,2,0,shrubland/savanna,6.487757682800293,0.9984777569770813,0.0,0.00029422034276649356,0.0,2,0,0,0.15059033036231995,8
32,task_2cfe9626-32ec-4f11-8747-d23e3437676d_point_53,spatial_split\task_2cfe9626-32ec-4f11-8747-d23e3437676d,2,2,0,shrubland/savanna,9.13494873046875,0.9998773336410522,0.0,6.509133527288213e-05,0.0,2,0,0,0.18225938081741333,8
32,task_2cfe9626-32ec-4f11-8747-d23e3437676d_point_54,spatial_split\task_2cfe9626-32ec-4f11-8747-d23e3437676d,2,2,0,shrubland/savanna,1.9363245964050293,0.8739365935325623,0.375,0.04243410751223564,0.0,2,0,0,0.22387166321277618,8
32,task_2cfe9626-32ec-4f11-8747-d23e3437676d_point_56,spatial_split\task_2cfe9626-32ec-4f11-8747-d23e3437676d,2,2,0,shrubland/savanna,2.7075791358947754,0.9374312162399292,0.125,0.02377191185951233,0.0,2,0,0,0.22802044451236725,8
32,task_2cfe9626-32ec-4f11-8747-d23e3437676d_point_60,spatial_split\task_2cfe9626-32ec-4f11-8747-d23e3437676d,2,2,0,shrubland/savanna,8.429849624633789,0.9997789263725281,0.125,3.660631409729831e-05,0.0,2,0,0,0.10363195836544037,8
32,task_2cfe9626-32ec-4f11-8747-d23e3437676d_point_61,spatial_split\task_2cfe9626-32ec-4f11-8747-d23e3437676d,4,4,0,grassland/barren,10.683040618896484,0.9999525547027588,0.0,1.3102858247293625e-05,0.0,4,0,0,0.037246763706207275,8
32,task_2cfe9626-32ec-4f11-8747-d23e3437676d_point_63,spatial_split\task_2cfe9626-32ec-4f11-8747-d23e3437676d,2,2,0,shrubland/savanna,4.236580848693848,0.9857355952262878,0.0,0.017033912241458893,0.0,4,1,1,0.192586749792099,8
32,task_2cfe9626-32ec-4f11-8747-d23e3437676d_point_65,spatial_split\task_2cfe9626-32ec-4f11-8747-d23e3437676d,4,4,0,grassland/barren,8.644976615905762,0.9997411370277405,0.125,7.616182847414166e-05,0.0,4,0,0,0.0690956860780716,8
32,task_2cfe9626-32ec-4f11-8747-d23e3437676d_point_66,spatial_split\task_2cfe9626-32ec-4f11-8747-d23e3437676d,2,2,0,shrubland/savanna,6.702398777008057,0.9987138509750366,0.25,0.000840112566947937,0.0,2,0,0,0.18118025362491608,8
32,task_2cfe9626-32ec-4f11-8747-d23e3437676d_point_67,spatial_split\task_2cfe9626-32ec-4f11-8747-d23e3437676d,2,2,0,shrubland/savanna,3.801118850708008,0.9781318306922913,0.0,0.07646802812814713,0.0,2,0,0,0.1539946347475052,8
32,task_2cfe9626-32ec-4f11-8747-d23e3437676d_point_7,spatial_split\task_2cfe9626-32ec-4f11-8747-d23e3437676d,2,2,0,shrubland/savanna,8.539759635925293,0.9998019337654114,0.0,0.00017979081894736737,0.0,2,0,0,0.16689683496952057,8
32,task_2cfe9626-32ec-4f11-8747-d23e3437676d_point_70,spatial_split\task_2cfe9626-32ec-4f11-8747-d23e3437676d,2,2,0,shrubland/savanna,8.937975883483887,0.9998674392700195,0.0,6.74026960041374e-05,0.0,2,0,0,0.1696251928806305,8
32,task_2cfe9626-32ec-4f11-8747-d23e3437676d_point_71,spatial_split\task_2cfe9626-32ec-4f11-8747-d23e3437676d,2,0,1,shrubland/savanna,2.232235908508301,0.9030869007110596,0.5,0.07769539207220078,0.0,2,0,1,0.1961069405078888,8
32,task_2cfe9626-32ec-4f11-8747-d23e3437676d_point_74,spatial_split\task_2cfe9626-32ec-4f11-8747-d23e3437676d,4,4,0,grassland/barren,5.031367301940918,0.9934507608413696,0.375,0.0026113323401659727,0.0,4,0,0,0.09459099918603897,8
32,task_2cfe9626-32ec-4f11-8747-d23e3437676d_point_75,spatial_split\task_2cfe9626-32ec-4f11-8747-d23e3437676d,2,2,0,shrubland/savanna,7.188185214996338,0.9992426633834839,0.5,0.0008787279366515577,0.0,4,1,1,0.13214997947216034,8
32,task_2cfe9626-32ec-4f11-8747-d23e3437676d_point_81,spatial_split\task_2cfe9626-32ec-4f11-8747-d23e3437676d,4,4,0,grassland/barren,8.710644721984863,0.9997983574867249,0.375,8.515671652276069e-05,0.0,4,0,0,0.0754275694489479,8
32,task_2cfe9626-32ec-4f11-8747-d23e3437676d_point_82,spatial_split\task_2cfe9626-32ec-4f11-8747-d23e3437676d,2,2,0,shrubland/savanna,5.425177574157715,0.995606005191803,0.125,0.0008889769087545574,0.0,2,0,0,0.10152602940797806,8
32,task_2cfe9626-32ec-4f11-8747-d23e3437676d_point_85,spatial_split\task_2cfe9626-32ec-4f11-8747-d23e3437676d,2,2,0,shrubland/savanna,5.142695426940918,0.9941856265068054,0.0,0.0011280373437330127,0.0,2,0,0,0.15522105991840363,8
32,task_2cfe9626-32ec-4f11-8747-d23e3437676d_point_87,spatial_split\task_2cfe9626-32ec-4f11-8747-d23e3437676d,2,2,0,shrubland/savanna,10.929593086242676,0.9999701976776123,0.0,5.393149876908865e-06,0.0,2,0,0,0.19550330936908722,8
32,task_344c1a79-17eb-4807-aa0f-912248dc1f80_point_15,spatial_split\task_344c1a79-17eb-4807-aa0f-912248dc1f80,0,0,0,woodland forest,5.004205703735352,0.9933024644851685,0.375,0.016988104209303856,0.0,2,1,1,0.21524196863174438,8
32,task_344c1a79-17eb-4807-aa0f-912248dc1f80_point_16,spatial_split\task_344c1a79-17eb-4807-aa0f-912248dc1f80,4,4,0,grassland/barren,6.39219331741333,0.9969563484191895,0.0,0.0006790996412746608,0.0,8,1,1,0.08663249760866165,8
32,task_344c1a79-17eb-4807-aa0f-912248dc1f80_point_19,spatial_split\task_344c1a79-17eb-4807-aa0f-912248dc1f80,2,2,0,shrubland/savanna,9.25707721710205,0.9999020099639893,0.0,1.5260768122971058e-05,0.0,2,0,0,0.154913991689682,8
32,task_344c1a79-17eb-4807-aa0f-912248dc1f80_point_2,spatial_split\task_344c1a79-17eb-4807-aa0f-912248dc1f80,4,4,0,grassland/barren,1.0765013694763184,0.7455142736434937,0.25,0.17536118626594543,0.0,2,1,1,0.08955433964729309,8
32,task_344c1a79-17eb-4807-aa0f-912248dc1f80_point_34,spatial_split\task_344c1a79-17eb-4807-aa0f-912248dc1f80,8,8,0,urban/dense dev.,13.724597930908203,0.9999980926513672,0.0,3.998401041371835e-07,0.0,8,0,0,0.027301551774144173,8
32,task_344c1a79-17eb-4807-aa0f-912248dc1f80_point_40,spatial_split\task_344c1a79-17eb-4807-aa0f-912248dc1f80,8,8,0,urban/dense dev.,9.726339340209961,0.999920129776001,0.125,0.0002807399141602218,0.0,8,0,0,0.13663826882839203,8
32,task_344c1a79-17eb-4807-aa0f-912248dc1f80_point_47,spatial_split\task_344c1a79-17eb-4807-aa0f-912248dc1f80,2,2,0,shrubland/savanna,4.803950309753418,0.9918662905693054,0.0,0.01926121860742569,0.0,2,0,0,0.08561231940984726,8
32,task_344c1a79-17eb-4807-aa0f-912248dc1f80_point_48,spatial_split\task_344c1a79-17eb-4807-aa0f-912248dc1f80,2,2,0,shrubland/savanna,10.542877197265625,0.9999648332595825,0.0,1.8011356587521732e-05,0.0,2,0,0,0.15571969747543335,8
32,task_344c1a79-17eb-4807-aa0f-912248dc1f80_point_5,spatial_split\task_344c1a79-17eb-4807-aa0f-912248dc1f80,2,2,0,shrubland/savanna,12.207328796386719,0.9999946355819702,0.0,8.450417112726427e-07,0.0,2,0,0,0.18350867927074432,8
32,task_344c1a79-17eb-4807-aa0f-912248dc1f80_point_53,spatial_split\task_344c1a79-17eb-4807-aa0f-912248dc1f80,6,6,0,montane forest,5.094110488891602,0.9890751242637634,0.0,0.0031421894673258066,0.0,6,0,0,0.28399693965911865,8
32,task_344c1a79-17eb-4807-aa0f-912248dc1f80_point_54,spatial_split\task_344c1a79-17eb-4807-aa0f-912248dc1f80,4,4,0,grassland/barren,10.486091613769531,0.9999490976333618,0.0,9.928602594300173e-06,0.0,4,0,0,0.11851127445697784,8
32,task_344c1a79-17eb-4807-aa0f-912248dc1f80_point_6,spatial_split\task_344c1a79-17eb-4807-aa0f-912248dc1f80,2,2,0,shrubland/savanna,8.895308494567871,0.9998552799224854,0.0,4.2395789932925254e-05,0.0,2,0,0,0.08898710459470749,8
32,task_344c1a79-17eb-4807-aa0f-912248dc1f80_point_61,spatial_split\task_344c1a79-17eb-4807-aa0f-912248dc1f80,2,2,0,shrubland/savanna,1.7672395706176758,0.8540251851081848,0.125,0.05569513514637947,0.0,2,0,0,0.21442632377147675,8
32,task_344c1a79-17eb-4807-aa0f-912248dc1f80_point_66,spatial_split\task_344c1a79-17eb-4807-aa0f-912248dc1f80,8,8,0,urban/dense dev.,9.08182430267334,0.9997665286064148,0.0,0.0001429536787327379,0.0,8,0,0,0.14774127304553986,8
32,task_344c1a79-17eb-4807-aa0f-912248dc1f80_point_69,spatial_split\task_344c1a79-17eb-4807-aa0f-912248dc1f80,8,8,0,urban/dense dev.,6.119419097900391,0.9974581599235535,0.125,0.0010032408172264695,0.0,8,0,0,0.12322752922773361,8
32,task_344c1a79-17eb-4807-aa0f-912248dc1f80_point_72,spatial_split\task_344c1a79-17eb-4807-aa0f-912248dc1f80,8,8,0,urban/dense dev.,5.930646896362305,0.9971471428871155,0.0,0.0010485391831025481,0.0,8,0,0,0.10853642970323563,8
32,task_344c1a79-17eb-4807-aa0f-912248dc1f80_point_78,spatial_split\task_344c1a79-17eb-4807-aa0f-912248dc1f80,2,2,0,shrubland/savanna,10.54180908203125,0.9999698400497437,0.125,2.133438283635769e-05,0.0,2,0,0,0.15321633219718933,8
32,task_344c1a79-17eb-4807-aa0f-912248dc1f80_point_82,spatial_split\task_344c1a79-17eb-4807-aa0f-912248dc1f80,8,8,0,urban/dense dev.,7.3781914710998535,0.9993452429771423,0.125,0.00025104169617407024,0.0,8,0,0,0.05978746339678764,8
32,task_3e3715c8-c01b-4c8c-af6f-6959c1597083_point_108,spatial_split\task_3e3715c8-c01b-4c8c-af6f-6959c1597083,4,2,1,grassland/barren,0.3941936492919922,0.5673791766166687,0.75,0.2852189540863037,0.25,5,1,1,0.21051354706287384,8
32,task_3e3715c8-c01b-4c8c-af6f-6959c1597083_point_109,spatial_split\task_3e3715c8-c01b-4c8c-af6f-6959c1597083,4,2,1,grassland/barren,6.501505374908447,0.9984421133995056,0.125,0.023531444370746613,0.0,2,1,0,0.15930281579494476,8
32,task_3e3715c8-c01b-4c8c-af6f-6959c1597083_point_111,spatial_split\task_3e3715c8-c01b-4c8c-af6f-6959c1597083,8,8,0,urban/dense dev.,9.371460914611816,0.9998801946640015,0.125,3.836618270725012e-05,0.0,8,0,0,0.08307384699583054,8
32,task_3e3715c8-c01b-4c8c-af6f-6959c1597083_point_116,spatial_split\task_3e3715c8-c01b-4c8c-af6f-6959c1597083,2,2,0,shrubland/savanna,3.4683351516723633,0.9697210788726807,0.25,0.1884365826845169,0.25,2,0,0,0.2297937422990799,8
32,task_3e3715c8-c01b-4c8c-af6f-6959c1597083_point_13,spatial_split\task_3e3715c8-c01b-4c8c-af6f-6959c1597083,2,2,0,shrubland/savanna,6.930685997009277,0.9989996552467346,0.0,0.0002802435483317822,0.0,2,0,0,0.25004851818084717,8
32,task_3e3715c8-c01b-4c8c-af6f-6959c1597083_point_28,spatial_split\task_3e3715c8-c01b-4c8c-af6f-6959c1597083,4,4,0,grassland/barren,2.9881863594055176,0.9501758217811584,0.125,0.034304309636354446,0.0,4,0,0,0.22783556580543518,8
32,task_3e3715c8-c01b-4c8c-af6f-6959c1597083_point_37,spatial_split\task_3e3715c8-c01b-4c8c-af6f-6959c1597083,2,2,0,shrubland/savanna,10.788049697875977,0.9999631643295288,0.0,1.1297085620753933e-05,0.0,2,0,0,0.1571471393108368,8
32,task_3e3715c8-c01b-4c8c-af6f-6959c1597083_point_40,spatial_split\task_3e3715c8-c01b-4c8c-af6f-6959c1597083,4,4,0,grassland/barren,4.7972002029418945,0.9884296655654907,0.375,0.010081425309181213,0.0,4,0,0,0.19201220571994781,8
32,task_3e3715c8-c01b-4c8c-af6f-6959c1597083_point_41,spatial_split\task_3e3715c8-c01b-4c8c-af6f-6959c1597083,2,2,0,shrubland/savanna,10.209024429321289,0.9999608993530273,0.0,1.0370694326411467e-05,0.0,2,0,0,0.13457831740379333,8
32,task_3e3715c8-c01b-4c8c-af6f-6959c1597083_point_45,spatial_split\task_3e3715c8-c01b-4c8c-af6f-6959c1597083,4,4,0,grassland/barren,8.15928840637207,0.9994993209838867,0.0,0.0005290818517096341,0.0,4,0,0,0.23326519131660461,8
32,task_3e3715c8-c01b-4c8c-af6f-6959c1597083_point_58,spatial_split\task_3e3715c8-c01b-4c8c-af6f-6959c1597083,4,4,0,grassland/barren,5.767198085784912,0.994763970375061,0.5,0.002659681485965848,0.0,5,1,1,0.1232362613081932,8
32,task_3e3715c8-c01b-4c8c-af6f-6959c1597083_point_75,spatial_split\task_3e3715c8-c01b-4c8c-af6f-6959c1597083,4,4,0,grassland/barren,2.398904323577881,0.8779177069664001,0.625,0.16619689762592316,0.0,5,1,1,0.16420267522335052,8
32,task_3e3715c8-c01b-4c8c-af6f-6959c1597083_point_76,spatial_split\task_3e3715c8-c01b-4c8c-af6f-6959c1597083,2,2,0,shrubland/savanna,6.373491287231445,0.9982936978340149,0.0,0.0005550062633119524,0.0,2,0,0,0.1943807601928711,8
32,task_3e3715c8-c01b-4c8c-af6f-6959c1597083_point_87,spatial_split\task_3e3715c8-c01b-4c8c-af6f-6959c1597083,0,0,0,woodland forest,10.694653511047363,0.9999730587005615,0.375,1.9219794921809807e-05,0.0,0,0,0,0.21886394917964935,8
32,task_3e3715c8-c01b-4c8c-af6f-6959c1597083_point_9,spatial_split\task_3e3715c8-c01b-4c8c-af6f-6959c1597083,4,2,1,grassland/barren,0.7807674407958984,0.5406891107559204,0.625,0.15630705654621124,0.0,2,1,0,0.14446328580379486,8
32,task_3e3715c8-c01b-4c8c-af6f-6959c1597083_point_93,spatial_split\task_3e3715c8-c01b-4c8c-af6f-6959c1597083,4,4,0,grassland/barren,1.8304595947265625,0.8616563677787781,0.5,0.1486261934041977,0.0,4,0,0,0.1960296779870987,8
32,task_3e3715c8-c01b-4c8c-af6f-6959c1597083_point_97,spatial_split\task_3e3715c8-c01b-4c8c-af6f-6959c1597083,2,2,0,shrubland/savanna,6.590453147888184,0.9986003041267395,0.0,0.0009375927038490772,0.0,2,0,0,0.24182498455047607,8
32,task_443f9bea-5883-4fb7-9573-0a9d51cb24d5_point_11,spatial_split\task_443f9bea-5883-4fb7-9573-0a9d51cb24d5,5,2,1,agriculture/settlement,8.183828353881836,0.9995916485786438,0.0,8.930679177865386e-05,0.0,2,1,0,0.2566554546356201,8
32,task_443f9bea-5883-4fb7-9573-0a9d51cb24d5_point_17,spatial_split\task_443f9bea-5883-4fb7-9573-0a9d51cb24d5,0,0,0,woodland forest,4.5969414710998535,0.9887040257453918,0.0,0.004417384508997202,0.0,0,0,0,0.24736396968364716,8
32,task_443f9bea-5883-4fb7-9573-0a9d51cb24d5_point_2,spatial_split\task_443f9bea-5883-4fb7-9573-0a9d51cb24d5,0,0,0,woodland forest,1.136488437652588,0.755135715007782,0.0,0.056608181446790695,0.0,0,0,0,0.2213323414325714,8
32,task_443f9bea-5883-4fb7-9573-0a9d51cb24d5_point_3,spatial_split\task_443f9bea-5883-4fb7-9573-0a9d51cb24d5,5,5,0,agriculture/settlement,0.8824076652526855,0.6742329001426697,0.5,0.19219833612442017,0.25,4,1,1,0.2890583872795105,8
32,task_443f9bea-5883-4fb7-9573-0a9d51cb24d5_point_5,spatial_split\task_443f9bea-5883-4fb7-9573-0a9d51cb24d5,2,2,0,shrubland/savanna,3.5889954566955566,0.9731123447418213,0.0,0.01188331563025713,0.0,2,0,0,0.24386504292488098,8
32,task_443f9bea-5883-4fb7-9573-0a9d51cb24d5_point_6,spatial_split\task_443f9bea-5883-4fb7-9573-0a9d51cb24d5,5,5,0,agriculture/settlement,10.59436321258545,0.9999505281448364,0.0,2.0019708244944923e-05,0.0,5,0,0,0.15806978940963745,8
32,task_4d86a761-641c-4d20-947c-c9d8b08153a5_point_10,spatial_split\task_4d86a761-641c-4d20-947c-c9d8b08153a5,4,4,0,grassland/barren,5.6450910568237305,0.9961896538734436,0.125,0.0012344487477093935,0.0,2,1,1,0.26810866594314575,8
32,task_4d86a761-641c-4d20-947c-c9d8b08153a5_point_11,spatial_split\task_4d86a761-641c-4d20-947c-c9d8b08153a5,6,6,0,montane forest,3.656893253326416,0.9742776155471802,0.0,0.0032065212726593018,0.0,6,0,0,0.3319893777370453,8
32,task_4d86a761-641c-4d20-947c-c9d8b08153a5_point_16,spatial_split\task_4d86a761-641c-4d20-947c-c9d8b08153a5,4,4,0,grassland/barren,0.7071747779846191,0.6680353283882141,0.5,0.0896502286195755,0.0,4,0,0,0.2979564368724823,8
32,task_4d86a761-641c-4d20-947c-c9d8b08153a5_point_20,spatial_split\task_4d86a761-641c-4d20-947c-c9d8b08153a5,4,4,0,grassland/barren,7.683754920959473,0.9994611144065857,0.0,0.00015003311273176223,0.0,4,0,0,0.27714359760284424,8
32,task_4d86a761-641c-4d20-947c-c9d8b08153a5_point_23,spatial_split\task_4d86a761-641c-4d20-947c-c9d8b08153a5,4,4,0,grassland/barren,9.978231430053711,0.9999523162841797,0.0,5.4517890930583235e-06,0.0,4,0,0,0.15859241783618927,8
32,task_4d86a761-641c-4d20-947c-c9d8b08153a5_point_33,spatial_split\task_4d86a761-641c-4d20-947c-c9d8b08153a5,4,2,1,grassland/barren,2.8280234336853027,0.9093238711357117,0.25,0.01494664791971445,0.0,6,1,1,0.23603078722953796,8
32,task_58af58e7-9eaf-46bf-b4b0-207b80bc00e4_point_19,spatial_split\task_58af58e7-9eaf-46bf-b4b0-207b80bc00e4,5,5,0,agriculture/settlement,10.050610542297363,0.9999251365661621,0.0,1.4854955225018784e-05,0.0,5,0,0,0.13278183341026306,8
32,task_58af58e7-9eaf-46bf-b4b0-207b80bc00e4_point_20,spatial_split\task_58af58e7-9eaf-46bf-b4b0-207b80bc00e4,4,4,0,grassland/barren,5.868544578552246,0.9970018267631531,0.375,0.005373592488467693,0.0,4,0,0,0.11966031044721603,8
32,task_58af58e7-9eaf-46bf-b4b0-207b80bc00e4_point_22,spatial_split\task_58af58e7-9eaf-46bf-b4b0-207b80bc00e4,2,2,0,shrubland/savanna,7.625459671020508,0.9995107650756836,0.0,0.000328013178659603,0.0,2,0,0,0.10421843826770782,8
32,task_58af58e7-9eaf-46bf-b4b0-207b80bc00e4_point_23,spatial_split\task_58af58e7-9eaf-46bf-b4b0-207b80bc00e4,5,5,0,agriculture/settlement,7.182779312133789,0.9991487264633179,0.0,0.0002865210990421474,0.0,5,0,0,0.20929236710071564,8
32,task_58af58e7-9eaf-46bf-b4b0-207b80bc00e4_point_25,spatial_split\task_58af58e7-9eaf-46bf-b4b0-207b80bc00e4,3,3,0,herbaceous wetland,12.027351379394531,0.9999809265136719,0.0,7.822754923836328e-06,0.0,3,0,0,0.22321394085884094,8
32,task_58af58e7-9eaf-46bf-b4b0-207b80bc00e4_point_3,spatial_split\task_58af58e7-9eaf-46bf-b4b0-207b80bc00e4,5,5,0,agriculture/settlement,5.6614532470703125,0.9962612986564636,0.0,0.002560508204624057,0.0,5,0,0,0.12957681715488434,8
32,task_58af58e7-9eaf-46bf-b4b0-207b80bc00e4_point_30,spatial_split\task_58af58e7-9eaf-46bf-b4b0-207b80bc00e4,5,5,0,agriculture/settlement,11.51626205444336,0.9999781847000122,0.0,7.792723408783786e-06,0.0,5,0,0,0.21565605700016022,8
32,task_58af58e7-9eaf-46bf-b4b0-207b80bc00e4_point_31,spatial_split\task_58af58e7-9eaf-46bf-b4b0-207b80bc00e4,2,2,0,shrubland/savanna,9.881562232971191,0.9999479055404663,0.0,2.75665515800938e-05,0.0,2,0,0,0.2079821228981018,8
32,task_58af58e7-9eaf-46bf-b4b0-207b80bc00e4_point_32,spatial_split\task_58af58e7-9eaf-46bf-b4b0-207b80bc00e4,5,5,0,agriculture/settlement,3.669524669647217,0.9747765064239502,0.0,0.008555559441447258,0.0,5,0,0,0.30782514810562134,8
32,task_58af58e7-9eaf-46bf-b4b0-207b80bc00e4_point_5,spatial_split\task_58af58e7-9eaf-46bf-b4b0-207b80bc00e4,5,5,0,agriculture/settlement,9.97850227355957,0.9999455213546753,0.0,7.3102610258501954e-06,0.0,5,0,0,0.22436964511871338,8
32,task_58af58e7-9eaf-46bf-b4b0-207b80bc00e4_point_7,spatial_split\task_58af58e7-9eaf-46bf-b4b0-207b80bc00e4,2,2,0,shrubland/savanna,11.728924751281738,0.99998939037323,0.0,2.773992673610337e-05,0.0,4,1,1,0.17859363555908203,8
32,task_58af58e7-9eaf-46bf-b4b0-207b80bc00e4_point_8,spatial_split\task_58af58e7-9eaf-46bf-b4b0-207b80bc00e4,5,5,0,agriculture/settlement,10.214741706848145,0.9999332427978516,0.0,1.0009854122472461e-05,0.0,5,0,0,0.311443954706192,8
32,task_58af58e7-9eaf-46bf-b4b0-207b80bc00e4_point_9,spatial_split\task_58af58e7-9eaf-46bf-b4b0-207b80bc00e4,4,4,0,grassland/barren,2.3011088371276855,0.9086089730262756,0.5,0.038266342133283615,0.0,2,1,1,0.12172634899616241,8
32,task_6269bc5d-f293-461b-8953-06bf3b640053_point_0,spatial_split\task_6269bc5d-f293-461b-8953-06bf3b640053,5,5,0,agriculture/settlement,9.26472282409668,0.9998937845230103,0.0,0.00010675792145775631,0.0,5,0,0,0.18625766038894653,8
32,task_6269bc5d-f293-461b-8953-06bf3b640053_point_11,spatial_split\task_6269bc5d-f293-461b-8953-06bf3b640053,0,2,1,woodland forest,2.999201774597168,0.9509653449058533,0.0,0.01702165976166725,0.0,2,1,0,0.19219589233398438,8
32,task_6269bc5d-f293-461b-8953-06bf3b640053_point_12,spatial_split\task_6269bc5d-f293-461b-8953-06bf3b640053,2,2,0,shrubland/savanna,5.330885410308838,0.9951615929603577,0.0,0.0023054289631545544,0.0,2,0,0,0.23310261964797974,8
32,task_6269bc5d-f293-461b-8953-06bf3b640053_point_13,spatial_split\task_6269bc5d-f293-461b-8953-06bf3b640053,0,0,0,woodland forest,1.7876553535461426,0.8533422946929932,0.75,0.05930864438414574,0.0,5,1,1,0.20847991108894348,8
32,task_6269bc5d-f293-461b-8953-06bf3b640053_point_15,spatial_split\task_6269bc5d-f293-461b-8953-06bf3b640053,2,2,0,shrubland/savanna,6.684581279754639,0.9987494945526123,0.0,0.0004313785466365516,0.0,2,0,0,0.18019534647464752,8
32,task_6269bc5d-f293-461b-8953-06bf3b640053_point_16,spatial_split\task_6269bc5d-f293-461b-8953-06bf3b640053,5,5,0,agriculture/settlement,9.256767272949219,0.9998372793197632,0.0,5.290601257001981e-05,0.0,5,0,0,0.1930457204580307,8
32,task_6269bc5d-f293-461b-8953-06bf3b640053_point_17,spatial_split\task_6269bc5d-f293-461b-8953-06bf3b640053,0,2,1,woodland forest,3.723729133605957,0.9763597846031189,0.125,0.07861746847629547,0.0,2,1,0,0.13866685330867767,8
32,task_6269bc5d-f293-461b-8953-06bf3b640053_point_24,spatial_split\task_6269bc5d-f293-461b-8953-06bf3b640053,5,5,0,agriculture/settlement,5.964175224304199,0.9948286414146423,0.25,0.0015328534645959735,0.0,5,0,0,0.2088935375213623,8
32,task_6269bc5d-f293-461b-8953-06bf3b640053_point_28,spatial_split\task_6269bc5d-f293-461b-8953-06bf3b640053,0,2,1,woodland forest,3.212679386138916,0.9611759185791016,0.25,0.20719492435455322,0.25,2,1,0,0.17231974005699158,8
32,task_6269bc5d-f293-461b-8953-06bf3b640053_point_36,spatial_split\task_6269bc5d-f293-461b-8953-06bf3b640053,0,2,1,woodland forest,4.554300308227539,0.9895477294921875,0.125,0.01681576482951641,0.0,2,1,0,0.15134216845035553,8
32,task_6269bc5d-f293-461b-8953-06bf3b640053_point_37,spatial_split\task_6269bc5d-f293-461b-8953-06bf3b640053,5,5,0,agriculture/settlement,11.44561767578125,0.9999841451644897,0.0,3.2532343539060093e-06,0.0,5,0,0,0.2162340134382248,8
32,task_6269bc5d-f293-461b-8953-06bf3b640053_point_8,spatial_split\task_6269bc5d-f293-461b-8953-06bf3b640053,2,2,0,shrubland/savanna,3.3888816833496094,0.9615153670310974,0.125,0.011440020985901356,0.0,5,1,1,0.24808044731616974,8
32,task_6269bc5d-f293-461b-8953-06bf3b640053_point_9,spatial_split\task_6269bc5d-f293-461b-8953-06bf3b640053,0,0,0,woodland forest,8.889761924743652,0.9998000264167786,0.0,4.0877868741517887e-05,0.0,0,0,0,0.25146403908729553,8
32,task_6e7ff7f7-bde9-40f8-aa83-7dcd6793d6ee_point_11,spatial_split\task_6e7ff7f7-bde9-40f8-aa83-7dcd6793d6ee,5,5,0,agriculture/settlement,8.71773624420166,0.9998095631599426,0.0,0.00027723266975954175,0.0,5,0,0,0.24293722212314606,8
32,task_6e7ff7f7-bde9-40f8-aa83-7dcd6793d6ee_point_13,spatial_split\task_6e7ff7f7-bde9-40f8-aa83-7dcd6793d6ee,5,5,0,agriculture/settlement,8.641878128051758,0.9997170567512512,0.0,4.394926145323552e-05,0.0,5,0,0,0.2779598832130432,8
32,task_6e7ff7f7-bde9-40f8-aa83-7dcd6793d6ee_point_16,spatial_split\task_6e7ff7f7-bde9-40f8-aa83-7dcd6793d6ee,5,5,0,agriculture/settlement,5.409860134124756,0.9954049587249756,0.0,0.015018158592283726,0.0,5,0,0,0.20474481582641602,8
32,task_6e7ff7f7-bde9-40f8-aa83-7dcd6793d6ee_point_18,spatial_split\task_6e7ff7f7-bde9-40f8-aa83-7dcd6793d6ee,2,2,0,shrubland/savanna,7.736719608306885,0.9993026256561279,0.0,0.00027357577346265316,0.0,2,0,0,0.16450147330760956,8
32,task_6e7ff7f7-bde9-40f8-aa83-7dcd6793d6ee_point_20,spatial_split\task_6e7ff7f7-bde9-40f8-aa83-7dcd6793d6ee,2,2,0,shrubland/savanna,11.038946151733398,0.9999604225158691,0.0,7.47153217162122e-06,0.0,2,0,0,0.17735980451107025,8
32,task_6e7ff7f7-bde9-40f8-aa83-7dcd6793d6ee_point_21,spatial_split\task_6e7ff7f7-bde9-40f8-aa83-7dcd6793d6ee,8,8,0,urban/dense dev.,9.789205551147461,0.9999010562896729,0.375,2.9271828680066392e-05,0.0,8,0,0,0.04611153155565262,8
32,task_6e7ff7f7-bde9-40f8-aa83-7dcd6793d6ee_point_24,spatial_split\task_6e7ff7f7-bde9-40f8-aa83-7dcd6793d6ee,5,5,0,agriculture/settlement,9.259589195251465,0.9998247027397156,0.0,4.25957259722054e-05,0.0,5,0,0,0.2281075268983841,8
32,task_6e7ff7f7-bde9-40f8-aa83-7dcd6793d6ee_point_25,spatial_split\task_6e7ff7f7-bde9-40f8-aa83-7dcd6793d6ee,8,8,0,urban/dense dev.,11.116710662841797,0.9999815225601196,0.0,3.181459078405169e-06,0.0,8,0,0,0.030965814366936684,8
32,task_6e7ff7f7-bde9-40f8-aa83-7dcd6793d6ee_point_35,spatial_split\task_6e7ff7f7-bde9-40f8-aa83-7dcd6793d6ee,2,2,0,shrubland/savanna,11.523933410644531,0.9999833106994629,0.0,1.1526835805852897e-05,0.0,2,0,0,0.16429276764392853,8
32,task_6e7ff7f7-bde9-40f8-aa83-7dcd6793d6ee_point_4,spatial_split\task_6e7ff7f7-bde9-40f8-aa83-7dcd6793d6ee,8,8,0,urban/dense dev.,12.38386344909668,0.999993085861206,0.25,9.19535693810758e-07,0.0,8,0,0,0.05331302061676979,8
32,task_6e7ff7f7-bde9-40f8-aa83-7dcd6793d6ee_point_48,spatial_split\task_6e7ff7f7-bde9-40f8-aa83-7dcd6793d6ee,5,5,0,agriculture/settlement,10.882332801818848,0.9999783039093018,0.0,5.128424618305871e-06,0.0,5,0,0,0.18233564496040344,8
32,task_6e7ff7f7-bde9-40f8-aa83-7dcd6793d6ee_point_61,spatial_split\task_6e7ff7f7-bde9-40f8-aa83-7dcd6793d6ee,5,5,0,agriculture/settlement,10.804092407226562,0.9999765157699585,0.0,5.230286205915036e-06,0.0,5,0,0,0.21547484397888184,8
32,task_6e7ff7f7-bde9-40f8-aa83-7dcd6793d6ee_point_64,spatial_split\task_6e7ff7f7-bde9-40f8-aa83-7dcd6793d6ee,2,0,1,shrubland/savanna,5.422153472900391,0.9955893754959106,0.375,0.01634286716580391,0.0,0,1,0,0.22669866681098938,8
32,task_6e7ff7f7-bde9-40f8-aa83-7dcd6793d6ee_point_68,spatial_split\task_6e7ff7f7-bde9-40f8-aa83-7dcd6793d6ee,5,5,0,agriculture/settlement,6.264062881469727,0.9980276226997375,0.0,0.001717850798740983,0.0,5,0,0,0.20803233981132507,8
32,task_6e7ff7f7-bde9-40f8-aa83-7dcd6793d6ee_point_9,spatial_split\task_6e7ff7f7-bde9-40f8-aa83-7dcd6793d6ee,5,5,0,agriculture/settlement,11.205347061157227,0.9999775886535645,0.0,2.1224609554337803e-06,0.0,5,0,0,0.2040880024433136,8
32,task_7406e0d9-0f50-4e96-afaa-4a1f1f71cbf4_point_2,spatial_split\task_7406e0d9-0f50-4e96-afaa-4a1f1f71cbf4,2,2,0,shrubland/savanna,10.428349494934082,0.999968409538269,0.0,8.48021409183275e-06,0.0,2,0,0,0.21743148565292358,8
32,task_7406e0d9-0f50-4e96-afaa-4a1f1f71cbf4_point_8,spatial_split\task_7406e0d9-0f50-4e96-afaa-4a1f1f71cbf4,4,2,1,grassland/barren,4.887784004211426,0.9925017356872559,0.0,0.0017194433603435755,0.0,2,1,0,0.13343633711338043,8
32,task_a68e5146-dd9b-4002-b4da-1d8f40a3ceb5_point_1,spatial_split\task_a68e5146-dd9b-4002-b4da-1d8f40a3ceb5,8,8,0,urban/dense dev.,0.5430681705474854,0.5745826959609985,0.75,0.09568938612937927,0.0,5,1,1,0.15314756333827972,8
32,task_be5974fd-8d3b-4aaa-97f7-8e9f2779c8c4_point_11,spatial_split\task_be5974fd-8d3b-4aaa-97f7-8e9f2779c8c4,3,3,0,herbaceous wetland,5.8872246742248535,0.9971057772636414,0.0,0.0022320507559925318,0.0,3,0,0,0.18756763637065887,8
32,task_be5974fd-8d3b-4aaa-97f7-8e9f2779c8c4_point_12,spatial_split\task_be5974fd-8d3b-4aaa-97f7-8e9f2779c8c4,2,4,1,shrubland/savanna,3.3341164588928223,0.9655086994171143,0.5,0.011106782592833042,0.0,2,0,1,0.19856280088424683,8
32,task_be5974fd-8d3b-4aaa-97f7-8e9f2779c8c4_point_15,spatial_split\task_be5974fd-8d3b-4aaa-97f7-8e9f2779c8c4,4,4,0,grassland/barren,11.919055938720703,0.9999923706054688,0.0,2.26262250180298e-06,0.0,4,0,0,0.07130954414606094,8
32,task_be5974fd-8d3b-4aaa-97f7-8e9f2779c8c4_point_20,spatial_split\task_be5974fd-8d3b-4aaa-97f7-8e9f2779c8c4,4,4,0,grassland/barren,10.998248100280762,0.9999829530715942,0.0,3.7304127999959746e-06,0.0,4,0,0,0.17088191211223602,8
32,task_be5974fd-8d3b-4aaa-97f7-8e9f2779c8c4_point_23,spatial_split\task_be5974fd-8d3b-4aaa-97f7-8e9f2779c8c4,0,0,0,woodland forest,8.25132942199707,0.9995444416999817,0.0,4.701576835941523e-05,0.0,0,0,0,0.22130665183067322,8
32,task_be5974fd-8d3b-4aaa-97f7-8e9f2779c8c4_point_25,spatial_split\task_be5974fd-8d3b-4aaa-97f7-8e9f2779c8c4,1,1,0,open water,9.163269996643066,0.9997705817222595,0.0,1.2622260328498669e-05,0.0,1,0,0,0.1566624492406845,8
32,task_be5974fd-8d3b-4aaa-97f7-8e9f2779c8c4_point_29,spatial_split\task_be5974fd-8d3b-4aaa-97f7-8e9f2779c8c4,3,3,0,herbaceous wetland,13.263191223144531,0.9999936819076538,0.0,1.1920928955078125e-07,0.0,3,0,0,0.1915292888879776,8
32,task_be5974fd-8d3b-4aaa-97f7-8e9f2779c8c4_point_30,spatial_split\task_be5974fd-8d3b-4aaa-97f7-8e9f2779c8c4,4,4,0,grassland/barren,6.351556777954102,0.9973777532577515,0.0,0.000874294142704457,0.0,4,0,0,0.02924436330795288,8
32,task_be5974fd-8d3b-4aaa-97f7-8e9f2779c8c4_point_37,spatial_split\task_be5974fd-8d3b-4aaa-97f7-8e9f2779c8c4,4,2,1,grassland/barren,3.158942222595215,0.9589326977729797,0.625,0.051220573484897614,0.0,2,1,0,0.17225448787212372,8
32,task_be5974fd-8d3b-4aaa-97f7-8e9f2779c8c4_point_43,spatial_split\task_be5974fd-8d3b-4aaa-97f7-8e9f2779c8c4,2,2,0,shrubland/savanna,6.768032550811768,0.9988389611244202,0.125,0.0002690609253477305,0.0,2,0,0,0.10932432860136032,8
32,task_be5974fd-8d3b-4aaa-97f7-8e9f2779c8c4_point_44,spatial_split\task_be5974fd-8d3b-4aaa-97f7-8e9f2779c8c4,4,4,0,grassland/barren,10.996954917907715,0.9999600648880005,0.0,2.279049567732727e-06,0.0,4,0,0,0.055035945028066635,8
32,task_be5974fd-8d3b-4aaa-97f7-8e9f2779c8c4_point_46,spatial_split\task_be5974fd-8d3b-4aaa-97f7-8e9f2779c8c4,4,4,0,grassland/barren,11.6527738571167,0.999990701675415,0.0,3.20482376992004e-06,0.0,4,0,0,0.16504064202308655,8
32,task_be5974fd-8d3b-4aaa-97f7-8e9f2779c8c4_point_53,spatial_split\task_be5974fd-8d3b-4aaa-97f7-8e9f2779c8c4,1,1,0,open water,8.302812576293945,0.9994673132896423,0.0,0.00011432908650022,0.0,1,0,0,0.15183182060718536,8
32,task_c1e4cc1c-523d-4b31-bef8-7204bfc9ccbd_point_101,spatial_split\task_c1e4cc1c-523d-4b31-bef8-7204bfc9ccbd,2,2,0,shrubland/savanna,1.7395358085632324,0.8506185412406921,0.375,0.05414172261953354,0.0,2,0,0,0.17854052782058716,8
32,task_c1e4cc1c-523d-4b31-bef8-7204bfc9ccbd_point_103,spatial_split\task_c1e4cc1c-523d-4b31-bef8-7204bfc9ccbd,5,5,0,agriculture/settlement,7.320830345153809,0.9986270666122437,0.25,0.00021431854111142457,0.0,5,0,0,0.16183732450008392,8
32,task_c1e4cc1c-523d-4b31-bef8-7204bfc9ccbd_point_105,spatial_split\task_c1e4cc1c-523d-4b31-bef8-7204bfc9ccbd,2,2,0,shrubland/savanna,9.504048347473145,0.9999246597290039,0.0,1.345468444924336e-05,0.0,2,0,0,0.22029981017112732,8
32,task_c1e4cc1c-523d-4b31-bef8-7204bfc9ccbd_point_106,spatial_split\task_c1e4cc1c-523d-4b31-bef8-7204bfc9ccbd,3,4,1,herbaceous wetland,1.4230375289916992,0.8051670789718628,0.0,0.04271959140896797,0.0,4,1,0,0.221685990691185,8
32,task_c1e4cc1c-523d-4b31-bef8-7204bfc9ccbd_point_12,spatial_split\task_c1e4cc1c-523d-4b31-bef8-7204bfc9ccbd,5,5,0,agriculture/settlement,8.031376838684082,0.9995898604393005,0.0,0.0013467322569340467,0.0,5,0,0,0.0682603195309639,8
32,task_c1e4cc1c-523d-4b31-bef8-7204bfc9ccbd_point_13,spatial_split\task_c1e4cc1c-523d-4b31-bef8-7204bfc9ccbd,5,5,0,agriculture/settlement,6.063108444213867,0.997295081615448,0.125,0.0013008653186261654,0.0,5,0,0,0.26764053106307983,8
32,task_c1e4cc1c-523d-4b31-bef8-7204bfc9ccbd_point_15,spatial_split\task_c1e4cc1c-523d-4b31-bef8-7204bfc9ccbd,2,2,0,shrubland/savanna,7.720714569091797,0.9995498061180115,0.0,0.00027600262546911836,0.0,2,0,0,0.18924415111541748,8
32,task_c1e4cc1c-523d-4b31-bef8-7204bfc9ccbd_point_36,spatial_split\task_c1e4cc1c-523d-4b31-bef8-7204bfc9ccbd,5,5,0,agriculture/settlement,8.998908996582031,0.9998437166213989,0.0,0.00010289652709616348,0.0,5,0,0,0.2340756058692932,8
32,task_c1e4cc1c-523d-4b31-bef8-7204bfc9ccbd_point_4,spatial_split\task_c1e4cc1c-523d-4b31-bef8-7204bfc9ccbd,4,4,0,grassland/barren,7.223941802978516,0.9992269277572632,0.25,0.00018277580966241658,0.0,5,1,1,0.15112411975860596,8
32,task_c1e4cc1c-523d-4b31-bef8-7204bfc9ccbd_point_41,spatial_split\task_c1e4cc1c-523d-4b31-bef8-7204bfc9ccbd,2,2,0,shrubland/savanna,9.736869812011719,0.9999369382858276,0.0,1.2938327017764095e-05,0.0,2,0,0,0.11268294602632523,8
32,task_c1e4cc1c-523d-4b31-bef8-7204bfc9ccbd_point_48,spatial_split\task_c1e4cc1c-523d-4b31-bef8-7204bfc9ccbd,5,5,0,agriculture/settlement,0.24947118759155273,0.5619808435440063,1.0,0.1222594678401947,0.25,5,0,0,0.19446972012519836,8
32,task_c1e4cc1c-523d-4b31-bef8-7204bfc9ccbd_point_49,spatial_split\task_c1e4cc1c-523d-4b31-bef8-7204bfc9ccbd,2,2,0,shrubland/savanna,8.05142879486084,0.9996809959411621,0.0,9.839710401138291e-05,0.0,2,0,0,0.22567790746688843,8
32,task_c1e4cc1c-523d-4b31-bef8-7204bfc9ccbd_point_50,spatial_split\task_c1e4cc1c-523d-4b31-bef8-7204bfc9ccbd,4,4,0,grassland/barren,2.692697048187256,0.9357706904411316,0.0,0.04559219256043434,0.0,5,1,1,0.1450829654932022,8
32,task_c1e4cc1c-523d-4b31-bef8-7204bfc9ccbd_point_51,spatial_split\task_c1e4cc1c-523d-4b31-bef8-7204bfc9ccbd,3,5,1,herbaceous wetland,0.20297503471374512,0.4983427822589874,0.5,0.09983497112989426,0.5,5,1,0,0.22944889962673187,8
32,task_c1e4cc1c-523d-4b31-bef8-7204bfc9ccbd_point_65,spatial_split\task_c1e4cc1c-523d-4b31-bef8-7204bfc9ccbd,4,4,0,grassland/barren,8.128965377807617,0.9995311498641968,0.0,5.878159572603181e-05,0.0,5,1,1,0.14900410175323486,8
32,task_c1e4cc1c-523d-4b31-bef8-7204bfc9ccbd_point_7,spatial_split\task_c1e4cc1c-523d-4b31-bef8-7204bfc9ccbd,2,2,0,shrubland/savanna,4.429046154022217,0.9882090091705322,0.0,0.016006581485271454,0.0,2,0,0,0.20015674829483032,8
32,task_c1e4cc1c-523d-4b31-bef8-7204bfc9ccbd_point_70,spatial_split\task_c1e4cc1c-523d-4b31-bef8-7204bfc9ccbd,2,2,0,shrubland/savanna,9.706955909729004,0.9999324083328247,0.0,1.3947359548183158e-05,0.0,2,0,0,0.17380405962467194,8
32,task_c1e4cc1c-523d-4b31-bef8-7204bfc9ccbd_point_80,spatial_split\task_c1e4cc1c-523d-4b31-bef8-7204bfc9ccbd,5,5,0,agriculture/settlement,9.941803932189941,0.9999243021011353,0.0,1.5909974536043592e-05,0.0,5,0,0,0.27502530813217163,8
32,task_c1e4cc1c-523d-4b31-bef8-7204bfc9ccbd_point_84,spatial_split\task_c1e4cc1c-523d-4b31-bef8-7204bfc9ccbd,5,5,0,agriculture/settlement,11.05733585357666,0.999971866607666,0.0,2.72689139819704e-05,0.0,5,0,0,0.19267064332962036,8
32,task_c1e4cc1c-523d-4b31-bef8-7204bfc9ccbd_point_86,spatial_split\task_c1e4cc1c-523d-4b31-bef8-7204bfc9ccbd,2,2,0,shrubland/savanna,11.520556449890137,0.999988317489624,0.0,2.6192155928583816e-06,0.0,2,0,0,0.12160356342792511,8
32,task_c1e4cc1c-523d-4b31-bef8-7204bfc9ccbd_point_88,spatial_split\task_c1e4cc1c-523d-4b31-bef8-7204bfc9ccbd,2,2,0,shrubland/savanna,8.74226188659668,0.999839186668396,0.0,0.00018227937107440084,0.0,2,0,0,0.1751152127981186,8
32,task_c1e4cc1c-523d-4b31-bef8-7204bfc9ccbd_point_92,spatial_split\task_c1e4cc1c-523d-4b31-bef8-7204bfc9ccbd,2,2,0,shrubland/savanna,9.910396575927734,0.9999415874481201,0.0,0.0001037179390550591,0.0,4,1,1,0.15205582976341248,8
32,task_c1e4cc1c-523d-4b31-bef8-7204bfc9ccbd_point_94,spatial_split\task_c1e4cc1c-523d-4b31-bef8-7204bfc9ccbd,2,2,0,shrubland/savanna,10.772851943969727,0.9999785423278809,0.0,4.445643298822688e-06,0.0,2,0,0,0.12108568847179413,8
32,task_c1e4cc1c-523d-4b31-bef8-7204bfc9ccbd_point_95,spatial_split\task_c1e4cc1c-523d-4b31-bef8-7204bfc9ccbd,5,4,1,agriculture/settlement,1.4472050666809082,0.8021001219749451,0.0,0.15055181086063385,0.0,5,0,1,0.13483920693397522,8
32,task_c2fe80b4-ecb1-46df-b417-9a8b1804c7b0_point_1,spatial_split\task_c2fe80b4-ecb1-46df-b417-9a8b1804c7b0,2,2,0,shrubland/savanna,11.169044494628906,0.9999854564666748,0.0,4.837165761273354e-06,0.0,2,0,0,0.19780968129634857,8
32,task_c2fe80b4-ecb1-46df-b417-9a8b1804c7b0_point_13,spatial_split\task_c2fe80b4-ecb1-46df-b417-9a8b1804c7b0,5,5,0,agriculture/settlement,7.265161991119385,0.9991102814674377,0.0,0.000312271760776639,0.0,5,0,0,0.27557337284088135,8
32,task_c2fe80b4-ecb1-46df-b417-9a8b1804c7b0_point_16,spatial_split\task_c2fe80b4-ecb1-46df-b417-9a8b1804c7b0,2,2,0,shrubland/savanna,13.114294052124023,0.9999971389770508,0.0,3.998401041371835e-07,0.0,2,0,0,0.19121727347373962,8
32,task_c2fe80b4-ecb1-46df-b417-9a8b1804c7b0_point_23,spatial_split\task_c2fe80b4-ecb1-46df-b417-9a8b1804c7b0,6,6,0,montane forest,2.6113390922546387,0.930729866027832,0.0,0.006969773676246405,0.0,6,0,0,0.29842138290405273,8
32,task_c2fe80b4-ecb1-46df-b417-9a8b1804c7b0_point_28,spatial_split\task_c2fe80b4-ecb1-46df-b417-9a8b1804c7b0,2,2,0,shrubland/savanna,12.208696365356445,0.9999946355819702,0.0,4.067116151418304e-06,0.0,2,0,0,0.13367494940757751,8
32,task_c2fe80b4-ecb1-46df-b417-9a8b1804c7b0_point_30,spatial_split\task_c2fe80b4-ecb1-46df-b417-9a8b1804c7b0,2,2,0,shrubland/savanna,9.736544609069824,0.9999402761459351,0.0,3.831888170680031e-05,0.0,2,0,0,0.2459743767976761,8
32,task_c2fe80b4-ecb1-46df-b417-9a8b1804c7b0_point_32,spatial_split\task_c2fe80b4-ecb1-46df-b417-9a8b1804c7b0,3,2,1,herbaceous wetland,1.2292354106903076,0.63587886095047,0.375,0.12909579277038574,0.25,2,1,0,0.22034499049186707,8
32,task_c2fe80b4-ecb1-46df-b417-9a8b1804c7b0_point_33,spatial_split\task_c2fe80b4-ecb1-46df-b417-9a8b1804c7b0,2,2,0,shrubland/savanna,7.2030816078186035,0.9992407560348511,0.0,0.0002896020596381277,0.0,2,0,0,0.20483791828155518,8
32,task_c2fe80b4-ecb1-46df-b417-9a8b1804c7b0_point_4,spatial_split\task_c2fe80b4-ecb1-46df-b417-9a8b1804c7b0,2,2,0,shrubland/savanna,3.883352279663086,0.9792648553848267,0.0,0.009131678380072117,0.0,5,1,1,0.19117194414138794,8
32,task_c2fe80b4-ecb1-46df-b417-9a8b1804c7b0_point_8,spatial_split\task_c2fe80b4-ecb1-46df-b417-9a8b1804c7b0,2,2,0,shrubland/savanna,10.435944557189941,0.9999502897262573,0.0,2.4487935661454685e-05,0.0,2,0,0,0.12446955591440201,8
32,task_ce646fb4-34d2-45d1-9829-32af50624c18_point_18,spatial_split\task_ce646fb4-34d2-45d1-9829-32af50624c18,1,1,0,open water,11.447478294372559,0.9999605417251587,0.0,1.2853060979978181e-06,0.0,1,0,0,0.09379589557647705,8
32,task_ce646fb4-34d2-45d1-9829-32af50624c18_point_19,spatial_split\task_ce646fb4-34d2-45d1-9829-32af50624c18,1,1,0,open water,11.55700397491455,0.9999723434448242,0.0,1.501989686403249e-06,0.0,1,0,0,0.2972014248371124,8
32,task_ce646fb4-34d2-45d1-9829-32af50624c18_point_25,spatial_split\task_ce646fb4-34d2-45d1-9829-32af50624c18,1,1,0,open water,11.868918418884277,0.9999778270721436,0.0,9.848303079706966e-07,0.0,1,0,0,0.2906365692615509,8
32,task_ce646fb4-34d2-45d1-9829-32af50624c18_point_26,spatial_split\task_ce646fb4-34d2-45d1-9829-32af50624c18,1,1,0,open water,9.89571475982666,0.9998745918273926,0.0,2.4059594579739496e-05,0.0,1,0,0,0.12125398218631744,8
32,task_ce646fb4-34d2-45d1-9829-32af50624c18_point_5,spatial_split\task_ce646fb4-34d2-45d1-9829-32af50624c18,1,1,0,open water,11.339170455932617,0.999964714050293,0.0,2.3283987502509262e-06,0.0,1,0,0,0.2844788134098053,8
32,task_ce646fb4-34d2-45d1-9829-32af50624c18_point_8,spatial_split\task_ce646fb4-34d2-45d1-9829-32af50624c18,1,1,0,open water,11.185873985290527,0.999956488609314,0.0,1.7550506754560047e-06,0.0,1,0,0,0.12026385962963104,8
32,task_d4c8256d-4632-48b6-bbc1-744c2e2a7f44_point_17,spatial_split\task_d4c8256d-4632-48b6-bbc1-744c2e2a7f44,0,0,0,woodland forest,6.060399532318115,0.9976330995559692,0.375,0.001008021761663258,0.0,0,0,0,0.21131710708141327,8
32,task_d4c8256d-4632-48b6-bbc1-744c2e2a7f44_point_18,spatial_split\task_d4c8256d-4632-48b6-bbc1-744c2e2a7f44,2,2,0,shrubland/savanna,10.384963989257812,0.9999679327011108,0.0,9.790595868253149e-06,0.0,2,0,0,0.14940162003040314,8
32,task_d4c8256d-4632-48b6-bbc1-744c2e2a7f44_point_2,spatial_split\task_d4c8256d-4632-48b6-bbc1-744c2e2a7f44,0,0,0,woodland forest,4.005874156951904,0.9820588231086731,0.0,0.005001201760023832,0.0,6,1,1,0.23748169839382172,8
32,task_d4c8256d-4632-48b6-bbc1-744c2e2a7f44_point_24,spatial_split\task_d4c8256d-4632-48b6-bbc1-744c2e2a7f44,2,2,0,shrubland/savanna,9.450052261352539,0.9999206066131592,0.0,0.0010433802381157875,0.0,2,0,0,0.2223920226097107,8
32,task_d4c8256d-4632-48b6-bbc1-744c2e2a7f44_point_30,spatial_split\task_d4c8256d-4632-48b6-bbc1-744c2e2a7f44,0,0,0,woodland forest,6.39793586730957,0.998050332069397,0.0,0.0003699860826600343,0.0,0,0,0,0.1939922571182251,8
32,task_d4c8256d-4632-48b6-bbc1-744c2e2a7f44_point_34,spatial_split\task_d4c8256d-4632-48b6-bbc1-744c2e2a7f44,2,2,0,shrubland/savanna,9.176355361938477,0.9998898506164551,0.0,3.6551355151459575e-05,0.0,2,0,0,0.1572733223438263,8
32,task_d4c8256d-4632-48b6-bbc1-744c2e2a7f44_point_4,spatial_split\task_d4c8256d-4632-48b6-bbc1-744c2e2a7f44,0,0,0,woodland forest,4.509931564331055,0.9887654781341553,0.5,0.0069871884770691395,0.0,0,0,0,0.1789661943912506,8
32,task_d4c8256d-4632-48b6-bbc1-744c2e2a7f44_point_42,spatial_split\task_d4c8256d-4632-48b6-bbc1-744c2e2a7f44,0,0,0,woodland forest,3.6957902908325195,0.9742187261581421,0.375,0.015045396983623505,0.0,0,0,0,0.17707695066928864,8
32,task_d4c8256d-4632-48b6-bbc1-744c2e2a7f44_point_53,spatial_split\task_d4c8256d-4632-48b6-bbc1-744c2e2a7f44,0,0,0,woodland forest,7.9399309158325195,0.9996242523193359,0.0,0.00015334012277889997,0.0,0,0,0,0.2121153473854065,8
32,task_d4c8256d-4632-48b6-bbc1-744c2e2a7f44_point_58,spatial_split\task_d4c8256d-4632-48b6-bbc1-744c2e2a7f44,0,0,0,woodland forest,5.603128910064697,0.996291995048523,0.0,5.9755202528322116e-05,0.0,0,0,0,0.22878456115722656,8
32,task_d4c8256d-4632-48b6-bbc1-744c2e2a7f44_point_59,spatial_split\task_d4c8256d-4632-48b6-bbc1-744c2e2a7f44,2,2,0,shrubland/savanna,8.365301132202148,0.9997668862342834,0.0,0.00014619498688261956,0.0,2,0,0,0.13905498385429382,8
32,task_d4c8256d-4632-48b6-bbc1-744c2e2a7f44_point_64,spatial_split\task_d4c8256d-4632-48b6-bbc1-744c2e2a7f44,0,0,0,woodland forest,7.1071672439575195,0.9989846348762512,0.0,0.0010839406168088317,0.0,0,0,0,0.20896244049072266,8
32,task_d4c8256d-4632-48b6-bbc1-744c2e2a7f44_point_66,spatial_split\task_d4c8256d-4632-48b6-bbc1-744c2e2a7f44,0,0,0,woodland forest,8.069038391113281,0.999627947807312,0.0,0.00010999843652825803,0.0,0,0,0,0.26127520203590393,8
32,task_d4c8256d-4632-48b6-bbc1-744c2e2a7f44_point_7,spatial_split\task_d4c8256d-4632-48b6-bbc1-744c2e2a7f44,4,2,1,grassland/barren,1.3809213638305664,0.7991335391998291,0.125,0.03323526307940483,0.0,4,0,1,0.04731152951717377,8
32,task_d4c8256d-4632-48b6-bbc1-744c2e2a7f44_point_70,spatial_split\task_d4c8256d-4632-48b6-bbc1-744c2e2a7f44,4,4,0,grassland/barren,8.922140121459961,0.9998657703399658,0.0,1.5667179468437098e-05,0.0,4,0,0,0.12438684701919556,8
32,task_d4c8256d-4632-48b6-bbc1-744c2e2a7f44_point_73,spatial_split\task_d4c8256d-4632-48b6-bbc1-744c2e2a7f44,2,2,0,shrubland/savanna,10.782283782958984,0.9999756813049316,0.0,3.930030288756825e-05,0.0,2,0,0,0.1660529375076294,8
32,task_d4c8256d-4632-48b6-bbc1-744c2e2a7f44_point_74,spatial_split\task_d4c8256d-4632-48b6-bbc1-744c2e2a7f44,2,2,0,shrubland/savanna,7.318153381347656,0.9992550015449524,0.125,0.00031805969774723053,0.0,2,0,0,0.1644035279750824,8
32,task_d4c8256d-4632-48b6-bbc1-744c2e2a7f44_point_80,spatial_split\task_d4c8256d-4632-48b6-bbc1-744c2e2a7f44,4,4,0,grassland/barren,2.8822884559631348,0.9469494819641113,0.25,0.031321000307798386,0.0,2,1,1,0.06021371856331825,8
32,task_d4c8256d-4632-48b6-bbc1-744c2e2a7f44_point_81,spatial_split\task_d4c8256d-4632-48b6-bbc1-744c2e2a7f44,2,0,1,shrubland/savanna,1.2538084983825684,0.771356463432312,0.5,0.089166559278965,0.0,0,1,0,0.16020995378494263,8
32,task_d4c8256d-4632-48b6-bbc1-744c2e2a7f44_point_85,spatial_split\task_d4c8256d-4632-48b6-bbc1-744c2e2a7f44,0,2,1,woodland forest,4.890572547912598,0.9917609691619873,0.125,0.0024010820779949427,0.0,2,1,0,0.12794989347457886,8
32,task_d4c8256d-4632-48b6-bbc1-744c2e2a7f44_point_88,spatial_split\task_d4c8256d-4632-48b6-bbc1-744c2e2a7f44,4,4,0,grassland/barren,5.724456787109375,0.9967396855354309,0.25,0.0012675165198743343,0.0,4,0,0,0.05236833170056343,8
32,task_d4c8256d-4632-48b6-bbc1-744c2e2a7f44_point_9,spatial_split\task_d4c8256d-4632-48b6-bbc1-744c2e2a7f44,2,2,0,shrubland/savanna,8.2034912109375,0.9997257590293884,0.0,5.139112181495875e-05,0.0,2,0,0,0.12685726583003998,8
32,task_d4c8256d-4632-48b6-bbc1-744c2e2a7f44_point_90,spatial_split\task_d4c8256d-4632-48b6-bbc1-744c2e2a7f44,0,0,0,woodland forest,10.411336898803711,0.999958872795105,0.0,1.2685711226367857e-05,0.0,0,0,0,0.21718212962150574,8
32,task_d4c8256d-4632-48b6-bbc1-744c2e2a7f44_point_92,spatial_split\task_d4c8256d-4632-48b6-bbc1-744c2e2a7f44,0,0,0,woodland forest,7.077685832977295,0.9990673661231995,0.0,0.00016044170479290187,0.0,0,0,0,0.2718356251716614,8
32,task_d4c8256d-4632-48b6-bbc1-744c2e2a7f44_point_95,spatial_split\task_d4c8256d-4632-48b6-bbc1-744c2e2a7f44,2,2,0,shrubland/savanna,13.226390838623047,0.9999946355819702,0.0,6.419616624953051e-07,0.0,2,0,0,0.22372709214687347,8
32,task_d7e1febf-3c18-4074-8cc4-399bc2762421_point_31,spatial_split\task_d7e1febf-3c18-4074-8cc4-399bc2762421,2,2,0,shrubland/savanna,11.622458457946777,0.9999881982803345,0.0,5.4112351790536195e-06,0.0,2,0,0,0.1267290711402893,8
32,task_d7e1febf-3c18-4074-8cc4-399bc2762421_point_5,spatial_split\task_d7e1febf-3c18-4074-8cc4-399bc2762421,2,2,0,shrubland/savanna,5.344980239868164,0.9952451586723328,0.0,0.0020013749599456787,0.0,2,0,0,0.12491216510534286,8
32,task_d7e1febf-3c18-4074-8cc4-399bc2762421_point_6,spatial_split\task_d7e1febf-3c18-4074-8cc4-399bc2762421,4,4,0,grassland/barren,8.92949390411377,0.9998506307601929,0.0,3.146144445054233e-05,0.0,4,0,0,0.07077314704656601,8
32,task_d7e1febf-3c18-4074-8cc4-399bc2762421_point_8,spatial_split\task_d7e1febf-3c18-4074-8cc4-399bc2762421,4,4,0,grassland/barren,8.083067893981934,0.9993125200271606,0.0,8.796389010967687e-05,0.0,4,0,0,0.12448637187480927,8
32,task_dd115912-0e85-4035-82a2-73a21abf0bac_point_0,spatial_split\task_dd115912-0e85-4035-82a2-73a21abf0bac,2,2,0,shrubland/savanna,2.403419256210327,0.9132953882217407,0.875,0.25241735577583313,0.5,2,0,0,0.1360679715871811,8
32,task_dd115912-0e85-4035-82a2-73a21abf0bac_point_10,spatial_split\task_dd115912-0e85-4035-82a2-73a21abf0bac,2,2,0,shrubland/savanna,4.047010898590088,0.9823309183120728,0.125,0.04941464215517044,0.0,4,1,1,0.060592588037252426,8
32,task_dd115912-0e85-4035-82a2-73a21abf0bac_point_13,spatial_split\task_dd115912-0e85-4035-82a2-73a21abf0bac,2,2,0,shrubland/savanna,8.171377182006836,0.9993228912353516,0.125,0.001139357453212142,0.0,2,0,0,0.11664154380559921,8
32,task_dd115912-0e85-4035-82a2-73a21abf0bac_point_14,spatial_split\task_dd115912-0e85-4035-82a2-73a21abf0bac,1,1,0,open water,9.297415733337402,0.9997504353523254,0.0,7.762804671074264e-06,0.0,1,0,0,0.13486507534980774,8
32,task_dd115912-0e85-4035-82a2-73a21abf0bac_point_17,spatial_split\task_dd115912-0e85-4035-82a2-73a21abf0bac,0,0,0,woodland forest,1.1546711921691895,0.7345377206802368,0.75,0.12691593170166016,0.0,0,0,0,0.19637557864189148,8
32,task_dd115912-0e85-4035-82a2-73a21abf0bac_point_2,spatial_split\task_dd115912-0e85-4035-82a2-73a21abf0bac,2,2,0,shrubland/savanna,6.12531852722168,0.9960516095161438,0.0,0.00036726545658893883,0.0,6,1,1,0.13393539190292358,8
32,task_dd115912-0e85-4035-82a2-73a21abf0bac_point_21,spatial_split\task_dd115912-0e85-4035-82a2-73a21abf0bac,0,6,1,woodland forest,1.5788497924804688,0.8254738450050354,0.125,0.04170724004507065,0.0,0,0,1,0.25725680589675903,8
32,task_dd115912-0e85-4035-82a2-73a21abf0bac_point_22,spatial_split\task_dd115912-0e85-4035-82a2-73a21abf0bac,0,0,0,woodland forest,2.0105299949645996,0.8806179165840149,0.125,0.029539456591010094,0.0,0,0,0,0.2577210068702698,8
32,task_dd115912-0e85-4035-82a2-73a21abf0bac_point_25,spatial_split\task_dd115912-0e85-4035-82a2-73a21abf0bac,2,2,0,shrubland/savanna,6.61844539642334,0.9979161620140076,0.0,0.0005668523954227567,0.0,4,1,1,0.16992387175559998,8
32,task_dd115912-0e85-4035-82a2-73a21abf0bac_point_3,spatial_split\task_dd115912-0e85-4035-82a2-73a21abf0bac,0,6,1,woodland forest,2.516932964324951,0.9213728904724121,0.0,0.04135933145880699,0.0,6,1,0,0.2255384474992752,8
32,task_dd115912-0e85-4035-82a2-73a21abf0bac_point_30,spatial_split\task_dd115912-0e85-4035-82a2-73a21abf0bac,6,6,0,montane forest,1.634993553161621,0.8365157246589661,0.25,0.07019122689962387,0.0,6,0,0,0.2643488347530365,8
32,task_dd115912-0e85-4035-82a2-73a21abf0bac_point_39,spatial_split\task_dd115912-0e85-4035-82a2-73a21abf0bac,0,2,1,woodland forest,2.2855122089385986,0.8483257293701172,0.0,0.1843770146369934,0.0,0,0,1,0.24092833697795868,8
32,task_dd115912-0e85-4035-82a2-73a21abf0bac_point_40,spatial_split\task_dd115912-0e85-4035-82a2-73a21abf0bac,1,1,0,open water,8.609939575195312,0.9997816681861877,0.0,4.091935807082336e-06,0.0,1,0,0,0.020559968426823616,8
32,task_dd115912-0e85-4035-82a2-73a21abf0bac_point_41,spatial_split\task_dd115912-0e85-4035-82a2-73a21abf0bac,0,0,0,woodland forest,9.03886890411377,0.9997567534446716,0.375,4.7624391299905255e-05,0.0,0,0,0,0.21093273162841797,8
32,task_dd115912-0e85-4035-82a2-73a21abf0bac_point_45,spatial_split\task_dd115912-0e85-4035-82a2-73a21abf0bac,4,2,1,grassland/barren,3.9820480346679688,0.9816716313362122,0.0,0.006453670561313629,0.0,2,1,0,0.12091224640607834,8
32,task_dd115912-0e85-4035-82a2-73a21abf0bac_point_48,spatial_split\task_dd115912-0e85-4035-82a2-73a21abf0bac,2,2,0,shrubland/savanna,7.2484540939331055,0.9987066984176636,0.125,0.00032280691084451973,0.0,2,0,0,0.11450900882482529,8
32,task_dd115912-0e85-4035-82a2-73a21abf0bac_point_50,spatial_split\task_dd115912-0e85-4035-82a2-73a21abf0bac,2,2,0,shrubland/savanna,4.718315601348877,0.9879651069641113,0.0,0.002834425074979663,0.0,2,0,0,0.15737488865852356,8
32,task_dd115912-0e85-4035-82a2-73a21abf0bac_point_55,spatial_split\task_dd115912-0e85-4035-82a2-73a21abf0bac,0,6,1,woodland forest,0.1666412353515625,0.5401767492294312,0.75,0.0682167336344719,0.0,0,0,1,0.2490793764591217,8
32,task_dd115912-0e85-4035-82a2-73a21abf0bac_point_57,spatial_split\task_dd115912-0e85-4035-82a2-73a21abf0bac,0,6,1,woodland forest,2.9935784339904785,0.9489261507987976,0.0,0.01590486243367195,0.0,0,0,1,0.21678699553012848,8
32,task_dd115912-0e85-4035-82a2-73a21abf0bac_point_60,spatial_split\task_dd115912-0e85-4035-82a2-73a21abf0bac,0,0,0,woodland forest,2.817178726196289,0.9421678185462952,0.375,0.08852801471948624,0.0,2,1,1,0.16255901753902435,8
32,task_dd115912-0e85-4035-82a2-73a21abf0bac_point_62,spatial_split\task_dd115912-0e85-4035-82a2-73a21abf0bac,0,0,0,woodland forest,1.7550368309020996,0.8353521823883057,0.25,0.05684340000152588,0.0,2,1,1,0.1748279482126236,8
32,task_dd115912-0e85-4035-82a2-73a21abf0bac_point_63,spatial_split\task_dd115912-0e85-4035-82a2-73a21abf0bac,2,2,0,shrubland/savanna,7.863870143890381,0.999535083770752,0.0,2.175059125875123e-05,0.0,2,0,0,0.1592128425836563,8
32,task_e318aeda-1e00-46bd-8cc6-031db2328f51_point_14,spatial_split\task_e318aeda-1e00-46bd-8cc6-031db2328f51,4,4,0,grassland/barren,14.393163681030273,0.9999986886978149,0.0,1.9768624781590916e-07,0.0,4,0,0,0.12954546511173248,8
32,task_e318aeda-1e00-46bd-8cc6-031db2328f51_point_15,spatial_split\task_e318aeda-1e00-46bd-8cc6-031db2328f51,2,2,0,shrubland/savanna,2.2549142837524414,0.9049232602119446,0.125,0.20666566491127014,0.25,0,1,1,0.17542250454425812,8
32,task_e318aeda-1e00-46bd-8cc6-031db2328f51_point_22,spatial_split\task_e318aeda-1e00-46bd-8cc6-031db2328f51,6,6,0,montane forest,7.535773754119873,0.999337375164032,0.0,8.954785880632699e-05,0.0,6,0,0,0.3326316773891449,8
32,task_e318aeda-1e00-46bd-8cc6-031db2328f51_point_27,spatial_split\task_e318aeda-1e00-46bd-8cc6-031db2328f51,6,6,0,montane forest,7.435788154602051,0.9990625977516174,0.0,0.00014247733633965254,0.0,6,0,0,0.33800071477890015,8
32,task_e318aeda-1e00-46bd-8cc6-031db2328f51_point_3,spatial_split\task_e318aeda-1e00-46bd-8cc6-031db2328f51,4,4,0,grassland/barren,6.368626594543457,0.9982587695121765,0.25,0.0013701069401577115,0.0,4,0,0,0.16916783154010773,8
32,task_e318aeda-1e00-46bd-8cc6-031db2328f51_point_31,spatial_split\task_e318aeda-1e00-46bd-8cc6-031db2328f51,6,6,0,montane forest,9.71609878540039,0.999863862991333,0.0,4.420608820510097e-05,0.0,6,0,0,0.32822903990745544,8
32,task_e318aeda-1e00-46bd-8cc6-031db2328f51_point_39,spatial_split\task_e318aeda-1e00-46bd-8cc6-031db2328f51,6,6,0,montane forest,8.231164932250977,0.9994029998779297,0.0,4.2465926526347175e-05,0.0,6,0,0,0.2763292193412781,8
32,task_e318aeda-1e00-46bd-8cc6-031db2328f51_point_40,spatial_split\task_e318aeda-1e00-46bd-8cc6-031db2328f51,2,2,0,shrubland/savanna,4.488481521606445,0.988820493221283,0.125,0.02896037884056568,0.0,2,0,0,0.18549636006355286,8
32,task_e318aeda-1e00-46bd-8cc6-031db2328f51_point_6,spatial_split\task_e318aeda-1e00-46bd-8cc6-031db2328f51,4,4,0,grassland/barren,5.765068054199219,0.9968429803848267,0.0,0.0006416658288799226,0.0,4,0,0,0.177789568901062,8
32,task_e318aeda-1e00-46bd-8cc6-031db2328f51_point_8,spatial_split\task_e318aeda-1e00-46bd-8cc6-031db2328f51,7,7,0,lava forest,5.337043762207031,0.9949878454208374,0.0,0.001303337630815804,0.0,7,0,0,0.1836910843849182,8
32,task_e5ce4657-b0e3-4126-89cc-ded23616f48e_point_11,spatial_split\task_e5ce4657-b0e3-4126-89cc-ded23616f48e,5,5,0,agriculture/settlement,12.547252655029297,0.9999948740005493,0.0,8.194284077944758e-07,0.0,5,0,0,0.14314579963684082,8
32,task_e5ce4657-b0e3-4126-89cc-ded23616f48e_point_17,spatial_split\task_e5ce4657-b0e3-4126-89cc-ded23616f48e,4,4,0,grassland/barren,10.22712230682373,0.9999593496322632,0.125,1.0321934496460017e-05,0.0,4,0,0,0.06895430386066437,8
32,task_e5ce4657-b0e3-4126-89cc-ded23616f48e_point_23,spatial_split\task_e5ce4657-b0e3-4126-89cc-ded23616f48e,2,2,0,shrubland/savanna,10.08281421661377,0.9999547004699707,0.0,1.0743561688286718e-05,0.0,2,0,0,0.15582741796970367,8
32,task_e5ce4657-b0e3-4126-89cc-ded23616f48e_point_40,spatial_split\task_e5ce4657-b0e3-4126-89cc-ded23616f48e,2,2,0,shrubland/savanna,6.223960876464844,0.997761607170105,0.25,0.0008160616271197796,0.0,2,0,0,0.16217543184757233,8
32,task_e665b4ff-778e-4255-9b0c-aa89a0e7eed0_point_10,spatial_split\task_e665b4ff-778e-4255-9b0c-aa89a0e7eed0,2,2,0,shrubland/savanna,9.767021179199219,0.9999150037765503,0.0,1.9664927094709128e-05,0.0,2,0,0,0.11465708166360855,8
32,task_e665b4ff-778e-4255-9b0c-aa89a0e7eed0_point_11,spatial_split\task_e665b4ff-778e-4255-9b0c-aa89a0e7eed0,2,2,0,shrubland/savanna,8.210030555725098,0.999714195728302,0.0,5.952252831775695e-05,0.0,2,0,0,0.0828082337975502,8
32,task_e665b4ff-778e-4255-9b0c-aa89a0e7eed0_point_22,spatial_split\task_e665b4ff-778e-4255-9b0c-aa89a0e7eed0,0,0,0,woodland forest,3.5523200035095215,0.9720498919487,0.5,0.03611457347869873,0.0,0,0,0,0.1198854148387909,8
32,task_e665b4ff-778e-4255-9b0c-aa89a0e7eed0_point_23,spatial_split\task_e665b4ff-778e-4255-9b0c-aa89a0e7eed0,2,2,0,shrubland/savanna,8.016006469726562,0.9996668100357056,0.0,0.0001751709496602416,0.0,2,0,0,0.19160492718219757,8
32,task_e665b4ff-778e-4255-9b0c-aa89a0e7eed0_point_26,spatial_split\task_e665b4ff-778e-4255-9b0c-aa89a0e7eed0,2,4,1,shrubland/savanna,3.3070855140686035,0.9644715785980225,0.0,0.10169035196304321,0.0,2,0,1,0.060716960579156876,8
32,task_e665b4ff-778e-4255-9b0c-aa89a0e7eed0_point_27,spatial_split\task_e665b4ff-778e-4255-9b0c-aa89a0e7eed0,2,2,0,shrubland/savanna,7.999607086181641,0.9994845390319824,0.0,0.00018678844207897782,0.0,2,0,0,0.20826980471611023,8
32,task_e665b4ff-778e-4255-9b0c-aa89a0e7eed0_point_29,spatial_split\task_e665b4ff-778e-4255-9b0c-aa89a0e7eed0,0,0,0,woodland forest,3.517247200012207,0.9710781574249268,0.375,0.012064464390277863,0.0,0,0,0,0.21436214447021484,8
32,task_e665b4ff-778e-4255-9b0c-aa89a0e7eed0_point_30,spatial_split\task_e665b4ff-778e-4255-9b0c-aa89a0e7eed0,4,4,0,grassland/barren,8.735308647155762,0.9998255372047424,0.0,5.3563693654723465e-05,0.0,4,0,0,0.10445262491703033,8
32,task_e665b4ff-778e-4255-9b0c-aa89a0e7eed0_point_34,spatial_split\task_e665b4ff-778e-4255-9b0c-aa89a0e7eed0,2,2,0,shrubland/savanna,11.461381912231445,0.9999872446060181,0.0,3.002796574946842e-06,0.0,2,0,0,0.09029968082904816,8
32,task_e665b4ff-778e-4255-9b0c-aa89a0e7eed0_point_35,spatial_split\task_e665b4ff-778e-4255-9b0c-aa89a0e7eed0,4,4,0,grassland/barren,9.248690605163574,0.9998995065689087,0.0,2.7586971555138007e-05,0.0,4,0,0,0.1896951049566269,8
32,task_e665b4ff-778e-4255-9b0c-aa89a0e7eed0_point_39,spatial_split\task_e665b4ff-778e-4255-9b0c-aa89a0e7eed0,2,2,0,shrubland/savanna,10.901582717895508,0.9999809265136719,0.0,6.721596491843229e-06,0.0,2,0,0,0.1484280675649643,8
32,task_e665b4ff-778e-4255-9b0c-aa89a0e7eed0_point_43,spatial_split\task_e665b4ff-778e-4255-9b0c-aa89a0e7eed0,4,4,0,grassland/barren,6.891531467437744,0.9988797307014465,0.0,0.00011731831909855828,0.0,4,0,0,0.17680837213993073,8
32,task_e665b4ff-778e-4255-9b0c-aa89a0e7eed0_point_44,spatial_split\task_e665b4ff-778e-4255-9b0c-aa89a0e7eed0,0,0,0,woodland forest,0.27707815170288086,0.5687519907951355,0.5,0.15135161578655243,0.75,2,1,1,0.15774133801460266,8
32,task_e665b4ff-778e-4255-9b0c-aa89a0e7eed0_point_45,spatial_split\task_e665b4ff-778e-4255-9b0c-aa89a0e7eed0,4,2,1,grassland/barren,0.3638582229614258,0.5893515944480896,0.5,0.16230474412441254,0.0,4,0,1,0.08818342536687851,8
32,task_e665b4ff-778e-4255-9b0c-aa89a0e7eed0_point_5,spatial_split\task_e665b4ff-778e-4255-9b0c-aa89a0e7eed0,4,4,0,grassland/barren,1.6653618812561035,0.8403692841529846,0.25,0.1659460961818695,0.25,4,0,0,0.14591671526432037,8
32,task_e8e257cf-6745-4563-8cf9-9e6d3b8eef5c_point_16,spatial_split\task_e8e257cf-6745-4563-8cf9-9e6d3b8eef5c,8,8,0,urban/dense dev.,14.032647132873535,0.9999974966049194,0.0,2.308478030954575e-07,0.0,8,0,0,0.039986465126276016,8
32,task_e8e257cf-6745-4563-8cf9-9e6d3b8eef5c_point_19,spatial_split\task_e8e257cf-6745-4563-8cf9-9e6d3b8eef5c,4,4,0,grassland/barren,10.415349960327148,0.9999667406082153,0.0,9.294120900449343e-06,0.0,4,0,0,0.17587564885616302,8
32,task_e8e257cf-6745-4563-8cf9-9e6d3b8eef5c_point_21,spatial_split\task_e8e257cf-6745-4563-8cf9-9e6d3b8eef5c,4,2,1,grassland/barren,8.313301086425781,0.9996801614761353,0.0,6.257260247366503e-05,0.0,2,1,0,0.18921826779842377,8
32,task_e8e257cf-6745-4563-8cf9-9e6d3b8eef5c_point_25,spatial_split\task_e8e257cf-6745-4563-8cf9-9e6d3b8eef5c,2,2,0,shrubland/savanna,3.5378246307373047,0.9716746211051941,1.0,0.1259503811597824,0.0,2,0,0,0.17604774236679077,8
32,task_e8e257cf-6745-4563-8cf9-9e6d3b8eef5c_point_33,spatial_split\task_e8e257cf-6745-4563-8cf9-9e6d3b8eef5c,5,5,0,agriculture/settlement,12.017287254333496,0.9999855756759644,0.125,2.239739160359022e-06,0.0,5,0,0,0.23817738890647888,8
32,task_e8e257cf-6745-4563-8cf9-9e6d3b8eef5c_point_37,spatial_split\task_e8e257cf-6745-4563-8cf9-9e6d3b8eef5c,8,8,0,urban/dense dev.,10.487614631652832,0.9999531507492065,0.0,0.00029989363974891603,0.0,8,0,0,0.07656476646661758,8
32,task_e8e257cf-6745-4563-8cf9-9e6d3b8eef5c_point_38,spatial_split\task_e8e257cf-6745-4563-8cf9-9e6d3b8eef5c,5,5,0,agriculture/settlement,7.496147155761719,0.9989307522773743,0.375,0.00042838146327994764,0.0,5,0,0,0.2481626719236374,8
32,task_e8e257cf-6745-4563-8cf9-9e6d3b8eef5c_point_52,spatial_split\task_e8e257cf-6745-4563-8cf9-9e6d3b8eef5c,8,8,0,urban/dense dev.,7.542034149169922,0.9992762207984924,0.0,0.0008830894366838038,0.0,5,1,1,0.1377832442522049,8
32,task_e8e257cf-6745-4563-8cf9-9e6d3b8eef5c_point_8,spatial_split\task_e8e257cf-6745-4563-8cf9-9e6d3b8eef5c,8,8,0,urban/dense dev.,7.990423202514648,0.9994432330131531,0.25,0.0004410648543853313,0.0,8,0,0,0.13387618958950043,8
32,task_f1f0753e-b731-439c-b799-47b5ece62fa4_point_1,spatial_split\task_f1f0753e-b731-439c-b799-47b5ece62fa4,4,4,0,grassland/barren,3.3258423805236816,0.964987576007843,0.0,0.013164266012609005,0.0,4,0,0,0.1529161036014557,8
32,task_f1f0753e-b731-439c-b799-47b5ece62fa4_point_10,spatial_split\task_f1f0753e-b731-439c-b799-47b5ece62fa4,5,5,0,agriculture/settlement,9.819319725036621,0.999920129776001,0.0,8.937318852986209e-06,0.0,5,0,0,0.059280917048454285,8
32,task_f1f0753e-b731-439c-b799-47b5ece62fa4_point_13,spatial_split\task_f1f0753e-b731-439c-b799-47b5ece62fa4,5,5,0,agriculture/settlement,4.754927635192871,0.9914408922195435,0.0,0.009130125865340233,0.0,5,0,0,0.13972072303295135,8
32,task_f1f0753e-b731-439c-b799-47b5ece62fa4_point_18,spatial_split\task_f1f0753e-b731-439c-b799-47b5ece62fa4,4,4,0,grassland/barren,10.64832878112793,0.9999688863754272,0.0,7.943087439343799e-06,0.0,4,0,0,0.14160744845867157,8
32,task_f1f0753e-b731-439c-b799-47b5ece62fa4_point_27,spatial_split\task_f1f0753e-b731-439c-b799-47b5ece62fa4,5,5,0,agriculture/settlement,9.257116317749023,0.9998670816421509,0.0,8.734830043977126e-05,0.0,5,0,0,0.2604818344116211,8
32,task_f1f0753e-b731-439c-b799-47b5ece62fa4_point_37,spatial_split\task_f1f0753e-b731-439c-b799-47b5ece62fa4,5,5,0,agriculture/settlement,9.555408477783203,0.9999115467071533,0.375,2.6431887818034738e-05,0.0,5,0,0,0.17733876407146454,8
32,task_fcb73770-53a9-42b0-97f8-fb00e65420b6_point_14,spatial_split\task_fcb73770-53a9-42b0-97f8-fb00e65420b6,5,5,0,agriculture/settlement,11.139921188354492,0.9999679327011108,0.0,3.1730726277601207e-06,0.0,5,0,0,0.1486835926771164,8
32,task_fcb73770-53a9-42b0-97f8-fb00e65420b6_point_17,spatial_split\task_fcb73770-53a9-42b0-97f8-fb00e65420b6,2,2,0,shrubland/savanna,5.80478048324585,0.9957253932952881,0.0,0.004005718976259232,0.0,5,1,1,0.22247932851314545,8
32,task_fcb73770-53a9-42b0-97f8-fb00e65420b6_point_6,spatial_split\task_fcb73770-53a9-42b0-97f8-fb00e65420b6,5,5,0,agriculture/settlement,12.031702041625977,0.9999829530715942,0.0,2.7605381092143944e-06,0.0,5,0,0,0.20806585252285004,8
