part,unit,n_patches,n_errors,signal,aurc,capture@0.05,capture_stable@0.05,gain_vs_confidence@0.05,capture@0.1,capture_stable@0.1,gain_vs_confidence@0.1,capture@0.2,capture_stable@0.2,gain_vs_confidence@0.2,W/L@0.05,W/L@0.1,W/L@0.2
AWF,crop16,344,41,confidence (baseline),0.026245766217610895,0.21951219512195122,0.21951219512195122,0.0,0.3902439024390244,0.3902439024390244,0.0,0.6341463414634146,0.6341463414634146,0.0,,,
AWF,crop16,344,41,boundary indicator,0.07651147030374644,0.1902439024390244,0.21951219512195122,-0.029268292682926828,0.3153310104529617,0.2926829268292683,-0.07491289198606271,0.43205574912891986,0.4146341463414634,-0.20209059233449478,,,
AWF,crop16,344,41,tile-phase (aligned),0.023461518454870354,0.17073170731707318,0.17073170731707318,-0.04878048780487804,0.36585365853658536,0.36585365853658536,-0.024390243902439046,0.7073170731707317,0.7073170731707317,0.07317073170731703,,,
AWF,crop16,344,41,probe disagreement,0.08519418416394625,0.13555347091932457,0.0975609756097561,-0.08395872420262665,0.27110694183864914,0.21951219512195122,-0.11913696060037526,0.4487136652188439,0.43902439024390244,-0.18543267624457072,,,
AWF,crop16,344,41,control NDVI temporal std,0.09373753034752208,0.07317073170731707,0.07317073170731707,-0.14634146341463417,0.12195121951219512,0.12195121951219512,-0.2682926829268293,0.2926829268292683,0.2926829268292683,-0.34146341463414637,,,
AWF,crop32,344,42,confidence (baseline),0.02764128836475447,0.21428571428571427,0.21428571428571427,0.0,0.42857142857142855,0.42857142857142855,0.0,0.6904761904761905,0.6904761904761905,0.0,,,
AWF,crop32,344,42,boundary indicator,0.07999607625455893,0.15476190476190477,0.14285714285714285,-0.05952380952380951,0.30112044817927175,0.30952380952380953,-0.1274509803921568,0.4123809523809524,0.38095238095238093,-0.27809523809523806,,,
AWF,crop32,344,42,tile-phase (aligned),0.02857288971204627,0.16666666666666666,0.16666666666666666,-0.047619047619047616,0.30952380952380953,0.30952380952380953,-0.11904761904761901,0.6428571428571429,0.6428571428571429,-0.04761904761904756,,,
AWF,crop32,344,42,probe disagreement,0.0857538422871701,0.13746630727762804,0.16666666666666666,-0.07681940700808623,0.2749326145552561,0.23809523809523808,-0.15363881401617246,0.45999018163966615,0.4523809523809524,-0.23048600883652431,,,
AWF,crop32,344,42,control NDVI temporal std,0.10272007772103138,0.023809523809523808,0.023809523809523808,-0.19047619047619047,0.09523809523809523,0.09523809523809523,-0.3333333333333333,0.2619047619047619,0.2619047619047619,-0.42857142857142855,,,
A,barotse,1024,98,confidence (baseline),0.06848540720532928,0.22448979591836735,,0.0,0.336734693877551,,0.0,0.5612244897959183,,0.0,,,
A,barotse,1024,98,tile-phase (aligned),0.012838183919795387,0.3469387755102041,,0.12244897959183673,0.5612244897959183,,0.22448979591836732,0.8061224489795918,,0.24489795918367352,,,
A,barotse,1024,98,boundary indicator,0.007913906264369726,0.43265306122448977,,0.20816326530612242,0.6821892393320965,,0.3454545454545455,0.952474140341068,,0.3912496505451497,,,
A,barotse,1024,98,control NDWI gradient,0.03924689964288428,0.3673469387755102,,0.14285714285714288,0.4387755102040816,,0.10204081632653061,0.5918367346938775,,0.030612244897959218,,,
A,barotse,1024,98,constant score,0.095703125,0.0498046875,,-0.17468510841836735,0.099609375,,-0.237125318877551,0.2001953125,,-0.3610291772959183,,,
A,barotse,1024,98,control S2 patch variance,0.06190244471121821,0.30612244897959184,,0.0816326530612245,0.40816326530612246,,0.07142857142857145,0.5102040816326531,,-0.05102040816326525,,,
A,barotse,1024,98,control NDWI level,0.09501571607597187,0.11224489795918367,,-0.11224489795918367,0.12244897959183673,,-0.21428571428571427,0.16326530612244897,,-0.3979591836734694,,,
A,cuando_20,1024,49,confidence (baseline),0.0034888486792538816,0.46938775510204084,,0.0,0.6938775510204082,,0.0,0.9795918367346939,,0.0,,,
A,cuando_20,1024,49,tile-phase (aligned),0.0024740425764086986,0.6326530612244898,,0.163265306122449,0.8571428571428571,,0.16326530612244894,0.9795918367346939,,0.0,,,
A,cuando_20,1024,49,boundary indicator,0.004402530960948527,0.8021295474711623,,0.33274179236912144,0.8846495119787046,,0.1907719609582964,0.9354359925788497,,-0.04415584415584417,,,
A,cuando_20,1024,49,control NDWI gradient,0.009235296809769557,0.5714285714285714,,0.10204081632653056,0.8571428571428571,,0.16326530612244894,0.9387755102040817,,-0.04081632653061218,,,
A,cuando_20,1024,49,constant score,0.0478515625,0.0498046875,,-0.41958306760204084,0.099609375,,-0.5942681760204082,0.2001953125,,-0.7793965242346939,,,
A,cuando_20,1024,49,control S2 patch variance,0.01356968040577312,0.24489795918367346,,-0.22448979591836737,0.46938775510204084,,-0.22448979591836732,0.7959183673469388,,-0.18367346938775508,,,
A,cuando_20,1024,49,control NDWI level,0.0145981085701191,0.3469387755102041,,-0.12244897959183676,0.42857142857142855,,-0.2653061224489796,0.5714285714285714,,-0.40816326530612246,,,
A,cuando_50,1024,168,confidence (baseline),0.053649177945038526,0.19642857142857142,,0.0,0.2857142857142857,,0.0,0.5178571428571429,,0.0,,,
A,cuando_50,1024,168,tile-phase (aligned),0.027686350259281824,0.21428571428571427,,0.01785714285714285,0.36904761904761907,,0.08333333333333337,0.7380952380952381,,0.22023809523809523,,,
A,cuando_50,1024,168,boundary indicator,0.029078780871610522,0.23452380952380952,,0.0380952380952381,0.4828767123287671,,0.1971624266144814,0.7608745421245422,,0.2430173992673993,,,
A,cuando_50,1024,168,control NDWI gradient,0.03158526610926906,0.30357142857142855,,0.10714285714285712,0.5357142857142857,,0.25,0.8214285714285714,,0.3035714285714285,,,
A,cuando_50,1024,168,constant score,0.1640625,0.0498046875,,-0.14662388392857142,0.099609375,,-0.1861049107142857,0.2001953125,,-0.3176618303571429,,,
A,cuando_50,1024,168,control S2 patch variance,0.04123510932147027,0.23809523809523808,,0.04166666666666666,0.44047619047619047,,0.15476190476190477,0.7916666666666666,,0.2738095238095237,,,
A,cuando_50,1024,168,control NDWI level,0.03327961197869088,0.21428571428571427,,0.01785714285714285,0.4523809523809524,,0.16666666666666669,0.8035714285714286,,0.2857142857142857,,,
A,cuando_80,1024,61,confidence (baseline),0.007179925640351724,0.47540983606557374,,0.0,0.6721311475409836,,0.0,0.8360655737704918,,0.0,,,
A,cuando_80,1024,61,tile-phase (aligned),0.005021816902367314,0.36065573770491804,,-0.1147540983606557,0.7540983606557377,,0.08196721311475408,0.9344262295081968,,0.09836065573770492,,,
A,cuando_80,1024,61,boundary indicator,0.006977775771925091,0.5282331511839709,,0.05282331511839711,0.7828868452618952,,0.11075569772091165,0.8697548503534367,,0.03368927658294485,,,
A,cuando_80,1024,61,control NDWI gradient,0.009273066998781571,0.3114754098360656,,-0.16393442622950816,0.6557377049180327,,-0.016393442622950838,0.9180327868852459,,0.08196721311475408,,,
A,cuando_80,1024,61,constant score,0.0595703125,0.0498046875,,-0.42560514856557374,0.099609375,,-0.5725217725409836,0.2001953125,,-0.6358702612704918,,,
A,cuando_80,1024,61,control S2 patch variance,0.011358400573670251,0.22950819672131148,,-0.24590163934426226,0.45901639344262296,,-0.21311475409836061,0.819672131147541,,-0.016393442622950838,,,
A,cuando_80,1024,61,control NDWI level,0.019792745793629697,0.2459016393442623,,-0.22950819672131145,0.39344262295081966,,-0.2786885245901639,0.5409836065573771,,-0.29508196721311475,,,
A,delta,1024,29,confidence (baseline),0.02335829384562752,0.2413793103448276,,0.0,0.3793103448275862,,0.0,0.41379310344827586,,0.0,,,
A,delta,1024,29,tile-phase (aligned),0.00085502975326804,0.8620689655172413,,0.6206896551724137,1.0,,0.6206896551724138,1.0,,0.5862068965517242,,,
A,delta,1024,29,boundary indicator,0.00042261908881956867,1.0,,0.7586206896551724,1.0,,0.6206896551724138,1.0,,0.5862068965517242,,,
A,delta,1024,29,control NDWI gradient,0.00047076790111707064,1.0,,0.7586206896551724,1.0,,0.6206896551724138,1.0,,0.5862068965517242,,,
A,delta,1024,29,constant score,0.0283203125,0.0498046875,,-0.1915746228448276,0.099609375,,-0.2797009698275862,0.2001953125,,-0.21359779094827586,,,
A,delta,1024,29,control S2 patch variance,0.0008827676116018913,0.8275862068965517,,0.5862068965517241,0.9655172413793104,,0.5862068965517242,1.0,,0.5862068965517242,,,
A,delta,1024,29,control NDWI level,0.0007124480195372512,0.896551724137931,,0.6551724137931034,0.9655172413793104,,0.5862068965517242,1.0,,0.5862068965517242,,,
A,kafue_20,1024,78,confidence (baseline),0.01650665754542609,0.3076923076923077,,0.0,0.46153846153846156,,0.0,0.717948717948718,,0.0,,,
A,kafue_20,1024,78,tile-phase (aligned),0.008063980217753416,0.2948717948717949,,-0.01282051282051283,0.5641025641025641,,0.10256410256410253,0.8974358974358975,,0.17948717948717952,,,
A,kafue_20,1024,78,boundary indicator,0.012883780262225687,0.40433925049309666,,0.09664694280078895,0.5832521908471275,,0.12171372930866597,0.7858138238573021,,0.06786510590858419,,,
A,kafue_20,1024,78,control NDWI gradient,0.029110532445458373,0.21794871794871795,,-0.08974358974358976,0.3974358974358974,,-0.06410256410256415,0.6538461538461539,,-0.0641025641025641,,,
A,kafue_20,1024,78,constant score,0.076171875,0.0498046875,,-0.2578876201923077,0.099609375,,-0.36192908653846156,0.2001953125,,-0.517753405448718,,,
A,kafue_20,1024,78,control S2 patch variance,0.033245577718983746,0.2948717948717949,,-0.01282051282051283,0.4358974358974359,,-0.02564102564102566,0.6666666666666666,,-0.05128205128205132,,,
A,kafue_20,1024,78,control NDWI level,0.03805425411283495,0.038461538461538464,,-0.2692307692307693,0.16666666666666666,,-0.29487179487179493,0.48717948717948717,,-0.23076923076923078,,,
A,kafue_50,1024,48,confidence (baseline),0.024110653216123233,0.2708333333333333,,0.0,0.4166666666666667,,0.0,0.5833333333333334,,0.0,,,
A,kafue_50,1024,48,tile-phase (aligned),0.0027177840373641703,0.5416666666666666,,0.2708333333333333,0.875,,0.4583333333333333,0.9791666666666666,,0.39583333333333326,,,
A,kafue_50,1024,48,boundary indicator,0.0028751929546086737,0.7626811594202899,,0.4918478260869566,0.9251126126126126,,0.5084459459459458,0.979267922235723,,0.39593458890238964,,,
A,kafue_50,1024,48,control NDWI gradient,0.00994644006941406,0.6041666666666666,,0.3333333333333333,0.8333333333333334,,0.4166666666666667,0.9375,,0.35416666666666663,,,
A,kafue_50,1024,48,constant score,0.046875,0.0498046875,,-0.22102864583333331,0.099609375,,-0.3170572916666667,0.2001953125,,-0.38313802083333337,,,
A,kafue_50,1024,48,control S2 patch variance,0.009535391209516483,0.25,,-0.020833333333333315,0.5,,0.08333333333333331,0.7916666666666666,,0.20833333333333326,,,
A,kafue_50,1024,48,control NDWI level,0.02047140606514291,0.625,,0.3541666666666667,0.7708333333333334,,0.3541666666666667,0.8541666666666666,,0.27083333333333326,,,
A,kafue_80,1024,38,confidence (baseline),0.012787340273234145,0.42105263157894735,,0.0,0.5789473684210527,,0.0,0.7368421052631579,,0.0,,,
A,kafue_80,1024,38,tile-phase (aligned),0.00199675527257141,0.6052631578947368,,0.1842105263157895,0.9210526315789473,,0.3421052631578947,0.9736842105263158,,0.23684210526315796,,,
A,kafue_80,1024,38,boundary indicator,0.002117132242295544,0.531203007518797,,0.11015037593984967,0.8571428571428571,,0.27819548872180444,1.0,,0.26315789473684215,,,
A,kafue_80,1024,38,control NDWI gradient,0.0014200048619648215,0.7631578947368421,,0.3421052631578948,1.0,,0.42105263157894735,1.0,,0.26315789473684215,,,
A,kafue_80,1024,38,constant score,0.037109375,0.0498046875,,-0.37124794407894735,0.099609375,,-0.47933799342105265,0.2001953125,,-0.5366467927631579,,,
A,kafue_80,1024,38,control S2 patch variance,0.0012315532294791115,0.8157894736842105,,0.39473684210526316,1.0,,0.42105263157894735,1.0,,0.26315789473684215,,,
A,kafue_80,1024,38,control NDWI level,0.012711775020946153,0.07894736842105263,,-0.3421052631578947,0.5,,-0.07894736842105265,0.7894736842105263,,0.052631578947368474,,,
A,kazungula,1024,18,confidence (baseline),0.0008900597118252472,0.6666666666666666,,0.0,0.8333333333333334,,0.0,0.9444444444444444,,0.0,,,
A,kazungula,1024,18,tile-phase (aligned),0.0005777360055585042,0.8333333333333334,,0.16666666666666674,0.9444444444444444,,0.11111111111111105,1.0,,0.05555555555555558,,,
A,kazungula,1024,18,boundary indicator,0.0005021252430764995,0.8421052631578947,,0.17543859649122806,0.963768115942029,,0.13043478260869568,1.0,,0.05555555555555558,,,
A,kazungula,1024,18,control NDWI gradient,0.001606961578322984,0.5555555555555556,,-0.11111111111111105,0.6111111111111112,,-0.2222222222222222,0.8888888888888888,,-0.05555555555555558,,,
A,kazungula,1024,18,constant score,0.017578125,0.0498046875,,-0.6168619791666666,0.099609375,,-0.7337239583333334,0.2001953125,,-0.7442491319444444,,,
A,kazungula,1024,18,control S2 patch variance,0.0012104315694795077,0.5555555555555556,,-0.11111111111111105,0.8888888888888888,,0.05555555555555547,0.9444444444444444,,0.0,,,
A,kazungula,1024,18,control NDWI level,0.014373455397467155,0.2777777777777778,,-0.38888888888888884,0.3333333333333333,,-0.5,0.3888888888888889,,-0.5555555555555556,,,
A,luangwa_conf,1024,52,confidence (baseline),0.010279170372239098,0.4230769230769231,,0.0,0.6153846153846154,,0.0,0.7884615384615384,,0.0,,,
A,luangwa_conf,1024,52,tile-phase (aligned),0.007153440101882133,0.5,,0.07692307692307693,0.7115384615384616,,0.09615384615384615,0.8653846153846154,,0.07692307692307698,,,
A,luangwa_conf,1024,52,boundary indicator,0.011036879096777478,0.5027472527472527,,0.07967032967032966,0.6474358974358974,,0.03205128205128194,0.8671686746987952,,0.07870713623725678,,,
A,luangwa_conf,1024,52,control NDWI gradient,0.059688056632492874,0.21153846153846154,,-0.21153846153846154,0.2692307692307692,,-0.3461538461538462,0.3269230769230769,,-0.4615384615384615,,,
A,luangwa_conf,1024,52,constant score,0.05078125,0.0498046875,,-0.3732722355769231,0.099609375,,-0.5157752403846154,0.2001953125,,-0.5882662259615384,,,
A,luangwa_conf,1024,52,control S2 patch variance,0.025166708655071784,0.17307692307692307,,-0.25,0.34615384615384615,,-0.2692307692307693,0.5576923076923077,,-0.23076923076923073,,,
A,luangwa_conf,1024,52,control NDWI level,0.03620474085210411,0.07692307692307693,,-0.34615384615384615,0.09615384615384616,,-0.5192307692307693,0.1346153846153846,,-0.6538461538461539,,,
A,okavango_50,1024,96,confidence (baseline),0.14526396249915785,0.22916666666666666,,0.0,0.3020833333333333,,0.0,0.3333333333333333,,0.0,,,
A,okavango_50,1024,96,tile-phase (aligned),0.11748537294650677,0.25,,0.020833333333333343,0.40625,,0.10416666666666669,0.5520833333333334,,0.21875000000000006,,,
A,okavango_50,1024,96,boundary indicator,0.05065239021523798,0.21969696969696972,,-0.009469696969696934,0.35818273092369474,,0.05609939759036142,0.5442708333333334,,0.21093750000000006,,,
A,okavango_50,1024,96,control NDWI gradient,0.1228918754877247,0.21875,,-0.010416666666666657,0.3958333333333333,,0.09375,0.53125,,0.19791666666666669,,,
A,okavango_50,1024,96,constant score,0.09375,0.0498046875,,-0.17936197916666666,0.099609375,,-0.20247395833333331,0.2001953125,,-0.13313802083333331,,,
A,okavango_50,1024,96,control S2 patch variance,0.15850964293356334,0.17708333333333334,,-0.052083333333333315,0.3020833333333333,,0.0,0.3958333333333333,,0.0625,,,
A,okavango_50,1024,96,control NDWI level,0.028271055027982932,0.14583333333333334,,-0.08333333333333331,0.4479166666666667,,0.14583333333333337,0.7708333333333334,,0.43750000000000006,,,
A,okavango_80,1024,76,confidence (baseline),0.05709489765170221,0.2631578947368421,,0.0,0.32894736842105265,,0.0,0.47368421052631576,,0.0,,,
A,okavango_80,1024,76,tile-phase (aligned),0.006150328878715812,0.34210526315789475,,0.07894736842105265,0.6710526315789473,,0.3421052631578947,0.9736842105263158,,0.5,,,
A,okavango_80,1024,76,boundary indicator,0.005211108203008432,0.45903110047846896,,0.19587320574162687,0.7469040247678018,,0.41795665634674917,0.9784296807592753,,0.5047454702329595,,,
A,okavango_80,1024,76,control NDWI gradient,0.003742444420713435,0.5394736842105263,,0.27631578947368424,0.9473684210526315,,0.6184210526315789,1.0,,0.5263157894736843,,,
A,okavango_80,1024,76,constant score,0.07421875,0.0498046875,,-0.2133532072368421,0.099609375,,-0.22933799342105265,0.2001953125,,-0.27348889802631576,,,
A,okavango_80,1024,76,control S2 patch variance,0.0046138701095292875,0.4473684210526316,,0.1842105263157895,0.881578947368421,,0.5526315789473684,1.0,,0.5263157894736843,,,
A,okavango_80,1024,76,control NDWI level,0.010850390620306613,0.47368421052631576,,0.21052631578947367,0.8026315789473685,,0.4736842105263158,0.8421052631578947,,0.3684210526315789,,,
A,okavango_sep,1024,13,confidence (baseline),0.0005125073698050064,0.6923076923076923,,0.0,0.9230769230769231,,0.0,1.0,,0.0,,,
A,okavango_sep,1024,13,tile-phase (aligned),0.00029133101408210146,0.8461538461538461,,0.15384615384615385,1.0,,0.07692307692307687,1.0,,0.0,,,
A,okavango_sep,1024,13,boundary indicator,9.437630018280246e-05,1.0,,0.3076923076923077,1.0,,0.07692307692307687,1.0,,0.0,,,
A,okavango_sep,1024,13,control NDWI gradient,0.016262418471686503,0.23076923076923078,,-0.4615384615384615,0.23076923076923078,,-0.6923076923076923,0.23076923076923078,,-0.7692307692307692,,,
A,okavango_sep,1024,13,constant score,0.0126953125,0.0498046875,,-0.6425030048076923,0.099609375,,-0.8234675480769231,0.2001953125,,-0.7998046875,,,
A,okavango_sep,1024,13,control S2 patch variance,0.027558126437301537,0.0,,-0.6923076923076923,0.07692307692307693,,-0.8461538461538463,0.15384615384615385,,-0.8461538461538461,,,
A,okavango_sep,1024,13,control NDWI level,0.016227802673658635,0.23076923076923078,,-0.4615384615384615,0.23076923076923078,,-0.6923076923076923,0.23076923076923078,,-0.7692307692307692,,,
A,rovuma_20,1024,39,confidence (baseline),0.005284380000890636,0.41025641025641024,,0.0,0.6666666666666666,,0.0,0.8717948717948718,,0.0,,,
A,rovuma_20,1024,39,tile-phase (aligned),0.002150063554390964,0.4358974358974359,,0.02564102564102566,0.9487179487179487,,0.28205128205128205,1.0,,0.1282051282051282,,,
A,rovuma_20,1024,39,boundary indicator,0.002302162332708772,0.48091168091168096,,0.07065527065527072,0.805959805959806,,0.13929313929313936,1.0,,0.1282051282051282,,,
A,rovuma_20,1024,39,control NDWI gradient,0.007329326273335248,0.4358974358974359,,0.02564102564102566,0.6923076923076923,,0.02564102564102566,0.8205128205128205,,-0.05128205128205132,,,
A,rovuma_20,1024,39,constant score,0.0380859375,0.0498046875,,-0.36045172275641024,0.099609375,,-0.5670572916666666,0.2001953125,,-0.6715995592948718,,,
A,rovuma_20,1024,39,control S2 patch variance,0.006280216681917541,0.41025641025641024,,0.0,0.6410256410256411,,-0.02564102564102555,0.7948717948717948,,-0.07692307692307698,,,
A,rovuma_20,1024,39,control NDWI level,0.006464910604174816,0.15384615384615385,,-0.2564102564102564,0.2564102564102564,,-0.41025641025641024,0.6666666666666666,,-0.20512820512820518,,,
A,rovuma_50,1024,74,confidence (baseline),0.009110232582993883,0.32432432432432434,,0.0,0.581081081081081,,0.0,0.8783783783783784,,0.0,,,
A,rovuma_50,1024,74,tile-phase (aligned),0.007989345596499612,0.3108108108108108,,-0.013513513513513542,0.581081081081081,,0.0,0.9054054054054054,,0.027027027027026973,,,
A,rovuma_50,1024,74,boundary indicator,0.011366338569934303,0.3287549844926894,,0.004430660168365075,0.5964714714714714,,0.015390390390390363,0.7897897897897898,,-0.08858858858858865,,,
A,rovuma_50,1024,74,control NDWI gradient,0.015957103767208505,0.21621621621621623,,-0.10810810810810811,0.4189189189189189,,-0.16216216216216212,0.6891891891891891,,-0.18918918918918926,,,
A,rovuma_50,1024,74,constant score,0.072265625,0.0498046875,,-0.27451963682432434,0.099609375,,-0.48147170608108103,0.2001953125,,-0.6781830658783784,,,
A,rovuma_50,1024,74,control S2 patch variance,0.014253302330133562,0.2702702702702703,,-0.05405405405405406,0.4594594594594595,,-0.12162162162162155,0.7027027027027027,,-0.17567567567567566,,,
A,rovuma_50,1024,74,control NDWI level,0.02206612685988415,0.16216216216216217,,-0.16216216216216217,0.25675675675675674,,-0.3243243243243243,0.40540540540540543,,-0.47297297297297297,,,
A,rovuma_80,1024,18,confidence (baseline),0.0016153174723728912,0.7222222222222222,,0.0,0.8333333333333334,,0.0,0.8888888888888888,,0.0,,,
A,rovuma_80,1024,18,tile-phase (aligned),0.0010596654698323577,0.6666666666666666,,-0.05555555555555558,0.7222222222222222,,-0.11111111111111116,1.0,,0.11111111111111116,,,
A,rovuma_80,1024,18,boundary indicator,0.003585259218850643,0.5328282828282829,,-0.18939393939393934,0.6616161616161617,,-0.1717171717171717,0.8292397660818713,,-0.05964912280701751,,,
A,rovuma_80,1024,18,control NDWI gradient,0.0006240390818235957,0.7777777777777778,,0.05555555555555558,1.0,,0.16666666666666663,1.0,,0.11111111111111116,,,
A,rovuma_80,1024,18,constant score,0.017578125,0.0498046875,,-0.6724175347222222,0.099609375,,-0.7337239583333334,0.2001953125,,-0.6886935763888888,,,
A,rovuma_80,1024,18,control S2 patch variance,0.000801112618907147,0.6111111111111112,,-0.11111111111111105,0.9444444444444444,,0.11111111111111105,1.0,,0.11111111111111116,,,
A,rovuma_80,1024,18,control NDWI level,0.0030275996909705587,0.1111111111111111,,-0.6111111111111112,0.2222222222222222,,-0.6111111111111112,0.9444444444444444,,0.05555555555555558,,,
A,save_20,1024,25,confidence (baseline),0.020821964211892828,0.16,,0.0,0.28,,0.0,0.52,,0.0,,,
A,save_20,1024,25,tile-phase (aligned),0.0004691781180368962,1.0,,0.84,1.0,,0.72,1.0,,0.48,,,
A,save_20,1024,25,boundary indicator,0.00032264612242215087,1.0,,0.84,1.0,,0.72,1.0,,0.48,,,
A,save_20,1024,25,control NDWI gradient,0.004027876678942452,0.96,,0.7999999999999999,0.96,,0.6799999999999999,0.96,,0.43999999999999995,,,
A,save_20,1024,25,constant score,0.0244140625,0.0498046875,,-0.1101953125,0.099609375,,-0.18039062500000003,0.2001953125,,-0.3198046875,,,
A,save_20,1024,25,control S2 patch variance,0.001334664703021671,0.52,,0.36,0.84,,0.5599999999999999,1.0,,0.48,,,
A,save_20,1024,25,control NDWI level,0.00033685593269411514,1.0,,0.84,1.0,,0.72,1.0,,0.48,,,
A,save_50,1024,76,confidence (baseline),0.01406381627719852,0.2236842105263158,,0.0,0.4605263157894737,,0.0,0.75,,0.0,,,
A,save_50,1024,76,tile-phase (aligned),0.011626342420767393,0.17105263157894737,,-0.05263157894736842,0.40789473684210525,,-0.05263157894736842,0.8157894736842105,,0.06578947368421051,,,
A,save_50,1024,76,boundary indicator,0.047229578652277296,0.17554557124518613,,-0.04813863928112966,0.367967332123412,,-0.09255898366606169,0.5129348795718108,,-0.23706512042818917,,,
A,save_50,1024,76,control NDWI gradient,0.06760289687327292,0.14473684210526316,,-0.07894736842105263,0.18421052631578946,,-0.2763157894736842,0.3026315789473684,,-0.4473684210526316,,,
A,save_50,1024,76,constant score,0.07421875,0.0498046875,,-0.1738795230263158,0.099609375,,-0.3609169407894737,0.2001953125,,-0.5498046875,,,
A,save_50,1024,76,control S2 patch variance,0.03851195536081772,0.09210526315789473,,-0.13157894736842107,0.19736842105263158,,-0.2631578947368421,0.3157894736842105,,-0.4342105263157895,,,
A,save_50,1024,76,control NDWI level,0.012769608022994643,0.13157894736842105,,-0.09210526315789475,0.40789473684210525,,-0.05263157894736842,0.7236842105263158,,-0.02631578947368418,,,
A,save_80,1024,23,confidence (baseline),0.006924376641805024,0.34782608695652173,,0.0,0.4782608695652174,,0.0,0.6086956521739131,,0.0,,,
A,save_80,1024,23,tile-phase (aligned),0.0005649454727044999,0.9565217391304348,,0.6086956521739131,1.0,,0.5217391304347826,1.0,,0.3913043478260869,,,
A,save_80,1024,23,boundary indicator,0.00030960475124264215,1.0,,0.6521739130434783,1.0,,0.5217391304347826,1.0,,0.3913043478260869,,,
A,save_80,1024,23,control NDWI gradient,0.0004847540135742841,0.9565217391304348,,0.6086956521739131,0.9565217391304348,,0.4782608695652174,1.0,,0.3913043478260869,,,
A,save_80,1024,23,constant score,0.0224609375,0.0498046875,,-0.29802139945652173,0.099609375,,-0.3786514945652174,0.2001953125,,-0.4085003396739131,,,
A,save_80,1024,23,control S2 patch variance,0.0018692048363089784,0.6086956521739131,,0.26086956521739135,0.7391304347826086,,0.26086956521739124,0.9130434782608695,,0.30434782608695643,,,
A,save_80,1024,23,control NDWI level,0.0009590186264102663,0.782608695652174,,0.4347826086956522,0.9130434782608695,,0.4347826086956521,0.9565217391304348,,0.34782608695652173,,,
A,shire_20,1024,302,confidence (baseline),0.15710055934784517,0.08278145695364239,,0.0,0.17218543046357615,,0.0,0.33112582781456956,,0.0,,,
A,shire_20,1024,302,tile-phase (aligned),0.17757105612385343,0.11258278145695365,,0.029801324503311258,0.2119205298013245,,0.03973509933774835,0.3841059602649007,,0.05298013245033112,,,
A,shire_20,1024,302,boundary indicator,0.22435221863365626,0.09768211920529801,,0.014900662251655622,0.1760570555272542,,0.0038716250636780525,0.31938591210114387,,-0.011739915713425697,,,
A,shire_20,1024,302,control NDWI gradient,0.2550922799667553,0.12251655629139073,,0.03973509933774834,0.2251655629139073,,0.05298013245033115,0.45695364238410596,,0.1258278145695364,,,
A,shire_20,1024,302,constant score,0.294921875,0.0498046875,,-0.03297676945364239,0.099609375,,-0.07257605546357615,0.2001953125,,-0.13093051531456956,,,
A,shire_20,1024,302,control S2 patch variance,0.25780659045168586,0.10596026490066225,,0.02317880794701986,0.19205298013245034,,0.01986754966887419,0.36423841059602646,,0.0331125827814569,,,
A,shire_20,1024,302,control NDWI level,0.2410920229024351,0.076158940397351,,-0.006622516556291397,0.1357615894039735,,-0.03642384105960264,0.304635761589404,,-0.026490066225165587,,,
A,shire_50,1024,123,confidence (baseline),0.100799934281978,0.17073170731707318,,0.0,0.35772357723577236,,0.0,0.5609756097560976,,0.0,,,
A,shire_50,1024,123,tile-phase (aligned),0.06369130859400997,0.2601626016260163,,0.0894308943089431,0.4796747967479675,,0.12195121951219512,0.7560975609756098,,0.19512195121951215,,,
A,shire_50,1024,123,boundary indicator,0.028862642272325156,0.3403420241098962,,0.16961031679282304,0.5124148538782686,,0.1546912766424962,0.7119241192411924,,0.15094850948509475,,,
A,shire_50,1024,123,control NDWI gradient,0.05841046852150478,0.2601626016260163,,0.0894308943089431,0.5284552845528455,,0.17073170731707316,0.7804878048780488,,0.2195121951219512,,,
A,shire_50,1024,123,constant score,0.1201171875,0.0498046875,,-0.12092701981707318,0.099609375,,-0.25811420223577236,0.2001953125,,-0.3607802972560976,,,
A,shire_50,1024,123,control S2 patch variance,0.071288025386921,0.24390243902439024,,0.07317073170731705,0.3983739837398374,,0.04065040650406504,0.6422764227642277,,0.08130081300813008,,,
A,shire_50,1024,123,control NDWI level,0.020966842634521695,0.16260162601626016,,-0.008130081300813025,0.3089430894308943,,-0.04878048780487804,0.7642276422764228,,0.2032520325203252,,,
A,shire_80,1024,188,confidence (baseline),0.3018248526242451,0.11170212765957446,,0.0,0.2074468085106383,,0.0,0.2925531914893617,,0.0,,,
A,shire_80,1024,188,tile-phase (aligned),0.1881785913618582,0.14893617021276595,,0.03723404255319149,0.26595744680851063,,0.05851063829787234,0.5053191489361702,,0.21276595744680854,,,
A,shire_80,1024,188,boundary indicator,0.08259717385033594,0.18372863620509242,,0.07202650854551795,0.3038018835019184,,0.0963550749912801,0.5099734042553191,,0.2174202127659574,,,
A,shire_80,1024,188,control NDWI gradient,0.14870434428198337,0.21808510638297873,,0.10638297872340427,0.44680851063829785,,0.23936170212765956,0.6968085106382979,,0.40425531914893614,,,
A,shire_80,1024,188,constant score,0.18359375,0.0498046875,,-0.06189744015957446,0.099609375,,-0.10783743351063829,0.2001953125,,-0.09235787898936171,,,
A,shire_80,1024,188,control S2 patch variance,0.15809293656744317,0.2074468085106383,,0.09574468085106383,0.3882978723404255,,0.18085106382978722,0.5797872340425532,,0.28723404255319146,,,
A,shire_80,1024,188,control NDWI level,0.06291115260868674,0.23404255319148937,,0.1223404255319149,0.4148936170212766,,0.2074468085106383,0.7021276595744681,,0.4095744680851064,,,
A,shire_liwonde,1024,17,confidence (baseline),0.03359035567782031,0.23529411764705882,,0.0,0.29411764705882354,,0.0,0.35294117647058826,,0.0,,,
A,shire_liwonde,1024,17,tile-phase (aligned),0.025223189549584732,0.47058823529411764,,0.23529411764705882,0.5294117647058824,,0.23529411764705882,0.5294117647058824,,0.1764705882352941,,,
A,shire_liwonde,1024,17,boundary indicator,0.009002359373631755,0.48795462519003624,,0.2526605075429774,0.5147935913928195,,0.220675944333996,0.5689977780376564,,0.21605660156706813,,,
A,shire_liwonde,1024,17,control NDWI gradient,0.0005603504987707703,0.8235294117647058,,0.588235294117647,0.9411764705882353,,0.6470588235294117,0.9411764705882353,,0.588235294117647,,,
A,shire_liwonde,1024,17,constant score,0.0166015625,0.0498046875,,-0.18548943014705882,0.099609375,,-0.19450827205882354,0.2001953125,,-0.15274586397058826,,,
A,shire_liwonde,1024,17,control S2 patch variance,0.0033319132145724975,0.47058823529411764,,0.23529411764705882,0.7058823529411765,,0.411764705882353,0.8235294117647058,,0.4705882352941176,,,
A,shire_liwonde,1024,17,control NDWI level,0.02258632477598452,0.5294117647058824,,0.29411764705882354,0.5294117647058824,,0.23529411764705882,0.5882352941176471,,0.23529411764705882,,,
A,vicfalls_up,1024,21,confidence (baseline),0.0007853750003444367,0.7142857142857143,,0.0,1.0,,0.0,1.0,,0.0,,,
A,vicfalls_up,1024,21,tile-phase (aligned),0.0006752562572068173,0.7619047619047619,,0.04761904761904756,0.9523809523809523,,-0.04761904761904767,1.0,,0.0,,,
A,vicfalls_up,1024,21,boundary indicator,0.002558381715449614,0.8095238095238095,,0.09523809523809523,0.8780952380952382,,-0.12190476190476185,0.9127516778523491,,-0.08724832214765088,,,
A,vicfalls_up,1024,21,control NDWI gradient,0.03724854925961329,0.09523809523809523,,-0.6190476190476191,0.09523809523809523,,-0.9047619047619048,0.14285714285714285,,-0.8571428571428572,,,
A,vicfalls_up,1024,21,constant score,0.0205078125,0.0498046875,,-0.6644810267857143,0.099609375,,-0.900390625,0.2001953125,,-0.7998046875,,,
A,vicfalls_up,1024,21,control S2 patch variance,0.027855620884978442,0.09523809523809523,,-0.6190476190476191,0.14285714285714285,,-0.8571428571428572,0.19047619047619047,,-0.8095238095238095,,,
A,vicfalls_up,1024,21,control NDWI level,0.06127927445634053,0.0,,-0.7142857142857143,0.23809523809523808,,-0.7619047619047619,0.23809523809523808,,-0.7619047619047619,,,
A,zambezi_20,1024,51,confidence (baseline),0.01303721745505599,0.37254901960784315,,0.0,0.47058823529411764,,0.0,0.6470588235294118,,0.0,,,
A,zambezi_20,1024,51,tile-phase (aligned),0.006173731662382762,0.37254901960784315,,0.0,0.6862745098039216,,0.21568627450980393,0.9215686274509803,,0.27450980392156854,,,
A,zambezi_20,1024,51,boundary indicator,0.007689988712677054,0.4335511982570806,,0.06100217864923746,0.6450782333135274,,0.1744899980194098,0.8959787304752409,,0.2489199069458291,,,
A,zambezi_20,1024,51,control NDWI gradient,0.005910816770665386,0.37254901960784315,,0.0,0.6666666666666666,,0.196078431372549,0.9019607843137255,,0.2549019607843137,,,
A,zambezi_20,1024,51,constant score,0.0498046875,0.0498046875,,-0.32274433210784315,0.099609375,,-0.37097886029411764,0.2001953125,,-0.4468635110294118,,,
A,zambezi_20,1024,51,control S2 patch variance,0.003724595705629099,0.47058823529411764,,0.0980392156862745,0.7843137254901961,,0.3137254901960784,0.9215686274509803,,0.27450980392156854,,,
A,zambezi_20,1024,51,control NDWI level,0.04207318646547143,0.1568627450980392,,-0.21568627450980393,0.19607843137254902,,-0.27450980392156865,0.19607843137254902,,-0.4509803921568628,,,
A,zambezi_50,1024,16,confidence (baseline),0.00030801835007957293,0.9375,,0.0,1.0,,0.0,1.0,,0.0,,,
A,zambezi_50,1024,16,tile-phase (aligned),0.0003049778230801687,1.0,,0.0625,1.0,,0.0,1.0,,0.0,,,
A,zambezi_50,1024,16,boundary indicator,0.0003973593738624187,0.8541666666666666,,-0.08333333333333337,1.0,,0.0,1.0,,0.0,,,
A,zambezi_50,1024,16,control NDWI gradient,0.000505177405192745,0.8125,,-0.125,1.0,,0.0,1.0,,0.0,,,
A,zambezi_50,1024,16,constant score,0.015625,0.0498046875,,-0.8876953125,0.099609375,,-0.900390625,0.2001953125,,-0.7998046875,,,
A,zambezi_50,1024,16,control S2 patch variance,0.0015248860691139264,0.375,,-0.5625,0.5625,,-0.4375,0.9375,,-0.0625,,,
A,zambezi_50,1024,16,control NDWI level,0.005628370476835132,0.0,,-0.9375,0.0625,,-0.9375,0.0625,,-0.9375,,,
A,zambezi_80,1024,47,confidence (baseline),0.0035211437472475963,0.46808510638297873,,0.0,0.7872340425531915,,0.0,0.9574468085106383,,0.0,,,
A,zambezi_80,1024,47,tile-phase (aligned),0.0014461489230272236,0.8085106382978723,,0.34042553191489355,1.0,,0.21276595744680848,1.0,,0.04255319148936165,,,
A,zambezi_80,1024,47,boundary indicator,0.001103715683579529,0.9878419452887538,,0.5197568389057751,1.0,,0.21276595744680848,1.0,,0.04255319148936165,,,
A,zambezi_80,1024,47,control NDWI gradient,0.03259699309108903,0.48936170212765956,,0.021276595744680826,0.5531914893617021,,-0.23404255319148937,0.5957446808510638,,-0.36170212765957455,,,
A,zambezi_80,1024,47,constant score,0.0458984375,0.0498046875,,-0.41828041888297873,0.099609375,,-0.6876246675531915,0.2001953125,,-0.7572514960106383,,,
A,zambezi_80,1024,47,control S2 patch variance,0.04310658290573832,0.14893617021276595,,-0.3191489361702128,0.2553191489361702,,-0.5319148936170213,0.5319148936170213,,-0.4255319148936171,,,
A,zambezi_80,1024,47,control NDWI level,0.007480866124929106,0.3617021276595745,,-0.10638297872340424,0.5319148936170213,,-0.25531914893617025,0.7659574468085106,,-0.19148936170212771,,,
B,bolivia (pooled),81984,7248,confidence (baseline),0.014480340570451715,0.2588300220750552,0.2588300220750552,0.0,0.46495584988962474,0.46495584988962474,0.0,0.7493101545253863,0.7493101545253863,0.0,,,
B,bolivia (pooled),81984,7248,tile-phase (aligned),0.015519060757356378,0.23578918322295805,0.23578918322295805,-0.023040838852097123,0.4268763796909492,0.4268763796909492,-0.038079470198675525,0.7065397350993378,0.7065397350993378,-0.042770419426048534,137/132,134/124,116/112
B,bolivia (pooled),81984,7248,boundary indicator,0.03529508820975803,0.2860375491683451,0.28352649006622516,0.02720752709328994,0.4562999124440565,0.45998896247240617,-0.008655937445568251,0.6673540810593366,0.6670805739514348,-0.08195607346604972,181/147,166/155,131/163
B,bolivia (pooled),81984,7248,control NDWI gradient,0.03961233451400935,0.18818984547461368,0.18818984547461368,-0.0706401766004415,0.31194812362030905,0.31194812362030905,-0.1530077262693157,0.4733719646799117,0.4733719646799117,-0.2759381898454746,89/216,67/221,55/217
B,bolivia (pooled),81984,7248,constant score,0.08840749414519909,0.04999756049960968,0.023178807947019868,-0.2088324615754455,0.09999512099921937,0.07353752759381899,-0.3649607288904054,0.20000243950039034,0.14500551876379691,-0.549307715024996,12/339,5/346,3/348
B,bolivia (pooled),81984,7248,control S2 patch variance,0.06759792738004222,0.10458057395143489,0.10458057395143489,-0.1542494481236203,0.16735651214128036,0.16735651214128036,-0.29759933774834435,0.26614238410596025,0.26614238410596025,-0.48316777041942605,39/270,37/288,25/287
B,bolivia (pooled),81984,7248,control NDWI level,0.015941071696590134,0.24199779249448122,0.24199779249448122,-0.016832229580573954,0.4659216335540839,0.4659216335540839,0.0009657836644591522,0.7945640176600441,0.7945640176600441,0.045253863134657846,160/128,152/119,137/115
B,bolivia/tile0,159,13,confidence (baseline),0.010538671822227725,0.3076923076923077,,0.0,0.5384615384615384,,0.0,0.9230769230769231,,0.0,,,
B,bolivia/tile0,159,13,tile-phase (aligned),0.013001902005333636,0.23076923076923078,,-0.07692307692307693,0.38461538461538464,,-0.1538461538461538,0.6923076923076923,,-0.23076923076923084,,,
B,bolivia/tile0,159,13,boundary indicator,0.015655377357376474,0.38461538461538464,,0.07692307692307693,0.6108597285067874,,0.07239819004524894,0.8671328671328672,,-0.05594405594405594,,,
B,bolivia/tile0,159,13,control NDWI gradient,0.05204598450416967,0.07692307692307693,,-0.23076923076923078,0.38461538461538464,,-0.1538461538461538,0.7692307692307693,,-0.15384615384615385,,,
B,bolivia/tile0,159,13,constant score,0.08176100628930816,0.05031446540880503,,-0.2573778422835027,0.10062893081761005,,-0.4378326076439284,0.2012578616352201,,-0.721819061441703,,,
B,bolivia/tile0,159,13,control S2 patch variance,0.08366705230325167,0.0,,-0.3076923076923077,0.0,,-0.5384615384615384,0.3076923076923077,,-0.6153846153846154,,,
B,bolivia/tile0,159,13,control NDWI level,0.09307042058460345,0.15384615384615385,,-0.15384615384615385,0.3076923076923077,,-0.23076923076923073,0.6153846153846154,,-0.3076923076923077,,,
B,bolivia/tile1,202,5,confidence (baseline),0.0032863940154068782,0.2,,0.0,0.6,,0.0,0.8,,0.0,,,
B,bolivia/tile1,202,5,tile-phase (aligned),0.001508343110768811,0.6,,0.39999999999999997,0.8,,0.20000000000000007,1.0,,0.19999999999999996,,,
B,bolivia/tile1,202,5,boundary indicator,0.0008490939025521342,0.8222222222222222,,0.6222222222222222,1.0,,0.4,1.0,,0.19999999999999996,,,
B,bolivia/tile1,202,5,control NDWI gradient,0.0020694542176587765,0.2,,0.0,0.8,,0.20000000000000007,1.0,,0.19999999999999996,,,
B,bolivia/tile1,202,5,constant score,0.024752475247524754,0.04950495049504951,,-0.15049504950495052,0.09900990099009901,,-0.500990099009901,0.19801980198019803,,-0.6019801980198021,,,
B,bolivia/tile1,202,5,control S2 patch variance,0.0030294015183326404,0.0,,-0.2,0.8,,0.20000000000000007,0.8,,0.0,,,
B,bolivia/tile1,202,5,control NDWI level,0.010201977502404744,0.6,,0.39999999999999997,0.6,,0.0,0.6,,-0.20000000000000007,,,
B,bolivia/tile3,225,15,confidence (baseline),0.005509479877994089,0.4666666666666667,,0.0,0.6666666666666666,,0.0,0.9333333333333333,,0.0,,,
B,bolivia/tile3,225,15,tile-phase (aligned),0.004657090848492152,0.4666666666666667,,0.0,0.8,,0.13333333333333341,1.0,,0.06666666666666665,,,
B,bolivia/tile3,225,15,boundary indicator,0.006414719711995254,0.3428571428571428,,-0.12380952380952387,0.5555555555555556,,-0.11111111111111105,0.9523809523809524,,0.01904761904761909,,,
B,bolivia/tile3,225,15,control NDWI gradient,0.005386877847658172,0.26666666666666666,,-0.2,0.7333333333333333,,0.06666666666666665,1.0,,0.06666666666666665,,,
B,bolivia/tile3,225,15,constant score,0.06666666666666665,0.048888888888888885,,-0.4177777777777778,0.09777777777777777,,-0.5688888888888889,0.2,,-0.7333333333333334,,,
B,bolivia/tile3,225,15,control S2 patch variance,0.014663127502964777,0.13333333333333333,,-0.33333333333333337,0.4,,-0.2666666666666666,0.6666666666666666,,-0.2666666666666667,,,
B,bolivia/tile3,225,15,control NDWI level,0.006337512340559712,0.26666666666666666,,-0.2,0.4666666666666667,,-0.19999999999999996,1.0,,0.06666666666666665,,,
B,bolivia/tile4,225,8,confidence (baseline),0.0026171598206479827,0.375,,0.0,0.75,,0.0,1.0,,0.0,,,
B,bolivia/tile4,225,8,tile-phase (aligned),0.002460270740158763,0.375,,0.0,0.75,,0.0,1.0,,0.0,,,
B,bolivia/tile4,225,8,boundary indicator,0.007878427899838988,0.40625,,0.03125,0.578125,,-0.171875,0.8770491803278688,,-0.12295081967213117,,,
B,bolivia/tile4,225,8,control NDWI gradient,0.0036638022728292786,0.25,,-0.125,0.75,,0.0,0.875,,-0.125,,,
B,bolivia/tile4,225,8,constant score,0.035555555555555556,0.04888888888888889,,-0.32611111111111113,0.09777777777777778,,-0.6522222222222223,0.2,,-0.8,,,
B,bolivia/tile4,225,8,control S2 patch variance,0.006733824080846849,0.375,,0.0,0.625,,-0.125,0.625,,-0.375,,,
B,bolivia/tile4,225,8,control NDWI level,0.0053962433843146645,0.0,,-0.375,0.125,,-0.625,1.0,,0.0,,,
B,bolivia/tile5,225,17,confidence (baseline),0.013203239699119613,0.17647058823529413,,0.0,0.47058823529411764,,0.0,0.7058823529411765,,0.0,,,
B,bolivia/tile5,225,17,tile-phase (aligned),0.00838522174249476,0.23529411764705882,,0.05882352941176469,0.5882352941176471,,0.11764705882352944,0.8823529411764706,,0.17647058823529405,,,
B,bolivia/tile5,225,17,boundary indicator,0.0092231276613543,0.24019607843137258,,0.06372549019607845,0.502262443438914,,0.03167420814479638,0.8705882352941177,,0.16470588235294115,,,
B,bolivia/tile5,225,17,control NDWI gradient,0.008753778822057186,0.17647058823529413,,0.0,0.47058823529411764,,0.0,0.9411764705882353,,0.23529411764705876,,,
B,bolivia/tile5,225,17,constant score,0.07555555555555556,0.04888888888888889,,-0.12758169934640523,0.09777777777777778,,-0.37281045751633984,0.19999999999999998,,-0.5058823529411766,,,
B,bolivia/tile5,225,17,control S2 patch variance,0.013016068237748812,0.35294117647058826,,0.17647058823529413,0.5882352941176471,,0.11764705882352944,0.6470588235294118,,-0.05882352941176472,,,
B,bolivia/tile5,225,17,control NDWI level,0.03861212396145318,0.17647058823529413,,0.0,0.35294117647058826,,-0.11764705882352938,0.5294117647058824,,-0.17647058823529416,,,
B,bolivia/tile7,80,4,confidence (baseline),0.0033093856634127117,0.75,,0.0,0.75,,0.0,1.0,,0.0,,,
B,bolivia/tile7,80,4,tile-phase (aligned),0.0017470077113648063,0.75,,0.0,1.0,,0.25,1.0,,0.0,,,
B,bolivia/tile7,80,4,boundary indicator,0.049999999999999996,0.05,,-0.7,0.1,,-0.65,0.2,,-0.8,,,
B,bolivia/tile7,80,4,control NDWI gradient,0.0034314704705156905,0.5,,-0.25,0.75,,0.0,1.0,,0.0,,,
B,bolivia/tile7,80,4,constant score,0.049999999999999996,0.05,,-0.7,0.1,,-0.65,0.2,,-0.8,,,
B,bolivia/tile7,80,4,control S2 patch variance,0.05478462513516822,0.0,,-0.75,0.25,,-0.5,0.25,,-0.75,,,
B,bolivia/tile7,80,4,control NDWI level,0.005697397505035704,0.5,,-0.25,0.75,,0.0,0.75,,-0.25,,,
B,bolivia/tile8,225,5,confidence (baseline),0.0025891625198804515,0.6,,0.0,0.8,,0.0,0.8,,0.0,,,
B,bolivia/tile8,225,5,tile-phase (aligned),0.0030646105203969757,0.2,,-0.39999999999999997,0.6,,-0.20000000000000007,0.8,,0.0,,,
B,bolivia/tile8,225,5,boundary indicator,0.006352911536282898,0.6,,0.0,0.6,,-0.20000000000000007,0.8011049723756907,,0.0011049723756906271,,,
B,bolivia/tile8,225,5,control NDWI gradient,0.0016784117456517267,0.4,,-0.19999999999999996,0.8,,0.0,1.0,,0.19999999999999996,,,
B,bolivia/tile8,225,5,constant score,0.02222222222222222,0.048888888888888885,,-0.5511111111111111,0.09777777777777777,,-0.7022222222222223,0.2,,-0.6000000000000001,,,
B,bolivia/tile8,225,5,control S2 patch variance,0.0062458550129177795,0.2,,-0.39999999999999997,0.2,,-0.6000000000000001,0.6,,-0.20000000000000007,,,
B,bolivia/tile8,225,5,control NDWI level,0.0033867382660789196,0.2,,-0.39999999999999997,0.8,,0.0,0.8,,0.0,,,
B,bolivia/tile9,225,14,confidence (baseline),0.03350712364775733,0.2857142857142857,,0.0,0.35714285714285715,,0.0,0.42857142857142855,,0.0,,,
B,bolivia/tile9,225,14,tile-phase (aligned),0.006036339123837371,0.35714285714285715,,0.07142857142857145,0.6428571428571429,,0.28571428571428575,0.9285714285714286,,0.5,,,
B,bolivia/tile9,225,14,boundary indicator,0.004982992796770107,0.3482142857142857,,0.0625,0.6919642857142857,,0.33482142857142855,1.0,,0.5714285714285714,,,
B,bolivia/tile9,225,14,control NDWI gradient,0.007961127393592312,0.35714285714285715,,0.07142857142857145,0.42857142857142855,,0.0714285714285714,0.7857142857142857,,0.35714285714285715,,,
B,bolivia/tile9,225,14,constant score,0.06222222222222221,0.048888888888888885,,-0.23682539682539683,0.09777777777777777,,-0.25936507936507935,0.19999999999999998,,-0.22857142857142856,,,
B,bolivia/tile9,225,14,control S2 patch variance,0.020557379313675055,0.21428571428571427,,-0.07142857142857142,0.42857142857142855,,0.0714285714285714,0.5714285714285714,,0.14285714285714285,,,
B,bolivia/tile9,225,14,control NDWI level,0.028330596537264843,0.14285714285714285,,-0.14285714285714285,0.21428571428571427,,-0.14285714285714288,0.5,,0.07142857142857145,,,
B,bolivia/tile10,170,6,confidence (baseline),0.0040337535813477435,0.8333333333333334,,0.0,0.8333333333333334,,0.0,0.8333333333333334,,0.0,,,
B,bolivia/tile10,170,6,tile-phase (aligned),0.0022174821897099476,0.6666666666666666,,-0.16666666666666674,0.8333333333333334,,0.0,1.0,,0.16666666666666663,,,
B,bolivia/tile10,170,6,boundary indicator,0.010010440287325176,0.16666666666666666,,-0.6666666666666667,0.5416666666666666,,-0.29166666666666674,0.8345498783454989,,0.0012165450121655041,,,
B,bolivia/tile10,170,6,control NDWI gradient,0.0028526999572346464,0.5,,-0.33333333333333337,0.8333333333333334,,0.0,0.8333333333333334,,0.0,,,
B,bolivia/tile10,170,6,constant score,0.035294117647058816,0.047058823529411764,,-0.7862745098039217,0.09999999999999999,,-0.7333333333333334,0.19999999999999998,,-0.6333333333333334,,,
B,bolivia/tile10,170,6,control S2 patch variance,0.01450646169812542,0.16666666666666666,,-0.6666666666666667,0.16666666666666666,,-0.6666666666666667,0.3333333333333333,,-0.5,,,
B,bolivia/tile10,170,6,control NDWI level,0.002482907032403786,0.6666666666666666,,-0.16666666666666674,0.8333333333333334,,0.0,0.8333333333333334,,0.0,,,
B,bolivia/tile12,225,6,confidence (baseline),0.000925545660740205,0.8333333333333334,,0.0,1.0,,0.0,1.0,,0.0,,,
B,bolivia/tile12,225,6,tile-phase (aligned),0.0009938544712586434,0.6666666666666666,,-0.16666666666666674,1.0,,0.0,1.0,,0.0,,,
B,bolivia/tile12,225,6,boundary indicator,0.0011146234976545971,0.7333333333333334,,-0.09999999999999998,1.0,,0.0,1.0,,0.0,,,
B,bolivia/tile12,225,6,control NDWI gradient,0.0011002375020901973,0.6666666666666666,,-0.16666666666666674,1.0,,0.0,1.0,,0.0,,,
B,bolivia/tile12,225,6,constant score,0.02666666666666667,0.04888888888888889,,-0.7844444444444445,0.09777777777777778,,-0.9022222222222223,0.19999999999999998,,-0.8,,,
B,bolivia/tile12,225,6,control S2 patch variance,0.0021893594851614393,0.3333333333333333,,-0.5,0.8333333333333334,,-0.16666666666666663,1.0,,0.0,,,
B,bolivia/tile12,225,6,control NDWI level,0.0011302054462910282,0.6666666666666666,,-0.16666666666666674,1.0,,0.0,1.0,,0.0,,,
B,bolivia/tile13,225,9,confidence (baseline),0.002084042070972109,0.5555555555555556,,0.0,1.0,,0.0,1.0,,0.0,,,
B,bolivia/tile13,225,9,tile-phase (aligned),0.0027889128694270995,0.4444444444444444,,-0.11111111111111116,0.7777777777777778,,-0.2222222222222222,1.0,,0.0,,,
B,bolivia/tile13,225,9,boundary indicator,0.006278971338396132,0.6388888888888888,,0.08333333333333326,0.8472222222222222,,-0.1527777777777778,0.8999999999999999,,-0.10000000000000009,,,
B,bolivia/tile13,225,9,control NDWI gradient,0.0017766185506927123,0.6666666666666666,,0.11111111111111105,0.8888888888888888,,-0.11111111111111116,1.0,,0.0,,,
B,bolivia/tile13,225,9,constant score,0.04,0.04888888888888889,,-0.5066666666666667,0.09777777777777778,,-0.9022222222222223,0.2,,-0.8,,,
B,bolivia/tile13,225,9,control S2 patch variance,0.022902831841210846,0.0,,-0.5555555555555556,0.0,,-1.0,0.0,,-1.0,,,
B,bolivia/tile13,225,9,control NDWI level,0.00110513497795044,0.8888888888888888,,0.33333333333333326,1.0,,0.0,1.0,,0.0,,,
B,bolivia/tile14,182,37,confidence (baseline),0.05205080902090136,0.10810810810810811,,0.0,0.21621621621621623,,0.0,0.5405405405405406,,0.0,,,
B,bolivia/tile14,182,37,tile-phase (aligned),0.0488366066177365,0.16216216216216217,,0.05405405405405406,0.32432432432432434,,0.10810810810810811,0.5405405405405406,,0.0,,,
B,bolivia/tile14,182,37,boundary indicator,0.11216796551475332,0.10810810810810811,,0.0,0.20608108108108109,,-0.010135135135135143,0.41363102232667454,,-0.12690951821386603,,,
B,bolivia/tile14,182,37,control NDWI gradient,0.07562658896985086,0.16216216216216217,,0.05405405405405406,0.24324324324324326,,0.02702702702702703,0.5135135135135135,,-0.027027027027027084,,,
B,bolivia/tile14,182,37,constant score,0.20329670329670332,0.04945054945054945,,-0.058657558657558666,0.0989010989010989,,-0.11731511731511733,0.1978021978021978,,-0.3427383427383428,,,
B,bolivia/tile14,182,37,control S2 patch variance,0.10152460957554946,0.05405405405405406,,-0.05405405405405406,0.08108108108108109,,-0.13513513513513514,0.1891891891891892,,-0.35135135135135137,,,
B,bolivia/tile14,182,37,control NDWI level,0.07640207875101448,0.13513513513513514,,0.02702702702702703,0.1891891891891892,,-0.02702702702702703,0.32432432432432434,,-0.21621621621621623,,,
B,bolivia/tile15,203,21,confidence (baseline),0.023906592674682797,0.14285714285714285,,0.0,0.2857142857142857,,0.0,0.5714285714285714,,0.0,,,
B,bolivia/tile15,203,21,tile-phase (aligned),0.01769641703873064,0.19047619047619047,,0.047619047619047616,0.3333333333333333,,0.047619047619047616,0.7619047619047619,,0.19047619047619047,,,
B,bolivia/tile15,203,21,boundary indicator,0.021360261254045124,0.2,,0.05714285714285716,0.35374149659863946,,0.06802721088435376,0.7482993197278912,,0.1768707482993198,,,
B,bolivia/tile15,203,21,control NDWI gradient,0.022172015702968957,0.14285714285714285,,0.0,0.38095238095238093,,0.09523809523809523,0.6190476190476191,,0.04761904761904767,,,
B,bolivia/tile15,203,21,constant score,0.10344827586206896,0.04926108374384237,,-0.09359605911330049,0.09852216748768473,,-0.18719211822660098,0.2019704433497537,,-0.3694581280788177,,,
B,bolivia/tile15,203,21,control S2 patch variance,0.04636694972569969,0.2857142857142857,,0.14285714285714285,0.5238095238095238,,0.23809523809523814,0.6190476190476191,,0.04761904761904767,,,
B,bolivia/tile15,203,21,control NDWI level,0.032894388704297554,0.047619047619047616,,-0.09523809523809523,0.09523809523809523,,-0.19047619047619047,0.23809523809523808,,-0.3333333333333333,,,
B,bolivia/tile16,92,15,confidence (baseline),0.041836752434582306,0.2,,0.0,0.4,,0.0,0.4666666666666667,,0.0,,,
B,bolivia/tile16,92,15,tile-phase (aligned),0.06941570529051524,0.06666666666666667,,-0.13333333333333336,0.2,,-0.2,0.4,,-0.06666666666666665,,,
B,bolivia/tile16,92,15,boundary indicator,0.0381454795014734,0.22222222222222224,,0.022222222222222227,0.3333333333333333,,-0.06666666666666671,0.6333333333333333,,0.16666666666666663,,,
B,bolivia/tile16,92,15,control NDWI gradient,0.15933839491089064,0.0,,-0.2,0.06666666666666667,,-0.33333333333333337,0.06666666666666667,,-0.4,,,
B,bolivia/tile16,92,15,constant score,0.1630434782608696,0.05434782608695652,,-0.1456521739130435,0.09782608695652174,,-0.3021739130434783,0.1956521739130435,,-0.2710144927536232,,,
B,bolivia/tile16,92,15,control S2 patch variance,0.1753495161911791,0.06666666666666667,,-0.13333333333333336,0.13333333333333333,,-0.2666666666666667,0.2,,-0.26666666666666666,,,
B,bolivia/tile16,92,15,control NDWI level,0.05389074929202185,0.06666666666666667,,-0.13333333333333336,0.2,,-0.2,0.3333333333333333,,-0.13333333333333336,,,
B,bolivia/tile17,195,6,confidence (baseline),0.0013077973310587898,0.6666666666666666,,0.0,0.8333333333333334,,0.0,1.0,,0.0,,,
B,bolivia/tile17,195,6,tile-phase (aligned),0.0020050267412246568,0.3333333333333333,,-0.3333333333333333,0.6666666666666666,,-0.16666666666666674,1.0,,0.0,,,
B,bolivia/tile17,195,6,boundary indicator,0.0014640081245035595,0.5555555555555556,,-0.11111111111111105,1.0,,0.16666666666666663,1.0,,0.0,,,
B,bolivia/tile17,195,6,control NDWI gradient,0.006572782608871265,0.5,,-0.16666666666666663,0.6666666666666666,,-0.16666666666666674,0.6666666666666666,,-0.33333333333333337,,,
B,bolivia/tile17,195,6,constant score,0.03076923076923077,0.05128205128205129,,-0.6153846153846153,0.10256410256410257,,-0.7307692307692308,0.19999999999999998,,-0.8,,,
B,bolivia/tile17,195,6,control S2 patch variance,0.004640759404715996,0.5,,-0.16666666666666663,0.5,,-0.33333333333333337,0.6666666666666666,,-0.33333333333333337,,,
B,bolivia/tile17,195,6,control NDWI level,0.004540029356517433,0.16666666666666666,,-0.5,0.3333333333333333,,-0.5,0.8333333333333334,,-0.16666666666666663,,,
B,bolivia/tile19,193,16,confidence (baseline),0.009860910642782507,0.25,,0.0,0.4375,,0.0,0.875,,0.0,,,
B,bolivia/tile19,193,16,tile-phase (aligned),0.01079104652686554,0.3125,,0.0625,0.5,,0.0625,0.8125,,-0.0625,,,
B,bolivia/tile19,193,16,boundary indicator,0.006069633422661856,0.4625,,0.21250000000000002,0.7875,,0.35,0.967391304347826,,0.09239130434782605,,,
B,bolivia/tile19,193,16,control NDWI gradient,0.026885732243441044,0.125,,-0.125,0.3125,,-0.125,0.5,,-0.375,,,
B,bolivia/tile19,193,16,constant score,0.08290155440414505,0.05181347150259067,,-0.19818652849740934,0.09844559585492228,,-0.3390544041450777,0.20207253886010362,,-0.6729274611398963,,,
B,bolivia/tile19,193,16,control S2 patch variance,0.17452744646810595,0.0,,-0.25,0.0625,,-0.375,0.0625,,-0.8125,,,
B,bolivia/tile19,193,16,control NDWI level,0.007187789311454023,0.25,,0.0,0.75,,0.3125,1.0,,0.125,,,
B,bolivia/tile20,225,4,confidence (baseline),0.002945957165555438,0.25,,0.0,0.5,,0.0,0.75,,0.0,,,
B,bolivia/tile20,225,4,tile-phase (aligned),0.0005646177959793411,0.75,,0.5,1.0,,0.5,1.0,,0.25,,,
B,bolivia/tile20,225,4,boundary indicator,0.0008236158769501746,0.75,,0.5,0.8333333333333334,,0.33333333333333337,1.0,,0.25,,,
B,bolivia/tile20,225,4,control NDWI gradient,0.0013884865186636968,0.75,,0.5,0.75,,0.25,0.75,,0.0,,,
B,bolivia/tile20,225,4,constant score,0.017777777777777778,0.04888888888888889,,-0.2011111111111111,0.09777777777777778,,-0.4022222222222222,0.2,,-0.55,,,
B,bolivia/tile20,225,4,control S2 patch variance,0.005141128019996262,0.5,,0.25,0.75,,0.25,0.75,,0.0,,,
B,bolivia/tile20,225,4,control NDWI level,0.002355848345900206,0.25,,0.0,0.5,,0.0,0.75,,0.0,,,
B,bolivia/tile21,225,21,confidence (baseline),0.00932587627699547,0.2857142857142857,,0.0,0.6190476190476191,,0.0,0.9523809523809523,,0.0,,,
B,bolivia/tile21,225,21,tile-phase (aligned),0.00974906454628025,0.3333333333333333,,0.047619047619047616,0.5714285714285714,,-0.04761904761904767,0.9047619047619048,,-0.04761904761904756,,,
B,bolivia/tile21,225,21,boundary indicator,0.010687815587042113,0.2761904761904762,,-0.00952380952380949,0.5142857142857143,,-0.10476190476190472,0.8571428571428571,,-0.09523809523809523,,,
B,bolivia/tile21,225,21,control NDWI gradient,0.02049340678946869,0.19047619047619047,,-0.09523809523809523,0.2857142857142857,,-0.33333333333333337,0.5714285714285714,,-0.38095238095238093,,,
B,bolivia/tile21,225,21,constant score,0.09333333333333334,0.048888888888888885,,-0.23682539682539683,0.09777777777777777,,-0.5212698412698413,0.2,,-0.7523809523809524,,,
B,bolivia/tile21,225,21,control S2 patch variance,0.13323465082006503,0.0,,-0.2857142857142857,0.0,,-0.6190476190476191,0.0,,-0.9523809523809523,,,
B,bolivia/tile21,225,21,control NDWI level,0.008249262361752201,0.2857142857142857,,0.0,0.7142857142857143,,0.09523809523809523,1.0,,0.04761904761904767,,,
B,bolivia/tile22,225,63,confidence (baseline),0.07961958055974913,0.12698412698412698,,0.0,0.25396825396825395,,0.0,0.49206349206349204,,0.0,,,
B,bolivia/tile22,225,63,tile-phase (aligned),0.09108572508704048,0.07936507936507936,,-0.047619047619047616,0.20634920634920634,,-0.047619047619047616,0.42857142857142855,,-0.06349206349206349,,,
B,bolivia/tile22,225,63,boundary indicator,0.2450462355829904,0.04603174603174603,,-0.08095238095238094,0.10582010582010583,,-0.14814814814814814,0.3091060985797828,,-0.18295739348370926,,,
B,bolivia/tile22,225,63,control NDWI gradient,0.25229819594591757,0.06349206349206349,,-0.06349206349206349,0.09523809523809523,,-0.15873015873015872,0.2857142857142857,,-0.20634920634920634,,,
B,bolivia/tile22,225,63,constant score,0.28,0.04888888888888889,,-0.07809523809523808,0.09777777777777778,,-0.15619047619047616,0.19999999999999998,,-0.292063492063492,,,
B,bolivia/tile22,225,63,control S2 patch variance,0.23550213854386567,0.031746031746031744,,-0.09523809523809523,0.047619047619047616,,-0.20634920634920634,0.23809523809523808,,-0.25396825396825395,,,
B,bolivia/tile22,225,63,control NDWI level,0.05846067403284575,0.1746031746031746,,0.047619047619047616,0.3333333333333333,,0.07936507936507936,0.6349206349206349,,0.14285714285714285,,,
B,bolivia/tile23,225,65,confidence (baseline),0.15459521246707886,0.09230769230769231,,0.0,0.15384615384615385,,0.0,0.27692307692307694,,0.0,,,
B,bolivia/tile23,225,65,tile-phase (aligned),0.1774267831381214,0.07692307692307693,,-0.015384615384615385,0.15384615384615385,,0.0,0.24615384615384617,,-0.03076923076923077,,,
B,bolivia/tile23,225,65,boundary indicator,0.20158686819157012,0.08076923076923077,,-0.011538461538461539,0.16783216783216784,,0.013986013986013984,0.32820512820512826,,0.05128205128205132,,,
B,bolivia/tile23,225,65,control NDWI gradient,0.2246741479047633,0.06153846153846154,,-0.03076923076923077,0.1076923076923077,,-0.046153846153846156,0.16923076923076924,,-0.1076923076923077,,,
B,bolivia/tile23,225,65,constant score,0.28888888888888886,0.048888888888888885,,-0.04341880341880343,0.09777777777777777,,-0.056068376068376086,0.2,,-0.07692307692307693,,,
B,bolivia/tile23,225,65,control S2 patch variance,0.32662463193467905,0.03076923076923077,,-0.06153846153846154,0.07692307692307693,,-0.07692307692307693,0.12307692307692308,,-0.15384615384615385,,,
B,bolivia/tile23,225,65,control NDWI level,0.06970802219231322,0.15384615384615385,,0.06153846153846154,0.3230769230769231,,0.16923076923076924,0.5846153846153846,,0.3076923076923077,,,
B,bolivia/tile24,225,45,confidence (baseline),0.12248479860326461,0.08888888888888889,,0.0,0.2,,0.0,0.35555555555555557,,0.0,,,
B,bolivia/tile24,225,45,tile-phase (aligned),0.09930036322123025,0.08888888888888889,,0.0,0.2222222222222222,,0.0222222222222222,0.3333333333333333,,-0.022222222222222254,,,
B,bolivia/tile24,225,45,boundary indicator,0.14332070462429858,0.04242424242424243,,-0.046464646464646465,0.13999999999999999,,-0.060000000000000026,0.23381642512077297,,-0.1217391304347826,,,
B,bolivia/tile24,225,45,control NDWI gradient,0.07378522246843511,0.1111111111111111,,0.022222222222222213,0.2,,0.0,0.4,,0.04444444444444445,,,
B,bolivia/tile24,225,45,constant score,0.2,0.04888888888888889,,-0.04,0.09777777777777778,,-0.10222222222222223,0.2,,-0.15555555555555556,,,
B,bolivia/tile24,225,45,control S2 patch variance,0.14203798761327074,0.022222222222222223,,-0.06666666666666667,0.13333333333333333,,-0.06666666666666668,0.2222222222222222,,-0.13333333333333336,,,
B,bolivia/tile24,225,45,control NDWI level,0.06684894725748124,0.06666666666666667,,-0.022222222222222227,0.17777777777777778,,-0.022222222222222227,0.4666666666666667,,0.1111111111111111,,,
B,bolivia/tile25,225,3,confidence (baseline),0.001879958031473771,0.6666666666666666,,0.0,0.6666666666666666,,0.0,0.6666666666666666,,0.0,,,
B,bolivia/tile25,225,3,tile-phase (aligned),0.0003408459032055602,1.0,,0.33333333333333337,1.0,,0.33333333333333337,1.0,,0.33333333333333337,,,
B,bolivia/tile25,225,3,boundary indicator,0.0004419690596837253,0.8666666666666667,,0.20000000000000007,1.0,,0.33333333333333337,1.0,,0.33333333333333337,,,
B,bolivia/tile25,225,3,control NDWI gradient,0.0010834765750594474,0.6666666666666666,,0.0,0.6666666666666666,,0.0,1.0,,0.33333333333333337,,,
B,bolivia/tile25,225,3,constant score,0.013333333333333334,0.04888888888888889,,-0.6177777777777778,0.09777777777777778,,-0.5688888888888889,0.19999999999999998,,-0.4666666666666667,,,
B,bolivia/tile25,225,3,control S2 patch variance,0.0006373134989204294,0.6666666666666666,,0.0,0.6666666666666666,,0.0,1.0,,0.33333333333333337,,,
B,bolivia/tile25,225,3,control NDWI level,0.0012795802985015527,0.3333333333333333,,-0.3333333333333333,0.6666666666666666,,0.0,1.0,,0.33333333333333337,,,
B,bolivia/tile26,224,6,confidence (baseline),0.0015646189160196686,0.5,,0.0,0.8333333333333334,,0.0,1.0,,0.0,,,
B,bolivia/tile26,224,6,tile-phase (aligned),0.0016461201472905086,0.6666666666666666,,0.16666666666666663,0.6666666666666666,,-0.16666666666666674,1.0,,0.0,,,
B,bolivia/tile26,224,6,boundary indicator,0.0009556279142654238,0.7727272727272728,,0.2727272727272728,1.0,,0.16666666666666663,1.0,,0.0,,,
B,bolivia/tile26,224,6,control NDWI gradient,0.0017762506486498164,0.8333333333333334,,0.33333333333333337,0.8333333333333334,,0.0,0.8333333333333334,,-0.16666666666666663,,,
B,bolivia/tile26,224,6,constant score,0.026785714285714284,0.049107142857142856,,-0.45089285714285715,0.09821428571428571,,-0.7351190476190477,0.20089285714285712,,-0.7991071428571429,,,
B,bolivia/tile26,224,6,control S2 patch variance,0.001154743895196323,0.5,,0.0,1.0,,0.16666666666666663,1.0,,0.0,,,
B,bolivia/tile26,224,6,control NDWI level,0.0009646473140308885,0.8333333333333334,,0.33333333333333337,1.0,,0.16666666666666663,1.0,,0.0,,,
B,bolivia/tile27,44,9,confidence (baseline),0.08244855301858656,0.1111111111111111,,0.0,0.1111111111111111,,0.0,0.2222222222222222,,0.0,,,
B,bolivia/tile27,44,9,tile-phase (aligned),0.12482929731420013,0.0,,-0.1111111111111111,0.1111111111111111,,0.0,0.3333333333333333,,0.1111111111111111,,,
B,bolivia/tile27,44,9,boundary indicator,0.0874433985080485,0.14814814814814814,,0.037037037037037035,0.2222222222222222,,0.1111111111111111,0.40740740740740744,,0.18518518518518523,,,
B,bolivia/tile27,44,9,control NDWI gradient,0.09118012113067155,0.1111111111111111,,0.0,0.2222222222222222,,0.1111111111111111,0.2222222222222222,,0.0,,,
B,bolivia/tile27,44,9,constant score,0.20454545454545459,0.045454545454545456,,-0.06565656565656565,0.09090909090909091,,-0.020202020202020193,0.20454545454545453,,-0.01767676767676768,,,
B,bolivia/tile27,44,9,control S2 patch variance,0.05560356668617517,0.2222222222222222,,0.1111111111111111,0.3333333333333333,,0.2222222222222222,0.4444444444444444,,0.2222222222222222,,,
B,bolivia/tile27,44,9,control NDWI level,0.042875936941636265,0.1111111111111111,,0.0,0.3333333333333333,,0.2222222222222222,0.5555555555555556,,0.33333333333333337,,,
B,bolivia/tile28,56,14,confidence (baseline),0.13969495711089372,0.07142857142857142,,0.0,0.21428571428571427,,0.0,0.35714285714285715,,0.0,,,
B,bolivia/tile28,56,14,tile-phase (aligned),0.11347041837094059,0.0,,-0.07142857142857142,0.14285714285714285,,-0.07142857142857142,0.35714285714285715,,0.0,,,
B,bolivia/tile28,56,14,boundary indicator,0.11832454659627224,0.1285714285714286,,0.05714285714285716,0.3,,0.08571428571428572,0.4642857142857143,,0.10714285714285715,,,
B,bolivia/tile28,56,14,control NDWI gradient,0.18961529248785183,0.07142857142857142,,0.0,0.14285714285714285,,-0.07142857142857142,0.21428571428571427,,-0.14285714285714288,,,
B,bolivia/tile28,56,14,constant score,0.25,0.05357142857142857,,-0.017857142857142856,0.10714285714285714,,-0.10714285714285714,0.19642857142857142,,-0.16071428571428573,,,
B,bolivia/tile28,56,14,control S2 patch variance,0.17011468167552607,0.14285714285714285,,0.07142857142857142,0.14285714285714285,,-0.07142857142857142,0.14285714285714285,,-0.2142857142857143,,,
B,bolivia/tile28,56,14,control NDWI level,0.09921743509062811,0.07142857142857142,,0.0,0.2857142857142857,,0.07142857142857142,0.42857142857142855,,0.0714285714285714,,,
B,bolivia/tile29,225,17,confidence (baseline),0.007189938899758073,0.4117647058823529,,0.0,0.5882352941176471,,0.0,0.9411764705882353,,0.0,,,
B,bolivia/tile29,225,17,tile-phase (aligned),0.007564300690757666,0.35294117647058826,,-0.05882352941176466,0.6470588235294118,,0.05882352941176472,0.9411764705882353,,0.0,,,
B,bolivia/tile29,225,17,boundary indicator,0.0650864623203293,0.1840958605664488,,-0.22766884531590412,0.22603485838779958,,-0.3622004357298475,0.3137254901960785,,-0.6274509803921569,,,
B,bolivia/tile29,225,17,control NDWI gradient,0.017604004805303098,0.0,,-0.4117647058823529,0.29411764705882354,,-0.29411764705882354,0.6470588235294118,,-0.2941176470588235,,,
B,bolivia/tile29,225,17,constant score,0.07555555555555556,0.04888888888888889,,-0.36287581699346405,0.09777777777777778,,-0.4904575163398693,0.19999999999999998,,-0.7411764705882353,,,
B,bolivia/tile29,225,17,control S2 patch variance,0.012592333182981008,0.23529411764705882,,-0.1764705882352941,0.47058823529411764,,-0.11764705882352944,0.7647058823529411,,-0.17647058823529416,,,
B,bolivia/tile29,225,17,control NDWI level,0.003436606412692499,0.5882352941176471,,0.17647058823529416,1.0,,0.4117647058823529,1.0,,0.05882352941176472,,,
B,bolivia/tile30,225,39,confidence (baseline),0.04488341695679743,0.1794871794871795,,0.0,0.3076923076923077,,0.0,0.5641025641025641,,0.0,,,
B,bolivia/tile30,225,39,tile-phase (aligned),0.062213250291760745,0.1282051282051282,,-0.051282051282051294,0.15384615384615385,,-0.15384615384615385,0.38461538461538464,,-0.17948717948717946,,,
B,bolivia/tile30,225,39,boundary indicator,0.10572013082285386,0.11312217194570137,,-0.06636500754147812,0.2292609351432881,,-0.0784313725490196,0.4017094017094017,,-0.16239316239316237,,,
B,bolivia/tile30,225,39,control NDWI gradient,0.09178094625627684,0.10256410256410256,,-0.07692307692307693,0.15384615384615385,,-0.15384615384615385,0.3333333333333333,,-0.23076923076923078,,,
B,bolivia/tile30,225,39,constant score,0.17333333333333334,0.04888888888888889,,-0.1305982905982906,0.09777777777777778,,-0.2099145299145299,0.19999999999999998,,-0.36410256410256414,,,
B,bolivia/tile30,225,39,control S2 patch variance,0.14389212688997027,0.07692307692307693,,-0.10256410256410256,0.1282051282051282,,-0.17948717948717952,0.1794871794871795,,-0.3846153846153846,,,
B,bolivia/tile30,225,39,control NDWI level,0.023414761718751752,0.2564102564102564,,0.0769230769230769,0.48717948717948717,,0.17948717948717946,0.8461538461538461,,0.28205128205128205,,,
B,bolivia/tile31,225,24,confidence (baseline),0.008777460140618485,0.25,,0.0,0.7083333333333334,,0.0,1.0,,0.0,,,
B,bolivia/tile31,225,24,tile-phase (aligned),0.010121714319667225,0.25,,0.0,0.625,,-0.08333333333333337,0.9166666666666666,,-0.08333333333333337,,,
B,bolivia/tile31,225,24,boundary indicator,0.06660409999823738,0.2023809523809524,,-0.04761904761904759,0.4583333333333333,,-0.25000000000000006,0.5197044334975369,,-0.4802955665024631,,,
B,bolivia/tile31,225,24,control NDWI gradient,0.014224431070811859,0.20833333333333334,,-0.04166666666666666,0.4583333333333333,,-0.25000000000000006,0.875,,-0.125,,,
B,bolivia/tile31,225,24,constant score,0.10666666666666667,0.04888888888888889,,-0.2011111111111111,0.09777777777777778,,-0.6105555555555556,0.19999999999999998,,-0.8,,,
B,bolivia/tile31,225,24,control S2 patch variance,0.01207656635942712,0.16666666666666666,,-0.08333333333333334,0.5,,-0.20833333333333337,0.9583333333333334,,-0.04166666666666663,,,
B,bolivia/tile31,225,24,control NDWI level,0.006804548092941423,0.4166666666666667,,0.16666666666666669,0.8333333333333334,,0.125,1.0,,0.0,,,
B,bolivia/tile33,217,20,confidence (baseline),0.008981764112034973,0.25,,0.0,0.5,,0.0,1.0,,0.0,,,
B,bolivia/tile33,217,20,tile-phase (aligned),0.009849994367214194,0.35,,0.09999999999999998,0.6,,0.09999999999999998,0.95,,-0.050000000000000044,,,
B,bolivia/tile33,217,20,boundary indicator,0.02759482457840905,0.3,,0.04999999999999999,0.445,,-0.05499999999999999,0.7214285714285714,,-0.2785714285714286,,,
B,bolivia/tile33,217,20,control NDWI gradient,0.027348927578160678,0.2,,-0.04999999999999999,0.3,,-0.2,0.5,,-0.5,,,
B,bolivia/tile33,217,20,constant score,0.09216589861751152,0.05069124423963134,,-0.19930875576036866,0.10138248847926268,,-0.3986175115207373,0.19815668202764977,,-0.8018433179723502,,,
B,bolivia/tile33,217,20,control S2 patch variance,0.010552840990672212,0.35,,0.09999999999999998,0.7,,0.19999999999999996,0.85,,-0.15000000000000002,,,
B,bolivia/tile33,217,20,control NDWI level,0.017127417568212774,0.25,,0.0,0.5,,0.0,0.65,,-0.35,,,
B,bolivia/tile34,153,13,confidence (baseline),0.007597834415594395,0.3076923076923077,,0.0,0.6923076923076923,,0.0,1.0,,0.0,,,
B,bolivia/tile34,153,13,tile-phase (aligned),0.009879037163410027,0.3076923076923077,,0.0,0.5384615384615384,,-0.15384615384615385,0.8461538461538461,,-0.15384615384615385,,,
B,bolivia/tile34,153,13,boundary indicator,0.02180048297065505,0.46153846153846156,,0.15384615384615385,0.7019230769230769,,0.009615384615384581,0.8461538461538461,,-0.15384615384615385,,,
B,bolivia/tile34,153,13,control NDWI gradient,0.04128019824287208,0.07692307692307693,,-0.23076923076923078,0.07692307692307693,,-0.6153846153846154,0.15384615384615385,,-0.8461538461538461,,,
B,bolivia/tile34,153,13,constant score,0.08496732026143793,0.05228758169934641,,-0.2554047259929613,0.09803921568627451,,-0.5942684766214178,0.20261437908496732,,-0.7973856209150327,,,
B,bolivia/tile34,153,13,control S2 patch variance,0.011119102500968682,0.3076923076923077,,0.0,0.46153846153846156,,-0.23076923076923073,0.9230769230769231,,-0.07692307692307687,,,
B,bolivia/tile34,153,13,control NDWI level,0.010128185224525296,0.38461538461538464,,0.07692307692307693,0.46153846153846156,,-0.23076923076923073,0.9230769230769231,,-0.07692307692307687,,,
B,bolivia/tile35,148,17,confidence (baseline),0.025714976674823448,0.11764705882352941,,0.0,0.29411764705882354,,0.0,0.5294117647058824,,0.0,,,
B,bolivia/tile35,148,17,tile-phase (aligned),0.01722910840044101,0.23529411764705882,,0.11764705882352941,0.47058823529411764,,0.1764705882352941,0.7647058823529411,,0.23529411764705876,,,
B,bolivia/tile35,148,17,boundary indicator,0.01807423512158416,0.23529411764705882,,0.11764705882352941,0.45701357466063347,,0.16289592760180993,0.7647058823529411,,0.23529411764705876,,,
B,bolivia/tile35,148,17,control NDWI gradient,0.08938466527278525,0.058823529411764705,,-0.058823529411764705,0.17647058823529413,,-0.11764705882352941,0.23529411764705882,,-0.29411764705882354,,,
B,bolivia/tile35,148,17,constant score,0.11486486486486489,0.0472972972972973,,-0.07034976152623211,0.10135135135135136,,-0.19276629570747217,0.20270270270270271,,-0.3267090620031796,,,
B,bolivia/tile35,148,17,control S2 patch variance,0.014616544168817375,0.4117647058823529,,0.2941176470588235,0.7058823529411765,,0.411764705882353,0.8235294117647058,,0.2941176470588235,,,
B,bolivia/tile35,148,17,control NDWI level,0.014916232297068507,0.35294117647058826,,0.23529411764705885,0.5882352941176471,,0.29411764705882354,0.8235294117647058,,0.2941176470588235,,,
B,bolivia/tile37,225,13,confidence (baseline),0.009169994745327127,0.23076923076923078,,0.0,0.38461538461538464,,0.0,0.6923076923076923,,0.0,,,
B,bolivia/tile37,225,13,tile-phase (aligned),0.006366440760094947,0.23076923076923078,,0.0,0.6153846153846154,,0.23076923076923078,0.8461538461538461,,0.15384615384615385,,,
B,bolivia/tile37,225,13,boundary indicator,0.002336428595721555,0.7538461538461539,,0.5230769230769232,0.9358974358974359,,0.5512820512820513,1.0,,0.3076923076923077,,,
B,bolivia/tile37,225,13,control NDWI gradient,0.09250342838936945,0.07692307692307693,,-0.15384615384615385,0.15384615384615385,,-0.23076923076923078,0.15384615384615385,,-0.5384615384615384,,,
B,bolivia/tile37,225,13,constant score,0.05777777777777779,0.048888888888888885,,-0.1818803418803419,0.09777777777777777,,-0.28683760683760684,0.2,,-0.4923076923076923,,,
B,bolivia/tile37,225,13,control S2 patch variance,0.003574745852487313,0.46153846153846156,,0.23076923076923078,0.8461538461538461,,0.4615384615384615,1.0,,0.3076923076923077,,,
B,bolivia/tile37,225,13,control NDWI level,0.007887986262856346,0.3076923076923077,,0.07692307692307693,0.5384615384615384,,0.1538461538461538,0.8461538461538461,,0.15384615384615385,,,
B,bolivia/tile38,225,24,confidence (baseline),0.03644334857646947,0.08333333333333333,,0.0,0.3333333333333333,,0.0,0.5416666666666666,,0.0,,,
B,bolivia/tile38,225,24,tile-phase (aligned),0.021357544590737496,0.20833333333333334,,0.125,0.3333333333333333,,0.0,0.6666666666666666,,0.125,,,
B,bolivia/tile38,225,24,boundary indicator,0.015653895378056323,0.3273809523809524,,0.24404761904761907,0.47,,0.13666666666666666,0.7383333333333333,,0.19666666666666666,,,
B,bolivia/tile38,225,24,control NDWI gradient,0.07870982886651764,0.08333333333333333,,0.0,0.25,,-0.08333333333333331,0.5,,-0.04166666666666663,,,
B,bolivia/tile38,225,24,constant score,0.10666666666666667,0.04888888888888889,,-0.03444444444444444,0.09777777777777778,,-0.23555555555555552,0.19999999999999998,,-0.3416666666666667,,,
B,bolivia/tile38,225,24,control S2 patch variance,0.07166246406626699,0.08333333333333333,,0.0,0.125,,-0.20833333333333331,0.20833333333333334,,-0.33333333333333326,,,
B,bolivia/tile38,225,24,control NDWI level,0.028811490300111323,0.16666666666666666,,0.08333333333333333,0.25,,-0.08333333333333331,0.5833333333333334,,0.04166666666666674,,,
B,bolivia/tile39,36,8,confidence (baseline),0.07716610554904114,0.0,,0.0,0.125,,0.0,0.375,,0.0,,,
B,bolivia/tile39,36,8,tile-phase (aligned),0.08305294399904066,0.0,,0.0,0.25,,0.125,0.625,,0.25,,,
B,bolivia/tile39,36,8,boundary indicator,0.06863100779285232,0.15,,0.15,0.2,,0.07500000000000001,0.3333333333333333,,-0.041666666666666685,,,
B,bolivia/tile39,36,8,control NDWI gradient,0.22406785005579705,0.125,,0.125,0.375,,0.25,0.375,,0.0,,,
B,bolivia/tile39,36,8,constant score,0.2222222222222222,0.05555555555555555,,0.05555555555555555,0.1111111111111111,,-0.013888888888888895,0.19444444444444445,,-0.18055555555555555,,,
B,bolivia/tile39,36,8,control S2 patch variance,0.08082526121356144,0.125,,0.125,0.25,,0.125,0.5,,0.125,,,
B,bolivia/tile39,36,8,control NDWI level,0.12219605489928068,0.125,,0.125,0.125,,0.0,0.25,,-0.125,,,
B,bolivia/tile41,52,9,confidence (baseline),0.04332302487536518,0.1111111111111111,,0.0,0.3333333333333333,,0.0,0.7777777777777778,,0.0,,,
B,bolivia/tile41,52,9,tile-phase (aligned),0.0421877897863793,0.2222222222222222,,0.1111111111111111,0.4444444444444444,,0.1111111111111111,0.6666666666666666,,-0.11111111111111116,,,
B,bolivia/tile41,52,9,boundary indicator,0.09988019679916708,0.18518518518518517,,0.07407407407407407,0.3333333333333333,,0.0,0.5714285714285714,,-0.2063492063492064,,,
B,bolivia/tile41,52,9,control NDWI gradient,0.07178856229631915,0.2222222222222222,,0.1111111111111111,0.3333333333333333,,0.0,0.5555555555555556,,-0.2222222222222222,,,
B,bolivia/tile41,52,9,constant score,0.1730769230769231,0.057692307692307696,,-0.05341880341880341,0.09615384615384616,,-0.23717948717948717,0.19230769230769232,,-0.5854700854700855,,,
B,bolivia/tile41,52,9,control S2 patch variance,0.07028482080970987,0.1111111111111111,,0.0,0.2222222222222222,,-0.1111111111111111,0.2222222222222222,,-0.5555555555555556,,,
B,bolivia/tile41,52,9,control NDWI level,0.07762486716420836,0.2222222222222222,,0.1111111111111111,0.2222222222222222,,-0.1111111111111111,0.6666666666666666,,-0.11111111111111116,,,
B,bolivia/tile43,225,6,confidence (baseline),0.0004985560566982681,1.0,,0.0,1.0,,0.0,1.0,,0.0,,,
B,bolivia/tile43,225,6,tile-phase (aligned),0.000640079888234352,1.0,,0.0,1.0,,0.0,1.0,,0.0,,,
B,bolivia/tile43,225,6,boundary indicator,0.022669504802688662,0.19306184012066363,,-0.8069381598793364,0.23453996983408745,,-0.7654600301659126,0.3212669683257919,,-0.6787330316742082,,,
B,bolivia/tile43,225,6,control NDWI gradient,0.007231930864955804,0.0,,-1.0,0.0,,-1.0,0.3333333333333333,,-0.6666666666666667,,,
B,bolivia/tile43,225,6,constant score,0.02666666666666667,0.04888888888888889,,-0.9511111111111111,0.09777777777777778,,-0.9022222222222223,0.19999999999999998,,-0.8,,,
B,bolivia/tile43,225,6,control S2 patch variance,0.0014649333432457884,0.5,,-0.5,1.0,,0.0,1.0,,0.0,,,
B,bolivia/tile43,225,6,control NDWI level,0.0006405379985893262,1.0,,0.0,1.0,,0.0,1.0,,0.0,,,
B,bolivia/tile44,181,23,confidence (baseline),0.030781759458256026,0.17391304347826086,,0.0,0.34782608695652173,,0.0,0.6086956521739131,,0.0,,,
B,bolivia/tile44,181,23,tile-phase (aligned),0.032590345380767105,0.17391304347826086,,0.0,0.34782608695652173,,0.0,0.5217391304347826,,-0.08695652173913049,,,
B,bolivia/tile44,181,23,boundary indicator,0.048398790769895415,0.19875776397515527,,0.0248447204968944,0.30434782608695654,,-0.04347826086956519,0.6167471819645732,,0.00805152979066015,,,
B,bolivia/tile44,181,23,control NDWI gradient,0.13944672179809134,0.043478260869565216,,-0.13043478260869565,0.043478260869565216,,-0.30434782608695654,0.13043478260869565,,-0.4782608695652174,,,
B,bolivia/tile44,181,23,constant score,0.1270718232044199,0.04972375690607735,,-0.1241892865721835,0.0994475138121547,,-0.248378573144367,0.1988950276243094,,-0.40980062454960364,,,
B,bolivia/tile44,181,23,control S2 patch variance,0.12535516708851474,0.043478260869565216,,-0.13043478260869565,0.043478260869565216,,-0.30434782608695654,0.08695652173913043,,-0.5217391304347827,,,
B,bolivia/tile44,181,23,control NDWI level,0.03548820806494783,0.13043478260869565,,-0.043478260869565216,0.34782608695652173,,0.0,0.6086956521739131,,0.0,,,
B,bolivia/tile45,42,16,confidence (baseline),0.42959892483882006,0.0625,,0.0,0.125,,0.0,0.1875,,0.0,,,
B,bolivia/tile45,42,16,tile-phase (aligned),0.3776740630415227,0.0625,,0.0,0.0625,,-0.0625,0.1875,,0.0,,,
B,bolivia/tile45,42,16,boundary indicator,0.319140428402299,0.041666666666666664,,-0.020833333333333336,0.1,,-0.024999999999999994,0.25,,0.0625,,,
B,bolivia/tile45,42,16,control NDWI gradient,0.36273688544676286,0.125,,0.0625,0.1875,,0.0625,0.3125,,0.125,,,
B,bolivia/tile45,42,16,constant score,0.38095238095238093,0.047619047619047616,,-0.014880952380952384,0.09523809523809523,,-0.029761904761904767,0.19047619047619047,,0.0029761904761904656,,,
B,bolivia/tile45,42,16,control S2 patch variance,0.16079421213260653,0.0625,,0.0,0.1875,,0.0625,0.375,,0.1875,,,
B,bolivia/tile45,42,16,control NDWI level,0.1771863671266558,0.0625,,0.0,0.1875,,0.0625,0.375,,0.1875,,,
B,bolivia/tile46,31,18,confidence (baseline),0.6563295467885246,0.05555555555555555,,0.0,0.1111111111111111,,0.0,0.2222222222222222,,0.0,,,
B,bolivia/tile46,31,18,tile-phase (aligned),0.6538319199587905,0.05555555555555555,,0.0,0.1111111111111111,,0.0,0.16666666666666666,,-0.05555555555555555,,,
B,bolivia/tile46,31,18,boundary indicator,0.6117977236016106,0.09259259259259259,,0.037037037037037035,0.12962962962962962,,0.018518518518518517,0.2222222222222222,,0.0,,,
B,bolivia/tile46,31,18,control NDWI gradient,0.7538127081078325,0.0,,-0.05555555555555555,0.0,,-0.1111111111111111,0.1111111111111111,,-0.1111111111111111,,,
B,bolivia/tile46,31,18,constant score,0.5806451612903227,0.06451612903225806,,0.00896057347670251,0.0967741935483871,,-0.01433691756272401,0.1935483870967742,,-0.02867383512544802,,,
B,bolivia/tile46,31,18,control S2 patch variance,0.33033734116461183,0.05555555555555555,,0.0,0.1111111111111111,,0.0,0.2777777777777778,,0.05555555555555558,,,
B,bolivia/tile46,31,18,control NDWI level,0.2839141092501352,0.1111111111111111,,0.05555555555555555,0.16666666666666666,,0.05555555555555555,0.3333333333333333,,0.1111111111111111,,,
B,bolivia/tile49,225,6,confidence (baseline),0.0006609253584262273,1.0,,0.0,1.0,,0.0,1.0,,0.0,,,
B,bolivia/tile49,225,6,tile-phase (aligned),0.0008033173622702197,0.8333333333333334,,-0.16666666666666663,1.0,,0.0,1.0,,0.0,,,
B,bolivia/tile49,225,6,boundary indicator,0.013891709736315379,0.5114155251141552,,-0.4885844748858448,0.5365296803652968,,-0.4634703196347032,0.589041095890411,,-0.410958904109589,,,
B,bolivia/tile49,225,6,control NDWI gradient,0.00279831615493365,0.3333333333333333,,-0.6666666666666667,0.5,,-0.5,1.0,,0.0,,,
B,bolivia/tile49,225,6,constant score,0.02666666666666667,0.04888888888888889,,-0.9511111111111111,0.09777777777777778,,-0.9022222222222223,0.19999999999999998,,-0.8,,,
B,bolivia/tile49,225,6,control S2 patch variance,0.0011687859538519257,0.6666666666666666,,-0.33333333333333337,0.8333333333333334,,-0.16666666666666663,1.0,,0.0,,,
B,bolivia/tile49,225,6,control NDWI level,0.0007630669237445625,1.0,,0.0,1.0,,0.0,1.0,,0.0,,,
B,bolivia/tile50,225,11,confidence (baseline),0.005787808424956038,0.36363636363636365,,0.0,0.45454545454545453,,0.0,0.8181818181818182,,0.0,,,
B,bolivia/tile50,225,11,tile-phase (aligned),0.005644184587482075,0.5454545454545454,,0.18181818181818177,0.6363636363636364,,0.18181818181818182,0.7272727272727273,,-0.09090909090909094,,,
B,bolivia/tile50,225,11,boundary indicator,0.021880251190669907,0.38636363636363635,,0.022727272727272707,0.5702479338842975,,0.11570247933884298,0.6643356643356643,,-0.15384615384615397,,,
B,bolivia/tile50,225,11,control NDWI gradient,0.037999810983812915,0.09090909090909091,,-0.2727272727272727,0.09090909090909091,,-0.36363636363636365,0.18181818181818182,,-0.6363636363636365,,,
B,bolivia/tile50,225,11,constant score,0.04888888888888887,0.04888888888888889,,-0.3147474747474748,0.09777777777777778,,-0.35676767676767673,0.2,,-0.6181818181818182,,,
B,bolivia/tile50,225,11,control S2 patch variance,0.015307025497859209,0.09090909090909091,,-0.2727272727272727,0.18181818181818182,,-0.2727272727272727,0.5454545454545454,,-0.2727272727272728,,,
B,bolivia/tile50,225,11,control NDWI level,0.0048463547703086795,0.45454545454545453,,0.09090909090909088,0.7272727272727273,,0.27272727272727276,0.7272727272727273,,-0.09090909090909094,,,
B,bolivia/tile51,225,23,confidence (baseline),0.013661620553255647,0.21739130434782608,,0.0,0.43478260869565216,,0.0,0.8260869565217391,,0.0,,,
B,bolivia/tile51,225,23,tile-phase (aligned),0.02167617980938847,0.13043478260869565,,-0.08695652173913043,0.2608695652173913,,-0.17391304347826086,0.6521739130434783,,-0.17391304347826086,,,
B,bolivia/tile51,225,23,boundary indicator,0.050853258133975315,0.21070234113712377,,-0.006688963210702309,0.35403726708074534,,-0.08074534161490682,0.591304347826087,,-0.23478260869565215,,,
B,bolivia/tile51,225,23,control NDWI gradient,0.09265863531764892,0.08695652173913043,,-0.13043478260869565,0.13043478260869565,,-0.30434782608695654,0.17391304347826086,,-0.6521739130434783,,,
B,bolivia/tile51,225,23,constant score,0.10222222222222223,0.048888888888888885,,-0.16850241545893718,0.09777777777777777,,-0.33700483091787437,0.19999999999999998,,-0.6260869565217392,,,
B,bolivia/tile51,225,23,control S2 patch variance,0.13726782478140456,0.08695652173913043,,-0.13043478260869565,0.08695652173913043,,-0.34782608695652173,0.08695652173913043,,-0.7391304347826086,,,
B,bolivia/tile51,225,23,control NDWI level,0.007373934559980249,0.43478260869565216,,0.21739130434782608,0.8260869565217391,,0.391304347826087,0.9565217391304348,,0.13043478260869568,,,
B,bolivia/tile54,47,7,confidence (baseline),0.03456408879233848,0.14285714285714285,,0.0,0.2857142857142857,,0.0,0.42857142857142855,,0.0,,,
B,bolivia/tile54,47,7,tile-phase (aligned),0.032112564334753846,0.0,,-0.14285714285714285,0.2857142857142857,,0.0,0.5714285714285714,,0.14285714285714285,,,
B,bolivia/tile54,47,7,boundary indicator,0.03955203256245698,0.047619047619047616,,-0.09523809523809523,0.14285714285714285,,-0.14285714285714285,0.5238095238095238,,0.09523809523809529,,,
B,bolivia/tile54,47,7,control NDWI gradient,0.0374128833301026,0.14285714285714285,,0.0,0.2857142857142857,,0.0,0.5714285714285714,,0.14285714285714285,,,
B,bolivia/tile54,47,7,constant score,0.1489361702127659,0.0425531914893617,,-0.10030395136778114,0.10638297872340426,,-0.17933130699088146,0.19148936170212766,,-0.2370820668693009,,,
B,bolivia/tile54,47,7,control S2 patch variance,0.01795101705603166,0.2857142857142857,,0.14285714285714285,0.5714285714285714,,0.2857142857142857,0.8571428571428571,,0.42857142857142855,,,
B,bolivia/tile54,47,7,control NDWI level,0.019300279106315526,0.2857142857142857,,0.14285714285714285,0.5714285714285714,,0.2857142857142857,0.7142857142857143,,0.28571428571428575,,,
B,bolivia/tile55,88,12,confidence (baseline),0.027183756072215258,0.25,,0.0,0.25,,0.0,0.5833333333333334,,0.0,,,
B,bolivia/tile55,88,12,tile-phase (aligned),0.01976594641880745,0.3333333333333333,,0.08333333333333331,0.6666666666666666,,0.41666666666666663,0.8333333333333334,,0.25,,,
B,bolivia/tile55,88,12,boundary indicator,0.0755505552719719,0.25,,0.0,0.4351851851851852,,0.18518518518518517,0.5833333333333334,,0.0,,,
B,bolivia/tile55,88,12,control NDWI gradient,0.10113628664011892,0.0,,-0.25,0.0,,-0.25,0.0,,-0.5833333333333334,,,
B,bolivia/tile55,88,12,constant score,0.13636363636363635,0.04545454545454545,,-0.20454545454545456,0.10227272727272728,,-0.1477272727272727,0.20454545454545456,,-0.3787878787878788,,,
B,bolivia/tile55,88,12,control S2 patch variance,0.022709909279409187,0.3333333333333333,,0.08333333333333331,0.5,,0.25,0.8333333333333334,,0.25,,,
B,bolivia/tile55,88,12,control NDWI level,0.04346819831873682,0.08333333333333333,,-0.16666666666666669,0.16666666666666666,,-0.08333333333333334,0.16666666666666666,,-0.41666666666666674,,,
B,bolivia/tile56,192,27,confidence (baseline),0.03229048563715551,0.25925925925925924,,0.0,0.3333333333333333,,0.0,0.5555555555555556,,0.0,,,
B,bolivia/tile56,192,27,tile-phase (aligned),0.025695564991251904,0.25925925925925924,,0.0,0.4074074074074074,,0.07407407407407407,0.6666666666666666,,0.11111111111111105,,,
B,bolivia/tile56,192,27,boundary indicator,0.06100843638697077,0.2777777777777778,,0.018518518518518545,0.47474747474747475,,0.14141414141414144,0.6518518518518519,,0.09629629629629632,,,
B,bolivia/tile56,192,27,control NDWI gradient,0.10435801512789948,0.14814814814814814,,-0.1111111111111111,0.14814814814814814,,-0.18518518518518517,0.14814814814814814,,-0.40740740740740744,,,
B,bolivia/tile56,192,27,constant score,0.140625,0.052083333333333336,,-0.2071759259259259,0.09895833333333333,,-0.234375,0.19791666666666666,,-0.35763888888888895,,,
B,bolivia/tile56,192,27,control S2 patch variance,0.08063591735564178,0.18518518518518517,,-0.07407407407407407,0.37037037037037035,,0.037037037037037035,0.48148148148148145,,-0.07407407407407413,,,
B,bolivia/tile56,192,27,control NDWI level,0.03266931695045858,0.18518518518518517,,-0.07407407407407407,0.25925925925925924,,-0.07407407407407407,0.6296296296296297,,0.07407407407407407,,,
B,bolivia/tile57,225,10,confidence (baseline),0.002569464062054665,0.7,,0.0,0.8,,0.0,0.9,,0.0,,,
B,bolivia/tile57,225,10,tile-phase (aligned),0.002530523008333893,0.7,,0.0,0.7,,-0.10000000000000009,1.0,,0.09999999999999998,,,
B,bolivia/tile57,225,10,boundary indicator,0.006736176849984608,0.6,,-0.09999999999999998,0.9,,0.09999999999999998,0.9076923076923077,,0.007692307692307665,,,
B,bolivia/tile57,225,10,control NDWI gradient,0.004714922210508584,0.4,,-0.29999999999999993,0.6,,-0.20000000000000007,0.9,,0.0,,,
B,bolivia/tile57,225,10,constant score,0.04444444444444444,0.048888888888888885,,-0.6511111111111111,0.09777777777777777,,-0.7022222222222223,0.2,,-0.7,,,
B,bolivia/tile57,225,10,control S2 patch variance,0.03187915068700573,0.4,,-0.29999999999999993,0.4,,-0.4,0.5,,-0.4,,,
B,bolivia/tile57,225,10,control NDWI level,0.002541845042994084,0.7,,0.0,0.8,,0.0,1.0,,0.09999999999999998,,,
B,bolivia/tile58,225,25,confidence (baseline),0.022725688824645367,0.24,,0.0,0.48,,0.0,0.8,,0.0,,,
B,bolivia/tile58,225,25,tile-phase (aligned),0.02036216694817717,0.24,,0.0,0.4,,-0.07999999999999996,0.76,,-0.040000000000000036,,,
B,bolivia/tile58,225,25,boundary indicator,0.04351041323244435,0.368,,0.128,0.57875,,0.09875,0.7225,,-0.07750000000000001,,,
B,bolivia/tile58,225,25,control NDWI gradient,0.11089867250023872,0.2,,-0.03999999999999998,0.28,,-0.19999999999999996,0.48,,-0.32000000000000006,,,
B,bolivia/tile58,225,25,constant score,0.11111111111111115,0.04888888888888889,,-0.1911111111111111,0.09777777777777778,,-0.3822222222222222,0.2,,-0.6000000000000001,,,
B,bolivia/tile58,225,25,control S2 patch variance,0.09948833521166459,0.12,,-0.12,0.28,,-0.19999999999999996,0.4,,-0.4,,,
B,bolivia/tile58,225,25,control NDWI level,0.019281332361073544,0.24,,0.0,0.52,,0.040000000000000036,0.8,,0.0,,,
B,bolivia/tile60,149,19,confidence (baseline),0.016807068636297297,0.2631578947368421,,0.0,0.631578947368421,,0.0,0.8421052631578947,,0.0,,,
B,bolivia/tile60,149,19,tile-phase (aligned),0.01708557514545759,0.3684210526315789,,0.10526315789473684,0.631578947368421,,0.0,0.8421052631578947,,0.0,,,
B,bolivia/tile60,149,19,boundary indicator,0.04852516175458651,0.23684210526315788,,-0.02631578947368421,0.3765182186234817,,-0.2550607287449393,0.6090225563909775,,-0.23308270676691722,,,
B,bolivia/tile60,149,19,control NDWI gradient,0.08972140755800215,0.10526315789473684,,-0.15789473684210525,0.15789473684210525,,-0.47368421052631576,0.3157894736842105,,-0.5263157894736842,,,
B,bolivia/tile60,149,19,constant score,0.12751677852348992,0.04697986577181208,,-0.21617802896503002,0.10067114093959732,,-0.5309078064288237,0.20134228187919465,,-0.6407629812787,,,
B,bolivia/tile60,149,19,control S2 patch variance,0.02759881931371065,0.2631578947368421,,0.0,0.47368421052631576,,-0.15789473684210525,0.6842105263157895,,-0.1578947368421052,,,
B,bolivia/tile60,149,19,control NDWI level,0.017889328896152735,0.2631578947368421,,0.0,0.3684210526315789,,-0.2631578947368421,0.8421052631578947,,0.0,,,
B,bolivia/tile61,207,11,confidence (baseline),0.005265030825306552,0.2727272727272727,,0.0,0.6363636363636364,,0.0,0.9090909090909091,,0.0,,,
B,bolivia/tile61,207,11,tile-phase (aligned),0.003670831297158934,0.45454545454545453,,0.18181818181818182,0.8181818181818182,,0.18181818181818188,1.0,,0.09090909090909094,,,
B,bolivia/tile61,207,11,boundary indicator,0.00218667588907691,0.6883116883116883,,0.4155844155844156,1.0,,0.36363636363636365,1.0,,0.09090909090909094,,,
B,bolivia/tile61,207,11,control NDWI gradient,0.043244159223313657,0.0,,-0.2727272727272727,0.09090909090909091,,-0.5454545454545454,0.36363636363636365,,-0.5454545454545454,,,
B,bolivia/tile61,207,11,constant score,0.0531400966183575,0.04830917874396135,,-0.22441809398331136,0.10144927536231885,,-0.5349143610013175,0.19806763285024154,,-0.7110232762406675,,,
B,bolivia/tile61,207,11,control S2 patch variance,0.0032025730089773083,0.5454545454545454,,0.2727272727272727,0.8181818181818182,,0.18181818181818188,1.0,,0.09090909090909094,,,
B,bolivia/tile61,207,11,control NDWI level,0.005520623953682914,0.6363636363636364,,0.36363636363636365,0.6363636363636364,,0.0,0.9090909090909091,,0.0,,,
B,bolivia/tile62,108,18,confidence (baseline),0.03602438478408315,0.2222222222222222,,0.0,0.3333333333333333,,0.0,0.5555555555555556,,0.0,,,
B,bolivia/tile62,108,18,tile-phase (aligned),0.03048295630851157,0.2777777777777778,,0.05555555555555558,0.5,,0.16666666666666669,0.7222222222222222,,0.16666666666666663,,,
B,bolivia/tile62,108,18,boundary indicator,0.08488320705663809,0.19444444444444445,,-0.027777777777777762,0.3611111111111111,,0.02777777777777779,0.5802469135802469,,0.024691358024691357,,,
B,bolivia/tile62,108,18,control NDWI gradient,0.061514860675356886,0.1111111111111111,,-0.1111111111111111,0.3333333333333333,,0.0,0.5555555555555556,,0.0,,,
B,bolivia/tile62,108,18,constant score,0.16666666666666674,0.0462962962962963,,-0.1759259259259259,0.10185185185185185,,-0.23148148148148145,0.2037037037037037,,-0.35185185185185186,,,
B,bolivia/tile62,108,18,control S2 patch variance,0.0374996388118634,0.1111111111111111,,-0.1111111111111111,0.3333333333333333,,0.0,0.7222222222222222,,0.16666666666666663,,,
B,bolivia/tile62,108,18,control NDWI level,0.0473148510427916,0.16666666666666666,,-0.05555555555555555,0.2777777777777778,,-0.055555555555555525,0.4444444444444444,,-0.11111111111111116,,,
B,bolivia/tile63,166,4,confidence (baseline),0.00047667038527656364,1.0,,0.0,1.0,,0.0,1.0,,0.0,,,
B,bolivia/tile63,166,4,tile-phase (aligned),0.0005134026803103574,1.0,,0.0,1.0,,0.0,1.0,,0.0,,,
B,bolivia/tile63,166,4,boundary indicator,0.000919445702821248,0.75,,-0.25,0.9583333333333334,,-0.04166666666666663,1.0,,0.0,,,
B,bolivia/tile63,166,4,control NDWI gradient,0.002537228992162275,0.5,,-0.5,0.5,,-0.5,1.0,,0.0,,,
B,bolivia/tile63,166,4,constant score,0.02409638554216867,0.04819277108433735,,-0.9518072289156626,0.10240963855421686,,-0.8975903614457832,0.19879518072289157,,-0.8012048192771084,,,
B,bolivia/tile63,166,4,control S2 patch variance,0.029231120635138302,0.25,,-0.75,0.25,,-0.75,0.25,,-0.75,,,
B,bolivia/tile63,166,4,control NDWI level,0.0019275299652717957,0.0,,-1.0,0.75,,-0.25,1.0,,0.0,,,
B,bolivia/tile64,215,9,confidence (baseline),0.007907198451571196,0.4444444444444444,,0.0,0.5555555555555556,,0.0,0.7777777777777778,,0.0,,,
B,bolivia/tile64,215,9,tile-phase (aligned),0.0028095745745970783,0.5555555555555556,,0.11111111111111116,0.7777777777777778,,0.2222222222222222,1.0,,0.2222222222222222,,,
B,bolivia/tile64,215,9,boundary indicator,0.003247680988349894,0.3888888888888889,,-0.055555555555555525,0.7777777777777778,,0.2222222222222222,1.0,,0.2222222222222222,,,
B,bolivia/tile64,215,9,control NDWI gradient,0.0029004644711567483,0.4444444444444444,,0.0,0.7777777777777778,,0.2222222222222222,1.0,,0.2222222222222222,,,
B,bolivia/tile64,215,9,constant score,0.041860465116279076,0.05116279069767442,,-0.39328165374677,0.10232558139534884,,-0.4532299741602067,0.2,,-0.5777777777777777,,,
B,bolivia/tile64,215,9,control S2 patch variance,0.007082015585215618,0.4444444444444444,,0.0,0.5555555555555556,,0.0,0.5555555555555556,,-0.2222222222222222,,,
B,bolivia/tile64,215,9,control NDWI level,0.009890500498791014,0.3333333333333333,,-0.1111111111111111,0.4444444444444444,,-0.11111111111111116,0.7777777777777778,,0.0,,,
B,bolivia/tile65,190,14,confidence (baseline),0.01614203370349069,0.2857142857142857,,0.0,0.42857142857142855,,0.0,0.6428571428571429,,0.0,,,
B,bolivia/tile65,190,14,tile-phase (aligned),0.02012892798974607,0.35714285714285715,,0.07142857142857145,0.42857142857142855,,0.0,0.5714285714285714,,-0.07142857142857151,,,
B,bolivia/tile65,190,14,boundary indicator,0.04730684519267706,0.17857142857142858,,-0.10714285714285712,0.35714285714285715,,-0.0714285714285714,0.5096774193548387,,-0.13317972350230423,,,
B,bolivia/tile65,190,14,control NDWI gradient,0.02989966650266937,0.21428571428571427,,-0.07142857142857142,0.42857142857142855,,0.0,0.5714285714285714,,-0.07142857142857151,,,
B,bolivia/tile65,190,14,constant score,0.07368421052631578,0.05263157894736842,,-0.23308270676691728,0.09999999999999999,,-0.32857142857142857,0.19999999999999998,,-0.44285714285714295,,,
B,bolivia/tile65,190,14,control S2 patch variance,0.04037721966935394,0.14285714285714285,,-0.14285714285714285,0.2857142857142857,,-0.14285714285714285,0.42857142857142855,,-0.21428571428571436,,,
B,bolivia/tile65,190,14,control NDWI level,0.021564446639402393,0.14285714285714285,,-0.14285714285714285,0.42857142857142855,,0.0,0.5,,-0.1428571428571429,,,
B,bolivia/tile66,224,20,confidence (baseline),0.011086409886199713,0.2,,0.0,0.5,,0.0,0.8,,0.0,,,
B,bolivia/tile66,224,20,tile-phase (aligned),0.013952000208936947,0.15,,-0.05000000000000002,0.3,,-0.2,0.8,,0.0,,,
B,bolivia/tile66,224,20,boundary indicator,0.01568601161242385,0.2375,,0.03749999999999998,0.37058823529411766,,-0.12941176470588234,0.65,,-0.15000000000000002,,,
B,bolivia/tile66,224,20,control NDWI gradient,0.09383770113261505,0.15,,-0.05000000000000002,0.3,,-0.2,0.45,,-0.35000000000000003,,,
B,bolivia/tile66,224,20,constant score,0.08928571428571427,0.049107142857142856,,-0.15089285714285716,0.09821428571428571,,-0.4017857142857143,0.20089285714285715,,-0.5991071428571428,,,
B,bolivia/tile66,224,20,control S2 patch variance,0.042533491265710065,0.1,,-0.1,0.3,,-0.2,0.45,,-0.35000000000000003,,,
B,bolivia/tile66,224,20,control NDWI level,0.014641616231321208,0.2,,0.0,0.3,,-0.2,0.75,,-0.050000000000000044,,,
B,bolivia/tile67,173,21,confidence (baseline),0.026203653615932358,0.14285714285714285,,0.0,0.38095238095238093,,0.0,0.5238095238095238,,0.0,,,
B,bolivia/tile67,173,21,tile-phase (aligned),0.03425040505988012,0.19047619047619047,,0.047619047619047616,0.3333333333333333,,-0.047619047619047616,0.5238095238095238,,0.0,,,
B,bolivia/tile67,173,21,boundary indicator,0.049545021101187,0.2925170068027211,,0.14965986394557823,0.5079365079365079,,0.12698412698412698,0.6547619047619048,,0.13095238095238093,,,
B,bolivia/tile67,173,21,control NDWI gradient,0.06695219165516234,0.14285714285714285,,0.0,0.19047619047619047,,-0.19047619047619047,0.3333333333333333,,-0.19047619047619052,,,
B,bolivia/tile67,173,21,constant score,0.12138728323699424,0.05202312138728323,,-0.09083402146985961,0.09826589595375722,,-0.2826864849986237,0.20231213872832368,,-0.3214973850812002,,,
B,bolivia/tile67,173,21,control S2 patch variance,0.23069442317492828,0.0,,-0.14285714285714285,0.047619047619047616,,-0.3333333333333333,0.19047619047619047,,-0.33333333333333337,,,
B,bolivia/tile67,173,21,control NDWI level,0.01645509652339066,0.2857142857142857,,0.14285714285714285,0.42857142857142855,,0.047619047619047616,0.8095238095238095,,0.2857142857142857,,,
B,bolivia/tile68,225,31,confidence (baseline),0.019646725846084453,0.2903225806451613,,0.0,0.45161290322580644,,0.0,0.7741935483870968,,0.0,,,
B,bolivia/tile68,225,31,tile-phase (aligned),0.023510230177950828,0.3225806451612903,,0.032258064516129004,0.4838709677419355,,0.03225806451612906,0.7419354838709677,,-0.032258064516129004,,,
B,bolivia/tile68,225,31,boundary indicator,0.01663345394751651,0.32795698924731187,,0.03763440860215056,0.6236559139784947,,0.1720430107526883,0.8741935483870968,,0.10000000000000009,,,
B,bolivia/tile68,225,31,control NDWI gradient,0.021721013523339994,0.3225806451612903,,0.032258064516129004,0.5806451612903226,,0.12903225806451618,0.7419354838709677,,-0.032258064516129004,,,
B,bolivia/tile68,225,31,constant score,0.13777777777777778,0.04888888888888889,,-0.2414336917562724,0.09777777777777778,,-0.35383512544802864,0.2,,-0.5741935483870968,,,
B,bolivia/tile68,225,31,control S2 patch variance,0.06806001253003606,0.0,,-0.2903225806451613,0.12903225806451613,,-0.3225806451612903,0.41935483870967744,,-0.3548387096774193,,,
B,bolivia/tile68,225,31,control NDWI level,0.013266905013684417,0.2903225806451613,,0.0,0.5806451612903226,,0.12903225806451618,0.967741935483871,,0.19354838709677424,,,
B,bolivia/tile69,225,12,confidence (baseline),0.003999957793115969,0.4166666666666667,,0.0,0.75,,0.0,1.0,,0.0,,,
B,bolivia/tile69,225,12,tile-phase (aligned),0.0034355067783404156,0.5,,0.08333333333333331,0.75,,0.0,1.0,,0.0,,,
B,bolivia/tile69,225,12,boundary indicator,0.004082259247802078,0.5277777777777778,,0.1111111111111111,0.7166666666666667,,-0.033333333333333326,0.9385964912280702,,-0.06140350877192979,,,
B,bolivia/tile69,225,12,control NDWI gradient,0.00467758741397702,0.4166666666666667,,0.0,0.6666666666666666,,-0.08333333333333337,0.9166666666666666,,-0.08333333333333337,,,
B,bolivia/tile69,225,12,constant score,0.05333333333333334,0.04888888888888889,,-0.3677777777777778,0.09777777777777778,,-0.6522222222222223,0.19999999999999998,,-0.8,,,
B,bolivia/tile69,225,12,control S2 patch variance,0.00802522930804207,0.25,,-0.16666666666666669,0.4166666666666667,,-0.3333333333333333,0.8333333333333334,,-0.16666666666666663,,,
B,bolivia/tile69,225,12,control NDWI level,0.006023157411037365,0.3333333333333333,,-0.08333333333333337,0.5833333333333334,,-0.16666666666666663,0.8333333333333334,,-0.16666666666666663,,,
B,bolivia/tile70,225,23,confidence (baseline),0.019193215367728233,0.2608695652173913,,0.0,0.5217391304347826,,0.0,0.6521739130434783,,0.0,,,
B,bolivia/tile70,225,23,tile-phase (aligned),0.01922830837312274,0.34782608695652173,,0.08695652173913043,0.6086956521739131,,0.08695652173913049,0.8260869565217391,,0.17391304347826086,,,
B,bolivia/tile70,225,23,boundary indicator,0.017863382650614126,0.32608695652173914,,0.06521739130434784,0.5652173913043478,,0.04347826086956519,0.8695652173913043,,0.21739130434782605,,,
B,bolivia/tile70,225,23,control NDWI gradient,0.018407067336098912,0.21739130434782608,,-0.043478260869565216,0.43478260869565216,,-0.08695652173913043,0.6521739130434783,,0.0,,,
B,bolivia/tile70,225,23,constant score,0.10222222222222223,0.048888888888888885,,-0.21198067632850243,0.09777777777777777,,-0.42396135265700485,0.19999999999999998,,-0.4521739130434783,,,
B,bolivia/tile70,225,23,control S2 patch variance,0.05068354702792564,0.21739130434782608,,-0.043478260869565216,0.391304347826087,,-0.13043478260869562,0.5217391304347826,,-0.13043478260869568,,,
B,bolivia/tile70,225,23,control NDWI level,0.020786931951083876,0.08695652173913043,,-0.17391304347826086,0.30434782608695654,,-0.21739130434782605,0.7391304347826086,,0.08695652173913038,,,
B,bolivia/tile71,225,11,confidence (baseline),0.005008577510609348,0.36363636363636365,,0.0,0.6363636363636364,,0.0,0.9090909090909091,,0.0,,,
B,bolivia/tile71,225,11,tile-phase (aligned),0.003718314821766169,0.45454545454545453,,0.09090909090909088,0.6363636363636364,,0.0,1.0,,0.09090909090909094,,,
B,bolivia/tile71,225,11,boundary indicator,0.0043331247231910884,0.4147727272727273,,0.051136363636363646,0.6022727272727273,,-0.03409090909090906,1.0,,0.09090909090909094,,,
B,bolivia/tile71,225,11,control NDWI gradient,0.004797739859452659,0.18181818181818182,,-0.18181818181818182,0.6363636363636364,,0.0,1.0,,0.09090909090909094,,,
B,bolivia/tile71,225,11,constant score,0.04888888888888887,0.04888888888888889,,-0.3147474747474748,0.09777777777777778,,-0.5385858585858586,0.2,,-0.709090909090909,,,
B,bolivia/tile71,225,11,control S2 patch variance,0.009854413053125247,0.18181818181818182,,-0.18181818181818182,0.45454545454545453,,-0.18181818181818182,0.6363636363636364,,-0.2727272727272727,,,
B,bolivia/tile71,225,11,control NDWI level,0.002931537990689786,0.45454545454545453,,0.09090909090909088,0.9090909090909091,,0.2727272727272727,1.0,,0.09090909090909094,,,
B,bolivia/tile72,172,7,confidence (baseline),0.007716037822968398,0.0,,0.0,0.2857142857142857,,0.0,0.5714285714285714,,0.0,,,
B,bolivia/tile72,172,7,tile-phase (aligned),0.005860240408786563,0.14285714285714285,,0.14285714285714285,0.5714285714285714,,0.2857142857142857,0.7142857142857143,,0.1428571428571429,,,
B,bolivia/tile72,172,7,boundary indicator,0.009193151348156759,0.5714285714285714,,0.5714285714285714,0.6825396825396826,,0.39682539682539686,0.8571428571428571,,0.2857142857142857,,,
B,bolivia/tile72,172,7,control NDWI gradient,0.01583294497502419,0.0,,0.0,0.2857142857142857,,0.0,0.42857142857142855,,-0.14285714285714285,,,
B,bolivia/tile72,172,7,constant score,0.04069767441860466,0.05232558139534883,,0.05232558139534883,0.09883720930232558,,-0.1868770764119601,0.19767441860465115,,-0.3737541528239202,,,
B,bolivia/tile72,172,7,control S2 patch variance,0.08385940910082819,0.0,,0.0,0.0,,-0.2857142857142857,0.0,,-0.5714285714285714,,,
B,bolivia/tile72,172,7,control NDWI level,0.0017391767982133292,0.7142857142857143,,0.7142857142857143,1.0,,0.7142857142857143,1.0,,0.4285714285714286,,,
B,bolivia/tile74,149,4,confidence (baseline),0.0008244619109516948,0.75,,0.0,1.0,,0.0,1.0,,0.0,,,
B,bolivia/tile74,149,4,tile-phase (aligned),0.0005463869883765715,1.0,,0.25,1.0,,0.0,1.0,,0.0,,,
B,bolivia/tile74,149,4,boundary indicator,0.0005460677622827753,1.0,,0.25,1.0,,0.0,1.0,,0.0,,,
B,bolivia/tile74,149,4,control NDWI gradient,0.0007296443349391435,1.0,,0.25,1.0,,0.0,1.0,,0.0,,,
B,bolivia/tile74,149,4,constant score,0.026845637583892613,0.04697986577181208,,-0.7030201342281879,0.10067114093959731,,-0.8993288590604027,0.20134228187919462,,-0.7986577181208054,,,
B,bolivia/tile74,149,4,control S2 patch variance,0.0037485455115056857,0.25,,-0.5,0.5,,-0.5,0.75,,-0.25,,,
B,bolivia/tile74,149,4,control NDWI level,0.0006367517432036913,1.0,,0.25,1.0,,0.0,1.0,,0.0,,,
B,bolivia/tile75,225,147,confidence (baseline),0.4418608517261182,0.034013605442176874,,0.0,0.09523809523809523,,0.0,0.23129251700680273,,0.0,,,
B,bolivia/tile75,225,147,tile-phase (aligned),0.5486130245263955,0.061224489795918366,,0.027210884353741492,0.08843537414965986,,-0.006802721088435368,0.1564625850340136,,-0.07482993197278912,,,
B,bolivia/tile75,225,147,boundary indicator,0.7314618232245533,0.043650793650793655,,0.009637188208616781,0.07482993197278912,,-0.020408163265306117,0.14795918367346939,,-0.08333333333333334,,,
B,bolivia/tile75,225,147,control NDWI gradient,0.8389308055429873,0.04081632653061224,,0.006802721088435368,0.047619047619047616,,-0.047619047619047616,0.07482993197278912,,-0.1564625850340136,,,
B,bolivia/tile75,225,147,constant score,0.6533333333333332,0.04888888888888889,,0.014875283446712018,0.09777777777777778,,0.00253968253968255,0.19999999999999998,,-0.031292517006802745,,,
B,bolivia/tile75,225,147,control S2 patch variance,0.8786959672729312,0.034013605442176874,,0.0,0.034013605442176874,,-0.06122448979591836,0.047619047619047616,,-0.1836734693877551,,,
B,bolivia/tile75,225,147,control NDWI level,0.32070661690973357,0.07482993197278912,,0.04081632653061224,0.14965986394557823,,0.054421768707483,0.2857142857142857,,0.05442176870748297,,,
B,bolivia/tile76,225,12,confidence (baseline),0.003563997278916335,0.5,,0.0,0.75,,0.0,1.0,,0.0,,,
B,bolivia/tile76,225,12,tile-phase (aligned),0.00235624945585018,0.75,,0.25,0.9166666666666666,,0.16666666666666663,1.0,,0.0,,,
B,bolivia/tile76,225,12,boundary indicator,0.0017567767178414142,0.85,,0.35,0.9807692307692308,,0.23076923076923084,1.0,,0.0,,,
B,bolivia/tile76,225,12,control NDWI gradient,0.0021983684927733243,0.6666666666666666,,0.16666666666666663,1.0,,0.25,1.0,,0.0,,,
B,bolivia/tile76,225,12,constant score,0.05333333333333334,0.04888888888888889,,-0.45111111111111113,0.09777777777777778,,-0.6522222222222223,0.19999999999999998,,-0.8,,,
B,bolivia/tile76,225,12,control S2 patch variance,0.009478567356981224,0.0,,-0.5,0.16666666666666666,,-0.5833333333333334,0.75,,-0.25,,,
B,bolivia/tile76,225,12,control NDWI level,0.002051731809041997,0.75,,0.25,0.9166666666666666,,0.16666666666666663,1.0,,0.0,,,
B,bolivia/tile77,225,6,confidence (baseline),0.0010509394779601052,0.6666666666666666,,0.0,1.0,,0.0,1.0,,0.0,,,
B,bolivia/tile77,225,6,tile-phase (aligned),0.0010353781153836818,0.6666666666666666,,0.0,1.0,,0.0,1.0,,0.0,,,
B,bolivia/tile77,225,6,boundary indicator,0.0007564929801514432,0.7999999999999999,,0.1333333333333333,1.0,,0.0,1.0,,0.0,,,
B,bolivia/tile77,225,6,control NDWI gradient,0.0009543305564166564,0.6666666666666666,,0.0,1.0,,0.0,1.0,,0.0,,,
B,bolivia/tile77,225,6,constant score,0.02666666666666667,0.04888888888888889,,-0.6177777777777778,0.09777777777777778,,-0.9022222222222223,0.19999999999999998,,-0.8,,,
B,bolivia/tile77,225,6,control S2 patch variance,0.0037980854783167127,0.3333333333333333,,-0.3333333333333333,0.6666666666666666,,-0.33333333333333337,0.8333333333333334,,-0.16666666666666663,,,
B,bolivia/tile77,225,6,control NDWI level,0.000822015642495883,1.0,,0.33333333333333337,1.0,,0.0,1.0,,0.0,,,
B,bolivia/tile78,225,10,confidence (baseline),0.0027806818543789406,0.5,,0.0,0.8,,0.0,1.0,,0.0,,,
B,bolivia/tile78,225,10,tile-phase (aligned),0.0018539009254257281,0.7,,0.19999999999999996,1.0,,0.19999999999999996,1.0,,0.0,,,
B,bolivia/tile78,225,10,boundary indicator,0.0019312004426315012,0.6333333333333333,,0.1333333333333333,0.9294117647058824,,0.12941176470588234,1.0,,0.0,,,
B,bolivia/tile78,225,10,control NDWI gradient,0.0015235212646445167,0.8,,0.30000000000000004,0.9,,0.09999999999999998,1.0,,0.0,,,
B,bolivia/tile78,225,10,constant score,0.04444444444444444,0.048888888888888885,,-0.45111111111111113,0.09777777777777777,,-0.7022222222222223,0.2,,-0.8,,,
B,bolivia/tile78,225,10,control S2 patch variance,0.004536510261679035,0.2,,-0.3,0.6,,-0.20000000000000007,0.9,,-0.09999999999999998,,,
B,bolivia/tile78,225,10,control NDWI level,0.002633902974754744,0.5,,0.0,0.8,,0.0,1.0,,0.0,,,
B,bolivia/tile79,225,8,confidence (baseline),0.0015840410000330187,0.5,,0.0,1.0,,0.0,1.0,,0.0,,,
B,bolivia/tile79,225,8,tile-phase (aligned),0.00284430268524424,0.375,,-0.125,0.625,,-0.375,1.0,,0.0,,,
B,bolivia/tile79,225,8,boundary indicator,0.002177444993864312,0.55,,0.050000000000000044,0.7884615384615384,,-0.21153846153846156,1.0,,0.0,,,
B,bolivia/tile79,225,8,control NDWI gradient,0.002682716332498494,0.375,,-0.125,0.75,,-0.25,1.0,,0.0,,,
B,bolivia/tile79,225,8,constant score,0.035555555555555556,0.04888888888888889,,-0.45111111111111113,0.09777777777777778,,-0.9022222222222223,0.2,,-0.8,,,
B,bolivia/tile79,225,8,control S2 patch variance,0.04665921650851232,0.0,,-0.5,0.0,,-1.0,0.125,,-0.875,,,
B,bolivia/tile79,225,8,control NDWI level,0.0014652397049412594,0.625,,0.125,1.0,,0.0,1.0,,0.0,,,
B,bolivia/tile80,225,16,confidence (baseline),0.006773053871909236,0.3125,,0.0,0.625,,0.0,1.0,,0.0,,,
B,bolivia/tile80,225,16,tile-phase (aligned),0.008211506448044295,0.3125,,0.0,0.625,,0.0,0.8125,,-0.1875,,,
B,bolivia/tile80,225,16,boundary indicator,0.01653911629916016,0.29910714285714285,,-0.01339285714285715,0.5189393939393939,,-0.10606060606060608,0.7367424242424243,,-0.2632575757575757,,,
B,bolivia/tile80,225,16,control NDWI gradient,0.011723691072349055,0.1875,,-0.125,0.375,,-0.25,0.6875,,-0.3125,,,
B,bolivia/tile80,225,16,constant score,0.07111111111111111,0.04888888888888889,,-0.26361111111111113,0.09777777777777778,,-0.5272222222222223,0.2,,-0.8,,,
B,bolivia/tile80,225,16,control S2 patch variance,0.02267088897815153,0.125,,-0.1875,0.3125,,-0.3125,0.4375,,-0.5625,,,
B,bolivia/tile80,225,16,control NDWI level,0.010516096862152702,0.25,,-0.0625,0.5,,-0.125,0.75,,-0.25,,,
B,bolivia/tile81,225,19,confidence (baseline),0.011024214613854224,0.2631578947368421,,0.0,0.631578947368421,,0.0,0.9473684210526315,,0.0,,,
B,bolivia/tile81,225,19,tile-phase (aligned),0.009280763271524443,0.5263157894736842,,0.2631578947368421,0.7368421052631579,,0.10526315789473684,0.9473684210526315,,0.0,,,
B,bolivia/tile81,225,19,boundary indicator,0.010894817037044516,0.5380116959064327,,0.27485380116959063,0.8596491228070174,,0.22807017543859642,0.9473684210526315,,0.0,,,
B,bolivia/tile81,225,19,control NDWI gradient,0.013467465560373974,0.3157894736842105,,0.05263157894736842,0.5789473684210527,,-0.05263157894736836,0.7368421052631579,,-0.21052631578947367,,,
B,bolivia/tile81,225,19,constant score,0.08444444444444445,0.04888888888888889,,-0.2142690058479532,0.09777777777777778,,-0.5338011695906433,0.19999999999999998,,-0.7473684210526316,,,
B,bolivia/tile81,225,19,control S2 patch variance,0.032252674296740634,0.10526315789473684,,-0.15789473684210525,0.21052631578947367,,-0.42105263157894735,0.42105263157894735,,-0.5263157894736842,,,
B,bolivia/tile81,225,19,control NDWI level,0.00766774082236872,0.47368421052631576,,0.21052631578947367,0.6842105263157895,,0.052631578947368474,0.9473684210526315,,0.0,,,
B,bolivia/tile82,225,35,confidence (baseline),0.035625013059839186,0.17142857142857143,,0.0,0.2857142857142857,,0.0,0.5428571428571428,,0.0,,,
B,bolivia/tile82,225,35,tile-phase (aligned),0.03914398525642452,0.2571428571428571,,0.08571428571428569,0.37142857142857144,,0.08571428571428574,0.5714285714285714,,0.02857142857142858,,,
B,bolivia/tile82,225,35,boundary indicator,0.08076864767655849,0.16071428571428573,,-0.010714285714285704,0.26666666666666666,,-0.019047619047619035,0.4546583850931677,,-0.08819875776397512,,,
B,bolivia/tile82,225,35,control NDWI gradient,0.03389485854797533,0.14285714285714285,,-0.02857142857142858,0.2857142857142857,,0.0,0.5714285714285714,,0.02857142857142858,,,
B,bolivia/tile82,225,35,constant score,0.1555555555555555,0.048888888888888885,,-0.12253968253968255,0.09777777777777777,,-0.18793650793650793,0.2,,-0.3428571428571428,,,
B,bolivia/tile82,225,35,control S2 patch variance,0.09450563471977122,0.08571428571428572,,-0.08571428571428572,0.11428571428571428,,-0.17142857142857143,0.2,,-0.3428571428571428,,,
B,bolivia/tile82,225,35,control NDWI level,0.019302331342362398,0.2571428571428571,,0.08571428571428569,0.5142857142857142,,0.22857142857142854,0.8857142857142857,,0.34285714285714286,,,
B,bolivia/tile83,225,6,confidence (baseline),0.0004584254283323456,1.0,,0.0,1.0,,0.0,1.0,,0.0,,,
B,bolivia/tile83,225,6,tile-phase (aligned),0.0004382234081303254,1.0,,0.0,1.0,,0.0,1.0,,0.0,,,
B,bolivia/tile83,225,6,boundary indicator,0.00533301540441866,0.75,,-0.25,0.8388888888888889,,-0.1611111111111111,0.8571428571428572,,-0.1428571428571428,,,
B,bolivia/tile83,225,6,control NDWI gradient,0.0034545774278113184,0.16666666666666666,,-0.8333333333333334,0.5,,-0.5,0.8333333333333334,,-0.16666666666666663,,,
B,bolivia/tile83,225,6,constant score,0.02666666666666667,0.04888888888888889,,-0.9511111111111111,0.09777777777777778,,-0.9022222222222223,0.19999999999999998,,-0.8,,,
B,bolivia/tile83,225,6,control S2 patch variance,0.05162945442534934,0.0,,-1.0,0.0,,-1.0,0.0,,-1.0,,,
B,bolivia/tile83,225,6,control NDWI level,0.0005192176633847586,1.0,,0.0,1.0,,0.0,1.0,,0.0,,,
B,bolivia/tile84,225,34,confidence (baseline),0.044445042152047094,0.17647058823529413,,0.0,0.29411764705882354,,0.0,0.5882352941176471,,0.0,,,
B,bolivia/tile84,225,34,tile-phase (aligned),0.04974420375062713,0.058823529411764705,,-0.11764705882352942,0.14705882352941177,,-0.14705882352941177,0.5,,-0.08823529411764708,,,
B,bolivia/tile84,225,34,boundary indicator,0.07507653162312831,0.21390374331550802,,0.03743315508021389,0.3063725490196078,,0.01225490196078427,0.5073529411764706,,-0.08088235294117652,,,
B,bolivia/tile84,225,34,control NDWI gradient,0.07091916244922998,0.08823529411764706,,-0.08823529411764706,0.17647058823529413,,-0.11764705882352941,0.38235294117647056,,-0.20588235294117652,,,
B,bolivia/tile84,225,34,constant score,0.1511111111111111,0.04888888888888889,,-0.12758169934640523,0.09777777777777778,,-0.19633986928104574,0.19999999999999998,,-0.3882352941176471,,,
B,bolivia/tile84,225,34,control S2 patch variance,0.1176029887133308,0.029411764705882353,,-0.14705882352941177,0.058823529411764705,,-0.23529411764705882,0.08823529411764706,,-0.5,,,
B,bolivia/tile84,225,34,control NDWI level,0.08723275408189725,0.058823529411764705,,-0.11764705882352942,0.08823529411764706,,-0.20588235294117646,0.20588235294117646,,-0.3823529411764706,,,
B,bolivia/tile85,225,34,confidence (baseline),0.028059555388083704,0.20588235294117646,,0.0,0.29411764705882354,,0.0,0.6176470588235294,,0.0,,,
B,bolivia/tile85,225,34,tile-phase (aligned),0.02896650582191904,0.20588235294117646,,0.0,0.3235294117647059,,0.02941176470588236,0.5882352941176471,,-0.02941176470588236,,,
B,bolivia/tile85,225,34,boundary indicator,0.06520889609874081,0.18627450980392157,,-0.019607843137254888,0.40196078431372545,,0.10784313725490191,0.6055363321799309,,-0.01211072664359858,,,
B,bolivia/tile85,225,34,control NDWI gradient,0.10209794264196274,0.058823529411764705,,-0.14705882352941174,0.08823529411764706,,-0.20588235294117646,0.11764705882352941,,-0.5,,,
B,bolivia/tile85,225,34,constant score,0.1511111111111111,0.04888888888888889,,-0.15699346405228756,0.09777777777777778,,-0.19633986928104574,0.19999999999999998,,-0.4176470588235295,,,
B,bolivia/tile85,225,34,control S2 patch variance,0.22981589853745713,0.029411764705882353,,-0.1764705882352941,0.029411764705882353,,-0.2647058823529412,0.058823529411764705,,-0.5588235294117647,,,
B,bolivia/tile85,225,34,control NDWI level,0.017133757891913348,0.20588235294117646,,0.0,0.5,,0.20588235294117646,0.9411764705882353,,0.32352941176470584,,,
B,bolivia/tile86,225,105,confidence (baseline),0.25893200628956503,0.047619047619047616,,0.0,0.11428571428571428,,0.0,0.26666666666666666,,0.0,,,
B,bolivia/tile86,225,105,tile-phase (aligned),0.26886224702480116,0.05714285714285714,,0.009523809523809525,0.13333333333333333,,0.01904761904761905,0.2761904761904762,,0.009523809523809545,,,
B,bolivia/tile86,225,105,boundary indicator,0.40406172505718446,0.009523809523809525,,-0.03809523809523809,0.06190476190476191,,-0.052380952380952375,0.18666666666666668,,-0.07999999999999999,,,
B,bolivia/tile86,225,105,control NDWI gradient,0.276493228726228,0.05714285714285714,,0.009523809523809525,0.14285714285714285,,0.028571428571428567,0.3238095238095238,,0.05714285714285716,,,
B,bolivia/tile86,225,105,constant score,0.46666666666666673,0.04888888888888889,,0.001269841269841275,0.09777777777777778,,-0.0165079365079365,0.2,,-0.06666666666666665,,,
B,bolivia/tile86,225,105,control S2 patch variance,0.4531343296105719,0.06666666666666667,,0.01904761904761905,0.12380952380952381,,0.009523809523809532,0.2,,-0.06666666666666665,,,
B,bolivia/tile86,225,105,control NDWI level,0.2243892045002859,0.0380952380952381,,-0.009523809523809518,0.0761904761904762,,-0.038095238095238085,0.18095238095238095,,-0.08571428571428572,,,
B,bolivia/tile87,225,10,confidence (baseline),0.003052803233137094,0.4,,0.0,0.7,,0.0,1.0,,0.0,,,
B,bolivia/tile87,225,10,tile-phase (aligned),0.0038814023373125715,0.5,,0.09999999999999998,0.6,,-0.09999999999999998,1.0,,0.0,,,
B,bolivia/tile87,225,10,boundary indicator,0.007917203871031947,0.6,,0.19999999999999996,0.7333333333333333,,0.033333333333333326,0.8764705882352942,,-0.12352941176470578,,,
B,bolivia/tile87,225,10,control NDWI gradient,0.012181980456772122,0.3,,-0.10000000000000003,0.5,,-0.19999999999999996,0.6,,-0.4,,,
B,bolivia/tile87,225,10,constant score,0.04444444444444444,0.048888888888888885,,-0.35111111111111115,0.09777777777777777,,-0.6022222222222222,0.2,,-0.8,,,
B,bolivia/tile87,225,10,control S2 patch variance,0.06484740709913744,0.1,,-0.30000000000000004,0.2,,-0.49999999999999994,0.3,,-0.7,,,
B,bolivia/tile87,225,10,control NDWI level,0.0017064820816981552,0.7,,0.29999999999999993,1.0,,0.30000000000000004,1.0,,0.0,,,
B,bolivia/tile88,205,37,confidence (baseline),0.04339897015410126,0.13513513513513514,,0.0,0.2972972972972973,,0.0,0.5405405405405406,,0.0,,,
B,bolivia/tile88,205,37,tile-phase (aligned),0.045081980830721,0.13513513513513514,,0.0,0.24324324324324326,,-0.05405405405405406,0.5405405405405406,,0.0,,,
B,bolivia/tile88,205,37,boundary indicator,0.09721122447749787,0.13513513513513514,,0.0,0.22297297297297297,,-0.07432432432432434,0.4135135135135135,,-0.12702702702702706,,,
B,bolivia/tile88,205,37,control NDWI gradient,0.14725259013875142,0.10810810810810811,,-0.02702702702702703,0.21621621621621623,,-0.08108108108108109,0.2702702702702703,,-0.2702702702702703,,,
B,bolivia/tile88,205,37,constant score,0.18048780487804875,0.04878048780487805,,-0.08635464733025709,0.0975609756097561,,-0.1997363216875412,0.2,,-0.34054054054054056,,,
B,bolivia/tile88,205,37,control S2 patch variance,0.13856898266933754,0.02702702702702703,,-0.10810810810810811,0.02702702702702703,,-0.2702702702702703,0.16216216216216217,,-0.3783783783783784,,,
B,bolivia/tile88,205,37,control NDWI level,0.13205606373727066,0.0,,-0.13513513513513514,0.0,,-0.2972972972972973,0.0,,-0.5405405405405406,,,
B,bolivia/tile89,225,32,confidence (baseline),0.016666437249183392,0.25,,0.0,0.53125,,0.0,0.875,,0.0,,,
B,bolivia/tile89,225,32,tile-phase (aligned),0.015466988020630398,0.28125,,0.03125,0.59375,,0.0625,0.90625,,0.03125,,,
B,bolivia/tile89,225,32,boundary indicator,0.04009312423905998,0.17857142857142858,,-0.07142857142857142,0.3875,,-0.14375,0.7316176470588236,,-0.1433823529411764,,,
B,bolivia/tile89,225,32,control NDWI gradient,0.048394300503751014,0.15625,,-0.09375,0.3125,,-0.21875,0.53125,,-0.34375,,,
B,bolivia/tile89,225,32,constant score,0.14222222222222222,0.04888888888888889,,-0.2011111111111111,0.09777777777777778,,-0.4334722222222222,0.2,,-0.675,,,
B,bolivia/tile89,225,32,control S2 patch variance,0.13953334399233416,0.0625,,-0.1875,0.15625,,-0.375,0.21875,,-0.65625,,,
B,bolivia/tile89,225,32,control NDWI level,0.015205171560622456,0.15625,,-0.09375,0.5,,-0.03125,0.96875,,0.09375,,,
B,bolivia/tile90,219,33,confidence (baseline),0.036921743807007336,0.15151515151515152,,0.0,0.21212121212121213,,0.0,0.5757575757575758,,0.0,,,
B,bolivia/tile90,219,33,tile-phase (aligned),0.04342191263872463,0.09090909090909091,,-0.06060606060606061,0.15151515151515152,,-0.06060606060606061,0.48484848484848486,,-0.09090909090909094,,,
B,bolivia/tile90,219,33,boundary indicator,0.05555993786615329,0.05194805194805195,,-0.09956709956709957,0.1864801864801865,,-0.025641025641025633,0.40606060606060607,,-0.16969696969696973,,,
B,bolivia/tile90,219,33,control NDWI gradient,0.12412452283402137,0.12121212121212122,,-0.030303030303030304,0.15151515151515152,,-0.06060606060606061,0.36363636363636365,,-0.21212121212121215,,,
B,bolivia/tile90,219,33,constant score,0.15068493150684925,0.0502283105022831,,-0.10128684101286842,0.1004566210045662,,-0.11166459111664592,0.2009132420091324,,-0.3748443337484434,,,
B,bolivia/tile90,219,33,control S2 patch variance,0.09208432451932991,0.06060606060606061,,-0.09090909090909091,0.12121212121212122,,-0.09090909090909091,0.2727272727272727,,-0.3030303030303031,,,
B,bolivia/tile90,219,33,control NDWI level,0.0672731228709082,0.030303030303030304,,-0.12121212121212122,0.06060606060606061,,-0.15151515151515152,0.30303030303030304,,-0.27272727272727276,,,
B,bolivia/tile92,225,11,confidence (baseline),0.0034162132172812533,0.6363636363636364,,0.0,0.8181818181818182,,0.0,0.9090909090909091,,0.0,,,
B,bolivia/tile92,225,11,tile-phase (aligned),0.0036374483992608177,0.6363636363636364,,0.0,0.8181818181818182,,0.0,0.9090909090909091,,0.0,,,
B,bolivia/tile92,225,11,boundary indicator,0.002331838573175502,0.6363636363636364,,0.0,0.9181818181818181,,0.09999999999999987,1.0,,0.09090909090909094,,,
B,bolivia/tile92,225,11,control NDWI gradient,0.01051742653620614,0.36363636363636365,,-0.2727272727272727,0.45454545454545453,,-0.3636363636363637,0.5454545454545454,,-0.36363636363636365,,,
B,bolivia/tile92,225,11,constant score,0.04888888888888887,0.04888888888888889,,-0.5874747474747475,0.09777777777777778,,-0.7204040404040405,0.2,,-0.709090909090909,,,
B,bolivia/tile92,225,11,control S2 patch variance,0.026712334324053563,0.18181818181818182,,-0.45454545454545453,0.2727272727272727,,-0.5454545454545455,0.2727272727272727,,-0.6363636363636364,,,
B,bolivia/tile92,225,11,control NDWI level,0.0026748971786129394,0.6363636363636364,,0.0,0.9090909090909091,,0.09090909090909083,1.0,,0.09090909090909094,,,
B,bolivia/tile93,133,12,confidence (baseline),0.017044517247986023,0.3333333333333333,,0.0,0.5833333333333334,,0.0,0.75,,0.0,,,
B,bolivia/tile93,133,12,tile-phase (aligned),0.024011198519643128,0.08333333333333333,,-0.25,0.25,,-0.33333333333333337,0.75,,0.0,,,
B,bolivia/tile93,133,12,boundary indicator,0.022156034046125796,0.2777777777777778,,-0.055555555555555525,0.4444444444444444,,-0.13888888888888895,0.7333333333333334,,-0.016666666666666607,,,
B,bolivia/tile93,133,12,control NDWI gradient,0.11769801150290479,0.0,,-0.3333333333333333,0.0,,-0.5833333333333334,0.0,,-0.75,,,
B,bolivia/tile93,133,12,constant score,0.09022556390977442,0.05263157894736842,,-0.2807017543859649,0.09774436090225563,,-0.48558897243107774,0.2030075187969925,,-0.5469924812030075,,,
B,bolivia/tile93,133,12,control S2 patch variance,0.18489835487106274,0.0,,-0.3333333333333333,0.08333333333333333,,-0.5,0.08333333333333333,,-0.6666666666666666,,,
B,bolivia/tile93,133,12,control NDWI level,0.017991629068062207,0.16666666666666666,,-0.16666666666666666,0.3333333333333333,,-0.25000000000000006,0.75,,0.0,,,
B,bolivia/tile94,94,11,confidence (baseline),0.03905801179123301,0.2727272727272727,,0.0,0.45454545454545453,,0.0,0.7272727272727273,,0.0,,,
B,bolivia/tile94,94,11,tile-phase (aligned),0.08555481371583691,0.0,,-0.2727272727272727,0.2727272727272727,,-0.18181818181818182,0.45454545454545453,,-0.27272727272727276,,,
B,bolivia/tile94,94,11,boundary indicator,0.08923234253653477,0.10389610389610389,,-0.16883116883116883,0.15584415584415587,,-0.2987012987012987,0.23376623376623373,,-0.49350649350649356,,,
B,bolivia/tile94,94,11,control NDWI gradient,0.06463164165995385,0.09090909090909091,,-0.1818181818181818,0.09090909090909091,,-0.36363636363636365,0.2727272727272727,,-0.4545454545454546,,,
B,bolivia/tile94,94,11,constant score,0.11702127659574468,0.05319148936170213,,-0.21953578336557059,0.09574468085106382,,-0.35880077369439073,0.20212765957446807,,-0.5251450676982592,,,
B,bolivia/tile94,94,11,control S2 patch variance,0.10195861044400527,0.0,,-0.2727272727272727,0.18181818181818182,,-0.2727272727272727,0.18181818181818182,,-0.5454545454545454,,,
B,bolivia/tile94,94,11,control NDWI level,0.051683724814163605,0.0,,-0.2727272727272727,0.0,,-0.45454545454545453,0.18181818181818182,,-0.5454545454545454,,,
B,bolivia/tile95,82,5,confidence (baseline),0.0025870756347079354,0.8,,0.0,1.0,,0.0,1.0,,0.0,,,
B,bolivia/tile95,82,5,tile-phase (aligned),0.004809219138116281,0.4,,-0.4,0.8,,-0.19999999999999996,1.0,,0.0,,,
B,bolivia/tile95,82,5,boundary indicator,0.01916264955151228,0.4,,-0.4,0.6,,-0.4,0.7428571428571429,,-0.2571428571428571,,,
B,bolivia/tile95,82,5,control NDWI gradient,0.02691986087547479,0.2,,-0.6000000000000001,0.2,,-0.8,0.2,,-0.8,,,
B,bolivia/tile95,82,5,constant score,0.06097560975609756,0.04878048780487805,,-0.751219512195122,0.0975609756097561,,-0.9024390243902439,0.1951219512195122,,-0.8048780487804879,,,
B,bolivia/tile95,82,5,control S2 patch variance,0.12387938140153051,0.0,,-0.8,0.0,,-1.0,0.0,,-1.0,,,
B,bolivia/tile95,82,5,control NDWI level,0.003056170191483875,0.6,,-0.20000000000000007,1.0,,0.0,1.0,,0.0,,,
B,bolivia/tile96,211,39,confidence (baseline),0.05732977339488193,0.1282051282051282,,0.0,0.23076923076923078,,0.0,0.4358974358974359,,0.0,,,
B,bolivia/tile96,211,39,tile-phase (aligned),0.047974778271699416,0.1794871794871795,,0.051282051282051294,0.358974358974359,,0.1282051282051282,0.6410256410256411,,0.20512820512820518,,,
B,bolivia/tile96,211,39,boundary indicator,0.04250329032949842,0.2649572649572649,,0.1367521367521367,0.41185897435897434,,0.18108974358974356,0.6282051282051282,,0.1923076923076923,,,
B,bolivia/tile96,211,39,control NDWI gradient,0.11148542120837955,0.05128205128205128,,-0.07692307692307691,0.1794871794871795,,-0.051282051282051294,0.3333333333333333,,-0.10256410256410259,,,
B,bolivia/tile96,211,39,constant score,0.18483412322274884,0.052132701421800945,,-0.07607242678332725,0.0995260663507109,,-0.13124316441851988,0.1990521327014218,,-0.2368453031960141,,,
B,bolivia/tile96,211,39,control S2 patch variance,0.21872038323203138,0.0,,-0.1282051282051282,0.02564102564102564,,-0.20512820512820515,0.07692307692307693,,-0.358974358974359,,,
B,bolivia/tile96,211,39,control NDWI level,0.02024504574969936,0.28205128205128205,,0.15384615384615385,0.5128205128205128,,0.282051282051282,0.9743589743589743,,0.5384615384615384,,,
B,bolivia/tile97,49,19,confidence (baseline),0.5629062473938455,0.05263157894736842,,0.0,0.15789473684210525,,0.0,0.2631578947368421,,0.0,,,
B,bolivia/tile97,49,19,tile-phase (aligned),0.6268119995783306,0.0,,-0.05263157894736842,0.05263157894736842,,-0.10526315789473684,0.15789473684210525,,-0.10526315789473684,,,
B,bolivia/tile97,49,19,boundary indicator,0.5906697987010509,0.016194331983805668,,-0.03643724696356275,0.06477732793522267,,-0.09311740890688258,0.145748987854251,,-0.11740890688259109,,,
B,bolivia/tile97,49,19,control NDWI gradient,0.5908813076237238,0.0,,-0.05263157894736842,0.0,,-0.15789473684210525,0.15789473684210525,,-0.10526315789473684,,,
B,bolivia/tile97,49,19,constant score,0.3877551020408163,0.04081632653061224,,-0.011815252416756176,0.10204081632653061,,-0.05585392051557464,0.20408163265306123,,-0.05907626208378086,,,
B,bolivia/tile97,49,19,control S2 patch variance,0.641866821488961,0.0,,-0.05263157894736842,0.0,,-0.15789473684210525,0.10526315789473684,,-0.15789473684210525,,,
B,bolivia/tile97,49,19,control NDWI level,0.4587625915456179,0.0,,-0.05263157894736842,0.0,,-0.15789473684210525,0.0,,-0.2631578947368421,,,
B,bolivia/tile98,224,9,confidence (baseline),0.0032889398755182107,0.3333333333333333,,0.0,0.6666666666666666,,0.0,1.0,,0.0,,,
B,bolivia/tile98,224,9,tile-phase (aligned),0.0038381460677298124,0.5555555555555556,,0.22222222222222227,0.7777777777777778,,0.11111111111111116,0.8888888888888888,,-0.11111111111111116,,,
B,bolivia/tile98,224,9,boundary indicator,0.0009077395713400217,1.0,,0.6666666666666667,1.0,,0.33333333333333337,1.0,,0.0,,,
B,bolivia/tile98,224,9,control NDWI gradient,0.02863591331378281,0.0,,-0.3333333333333333,0.1111111111111111,,-0.5555555555555556,0.2222222222222222,,-0.7777777777777778,,,
B,bolivia/tile98,224,9,constant score,0.04017857142857143,0.049107142857142856,,-0.28422619047619047,0.09821428571428571,,-0.5684523809523809,0.20089285714285712,,-0.7991071428571429,,,
B,bolivia/tile98,224,9,control S2 patch variance,0.04695490493410429,0.0,,-0.3333333333333333,0.0,,-0.6666666666666666,0.0,,-1.0,,,
B,bolivia/tile98,224,9,control NDWI level,0.003548263025214518,0.4444444444444444,,0.1111111111111111,0.7777777777777778,,0.11111111111111116,0.8888888888888888,,-0.11111111111111116,,,
B,bolivia/tile99,28,15,confidence (baseline),0.538973705883115,0.0,,0.0,0.06666666666666667,,0.0,0.2,,0.0,,,
B,bolivia/tile99,28,15,tile-phase (aligned),0.5479347737296438,0.06666666666666667,,0.06666666666666667,0.2,,0.13333333333333336,0.3333333333333333,,0.1333333333333333,,,
B,bolivia/tile99,28,15,boundary indicator,0.5738921629542363,0.0,,0.0,0.08888888888888888,,0.022222222222222213,0.2,,0.0,,,
B,bolivia/tile99,28,15,control NDWI gradient,0.491834820015514,0.06666666666666667,,0.06666666666666667,0.06666666666666667,,0.0,0.26666666666666666,,0.06666666666666665,,,
B,bolivia/tile99,28,15,constant score,0.5357142857142858,0.03571428571428571,,0.03571428571428571,0.10714285714285715,,0.040476190476190485,0.2142857142857143,,0.01428571428571429,,,
B,bolivia/tile99,28,15,control S2 patch variance,0.7983505266801904,0.0,,0.0,0.06666666666666667,,0.0,0.13333333333333333,,-0.06666666666666668,,,
B,bolivia/tile99,28,15,control NDWI level,0.4227006981340025,0.06666666666666667,,0.06666666666666667,0.13333333333333333,,0.06666666666666667,0.3333333333333333,,0.1333333333333333,,,
B,bolivia/tile100,225,22,confidence (baseline),0.018238798969744716,0.36363636363636365,,0.0,0.5454545454545454,,0.0,0.7272727272727273,,0.0,,,
B,bolivia/tile100,225,22,tile-phase (aligned),0.018573423385787217,0.2727272727272727,,-0.09090909090909094,0.5,,-0.045454545454545414,0.7727272727272727,,0.045454545454545414,,,
B,bolivia/tile100,225,22,boundary indicator,0.030469320036490662,0.3939393939393939,,0.030303030303030276,0.5909090909090909,,0.045454545454545525,0.6772727272727272,,-0.050000000000000044,,,
B,bolivia/tile100,225,22,control NDWI gradient,0.025554174812776193,0.13636363636363635,,-0.2272727272727273,0.45454545454545453,,-0.09090909090909088,0.6818181818181818,,-0.045454545454545525,,,
B,bolivia/tile100,225,22,constant score,0.09777777777777774,0.04888888888888889,,-0.3147474747474748,0.09777777777777778,,-0.4476767676767676,0.2,,-0.5272727272727273,,,
B,bolivia/tile100,225,22,control S2 patch variance,0.10537054635452339,0.18181818181818182,,-0.18181818181818182,0.2727272727272727,,-0.2727272727272727,0.36363636363636365,,-0.36363636363636365,,,
B,bolivia/tile100,225,22,control NDWI level,0.021247139876902427,0.18181818181818182,,-0.18181818181818182,0.4090909090909091,,-0.1363636363636363,0.6818181818181818,,-0.045454545454545525,,,
B,bolivia/tile101,225,4,confidence (baseline),0.0005860210904444127,0.75,,0.0,1.0,,0.0,1.0,,0.0,,,
B,bolivia/tile101,225,4,tile-phase (aligned),0.0002994309387882766,1.0,,0.25,1.0,,0.0,1.0,,0.0,,,
B,bolivia/tile101,225,4,boundary indicator,0.00029970877714279774,1.0,,0.25,1.0,,0.0,1.0,,0.0,,,
B,bolivia/tile101,225,4,control NDWI gradient,0.00029989222957214803,1.0,,0.25,1.0,,0.0,1.0,,0.0,,,
B,bolivia/tile101,225,4,constant score,0.017777777777777778,0.04888888888888889,,-0.7011111111111111,0.09777777777777778,,-0.9022222222222223,0.2,,-0.8,,,
B,bolivia/tile101,225,4,control S2 patch variance,0.0012362524124601868,0.5,,-0.25,0.75,,-0.25,1.0,,0.0,,,
B,bolivia/tile101,225,4,control NDWI level,0.00037979437192483113,1.0,,0.25,1.0,,0.0,1.0,,0.0,,,
B,bolivia/tile102,225,3,confidence (baseline),0.00015882230725280052,1.0,,0.0,1.0,,0.0,1.0,,0.0,,,
B,bolivia/tile102,225,3,tile-phase (aligned),0.0002591068340079155,1.0,,0.0,1.0,,0.0,1.0,,0.0,,,
B,bolivia/tile102,225,3,boundary indicator,0.00017896338621740889,1.0,,0.0,1.0,,0.0,1.0,,0.0,,,
B,bolivia/tile102,225,3,control NDWI gradient,0.010365867560460814,0.3333333333333333,,-0.6666666666666667,0.3333333333333333,,-0.6666666666666667,0.3333333333333333,,-0.6666666666666667,,,
B,bolivia/tile102,225,3,constant score,0.013333333333333334,0.04888888888888889,,-0.9511111111111111,0.09777777777777778,,-0.9022222222222223,0.19999999999999998,,-0.8,,,
B,bolivia/tile102,225,3,control S2 patch variance,0.03333739779706539,0.0,,-1.0,0.0,,-1.0,0.3333333333333333,,-0.6666666666666667,,,
B,bolivia/tile102,225,3,control NDWI level,0.0005921549949482904,0.6666666666666666,,-0.33333333333333337,1.0,,0.0,1.0,,0.0,,,
B,bolivia/tile103,225,7,confidence (baseline),0.002351738597077206,0.5714285714285714,,0.0,0.7142857142857143,,0.0,1.0,,0.0,,,
B,bolivia/tile103,225,7,tile-phase (aligned),0.0024845112863362924,0.2857142857142857,,-0.2857142857142857,0.7142857142857143,,0.0,1.0,,0.0,,,
B,bolivia/tile103,225,7,boundary indicator,0.027405563246933155,0.16242661448140902,,-0.40900195694716235,0.2054794520547945,,-0.5088062622309197,0.29549902152641877,,-0.7045009784735812,,,
B,bolivia/tile103,225,7,control NDWI gradient,0.0025095012432718245,0.7142857142857143,,0.1428571428571429,0.8571428571428571,,0.1428571428571428,0.8571428571428571,,-0.1428571428571429,,,
B,bolivia/tile103,225,7,constant score,0.031111111111111103,0.048888888888888885,,-0.5225396825396825,0.09777777777777777,,-0.6165079365079366,0.19999999999999998,,-0.8,,,
B,bolivia/tile103,225,7,control S2 patch variance,0.009274266675518292,0.2857142857142857,,-0.2857142857142857,0.2857142857142857,,-0.4285714285714286,0.8571428571428571,,-0.1428571428571429,,,
B,bolivia/tile103,225,7,control NDWI level,0.005282900158982915,0.14285714285714285,,-0.42857142857142855,0.2857142857142857,,-0.4285714285714286,0.7142857142857143,,-0.2857142857142857,,,
B,bolivia/tile104,225,28,confidence (baseline),0.02087989916069777,0.21428571428571427,,0.0,0.4642857142857143,,0.0,0.7142857142857143,,0.0,,,
B,bolivia/tile104,225,28,tile-phase (aligned),0.02317468187146206,0.14285714285714285,,-0.07142857142857142,0.35714285714285715,,-0.10714285714285715,0.7142857142857143,,0.0,,,
B,bolivia/tile104,225,28,boundary indicator,0.020445431224218106,0.3010204081632653,,0.08673469387755103,0.6214285714285713,,0.15714285714285703,0.8035714285714286,,0.0892857142857143,,,
B,bolivia/tile104,225,28,control NDWI gradient,0.08521031157737591,0.03571428571428571,,-0.17857142857142855,0.07142857142857142,,-0.3928571428571429,0.32142857142857145,,-0.39285714285714285,,,
B,bolivia/tile104,225,28,constant score,0.12444444444444441,0.048888888888888885,,-0.16539682539682538,0.09777777777777777,,-0.36650793650793656,0.19999999999999998,,-0.5142857142857143,,,
B,bolivia/tile104,225,28,control S2 patch variance,0.22924311859002133,0.0,,-0.21428571428571427,0.10714285714285714,,-0.35714285714285715,0.14285714285714285,,-0.5714285714285714,,,
B,bolivia/tile104,225,28,control NDWI level,0.011844346086406578,0.39285714285714285,,0.17857142857142858,0.6785714285714286,,0.2142857142857143,0.8928571428571429,,0.1785714285714286,,,
B,bolivia/tile105,225,16,confidence (baseline),0.010006620865769667,0.3125,,0.0,0.5625,,0.0,0.75,,0.0,,,
B,bolivia/tile105,225,16,tile-phase (aligned),0.008512139485571472,0.25,,-0.0625,0.375,,-0.1875,0.9375,,0.1875,,,
B,bolivia/tile105,225,16,boundary indicator,0.004123732819647446,0.5625,,0.25,0.8295454545454546,,0.2670454545454546,1.0,,0.25,,,
B,bolivia/tile105,225,16,control NDWI gradient,0.03931566118511813,0.1875,,-0.125,0.1875,,-0.375,0.25,,-0.5,,,
B,bolivia/tile105,225,16,constant score,0.07111111111111111,0.04888888888888889,,-0.26361111111111113,0.09777777777777778,,-0.4647222222222222,0.2,,-0.55,,,
B,bolivia/tile105,225,16,control S2 patch variance,0.11588795973463956,0.0625,,-0.25,0.125,,-0.4375,0.125,,-0.625,,,
B,bolivia/tile105,225,16,control NDWI level,0.004539706846073434,0.625,,0.3125,0.75,,0.1875,1.0,,0.25,,,
B,bolivia/tile106,225,21,confidence (baseline),0.0160118224749072,0.14285714285714285,,0.0,0.47619047619047616,,0.0,0.7142857142857143,,0.0,,,
B,bolivia/tile106,225,21,tile-phase (aligned),0.010228101912654422,0.38095238095238093,,0.23809523809523808,0.5714285714285714,,0.09523809523809523,0.9047619047619048,,0.19047619047619047,,,
B,bolivia/tile106,225,21,boundary indicator,0.006161158113537011,0.48677248677248675,,0.3439153439153439,0.7904761904761906,,0.3142857142857144,1.0,,0.2857142857142857,,,
B,bolivia/tile106,225,21,control NDWI gradient,0.05200690407883653,0.23809523809523808,,0.09523809523809523,0.2857142857142857,,-0.19047619047619047,0.42857142857142855,,-0.28571428571428575,,,
B,bolivia/tile106,225,21,constant score,0.09333333333333334,0.048888888888888885,,-0.09396825396825396,0.09777777777777777,,-0.3784126984126984,0.2,,-0.5142857142857142,,,
B,bolivia/tile106,225,21,control S2 patch variance,0.1466127601408178,0.23809523809523808,,0.09523809523809523,0.23809523809523808,,-0.23809523809523808,0.2857142857142857,,-0.4285714285714286,,,
B,bolivia/tile106,225,21,control NDWI level,0.007003724139076076,0.47619047619047616,,0.3333333333333333,0.7142857142857143,,0.23809523809523814,1.0,,0.2857142857142857,,,
B,bolivia/tile108,225,34,confidence (baseline),0.02881196297980134,0.20588235294117646,,0.0,0.38235294117647056,,0.0,0.5882352941176471,,0.0,,,
B,bolivia/tile108,225,34,tile-phase (aligned),0.04835502642835239,0.20588235294117646,,0.0,0.35294117647058826,,-0.029411764705882304,0.47058823529411764,,-0.11764705882352944,,,
B,bolivia/tile108,225,34,boundary indicator,0.061437597225641946,0.3058823529411765,,0.10000000000000003,0.4294117647058823,,0.047058823529411764,0.6470588235294118,,0.05882352941176472,,,
B,bolivia/tile108,225,34,control NDWI gradient,0.14900907551196754,0.08823529411764706,,-0.1176470588235294,0.17647058823529413,,-0.20588235294117643,0.2647058823529412,,-0.3235294117647059,,,
B,bolivia/tile108,225,34,constant score,0.1511111111111111,0.04888888888888889,,-0.15699346405228756,0.09777777777777778,,-0.28457516339869277,0.19999999999999998,,-0.3882352941176471,,,
B,bolivia/tile108,225,34,control S2 patch variance,0.2914047751468744,0.029411764705882353,,-0.1764705882352941,0.058823529411764705,,-0.32352941176470584,0.11764705882352941,,-0.47058823529411764,,,
B,bolivia/tile108,225,34,control NDWI level,0.02503600324584019,0.29411764705882354,,0.08823529411764708,0.5882352941176471,,0.20588235294117652,0.8235294117647058,,0.23529411764705876,,,
B,bolivia/tile109,225,44,confidence (baseline),0.06777019519357701,0.09090909090909091,,0.0,0.18181818181818182,,0.0,0.3409090909090909,,0.0,,,
B,bolivia/tile109,225,44,tile-phase (aligned),0.06481744093748994,0.18181818181818182,,0.09090909090909091,0.29545454545454547,,0.11363636363636365,0.5454545454545454,,0.20454545454545453,,,
B,bolivia/tile109,225,44,boundary indicator,0.05634267940120434,0.2159090909090909,,0.125,0.375,,0.19318181818181818,0.5744949494949495,,0.23358585858585862,,,
B,bolivia/tile109,225,44,control NDWI gradient,0.22385000286665577,0.1590909090909091,,0.06818181818181818,0.29545454545454547,,0.11363636363636365,0.38636363636363635,,0.04545454545454547,,,
B,bolivia/tile109,225,44,constant score,0.19555555555555548,0.04888888888888889,,-0.04202020202020202,0.09777777777777778,,-0.08404040404040404,0.2,,-0.14090909090909087,,,
B,bolivia/tile109,225,44,control S2 patch variance,0.3433721367016471,0.0,,-0.09090909090909091,0.0,,-0.18181818181818182,0.045454545454545456,,-0.2954545454545454,,,
B,bolivia/tile109,225,44,control NDWI level,0.026604828393836523,0.22727272727272727,,0.13636363636363635,0.4772727272727273,,0.29545454545454547,0.7954545454545454,,0.45454545454545453,,,
B,bolivia/tile110,225,56,confidence (baseline),0.10306643023807932,0.08928571428571429,,0.0,0.19642857142857142,,0.0,0.4107142857142857,,0.0,,,
B,bolivia/tile110,225,56,tile-phase (aligned),0.13454896932392146,0.08928571428571429,,0.0,0.23214285714285715,,0.035714285714285726,0.35714285714285715,,-0.05357142857142855,,,
B,bolivia/tile110,225,56,boundary indicator,0.1504777231895522,0.1388888888888889,,0.04960317460317461,0.23701298701298704,,0.04058441558441561,0.4540816326530613,,0.043367346938775586,,,
B,bolivia/tile110,225,56,control NDWI gradient,0.31113617364922436,0.10714285714285714,,0.01785714285714285,0.21428571428571427,,0.01785714285714285,0.30357142857142855,,-0.10714285714285715,,,
B,bolivia/tile110,225,56,constant score,0.24888888888888883,0.048888888888888885,,-0.0403968253968254,0.09777777777777777,,-0.09865079365079366,0.19999999999999998,,-0.21071428571428572,,,
B,bolivia/tile110,225,56,control S2 patch variance,0.37099720041620765,0.017857142857142856,,-0.07142857142857142,0.07142857142857142,,-0.125,0.14285714285714285,,-0.26785714285714285,,,
B,bolivia/tile110,225,56,control NDWI level,0.07223023642226492,0.14285714285714285,,0.05357142857142856,0.32142857142857145,,0.12500000000000003,0.5892857142857143,,0.1785714285714286,,,
B,bolivia/tile111,225,6,confidence (baseline),0.0013390807315206113,0.6666666666666666,,0.0,0.8333333333333334,,0.0,1.0,,0.0,,,
B,bolivia/tile111,225,6,tile-phase (aligned),0.0006022870419738857,0.8333333333333334,,0.16666666666666674,1.0,,0.16666666666666663,1.0,,0.0,,,
B,bolivia/tile111,225,6,boundary indicator,0.00041792914126071606,1.0,,0.33333333333333337,1.0,,0.16666666666666663,1.0,,0.0,,,
B,bolivia/tile111,225,6,control NDWI gradient,0.0009116933649880681,0.6666666666666666,,0.0,1.0,,0.16666666666666663,1.0,,0.0,,,
B,bolivia/tile111,225,6,constant score,0.02666666666666667,0.04888888888888889,,-0.6177777777777778,0.09777777777777778,,-0.7355555555555556,0.19999999999999998,,-0.8,,,
B,bolivia/tile111,225,6,control S2 patch variance,0.012576536084302727,0.16666666666666666,,-0.5,0.3333333333333333,,-0.5,0.5,,-0.5,,,
B,bolivia/tile111,225,6,control NDWI level,0.0005795503119527013,1.0,,0.33333333333333337,1.0,,0.16666666666666663,1.0,,0.0,,,
B,bolivia/tile112,225,46,confidence (baseline),0.07654216209524298,0.15217391304347827,,0.0,0.2608695652173913,,0.0,0.391304347826087,,0.0,,,
B,bolivia/tile112,225,46,tile-phase (aligned),0.06251680438304039,0.15217391304347827,,0.0,0.2826086956521739,,0.021739130434782594,0.45652173913043476,,0.06521739130434778,,,
B,bolivia/tile112,225,46,boundary indicator,0.07676949456626789,0.17725752508361203,,0.025083612040133763,0.2717391304347826,,0.010869565217391297,0.5144927536231885,,0.1231884057971015,,,
B,bolivia/tile112,225,46,control NDWI gradient,0.1634128246179033,0.10869565217391304,,-0.04347826086956523,0.2608695652173913,,0.0,0.5,,0.10869565217391303,,,
B,bolivia/tile112,225,46,constant score,0.20444444444444446,0.048888888888888885,,-0.10328502415458939,0.09777777777777777,,-0.16309178743961353,0.19999999999999998,,-0.191304347826087,,,
B,bolivia/tile112,225,46,control S2 patch variance,0.23884830593108536,0.043478260869565216,,-0.10869565217391305,0.043478260869565216,,-0.21739130434782608,0.21739130434782608,,-0.1739130434782609,,,
B,bolivia/tile112,225,46,control NDWI level,0.029214522253897295,0.2391304347826087,,0.08695652173913043,0.45652173913043476,,0.19565217391304346,0.8043478260869565,,0.41304347826086957,,,
B,bolivia/tile113,225,15,confidence (baseline),0.009502117411893725,0.2,,0.0,0.5333333333333333,,0.0,0.8,,0.0,,,
B,bolivia/tile113,225,15,tile-phase (aligned),0.009753815388849854,0.26666666666666666,,0.06666666666666665,0.4666666666666667,,-0.06666666666666665,0.8,,0.0,,,
B,bolivia/tile113,225,15,boundary indicator,0.00809695037263835,0.7333333333333333,,0.5333333333333332,0.888888888888889,,0.3555555555555556,0.9333333333333333,,0.1333333333333333,,,
B,bolivia/tile113,225,15,control NDWI gradient,0.0433160719603219,0.13333333333333333,,-0.06666666666666668,0.13333333333333333,,-0.4,0.3333333333333333,,-0.46666666666666673,,,
B,bolivia/tile113,225,15,constant score,0.06666666666666665,0.048888888888888885,,-0.15111111111111114,0.09777777777777777,,-0.4355555555555556,0.2,,-0.6000000000000001,,,
B,bolivia/tile113,225,15,control S2 patch variance,0.11306118626093258,0.0,,-0.2,0.0,,-0.5333333333333333,0.13333333333333333,,-0.6666666666666667,,,
B,bolivia/tile113,225,15,control NDWI level,0.0060322972663673135,0.5333333333333333,,0.3333333333333333,0.6666666666666666,,0.1333333333333333,0.9333333333333333,,0.1333333333333333,,,
B,bolivia/tile114,225,15,confidence (baseline),0.007051282977519183,0.2,,0.0,0.5333333333333333,,0.0,1.0,,0.0,,,
B,bolivia/tile114,225,15,tile-phase (aligned),0.00684289941492891,0.3333333333333333,,0.1333333333333333,0.5333333333333333,,0.0,0.8666666666666667,,-0.1333333333333333,,,
B,bolivia/tile114,225,15,boundary indicator,0.006150007100315637,0.3743589743589743,,0.1743589743589743,0.6606060606060606,,0.12727272727272732,0.9111111111111111,,-0.0888888888888889,,,
B,bolivia/tile114,225,15,control NDWI gradient,0.004419284542140861,0.5333333333333333,,0.3333333333333333,0.7333333333333333,,0.19999999999999996,1.0,,0.0,,,
B,bolivia/tile114,225,15,constant score,0.06666666666666665,0.048888888888888885,,-0.15111111111111114,0.09777777777777777,,-0.4355555555555556,0.2,,-0.8,,,
B,bolivia/tile114,225,15,control S2 patch variance,0.008936819273804315,0.26666666666666666,,0.06666666666666665,0.3333333333333333,,-0.2,0.8,,-0.19999999999999996,,,
B,bolivia/tile114,225,15,control NDWI level,0.005972918139270945,0.06666666666666667,,-0.13333333333333336,0.7333333333333333,,0.19999999999999996,1.0,,0.0,,,
B,bolivia/tile115,225,6,confidence (baseline),0.0011226423304312224,0.5,,0.0,1.0,,0.0,1.0,,0.0,,,
B,bolivia/tile115,225,6,tile-phase (aligned),0.001538314251801267,0.3333333333333333,,-0.16666666666666669,0.8333333333333334,,-0.16666666666666663,1.0,,0.0,,,
B,bolivia/tile115,225,6,boundary indicator,0.0006711124234300692,1.0,,0.5,1.0,,0.0,1.0,,0.0,,,
B,bolivia/tile115,225,6,control NDWI gradient,0.002511744680671855,0.5,,0.0,0.5,,-0.5,1.0,,0.0,,,
B,bolivia/tile115,225,6,constant score,0.02666666666666667,0.04888888888888889,,-0.45111111111111113,0.09777777777777778,,-0.9022222222222223,0.19999999999999998,,-0.8,,,
B,bolivia/tile115,225,6,control S2 patch variance,0.008824686600689281,0.0,,-0.5,0.16666666666666666,,-0.8333333333333334,0.5,,-0.5,,,
B,bolivia/tile115,225,6,control NDWI level,0.003069979208715642,0.5,,0.0,0.5,,-0.5,0.8333333333333334,,-0.16666666666666663,,,
B,bolivia/tile116,225,29,confidence (baseline),0.017153472839934517,0.2413793103448276,,0.0,0.4827586206896552,,0.0,0.8275862068965517,,0.0,,,
B,bolivia/tile116,225,29,tile-phase (aligned),0.021847806562921176,0.2413793103448276,,0.0,0.4482758620689655,,-0.03448275862068967,0.7241379310344828,,-0.10344827586206895,,,
B,bolivia/tile116,225,29,boundary indicator,0.033131947316915496,0.30721003134796243,,0.06583072100313483,0.5172413793103449,,0.03448275862068967,0.700626959247649,,-0.12695924764890276,,,
B,bolivia/tile116,225,29,control NDWI gradient,0.17356168221745596,0.13793103448275862,,-0.10344827586206898,0.20689655172413793,,-0.27586206896551724,0.2413793103448276,,-0.5862068965517241,,,
B,bolivia/tile116,225,29,constant score,0.12888888888888886,0.04888888888888889,,-0.1924904214559387,0.09777777777777778,,-0.3849808429118774,0.19999999999999998,,-0.6275862068965518,,,
B,bolivia/tile116,225,29,control S2 patch variance,0.28817554607733403,0.034482758620689655,,-0.20689655172413796,0.06896551724137931,,-0.4137931034482759,0.10344827586206896,,-0.7241379310344828,,,
B,bolivia/tile116,225,29,control NDWI level,0.011833522616647158,0.3793103448275862,,0.1379310344827586,0.7241379310344828,,0.24137931034482757,0.9310344827586207,,0.10344827586206895,,,
B,bolivia/tile117,225,30,confidence (baseline),0.03557535274934173,0.23333333333333334,,0.0,0.3,,0.0,0.6,,0.0,,,
B,bolivia/tile117,225,30,tile-phase (aligned),0.026501637931527367,0.26666666666666666,,0.033333333333333326,0.4666666666666667,,0.16666666666666669,0.7666666666666667,,0.16666666666666674,,,
B,bolivia/tile117,225,30,boundary indicator,0.023346120619875416,0.31666666666666665,,0.08333333333333331,0.6095238095238095,,0.3095238095238095,0.8285714285714286,,0.22857142857142865,,,
B,bolivia/tile117,225,30,control NDWI gradient,0.06684693098664785,0.1,,-0.13333333333333333,0.26666666666666666,,-0.033333333333333326,0.43333333333333335,,-0.16666666666666663,,,
B,bolivia/tile117,225,30,constant score,0.1333333333333333,0.048888888888888885,,-0.18444444444444447,0.09777777777777777,,-0.20222222222222222,0.2,,-0.39999999999999997,,,
B,bolivia/tile117,225,30,control S2 patch variance,0.10407232606062168,0.03333333333333333,,-0.2,0.13333333333333333,,-0.16666666666666666,0.23333333333333334,,-0.36666666666666664,,,
B,bolivia/tile117,225,30,control NDWI level,0.021647711567987313,0.3333333333333333,,0.09999999999999998,0.5,,0.2,0.7666666666666667,,0.16666666666666674,,,
B,bolivia/tile118,225,35,confidence (baseline),0.08197135178885229,0.08571428571428572,,0.0,0.17142857142857143,,0.0,0.37142857142857144,,0.0,,,
B,bolivia/tile118,225,35,tile-phase (aligned),0.0506474172406779,0.11428571428571428,,0.028571428571428567,0.3142857142857143,,0.14285714285714285,0.5714285714285714,,0.19999999999999996,,,
B,bolivia/tile118,225,35,boundary indicator,0.06499950508014264,0.1959183673469388,,0.11020408163265308,0.3410714285714286,,0.16964285714285715,0.584331797235023,,0.2129032258064516,,,
B,bolivia/tile118,225,35,control NDWI gradient,0.05933248764598595,0.2,,0.1142857142857143,0.37142857142857144,,0.2,0.5714285714285714,,0.19999999999999996,,,
B,bolivia/tile118,225,35,constant score,0.1555555555555555,0.048888888888888885,,-0.03682539682539683,0.09777777777777777,,-0.07365079365079366,0.2,,-0.17142857142857143,,,
B,bolivia/tile118,225,35,control S2 patch variance,0.12416222304329892,0.05714285714285714,,-0.028571428571428574,0.17142857142857143,,0.0,0.3142857142857143,,-0.05714285714285716,,,
B,bolivia/tile118,225,35,control NDWI level,0.020833427270545133,0.2571428571428571,,0.1714285714285714,0.5142857142857142,,0.3428571428571428,0.8857142857142857,,0.5142857142857142,,,
B,bolivia/tile119,225,49,confidence (baseline),0.08202591637325969,0.10204081632653061,,0.0,0.24489795918367346,,0.0,0.40816326530612246,,0.0,,,
B,bolivia/tile119,225,49,tile-phase (aligned),0.06771211262531729,0.10204081632653061,,0.0,0.20408163265306123,,-0.040816326530612235,0.42857142857142855,,0.02040816326530609,,,
B,bolivia/tile119,225,49,boundary indicator,0.056528896106458774,0.1326530612244898,,0.03061224489795919,0.24489795918367346,,0.0,0.49574829931972786,,0.0875850340136054,,,
B,bolivia/tile119,225,49,control NDWI gradient,0.11671241641146862,0.10204081632653061,,0.0,0.16326530612244897,,-0.0816326530612245,0.3673469387755102,,-0.040816326530612235,,,
B,bolivia/tile119,225,49,constant score,0.21777777777777774,0.04888888888888889,,-0.05315192743764172,0.09777777777777778,,-0.14712018140589567,0.2,,-0.20816326530612245,,,
B,bolivia/tile119,225,49,control S2 patch variance,0.27640205711857113,0.0,,-0.10204081632653061,0.04081632653061224,,-0.20408163265306123,0.08163265306122448,,-0.326530612244898,,,
B,bolivia/tile119,225,49,control NDWI level,0.03744241340954044,0.20408163265306123,,0.10204081632653061,0.3877551020408163,,0.14285714285714285,0.7346938775510204,,0.326530612244898,,,
B,bolivia/tile120,225,13,confidence (baseline),0.003259613284185591,0.6153846153846154,,0.0,0.8461538461538461,,0.0,1.0,,0.0,,,
B,bolivia/tile120,225,13,tile-phase (aligned),0.00402139393229873,0.46153846153846156,,-0.15384615384615385,0.7692307692307693,,-0.07692307692307687,1.0,,0.0,,,
B,bolivia/tile120,225,13,boundary indicator,0.003462996047061984,0.4835164835164835,,-0.1318681318681319,0.9230769230769231,,0.07692307692307698,1.0,,0.0,,,
B,bolivia/tile120,225,13,control NDWI gradient,0.0033127135892495638,0.46153846153846156,,-0.15384615384615385,0.8461538461538461,,0.0,1.0,,0.0,,,
B,bolivia/tile120,225,13,constant score,0.05777777777777779,0.048888888888888885,,-0.5664957264957265,0.09777777777777777,,-0.7483760683760684,0.2,,-0.8,,,
B,bolivia/tile120,225,13,control S2 patch variance,0.005998676769614984,0.23076923076923078,,-0.38461538461538464,0.46153846153846156,,-0.3846153846153846,0.9230769230769231,,-0.07692307692307687,,,
B,bolivia/tile120,225,13,control NDWI level,0.004073626516052179,0.23076923076923078,,-0.38461538461538464,1.0,,0.15384615384615385,1.0,,0.0,,,
B,bolivia/tile121,225,12,confidence (baseline),0.0037415747207537125,0.4166666666666667,,0.0,0.8333333333333334,,0.0,0.9166666666666666,,0.0,,,
B,bolivia/tile121,225,12,tile-phase (aligned),0.0039322624965487454,0.5,,0.08333333333333331,0.75,,-0.08333333333333337,1.0,,0.08333333333333337,,,
B,bolivia/tile121,225,12,boundary indicator,0.0020541508840464895,0.75,,0.3333333333333333,0.9772727272727272,,0.1439393939393938,1.0,,0.08333333333333337,,,
B,bolivia/tile121,225,12,control NDWI gradient,0.007102195893078189,0.6666666666666666,,0.24999999999999994,0.8333333333333334,,0.0,0.8333333333333334,,-0.08333333333333326,,,
B,bolivia/tile121,225,12,constant score,0.05333333333333334,0.04888888888888889,,-0.3677777777777778,0.09777777777777778,,-0.7355555555555556,0.19999999999999998,,-0.7166666666666667,,,
B,bolivia/tile121,225,12,control S2 patch variance,0.038420010854451556,0.25,,-0.16666666666666669,0.6666666666666666,,-0.16666666666666674,0.8333333333333334,,-0.08333333333333326,,,
B,bolivia/tile121,225,12,control NDWI level,0.0035662038426219275,0.5,,0.08333333333333331,0.8333333333333334,,0.0,1.0,,0.08333333333333337,,,
B,bolivia/tile122,225,60,confidence (baseline),0.13190914514238009,0.06666666666666667,,0.0,0.18333333333333332,,0.0,0.26666666666666666,,0.0,,,
B,bolivia/tile122,225,60,tile-phase (aligned),0.1518832458837546,0.06666666666666667,,0.0,0.13333333333333333,,-0.04999999999999999,0.21666666666666667,,-0.04999999999999999,,,
B,bolivia/tile122,225,60,boundary indicator,0.14665893583025058,0.07948717948717948,,0.012820512820512817,0.16999999999999998,,-0.013333333333333336,0.3596491228070175,,0.09298245614035083,,,
B,bolivia/tile122,225,60,control NDWI gradient,0.11493669965110798,0.08333333333333333,,0.016666666666666663,0.11666666666666667,,-0.06666666666666665,0.31666666666666665,,0.04999999999999999,,,
B,bolivia/tile122,225,60,constant score,0.2666666666666666,0.048888888888888885,,-0.01777777777777778,0.09777777777777777,,-0.08555555555555555,0.2,,-0.06666666666666665,,,
B,bolivia/tile122,225,60,control S2 patch variance,0.3450585820437986,0.016666666666666666,,-0.05,0.06666666666666667,,-0.11666666666666665,0.11666666666666667,,-0.15,,,
B,bolivia/tile122,225,60,control NDWI level,0.057307361686611616,0.13333333333333333,,0.06666666666666667,0.3,,0.11666666666666667,0.65,,0.38333333333333336,,,
B,bolivia/tile123,225,15,confidence (baseline),0.011064947721550897,0.13333333333333333,,0.0,0.4,,0.0,0.6666666666666666,,0.0,,,
B,bolivia/tile123,225,15,tile-phase (aligned),0.004964042512443649,0.5333333333333333,,0.4,0.7333333333333333,,0.33333333333333326,1.0,,0.33333333333333337,,,
B,bolivia/tile123,225,15,boundary indicator,0.003726915644837478,0.5333333333333333,,0.4,0.8526315789473684,,0.4526315789473684,1.0,,0.33333333333333337,,,
B,bolivia/tile123,225,15,control NDWI gradient,0.004830953782923858,0.4666666666666667,,0.33333333333333337,0.8666666666666667,,0.4666666666666667,0.9333333333333333,,0.2666666666666667,,,
B,bolivia/tile123,225,15,constant score,0.06666666666666665,0.048888888888888885,,-0.08444444444444445,0.09777777777777777,,-0.3022222222222223,0.2,,-0.4666666666666666,,,
B,bolivia/tile123,225,15,control S2 patch variance,0.020293379671507475,0.13333333333333333,,0.0,0.3333333333333333,,-0.06666666666666671,0.6,,-0.06666666666666665,,,
B,bolivia/tile123,225,15,control NDWI level,0.004446706207962751,0.4666666666666667,,0.33333333333333337,0.8,,0.4,1.0,,0.33333333333333337,,,
B,bolivia/tile124,225,21,confidence (baseline),0.010315130602666872,0.23809523809523808,,0.0,0.5238095238095238,,0.0,0.9047619047619048,,0.0,,,
B,bolivia/tile124,225,21,tile-phase (aligned),0.015365089379746654,0.14285714285714285,,-0.09523809523809523,0.38095238095238093,,-0.1428571428571429,0.7142857142857143,,-0.19047619047619047,,,
B,bolivia/tile124,225,21,boundary indicator,0.008868859458556226,0.3650793650793651,,0.12698412698412703,0.6095238095238096,,0.08571428571428574,0.980952380952381,,0.07619047619047625,,,
B,bolivia/tile124,225,21,control NDWI gradient,0.12753460905308972,0.047619047619047616,,-0.19047619047619047,0.09523809523809523,,-0.4285714285714286,0.14285714285714285,,-0.7619047619047619,,,
B,bolivia/tile124,225,21,constant score,0.09333333333333334,0.048888888888888885,,-0.1892063492063492,0.09777777777777777,,-0.4260317460317461,0.2,,-0.7047619047619047,,,
B,bolivia/tile124,225,21,control S2 patch variance,0.15434457640764018,0.0,,-0.23809523809523808,0.0,,-0.5238095238095238,0.0,,-0.9047619047619048,,,
B,bolivia/tile124,225,21,control NDWI level,0.019601889469563764,0.047619047619047616,,-0.19047619047619047,0.19047619047619047,,-0.33333333333333337,0.6190476190476191,,-0.2857142857142857,,,
B,bolivia/tile125,225,28,confidence (baseline),0.02563835646845881,0.17857142857142858,,0.0,0.25,,0.0,0.6428571428571429,,0.0,,,
B,bolivia/tile125,225,28,tile-phase (aligned),0.048986527514986666,0.17857142857142858,,0.0,0.21428571428571427,,-0.035714285714285726,0.35714285714285715,,-0.28571428571428575,,,
B,bolivia/tile125,225,28,boundary indicator,0.05341108836356444,0.28061224489795916,,0.10204081632653059,0.42857142857142855,,0.17857142857142855,0.6581632653061223,,0.015306122448979442,,,
B,bolivia/tile125,225,28,control NDWI gradient,0.2034747421427041,0.10714285714285714,,-0.07142857142857144,0.17857142857142858,,-0.07142857142857142,0.25,,-0.3928571428571429,,,
B,bolivia/tile125,225,28,constant score,0.12444444444444441,0.048888888888888885,,-0.12968253968253968,0.09777777777777777,,-0.15222222222222223,0.19999999999999998,,-0.44285714285714295,,,
B,bolivia/tile125,225,28,control S2 patch variance,0.19964909647833828,0.0,,-0.17857142857142858,0.03571428571428571,,-0.2142857142857143,0.07142857142857142,,-0.5714285714285715,,,
B,bolivia/tile125,225,28,control NDWI level,0.027598631030999903,0.17857142857142858,,0.0,0.35714285714285715,,0.10714285714285715,0.6071428571428571,,-0.03571428571428581,,,
B,bolivia/tile127,225,17,confidence (baseline),0.00812253809021742,0.23529411764705882,,0.0,0.5882352941176471,,0.0,0.9411764705882353,,0.0,,,
B,bolivia/tile127,225,17,tile-phase (aligned),0.005791628749110425,0.5294117647058824,,0.29411764705882354,0.7058823529411765,,0.11764705882352944,1.0,,0.05882352941176472,,,
B,bolivia/tile127,225,17,boundary indicator,0.004637300950610497,0.4313725490196078,,0.196078431372549,0.8588235294117647,,0.2705882352941176,1.0,,0.05882352941176472,,,
B,bolivia/tile127,225,17,control NDWI gradient,0.006580614610197624,0.29411764705882354,,0.05882352941176472,0.5882352941176471,,0.0,1.0,,0.05882352941176472,,,
B,bolivia/tile127,225,17,constant score,0.07555555555555556,0.04888888888888889,,-0.18640522875816992,0.09777777777777778,,-0.4904575163398693,0.19999999999999998,,-0.7411764705882353,,,
B,bolivia/tile127,225,17,control S2 patch variance,0.012475567154498924,0.058823529411764705,,-0.1764705882352941,0.47058823529411764,,-0.11764705882352944,0.7058823529411765,,-0.23529411764705876,,,
B,bolivia/tile127,225,17,control NDWI level,0.00604496462993331,0.23529411764705882,,0.0,0.7058823529411765,,0.11764705882352944,1.0,,0.05882352941176472,,,
B,bolivia/tile128,225,19,confidence (baseline),0.006955819387245263,0.3157894736842105,,0.0,0.7368421052631579,,0.0,1.0,,0.0,,,
B,bolivia/tile128,225,19,tile-phase (aligned),0.011330390335897972,0.2631578947368421,,-0.05263157894736842,0.47368421052631576,,-0.2631578947368421,0.8421052631578947,,-0.1578947368421053,,,
B,bolivia/tile128,225,19,boundary indicator,0.01387888987616506,0.41520467836257313,,0.09941520467836262,0.7368421052631579,,0.0,0.8187134502923976,,-0.18128654970760238,,,
B,bolivia/tile128,225,19,control NDWI gradient,0.0503442741341847,0.3157894736842105,,0.0,0.42105263157894735,,-0.3157894736842105,0.42105263157894735,,-0.5789473684210527,,,
B,bolivia/tile128,225,19,constant score,0.08444444444444445,0.04888888888888889,,-0.26690058479532164,0.09777777777777778,,-0.6390643274853801,0.19999999999999998,,-0.8,,,
B,bolivia/tile128,225,19,control S2 patch variance,0.125635197825474,0.2631578947368421,,-0.05263157894736842,0.42105263157894735,,-0.3157894736842105,0.42105263157894735,,-0.5789473684210527,,,
B,bolivia/tile128,225,19,control NDWI level,0.006635691731483629,0.3157894736842105,,0.0,0.8421052631578947,,0.10526315789473684,0.9473684210526315,,-0.052631578947368474,,,
B,bolivia/tile130,225,8,confidence (baseline),0.004312689795949578,0.25,,0.0,0.625,,0.0,0.75,,0.0,,,
B,bolivia/tile130,225,8,tile-phase (aligned),0.0007803488099022059,1.0,,0.75,1.0,,0.375,1.0,,0.25,,,
B,bolivia/tile130,225,8,boundary indicator,0.0007186195327857487,1.0,,0.75,1.0,,0.375,1.0,,0.25,,,
B,bolivia/tile130,225,8,control NDWI gradient,0.0011306961159652622,0.75,,0.5,1.0,,0.375,1.0,,0.25,,,
B,bolivia/tile130,225,8,constant score,0.035555555555555556,0.04888888888888889,,-0.2011111111111111,0.09777777777777778,,-0.5272222222222223,0.2,,-0.55,,,
B,bolivia/tile130,225,8,control S2 patch variance,0.010074962414809718,0.375,,0.125,0.5,,-0.125,0.75,,0.0,,,
B,bolivia/tile130,225,8,control NDWI level,0.0007186195327857487,1.0,,0.75,1.0,,0.375,1.0,,0.25,,,
B,bolivia/tile131,225,10,confidence (baseline),0.009184224218464652,0.2,,0.0,0.4,,0.0,0.6,,0.0,,,
B,bolivia/tile131,225,10,tile-phase (aligned),0.002752144224514533,0.4,,0.2,0.9,,0.5,1.0,,0.4,,,
B,bolivia/tile131,225,10,boundary indicator,0.001706244000119505,0.7,,0.49999999999999994,1.0,,0.6,1.0,,0.4,,,
B,bolivia/tile131,225,10,control NDWI gradient,0.004714217810599836,0.3,,0.09999999999999998,0.5,,0.09999999999999998,1.0,,0.4,,,
B,bolivia/tile131,225,10,constant score,0.04444444444444444,0.048888888888888885,,-0.15111111111111114,0.09777777777777777,,-0.3022222222222223,0.2,,-0.39999999999999997,,,
B,bolivia/tile131,225,10,control S2 patch variance,0.013942277758574389,0.0,,-0.2,0.1,,-0.30000000000000004,0.5,,-0.09999999999999998,,,
B,bolivia/tile131,225,10,control NDWI level,0.003342207950160231,0.5,,0.3,0.9,,0.5,0.9,,0.30000000000000004,,,
B,bolivia/tile132,225,8,confidence (baseline),0.009301969842709763,0.25,,0.0,0.25,,0.0,0.5,,0.0,,,
B,bolivia/tile132,225,8,tile-phase (aligned),0.0026634578435207365,0.5,,0.25,0.625,,0.375,1.0,,0.5,,,
B,bolivia/tile132,225,8,boundary indicator,0.001163904602945303,0.875,,0.625,0.9615384615384616,,0.7115384615384616,1.0,,0.5,,,
B,bolivia/tile132,225,8,control NDWI gradient,0.0016299751463426403,0.5,,0.25,1.0,,0.75,1.0,,0.5,,,
B,bolivia/tile132,225,8,constant score,0.035555555555555556,0.04888888888888889,,-0.2011111111111111,0.09777777777777778,,-0.1522222222222222,0.2,,-0.3,,,
B,bolivia/tile132,225,8,control S2 patch variance,0.011840135290866343,0.0,,-0.25,0.125,,-0.125,0.375,,-0.125,,,
B,bolivia/tile132,225,8,control NDWI level,0.003268952097649,0.375,,0.125,0.75,,0.5,0.875,,0.375,,,
B,bolivia/tile133,225,16,confidence (baseline),0.008158537042907376,0.375,,0.0,0.5625,,0.0,0.8125,,0.0,,,
B,bolivia/tile133,225,16,tile-phase (aligned),0.00877593885189645,0.25,,-0.125,0.5,,-0.0625,0.8125,,0.0,,,
B,bolivia/tile133,225,16,boundary indicator,0.004304555840936734,0.4375,,0.0625,0.8625,,0.30000000000000004,1.0,,0.1875,,,
B,bolivia/tile133,225,16,control NDWI gradient,0.015863860939727317,0.3125,,-0.0625,0.5625,,0.0,0.6875,,-0.125,,,
B,bolivia/tile133,225,16,constant score,0.07111111111111111,0.04888888888888889,,-0.32611111111111113,0.09777777777777778,,-0.4647222222222222,0.2,,-0.6125,,,
B,bolivia/tile133,225,16,control S2 patch variance,0.047555942380395316,0.25,,-0.125,0.5,,-0.0625,0.625,,-0.1875,,,
B,bolivia/tile133,225,16,control NDWI level,0.004573812848468069,0.375,,0.0,0.875,,0.3125,1.0,,0.1875,,,
B,bolivia/tile134,225,16,confidence (baseline),0.00823592954447293,0.375,,0.0,0.5625,,0.0,0.8125,,0.0,,,
B,bolivia/tile134,225,16,tile-phase (aligned),0.0065721885784879395,0.3125,,-0.0625,0.75,,0.1875,0.9375,,0.125,,,
B,bolivia/tile134,225,16,boundary indicator,0.0055752845407295755,0.3625,,-0.012500000000000011,0.7215909090909091,,0.15909090909090906,1.0,,0.1875,,,
B,bolivia/tile134,225,16,control NDWI gradient,0.006051961505711593,0.375,,0.0,0.625,,0.0625,1.0,,0.1875,,,
B,bolivia/tile134,225,16,constant score,0.07111111111111111,0.04888888888888889,,-0.32611111111111113,0.09777777777777778,,-0.4647222222222222,0.2,,-0.6125,,,
B,bolivia/tile134,225,16,control S2 patch variance,0.011303636938362806,0.0625,,-0.3125,0.3125,,-0.25,0.8125,,0.0,,,
B,bolivia/tile134,225,16,control NDWI level,0.00668076583316358,0.25,,-0.125,0.625,,0.0625,1.0,,0.1875,,,
B,bolivia/tile136,225,21,confidence (baseline),0.015983004725584435,0.14285714285714285,,0.0,0.38095238095238093,,0.0,0.7142857142857143,,0.0,,,
B,bolivia/tile136,225,21,tile-phase (aligned),0.020469979213238978,0.047619047619047616,,-0.09523809523809523,0.19047619047619047,,-0.19047619047619047,0.5714285714285714,,-0.1428571428571429,,,
B,bolivia/tile136,225,21,boundary indicator,0.010070542871554946,0.2857142857142857,,0.14285714285714285,0.6336996336996338,,0.25274725274725285,0.8778467908902692,,0.16356107660455488,,,
B,bolivia/tile136,225,21,control NDWI gradient,0.14317037361708354,0.047619047619047616,,-0.09523809523809523,0.14285714285714285,,-0.23809523809523808,0.14285714285714285,,-0.5714285714285714,,,
B,bolivia/tile136,225,21,constant score,0.09333333333333334,0.048888888888888885,,-0.09396825396825396,0.09777777777777777,,-0.2831746031746032,0.2,,-0.5142857142857142,,,
B,bolivia/tile136,225,21,control S2 patch variance,0.1853375454080786,0.0,,-0.14285714285714285,0.047619047619047616,,-0.3333333333333333,0.047619047619047616,,-0.6666666666666667,,,
B,bolivia/tile136,225,21,control NDWI level,0.016918236480879353,0.14285714285714285,,0.0,0.2857142857142857,,-0.09523809523809523,0.8095238095238095,,0.09523809523809523,,,
B,bolivia/tile137,225,16,confidence (baseline),0.009738899100998299,0.25,,0.0,0.4375,,0.0,0.8125,,0.0,,,
B,bolivia/tile137,225,16,tile-phase (aligned),0.009205100294507128,0.375,,0.125,0.5625,,0.125,0.75,,-0.0625,,,
B,bolivia/tile137,225,16,boundary indicator,0.010257475462059336,0.625,,0.375,0.75,,0.3125,0.8875,,0.07499999999999996,,,
B,bolivia/tile137,225,16,control NDWI gradient,0.022194585294532918,0.0625,,-0.1875,0.125,,-0.3125,0.4375,,-0.375,,,
B,bolivia/tile137,225,16,constant score,0.07111111111111111,0.04888888888888889,,-0.2011111111111111,0.09777777777777778,,-0.3397222222222222,0.2,,-0.6125,,,
B,bolivia/tile137,225,16,control S2 patch variance,0.08192466159561058,0.0,,-0.25,0.0,,-0.4375,0.0625,,-0.75,,,
B,bolivia/tile137,225,16,control NDWI level,0.004018043861294515,0.5625,,0.3125,0.875,,0.4375,1.0,,0.1875,,,
B,bolivia/tile138,225,9,confidence (baseline),0.011303171686324703,0.1111111111111111,,0.0,0.4444444444444444,,0.0,0.7777777777777778,,0.0,,,
B,bolivia/tile138,225,9,tile-phase (aligned),0.00220060520215678,0.5555555555555556,,0.4444444444444445,0.8888888888888888,,0.4444444444444444,1.0,,0.2222222222222222,,,
B,bolivia/tile138,225,9,boundary indicator,0.0011057333525534112,0.8518518518518517,,0.7407407407407407,1.0,,0.5555555555555556,1.0,,0.2222222222222222,,,
B,bolivia/tile138,225,9,control NDWI gradient,0.007842152441177254,0.3333333333333333,,0.2222222222222222,0.4444444444444444,,0.0,0.4444444444444444,,-0.33333333333333337,,,
B,bolivia/tile138,225,9,constant score,0.04,0.04888888888888889,,-0.062222222222222213,0.09777777777777778,,-0.3466666666666666,0.2,,-0.5777777777777777,,,
B,bolivia/tile138,225,9,control S2 patch variance,0.026754929874766145,0.0,,-0.1111111111111111,0.1111111111111111,,-0.3333333333333333,0.3333333333333333,,-0.4444444444444445,,,
B,bolivia/tile138,225,9,control NDWI level,0.0034991044257390146,0.5555555555555556,,0.4444444444444445,0.8888888888888888,,0.4444444444444444,0.8888888888888888,,0.11111111111111105,,,
B,bolivia/tile139,225,41,confidence (baseline),0.08128355123731726,0.12195121951219512,,0.0,0.34146341463414637,,0.0,0.43902439024390244,,0.0,,,
B,bolivia/tile139,225,41,tile-phase (aligned),0.057529876820799235,0.12195121951219512,,0.0,0.2926829268292683,,-0.04878048780487809,0.4634146341463415,,0.024390243902439046,,,
B,bolivia/tile139,225,41,boundary indicator,0.04006022881206153,0.18536585365853658,,0.06341463414634146,0.2993348115299335,,-0.04212860310421285,0.5435540069686411,,0.10452961672473865,,,
B,bolivia/tile139,225,41,control NDWI gradient,0.10565140391210961,0.17073170731707318,,0.048780487804878064,0.2682926829268293,,-0.07317073170731708,0.4878048780487805,,0.04878048780487804,,,
B,bolivia/tile139,225,41,constant score,0.18222222222222226,0.048888888888888885,,-0.07306233062330623,0.09777777777777777,,-0.2436856368563686,0.19999999999999998,,-0.23902439024390246,,,
B,bolivia/tile139,225,41,control S2 patch variance,0.20406869254585788,0.04878048780487805,,-0.07317073170731707,0.12195121951219512,,-0.21951219512195125,0.2926829268292683,,-0.14634146341463417,,,
B,bolivia/tile139,225,41,control NDWI level,0.03539951297468773,0.14634146341463414,,0.02439024390243902,0.34146341463414637,,0.0,0.7317073170731707,,0.2926829268292683,,,
B,bolivia/tile140,225,15,confidence (baseline),0.011170579153960058,0.26666666666666666,,0.0,0.4666666666666667,,0.0,0.7333333333333333,,0.0,,,
B,bolivia/tile140,225,15,tile-phase (aligned),0.005347123835402647,0.4,,0.13333333333333336,0.6666666666666666,,0.19999999999999996,1.0,,0.2666666666666667,,,
B,bolivia/tile140,225,15,boundary indicator,0.003639197351909207,0.5,,0.23333333333333334,0.9393939393939394,,0.4727272727272728,1.0,,0.2666666666666667,,,
B,bolivia/tile140,225,15,control NDWI gradient,0.0051984119310776,0.4666666666666667,,0.2,0.6666666666666666,,0.19999999999999996,0.9333333333333333,,0.20000000000000007,,,
B,bolivia/tile140,225,15,constant score,0.06666666666666665,0.048888888888888885,,-0.2177777777777778,0.09777777777777777,,-0.36888888888888893,0.2,,-0.5333333333333332,,,
B,bolivia/tile140,225,15,control S2 patch variance,0.03017910573810958,0.06666666666666667,,-0.2,0.3333333333333333,,-0.13333333333333336,0.4666666666666667,,-0.2666666666666666,,,
B,bolivia/tile140,225,15,control NDWI level,0.0045334941678641105,0.5333333333333333,,0.26666666666666666,0.8,,0.33333333333333337,1.0,,0.2666666666666667,,,
B,bolivia/tile141,225,8,confidence (baseline),0.0027953764565774243,0.375,,0.0,0.5,,0.0,1.0,,0.0,,,
B,bolivia/tile141,225,8,tile-phase (aligned),0.001984040881437799,0.75,,0.375,0.875,,0.375,0.875,,-0.125,,,
B,bolivia/tile141,225,8,boundary indicator,0.0008107880412631959,1.0,,0.625,1.0,,0.5,1.0,,0.0,,,
B,bolivia/tile141,225,8,control NDWI gradient,0.0032733932775946477,0.75,,0.375,0.875,,0.375,0.875,,-0.125,,,
B,bolivia/tile141,225,8,constant score,0.035555555555555556,0.04888888888888889,,-0.32611111111111113,0.09777777777777778,,-0.4022222222222222,0.2,,-0.8,,,
B,bolivia/tile141,225,8,control S2 patch variance,0.011930326140843417,0.375,,0.0,0.625,,0.125,0.875,,-0.125,,,
B,bolivia/tile141,225,8,control NDWI level,0.0016184212732422343,0.625,,0.25,1.0,,0.5,1.0,,0.0,,,
B,bolivia/tile142,225,15,confidence (baseline),0.011989296335849357,0.26666666666666666,,0.0,0.4666666666666667,,0.0,0.7333333333333333,,0.0,,,
B,bolivia/tile142,225,15,tile-phase (aligned),0.0037175071594818814,0.4666666666666667,,0.2,0.8666666666666667,,0.4,1.0,,0.2666666666666667,,,
B,bolivia/tile142,225,15,boundary indicator,0.003120653331438142,0.6074074074074074,,0.34074074074074073,0.9833333333333333,,0.5166666666666666,1.0,,0.2666666666666667,,,
B,bolivia/tile142,225,15,control NDWI gradient,0.005110467582079898,0.4,,0.13333333333333336,0.6,,0.1333333333333333,1.0,,0.2666666666666667,,,
B,bolivia/tile142,225,15,constant score,0.06666666666666665,0.048888888888888885,,-0.2177777777777778,0.09777777777777777,,-0.36888888888888893,0.2,,-0.5333333333333332,,,
B,bolivia/tile142,225,15,control S2 patch variance,0.008909745245269935,0.0,,-0.26666666666666666,0.4,,-0.06666666666666665,0.8666666666666667,,0.13333333333333341,,,
B,bolivia/tile142,225,15,control NDWI level,0.01586437064732232,0.3333333333333333,,0.06666666666666665,0.5333333333333333,,0.06666666666666665,0.5333333333333333,,-0.19999999999999996,,,
B,bolivia/tile143,225,9,confidence (baseline),0.004601084522778457,0.4444444444444444,,0.0,0.5555555555555556,,0.0,0.8888888888888888,,0.0,,,
B,bolivia/tile143,225,9,tile-phase (aligned),0.001402049175286939,0.7777777777777778,,0.33333333333333337,0.8888888888888888,,0.33333333333333326,1.0,,0.11111111111111116,,,
B,bolivia/tile143,225,9,boundary indicator,0.0008996397192706069,1.0,,0.5555555555555556,1.0,,0.4444444444444444,1.0,,0.11111111111111116,,,
B,bolivia/tile143,225,9,control NDWI gradient,0.02866898427371983,0.3333333333333333,,-0.1111111111111111,0.5555555555555556,,0.0,0.5555555555555556,,-0.33333333333333326,,,
B,bolivia/tile143,225,9,constant score,0.04,0.04888888888888889,,-0.39555555555555555,0.09777777777777778,,-0.4577777777777778,0.2,,-0.6888888888888889,,,
B,bolivia/tile143,225,9,control S2 patch variance,0.061155827761685815,0.0,,-0.4444444444444444,0.2222222222222222,,-0.33333333333333337,0.3333333333333333,,-0.5555555555555556,,,
B,bolivia/tile143,225,9,control NDWI level,0.002846237525601857,0.6666666666666666,,0.2222222222222222,0.7777777777777778,,0.2222222222222222,0.8888888888888888,,0.0,,,
B,bolivia/tile144,225,23,confidence (baseline),0.025284119933439732,0.13043478260869565,,0.0,0.34782608695652173,,0.0,0.5217391304347826,,0.0,,,
B,bolivia/tile144,225,23,tile-phase (aligned),0.013232962093588737,0.30434782608695654,,0.1739130434782609,0.43478260869565216,,0.08695652173913043,0.782608695652174,,0.26086956521739135,,,
B,bolivia/tile144,225,23,boundary indicator,0.007235586553908172,0.4426877470355731,,0.31225296442687744,0.8043478260869565,,0.4565217391304348,1.0,,0.4782608695652174,,,
B,bolivia/tile144,225,23,control NDWI gradient,0.012388122082407091,0.34782608695652173,,0.21739130434782608,0.5217391304347826,,0.17391304347826086,0.8695652173913043,,0.34782608695652173,,,
B,bolivia/tile144,225,23,constant score,0.10222222222222223,0.048888888888888885,,-0.08154589371980676,0.09777777777777777,,-0.250048309178744,0.19999999999999998,,-0.32173913043478264,,,
B,bolivia/tile144,225,23,control S2 patch variance,0.06908320403895137,0.043478260869565216,,-0.08695652173913043,0.08695652173913043,,-0.2608695652173913,0.2608695652173913,,-0.2608695652173913,,,
B,bolivia/tile144,225,23,control NDWI level,0.009066149372465549,0.391304347826087,,0.26086956521739135,0.6956521739130435,,0.34782608695652173,0.9130434782608695,,0.3913043478260869,,,
B,bolivia/tile145,225,5,confidence (baseline),0.0008080426096599099,0.6,,0.0,1.0,,0.0,1.0,,0.0,,,
B,bolivia/tile145,225,5,tile-phase (aligned),0.0009722305911765999,0.8,,0.20000000000000007,1.0,,0.0,1.0,,0.0,,,
B,bolivia/tile145,225,5,boundary indicator,0.0002980718922862597,1.0,,0.4,1.0,,0.0,1.0,,0.0,,,
B,bolivia/tile145,225,5,control NDWI gradient,0.0013729857514928534,0.8,,0.20000000000000007,0.8,,-0.19999999999999996,1.0,,0.0,,,
B,bolivia/tile145,225,5,constant score,0.02222222222222222,0.048888888888888885,,-0.5511111111111111,0.09777777777777777,,-0.9022222222222223,0.2,,-0.8,,,
B,bolivia/tile145,225,5,control S2 patch variance,0.03230060471466494,0.0,,-0.6,0.0,,-1.0,0.0,,-1.0,,,
B,bolivia/tile145,225,5,control NDWI level,0.0005206807496148698,1.0,,0.4,1.0,,0.0,1.0,,0.0,,,
B,bolivia/tile147,225,5,confidence (baseline),0.0006426586764295181,1.0,,0.0,1.0,,0.0,1.0,,0.0,,,
B,bolivia/tile147,225,5,tile-phase (aligned),0.000983193346921948,0.6,,-0.4,0.8,,-0.19999999999999996,1.0,,0.0,,,
B,bolivia/tile147,225,5,boundary indicator,0.0007868838096399409,0.7428571428571429,,-0.2571428571428571,1.0,,0.0,1.0,,0.0,,,
B,bolivia/tile147,225,5,control NDWI gradient,0.001221881172756095,0.6,,-0.4,0.8,,-0.19999999999999996,1.0,,0.0,,,
B,bolivia/tile147,225,5,constant score,0.02222222222222222,0.048888888888888885,,-0.9511111111111111,0.09777777777777777,,-0.9022222222222223,0.2,,-0.8,,,
B,bolivia/tile147,225,5,control S2 patch variance,0.005594795703328806,0.2,,-0.8,0.8,,-0.19999999999999996,0.8,,-0.19999999999999996,,,
B,bolivia/tile147,225,5,control NDWI level,0.0007872366173974208,0.8,,-0.19999999999999996,1.0,,0.0,1.0,,0.0,,,
B,bolivia/tile148,225,34,confidence (baseline),0.03378333467598169,0.14705882352941177,,0.0,0.3235294117647059,,0.0,0.6470588235294118,,0.0,,,
B,bolivia/tile148,225,34,tile-phase (aligned),0.028819016582233507,0.29411764705882354,,0.14705882352941177,0.5,,0.1764705882352941,0.7941176470588235,,0.1470588235294117,,,
B,bolivia/tile148,225,34,boundary indicator,0.025006313073525778,0.3058823529411765,,0.15882352941176472,0.5661764705882353,,0.24264705882352938,0.8865546218487395,,0.23949579831932766,,,
B,bolivia/tile148,225,34,control NDWI gradient,0.03814733998692028,0.2647058823529412,,0.11764705882352941,0.5,,0.1764705882352941,0.7941176470588235,,0.1470588235294117,,,
B,bolivia/tile148,225,34,constant score,0.1511111111111111,0.04888888888888889,,-0.09816993464052287,0.09777777777777778,,-0.2257516339869281,0.19999999999999998,,-0.44705882352941184,,,
B,bolivia/tile148,225,34,control S2 patch variance,0.10301253600713071,0.08823529411764706,,-0.058823529411764705,0.23529411764705882,,-0.08823529411764708,0.35294117647058826,,-0.29411764705882354,,,
B,bolivia/tile148,225,34,control NDWI level,0.019911801784644117,0.23529411764705882,,0.08823529411764705,0.5,,0.1764705882352941,0.8235294117647058,,0.17647058823529405,,,
B,bolivia/tile149,225,9,confidence (baseline),0.0039476926568843855,0.4444444444444444,,0.0,0.5555555555555556,,0.0,0.8888888888888888,,0.0,,,
B,bolivia/tile149,225,9,tile-phase (aligned),0.003183087144028035,0.4444444444444444,,0.0,0.6666666666666666,,0.11111111111111105,0.8888888888888888,,0.0,,,
B,bolivia/tile149,225,9,boundary indicator,0.002477548529354686,0.5555555555555556,,0.11111111111111116,0.7777777777777778,,0.2222222222222222,1.0,,0.11111111111111116,,,
B,bolivia/tile149,225,9,control NDWI gradient,0.003656286474896623,0.2222222222222222,,-0.2222222222222222,0.7777777777777778,,0.2222222222222222,0.8888888888888888,,0.0,,,
B,bolivia/tile149,225,9,constant score,0.04,0.04888888888888889,,-0.39555555555555555,0.09777777777777778,,-0.4577777777777778,0.2,,-0.6888888888888889,,,
B,bolivia/tile149,225,9,control S2 patch variance,0.00793661584732747,0.3333333333333333,,-0.1111111111111111,0.3333333333333333,,-0.22222222222222227,0.6666666666666666,,-0.2222222222222222,,,
B,bolivia/tile149,225,9,control NDWI level,0.0033281877291730416,0.1111111111111111,,-0.3333333333333333,0.7777777777777778,,0.2222222222222222,1.0,,0.11111111111111116,,,
B,bolivia/tile151,225,9,confidence (baseline),0.0023817027909098644,0.5555555555555556,,0.0,0.8888888888888888,,0.0,1.0,,0.0,,,
B,bolivia/tile151,225,9,tile-phase (aligned),0.0016280955999149992,0.7777777777777778,,0.2222222222222222,0.8888888888888888,,0.0,1.0,,0.0,,,
B,bolivia/tile151,225,9,boundary indicator,0.0009920960023417599,0.9444444444444444,,0.38888888888888884,1.0,,0.11111111111111116,1.0,,0.0,,,
B,bolivia/tile151,225,9,control NDWI gradient,0.0024241461566761376,0.4444444444444444,,-0.11111111111111116,0.8888888888888888,,0.0,1.0,,0.0,,,
B,bolivia/tile151,225,9,constant score,0.04,0.04888888888888889,,-0.5066666666666667,0.09777777777777778,,-0.7911111111111111,0.2,,-0.8,,,
B,bolivia/tile151,225,9,control S2 patch variance,0.010489093061957106,0.1111111111111111,,-0.4444444444444445,0.2222222222222222,,-0.6666666666666666,0.4444444444444444,,-0.5555555555555556,,,
B,bolivia/tile151,225,9,control NDWI level,0.0022062869268435264,0.5555555555555556,,0.0,0.8888888888888888,,0.0,1.0,,0.0,,,
B,bolivia/tile152,225,4,confidence (baseline),0.002373678481365062,0.5,,0.0,0.5,,0.0,0.5,,0.0,,,
B,bolivia/tile152,225,4,tile-phase (aligned),0.003509970035977333,0.75,,0.25,0.75,,0.25,0.75,,0.25,,,
B,bolivia/tile152,225,4,boundary indicator,0.0003295684568146271,1.0,,0.5,1.0,,0.5,1.0,,0.5,,,
B,bolivia/tile152,225,4,control NDWI gradient,0.0006030643201684951,1.0,,0.5,1.0,,0.5,1.0,,0.5,,,
B,bolivia/tile152,225,4,constant score,0.017777777777777778,0.04888888888888889,,-0.45111111111111113,0.09777777777777778,,-0.4022222222222222,0.2,,-0.3,,,
B,bolivia/tile152,225,4,control S2 patch variance,0.005708937881933422,0.0,,-0.5,0.0,,-0.5,0.25,,-0.25,,,
B,bolivia/tile152,225,4,control NDWI level,0.00039998809837131944,1.0,,0.5,1.0,,0.5,1.0,,0.5,,,
B,bolivia/tile153,225,26,confidence (baseline),0.019116324975485682,0.23076923076923078,,0.0,0.4230769230769231,,0.0,0.7307692307692307,,0.0,,,
B,bolivia/tile153,225,26,tile-phase (aligned),0.012967581775579244,0.3076923076923077,,0.07692307692307693,0.5769230769230769,,0.1538461538461538,0.8846153846153846,,0.15384615384615385,,,
B,bolivia/tile153,225,26,boundary indicator,0.010982433462515392,0.35502958579881655,,0.12426035502958577,0.6153846153846154,,0.19230769230769235,0.9423076923076923,,0.21153846153846156,,,
B,bolivia/tile153,225,26,control NDWI gradient,0.024651495858650403,0.2692307692307692,,0.038461538461538436,0.5384615384615384,,0.11538461538461536,0.7307692307692307,,0.0,,,
B,bolivia/tile153,225,26,constant score,0.11555555555555558,0.048888888888888885,,-0.1818803418803419,0.09777777777777777,,-0.3252991452991453,0.2,,-0.5307692307692307,,,
B,bolivia/tile153,225,26,control S2 patch variance,0.11009020683728303,0.0,,-0.23076923076923078,0.07692307692307693,,-0.34615384615384615,0.11538461538461539,,-0.6153846153846153,,,
B,bolivia/tile153,225,26,control NDWI level,0.00926365402381049,0.38461538461538464,,0.15384615384615385,0.6923076923076923,,0.2692307692307692,0.9615384615384616,,0.23076923076923084,,,
B,bolivia/tile154,225,15,confidence (baseline),0.0121184614420435,0.26666666666666666,,0.0,0.4,,0.0,0.8,,0.0,,,
B,bolivia/tile154,225,15,tile-phase (aligned),0.00642093867626768,0.3333333333333333,,0.06666666666666665,0.6,,0.19999999999999996,0.9333333333333333,,0.1333333333333333,,,
B,bolivia/tile154,225,15,boundary indicator,0.009796059660920304,0.4,,0.13333333333333336,0.7407407407407407,,0.3407407407407407,0.935483870967742,,0.13548387096774195,,,
B,bolivia/tile154,225,15,control NDWI gradient,0.007388116561876897,0.2,,-0.06666666666666665,0.5333333333333333,,0.1333333333333333,0.9333333333333333,,0.1333333333333333,,,
B,bolivia/tile154,225,15,constant score,0.06666666666666665,0.048888888888888885,,-0.2177777777777778,0.09777777777777777,,-0.3022222222222223,0.2,,-0.6000000000000001,,,
B,bolivia/tile154,225,15,control S2 patch variance,0.05721592800842623,0.06666666666666667,,-0.2,0.13333333333333333,,-0.2666666666666667,0.2,,-0.6000000000000001,,,
B,bolivia/tile154,225,15,control NDWI level,0.0030309415565025364,0.6,,0.3333333333333333,1.0,,0.6,1.0,,0.19999999999999996,,,
B,bolivia/tile155,225,54,confidence (baseline),0.0897094587388508,0.05555555555555555,,0.0,0.14814814814814814,,0.0,0.37037037037037035,,0.0,,,
B,bolivia/tile155,225,54,tile-phase (aligned),0.12538421758045318,0.09259259259259259,,0.037037037037037035,0.16666666666666666,,0.018518518518518517,0.3333333333333333,,-0.037037037037037035,,,
B,bolivia/tile155,225,54,boundary indicator,0.15196994709983172,0.09104938271604937,,0.03549382716049382,0.2037037037037037,,0.05555555555555555,0.35185185185185186,,-0.01851851851851849,,,
B,bolivia/tile155,225,54,control NDWI gradient,0.14500063931480756,0.07407407407407407,,0.018518518518518517,0.14814814814814814,,0.0,0.2962962962962963,,-0.07407407407407407,,,
B,bolivia/tile155,225,54,constant score,0.24000000000000007,0.04888888888888889,,-0.006666666666666661,0.09777777777777778,,-0.05037037037037036,0.2,,-0.17037037037037034,,,
B,bolivia/tile155,225,54,control S2 patch variance,0.24570321478884366,0.037037037037037035,,-0.018518518518518517,0.037037037037037035,,-0.1111111111111111,0.07407407407407407,,-0.2962962962962963,,,
B,bolivia/tile155,225,54,control NDWI level,0.039723847359792015,0.2037037037037037,,0.14814814814814814,0.4074074074074074,,0.25925925925925924,0.7037037037037037,,0.33333333333333337,,,
B,bolivia/tile156,225,12,confidence (baseline),0.003659678459445563,0.4166666666666667,,0.0,0.6666666666666666,,0.0,1.0,,0.0,,,
B,bolivia/tile156,225,12,tile-phase (aligned),0.002644070362455785,0.5833333333333334,,0.16666666666666669,0.9166666666666666,,0.25,1.0,,0.0,,,
B,bolivia/tile156,225,12,boundary indicator,0.0028127432503309343,0.5,,0.08333333333333331,0.926470588235294,,0.2598039215686274,1.0,,0.0,,,
B,bolivia/tile156,225,12,control NDWI gradient,0.002930791904411262,0.5,,0.08333333333333331,0.8333333333333334,,0.16666666666666674,1.0,,0.0,,,
B,bolivia/tile156,225,12,constant score,0.05333333333333334,0.04888888888888889,,-0.3677777777777778,0.09777777777777778,,-0.5688888888888889,0.19999999999999998,,-0.8,,,
B,bolivia/tile156,225,12,control S2 patch variance,0.004170852401094727,0.25,,-0.16666666666666669,0.75,,0.08333333333333337,1.0,,0.0,,,
B,bolivia/tile156,225,12,control NDWI level,0.0032403845309265837,0.3333333333333333,,-0.08333333333333337,1.0,,0.33333333333333337,1.0,,0.0,,,
B,bolivia/tile159,225,3,confidence (baseline),0.0008170698670264478,0.6666666666666666,,0.0,1.0,,0.0,1.0,,0.0,,,
B,bolivia/tile159,225,3,tile-phase (aligned),0.0007976319519142314,0.3333333333333333,,-0.3333333333333333,1.0,,0.0,1.0,,0.0,,,
B,bolivia/tile159,225,3,boundary indicator,0.0005131862006708368,0.8666666666666667,,0.20000000000000007,1.0,,0.0,1.0,,0.0,,,
B,bolivia/tile159,225,3,control NDWI gradient,0.0007717275235898193,0.3333333333333333,,-0.3333333333333333,1.0,,0.0,1.0,,0.0,,,
B,bolivia/tile159,225,3,constant score,0.013333333333333334,0.04888888888888889,,-0.6177777777777778,0.09777777777777778,,-0.9022222222222223,0.19999999999999998,,-0.8,,,
B,bolivia/tile159,225,3,control S2 patch variance,0.0015164062339717164,0.3333333333333333,,-0.3333333333333333,0.6666666666666666,,-0.33333333333333337,1.0,,0.0,,,
B,bolivia/tile159,225,3,control NDWI level,0.0007968730310109783,0.6666666666666666,,0.0,1.0,,0.0,1.0,,0.0,,,
B,bolivia/tile163,225,8,confidence (baseline),0.002296912511606961,0.875,,0.0,0.875,,0.0,0.875,,0.0,,,
B,bolivia/tile163,225,8,tile-phase (aligned),0.0023347426767475967,0.5,,-0.375,0.875,,0.0,1.0,,0.125,,,
B,bolivia/tile163,225,8,boundary indicator,0.002706405909886272,0.4642857142857143,,-0.4107142857142857,0.703125,,-0.171875,0.9583333333333334,,0.08333333333333337,,,
B,bolivia/tile163,225,8,control NDWI gradient,0.0016845045000310076,0.625,,-0.25,0.875,,0.0,1.0,,0.125,,,
B,bolivia/tile163,225,8,constant score,0.035555555555555556,0.04888888888888889,,-0.8261111111111111,0.09777777777777778,,-0.7772222222222223,0.2,,-0.675,,,
B,bolivia/tile163,225,8,control S2 patch variance,0.004960982591463082,0.375,,-0.5,0.625,,-0.25,0.875,,0.0,,,
B,bolivia/tile163,225,8,control NDWI level,0.0012702719661634833,0.75,,-0.125,1.0,,0.125,1.0,,0.125,,,
B,bolivia/tile166,223,3,confidence (baseline),0.0007911418649341304,0.6666666666666666,,0.0,0.6666666666666666,,0.0,1.0,,0.0,,,
B,bolivia/tile166,223,3,tile-phase (aligned),0.00024360232086399498,1.0,,0.33333333333333337,1.0,,0.33333333333333337,1.0,,0.0,,,
B,bolivia/tile166,223,3,boundary indicator,0.00018235434043959085,1.0,,0.33333333333333337,1.0,,0.33333333333333337,1.0,,0.0,,,
B,bolivia/tile166,223,3,control NDWI gradient,0.00014140029251344345,1.0,,0.33333333333333337,1.0,,0.33333333333333337,1.0,,0.0,,,
B,bolivia/tile166,223,3,constant score,0.013452914798206282,0.04932735426008969,,-0.6173393124065769,0.09865470852017938,,-0.5680119581464873,0.20179372197309417,,-0.7982062780269058,,,
B,bolivia/tile166,223,3,control S2 patch variance,0.0003272279948430988,1.0,,0.33333333333333337,1.0,,0.33333333333333337,1.0,,0.0,,,
B,bolivia/tile166,223,3,control NDWI level,0.0003661824644665245,1.0,,0.33333333333333337,1.0,,0.33333333333333337,1.0,,0.0,,,
B,bolivia/tile168,225,13,confidence (baseline),0.004494949626315526,0.38461538461538464,,0.0,0.6923076923076923,,0.0,1.0,,0.0,,,
B,bolivia/tile168,225,13,tile-phase (aligned),0.005134333534759847,0.3076923076923077,,-0.07692307692307693,0.6923076923076923,,0.0,1.0,,0.0,,,
B,bolivia/tile168,225,13,boundary indicator,0.005325622293333885,0.34615384615384615,,-0.03846153846153849,0.6923076923076923,,0.0,0.9384615384615385,,-0.06153846153846154,,,
B,bolivia/tile168,225,13,control NDWI gradient,0.008737365037334823,0.23076923076923078,,-0.15384615384615385,0.38461538461538464,,-0.30769230769230765,0.7692307692307693,,-0.23076923076923073,,,
B,bolivia/tile168,225,13,constant score,0.05777777777777779,0.048888888888888885,,-0.33572649572649577,0.09777777777777777,,-0.5945299145299145,0.2,,-0.8,,,
B,bolivia/tile168,225,13,control S2 patch variance,0.018199488484999884,0.07692307692307693,,-0.3076923076923077,0.23076923076923078,,-0.4615384615384615,0.38461538461538464,,-0.6153846153846154,,,
B,bolivia/tile168,225,13,control NDWI level,0.028212372994268216,0.0,,-0.38461538461538464,0.0,,-0.6923076923076923,0.0,,-1.0,,,
B,bolivia/tile171,225,5,confidence (baseline),0.00054331343990796,0.8,,0.0,1.0,,0.0,1.0,,0.0,,,
B,bolivia/tile171,225,5,tile-phase (aligned),0.0004195624346123224,1.0,,0.19999999999999996,1.0,,0.0,1.0,,0.0,,,
B,bolivia/tile171,225,5,boundary indicator,0.001131612254321328,0.5285714285714286,,-0.27142857142857146,1.0,,0.0,1.0,,0.0,,,
B,bolivia/tile171,225,5,control NDWI gradient,0.0009338150448314281,0.6,,-0.20000000000000007,1.0,,0.0,1.0,,0.0,,,
B,bolivia/tile171,225,5,constant score,0.02222222222222222,0.048888888888888885,,-0.7511111111111112,0.09777777777777777,,-0.9022222222222223,0.2,,-0.8,,,
B,bolivia/tile171,225,5,control S2 patch variance,0.0013323978615498021,0.6,,-0.20000000000000007,0.8,,-0.19999999999999996,1.0,,0.0,,,
B,bolivia/tile171,225,5,control NDWI level,0.005800863396919651,0.0,,-0.8,0.0,,-1.0,0.0,,-1.0,,,
B,bolivia/tile174,111,11,confidence (baseline),0.020373734110235926,0.09090909090909091,,0.0,0.36363636363636365,,0.0,0.5454545454545454,,0.0,,,
B,bolivia/tile174,111,11,tile-phase (aligned),0.016289876884687,0.18181818181818182,,0.09090909090909091,0.2727272727272727,,-0.09090909090909094,0.7272727272727273,,0.18181818181818188,,,
B,bolivia/tile174,111,11,boundary indicator,0.040133799403644164,0.09090909090909091,,0.0,0.3181818181818182,,-0.04545454545454547,0.5606060606060607,,0.015151515151515249,,,
B,bolivia/tile174,111,11,control NDWI gradient,0.022982320113786196,0.18181818181818182,,0.09090909090909091,0.36363636363636365,,0.0,0.7272727272727273,,0.18181818181818188,,,
B,bolivia/tile174,111,11,constant score,0.09909909909909913,0.05405405405405406,,-0.036855036855036855,0.0990990990990991,,-0.26453726453726456,0.1981981981981982,,-0.34725634725634724,,,
B,bolivia/tile174,111,11,control S2 patch variance,0.07595123032629361,0.0,,-0.09090909090909091,0.18181818181818182,,-0.18181818181818182,0.36363636363636365,,-0.18181818181818177,,,
B,bolivia/tile174,111,11,control NDWI level,0.024983502210473154,0.0,,-0.09090909090909091,0.18181818181818182,,-0.18181818181818182,0.45454545454545453,,-0.09090909090909088,,,
B,bolivia/tile175,117,8,confidence (baseline),0.007333885861525627,0.375,,0.0,0.625,,0.0,0.875,,0.0,,,
B,bolivia/tile175,117,8,tile-phase (aligned),0.006955175139860473,0.375,,0.0,0.625,,0.0,1.0,,0.125,,,
B,bolivia/tile175,117,8,boundary indicator,0.00668595677769614,0.5,,0.125,0.75,,0.125,0.8809523809523809,,0.005952380952380931,,,
B,bolivia/tile175,117,8,control NDWI gradient,0.008640711909107542,0.25,,-0.125,0.375,,-0.25,0.75,,-0.125,,,
B,bolivia/tile175,117,8,constant score,0.06837606837606836,0.05128205128205128,,-0.32371794871794873,0.10256410256410256,,-0.5224358974358975,0.19658119658119658,,-0.6784188034188035,,,
B,bolivia/tile175,117,8,control S2 patch variance,0.01938517416950667,0.125,,-0.25,0.125,,-0.5,0.25,,-0.625,,,
B,bolivia/tile175,117,8,control NDWI level,0.007046283619307912,0.375,,0.0,0.75,,0.125,0.875,,0.0,,,
B,bolivia/tile177,225,15,confidence (baseline),0.0159620108319497,0.3333333333333333,,0.0,0.6,,0.0,0.6666666666666666,,0.0,,,
B,bolivia/tile177,225,15,tile-phase (aligned),0.007710555009000624,0.2,,-0.1333333333333333,0.6,,0.0,0.8666666666666667,,0.20000000000000007,,,
B,bolivia/tile177,225,15,boundary indicator,0.00805936119618106,0.2222222222222222,,-0.1111111111111111,0.48333333333333334,,-0.11666666666666664,0.9333333333333333,,0.2666666666666667,,,
B,bolivia/tile177,225,15,control NDWI gradient,0.011412266113430306,0.4,,0.06666666666666671,0.4666666666666667,,-0.1333333333333333,0.8,,0.13333333333333341,,,
B,bolivia/tile177,225,15,constant score,0.06666666666666665,0.048888888888888885,,-0.28444444444444444,0.09777777777777777,,-0.5022222222222222,0.2,,-0.4666666666666666,,,
B,bolivia/tile177,225,15,control S2 patch variance,0.014358611755037257,0.2,,-0.1333333333333333,0.4,,-0.19999999999999996,0.6666666666666666,,0.0,,,
B,bolivia/tile177,225,15,control NDWI level,0.01805688420682686,0.2,,-0.1333333333333333,0.4666666666666667,,-0.1333333333333333,0.6,,-0.06666666666666665,,,
B,bolivia/tile178,196,7,confidence (baseline),0.004649843026401874,0.5714285714285714,,0.0,0.5714285714285714,,0.0,0.7142857142857143,,0.0,,,
B,bolivia/tile178,196,7,tile-phase (aligned),0.00340965864072886,0.14285714285714285,,-0.42857142857142855,0.7142857142857143,,0.1428571428571429,1.0,,0.2857142857142857,,,
B,bolivia/tile178,196,7,boundary indicator,0.00283281539528563,0.5102040816326531,,-0.061224489795918324,0.7563025210084033,,0.18487394957983194,0.9196428571428571,,0.2053571428571428,,,
B,bolivia/tile178,196,7,control NDWI gradient,0.007011553312768222,0.2857142857142857,,-0.2857142857142857,0.42857142857142855,,-0.14285714285714285,0.5714285714285714,,-0.1428571428571429,,,
B,bolivia/tile178,196,7,constant score,0.035714285714285705,0.05102040816326531,,-0.5204081632653061,0.10204081632653061,,-0.4693877551020408,0.1989795918367347,,-0.5153061224489797,,,
B,bolivia/tile178,196,7,control S2 patch variance,0.019158159021399973,0.2857142857142857,,-0.2857142857142857,0.2857142857142857,,-0.2857142857142857,0.2857142857142857,,-0.4285714285714286,,,
B,bolivia/tile178,196,7,control NDWI level,0.005191765787364767,0.2857142857142857,,-0.2857142857142857,0.42857142857142855,,-0.14285714285714285,0.8571428571428571,,0.1428571428571428,,,
B,bolivia/tile180,225,13,confidence (baseline),0.003877392651886845,0.5384615384615384,,0.0,0.6923076923076923,,0.0,1.0,,0.0,,,
B,bolivia/tile180,225,13,tile-phase (aligned),0.0038437694830286847,0.38461538461538464,,-0.1538461538461538,0.7692307692307693,,0.07692307692307698,1.0,,0.0,,,
B,bolivia/tile180,225,13,boundary indicator,0.004738456689375665,0.34615384615384615,,-0.1923076923076923,0.6968325791855203,,0.004524886877828038,0.9945054945054945,,-0.005494505494505475,,,
B,bolivia/tile180,225,13,control NDWI gradient,0.007027685379551694,0.38461538461538464,,-0.1538461538461538,0.5384615384615384,,-0.15384615384615385,0.8461538461538461,,-0.15384615384615385,,,
B,bolivia/tile180,225,13,constant score,0.05777777777777779,0.048888888888888885,,-0.48957264957264957,0.09777777777777777,,-0.5945299145299145,0.2,,-0.8,,,
B,bolivia/tile180,225,13,control S2 patch variance,0.008544906954029274,0.5384615384615384,,0.0,0.5384615384615384,,-0.15384615384615385,0.8461538461538461,,-0.15384615384615385,,,
B,bolivia/tile180,225,13,control NDWI level,0.010962983903315748,0.15384615384615385,,-0.3846153846153846,0.3076923076923077,,-0.3846153846153846,0.7692307692307693,,-0.23076923076923073,,,
B,bolivia/tile181,225,10,confidence (baseline),0.0028787338341324424,0.5,,0.0,0.9,,0.0,1.0,,0.0,,,
B,bolivia/tile181,225,10,tile-phase (aligned),0.006727402619557983,0.5,,0.0,0.7,,-0.20000000000000007,0.7,,-0.30000000000000004,,,
B,bolivia/tile181,225,10,boundary indicator,0.020389457088063695,0.375,,-0.125,0.5333333333333333,,-0.3666666666666667,0.6452380952380953,,-0.3547619047619047,,,
B,bolivia/tile181,225,10,control NDWI gradient,0.002720648764951063,0.6,,0.09999999999999998,0.8,,-0.09999999999999998,1.0,,0.0,,,
B,bolivia/tile181,225,10,constant score,0.04444444444444444,0.048888888888888885,,-0.45111111111111113,0.09777777777777777,,-0.8022222222222223,0.2,,-0.8,,,
B,bolivia/tile181,225,10,control S2 patch variance,0.006677426954346671,0.5,,0.0,0.6,,-0.30000000000000004,0.8,,-0.19999999999999996,,,
B,bolivia/tile181,225,10,control NDWI level,0.00447705373321554,0.2,,-0.3,0.5,,-0.4,1.0,,0.0,,,
B,bolivia/tile182,159,23,confidence (baseline),0.028991750757241724,0.21739130434782608,,0.0,0.391304347826087,,0.0,0.6956521739130435,,0.0,,,
B,bolivia/tile182,159,23,tile-phase (aligned),0.026725418757341843,0.17391304347826086,,-0.043478260869565216,0.30434782608695654,,-0.08695652173913043,0.7391304347826086,,0.04347826086956519,,,
B,bolivia/tile182,159,23,boundary indicator,0.05036619052541001,0.266304347826087,,0.04891304347826089,0.39999999999999997,,0.008695652173912993,0.6782608695652174,,-0.017391304347826098,,,
B,bolivia/tile182,159,23,control NDWI gradient,0.06101393649715689,0.13043478260869565,,-0.08695652173913043,0.30434782608695654,,-0.08695652173913043,0.6086956521739131,,-0.08695652173913038,,,
B,bolivia/tile182,159,23,constant score,0.14465408805031446,0.05031446540880503,,-0.16707683893902106,0.10062893081761005,,-0.29067541700847693,0.2012578616352201,,-0.4943943122778234,,,
B,bolivia/tile182,159,23,control S2 patch variance,0.08733584617443998,0.08695652173913043,,-0.13043478260869565,0.17391304347826086,,-0.2173913043478261,0.34782608695652173,,-0.34782608695652173,,,
B,bolivia/tile182,159,23,control NDWI level,0.0560115786372081,0.17391304347826086,,-0.043478260869565216,0.43478260869565216,,0.04347826086956519,0.782608695652174,,0.08695652173913049,,,
B,bolivia/tile183,225,16,confidence (baseline),0.006619660078956261,0.375,,0.0,0.5625,,0.0,0.9375,,0.0,,,
B,bolivia/tile183,225,16,tile-phase (aligned),0.006902023239040497,0.4375,,0.0625,0.5625,,0.0,0.9375,,0.0,,,
B,bolivia/tile183,225,16,boundary indicator,0.005421208213289406,0.5625,,0.1875,0.8125,,0.25,0.90625,,-0.03125,,,
B,bolivia/tile183,225,16,control NDWI gradient,0.006680886516891738,0.4375,,0.0625,0.5625,,0.0,0.9375,,0.0,,,
B,bolivia/tile183,225,16,constant score,0.07111111111111111,0.04888888888888889,,-0.32611111111111113,0.09777777777777778,,-0.4647222222222222,0.2,,-0.7375,,,
B,bolivia/tile183,225,16,control S2 patch variance,0.06824084470216776,0.0,,-0.375,0.1875,,-0.375,0.375,,-0.5625,,,
B,bolivia/tile183,225,16,control NDWI level,0.003701220213960784,0.5,,0.125,0.875,,0.3125,1.0,,0.0625,,,
B,bolivia/tile184,225,20,confidence (baseline),0.010813528403493908,0.15,,0.0,0.4,,0.0,0.9,,0.0,,,
B,bolivia/tile184,225,20,tile-phase (aligned),0.011822536002713485,0.25,,0.1,0.5,,0.09999999999999998,0.8,,-0.09999999999999998,,,
B,bolivia/tile184,225,20,boundary indicator,0.03339764688518428,0.21000000000000002,,0.060000000000000026,0.5181818181818182,,0.11818181818181817,0.7357142857142857,,-0.16428571428571437,,,
B,bolivia/tile184,225,20,control NDWI gradient,0.029755651944259214,0.15,,0.0,0.35,,-0.050000000000000044,0.45,,-0.45,,,
B,bolivia/tile184,225,20,constant score,0.08888888888888888,0.048888888888888885,,-0.10111111111111111,0.09777777777777777,,-0.3022222222222223,0.2,,-0.7,,,
B,bolivia/tile184,225,20,control S2 patch variance,0.12173026320302598,0.05,,-0.09999999999999999,0.05,,-0.35000000000000003,0.05,,-0.85,,,
B,bolivia/tile184,225,20,control NDWI level,0.005948772084949463,0.4,,0.25,0.85,,0.44999999999999996,1.0,,0.09999999999999998,,,
B,bolivia/tile186,224,12,confidence (baseline),0.011461915861148479,0.3333333333333333,,0.0,0.5,,0.0,0.5833333333333334,,0.0,,,
B,bolivia/tile186,224,12,tile-phase (aligned),0.013091489397641588,0.25,,-0.08333333333333331,0.5,,0.0,0.8333333333333334,,0.25,,,
B,bolivia/tile186,224,12,boundary indicator,0.010818771840333698,0.4166666666666667,,0.08333333333333337,0.5745614035087719,,0.07456140350877194,0.8385416666666666,,0.25520833333333326,,,
B,bolivia/tile186,224,12,control NDWI gradient,0.010524556177213451,0.25,,-0.08333333333333331,0.4166666666666667,,-0.08333333333333331,0.75,,0.16666666666666663,,,
B,bolivia/tile186,224,12,constant score,0.05357142857142857,0.049107142857142856,,-0.28422619047619047,0.09821428571428571,,-0.4017857142857143,0.20089285714285712,,-0.3824404761904763,,,
B,bolivia/tile186,224,12,control S2 patch variance,0.0293803204014631,0.16666666666666666,,-0.16666666666666666,0.3333333333333333,,-0.16666666666666669,0.3333333333333333,,-0.25000000000000006,,,
B,bolivia/tile186,224,12,control NDWI level,0.0070056598508807895,0.4166666666666667,,0.08333333333333337,0.6666666666666666,,0.16666666666666663,0.8333333333333334,,0.25,,,
B,bolivia/tile187,225,8,confidence (baseline),0.001580353495116163,0.625,,0.0,0.875,,0.0,1.0,,0.0,,,
B,bolivia/tile187,225,8,tile-phase (aligned),0.001508526430172001,0.75,,0.125,0.875,,0.0,1.0,,0.0,,,
B,bolivia/tile187,225,8,boundary indicator,0.0030979460712399123,0.3382352941176471,,-0.2867647058823529,0.6617647058823529,,-0.21323529411764708,1.0,,0.0,,,
B,bolivia/tile187,225,8,control NDWI gradient,0.001741784066366714,0.5,,-0.125,0.875,,0.0,1.0,,0.0,,,
B,bolivia/tile187,225,8,constant score,0.035555555555555556,0.04888888888888889,,-0.5761111111111111,0.09777777777777778,,-0.7772222222222223,0.2,,-0.8,,,
B,bolivia/tile187,225,8,control S2 patch variance,0.010326197122728684,0.125,,-0.5,0.25,,-0.625,0.625,,-0.375,,,
B,bolivia/tile187,225,8,control NDWI level,0.0010463641942894768,0.875,,0.25,1.0,,0.125,1.0,,0.0,,,
B,bolivia/tile188,225,29,confidence (baseline),0.022043377464780467,0.1724137931034483,,0.0,0.3448275862068966,,0.0,0.7241379310344828,,0.0,,,
B,bolivia/tile188,225,29,tile-phase (aligned),0.025614771937888258,0.13793103448275862,,-0.03448275862068967,0.3103448275862069,,-0.03448275862068967,0.6551724137931034,,-0.06896551724137934,,,
B,bolivia/tile188,225,29,boundary indicator,0.03708637839113672,0.13793103448275862,,-0.03448275862068967,0.30387931034482757,,-0.040948275862069006,0.542649727767695,,-0.18148820326678772,,,
B,bolivia/tile188,225,29,control NDWI gradient,0.05108297028369449,0.13793103448275862,,-0.03448275862068967,0.1724137931034483,,-0.1724137931034483,0.41379310344827586,,-0.3103448275862069,,,
B,bolivia/tile188,225,29,constant score,0.12888888888888886,0.04888888888888889,,-0.12352490421455939,0.09777777777777778,,-0.24704980842911878,0.19999999999999998,,-0.5241379310344828,,,
B,bolivia/tile188,225,29,control S2 patch variance,0.05803039706140783,0.034482758620689655,,-0.13793103448275862,0.06896551724137931,,-0.27586206896551724,0.3103448275862069,,-0.41379310344827586,,,
B,bolivia/tile188,225,29,control NDWI level,0.017169109126098578,0.27586206896551724,,0.10344827586206895,0.5517241379310345,,0.2068965517241379,0.7586206896551724,,0.03448275862068961,,,
B,bolivia/tile189,46,29,confidence (baseline),0.6485020818460435,0.034482758620689655,,0.0,0.034482758620689655,,0.0,0.034482758620689655,,0.0,,,
B,bolivia/tile189,46,29,tile-phase (aligned),0.5411680791313893,0.0,,-0.034482758620689655,0.10344827586206896,,0.06896551724137931,0.2413793103448276,,0.20689655172413796,,,
B,bolivia/tile189,46,29,boundary indicator,0.674311426700526,0.017241379310344827,,-0.017241379310344827,0.07210031347962383,,0.03761755485893417,0.14733542319749218,,0.11285266457680253,,,
B,bolivia/tile189,46,29,control NDWI gradient,0.5642053865960603,0.0,,-0.034482758620689655,0.10344827586206896,,0.06896551724137931,0.2413793103448276,,0.20689655172413796,,,
B,bolivia/tile189,46,29,constant score,0.6304347826086957,0.043478260869565216,,0.008995502248875561,0.10869565217391304,,0.07421289355322339,0.1956521739130435,,0.16116941529235385,,,
B,bolivia/tile189,46,29,control S2 patch variance,0.5500368938049989,0.06896551724137931,,0.034482758620689655,0.10344827586206896,,0.06896551724137931,0.20689655172413793,,0.1724137931034483,,,
B,bolivia/tile189,46,29,control NDWI level,0.6484156386983195,0.06896551724137931,,0.034482758620689655,0.1724137931034483,,0.13793103448275862,0.3103448275862069,,0.27586206896551724,,,
B,bolivia/tile190,190,29,confidence (baseline),0.026582656416171697,0.20689655172413793,,0.0,0.3793103448275862,,0.0,0.6896551724137931,,0.0,,,
B,bolivia/tile190,190,29,tile-phase (aligned),0.03419599265991948,0.1724137931034483,,-0.03448275862068964,0.27586206896551724,,-0.10344827586206895,0.5862068965517241,,-0.10344827586206906,,,
B,bolivia/tile190,190,29,boundary indicator,0.039047916979236215,0.21839080459770113,,0.011494252873563204,0.39901477832512317,,0.019704433497536977,0.5871143375680581,,-0.10254083484573506,,,
B,bolivia/tile190,190,29,control NDWI gradient,0.03713117255591221,0.13793103448275862,,-0.06896551724137931,0.3103448275862069,,-0.06896551724137928,0.5862068965517241,,-0.10344827586206906,,,
B,bolivia/tile190,190,29,constant score,0.15263157894736842,0.052631578947368425,,-0.1542649727767695,0.09999999999999999,,-0.2793103448275862,0.19999999999999998,,-0.4896551724137932,,,
B,bolivia/tile190,190,29,control S2 patch variance,0.10559269906932817,0.10344827586206896,,-0.10344827586206896,0.2413793103448276,,-0.1379310344827586,0.3793103448275862,,-0.31034482758620696,,,
B,bolivia/tile190,190,29,control NDWI level,0.02523759681956053,0.20689655172413793,,0.0,0.3793103448275862,,0.0,0.7241379310344828,,0.03448275862068961,,,
B,bolivia/tile191,225,9,confidence (baseline),0.0027624083996332744,0.4444444444444444,,0.0,0.6666666666666666,,0.0,1.0,,0.0,,,
B,bolivia/tile191,225,9,tile-phase (aligned),0.0028087711678344302,0.4444444444444444,,0.0,0.8888888888888888,,0.2222222222222222,1.0,,0.0,,,
B,bolivia/tile191,225,9,boundary indicator,0.001054132363834968,0.8888888888888888,,0.4444444444444444,1.0,,0.33333333333333337,1.0,,0.0,,,
B,bolivia/tile191,225,9,control NDWI gradient,0.0037829922380011017,0.4444444444444444,,0.0,0.5555555555555556,,-0.11111111111111105,0.8888888888888888,,-0.11111111111111116,,,
B,bolivia/tile191,225,9,constant score,0.04,0.04888888888888889,,-0.39555555555555555,0.09777777777777778,,-0.5688888888888889,0.2,,-0.8,,,
B,bolivia/tile191,225,9,control S2 patch variance,0.016537553156927405,0.1111111111111111,,-0.3333333333333333,0.2222222222222222,,-0.4444444444444444,0.4444444444444444,,-0.5555555555555556,,,
B,bolivia/tile191,225,9,control NDWI level,0.0012734880718379073,0.8888888888888888,,0.4444444444444444,1.0,,0.33333333333333337,1.0,,0.0,,,
B,bolivia/tile192,225,26,confidence (baseline),0.024924111660626996,0.2692307692307692,,0.0,0.5,,0.0,0.6538461538461539,,0.0,,,
B,bolivia/tile192,225,26,tile-phase (aligned),0.020393972522443068,0.11538461538461539,,-0.15384615384615383,0.2692307692307692,,-0.23076923076923078,0.7307692307692307,,0.07692307692307687,,,
B,bolivia/tile192,225,26,boundary indicator,0.026356962155265073,0.21794871794871795,,-0.051282051282051266,0.32234432234432236,,-0.17765567765567764,0.645748987854251,,-0.0080971659919028,,,
B,bolivia/tile192,225,26,control NDWI gradient,0.028988838738790244,0.19230769230769232,,-0.0769230769230769,0.3076923076923077,,-0.1923076923076923,0.5,,-0.15384615384615385,,,
B,bolivia/tile192,225,26,constant score,0.11555555555555558,0.048888888888888885,,-0.22034188034188035,0.09777777777777777,,-0.40222222222222226,0.2,,-0.45384615384615384,,,
B,bolivia/tile192,225,26,control S2 patch variance,0.05786308634011499,0.0,,-0.2692307692307692,0.038461538461538464,,-0.46153846153846156,0.3076923076923077,,-0.34615384615384615,,,
B,bolivia/tile192,225,26,control NDWI level,0.015470895427083868,0.3076923076923077,,0.03846153846153849,0.5384615384615384,,0.038461538461538436,0.8076923076923077,,0.15384615384615385,,,
B,bolivia/tile193,92,14,confidence (baseline),0.03712744032917375,0.14285714285714285,,0.0,0.35714285714285715,,0.0,0.6428571428571429,,0.0,,,
B,bolivia/tile193,92,14,tile-phase (aligned),0.03507734508163536,0.21428571428571427,,0.07142857142857142,0.42857142857142855,,0.0714285714285714,0.7142857142857143,,0.0714285714285714,,,
B,bolivia/tile193,92,14,boundary indicator,0.06005611697311626,0.21428571428571427,,0.07142857142857142,0.37755102040816324,,0.02040816326530609,0.5779220779220778,,-0.06493506493506507,,,
B,bolivia/tile193,92,14,control NDWI gradient,0.024508561061233825,0.35714285714285715,,0.2142857142857143,0.42857142857142855,,0.0714285714285714,0.6428571428571429,,0.0,,,
B,bolivia/tile193,92,14,constant score,0.15217391304347827,0.05434782608695653,,-0.08850931677018632,0.09782608695652174,,-0.2593167701863354,0.1956521739130435,,-0.44720496894409945,,,
B,bolivia/tile193,92,14,control S2 patch variance,0.1529262946723416,0.0,,-0.14285714285714285,0.0,,-0.35714285714285715,0.21428571428571427,,-0.4285714285714286,,,
B,bolivia/tile193,92,14,control NDWI level,0.027682215703669518,0.35714285714285715,,0.2142857142857143,0.5714285714285714,,0.21428571428571425,0.7142857142857143,,0.0714285714285714,,,
B,bolivia/tile194,225,9,confidence (baseline),0.004405618306288046,0.2222222222222222,,0.0,0.7777777777777778,,0.0,0.8888888888888888,,0.0,,,
B,bolivia/tile194,225,9,tile-phase (aligned),0.0023788005565750993,0.6666666666666666,,0.4444444444444444,0.8888888888888888,,0.11111111111111105,0.8888888888888888,,0.0,,,
B,bolivia/tile194,225,9,boundary indicator,0.0011834602651526797,0.8888888888888888,,0.6666666666666666,0.9722222222222222,,0.19444444444444442,1.0,,0.11111111111111116,,,
B,bolivia/tile194,225,9,control NDWI gradient,0.001875353794803062,0.7777777777777778,,0.5555555555555556,0.7777777777777778,,0.0,1.0,,0.11111111111111116,,,
B,bolivia/tile194,225,9,constant score,0.04,0.04888888888888889,,-0.1733333333333333,0.09777777777777778,,-0.68,0.2,,-0.6888888888888889,,,
B,bolivia/tile194,225,9,control S2 patch variance,0.019237103532516498,0.0,,-0.2222222222222222,0.3333333333333333,,-0.4444444444444445,0.6666666666666666,,-0.2222222222222222,,,
B,bolivia/tile194,225,9,control NDWI level,0.0011683270774476456,0.8888888888888888,,0.6666666666666666,1.0,,0.2222222222222222,1.0,,0.11111111111111116,,,
B,bolivia/tile195,225,19,confidence (baseline),0.008662334386439824,0.3684210526315789,,0.0,0.5789473684210527,,0.0,0.8421052631578947,,0.0,,,
B,bolivia/tile195,225,19,tile-phase (aligned),0.008699939805391606,0.2631578947368421,,-0.10526315789473684,0.6842105263157895,,0.10526315789473684,0.9473684210526315,,0.10526315789473684,,,
B,bolivia/tile195,225,19,boundary indicator,0.0146468400545614,0.2822966507177033,,-0.0861244019138756,0.492822966507177,,-0.08612440191387566,0.9022556390977443,,0.06015037593984962,,,
B,bolivia/tile195,225,19,control NDWI gradient,0.017564202952284388,0.15789473684210525,,-0.21052631578947367,0.42105263157894735,,-0.1578947368421053,0.631578947368421,,-0.21052631578947367,,,
B,bolivia/tile195,225,19,constant score,0.08444444444444445,0.04888888888888889,,-0.31953216374269006,0.09777777777777778,,-0.48116959064327486,0.19999999999999998,,-0.6421052631578947,,,
B,bolivia/tile195,225,19,control S2 patch variance,0.05752387481451284,0.0,,-0.3684210526315789,0.0,,-0.5789473684210527,0.05263157894736842,,-0.7894736842105263,,,
B,bolivia/tile195,225,19,control NDWI level,0.004933429125563812,0.5263157894736842,,0.15789473684210525,0.7894736842105263,,0.21052631578947367,1.0,,0.1578947368421053,,,
B,bolivia/tile196,225,13,confidence (baseline),0.004605557946135301,0.3076923076923077,,0.0,0.6923076923076923,,0.0,1.0,,0.0,,,
B,bolivia/tile196,225,13,tile-phase (aligned),0.0060791567297494116,0.23076923076923078,,-0.07692307692307693,0.46153846153846156,,-0.23076923076923073,0.9230769230769231,,-0.07692307692307687,,,
B,bolivia/tile196,225,13,boundary indicator,0.05377722888597251,0.15384615384615385,,-0.15384615384615385,0.15799396681749622,,-0.5343137254901961,0.25339366515837103,,-0.746606334841629,,,
B,bolivia/tile196,225,13,control NDWI gradient,0.007889770323191799,0.23076923076923078,,-0.07692307692307693,0.46153846153846156,,-0.23076923076923073,0.8461538461538461,,-0.15384615384615385,,,
B,bolivia/tile196,225,13,constant score,0.05777777777777779,0.048888888888888885,,-0.25880341880341884,0.09777777777777777,,-0.5945299145299145,0.2,,-0.8,,,
B,bolivia/tile196,225,13,control S2 patch variance,0.008563016515238763,0.15384615384615385,,-0.15384615384615385,0.3076923076923077,,-0.3846153846153846,0.8461538461538461,,-0.15384615384615385,,,
B,bolivia/tile196,225,13,control NDWI level,0.005505426743086504,0.3076923076923077,,0.0,0.6153846153846154,,-0.07692307692307687,0.9230769230769231,,-0.07692307692307687,,,
B,bolivia/tile197,154,42,confidence (baseline),0.07876156355523281,0.16666666666666666,,0.0,0.21428571428571427,,0.0,0.47619047619047616,,0.0,,,
B,bolivia/tile197,154,42,tile-phase (aligned),0.08617694449298303,0.047619047619047616,,-0.11904761904761904,0.19047619047619047,,-0.023809523809523808,0.47619047619047616,,0.0,,,
B,bolivia/tile197,154,42,boundary indicator,0.20524493989516937,0.023809523809523808,,-0.14285714285714285,0.09863945578231291,,-0.11564625850340136,0.28125,,-0.19494047619047616,,,
B,bolivia/tile197,154,42,control NDWI gradient,0.08324417241701523,0.16666666666666666,,0.0,0.2857142857142857,,0.07142857142857142,0.5,,0.023809523809523836,,,
B,bolivia/tile197,154,42,constant score,0.2727272727272727,0.051948051948051945,,-0.11471861471861472,0.09740259740259741,,-0.11688311688311687,0.2012987012987013,,-0.27489177489177485,,,
B,bolivia/tile197,154,42,control S2 patch variance,0.14347266880308615,0.09523809523809523,,-0.07142857142857142,0.14285714285714285,,-0.07142857142857142,0.30952380952380953,,-0.16666666666666663,,,
B,bolivia/tile197,154,42,control NDWI level,0.20644182618815776,0.14285714285714285,,-0.023809523809523808,0.23809523809523808,,0.023809523809523808,0.5238095238095238,,0.04761904761904767,,,
B,bolivia/tile199,200,10,confidence (baseline),0.002299036660588847,0.8,,0.0,0.8,,0.0,1.0,,0.0,,,
B,bolivia/tile199,200,10,tile-phase (aligned),0.0024111859568415983,0.9,,0.09999999999999998,0.9,,0.09999999999999998,0.9,,-0.09999999999999998,,,
B,bolivia/tile199,200,10,boundary indicator,0.05,0.05,,-0.75,0.1,,-0.7000000000000001,0.2,,-0.8,,,
B,bolivia/tile199,200,10,control NDWI gradient,0.0033751163388768875,0.6,,-0.20000000000000007,0.8,,0.0,1.0,,0.0,,,
B,bolivia/tile199,200,10,constant score,0.05,0.05,,-0.75,0.1,,-0.7000000000000001,0.2,,-0.8,,,
B,bolivia/tile199,200,10,control S2 patch variance,0.0026746155736523058,0.5,,-0.30000000000000004,0.9,,0.09999999999999998,1.0,,0.0,,,
B,bolivia/tile199,200,10,control NDWI level,0.005396396472825875,0.2,,-0.6000000000000001,0.5,,-0.30000000000000004,1.0,,0.0,,,
B,bolivia/tile200,225,43,confidence (baseline),0.05942863526176725,0.13953488372093023,,0.0,0.23255813953488372,,0.0,0.4418604651162791,,0.0,,,
B,bolivia/tile200,225,43,tile-phase (aligned),0.060217501825084695,0.16279069767441862,,0.023255813953488386,0.32558139534883723,,0.09302325581395351,0.5348837209302325,,0.09302325581395343,,,
B,bolivia/tile200,225,43,boundary indicator,0.10448631062024263,0.09302325581395349,,-0.046511627906976744,0.16279069767441862,,-0.0697674418604651,0.3521594684385382,,-0.0897009966777409,,,
B,bolivia/tile200,225,43,control NDWI gradient,0.05742690774665227,0.09302325581395349,,-0.046511627906976744,0.23255813953488372,,0.0,0.5348837209302325,,0.09302325581395343,,,
B,bolivia/tile200,225,43,constant score,0.19111111111111112,0.04888888888888889,,-0.09064599483204133,0.09777777777777778,,-0.13478036175710595,0.19999999999999998,,-0.2418604651162791,,,
B,bolivia/tile200,225,43,control S2 patch variance,0.07914925762180625,0.13953488372093023,,0.0,0.20930232558139536,,-0.023255813953488358,0.3488372093023256,,-0.09302325581395349,,,
B,bolivia/tile200,225,43,control NDWI level,0.04091714829864301,0.16279069767441862,,0.023255813953488386,0.3488372093023256,,0.11627906976744187,0.627906976744186,,0.18604651162790697,,,
B,bolivia/tile206,225,73,confidence (baseline),0.08940760130818445,0.1095890410958904,,0.0,0.2054794520547945,,0.0,0.4657534246575342,,0.0,,,
B,bolivia/tile206,225,73,tile-phase (aligned),0.09953467310525077,0.0273972602739726,,-0.0821917808219178,0.1780821917808219,,-0.0273972602739726,0.3972602739726027,,-0.0684931506849315,,,
B,bolivia/tile206,225,73,boundary indicator,0.30818771273355033,0.011741682974559686,,-0.09784735812133072,0.08806262230919766,,-0.11741682974559685,0.24955330553901134,,-0.21620011911852288,,,
B,bolivia/tile206,225,73,control NDWI gradient,0.3106839082289644,0.0547945205479452,,-0.0547945205479452,0.1506849315068493,,-0.0547945205479452,0.2876712328767123,,-0.1780821917808219,,,
B,bolivia/tile206,225,73,constant score,0.3244444444444444,0.04888888888888889,,-0.06070015220700151,0.09777777777777778,,-0.10770167427701673,0.19999999999999998,,-0.26575342465753427,,,
B,bolivia/tile206,225,73,control S2 patch variance,0.21034638138515788,0.0547945205479452,,-0.0547945205479452,0.1095890410958904,,-0.0958904109589041,0.3013698630136986,,-0.1643835616438356,,,
B,bolivia/tile206,225,73,control NDWI level,0.2350252013334177,0.0410958904109589,,-0.0684931506849315,0.1095890410958904,,-0.0958904109589041,0.2191780821917808,,-0.2465753424657534,,,
B,bolivia/tile207,225,71,confidence (baseline),0.11338505766934431,0.08450704225352113,,0.0,0.15492957746478872,,0.0,0.352112676056338,,0.0,,,
B,bolivia/tile207,225,71,tile-phase (aligned),0.12657025749924006,0.09859154929577464,,0.014084507042253516,0.15492957746478872,,0.0,0.323943661971831,,-0.028169014084507005,,,
B,bolivia/tile207,225,71,boundary indicator,0.2642678293322124,0.040973111395646605,,-0.04353393085787452,0.10115236875800256,,-0.053777208706786164,0.2605633802816901,,-0.09154929577464788,,,
B,bolivia/tile207,225,71,control NDWI gradient,0.18204057652896077,0.11267605633802817,,0.028169014084507046,0.2112676056338028,,0.05633802816901409,0.38028169014084506,,0.02816901408450706,,,
B,bolivia/tile207,225,71,constant score,0.31555555555555553,0.048888888888888885,,-0.03561815336463224,0.09777777777777777,,-0.05715179968701095,0.19999999999999998,,-0.15211267605633802,,,
B,bolivia/tile207,225,71,control S2 patch variance,0.1783248159404557,0.056338028169014086,,-0.02816901408450704,0.14084507042253522,,-0.014084507042253502,0.323943661971831,,-0.028169014084507005,,,
B,bolivia/tile207,225,71,control NDWI level,0.2162440488490006,0.014084507042253521,,-0.07042253521126761,0.014084507042253521,,-0.1408450704225352,0.14084507042253522,,-0.21126760563380279,,,
B,bolivia/tile208,225,41,confidence (baseline),0.047156525424056996,0.0975609756097561,,0.0,0.21951219512195122,,0.0,0.4878048780487805,,0.0,,,
B,bolivia/tile208,225,41,tile-phase (aligned),0.05831720717653071,0.12195121951219512,,0.02439024390243902,0.1951219512195122,,-0.02439024390243902,0.4634146341463415,,-0.02439024390243899,,,
B,bolivia/tile208,225,41,boundary indicator,0.10037733839305796,0.09568480300187618,,-0.0018761726078799223,0.21951219512195122,,0.0,0.35550628233555065,,-0.13229859571322983,,,
B,bolivia/tile208,225,41,control NDWI gradient,0.08865537579248484,0.14634146341463414,,0.04878048780487804,0.17073170731707318,,-0.04878048780487804,0.2682926829268293,,-0.2195121951219512,,,
B,bolivia/tile208,225,41,constant score,0.18222222222222226,0.048888888888888885,,-0.048672086720867216,0.09777777777777777,,-0.12173441734417345,0.19999999999999998,,-0.2878048780487805,,,
B,bolivia/tile208,225,41,control S2 patch variance,0.17374902208570725,0.17073170731707318,,0.07317073170731708,0.1951219512195122,,-0.02439024390243902,0.21951219512195122,,-0.2682926829268293,,,
B,bolivia/tile208,225,41,control NDWI level,0.07581704324229781,0.0,,-0.0975609756097561,0.024390243902439025,,-0.1951219512195122,0.17073170731707318,,-0.31707317073170727,,,
B,bolivia/tile209,225,40,confidence (baseline),0.053808669837125254,0.075,,0.0,0.3,,0.0,0.525,,0.0,,,
B,bolivia/tile209,225,40,tile-phase (aligned),0.06088580184381278,0.05,,-0.024999999999999994,0.175,,-0.125,0.475,,-0.050000000000000044,,,
B,bolivia/tile209,225,40,boundary indicator,0.07260290101994883,0.08333333333333333,,0.008333333333333331,0.16590909090909092,,-0.13409090909090907,0.35666666666666663,,-0.1683333333333334,,,
B,bolivia/tile209,225,40,control NDWI gradient,0.09735078980098778,0.125,,0.05,0.2,,-0.09999999999999998,0.275,,-0.25,,,
B,bolivia/tile209,225,40,constant score,0.17777777777777776,0.048888888888888885,,-0.026111111111111113,0.09777777777777777,,-0.20222222222222222,0.2,,-0.325,,,
B,bolivia/tile209,225,40,control S2 patch variance,0.13078599926674112,0.075,,0.0,0.15,,-0.15,0.3,,-0.22500000000000003,,,
B,bolivia/tile209,225,40,control NDWI level,0.04275558256673619,0.05,,-0.024999999999999994,0.125,,-0.175,0.475,,-0.050000000000000044,,,
B,bolivia/tile210,225,64,confidence (baseline),0.08343811060137948,0.125,,0.0,0.25,,0.0,0.53125,,0.0,,,
B,bolivia/tile210,225,64,tile-phase (aligned),0.07780347346697337,0.109375,,-0.015625,0.265625,,0.015625,0.546875,,0.015625,,,
B,bolivia/tile210,225,64,boundary indicator,0.2512003270432631,0.08203125,,-0.04296875,0.19921875,,-0.05078125,0.3003731343283582,,-0.23087686567164178,,,
B,bolivia/tile210,225,64,control NDWI gradient,0.2765738150000279,0.03125,,-0.09375,0.109375,,-0.140625,0.171875,,-0.359375,,,
B,bolivia/tile210,225,64,constant score,0.28444444444444444,0.04888888888888889,,-0.0761111111111111,0.09777777777777778,,-0.1522222222222222,0.2,,-0.33125,,,
B,bolivia/tile210,225,64,control S2 patch variance,0.1358483233214997,0.046875,,-0.078125,0.109375,,-0.140625,0.296875,,-0.234375,,,
B,bolivia/tile210,225,64,control NDWI level,0.42952197747262616,0.015625,,-0.109375,0.03125,,-0.21875,0.03125,,-0.5,,,
B,bolivia/tile211,225,112,confidence (baseline),0.36309544030187074,0.05357142857142857,,0.0,0.11607142857142858,,0.0,0.24107142857142858,,0.0,,,
B,bolivia/tile211,225,112,tile-phase (aligned),0.35278605944526853,0.017857142857142856,,-0.03571428571428571,0.07142857142857142,,-0.04464285714285715,0.22321428571428573,,-0.01785714285714285,,,
B,bolivia/tile211,225,112,boundary indicator,0.46150388827828387,0.02040816326530612,,-0.033163265306122444,0.0625,,-0.053571428571428575,0.16410098522167488,,-0.0769704433497537,,,
B,bolivia/tile211,225,112,control NDWI gradient,0.3481011291300523,0.05357142857142857,,0.0,0.10714285714285714,,-0.008928571428571438,0.25892857142857145,,0.017857142857142877,,,
B,bolivia/tile211,225,112,constant score,0.49777777777777765,0.048888888888888885,,-0.004682539682539684,0.09777777777777777,,-0.018293650793650806,0.19999999999999998,,-0.04107142857142859,,,
B,bolivia/tile211,225,112,control S2 patch variance,0.43203266589740125,0.017857142857142856,,-0.03571428571428571,0.0625,,-0.053571428571428575,0.14285714285714285,,-0.09821428571428573,,,
B,bolivia/tile211,225,112,control NDWI level,0.29336267867193705,0.0,,-0.05357142857142857,0.044642857142857144,,-0.07142857142857142,0.17857142857142858,,-0.0625,,,
B,bolivia/tile212,225,99,confidence (baseline),0.20941978249542767,0.0707070707070707,,0.0,0.15151515151515152,,0.0,0.2727272727272727,,0.0,,,
B,bolivia/tile212,225,99,tile-phase (aligned),0.23767948338071457,0.04040404040404041,,-0.030303030303030297,0.10101010101010101,,-0.05050505050505051,0.21212121212121213,,-0.06060606060606058,,,
B,bolivia/tile212,225,99,boundary indicator,0.3862462417548791,0.021645021645021644,,-0.04906204906204906,0.09090909090909091,,-0.06060606060606061,0.22913343965975547,,-0.04359383306751724,,,
B,bolivia/tile212,225,99,control NDWI gradient,0.2838179333287603,0.0707070707070707,,0.0,0.1414141414141414,,-0.01010101010101011,0.2727272727272727,,0.0,,,
B,bolivia/tile212,225,99,constant score,0.4400000000000001,0.048888888888888885,,-0.02181818181818182,0.09777777777777777,,-0.05373737373737375,0.2,,-0.0727272727272727,,,
B,bolivia/tile212,225,99,control S2 patch variance,0.5940298155577591,0.0,,-0.0707070707070707,0.020202020202020204,,-0.13131313131313133,0.06060606060606061,,-0.2121212121212121,,,
B,bolivia/tile212,225,99,control NDWI level,0.12843418254607258,0.1111111111111111,,0.0404040404040404,0.2222222222222222,,0.07070707070707069,0.43434343434343436,,0.16161616161616166,,,
B,bolivia/tile213,225,80,confidence (baseline),0.145122795683806,0.075,,0.0,0.1375,,0.0,0.3,,0.0,,,
B,bolivia/tile213,225,80,tile-phase (aligned),0.15910041462402016,0.0625,,-0.012499999999999997,0.1375,,0.0,0.325,,0.025000000000000022,,,
B,bolivia/tile213,225,80,boundary indicator,0.30030374720847824,0.03375,,-0.041249999999999995,0.10892857142857144,,-0.028571428571428567,0.30625,,0.006250000000000033,,,
B,bolivia/tile213,225,80,control NDWI gradient,0.2648486265719407,0.0875,,0.012499999999999997,0.1375,,0.0,0.3,,0.0,,,
B,bolivia/tile213,225,80,constant score,0.3555555555555555,0.048888888888888885,,-0.026111111111111113,0.09777777777777777,,-0.03972222222222224,0.2,,-0.09999999999999998,,,
B,bolivia/tile213,225,80,control S2 patch variance,0.24793896193233841,0.0625,,-0.012499999999999997,0.0875,,-0.05000000000000002,0.175,,-0.125,,,
B,bolivia/tile213,225,80,control NDWI level,0.17167164177820307,0.1375,,0.06250000000000001,0.2375,,0.09999999999999998,0.425,,0.125,,,
B,bolivia/tile214,225,37,confidence (baseline),0.041383955798817436,0.10810810810810811,,0.0,0.24324324324324326,,0.0,0.5675675675675675,,0.0,,,
B,bolivia/tile214,225,37,tile-phase (aligned),0.052434246398241804,0.1891891891891892,,0.08108108108108109,0.35135135135135137,,0.10810810810810811,0.5945945945945946,,0.027027027027027084,,,
B,bolivia/tile214,225,37,boundary indicator,0.07071579417566942,0.1711711711711712,,0.06306306306306309,0.2594594594594595,,0.016216216216216217,0.47665847665847666,,-0.09090909090909088,,,
B,bolivia/tile214,225,37,control NDWI gradient,0.053264459244933185,0.16216216216216217,,0.05405405405405406,0.2972972972972973,,0.05405405405405406,0.5945945945945946,,0.027027027027027084,,,
B,bolivia/tile214,225,37,constant score,0.16444444444444445,0.04888888888888889,,-0.05921921921921922,0.09777777777777778,,-0.14546546546546546,0.2,,-0.36756756756756753,,,
B,bolivia/tile214,225,37,control S2 patch variance,0.0991651801186117,0.05405405405405406,,-0.05405405405405406,0.24324324324324326,,0.0,0.43243243243243246,,-0.1351351351351351,,,
B,bolivia/tile214,225,37,control NDWI level,0.06859976495938645,0.08108108108108109,,-0.02702702702702703,0.10810810810810811,,-0.13513513513513514,0.24324324324324326,,-0.3243243243243243,,,
B,bolivia/tile215,225,46,confidence (baseline),0.08056226621626489,0.10869565217391304,,0.0,0.1956521739130435,,0.0,0.41304347826086957,,0.0,,,
B,bolivia/tile215,225,46,tile-phase (aligned),0.06390585438986011,0.15217391304347827,,0.04347826086956523,0.2391304347826087,,0.043478260869565216,0.3695652173913043,,-0.043478260869565244,,,
B,bolivia/tile215,225,46,boundary indicator,0.060131809887227765,0.18695652173913044,,0.0782608695652174,0.33043478260869563,,0.13478260869565215,0.5565217391304348,,0.14347826086956522,,,
B,bolivia/tile215,225,46,control NDWI gradient,0.0820940823055301,0.17391304347826086,,0.06521739130434782,0.21739130434782608,,0.021739130434782594,0.34782608695652173,,-0.06521739130434784,,,
B,bolivia/tile215,225,46,constant score,0.20444444444444446,0.048888888888888885,,-0.059806763285024156,0.09777777777777777,,-0.09787439613526572,0.19999999999999998,,-0.21304347826086958,,,
B,bolivia/tile215,225,46,control S2 patch variance,0.2632882818654263,0.021739130434782608,,-0.08695652173913043,0.043478260869565216,,-0.15217391304347827,0.17391304347826086,,-0.2391304347826087,,,
B,bolivia/tile215,225,46,control NDWI level,0.03366918391469616,0.06521739130434782,,-0.043478260869565216,0.30434782608695654,,0.10869565217391305,0.7391304347826086,,0.3260869565217391,,,
B,bolivia/tile216,225,30,confidence (baseline),0.019246854107647204,0.23333333333333334,,0.0,0.4,,0.0,0.8666666666666667,,0.0,,,
B,bolivia/tile216,225,30,tile-phase (aligned),0.039786539283035736,0.13333333333333333,,-0.1,0.16666666666666666,,-0.23333333333333336,0.36666666666666664,,-0.5,,,
B,bolivia/tile216,225,30,boundary indicator,0.08896752964772973,0.1,,-0.13333333333333333,0.23148148148148148,,-0.16851851851851854,0.4634920634920635,,-0.4031746031746032,,,
B,bolivia/tile216,225,30,control NDWI gradient,0.045084279508192784,0.13333333333333333,,-0.1,0.16666666666666666,,-0.23333333333333336,0.3333333333333333,,-0.5333333333333334,,,
B,bolivia/tile216,225,30,constant score,0.1333333333333333,0.048888888888888885,,-0.18444444444444447,0.09777777777777777,,-0.3022222222222223,0.2,,-0.6666666666666667,,,
B,bolivia/tile216,225,30,control S2 patch variance,0.05122680777452298,0.1,,-0.13333333333333333,0.13333333333333333,,-0.2666666666666667,0.2,,-0.6666666666666667,,,
B,bolivia/tile216,225,30,control NDWI level,0.0300600014716234,0.0,,-0.23333333333333334,0.13333333333333333,,-0.2666666666666667,0.5666666666666667,,-0.30000000000000004,,,
B,bolivia/tile217,225,48,confidence (baseline),0.09780570982967912,0.08333333333333333,,0.0,0.14583333333333334,,0.0,0.3333333333333333,,0.0,,,
B,bolivia/tile217,225,48,tile-phase (aligned),0.07522286426280089,0.041666666666666664,,-0.041666666666666664,0.16666666666666666,,0.020833333333333315,0.4583333333333333,,0.125,,,
B,bolivia/tile217,225,48,boundary indicator,0.1393552282760867,0.10416666666666667,,0.020833333333333343,0.22916666666666666,,0.08333333333333331,0.4527777777777778,,0.11944444444444446,,,
B,bolivia/tile217,225,48,control NDWI gradient,0.05715604617225422,0.125,,0.04166666666666667,0.1875,,0.04166666666666666,0.4583333333333333,,0.125,,,
B,bolivia/tile217,225,48,constant score,0.21333333333333335,0.04888888888888889,,-0.03444444444444444,0.09777777777777778,,-0.04805555555555556,0.19999999999999998,,-0.13333333333333333,,,
B,bolivia/tile217,225,48,control S2 patch variance,0.08362180870691513,0.020833333333333332,,-0.0625,0.14583333333333334,,0.0,0.375,,0.041666666666666685,,,
B,bolivia/tile217,225,48,control NDWI level,0.04171469028615444,0.125,,0.04166666666666667,0.22916666666666666,,0.08333333333333331,0.6041666666666666,,0.2708333333333333,,,
B,bolivia/tile218,225,60,confidence (baseline),0.09211619501927928,0.11666666666666667,,0.0,0.23333333333333334,,0.0,0.38333333333333336,,0.0,,,
B,bolivia/tile218,225,60,tile-phase (aligned),0.08258724125445036,0.11666666666666667,,0.0,0.23333333333333334,,0.0,0.45,,0.06666666666666665,,,
B,bolivia/tile218,225,60,boundary indicator,0.20005868409595215,0.10833333333333334,,-0.008333333333333331,0.20185185185185184,,-0.0314814814814815,0.3944444444444445,,0.011111111111111127,,,
B,bolivia/tile218,225,60,control NDWI gradient,0.10333271107096093,0.13333333333333333,,0.016666666666666663,0.25,,0.016666666666666663,0.48333333333333334,,0.09999999999999998,,,
B,bolivia/tile218,225,60,constant score,0.2666666666666666,0.048888888888888885,,-0.06777777777777778,0.09777777777777777,,-0.13555555555555557,0.2,,-0.18333333333333335,,,
B,bolivia/tile218,225,60,control S2 patch variance,0.27285677645088086,0.06666666666666667,,-0.05,0.13333333333333333,,-0.1,0.25,,-0.13333333333333336,,,
B,bolivia/tile218,225,60,control NDWI level,0.0789829863435215,0.0,,-0.11666666666666667,0.06666666666666667,,-0.16666666666666669,0.35,,-0.03333333333333338,,,
B,bolivia/tile219,225,67,confidence (baseline),0.15213770718864664,0.07462686567164178,,0.0,0.13432835820895522,,0.0,0.26865671641791045,,0.0,,,
B,bolivia/tile219,225,67,tile-phase (aligned),0.14347821366229277,0.13432835820895522,,0.05970149253731344,0.23880597014925373,,0.1044776119402985,0.373134328358209,,0.10447761194029853,,,
B,bolivia/tile219,225,67,boundary indicator,0.20409207874639815,0.11007462686567164,,0.035447761194029856,0.2121535181236674,,0.07782515991471217,0.35074626865671643,,0.08208955223880599,,,
B,bolivia/tile219,225,67,control NDWI gradient,0.4195674054187128,0.08955223880597014,,0.01492537313432836,0.13432835820895522,,0.0,0.1791044776119403,,-0.08955223880597016,,,
B,bolivia/tile219,225,67,constant score,0.29777777777777775,0.04888888888888889,,-0.025737976782752893,0.09777777777777778,,-0.03655058043117744,0.2,,-0.06865671641791044,,,
B,bolivia/tile219,225,67,control S2 patch variance,0.553351598776978,0.014925373134328358,,-0.059701492537313425,0.04477611940298507,,-0.08955223880597016,0.05970149253731343,,-0.208955223880597,,,
B,bolivia/tile219,225,67,control NDWI level,0.05892569876524296,0.11940298507462686,,0.04477611940298508,0.2835820895522388,,0.14925373134328357,0.6268656716417911,,0.35820895522388063,,,
B,bolivia/tile220,225,123,confidence (baseline),0.29985081147452125,0.032520325203252036,,0.0,0.0975609756097561,,0.0,0.23577235772357724,,0.0,,,
B,bolivia/tile220,225,123,tile-phase (aligned),0.28614477766752944,0.06504065040650407,,0.032520325203252036,0.12195121951219512,,0.02439024390243902,0.2682926829268293,,0.03252032520325204,,,
B,bolivia/tile220,225,123,boundary indicator,0.5533905561722401,0.04065040650406504,,0.008130081300813004,0.08536585365853659,,-0.01219512195121951,0.19011882426516574,,-0.0456535334584115,,,
B,bolivia/tile220,225,123,control NDWI gradient,0.5709410801977552,0.08943089430894309,,0.056910569105691054,0.12195121951219512,,0.02439024390243902,0.1951219512195122,,-0.04065040650406504,,,
B,bolivia/tile220,225,123,constant score,0.5466666666666667,0.04888888888888889,,0.016368563685636855,0.09777777777777778,,0.00021680216802168195,0.2,,-0.03577235772357723,,,
B,bolivia/tile220,225,123,control S2 patch variance,0.7942392641201204,0.008130081300813009,,-0.024390243902439025,0.016260162601626018,,-0.08130081300813008,0.056910569105691054,,-0.17886178861788618,,,
B,bolivia/tile220,225,123,control NDWI level,0.19912275421807382,0.08943089430894309,,0.056910569105691054,0.17886178861788618,,0.08130081300813008,0.34146341463414637,,0.10569105691056913,,,
B,bolivia/tile221,225,46,confidence (baseline),0.1177853465929997,0.13043478260869565,,0.0,0.17391304347826086,,0.0,0.34782608695652173,,0.0,,,
B,bolivia/tile221,225,46,tile-phase (aligned),0.11294881335734039,0.08695652173913043,,-0.043478260869565216,0.17391304347826086,,0.0,0.34782608695652173,,0.0,,,
B,bolivia/tile221,225,46,boundary indicator,0.08321498741402658,0.18115942028985507,,0.050724637681159424,0.29710144927536236,,0.1231884057971015,0.4968944099378882,,0.14906832298136646,,,
B,bolivia/tile221,225,46,control NDWI gradient,0.07532571131689875,0.10869565217391304,,-0.021739130434782608,0.1956521739130435,,0.021739130434782622,0.41304347826086957,,0.06521739130434784,,,
B,bolivia/tile221,225,46,constant score,0.20444444444444446,0.048888888888888885,,-0.08154589371980676,0.09777777777777777,,-0.0761352657004831,0.19999999999999998,,-0.14782608695652175,,,
B,bolivia/tile221,225,46,control S2 patch variance,0.1406400898161227,0.043478260869565216,,-0.08695652173913043,0.08695652173913043,,-0.08695652173913043,0.21739130434782608,,-0.13043478260869565,,,
B,bolivia/tile221,225,46,control NDWI level,0.03054513551304089,0.17391304347826086,,0.043478260869565216,0.41304347826086957,,0.2391304347826087,0.7608695652173914,,0.4130434782608696,,,
B,bolivia/tile222,225,42,confidence (baseline),0.04619065757849641,0.09523809523809523,,0.0,0.21428571428571427,,0.0,0.42857142857142855,,0.0,,,
B,bolivia/tile222,225,42,tile-phase (aligned),0.07674033959149151,0.023809523809523808,,-0.07142857142857142,0.047619047619047616,,-0.16666666666666666,0.16666666666666666,,-0.26190476190476186,,,
B,bolivia/tile222,225,42,boundary indicator,0.10277721874330496,0.023809523809523808,,-0.07142857142857142,0.12337662337662338,,-0.0909090909090909,0.2969924812030075,,-0.13157894736842107,,,
B,bolivia/tile222,225,42,control NDWI gradient,0.1396739637937785,0.023809523809523808,,-0.07142857142857142,0.07142857142857142,,-0.14285714285714285,0.07142857142857142,,-0.3571428571428571,,,
B,bolivia/tile222,225,42,constant score,0.18666666666666668,0.048888888888888885,,-0.04634920634920635,0.09777777777777777,,-0.1165079365079365,0.2,,-0.22857142857142854,,,
B,bolivia/tile222,225,42,control S2 patch variance,0.26581570627179424,0.047619047619047616,,-0.047619047619047616,0.047619047619047616,,-0.16666666666666666,0.09523809523809523,,-0.3333333333333333,,,
B,bolivia/tile222,225,42,control NDWI level,0.04168584834952094,0.09523809523809523,,0.0,0.21428571428571427,,0.0,0.5714285714285714,,0.14285714285714285,,,
B,bolivia/tile223,225,32,confidence (baseline),0.0231247570548588,0.21875,,0.0,0.4375,,0.0,0.75,,0.0,,,
B,bolivia/tile223,225,32,tile-phase (aligned),0.03550091985250114,0.125,,-0.09375,0.3125,,-0.125,0.5625,,-0.1875,,,
B,bolivia/tile223,225,32,boundary indicator,0.09794766865591836,0.1514423076923077,,-0.06730769230769229,0.19921875,,-0.23828125,0.3070652173913043,,-0.4429347826086957,,,
B,bolivia/tile223,225,32,control NDWI gradient,0.03615954054454786,0.09375,,-0.125,0.34375,,-0.09375,0.625,,-0.125,,,
B,bolivia/tile223,225,32,constant score,0.14222222222222222,0.04888888888888889,,-0.1698611111111111,0.09777777777777778,,-0.3397222222222222,0.2,,-0.55,,,
B,bolivia/tile223,225,32,control S2 patch variance,0.07432156815962303,0.125,,-0.09375,0.21875,,-0.21875,0.46875,,-0.28125,,,
B,bolivia/tile223,225,32,control NDWI level,0.022395833378350858,0.15625,,-0.0625,0.34375,,-0.09375,0.71875,,-0.03125,,,
B,bolivia/tile224,197,42,confidence (baseline),0.0707149497546754,0.11904761904761904,,0.0,0.2619047619047619,,0.0,0.4523809523809524,,0.0,,,
B,bolivia/tile224,197,42,tile-phase (aligned),0.056237661762936965,0.16666666666666666,,0.047619047619047616,0.3333333333333333,,0.0714285714285714,0.5238095238095238,,0.07142857142857145,,,
B,bolivia/tile224,197,42,boundary indicator,0.11658957560253595,0.12554112554112554,,0.006493506493506496,0.2751322751322751,,0.013227513227513199,0.4333333333333333,,-0.01904761904761909,,,
B,bolivia/tile224,197,42,control NDWI gradient,0.1284420844717022,0.16666666666666666,,0.047619047619047616,0.23809523809523808,,-0.023809523809523836,0.3333333333333333,,-0.11904761904761907,,,
B,bolivia/tile224,197,42,constant score,0.2131979695431472,0.05076142131979696,,-0.06828619772782207,0.10152284263959392,,-0.16038191926516798,0.19796954314720813,,-0.2544114092337443,,,
B,bolivia/tile224,197,42,control S2 patch variance,0.12582451332227862,0.14285714285714285,,0.023809523809523808,0.3333333333333333,,0.0714285714285714,0.4523809523809524,,0.0,,,
B,bolivia/tile224,197,42,control NDWI level,0.04102309247394777,0.16666666666666666,,0.047619047619047616,0.30952380952380953,,0.047619047619047616,0.6666666666666666,,0.21428571428571425,,,
B,bolivia/tile225,204,91,confidence (baseline),0.15081634827449736,0.08791208791208792,,0.0,0.17582417582417584,,0.0,0.38461538461538464,,0.0,,,
B,bolivia/tile225,204,91,tile-phase (aligned),0.18352882171434087,0.07692307692307693,,-0.010989010989010992,0.13186813186813187,,-0.043956043956043966,0.3076923076923077,,-0.07692307692307693,,,
B,bolivia/tile225,204,91,boundary indicator,0.4266719635955082,0.02197802197802198,,-0.06593406593406594,0.10047095761381475,,-0.07535321821036109,0.23245984784446322,,-0.15215553677092142,,,
B,bolivia/tile225,204,91,control NDWI gradient,0.34359676987105614,0.054945054945054944,,-0.032967032967032975,0.12087912087912088,,-0.05494505494505496,0.23076923076923078,,-0.15384615384615385,,,
B,bolivia/tile225,204,91,constant score,0.44607843137254916,0.049019607843137254,,-0.038892480068950665,0.09803921568627451,,-0.07778496013790133,0.20098039215686275,,-0.18363499245852188,,,
B,bolivia/tile225,204,91,control S2 patch variance,0.27748279852222046,0.08791208791208792,,0.0,0.15384615384615385,,-0.021978021978021983,0.26373626373626374,,-0.1208791208791209,,,
B,bolivia/tile225,204,91,control NDWI level,0.21683528512391234,0.08791208791208792,,0.0,0.16483516483516483,,-0.010989010989011005,0.2857142857142857,,-0.09890109890109894,,,
B,bolivia/tile226,187,51,confidence (baseline),0.09104888022659643,0.11764705882352941,,0.0,0.23529411764705882,,0.0,0.43137254901960786,,0.0,,,
B,bolivia/tile226,187,51,tile-phase (aligned),0.1339511671837665,0.058823529411764705,,-0.058823529411764705,0.1568627450980392,,-0.0784313725490196,0.3137254901960784,,-0.11764705882352944,,,
B,bolivia/tile226,187,51,boundary indicator,0.1946150686782785,0.10644257703081234,,-0.011204481792717075,0.13071895424836602,,-0.1045751633986928,0.2530345471521942,,-0.17833800186741366,,,
B,bolivia/tile226,187,51,control NDWI gradient,0.20323358863683028,0.09803921568627451,,-0.0196078431372549,0.1568627450980392,,-0.0784313725490196,0.29411764705882354,,-0.13725490196078433,,,
B,bolivia/tile226,187,51,constant score,0.2727272727272727,0.0481283422459893,,-0.06951871657754011,0.10160427807486631,,-0.1336898395721925,0.19786096256684493,,-0.23351158645276293,,,
B,bolivia/tile226,187,51,control S2 patch variance,0.37063675370187443,0.058823529411764705,,-0.058823529411764705,0.11764705882352941,,-0.11764705882352941,0.13725490196078433,,-0.29411764705882354,,,
B,bolivia/tile226,187,51,control NDWI level,0.05283546107637735,0.17647058823529413,,0.05882352941176472,0.35294117647058826,,0.11764705882352944,0.6470588235294118,,0.21568627450980393,,,
B,bolivia/tile227,163,22,confidence (baseline),0.030713711412988023,0.18181818181818182,,0.0,0.36363636363636365,,0.0,0.5454545454545454,,0.0,,,
B,bolivia/tile227,163,22,tile-phase (aligned),0.027844342439906595,0.22727272727272727,,0.04545454545454544,0.3181818181818182,,-0.04545454545454547,0.7727272727272727,,0.2272727272727273,,,
B,bolivia/tile227,163,22,boundary indicator,0.021313998752412036,0.34545454545454546,,0.16363636363636364,0.5808080808080809,,0.21717171717171724,0.8838383838383838,,0.33838383838383834,,,
B,bolivia/tile227,163,22,control NDWI gradient,0.09279052845834766,0.045454545454545456,,-0.13636363636363635,0.045454545454545456,,-0.3181818181818182,0.22727272727272727,,-0.3181818181818181,,,
B,bolivia/tile227,163,22,constant score,0.13496932515337426,0.049079754601226995,,-0.13273842721695484,0.09815950920245399,,-0.26547685443390967,0.20245398773006135,,-0.34300055772448407,,,
B,bolivia/tile227,163,22,control S2 patch variance,0.19898116607702585,0.045454545454545456,,-0.13636363636363635,0.045454545454545456,,-0.3181818181818182,0.09090909090909091,,-0.4545454545454545,,,
B,bolivia/tile227,163,22,control NDWI level,0.020645234063007025,0.3181818181818182,,0.13636363636363635,0.5454545454545454,,0.18181818181818177,0.7272727272727273,,0.18181818181818188,,,
B,bolivia/tile229,225,24,confidence (baseline),0.010388133936221084,0.25,,0.0,0.625,,0.0,1.0,,0.0,,,
B,bolivia/tile229,225,24,tile-phase (aligned),0.014244701058319516,0.2916666666666667,,0.041666666666666685,0.5,,-0.125,0.8333333333333334,,-0.16666666666666663,,,
B,bolivia/tile229,225,24,boundary indicator,0.07233736963161397,0.15277777777777776,,-0.09722222222222224,0.3181818181818182,,-0.3068181818181818,0.47860962566844917,,-0.5213903743315509,,,
B,bolivia/tile229,225,24,control NDWI gradient,0.010111912470437554,0.2916666666666667,,0.041666666666666685,0.5833333333333334,,-0.04166666666666663,1.0,,0.0,,,
B,bolivia/tile229,225,24,constant score,0.10666666666666667,0.04888888888888889,,-0.2011111111111111,0.09777777777777778,,-0.5272222222222223,0.19999999999999998,,-0.8,,,
B,bolivia/tile229,225,24,control S2 patch variance,0.020978588200220135,0.25,,0.0,0.375,,-0.25,0.75,,-0.25,,,
B,bolivia/tile229,225,24,control NDWI level,0.020377459681644793,0.25,,0.0,0.4583333333333333,,-0.16666666666666669,0.7083333333333334,,-0.29166666666666663,,,
B,bolivia/tile230,214,14,confidence (baseline),0.007313785901503572,0.5,,0.0,0.6428571428571429,,0.0,0.7857142857142857,,0.0,,,
B,bolivia/tile230,214,14,tile-phase (aligned),0.004555853805952966,0.6428571428571429,,0.1428571428571429,0.8571428571428571,,0.2142857142857142,0.9285714285714286,,0.1428571428571429,,,
B,bolivia/tile230,214,14,boundary indicator,0.013757186329745708,0.46825396825396826,,-0.031746031746031744,0.7976190476190476,,0.15476190476190466,0.8665105386416861,,0.08079625292740045,,,
B,bolivia/tile230,214,14,control NDWI gradient,0.01558782748701561,0.21428571428571427,,-0.2857142857142857,0.2857142857142857,,-0.3571428571428572,0.6428571428571429,,-0.1428571428571428,,,
B,bolivia/tile230,214,14,constant score,0.06542056074766357,0.0514018691588785,,-0.4485981308411215,0.09813084112149532,,-0.5447263017356476,0.20093457943925233,,-0.5847797062750334,,,
B,bolivia/tile230,214,14,control S2 patch variance,0.1131632357375889,0.0,,-0.5,0.0,,-0.6428571428571429,0.0,,-0.7857142857142857,,,
B,bolivia/tile230,214,14,control NDWI level,0.003785795288189711,0.7142857142857143,,0.2142857142857143,0.8571428571428571,,0.2142857142857142,1.0,,0.2142857142857143,,,
B,bolivia/tile231,60,5,confidence (baseline),0.006807852055139324,0.6,,0.0,0.8,,0.0,1.0,,0.0,,,
B,bolivia/tile231,60,5,tile-phase (aligned),0.011615451489724876,0.4,,-0.19999999999999996,0.4,,-0.4,0.8,,-0.19999999999999996,,,
B,bolivia/tile231,60,5,boundary indicator,0.008401741497338062,0.6,,0.0,0.6,,-0.20000000000000007,0.8857142857142858,,-0.11428571428571421,,,
B,bolivia/tile231,60,5,control NDWI gradient,0.038438287501883155,0.2,,-0.39999999999999997,0.2,,-0.6000000000000001,0.2,,-0.8,,,
B,bolivia/tile231,60,5,constant score,0.0833333333333333,0.05,,-0.5499999999999999,0.1,,-0.7000000000000001,0.2,,-0.8,,,
B,bolivia/tile231,60,5,control S2 patch variance,0.08353533729132877,0.2,,-0.39999999999999997,0.2,,-0.6000000000000001,0.4,,-0.6,,,
B,bolivia/tile231,60,5,control NDWI level,0.031850322747414915,0.0,,-0.6,0.4,,-0.4,0.6,,-0.4,,,
B,bolivia/tile232,157,36,confidence (baseline),0.08186385698699429,0.1111111111111111,,0.0,0.25,,0.0,0.4444444444444444,,0.0,,,
B,bolivia/tile232,157,36,tile-phase (aligned),0.07571839231480777,0.05555555555555555,,-0.05555555555555555,0.19444444444444445,,-0.05555555555555555,0.3611111111111111,,-0.08333333333333331,,,
B,bolivia/tile232,157,36,boundary indicator,0.10483340323888352,0.1111111111111111,,0.0,0.2222222222222222,,-0.02777777777777779,0.46875,,0.02430555555555558,,,
B,bolivia/tile232,157,36,control NDWI gradient,0.1347088515937753,0.08333333333333333,,-0.027777777777777776,0.2777777777777778,,0.02777777777777779,0.3611111111111111,,-0.08333333333333331,,,
B,bolivia/tile232,157,36,constant score,0.22929936305732485,0.050955414012738856,,-0.06015569709837225,0.10191082802547771,,-0.1480891719745223,0.19745222929936307,,-0.24699221514508135,,,
B,bolivia/tile232,157,36,control S2 patch variance,0.4741538997450198,0.0,,-0.1111111111111111,0.0,,-0.25,0.027777777777777776,,-0.41666666666666663,,,
B,bolivia/tile232,157,36,control NDWI level,0.03387711679813894,0.2222222222222222,,0.1111111111111111,0.4444444444444444,,0.19444444444444442,0.8055555555555556,,0.36111111111111116,,,
B,bolivia/tile233,224,20,confidence (baseline),0.016651729799900483,0.3,,0.0,0.3,,0.0,0.75,,0.0,,,
B,bolivia/tile233,224,20,tile-phase (aligned),0.016684670920814056,0.2,,-0.09999999999999998,0.4,,0.10000000000000003,0.7,,-0.050000000000000044,,,
B,bolivia/tile233,224,20,boundary indicator,0.0128285294404737,0.4875,,0.1875,0.72,,0.42,0.8477272727272727,,0.09772727272727266,,,
B,bolivia/tile233,224,20,control NDWI gradient,0.047422187208581205,0.0,,-0.3,0.15,,-0.15,0.45,,-0.3,,,
B,bolivia/tile233,224,20,constant score,0.08928571428571427,0.049107142857142856,,-0.25089285714285714,0.09821428571428571,,-0.2017857142857143,0.20089285714285715,,-0.5491071428571428,,,
B,bolivia/tile233,224,20,control S2 patch variance,0.24066063909606367,0.0,,-0.3,0.0,,-0.3,0.05,,-0.7,,,
B,bolivia/tile233,224,20,control NDWI level,0.008803815206941623,0.3,,0.0,0.65,,0.35000000000000003,0.9,,0.15000000000000002,,,
B,bolivia/tile234,225,3,confidence (baseline),0.00034092478874867715,1.0,,0.0,1.0,,0.0,1.0,,0.0,,,
B,bolivia/tile234,225,3,tile-phase (aligned),0.00040315210617316254,0.6666666666666666,,-0.33333333333333337,1.0,,0.0,1.0,,0.0,,,
B,bolivia/tile234,225,3,boundary indicator,0.009097537608075723,0.35444947209653094,,-0.645550527903469,0.38763197586727,,-0.6123680241327301,0.45701357466063347,,-0.5429864253393666,,,
B,bolivia/tile234,225,3,control NDWI gradient,0.00032324996382047944,0.6666666666666666,,-0.33333333333333337,1.0,,0.0,1.0,,0.0,,,
B,bolivia/tile234,225,3,constant score,0.013333333333333334,0.04888888888888889,,-0.9511111111111111,0.09777777777777778,,-0.9022222222222223,0.19999999999999998,,-0.8,,,
B,bolivia/tile234,225,3,control S2 patch variance,0.004209591763360528,0.0,,-1.0,0.0,,-1.0,0.3333333333333333,,-0.6666666666666667,,,
B,bolivia/tile234,225,3,control NDWI level,0.00034215554144834603,0.6666666666666666,,-0.33333333333333337,1.0,,0.0,1.0,,0.0,,,
B,bolivia/tile235,198,22,confidence (baseline),0.03651160626660486,0.3181818181818182,,0.0,0.45454545454545453,,0.0,0.5,,0.0,,,
B,bolivia/tile235,198,22,tile-phase (aligned),0.04457947438046876,0.2727272727272727,,-0.04545454545454547,0.3181818181818182,,-0.13636363636363635,0.5454545454545454,,0.045454545454545414,,,
B,bolivia/tile235,198,22,boundary indicator,0.07175499922519123,0.2727272727272727,,-0.04545454545454547,0.33116883116883117,,-0.12337662337662336,0.4772727272727273,,-0.022727272727272707,,,
B,bolivia/tile235,198,22,control NDWI gradient,0.024193164472679076,0.18181818181818182,,-0.13636363636363635,0.36363636363636365,,-0.09090909090909088,0.6818181818181818,,0.18181818181818177,,,
B,bolivia/tile235,198,22,constant score,0.11111111111111113,0.050505050505050504,,-0.2676767676767677,0.10101010101010101,,-0.35353535353535354,0.20202020202020202,,-0.297979797979798,,,
B,bolivia/tile235,198,22,control S2 patch variance,0.055657966777101844,0.045454545454545456,,-0.2727272727272727,0.18181818181818182,,-0.2727272727272727,0.45454545454545453,,-0.04545454545454547,,,
B,bolivia/tile235,198,22,control NDWI level,0.060977761560990745,0.09090909090909091,,-0.22727272727272727,0.22727272727272727,,-0.22727272727272727,0.5,,0.0,,,
B,bolivia/tile236,54,7,confidence (baseline),0.02688572976891067,0.0,,0.0,0.14285714285714285,,0.0,0.7142857142857143,,0.0,,,
B,bolivia/tile236,54,7,tile-phase (aligned),0.028396265407689646,0.14285714285714285,,0.14285714285714285,0.2857142857142857,,0.14285714285714285,0.5714285714285714,,-0.1428571428571429,,,
B,bolivia/tile236,54,7,boundary indicator,0.03996660958698849,0.23809523809523808,,0.23809523809523808,0.33333333333333337,,0.19047619047619052,0.7142857142857143,,0.0,,,
B,bolivia/tile236,54,7,control NDWI gradient,0.02891709563463738,0.2857142857142857,,0.2857142857142857,0.42857142857142855,,0.2857142857142857,0.5714285714285714,,-0.1428571428571429,,,
B,bolivia/tile236,54,7,constant score,0.12962962962962965,0.05555555555555556,,0.05555555555555556,0.09259259259259259,,-0.05026455026455026,0.2037037037037037,,-0.5105820105820106,,,
B,bolivia/tile236,54,7,control S2 patch variance,0.07464890309027027,0.0,,0.0,0.14285714285714285,,0.0,0.42857142857142855,,-0.28571428571428575,,,
B,bolivia/tile236,54,7,control NDWI level,0.011140558290918012,0.42857142857142855,,0.42857142857142855,0.5714285714285714,,0.42857142857142855,1.0,,0.2857142857142857,,,
B,bolivia/tile238,222,7,confidence (baseline),0.006304751455410297,0.2857142857142857,,0.0,0.5714285714285714,,0.0,0.5714285714285714,,0.0,,,
B,bolivia/tile238,222,7,tile-phase (aligned),0.0056000680541934775,0.5714285714285714,,0.2857142857142857,0.5714285714285714,,0.0,0.7142857142857143,,0.1428571428571429,,,
B,bolivia/tile238,222,7,boundary indicator,0.020257860578851913,0.20634920634920634,,-0.07936507936507936,0.4397759103641457,,-0.1316526610644257,0.5014005602240896,,-0.07002801120448177,,,
B,bolivia/tile238,222,7,control NDWI gradient,0.0012081664766822578,0.8571428571428571,,0.5714285714285714,1.0,,0.4285714285714286,1.0,,0.4285714285714286,,,
B,bolivia/tile238,222,7,constant score,0.031531531531531536,0.04954954954954955,,-0.23616473616473616,0.0990990990990991,,-0.4723294723294723,0.1981981981981982,,-0.3732303732303732,,,
B,bolivia/tile238,222,7,control S2 patch variance,0.001535059491488897,0.8571428571428571,,0.5714285714285714,0.8571428571428571,,0.2857142857142857,1.0,,0.4285714285714286,,,
B,bolivia/tile238,222,7,control NDWI level,0.016592724222739903,0.14285714285714285,,-0.14285714285714285,0.42857142857142855,,-0.14285714285714285,0.5714285714285714,,0.0,,,
B,bolivia/tile239,225,3,confidence (baseline),0.001115151150760468,0.6666666666666666,,0.0,0.6666666666666666,,0.0,1.0,,0.0,,,
B,bolivia/tile239,225,3,tile-phase (aligned),0.0007438716254874224,0.6666666666666666,,0.0,0.6666666666666666,,0.0,1.0,,0.0,,,
B,bolivia/tile239,225,3,boundary indicator,0.013333333333333334,0.04888888888888889,,-0.6177777777777778,0.09777777777777778,,-0.5688888888888889,0.19999999999999998,,-0.8,,,
B,bolivia/tile239,225,3,control NDWI gradient,0.00011887204308728971,1.0,,0.33333333333333337,1.0,,0.33333333333333337,1.0,,0.0,,,
B,bolivia/tile239,225,3,constant score,0.013333333333333334,0.04888888888888889,,-0.6177777777777778,0.09777777777777778,,-0.5688888888888889,0.19999999999999998,,-0.8,,,
B,bolivia/tile239,225,3,control S2 patch variance,0.0002799471908731561,1.0,,0.33333333333333337,1.0,,0.33333333333333337,1.0,,0.0,,,
B,bolivia/tile239,225,3,control NDWI level,0.0027404883298801806,0.0,,-0.6666666666666666,0.3333333333333333,,-0.3333333333333333,0.6666666666666666,,-0.33333333333333337,,,
B,bolivia/tile240,135,33,confidence (baseline),0.1229325467856581,0.06060606060606061,,0.0,0.21212121212121213,,0.0,0.36363636363636365,,0.0,,,
B,bolivia/tile240,135,33,tile-phase (aligned),0.10966464199944288,0.12121212121212122,,0.06060606060606061,0.24242424242424243,,0.030303030303030304,0.30303030303030304,,-0.06060606060606061,,,
B,bolivia/tile240,135,33,boundary indicator,0.1673946316875562,0.18181818181818182,,0.12121212121212122,0.2626262626262626,,0.05050505050505047,0.4199134199134199,,0.05627705627705626,,,
B,bolivia/tile240,135,33,control NDWI gradient,0.20876614622811668,0.09090909090909091,,0.030303030303030304,0.12121212121212122,,-0.09090909090909091,0.24242424242424243,,-0.12121212121212122,,,
B,bolivia/tile240,135,33,constant score,0.24444444444444444,0.05185185185185185,,-0.008754208754208757,0.1037037037037037,,-0.10841750841750843,0.19999999999999998,,-0.16363636363636366,,,
B,bolivia/tile240,135,33,control S2 patch variance,0.3131307702564361,0.0,,-0.06060606060606061,0.06060606060606061,,-0.15151515151515152,0.18181818181818182,,-0.18181818181818182,,,
B,bolivia/tile240,135,33,control NDWI level,0.09005091413623369,0.12121212121212122,,0.06060606060606061,0.21212121212121213,,0.0,0.48484848484848486,,0.12121212121212122,,,
B,bolivia/tile241,149,15,confidence (baseline),0.06368509520367018,0.2,,0.0,0.4,,0.0,0.6666666666666666,,0.0,,,
B,bolivia/tile241,149,15,tile-phase (aligned),0.04341793829669714,0.06666666666666667,,-0.13333333333333336,0.26666666666666666,,-0.13333333333333336,0.6666666666666666,,0.0,,,
B,bolivia/tile241,149,15,boundary indicator,0.06433379524898099,0.0,,-0.2,0.2380952380952381,,-0.1619047619047619,0.5333333333333333,,-0.1333333333333333,,,
B,bolivia/tile241,149,15,control NDWI gradient,0.018508423590012042,0.2,,0.0,0.4,,0.0,0.6666666666666666,,0.0,,,
B,bolivia/tile241,149,15,constant score,0.1006711409395973,0.04697986577181208,,-0.15302013422818794,0.10067114093959731,,-0.29932885906040274,0.20134228187919462,,-0.465324384787472,,,
B,bolivia/tile241,149,15,control S2 patch variance,0.060740726433532205,0.13333333333333333,,-0.06666666666666668,0.26666666666666666,,-0.13333333333333336,0.3333333333333333,,-0.3333333333333333,,,
B,bolivia/tile241,149,15,control NDWI level,0.0520598402409779,0.26666666666666666,,0.06666666666666665,0.3333333333333333,,-0.06666666666666671,0.6,,-0.06666666666666665,,,
B,bolivia/tile242,69,16,confidence (baseline),0.09572991724941156,0.0,,0.0,0.0625,,0.0,0.375,,0.0,,,
B,bolivia/tile242,69,16,tile-phase (aligned),0.1173780446827645,0.0,,0.0,0.0,,-0.0625,0.1875,,-0.1875,,,
B,bolivia/tile242,69,16,boundary indicator,0.2318840579710144,0.043478260869565216,,0.043478260869565216,0.10144927536231885,,0.03894927536231885,0.2028985507246377,,-0.1721014492753623,,,
B,bolivia/tile242,69,16,control NDWI gradient,0.06828726647876812,0.125,,0.125,0.3125,,0.25,0.5,,0.125,,,
B,bolivia/tile242,69,16,constant score,0.2318840579710144,0.043478260869565216,,0.043478260869565216,0.10144927536231885,,0.03894927536231885,0.2028985507246377,,-0.1721014492753623,,,
B,bolivia/tile242,69,16,control S2 patch variance,0.24165290738990558,0.0,,0.0,0.0625,,0.0,0.25,,-0.125,,,
B,bolivia/tile242,69,16,control NDWI level,0.07158478067587028,0.1875,,0.1875,0.375,,0.3125,0.5625,,0.1875,,,
B,bolivia/tile243,225,8,confidence (baseline),0.005082145476608792,0.375,,0.0,0.625,,0.0,0.875,,0.0,,,
B,bolivia/tile243,225,8,tile-phase (aligned),0.003303696421360763,0.5,,0.125,0.75,,0.125,0.875,,0.0,,,
B,bolivia/tile243,225,8,boundary indicator,0.0016535970117558074,0.5714285714285714,,0.1964285714285714,0.9642857142857143,,0.3392857142857143,1.0,,0.125,,,
B,bolivia/tile243,225,8,control NDWI gradient,0.0030820069840603744,0.5,,0.125,0.75,,0.125,0.875,,0.0,,,
B,bolivia/tile243,225,8,constant score,0.035555555555555556,0.04888888888888889,,-0.32611111111111113,0.09777777777777778,,-0.5272222222222223,0.2,,-0.675,,,
B,bolivia/tile243,225,8,control S2 patch variance,0.0073338058731319275,0.5,,0.125,0.625,,0.0,0.75,,-0.125,,,
B,bolivia/tile243,225,8,control NDWI level,0.002749350702824996,0.5,,0.125,0.625,,0.0,1.0,,0.125,,,
B,bolivia/tile244,225,22,confidence (baseline),0.01096669594218216,0.3181818181818182,,0.0,0.6363636363636364,,0.0,0.9090909090909091,,0.0,,,
B,bolivia/tile244,225,22,tile-phase (aligned),0.010325426785346453,0.3181818181818182,,0.0,0.5909090909090909,,-0.045454545454545414,0.9545454545454546,,0.045454545454545525,,,
B,bolivia/tile244,225,22,boundary indicator,0.017714210930117505,0.24586776859504134,,-0.07231404958677684,0.4504132231404959,,-0.18595041322314043,0.7840909090909091,,-0.125,,,
B,bolivia/tile244,225,22,control NDWI gradient,0.011269814555622086,0.3181818181818182,,0.0,0.5,,-0.13636363636363635,0.8636363636363636,,-0.045454545454545414,,,
B,bolivia/tile244,225,22,constant score,0.09777777777777774,0.04888888888888889,,-0.2692929292929293,0.09777777777777778,,-0.5385858585858586,0.2,,-0.709090909090909,,,
B,bolivia/tile244,225,22,control S2 patch variance,0.02610117427324503,0.3181818181818182,,0.0,0.4090909090909091,,-0.22727272727272724,0.5,,-0.40909090909090906,,,
B,bolivia/tile244,225,22,control NDWI level,0.04190537374683624,0.3181818181818182,,0.0,0.45454545454545453,,-0.18181818181818182,0.5909090909090909,,-0.3181818181818181,,,
B,bolivia/tile245,225,7,confidence (baseline),0.0028872783728763167,0.2857142857142857,,0.0,0.7142857142857143,,0.0,1.0,,0.0,,,
B,bolivia/tile245,225,7,tile-phase (aligned),0.0022526390835065774,0.7142857142857143,,0.4285714285714286,0.7142857142857143,,0.0,1.0,,0.0,,,
B,bolivia/tile245,225,7,boundary indicator,0.002832457693636704,0.3174603174603175,,0.0317460317460318,0.6273291925465838,,-0.08695652173913049,1.0,,0.0,,,
B,bolivia/tile245,225,7,control NDWI gradient,0.0030658609426104998,0.42857142857142855,,0.14285714285714285,0.5714285714285714,,-0.1428571428571429,1.0,,0.0,,,
B,bolivia/tile245,225,7,constant score,0.031111111111111103,0.048888888888888885,,-0.23682539682539683,0.09777777777777777,,-0.6165079365079366,0.19999999999999998,,-0.8,,,
B,bolivia/tile245,225,7,control S2 patch variance,0.00386178465648594,0.2857142857142857,,0.0,0.7142857142857143,,0.0,0.7142857142857143,,-0.2857142857142857,,,
B,bolivia/tile245,225,7,control NDWI level,0.0028947838644941045,0.2857142857142857,,0.0,0.5714285714285714,,-0.1428571428571429,0.8571428571428571,,-0.1428571428571429,,,
B,bolivia/tile246,225,77,confidence (baseline),0.24981000027277656,0.06493506493506493,,0.0,0.12987012987012986,,0.0,0.2857142857142857,,0.0,,,
B,bolivia/tile246,225,77,tile-phase (aligned),0.31896881133117516,0.03896103896103896,,-0.02597402597402597,0.07792207792207792,,-0.05194805194805194,0.2077922077922078,,-0.07792207792207789,,,
B,bolivia/tile246,225,77,boundary indicator,0.3035147439286109,0.09090909090909091,,0.025974025974025983,0.16233766233766234,,0.03246753246753248,0.3116883116883117,,0.025974025974025983,,,
B,bolivia/tile246,225,77,control NDWI gradient,0.18794529795902157,0.05194805194805195,,-0.012987012987012977,0.11688311688311688,,-0.012987012987012977,0.22077922077922077,,-0.06493506493506493,,,
B,bolivia/tile246,225,77,constant score,0.34222222222222226,0.04888888888888889,,-0.016046176046176037,0.09777777777777778,,-0.032092352092352075,0.2,,-0.08571428571428569,,,
B,bolivia/tile246,225,77,control S2 patch variance,0.5696602901176878,0.0,,-0.06493506493506493,0.012987012987012988,,-0.11688311688311687,0.025974025974025976,,-0.2597402597402597,,,
B,bolivia/tile246,225,77,control NDWI level,0.40000182044468574,0.025974025974025976,,-0.03896103896103895,0.025974025974025976,,-0.10389610389610388,0.06493506493506493,,-0.22077922077922077,,,
B,bolivia/tile247,209,73,confidence (baseline),0.14641053730368944,0.0684931506849315,,0.0,0.1780821917808219,,0.0,0.3150684931506849,,0.0,,,
B,bolivia/tile247,209,73,tile-phase (aligned),0.1640799208829918,0.0547945205479452,,-0.0136986301369863,0.1095890410958904,,-0.0684931506849315,0.2602739726027397,,-0.0547945205479452,,,
B,bolivia/tile247,209,73,boundary indicator,0.26789375808655475,0.038605230386052306,,-0.029887920298879198,0.11415525114155252,,-0.06392694063926939,0.2662298987492555,,-0.0488385944014294,,,
B,bolivia/tile247,209,73,control NDWI gradient,0.3338661274402327,0.0410958904109589,,-0.0273972602739726,0.0547945205479452,,-0.1232876712328767,0.1232876712328767,,-0.1917808219178082,,,
B,bolivia/tile247,209,73,constant score,0.34928229665071786,0.04784688995215311,,-0.020646260732778393,0.10047846889952153,,-0.07760372288130038,0.20095693779904306,,-0.11411155535164186,,,
B,bolivia/tile247,209,73,control S2 patch variance,0.48453406691325257,0.0,,-0.0684931506849315,0.0,,-0.1780821917808219,0.0,,-0.3150684931506849,,,
B,bolivia/tile247,209,73,control NDWI level,0.1558320253556347,0.0547945205479452,,-0.0136986301369863,0.136986301369863,,-0.0410958904109589,0.3150684931506849,,0.0,,,
B,bolivia/tile248,214,22,confidence (baseline),0.012681693366817336,0.2727272727272727,,0.0,0.5,,0.0,0.8636363636363636,,0.0,,,
B,bolivia/tile248,214,22,tile-phase (aligned),0.016733017762566294,0.13636363636363635,,-0.13636363636363635,0.36363636363636365,,-0.13636363636363635,0.6818181818181818,,-0.18181818181818188,,,
B,bolivia/tile248,214,22,boundary indicator,0.034100182335409575,0.12987012987012989,,-0.14285714285714282,0.25974025974025977,,-0.24025974025974023,0.549407114624506,,-0.31422924901185767,,,
B,bolivia/tile248,214,22,control NDWI gradient,0.01428404387919917,0.22727272727272727,,-0.04545454545454544,0.4090909090909091,,-0.09090909090909088,0.8636363636363636,,0.0,,,
B,bolivia/tile248,214,22,constant score,0.10280373831775698,0.0514018691588785,,-0.2213254035683942,0.09813084112149534,,-0.40186915887850466,0.20093457943925233,,-0.6627017841971113,,,
B,bolivia/tile248,214,22,control S2 patch variance,0.029813695488390045,0.045454545454545456,,-0.22727272727272724,0.18181818181818182,,-0.3181818181818182,0.36363636363636365,,-0.5,,,
B,bolivia/tile248,214,22,control NDWI level,0.008612266843038266,0.3181818181818182,,0.04545454545454547,0.6818181818181818,,0.18181818181818177,1.0,,0.13636363636363635,,,
B,bolivia/tile249,225,13,confidence (baseline),0.0036188258747660764,0.5384615384615384,,0.0,0.8461538461538461,,0.0,1.0,,0.0,,,
B,bolivia/tile249,225,13,tile-phase (aligned),0.005096956797445134,0.46153846153846156,,-0.07692307692307687,0.6923076923076923,,-0.15384615384615385,1.0,,0.0,,,
B,bolivia/tile249,225,13,boundary indicator,0.018309710966164024,0.358974358974359,,-0.17948717948717946,0.6615384615384615,,-0.18461538461538463,0.7802197802197802,,-0.21978021978021978,,,
B,bolivia/tile249,225,13,control NDWI gradient,0.024555886160963585,0.07692307692307693,,-0.4615384615384615,0.23076923076923078,,-0.6153846153846154,0.6923076923076923,,-0.3076923076923077,,,
B,bolivia/tile249,225,13,constant score,0.05777777777777779,0.048888888888888885,,-0.48957264957264957,0.09777777777777777,,-0.7483760683760684,0.2,,-0.8,,,
B,bolivia/tile249,225,13,control S2 patch variance,0.014134399644147812,0.0,,-0.5384615384615384,0.23076923076923078,,-0.6153846153846154,0.6923076923076923,,-0.3076923076923077,,,
B,bolivia/tile249,225,13,control NDWI level,0.003660988210499729,0.6153846153846154,,0.07692307692307698,0.8461538461538461,,0.0,0.9230769230769231,,-0.07692307692307687,,,
B,bolivia/tile250,225,8,confidence (baseline),0.0021605694462944265,0.625,,0.0,0.75,,0.0,1.0,,0.0,,,
B,bolivia/tile250,225,8,tile-phase (aligned),0.001736403201842299,0.5,,-0.125,1.0,,0.25,1.0,,0.0,,,
B,bolivia/tile250,225,8,boundary indicator,0.0016775291765782183,0.6428571428571428,,0.017857142857142794,0.8611111111111112,,0.11111111111111116,1.0,,0.0,,,
B,bolivia/tile250,225,8,control NDWI gradient,0.006446885779857861,0.375,,-0.25,0.625,,-0.125,0.75,,-0.25,,,
B,bolivia/tile250,225,8,constant score,0.035555555555555556,0.04888888888888889,,-0.5761111111111111,0.09777777777777778,,-0.6522222222222223,0.2,,-0.8,,,
B,bolivia/tile250,225,8,control S2 patch variance,0.003416631310521268,0.375,,-0.25,0.625,,-0.125,0.875,,-0.125,,,
B,bolivia/tile250,225,8,control NDWI level,0.0038382169033863212,0.375,,-0.25,0.75,,0.0,0.875,,-0.125,,,
B,bolivia/tile251,208,51,confidence (baseline),0.07772423869078993,0.11764705882352941,,0.0,0.21568627450980393,,0.0,0.49019607843137253,,0.0,,,
B,bolivia/tile251,208,51,tile-phase (aligned),0.09893073230912887,0.058823529411764705,,-0.058823529411764705,0.17647058823529413,,-0.0392156862745098,0.3333333333333333,,-0.1568627450980392,,,
B,bolivia/tile251,208,51,boundary indicator,0.18133829732369497,0.10784313725490197,,-0.009803921568627444,0.22657952069716775,,0.010893246187363814,0.38080495356037153,,-0.109391124871001,,,
B,bolivia/tile251,208,51,control NDWI gradient,0.31144662774579895,0.0392156862745098,,-0.0784313725490196,0.09803921568627451,,-0.11764705882352942,0.17647058823529413,,-0.3137254901960784,,,
B,bolivia/tile251,208,51,constant score,0.24519230769230763,0.04807692307692308,,-0.06957013574660634,0.10096153846153846,,-0.11472473604826547,0.20192307692307693,,-0.2882730015082956,,,
B,bolivia/tile251,208,51,control S2 patch variance,0.43903199286633965,0.0,,-0.11764705882352941,0.0,,-0.21568627450980393,0.0,,-0.49019607843137253,,,
B,bolivia/tile251,208,51,control NDWI level,0.060151712971665515,0.11764705882352941,,0.0,0.29411764705882354,,0.0784313725490196,0.5882352941176471,,0.09803921568627455,,,
B,bolivia/tile252,214,14,confidence (baseline),0.007804355186818815,0.35714285714285715,,0.0,0.5714285714285714,,0.0,0.9285714285714286,,0.0,,,
B,bolivia/tile252,214,14,tile-phase (aligned),0.012951179982772211,0.21428571428571427,,-0.14285714285714288,0.35714285714285715,,-0.21428571428571425,0.7142857142857143,,-0.2142857142857143,,,
B,bolivia/tile252,214,14,boundary indicator,0.014935715674708559,0.2815126050420168,,-0.07563025210084034,0.4495798319327731,,-0.12184873949579828,0.6938775510204083,,-0.23469387755102034,,,
B,bolivia/tile252,214,14,control NDWI gradient,0.023206809394700514,0.07142857142857142,,-0.2857142857142857,0.14285714285714285,,-0.42857142857142855,0.35714285714285715,,-0.5714285714285714,,,
B,bolivia/tile252,214,14,constant score,0.06542056074766357,0.0514018691588785,,-0.30574098798397864,0.09813084112149532,,-0.47329773030707606,0.20093457943925233,,-0.7276368491321763,,,
B,bolivia/tile252,214,14,control S2 patch variance,0.10632913107075936,0.0,,-0.35714285714285715,0.0,,-0.5714285714285714,0.07142857142857142,,-0.8571428571428572,,,
B,bolivia/tile252,214,14,control NDWI level,0.00996730701254957,0.21428571428571427,,-0.14285714285714288,0.42857142857142855,,-0.14285714285714285,0.8571428571428571,,-0.07142857142857151,,,
B,bolivia/tile253,141,16,confidence (baseline),0.02155513109238405,0.1875,,0.0,0.4375,,0.0,0.75,,0.0,,,
B,bolivia/tile253,141,16,tile-phase (aligned),0.023088145723740024,0.125,,-0.0625,0.3125,,-0.125,0.6875,,-0.0625,,,
B,bolivia/tile253,141,16,boundary indicator,0.02718926196083207,0.28125,,0.09375,0.5,,0.0625,0.7767857142857143,,0.0267857142857143,,,
B,bolivia/tile253,141,16,control NDWI gradient,0.040520418705942716,0.0625,,-0.125,0.125,,-0.3125,0.3125,,-0.4375,,,
B,bolivia/tile253,141,16,constant score,0.11347517730496451,0.04964539007092199,,-0.137854609929078,0.09929078014184398,,-0.338209219858156,0.19858156028368795,,-0.551418439716312,,,
B,bolivia/tile253,141,16,control S2 patch variance,0.06513035036837347,0.0,,-0.1875,0.0625,,-0.375,0.125,,-0.625,,,
B,bolivia/tile253,141,16,control NDWI level,0.05280691352387696,0.3125,,0.125,0.3125,,-0.125,0.4375,,-0.3125,,,
B,bolivia/tile254,164,4,confidence (baseline),0.0006020519447877385,1.0,,0.0,1.0,,0.0,1.0,,0.0,,,
B,bolivia/tile254,164,4,tile-phase (aligned),0.0019057095321571382,0.5,,-0.5,0.75,,-0.25,1.0,,0.0,,,
B,bolivia/tile254,164,4,boundary indicator,0.0011860380781160281,0.5,,-0.5,1.0,,0.0,1.0,,0.0,,,
B,bolivia/tile254,164,4,control NDWI gradient,0.001553443400230605,0.5,,-0.5,0.75,,-0.25,1.0,,0.0,,,
B,bolivia/tile254,164,4,constant score,0.02439024390243902,0.04878048780487805,,-0.9512195121951219,0.0975609756097561,,-0.9024390243902439,0.20121951219512196,,-0.7987804878048781,,,
B,bolivia/tile254,164,4,control S2 patch variance,0.0030469719138217586,0.25,,-0.75,0.5,,-0.5,0.75,,-0.25,,,
B,bolivia/tile254,164,4,control NDWI level,0.0009913390732311839,0.75,,-0.25,1.0,,0.0,1.0,,0.0,,,
B,bolivia/tile255,225,11,confidence (baseline),0.003023632148536639,0.6363636363636364,,0.0,0.8181818181818182,,0.0,1.0,,0.0,,,
B,bolivia/tile255,225,11,tile-phase (aligned),0.0031183539024763063,0.45454545454545453,,-0.18181818181818182,0.9090909090909091,,0.09090909090909083,1.0,,0.0,,,
B,bolivia/tile255,225,11,boundary indicator,0.02378723812928465,0.5496632996632997,,-0.08670033670033661,0.5728114478114478,,-0.24537037037037046,0.6212121212121212,,-0.3787878787878788,,,
B,bolivia/tile255,225,11,control NDWI gradient,0.0023982486675880477,0.5454545454545454,,-0.09090909090909094,1.0,,0.18181818181818177,1.0,,0.0,,,
B,bolivia/tile255,225,11,constant score,0.04888888888888887,0.04888888888888889,,-0.5874747474747475,0.09777777777777778,,-0.7204040404040405,0.2,,-0.8,,,
B,bolivia/tile255,225,11,control S2 patch variance,0.0026701176128155145,0.45454545454545453,,-0.18181818181818182,1.0,,0.18181818181818177,1.0,,0.0,,,
B,bolivia/tile255,225,11,control NDWI level,0.0037943984759576106,0.6363636363636364,,0.0,0.7272727272727273,,-0.09090909090909094,0.9090909090909091,,-0.09090909090909094,,,
B,bolivia/tile256,29,6,confidence (baseline),0.13694734143746465,0.16666666666666666,,0.0,0.3333333333333333,,0.0,0.5,,0.0,,,
B,bolivia/tile256,29,6,tile-phase (aligned),0.10690805372201502,0.16666666666666666,,0.0,0.3333333333333333,,0.0,0.3333333333333333,,-0.16666666666666669,,,
B,bolivia/tile256,29,6,boundary indicator,0.06838818868922611,0.16666666666666666,,0.0,0.25,,-0.08333333333333331,0.5,,0.0,,,
B,bolivia/tile256,29,6,control NDWI gradient,0.0729839020878407,0.0,,-0.16666666666666666,0.3333333333333333,,0.0,0.6666666666666666,,0.16666666666666663,,,
B,bolivia/tile256,29,6,constant score,0.20689655172413796,0.034482758620689655,,-0.13218390804597702,0.10344827586206896,,-0.22988505747126436,0.20689655172413793,,-0.2931034482758621,,,
B,bolivia/tile256,29,6,control S2 patch variance,0.06645355046378593,0.0,,-0.16666666666666666,0.16666666666666666,,-0.16666666666666666,0.3333333333333333,,-0.16666666666666669,,,
B,bolivia/tile256,29,6,control NDWI level,0.0988018220572685,0.0,,-0.16666666666666666,0.0,,-0.3333333333333333,0.16666666666666666,,-0.33333333333333337,,,
B,bolivia/tile257,129,11,confidence (baseline),0.007604457409838918,0.18181818181818182,,0.0,0.7272727272727273,,0.0,1.0,,0.0,,,
B,bolivia/tile257,129,11,tile-phase (aligned),0.006553075760518136,0.45454545454545453,,0.2727272727272727,0.7272727272727273,,0.0,1.0,,0.0,,,
B,bolivia/tile257,129,11,boundary indicator,0.017002301782476182,0.2121212121212121,,0.030303030303030276,0.5151515151515151,,-0.21212121212121215,0.9090909090909091,,-0.09090909090909094,,,
B,bolivia/tile257,129,11,control NDWI gradient,0.042765066556958435,0.0,,-0.18181818181818182,0.09090909090909091,,-0.6363636363636364,0.18181818181818182,,-0.8181818181818181,,,
B,bolivia/tile257,129,11,constant score,0.08527131782945738,0.046511627906976744,,-0.13530655391120508,0.10077519379844961,,-0.6264975334742777,0.20155038759689922,,-0.7984496124031008,,,
B,bolivia/tile257,129,11,control S2 patch variance,0.15291329931494896,0.0,,-0.18181818181818182,0.0,,-0.7272727272727273,0.18181818181818182,,-0.8181818181818181,,,
B,bolivia/tile257,129,11,control NDWI level,0.010076185319533195,0.2727272727272727,,0.09090909090909088,0.5454545454545454,,-0.18181818181818188,0.9090909090909091,,-0.09090909090909094,,,
B,bolivia/tile260,225,15,confidence (baseline),0.01820264220344419,0.26666666666666666,,0.0,0.4666666666666667,,0.0,0.6,,0.0,,,
B,bolivia/tile260,225,15,tile-phase (aligned),0.009465913157652805,0.26666666666666666,,0.0,0.5333333333333333,,0.06666666666666665,0.8666666666666667,,0.2666666666666667,,,
B,bolivia/tile260,225,15,boundary indicator,0.007413930291387544,0.32,,0.053333333333333344,0.5720430107526882,,0.10537634408602148,0.8688172043010752,,0.26881720430107525,,,
B,bolivia/tile260,225,15,control NDWI gradient,0.015581699593251041,0.26666666666666666,,0.0,0.3333333333333333,,-0.13333333333333336,0.5333333333333333,,-0.06666666666666665,,,
B,bolivia/tile260,225,15,constant score,0.06666666666666665,0.048888888888888885,,-0.2177777777777778,0.09777777777777777,,-0.36888888888888893,0.2,,-0.39999999999999997,,,
B,bolivia/tile260,225,15,control S2 patch variance,0.01970043980583887,0.2,,-0.06666666666666665,0.3333333333333333,,-0.13333333333333336,0.5333333333333333,,-0.06666666666666665,,,
B,bolivia/tile260,225,15,control NDWI level,0.02864493421581964,0.13333333333333333,,-0.13333333333333333,0.26666666666666666,,-0.2,0.6,,0.0,,,
B,bolivia/tile261,205,18,confidence (baseline),0.014701216496352804,0.2777777777777778,,0.0,0.5,,0.0,0.7777777777777778,,0.0,,,
B,bolivia/tile261,205,18,tile-phase (aligned),0.012484807275281895,0.3888888888888889,,0.1111111111111111,0.5,,0.0,0.8888888888888888,,0.11111111111111105,,,
B,bolivia/tile261,205,18,boundary indicator,0.013075005959256624,0.3101851851851852,,0.032407407407407385,0.6342592592592593,,0.1342592592592593,0.8333333333333334,,0.05555555555555558,,,
B,bolivia/tile261,205,18,control NDWI gradient,0.02435663892725683,0.1111111111111111,,-0.16666666666666669,0.2777777777777778,,-0.2222222222222222,0.5555555555555556,,-0.2222222222222222,,,
B,bolivia/tile261,205,18,constant score,0.08780487804878048,0.04878048780487805,,-0.22899728997289975,0.0975609756097561,,-0.4024390243902439,0.2,,-0.5777777777777777,,,
B,bolivia/tile261,205,18,control S2 patch variance,0.03481471380547029,0.1111111111111111,,-0.16666666666666669,0.3333333333333333,,-0.16666666666666669,0.5,,-0.2777777777777778,,,
B,bolivia/tile261,205,18,control NDWI level,0.022891552186318755,0.2222222222222222,,-0.05555555555555558,0.3888888888888889,,-0.1111111111111111,0.6666666666666666,,-0.11111111111111116,,,
B,bolivia/tile262,102,8,confidence (baseline),0.01303186662447045,0.375,,0.0,0.625,,0.0,0.75,,0.0,,,
B,bolivia/tile262,102,8,tile-phase (aligned),0.01718851284498975,0.25,,-0.125,0.5,,-0.125,0.75,,0.0,,,
B,bolivia/tile262,102,8,boundary indicator,0.024843487367563113,0.4375,,0.0625,0.5178571428571429,,-0.1071428571428571,0.6964285714285714,,-0.0535714285714286,,,
B,bolivia/tile262,102,8,control NDWI gradient,0.04977487073654601,0.125,,-0.25,0.25,,-0.375,0.625,,-0.125,,,
B,bolivia/tile262,102,8,constant score,0.07843137254901958,0.049019607843137254,,-0.32598039215686275,0.09803921568627451,,-0.5269607843137255,0.19607843137254902,,-0.553921568627451,,,
B,bolivia/tile262,102,8,control S2 patch variance,0.016058674024116926,0.25,,-0.125,0.375,,-0.25,0.625,,-0.125,,,
B,bolivia/tile262,102,8,control NDWI level,0.03587154052531287,0.0,,-0.375,0.0,,-0.625,0.25,,-0.5,,,
B,bolivia/tile263,168,4,confidence (baseline),0.0028621254534820974,0.5,,0.0,0.75,,0.0,0.75,,0.0,,,
B,bolivia/tile263,168,4,tile-phase (aligned),0.0010418155928840888,0.75,,0.25,0.75,,0.0,1.0,,0.25,,,
B,bolivia/tile263,168,4,boundary indicator,0.00035644282438989066,1.0,,0.5,1.0,,0.25,1.0,,0.25,,,
B,bolivia/tile263,168,4,control NDWI gradient,0.011996519900715137,0.25,,-0.25,0.5,,-0.25,0.5,,-0.25,,,
B,bolivia/tile263,168,4,constant score,0.023809523809523808,0.047619047619047616,,-0.4523809523809524,0.10119047619047619,,-0.6488095238095238,0.20238095238095238,,-0.5476190476190477,,,
B,bolivia/tile263,168,4,control S2 patch variance,0.0404388178733826,0.0,,-0.5,0.0,,-0.75,0.0,,-0.75,,,
B,bolivia/tile263,168,4,control NDWI level,0.002472021372370731,0.0,,-0.5,0.5,,-0.25,1.0,,0.25,,,
B,bolivia/tile264,139,7,confidence (baseline),0.0029773546968010754,0.5714285714285714,,0.0,0.8571428571428571,,0.0,1.0,,0.0,,,
B,bolivia/tile264,139,7,tile-phase (aligned),0.0024840032119184197,0.7142857142857143,,0.1428571428571429,0.8571428571428571,,0.0,1.0,,0.0,,,
B,bolivia/tile264,139,7,boundary indicator,0.0014705933850335158,1.0,,0.4285714285714286,1.0,,0.1428571428571429,1.0,,0.0,,,
B,bolivia/tile264,139,7,control NDWI gradient,0.01653121193854238,0.2857142857142857,,-0.2857142857142857,0.2857142857142857,,-0.5714285714285714,0.42857142857142855,,-0.5714285714285714,,,
B,bolivia/tile264,139,7,constant score,0.05035971223021584,0.050359712230215826,,-0.5210688591983555,0.10071942446043165,,-0.7564234326824254,0.2014388489208633,,-0.7985611510791367,,,
B,bolivia/tile264,139,7,control S2 patch variance,0.07937014880741253,0.0,,-0.5714285714285714,0.0,,-0.8571428571428571,0.0,,-1.0,,,
B,bolivia/tile264,139,7,control NDWI level,0.022426645383436507,0.14285714285714285,,-0.42857142857142855,0.42857142857142855,,-0.42857142857142855,0.5714285714285714,,-0.4285714285714286,,,
B,bolivia/tile265,115,22,confidence (baseline),0.07397670536608256,0.22727272727272727,,0.0,0.36363636363636365,,0.0,0.5909090909090909,,0.0,,,
B,bolivia/tile265,115,22,tile-phase (aligned),0.07187870338409058,0.045454545454545456,,-0.18181818181818182,0.22727272727272727,,-0.13636363636363638,0.4090909090909091,,-0.18181818181818182,,,
B,bolivia/tile265,115,22,boundary indicator,0.049598107974930784,0.17045454545454544,,-0.05681818181818182,0.3051948051948052,,-0.05844155844155846,0.5727272727272728,,-0.018181818181818188,,,
B,bolivia/tile265,115,22,control NDWI gradient,0.1357531915631145,0.045454545454545456,,-0.18181818181818182,0.13636363636363635,,-0.2272727272727273,0.36363636363636365,,-0.2272727272727273,,,
B,bolivia/tile265,115,22,constant score,0.19130434782608693,0.052173913043478265,,-0.175098814229249,0.10434782608695653,,-0.2592885375494071,0.2,,-0.39090909090909093,,,
B,bolivia/tile265,115,22,control S2 patch variance,0.17327443503986287,0.0,,-0.22727272727272727,0.045454545454545456,,-0.3181818181818182,0.13636363636363635,,-0.4545454545454546,,,
B,bolivia/tile265,115,22,control NDWI level,0.09952872194143614,0.13636363636363635,,-0.09090909090909091,0.18181818181818182,,-0.18181818181818182,0.5454545454545454,,-0.045454545454545525,,,
B,bolivia/tile266,148,46,confidence (baseline),0.2942353486122884,0.06521739130434782,,0.0,0.15217391304347827,,0.0,0.30434782608695654,,0.0,,,
B,bolivia/tile266,148,46,tile-phase (aligned),0.31247575134121897,0.06521739130434782,,0.0,0.15217391304347827,,0.0,0.32608695652173914,,0.021739130434782594,,,
B,bolivia/tile266,148,46,boundary indicator,0.2629574675923906,0.07763975155279504,,0.012422360248447215,0.1884057971014493,,0.03623188405797104,0.3788819875776398,,0.07453416149068326,,,
B,bolivia/tile266,148,46,control NDWI gradient,0.257327862453151,0.0,,-0.06521739130434782,0.021739130434782608,,-0.13043478260869568,0.15217391304347827,,-0.15217391304347827,,,
B,bolivia/tile266,148,46,constant score,0.3108108108108108,0.0472972972972973,,-0.017920094007050524,0.10135135135135136,,-0.050822561692126914,0.20270270270270271,,-0.10164512338425383,,,
B,bolivia/tile266,148,46,control S2 patch variance,0.46031876643710806,0.0,,-0.06521739130434782,0.0,,-0.15217391304347827,0.021739130434782608,,-0.28260869565217395,,,
B,bolivia/tile266,148,46,control NDWI level,0.22052732903814046,0.08695652173913043,,0.021739130434782608,0.13043478260869565,,-0.021739130434782622,0.2826086956521739,,-0.02173913043478265,,,
B,bolivia/tile267,225,10,confidence (baseline),0.0022534228341652422,0.5,,0.0,1.0,,0.0,1.0,,0.0,,,
B,bolivia/tile267,225,10,tile-phase (aligned),0.0028340651956344394,0.4,,-0.09999999999999998,0.9,,-0.09999999999999998,1.0,,0.0,,,
B,bolivia/tile267,225,10,boundary indicator,0.001989660225114513,0.625,,0.125,1.0,,0.0,1.0,,0.0,,,
B,bolivia/tile267,225,10,control NDWI gradient,0.007875330482432417,0.1,,-0.4,0.4,,-0.6,0.7,,-0.30000000000000004,,,
B,bolivia/tile267,225,10,constant score,0.04444444444444444,0.048888888888888885,,-0.45111111111111113,0.09777777777777777,,-0.9022222222222223,0.2,,-0.8,,,
B,bolivia/tile267,225,10,control S2 patch variance,0.003785722738456591,0.3,,-0.2,0.7,,-0.30000000000000004,1.0,,0.0,,,
B,bolivia/tile267,225,10,control NDWI level,0.003988709649007514,0.3,,-0.2,0.8,,-0.19999999999999996,1.0,,0.0,,,
B,bolivia/tile268,155,25,confidence (baseline),0.02652613603073133,0.32,,0.0,0.44,,0.0,0.64,,0.0,,,
B,bolivia/tile268,155,25,tile-phase (aligned),0.04163280754244944,0.16,,-0.16,0.24,,-0.2,0.44,,-0.2,,,
B,bolivia/tile268,155,25,boundary indicator,0.07816298948915928,0.264,,-0.055999999999999994,0.4369230769230769,,-0.003076923076923088,0.5775,,-0.0625,,,
B,bolivia/tile268,155,25,control NDWI gradient,0.17475212325476133,0.0,,-0.32,0.08,,-0.36,0.12,,-0.52,,,
B,bolivia/tile268,155,25,constant score,0.1612903225806452,0.05161290322580645,,-0.26838709677419353,0.1032258064516129,,-0.3367741935483871,0.2,,-0.44,,,
B,bolivia/tile268,155,25,control S2 patch variance,0.033589759552012446,0.2,,-0.12,0.28,,-0.15999999999999998,0.56,,-0.07999999999999996,,,
B,bolivia/tile268,155,25,control NDWI level,0.018577055066339693,0.28,,-0.03999999999999998,0.56,,0.12000000000000005,0.88,,0.24,,,
B,bolivia/tile271,217,15,confidence (baseline),0.016825117440061182,0.3333333333333333,,0.0,0.4666666666666667,,0.0,0.6666666666666666,,0.0,,,
B,bolivia/tile271,217,15,tile-phase (aligned),0.010326725633465098,0.3333333333333333,,0.0,0.6666666666666666,,0.19999999999999996,0.7333333333333333,,0.06666666666666665,,,
B,bolivia/tile271,217,15,boundary indicator,0.006301107608799618,0.4,,0.06666666666666671,0.6444444444444444,,0.1777777777777777,0.9416666666666667,,0.275,,,
B,bolivia/tile271,217,15,control NDWI gradient,0.027428779527853504,0.0,,-0.3333333333333333,0.4666666666666667,,0.0,0.6666666666666666,,0.0,,,
B,bolivia/tile271,217,15,constant score,0.06912442396313366,0.05069124423963134,,-0.282642089093702,0.10138248847926268,,-0.365284178187404,0.19815668202764977,,-0.46850998463901683,,,
B,bolivia/tile271,217,15,control S2 patch variance,0.06543841204954119,0.0,,-0.3333333333333333,0.06666666666666667,,-0.4,0.06666666666666667,,-0.6,,,
B,bolivia/tile271,217,15,control NDWI level,0.020813079449183303,0.3333333333333333,,0.0,0.4666666666666667,,0.0,0.6,,-0.06666666666666665,,,
B,bolivia/tile272,210,35,confidence (baseline),0.07032334559747494,0.11428571428571428,,0.0,0.2571428571428571,,0.0,0.37142857142857144,,0.0,,,
B,bolivia/tile272,210,35,tile-phase (aligned),0.058204504269909495,0.14285714285714285,,0.028571428571428567,0.2571428571428571,,0.0,0.5428571428571428,,0.17142857142857137,,,
B,bolivia/tile272,210,35,boundary indicator,0.08467732726859012,0.14285714285714285,,0.028571428571428567,0.29591836734693877,,0.038775510204081653,0.5156462585034014,,0.14421768707482996,,,
B,bolivia/tile272,210,35,control NDWI gradient,0.12695621602779356,0.05714285714285714,,-0.05714285714285714,0.2,,-0.057142857142857106,0.2857142857142857,,-0.08571428571428574,,,
B,bolivia/tile272,210,35,constant score,0.1666666666666667,0.04761904761904762,,-0.06666666666666665,0.1,,-0.1571428571428571,0.2,,-0.17142857142857143,,,
B,bolivia/tile272,210,35,control S2 patch variance,0.20416938403279888,0.0,,-0.11428571428571428,0.0,,-0.2571428571428571,0.0,,-0.37142857142857144,,,
B,bolivia/tile272,210,35,control NDWI level,0.07941089411152476,0.11428571428571428,,0.0,0.22857142857142856,,-0.028571428571428553,0.37142857142857144,,0.0,,,
B,bolivia/tile273,46,8,confidence (baseline),0.05460380336313392,0.0,,0.0,0.125,,0.0,0.625,,0.0,,,
B,bolivia/tile273,46,8,tile-phase (aligned),0.0655426615714748,0.125,,0.125,0.25,,0.125,0.375,,-0.25,,,
B,bolivia/tile273,46,8,boundary indicator,0.043073404805891446,0.125,,0.125,0.34375,,0.21875,0.6666666666666666,,0.04166666666666663,,,
B,bolivia/tile273,46,8,control NDWI gradient,0.09248761169301227,0.125,,0.125,0.25,,0.125,0.25,,-0.375,,,
B,bolivia/tile273,46,8,constant score,0.17391304347826084,0.043478260869565216,,0.043478260869565216,0.10869565217391304,,-0.01630434782608696,0.1956521739130435,,-0.42934782608695654,,,
B,bolivia/tile273,46,8,control S2 patch variance,0.17117113351311875,0.0,,0.0,0.0,,-0.125,0.125,,-0.5,,,
B,bolivia/tile273,46,8,control NDWI level,0.08408039405841515,0.125,,0.125,0.125,,0.0,0.375,,-0.25,,,
B,bolivia/tile274,220,21,confidence (baseline),0.01905456508478584,0.14285714285714285,,0.0,0.38095238095238093,,0.0,0.6190476190476191,,0.0,,,
B,bolivia/tile274,220,21,tile-phase (aligned),0.012587750843443716,0.2857142857142857,,0.14285714285714285,0.47619047619047616,,0.09523809523809523,0.8571428571428571,,0.23809523809523803,,,
B,bolivia/tile274,220,21,boundary indicator,0.0222734470298768,0.2962962962962963,,0.15343915343915343,0.5047619047619047,,0.12380952380952381,0.8285714285714285,,0.20952380952380945,,,
B,bolivia/tile274,220,21,control NDWI gradient,0.0696286206098456,0.09523809523809523,,-0.047619047619047616,0.19047619047619047,,-0.19047619047619047,0.23809523809523808,,-0.380952380952381,,,
B,bolivia/tile274,220,21,constant score,0.09545454545454546,0.05,,-0.09285714285714285,0.1,,-0.28095238095238095,0.2,,-0.41904761904761906,,,
B,bolivia/tile274,220,21,control S2 patch variance,0.018887575961120097,0.3333333333333333,,0.19047619047619047,0.47619047619047616,,0.09523809523809523,0.6666666666666666,,0.04761904761904756,,,
B,bolivia/tile274,220,21,control NDWI level,0.026767979051109753,0.14285714285714285,,0.0,0.2857142857142857,,-0.09523809523809523,0.42857142857142855,,-0.19047619047619052,,,
B,bolivia/tile275,168,15,confidence (baseline),0.01049417651907082,0.3333333333333333,,0.0,0.6,,0.0,0.8666666666666667,,0.0,,,
B,bolivia/tile275,168,15,tile-phase (aligned),0.007678238783790822,0.4,,0.06666666666666671,0.6666666666666666,,0.06666666666666665,0.9333333333333333,,0.06666666666666665,,,
B,bolivia/tile275,168,15,boundary indicator,0.021199667404256505,0.49333333333333335,,0.16000000000000003,0.8666666666666667,,0.2666666666666667,0.8666666666666667,,0.0,,,
B,bolivia/tile275,168,15,control NDWI gradient,0.03896359649768674,0.2,,-0.1333333333333333,0.26666666666666666,,-0.3333333333333333,0.4,,-0.4666666666666667,,,
B,bolivia/tile275,168,15,constant score,0.08928571428571429,0.04761904761904762,,-0.2857142857142857,0.10119047619047619,,-0.4988095238095238,0.20238095238095238,,-0.6642857142857144,,,
B,bolivia/tile275,168,15,control S2 patch variance,0.012468600375970217,0.3333333333333333,,0.0,0.5333333333333333,,-0.06666666666666665,0.8,,-0.06666666666666665,,,
B,bolivia/tile275,168,15,control NDWI level,0.020068753920462062,0.06666666666666667,,-0.26666666666666666,0.4,,-0.19999999999999996,0.5333333333333333,,-0.33333333333333337,,,
B,bolivia/tile277,185,5,confidence (baseline),0.0019387313774133065,0.4,,0.0,0.8,,0.0,1.0,,0.0,,,
B,bolivia/tile277,185,5,tile-phase (aligned),0.0013608025457897363,0.6,,0.19999999999999996,1.0,,0.19999999999999996,1.0,,0.0,,,
B,bolivia/tile277,185,5,boundary indicator,0.0013363925048346262,0.625,,0.22499999999999998,0.85,,0.04999999999999993,1.0,,0.0,,,
B,bolivia/tile277,185,5,control NDWI gradient,0.00857789436181456,0.0,,-0.4,0.0,,-0.8,0.6,,-0.4,,,
B,bolivia/tile277,185,5,constant score,0.02702702702702703,0.04864864864864865,,-0.35135135135135137,0.0972972972972973,,-0.7027027027027027,0.2,,-0.8,,,
B,bolivia/tile277,185,5,control S2 patch variance,0.011965941593894207,0.2,,-0.2,0.2,,-0.6000000000000001,0.6,,-0.4,,,
B,bolivia/tile277,185,5,control NDWI level,0.0017811430572416919,0.6,,0.19999999999999996,0.6,,-0.20000000000000007,1.0,,0.0,,,
B,bolivia/tile278,224,27,confidence (baseline),0.028147464893824168,0.25925925925925924,,0.0,0.5185185185185185,,0.0,0.7037037037037037,,0.0,,,
B,bolivia/tile278,224,27,tile-phase (aligned),0.01974781213339094,0.2222222222222222,,-0.037037037037037035,0.37037037037037035,,-0.14814814814814814,0.6666666666666666,,-0.03703703703703709,,,
B,bolivia/tile278,224,27,boundary indicator,0.05183649236680375,0.25925925925925924,,0.0,0.3958333333333333,,-0.12268518518518517,0.6018518518518519,,-0.10185185185185186,,,
B,bolivia/tile278,224,27,control NDWI gradient,0.02941233680447849,0.2222222222222222,,-0.037037037037037035,0.4074074074074074,,-0.1111111111111111,0.5185185185185185,,-0.18518518518518523,,,
B,bolivia/tile278,224,27,constant score,0.12053571428571426,0.049107142857142856,,-0.2101521164021164,0.09821428571428571,,-0.4203042328042328,0.20089285714285715,,-0.5028108465608465,,,
B,bolivia/tile278,224,27,control S2 patch variance,0.09141186582245285,0.14814814814814814,,-0.1111111111111111,0.14814814814814814,,-0.37037037037037035,0.37037037037037035,,-0.33333333333333337,,,
B,bolivia/tile278,224,27,control NDWI level,0.04054535293669832,0.14814814814814814,,-0.1111111111111111,0.4074074074074074,,-0.1111111111111111,0.48148148148148145,,-0.22222222222222227,,,
B,bolivia/tile279,222,57,confidence (baseline),0.1451924646573283,0.08771929824561403,,0.0,0.19298245614035087,,0.0,0.3508771929824561,,0.0,,,
B,bolivia/tile279,222,57,tile-phase (aligned),0.16724780116359209,0.10526315789473684,,0.017543859649122806,0.19298245614035087,,0.0,0.3508771929824561,,0.0,,,
B,bolivia/tile279,222,57,boundary indicator,0.179769778108402,0.13157894736842105,,0.043859649122807015,0.22807017543859648,,0.03508771929824561,0.3834586466165414,,0.03258145363408527,,,
B,bolivia/tile279,222,57,control NDWI gradient,0.2324820519409638,0.03508771929824561,,-0.05263157894736842,0.07017543859649122,,-0.12280701754385964,0.17543859649122806,,-0.17543859649122806,,,
B,bolivia/tile279,222,57,constant score,0.25675675675675674,0.04954954954954954,,-0.03816974869606449,0.09909909909909909,,-0.09388335704125178,0.19819819819819817,,-0.15267899478425795,,,
B,bolivia/tile279,222,57,control S2 patch variance,0.4530469365997267,0.0,,-0.08771929824561403,0.0,,-0.19298245614035087,0.0,,-0.3508771929824561,,,
B,bolivia/tile279,222,57,control NDWI level,0.137383826243809,0.08771929824561403,,0.0,0.19298245614035087,,0.0,0.3157894736842105,,-0.03508771929824561,,,
B,bolivia/tile280,92,9,confidence (baseline),0.04670234598269261,0.3333333333333333,,0.0,0.3333333333333333,,0.0,0.3333333333333333,,0.0,,,
B,bolivia/tile280,92,9,tile-phase (aligned),0.03359357882135443,0.3333333333333333,,0.0,0.4444444444444444,,0.1111111111111111,0.4444444444444444,,0.1111111111111111,,,
B,bolivia/tile280,92,9,boundary indicator,0.02992720844971844,0.2698412698412698,,-0.06349206349206349,0.46031746031746024,,0.12698412698412692,0.7111111111111111,,0.3777777777777778,,,
B,bolivia/tile280,92,9,control NDWI gradient,0.12119263990763872,0.0,,-0.3333333333333333,0.1111111111111111,,-0.2222222222222222,0.2222222222222222,,-0.1111111111111111,,,
B,bolivia/tile280,92,9,constant score,0.09782608695652174,0.05434782608695652,,-0.2789855072463768,0.09782608695652174,,-0.23550724637681159,0.1956521739130435,,-0.13768115942028983,,,
B,bolivia/tile280,92,9,control S2 patch variance,0.06945671049942344,0.1111111111111111,,-0.2222222222222222,0.2222222222222222,,-0.1111111111111111,0.2222222222222222,,-0.1111111111111111,,,
B,bolivia/tile280,92,9,control NDWI level,0.05005755406118542,0.0,,-0.3333333333333333,0.0,,-0.3333333333333333,0.4444444444444444,,0.1111111111111111,,,
B,bolivia/tile281,171,20,confidence (baseline),0.024297806035763907,0.2,,0.0,0.45,,0.0,0.7,,0.0,,,
B,bolivia/tile281,171,20,tile-phase (aligned),0.019228295547267113,0.2,,0.0,0.35,,-0.10000000000000003,0.85,,0.15000000000000002,,,
B,bolivia/tile281,171,20,boundary indicator,0.035778897935590345,0.13333333333333333,,-0.06666666666666668,0.3205882352941177,,-0.12941176470588234,0.6708333333333333,,-0.029166666666666674,,,
B,bolivia/tile281,171,20,control NDWI gradient,0.04020523725647149,0.1,,-0.1,0.25,,-0.2,0.45,,-0.24999999999999994,,,
B,bolivia/tile281,171,20,constant score,0.11695906432748537,0.05263157894736842,,-0.1473684210526316,0.09941520467836257,,-0.35058479532163744,0.19883040935672514,,-0.5011695906432748,,,
B,bolivia/tile281,171,20,control S2 patch variance,0.042105664186944884,0.1,,-0.1,0.2,,-0.25,0.4,,-0.29999999999999993,,,
B,bolivia/tile281,171,20,control NDWI level,0.02446183787554626,0.3,,0.09999999999999998,0.5,,0.04999999999999999,0.7,,0.0,,,
B,bolivia/tile282,125,4,confidence (baseline),0.0011809653349891403,0.75,,0.0,1.0,,0.0,1.0,,0.0,,,
B,bolivia/tile282,125,4,tile-phase (aligned),0.0014523954639480779,0.75,,0.0,1.0,,0.0,1.0,,0.0,,,
B,bolivia/tile282,125,4,boundary indicator,0.0010441338296931148,0.75,,0.0,1.0,,0.0,1.0,,0.0,,,
B,bolivia/tile282,125,4,control NDWI gradient,0.01722805473784297,0.0,,-0.75,0.0,,-1.0,0.5,,-0.5,,,
B,bolivia/tile282,125,4,constant score,0.032000000000000015,0.048,,-0.702,0.096,,-0.904,0.2,,-0.8,,,
B,bolivia/tile282,125,4,control S2 patch variance,0.0031038637424358625,0.5,,-0.25,0.75,,-0.25,0.75,,-0.25,,,
B,bolivia/tile282,125,4,control NDWI level,0.002526515577989675,0.5,,-0.25,0.75,,-0.25,1.0,,0.0,,,
B,bolivia/tile283,166,13,confidence (baseline),0.008432007735110107,0.46153846153846156,,0.0,0.6153846153846154,,0.0,0.8461538461538461,,0.0,,,
B,bolivia/tile283,166,13,tile-phase (aligned),0.008089675712522709,0.23076923076923078,,-0.23076923076923078,0.6153846153846154,,0.0,1.0,,0.15384615384615385,,,
B,bolivia/tile283,166,13,boundary indicator,0.008037251113795652,0.14102564102564102,,-0.32051282051282054,0.5934065934065934,,-0.02197802197802201,1.0,,0.15384615384615385,,,
B,bolivia/tile283,166,13,control NDWI gradient,0.014384631845575856,0.15384615384615385,,-0.3076923076923077,0.38461538461538464,,-0.23076923076923078,0.6923076923076923,,-0.15384615384615385,,,
B,bolivia/tile283,166,13,constant score,0.07831325301204818,0.04819277108433735,,-0.4133456904541242,0.10240963855421686,,-0.5129749768303986,0.19879518072289157,,-0.6473586654309545,,,
B,bolivia/tile283,166,13,control S2 patch variance,0.029392178513503252,0.15384615384615385,,-0.3076923076923077,0.38461538461538464,,-0.23076923076923078,0.6153846153846154,,-0.23076923076923073,,,
B,bolivia/tile283,166,13,control NDWI level,0.008208160709896849,0.38461538461538464,,-0.07692307692307693,0.6153846153846154,,0.0,0.8461538461538461,,0.0,,,
B,bolivia/tile284,188,6,confidence (baseline),0.00113510904489176,0.6666666666666666,,0.0,1.0,,0.0,1.0,,0.0,,,
B,bolivia/tile284,188,6,tile-phase (aligned),0.0010710859327253232,0.6666666666666666,,0.0,1.0,,0.0,1.0,,0.0,,,
B,bolivia/tile284,188,6,boundary indicator,0.000599513298848246,1.0,,0.33333333333333337,1.0,,0.0,1.0,,0.0,,,
B,bolivia/tile284,188,6,control NDWI gradient,0.033648159165319366,0.16666666666666666,,-0.5,0.5,,-0.5,0.8333333333333334,,-0.16666666666666663,,,
B,bolivia/tile284,188,6,constant score,0.031914893617021274,0.04787234042553192,,-0.6187943262411347,0.10106382978723405,,-0.898936170212766,0.2021276595744681,,-0.7978723404255319,,,
B,bolivia/tile284,188,6,control S2 patch variance,0.035690185278852274,0.0,,-0.6666666666666666,0.0,,-1.0,0.0,,-1.0,,,
B,bolivia/tile284,188,6,control NDWI level,0.006591996612946123,0.16666666666666666,,-0.5,0.5,,-0.5,0.5,,-0.5,,,
B,bolivia/tile285,131,15,confidence (baseline),0.018077642424867674,0.13333333333333333,,0.0,0.3333333333333333,,0.0,0.7333333333333333,,0.0,,,
B,bolivia/tile285,131,15,tile-phase (aligned),0.019225517852182118,0.26666666666666666,,0.13333333333333333,0.4,,0.06666666666666671,0.6666666666666666,,-0.06666666666666665,,,
B,bolivia/tile285,131,15,boundary indicator,0.010751711969460061,0.3777777777777778,,0.2444444444444445,0.6666666666666666,,0.3333333333333333,0.9380952380952381,,0.2047619047619048,,,
B,bolivia/tile285,131,15,control NDWI gradient,0.21392145883672906,0.06666666666666667,,-0.06666666666666667,0.06666666666666667,,-0.26666666666666666,0.06666666666666667,,-0.6666666666666666,,,
B,bolivia/tile285,131,15,constant score,0.11450381679389313,0.05343511450381679,,-0.07989821882951653,0.09923664122137404,,-0.23409669211195927,0.1984732824427481,,-0.5348600508905852,,,
B,bolivia/tile285,131,15,control S2 patch variance,0.01481974742680603,0.3333333333333333,,0.19999999999999998,0.6,,0.26666666666666666,0.8,,0.06666666666666676,,,
B,bolivia/tile285,131,15,control NDWI level,0.020437232837923314,0.2,,0.06666666666666668,0.3333333333333333,,0.0,0.6666666666666666,,-0.06666666666666665,,,
B,bolivia/tile286,225,6,confidence (baseline),0.0014877682928185207,0.3333333333333333,,0.0,1.0,,0.0,1.0,,0.0,,,
B,bolivia/tile286,225,6,tile-phase (aligned),0.0023005571861519553,0.3333333333333333,,0.0,0.6666666666666666,,-0.33333333333333337,1.0,,0.0,,,
B,bolivia/tile286,225,6,boundary indicator,0.0007474497836986366,0.7222222222222222,,0.3888888888888889,1.0,,0.0,1.0,,0.0,,,
B,bolivia/tile286,225,6,control NDWI gradient,0.014763622352246906,0.0,,-0.3333333333333333,0.0,,-1.0,0.0,,-1.0,,,
B,bolivia/tile286,225,6,constant score,0.02666666666666667,0.04888888888888889,,-0.28444444444444444,0.09777777777777778,,-0.9022222222222223,0.19999999999999998,,-0.8,,,
B,bolivia/tile286,225,6,control S2 patch variance,0.001155038359921712,0.5,,0.16666666666666669,1.0,,0.0,1.0,,0.0,,,
B,bolivia/tile286,225,6,control NDWI level,0.0006228580603344938,0.8333333333333334,,0.5,1.0,,0.0,1.0,,0.0,,,
B,bolivia/tile287,207,8,confidence (baseline),0.0038469863894148924,0.125,,0.0,0.75,,0.0,1.0,,0.0,,,
B,bolivia/tile287,207,8,tile-phase (aligned),0.0027662715619267042,0.375,,0.25,0.75,,0.0,1.0,,0.0,,,
B,bolivia/tile287,207,8,boundary indicator,0.001961895955401494,0.625,,0.5,0.8828125,,0.1328125,1.0,,0.0,,,
B,bolivia/tile287,207,8,control NDWI gradient,0.013015628981268063,0.125,,0.0,0.25,,-0.5,0.375,,-0.625,,,
B,bolivia/tile287,207,8,constant score,0.038647342995169094,0.04830917874396135,,-0.07669082125603865,0.10144927536231885,,-0.6485507246376812,0.19806763285024154,,-0.8019323671497585,,,
B,bolivia/tile287,207,8,control S2 patch variance,0.017091103347716827,0.125,,0.0,0.125,,-0.625,0.25,,-0.75,,,
B,bolivia/tile287,207,8,control NDWI level,0.002407973242213516,0.625,,0.5,0.875,,0.125,1.0,,0.0,,,
B,bolivia/tile288,51,16,confidence (baseline),0.1651004539127817,0.0625,,0.0,0.1875,,0.0,0.375,,0.0,,,
B,bolivia/tile288,51,16,tile-phase (aligned),0.230604312236557,0.0625,,0.0,0.0625,,-0.125,0.25,,-0.125,,,
B,bolivia/tile288,51,16,boundary indicator,0.16091884408008197,0.125,,0.0625,0.1875,,0.0,0.3333333333333333,,-0.041666666666666685,,,
B,bolivia/tile288,51,16,control NDWI gradient,0.14067548079875422,0.0625,,0.0,0.0625,,-0.125,0.25,,-0.125,,,
B,bolivia/tile288,51,16,constant score,0.3137254901960784,0.058823529411764705,,-0.003676470588235295,0.09803921568627451,,-0.08946078431372549,0.19607843137254902,,-0.17892156862745098,,,
B,bolivia/tile288,51,16,control S2 patch variance,0.6616438921707106,0.0,,-0.0625,0.0,,-0.1875,0.0,,-0.375,,,
B,bolivia/tile288,51,16,control NDWI level,0.24734585645722096,0.125,,0.0625,0.125,,-0.0625,0.3125,,-0.0625,,,
B,bolivia/tile290,225,7,confidence (baseline),0.0031645651512149154,0.2857142857142857,,0.0,0.5714285714285714,,0.0,0.8571428571428571,,0.0,,,
B,bolivia/tile290,225,7,tile-phase (aligned),0.004086219513261918,0.5714285714285714,,0.2857142857142857,0.5714285714285714,,0.0,0.7142857142857143,,-0.1428571428571428,,,
B,bolivia/tile290,225,7,boundary indicator,0.00449271620262832,0.2857142857142857,,0.0,0.38095238095238093,,-0.19047619047619047,0.7053571428571429,,-0.1517857142857142,,,
B,bolivia/tile290,225,7,control NDWI gradient,0.0026457051838119096,0.7142857142857143,,0.4285714285714286,0.7142857142857143,,0.1428571428571429,0.8571428571428571,,0.0,,,
B,bolivia/tile290,225,7,constant score,0.031111111111111103,0.048888888888888885,,-0.23682539682539683,0.09777777777777777,,-0.47365079365079366,0.19999999999999998,,-0.6571428571428571,,,
B,bolivia/tile290,225,7,control S2 patch variance,0.01920384730407891,0.0,,-0.2857142857142857,0.0,,-0.5714285714285714,0.14285714285714285,,-0.7142857142857142,,,
B,bolivia/tile290,225,7,control NDWI level,0.0011082969244067397,0.8571428571428571,,0.5714285714285714,1.0,,0.4285714285714286,1.0,,0.1428571428571429,,,
B,bolivia/tile291,225,19,confidence (baseline),0.007826905650913962,0.2631578947368421,,0.0,0.631578947368421,,0.0,1.0,,0.0,,,
B,bolivia/tile291,225,19,tile-phase (aligned),0.01469080369275268,0.15789473684210525,,-0.10526315789473684,0.42105263157894735,,-0.21052631578947367,0.6842105263157895,,-0.3157894736842105,,,
B,bolivia/tile291,225,19,boundary indicator,0.027861850586895026,0.0,,-0.2631578947368421,0.09473684210526316,,-0.5368421052631579,0.5555555555555556,,-0.4444444444444444,,,
B,bolivia/tile291,225,19,control NDWI gradient,0.025844631277475483,0.21052631578947367,,-0.05263157894736842,0.3684210526315789,,-0.2631578947368421,0.631578947368421,,-0.368421052631579,,,
B,bolivia/tile291,225,19,constant score,0.08444444444444445,0.04888888888888889,,-0.2142690058479532,0.09777777777777778,,-0.5338011695906433,0.19999999999999998,,-0.8,,,
B,bolivia/tile291,225,19,control S2 patch variance,0.022567269332198322,0.15789473684210525,,-0.10526315789473684,0.2631578947368421,,-0.3684210526315789,0.5263157894736842,,-0.4736842105263158,,,
B,bolivia/tile291,225,19,control NDWI level,0.006416198560862996,0.42105263157894735,,0.15789473684210525,0.6842105263157895,,0.052631578947368474,0.9473684210526315,,-0.052631578947368474,,,
B,bolivia/tile292,177,12,confidence (baseline),0.006892729403509304,0.25,,0.0,0.75,,0.0,0.9166666666666666,,0.0,,,
B,bolivia/tile292,177,12,tile-phase (aligned),0.008333777858548913,0.16666666666666666,,-0.08333333333333334,0.5,,-0.25,0.9166666666666666,,0.0,,,
B,bolivia/tile292,177,12,boundary indicator,0.008060028623454526,0.15151515151515152,,-0.09848484848484848,0.45,,-0.3,0.9629629629629629,,0.04629629629629628,,,
B,bolivia/tile292,177,12,control NDWI gradient,0.017513051866325235,0.3333333333333333,,0.08333333333333331,0.3333333333333333,,-0.4166666666666667,0.5833333333333334,,-0.33333333333333326,,,
B,bolivia/tile292,177,12,constant score,0.06779661016949154,0.05084745762711865,,-0.19915254237288135,0.1016949152542373,,-0.6483050847457628,0.19774011299435026,,-0.7189265536723164,,,
B,bolivia/tile292,177,12,control S2 patch variance,0.0173073814791666,0.25,,0.0,0.4166666666666667,,-0.3333333333333333,0.5,,-0.41666666666666663,,,
B,bolivia/tile292,177,12,control NDWI level,0.004577581112928632,0.5833333333333334,,0.33333333333333337,0.9166666666666666,,0.16666666666666663,0.9166666666666666,,0.0,,,
B,bolivia/tile293,157,8,confidence (baseline),0.010667327804729829,0.25,,0.0,0.5,,0.0,0.625,,0.0,,,
B,bolivia/tile293,157,8,tile-phase (aligned),0.00712603496928099,0.375,,0.125,0.625,,0.125,0.75,,0.125,,,
B,bolivia/tile293,157,8,boundary indicator,0.014708973507146953,0.275,,0.025000000000000022,0.4903846153846154,,-0.009615384615384581,0.725,,0.09999999999999998,,,
B,bolivia/tile293,157,8,control NDWI gradient,0.02636350531770436,0.5,,0.25,0.5,,0.0,0.625,,0.0,,,
B,bolivia/tile293,157,8,constant score,0.050955414012738856,0.050955414012738856,,-0.19904458598726116,0.10191082802547771,,-0.3980891719745223,0.19745222929936307,,-0.42754777070063693,,,
B,bolivia/tile293,157,8,control S2 patch variance,0.03269309494194016,0.25,,0.0,0.5,,0.0,0.625,,0.0,,,
B,bolivia/tile293,157,8,control NDWI level,0.01253715032335651,0.375,,0.125,0.5,,0.0,0.625,,0.0,,,
B,bolivia/tile294,179,25,confidence (baseline),0.03128072042191019,0.16,,0.0,0.24,,0.0,0.64,,0.0,,,
B,bolivia/tile294,179,25,tile-phase (aligned),0.033065087998161526,0.12,,-0.04000000000000001,0.28,,0.040000000000000036,0.56,,-0.07999999999999996,,,
B,bolivia/tile294,179,25,boundary indicator,0.02294694097140823,0.18666666666666665,,0.026666666666666644,0.38,,0.14,0.8,,0.16000000000000003,,,
B,bolivia/tile294,179,25,control NDWI gradient,0.1292527144823717,0.08,,-0.08,0.2,,-0.03999999999999998,0.44,,-0.2,,,
B,bolivia/tile294,179,25,constant score,0.13966480446927373,0.05027932960893855,,-0.10972067039106145,0.1005586592178771,,-0.1394413407821229,0.2011173184357542,,-0.4388826815642458,,,
B,bolivia/tile294,179,25,control S2 patch variance,0.06607767699118977,0.12,,-0.04000000000000001,0.24,,0.0,0.52,,-0.12,,,
B,bolivia/tile294,179,25,control NDWI level,0.0479979951336237,0.16,,0.0,0.28,,0.040000000000000036,0.56,,-0.07999999999999996,,,
B,bolivia/tile295,160,7,confidence (baseline),0.003828434920133053,0.2857142857142857,,0.0,0.8571428571428571,,0.0,0.8571428571428571,,0.0,,,
B,bolivia/tile295,160,7,tile-phase (aligned),0.00411390502406273,0.2857142857142857,,0.0,0.7142857142857143,,-0.1428571428571428,0.8571428571428571,,0.0,,,
B,bolivia/tile295,160,7,boundary indicator,0.0034963592782528475,0.5918367346938777,,0.30612244897959195,0.7362637362637363,,-0.12087912087912078,0.922077922077922,,0.06493506493506496,,,
B,bolivia/tile295,160,7,control NDWI gradient,0.029862676478521068,0.14285714285714285,,-0.14285714285714285,0.2857142857142857,,-0.5714285714285714,0.42857142857142855,,-0.42857142857142855,,,
B,bolivia/tile295,160,7,constant score,0.043750000000000004,0.049999999999999996,,-0.2357142857142857,0.09999999999999999,,-0.7571428571428571,0.19999999999999998,,-0.6571428571428571,,,
B,bolivia/tile295,160,7,control S2 patch variance,0.0039352552879472515,0.42857142857142855,,0.14285714285714285,0.7142857142857143,,-0.1428571428571428,1.0,,0.1428571428571429,,,
B,bolivia/tile295,160,7,control NDWI level,0.006165191196712049,0.14285714285714285,,-0.14285714285714285,0.7142857142857143,,-0.1428571428571428,0.7142857142857143,,-0.1428571428571428,,,
B,bolivia/tile296,72,8,confidence (baseline),0.013111776212226882,0.25,,0.0,0.5,,0.0,0.875,,0.0,,,
B,bolivia/tile296,72,8,tile-phase (aligned),0.022870778753291056,0.375,,0.125,0.375,,-0.125,0.5,,-0.375,,,
B,bolivia/tile296,72,8,boundary indicator,0.059120075938137916,0.16666666666666666,,-0.08333333333333334,0.25,,-0.25,0.40625,,-0.46875,,,
B,bolivia/tile296,72,8,control NDWI gradient,0.24913903293124656,0.0,,-0.25,0.0,,-0.5,0.125,,-0.75,,,
B,bolivia/tile296,72,8,constant score,0.11111111111111113,0.05555555555555555,,-0.19444444444444445,0.09722222222222222,,-0.4027777777777778,0.19444444444444445,,-0.6805555555555556,,,
B,bolivia/tile296,72,8,control S2 patch variance,0.00988126116877182,0.5,,0.25,0.75,,0.25,0.875,,0.0,,,
B,bolivia/tile296,72,8,control NDWI level,0.008475163479628761,0.5,,0.25,0.625,,0.125,1.0,,0.125,,,
B,bolivia/tile297,84,3,confidence (baseline),0.10210047410487225,0.3333333333333333,,0.0,0.3333333333333333,,0.0,0.3333333333333333,,0.0,,,
B,bolivia/tile297,84,3,tile-phase (aligned),0.0985843480017208,0.0,,-0.3333333333333333,0.3333333333333333,,0.0,0.3333333333333333,,0.0,,,
B,bolivia/tile297,84,3,boundary indicator,0.025704865819997463,0.3333333333333333,,0.0,0.35042735042735046,,0.017094017094017144,0.42735042735042733,,0.09401709401709402,,,
B,bolivia/tile297,84,3,control NDWI gradient,0.10835235776973058,0.0,,-0.3333333333333333,0.3333333333333333,,0.0,0.3333333333333333,,0.0,,,
B,bolivia/tile297,84,3,constant score,0.035714285714285705,0.047619047619047616,,-0.2857142857142857,0.09523809523809523,,-0.23809523809523808,0.20238095238095236,,-0.13095238095238096,,,
B,bolivia/tile297,84,3,control S2 patch variance,0.0008572118239008798,1.0,,0.6666666666666667,1.0,,0.6666666666666667,1.0,,0.6666666666666667,,,
B,bolivia/tile297,84,3,control NDWI level,0.0008572118239008798,1.0,,0.6666666666666667,1.0,,0.6666666666666667,1.0,,0.6666666666666667,,,
B,bolivia/tile298,158,28,confidence (baseline),0.03786708858316393,0.10714285714285714,,0.0,0.35714285714285715,,0.0,0.5714285714285714,,0.0,,,
B,bolivia/tile298,158,28,tile-phase (aligned),0.05815435005326014,0.17857142857142858,,0.07142857142857144,0.25,,-0.10714285714285715,0.42857142857142855,,-0.14285714285714285,,,
B,bolivia/tile298,158,28,boundary indicator,0.12225065459010148,0.16666666666666669,,0.05952380952380955,0.25210084033613445,,-0.1050420168067227,0.42857142857142855,,-0.14285714285714285,,,
B,bolivia/tile298,158,28,control NDWI gradient,0.04509733443154365,0.14285714285714285,,0.03571428571428571,0.2857142857142857,,-0.07142857142857145,0.5714285714285714,,0.0,,,
B,bolivia/tile298,158,28,constant score,0.1772151898734177,0.05063291139240506,,-0.056509945750452074,0.10126582278481013,,-0.25587703435804704,0.20253164556962025,,-0.3688969258589512,,,
B,bolivia/tile298,158,28,control S2 patch variance,0.12549642165099859,0.03571428571428571,,-0.07142857142857142,0.07142857142857142,,-0.2857142857142857,0.25,,-0.3214285714285714,,,
B,bolivia/tile298,158,28,control NDWI level,0.032658878065442216,0.17857142857142858,,0.07142857142857144,0.39285714285714285,,0.0357142857142857,0.6428571428571429,,0.07142857142857151,,,
B,bolivia/tile299,225,14,confidence (baseline),0.010441044707641822,0.2857142857142857,,0.0,0.5714285714285714,,0.0,0.7142857142857143,,0.0,,,
B,bolivia/tile299,225,14,tile-phase (aligned),0.010084022302856587,0.21428571428571427,,-0.07142857142857142,0.5714285714285714,,0.0,0.9285714285714286,,0.2142857142857143,,,
B,bolivia/tile299,225,14,boundary indicator,0.0055984376488608266,0.4404761904761905,,0.15476190476190482,0.746031746031746,,0.17460317460317465,0.9188311688311688,,0.20454545454545447,,,
B,bolivia/tile299,225,14,control NDWI gradient,0.014484876851436616,0.07142857142857142,,-0.21428571428571427,0.42857142857142855,,-0.14285714285714285,0.7857142857142857,,0.0714285714285714,,,
B,bolivia/tile299,225,14,constant score,0.06222222222222221,0.048888888888888885,,-0.23682539682539683,0.09777777777777777,,-0.47365079365079366,0.19999999999999998,,-0.5142857142857143,,,
B,bolivia/tile299,225,14,control S2 patch variance,0.026125804926056123,0.07142857142857142,,-0.21428571428571427,0.07142857142857142,,-0.5,0.21428571428571427,,-0.5,,,
B,bolivia/tile299,225,14,control NDWI level,0.007448280163339644,0.5,,0.2142857142857143,0.7857142857142857,,0.2142857142857143,0.9285714285714286,,0.2142857142857143,,,
B,bolivia/tile300,225,19,confidence (baseline),0.007812081926215762,0.3157894736842105,,0.0,0.5789473684210527,,0.0,1.0,,0.0,,,
B,bolivia/tile300,225,19,tile-phase (aligned),0.012899451892010498,0.3157894736842105,,0.0,0.3157894736842105,,-0.26315789473684215,0.7894736842105263,,-0.21052631578947367,,,
B,bolivia/tile300,225,19,boundary indicator,0.026822307337173498,0.17293233082706766,,-0.14285714285714285,0.3281733746130031,,-0.25077399380804954,0.7368421052631579,,-0.26315789473684215,,,
B,bolivia/tile300,225,19,control NDWI gradient,0.013253967476779021,0.2631578947368421,,-0.05263157894736842,0.3684210526315789,,-0.21052631578947373,0.7368421052631579,,-0.26315789473684215,,,
B,bolivia/tile300,225,19,constant score,0.08444444444444445,0.04888888888888889,,-0.26690058479532164,0.09777777777777778,,-0.48116959064327486,0.19999999999999998,,-0.8,,,
B,bolivia/tile300,225,19,control S2 patch variance,0.014977160721096606,0.10526315789473684,,-0.21052631578947367,0.2631578947368421,,-0.31578947368421056,0.631578947368421,,-0.368421052631579,,,
B,bolivia/tile300,225,19,control NDWI level,0.011772006897365435,0.3157894736842105,,0.0,0.5789473684210527,,0.0,0.8947368421052632,,-0.10526315789473684,,,
B,bolivia/tile301,225,14,confidence (baseline),0.006832538681079479,0.2857142857142857,,0.0,0.5,,0.0,0.9285714285714286,,0.0,,,
B,bolivia/tile301,225,14,tile-phase (aligned),0.009661543383421565,0.35714285714285715,,0.07142857142857145,0.42857142857142855,,-0.07142857142857145,0.7857142857142857,,-0.1428571428571429,,,
B,bolivia/tile301,225,14,boundary indicator,0.027721549125780613,0.15934065934065936,,-0.12637362637362634,0.34065934065934067,,-0.15934065934065933,0.5272108843537415,,-0.4013605442176871,,,
B,bolivia/tile301,225,14,control NDWI gradient,0.011185233815504604,0.35714285714285715,,0.07142857142857145,0.42857142857142855,,-0.07142857142857145,0.7142857142857143,,-0.2142857142857143,,,
B,bolivia/tile301,225,14,constant score,0.06222222222222221,0.048888888888888885,,-0.23682539682539683,0.09777777777777777,,-0.40222222222222226,0.19999999999999998,,-0.7285714285714286,,,
B,bolivia/tile301,225,14,control S2 patch variance,0.010911578382860141,0.2857142857142857,,0.0,0.42857142857142855,,-0.07142857142857145,0.6428571428571429,,-0.2857142857142857,,,
B,bolivia/tile301,225,14,control NDWI level,0.01008934840510955,0.35714285714285715,,0.07142857142857145,0.5714285714285714,,0.0714285714285714,0.8571428571428571,,-0.07142857142857151,,,
B,bolivia/tile302,161,9,confidence (baseline),0.014961038968921274,0.1111111111111111,,0.0,0.4444444444444444,,0.0,0.6666666666666666,,0.0,,,
B,bolivia/tile302,161,9,tile-phase (aligned),0.015395146019873624,0.6666666666666666,,0.5555555555555556,0.8888888888888888,,0.4444444444444444,0.8888888888888888,,0.2222222222222222,,,
B,bolivia/tile302,161,9,boundary indicator,0.002718211289972107,0.7037037037037037,,0.5925925925925926,0.8888888888888888,,0.4444444444444444,1.0,,0.33333333333333337,,,
B,bolivia/tile302,161,9,control NDWI gradient,0.06499464278067096,0.0,,-0.1111111111111111,0.2222222222222222,,-0.2222222222222222,0.4444444444444444,,-0.2222222222222222,,,
B,bolivia/tile302,161,9,constant score,0.055900621118012424,0.04968944099378882,,-0.06142167011732228,0.09937888198757765,,-0.34506556245686676,0.1987577639751553,,-0.4679089026915113,,,
B,bolivia/tile302,161,9,control S2 patch variance,0.010519506333265583,0.5555555555555556,,0.4444444444444445,0.7777777777777778,,0.33333333333333337,0.7777777777777778,,0.11111111111111116,,,
B,bolivia/tile302,161,9,control NDWI level,0.015855778652424043,0.0,,-0.1111111111111111,0.1111111111111111,,-0.3333333333333333,0.3333333333333333,,-0.3333333333333333,,,
B,bolivia/tile303,21,3,confidence (baseline),0.019222659824163584,0.3333333333333333,,0.0,0.3333333333333333,,0.0,1.0,,0.0,,,
B,bolivia/tile303,21,3,tile-phase (aligned),0.02499997074853333,0.3333333333333333,,0.0,0.3333333333333333,,0.0,0.6666666666666666,,-0.33333333333333337,,,
B,bolivia/tile303,21,3,boundary indicator,0.043417551456030004,0.3333333333333333,,0.0,0.3333333333333333,,0.0,0.3333333333333333,,-0.6666666666666667,,,
B,bolivia/tile303,21,3,control NDWI gradient,0.04366175170023025,0.3333333333333333,,0.0,0.3333333333333333,,0.0,0.3333333333333333,,-0.6666666666666667,,,
B,bolivia/tile303,21,3,constant score,0.14285714285714285,0.047619047619047616,,-0.2857142857142857,0.09523809523809523,,-0.23809523809523808,0.19047619047619047,,-0.8095238095238095,,,
B,bolivia/tile303,21,3,control S2 patch variance,0.03320102894959153,0.0,,-0.3333333333333333,0.3333333333333333,,0.0,0.6666666666666666,,-0.33333333333333337,,,
B,bolivia/tile303,21,3,control NDWI level,0.028174573923136503,0.3333333333333333,,0.0,0.3333333333333333,,0.0,0.6666666666666666,,-0.33333333333333337,,,
B,bolivia/tile304,118,23,confidence (baseline),0.05302059767319086,0.13043478260869565,,0.0,0.30434782608695654,,0.0,0.5652173913043478,,0.0,,,
B,bolivia/tile304,118,23,tile-phase (aligned),0.06600196824992333,0.13043478260869565,,0.0,0.2608695652173913,,-0.043478260869565244,0.43478260869565216,,-0.13043478260869562,,,
B,bolivia/tile304,118,23,boundary indicator,0.08063738211572712,0.17391304347826086,,0.043478260869565216,0.2857142857142857,,-0.018633540372670843,0.5250836120401338,,-0.04013377926421402,,,
B,bolivia/tile304,118,23,control NDWI gradient,0.1954085683385149,0.043478260869565216,,-0.08695652173913043,0.13043478260869565,,-0.1739130434782609,0.30434782608695654,,-0.26086956521739124,,,
B,bolivia/tile304,118,23,constant score,0.19491525423728803,0.05084745762711864,,-0.079587324981577,0.10169491525423728,,-0.20265291083271925,0.20338983050847456,,-0.3618275607958732,,,
B,bolivia/tile304,118,23,control S2 patch variance,0.028930407726562024,0.2608695652173913,,0.13043478260869565,0.5217391304347826,,0.21739130434782605,0.8260869565217391,,0.26086956521739135,,,
B,bolivia/tile304,118,23,control NDWI level,0.02445890634064244,0.2608695652173913,,0.13043478260869565,0.5217391304347826,,0.21739130434782605,0.8260869565217391,,0.26086956521739135,,,
B,bolivia/tile306,225,20,confidence (baseline),0.007550698891072151,0.4,,0.0,0.55,,0.0,1.0,,0.0,,,
B,bolivia/tile306,225,20,tile-phase (aligned),0.010743260235592468,0.25,,-0.15000000000000002,0.6,,0.04999999999999993,0.85,,-0.15000000000000002,,,
B,bolivia/tile306,225,20,boundary indicator,0.02513168562465793,0.1,,-0.30000000000000004,0.24324324324324326,,-0.3067567567567568,0.4918918918918919,,-0.508108108108108,,,
B,bolivia/tile306,225,20,control NDWI gradient,0.011748119477138675,0.25,,-0.15000000000000002,0.4,,-0.15000000000000002,0.9,,-0.09999999999999998,,,
B,bolivia/tile306,225,20,constant score,0.08888888888888888,0.048888888888888885,,-0.35111111111111115,0.09777777777777777,,-0.4522222222222223,0.2,,-0.8,,,
B,bolivia/tile306,225,20,control S2 patch variance,0.01885715698047365,0.2,,-0.2,0.25,,-0.30000000000000004,0.55,,-0.44999999999999996,,,
B,bolivia/tile306,225,20,control NDWI level,0.007093386352596664,0.45,,0.04999999999999999,0.65,,0.09999999999999998,1.0,,0.0,,,
B,bolivia/tile307,225,9,confidence (baseline),0.004644933252250488,0.1111111111111111,,0.0,0.7777777777777778,,0.0,0.7777777777777778,,0.0,,,
B,bolivia/tile307,225,9,tile-phase (aligned),0.005744394882374114,0.3333333333333333,,0.2222222222222222,0.4444444444444444,,-0.33333333333333337,0.6666666666666666,,-0.11111111111111116,,,
B,bolivia/tile307,225,9,boundary indicator,0.012226117566686243,0.3055555555555556,,0.19444444444444448,0.48148148148148145,,-0.29629629629629634,0.5555555555555556,,-0.2222222222222222,,,
B,bolivia/tile307,225,9,control NDWI gradient,0.002493279395464107,0.5555555555555556,,0.4444444444444445,0.7777777777777778,,0.0,1.0,,0.2222222222222222,,,
B,bolivia/tile307,225,9,constant score,0.04,0.04888888888888889,,-0.062222222222222213,0.09777777777777778,,-0.68,0.2,,-0.5777777777777777,,,
B,bolivia/tile307,225,9,control S2 patch variance,0.005728527463115442,0.3333333333333333,,0.2222222222222222,0.4444444444444444,,-0.33333333333333337,0.6666666666666666,,-0.11111111111111116,,,
B,bolivia/tile307,225,9,control NDWI level,0.0020080461795097472,0.5555555555555556,,0.4444444444444445,0.7777777777777778,,0.0,1.0,,0.2222222222222222,,,
B,bolivia/tile308,225,27,confidence (baseline),0.017848534634201312,0.14814814814814814,,0.0,0.4444444444444444,,0.0,0.7777777777777778,,0.0,,,
B,bolivia/tile308,225,27,tile-phase (aligned),0.03084738989994863,0.07407407407407407,,-0.07407407407407407,0.18518518518518517,,-0.25925925925925924,0.5185185185185185,,-0.2592592592592593,,,
B,bolivia/tile308,225,27,boundary indicator,0.08447892701953799,0.026455026455026457,,-0.12169312169312169,0.1,,-0.34444444444444444,0.35648148148148145,,-0.42129629629629634,,,
B,bolivia/tile308,225,27,control NDWI gradient,0.028725653393920275,0.18518518518518517,,0.037037037037037035,0.2962962962962963,,-0.14814814814814814,0.5925925925925926,,-0.18518518518518523,,,
B,bolivia/tile308,225,27,constant score,0.12000000000000004,0.04888888888888889,,-0.09925925925925924,0.09777777777777778,,-0.3466666666666666,0.2,,-0.5777777777777777,,,
B,bolivia/tile308,225,27,control S2 patch variance,0.03462122665070556,0.1111111111111111,,-0.037037037037037035,0.2962962962962963,,-0.14814814814814814,0.48148148148148145,,-0.29629629629629634,,,
B,bolivia/tile308,225,27,control NDWI level,0.012417802319984284,0.3333333333333333,,0.18518518518518517,0.5555555555555556,,0.11111111111111116,0.9259259259259259,,0.14814814814814814,,,
B,bolivia/tile309,225,20,confidence (baseline),0.012394186694946489,0.2,,0.0,0.4,,0.0,0.8,,0.0,,,
B,bolivia/tile309,225,20,tile-phase (aligned),0.014200935057937666,0.2,,0.0,0.45,,0.04999999999999999,0.75,,-0.050000000000000044,,,
B,bolivia/tile309,225,20,boundary indicator,0.09232675822458597,0.05,,-0.15000000000000002,0.059268292682926826,,-0.3407317073170732,0.16585365853658535,,-0.6341463414634148,,,
B,bolivia/tile309,225,20,control NDWI gradient,0.02899618909846034,0.15,,-0.05000000000000002,0.25,,-0.15000000000000002,0.5,,-0.30000000000000004,,,
B,bolivia/tile309,225,20,constant score,0.08888888888888888,0.048888888888888885,,-0.15111111111111114,0.09777777777777777,,-0.3022222222222223,0.2,,-0.6000000000000001,,,
B,bolivia/tile309,225,20,control S2 patch variance,0.0210266038168242,0.05,,-0.15000000000000002,0.2,,-0.2,0.5,,-0.30000000000000004,,,
B,bolivia/tile309,225,20,control NDWI level,0.011866541671215106,0.4,,0.2,0.6,,0.19999999999999996,0.85,,0.04999999999999993,,,
B,bolivia/tile310,202,19,confidence (baseline),0.009483831697520404,0.3157894736842105,,0.0,0.5263157894736842,,0.0,0.9473684210526315,,0.0,,,
B,bolivia/tile310,202,19,tile-phase (aligned),0.01206330020074964,0.3157894736842105,,0.0,0.47368421052631576,,-0.05263157894736842,0.8947368421052632,,-0.05263157894736836,,,
B,bolivia/tile310,202,19,boundary indicator,0.0852302135378255,0.15789473684210525,,-0.15789473684210525,0.18477043673012317,,-0.341545352743561,0.27435610302351626,,-0.6730123180291152,,,
B,bolivia/tile310,202,19,control NDWI gradient,0.0390596877802795,0.05263157894736842,,-0.2631578947368421,0.10526315789473684,,-0.42105263157894735,0.3157894736842105,,-0.631578947368421,,,
B,bolivia/tile310,202,19,constant score,0.09405940594059406,0.0495049504950495,,-0.266284523189161,0.099009900990099,,-0.4273058884835852,0.198019801980198,,-0.7493486190724336,,,
B,bolivia/tile310,202,19,control S2 patch variance,0.025783734945350318,0.10526315789473684,,-0.21052631578947367,0.21052631578947367,,-0.3157894736842105,0.3684210526315789,,-0.5789473684210527,,,
B,bolivia/tile310,202,19,control NDWI level,0.011125622034682512,0.2631578947368421,,-0.05263157894736842,0.5263157894736842,,0.0,0.8947368421052632,,-0.05263157894736836,,,
B,bolivia/tile312,213,3,confidence (baseline),0.00015502211531079918,1.0,,0.0,1.0,,0.0,1.0,,0.0,,,
B,bolivia/tile312,213,3,tile-phase (aligned),0.0003338790821642729,1.0,,0.0,1.0,,0.0,1.0,,0.0,,,
B,bolivia/tile312,213,3,boundary indicator,0.0001549867972059263,1.0,,0.0,1.0,,0.0,1.0,,0.0,,,
B,bolivia/tile312,213,3,control NDWI gradient,0.004088462239807392,0.0,,-1.0,0.0,,-1.0,0.6666666666666666,,-0.33333333333333337,,,
B,bolivia/tile312,213,3,constant score,0.014084507042253523,0.05164319248826291,,-0.9483568075117371,0.09859154929577464,,-0.9014084507042254,0.20187793427230047,,-0.7981220657276995,,,
B,bolivia/tile312,213,3,control S2 patch variance,0.0002442376617055717,1.0,,0.0,1.0,,0.0,1.0,,0.0,,,
B,bolivia/tile312,213,3,control NDWI level,0.00013266575492626976,1.0,,0.0,1.0,,0.0,1.0,,0.0,,,
B,bolivia/tile313,83,6,confidence (baseline),0.005738734177222976,0.5,,0.0,0.6666666666666666,,0.0,1.0,,0.0,,,
B,bolivia/tile313,83,6,tile-phase (aligned),0.007056295786255802,0.16666666666666666,,-0.33333333333333337,0.6666666666666666,,0.0,1.0,,0.0,,,
B,bolivia/tile313,83,6,boundary indicator,0.00503283410620803,0.5454545454545454,,0.045454545454545414,0.7272727272727272,,0.06060606060606055,1.0,,0.0,,,
B,bolivia/tile313,83,6,control NDWI gradient,0.05102777212679261,0.0,,-0.5,0.16666666666666666,,-0.5,0.16666666666666666,,-0.8333333333333334,,,
B,bolivia/tile313,83,6,constant score,0.07228915662650602,0.048192771084337345,,-0.45180722891566266,0.09638554216867469,,-0.570281124497992,0.20481927710843373,,-0.7951807228915663,,,
B,bolivia/tile313,83,6,control S2 patch variance,0.009180618965792765,0.5,,0.0,0.5,,-0.16666666666666663,0.6666666666666666,,-0.33333333333333337,,,
B,bolivia/tile313,83,6,control NDWI level,0.004599116861402831,0.6666666666666666,,0.16666666666666663,0.8333333333333334,,0.16666666666666674,1.0,,0.0,,,
B,bolivia/tile314,225,9,confidence (baseline),0.001081482951022955,1.0,,0.0,1.0,,0.0,1.0,,0.0,,,
B,bolivia/tile314,225,9,tile-phase (aligned),0.0010623832716615174,1.0,,0.0,1.0,,0.0,1.0,,0.0,,,
B,bolivia/tile314,225,9,boundary indicator,0.023119998822544324,0.45712836123795025,,-0.5428716387620498,0.4850329781836631,,-0.5149670218163369,0.5433789954337899,,-0.45662100456621013,,,
B,bolivia/tile314,225,9,control NDWI gradient,0.002549373690250057,0.5555555555555556,,-0.4444444444444444,0.8888888888888888,,-0.11111111111111116,1.0,,0.0,,,
B,bolivia/tile314,225,9,constant score,0.04,0.04888888888888889,,-0.9511111111111111,0.09777777777777778,,-0.9022222222222223,0.2,,-0.8,,,
B,bolivia/tile314,225,9,control S2 patch variance,0.0010638764975680942,0.8888888888888888,,-0.11111111111111116,1.0,,0.0,1.0,,0.0,,,
B,bolivia/tile314,225,9,control NDWI level,0.0009406971617617413,1.0,,0.0,1.0,,0.0,1.0,,0.0,,,
B,bolivia/tile315,225,13,confidence (baseline),0.0033205239610402896,0.46153846153846156,,0.0,0.9230769230769231,,0.0,1.0,,0.0,,,
B,bolivia/tile315,225,13,tile-phase (aligned),0.0048278249559169754,0.46153846153846156,,0.0,0.6153846153846154,,-0.3076923076923077,1.0,,0.0,,,
B,bolivia/tile315,225,13,boundary indicator,0.032531485491618314,0.19230769230769232,,-0.2692307692307693,0.43076923076923074,,-0.4923076923076924,0.576138147566719,,-0.423861852433281,,,
B,bolivia/tile315,225,13,control NDWI gradient,0.004228079815191963,0.5384615384615384,,0.07692307692307687,0.6923076923076923,,-0.23076923076923084,1.0,,0.0,,,
B,bolivia/tile315,225,13,constant score,0.05777777777777779,0.048888888888888885,,-0.4126495726495727,0.09777777777777777,,-0.8252991452991454,0.2,,-0.8,,,
B,bolivia/tile315,225,13,control S2 patch variance,0.005207200508868434,0.46153846153846156,,0.0,0.6923076923076923,,-0.23076923076923084,0.8461538461538461,,-0.15384615384615385,,,
B,bolivia/tile315,225,13,control NDWI level,0.0030711385089049106,0.6153846153846154,,0.15384615384615385,0.8461538461538461,,-0.07692307692307698,1.0,,0.0,,,
B,bolivia/tile317,225,4,confidence (baseline),0.00044142310861816734,1.0,,0.0,1.0,,0.0,1.0,,0.0,,,
B,bolivia/tile317,225,4,tile-phase (aligned),0.0005500204797888373,0.75,,-0.25,1.0,,0.0,1.0,,0.0,,,
B,bolivia/tile317,225,4,boundary indicator,0.005341982692202577,0.5,,-0.5,0.7524390243902439,,-0.2475609756097561,0.7804878048780488,,-0.2195121951219512,,,
B,bolivia/tile317,225,4,control NDWI gradient,0.0005062993122921414,0.75,,-0.25,1.0,,0.0,1.0,,0.0,,,
B,bolivia/tile317,225,4,constant score,0.017777777777777778,0.04888888888888889,,-0.9511111111111111,0.09777777777777778,,-0.9022222222222223,0.2,,-0.8,,,
B,bolivia/tile317,225,4,control S2 patch variance,0.0010020927698977695,0.5,,-0.5,1.0,,0.0,1.0,,0.0,,,
B,bolivia/tile317,225,4,control NDWI level,0.0002584775360252367,1.0,,0.0,1.0,,0.0,1.0,,0.0,,,
B,bolivia/tile319,225,20,confidence (baseline),0.011726941183231612,0.2,,0.0,0.5,,0.0,0.85,,0.0,,,
B,bolivia/tile319,225,20,tile-phase (aligned),0.01483377820822693,0.25,,0.04999999999999999,0.4,,-0.09999999999999998,0.7,,-0.15000000000000002,,,
B,bolivia/tile319,225,20,boundary indicator,0.01973868283166081,0.2633333333333333,,0.0633333333333333,0.41,,-0.09000000000000002,0.76,,-0.08999999999999997,,,
B,bolivia/tile319,225,20,control NDWI gradient,0.015463941339686624,0.2,,0.0,0.35,,-0.15000000000000002,0.65,,-0.19999999999999996,,,
B,bolivia/tile319,225,20,constant score,0.08888888888888888,0.048888888888888885,,-0.15111111111111114,0.09777777777777777,,-0.40222222222222226,0.2,,-0.6499999999999999,,,
B,bolivia/tile319,225,20,control S2 patch variance,0.033991768010778085,0.15,,-0.05000000000000002,0.2,,-0.3,0.4,,-0.44999999999999996,,,
B,bolivia/tile319,225,20,control NDWI level,0.00884461644297309,0.3,,0.09999999999999998,0.5,,0.0,1.0,,0.15000000000000002,,,
B,bolivia/tile320,214,8,confidence (baseline),0.0021423213146061436,0.625,,0.0,0.75,,0.0,1.0,,0.0,,,
B,bolivia/tile320,214,8,tile-phase (aligned),0.0029696874300702922,0.375,,-0.25,0.75,,0.0,1.0,,0.0,,,
B,bolivia/tile320,214,8,boundary indicator,0.017583996956590735,0.3125,,-0.3125,0.5416666666666666,,-0.20833333333333337,0.6533783783783784,,-0.3466216216216216,,,
B,bolivia/tile320,214,8,control NDWI gradient,0.001767447642895595,0.625,,0.0,0.875,,0.125,1.0,,0.0,,,
B,bolivia/tile320,214,8,constant score,0.03738317757009345,0.0514018691588785,,-0.5735981308411215,0.09813084112149532,,-0.6518691588785047,0.20093457943925233,,-0.7990654205607477,,,
B,bolivia/tile320,214,8,control S2 patch variance,0.003068293752371856,0.375,,-0.25,0.625,,-0.125,1.0,,0.0,,,
B,bolivia/tile320,214,8,control NDWI level,0.0031951712205841826,0.625,,0.0,0.75,,0.0,0.875,,-0.125,,,
B,bolivia/tile321,200,10,confidence (baseline),0.00605148819705251,0.3,,0.0,0.5,,0.0,0.8,,0.0,,,
B,bolivia/tile321,200,10,tile-phase (aligned),0.004848929057536688,0.4,,0.10000000000000003,0.7,,0.19999999999999996,0.9,,0.09999999999999998,,,
B,bolivia/tile321,200,10,boundary indicator,0.015681691192022517,0.5222222222222223,,0.22222222222222227,0.6333333333333333,,0.1333333333333333,0.725,,-0.07500000000000007,,,
B,bolivia/tile321,200,10,control NDWI gradient,0.013482423007435667,0.3,,0.0,0.4,,-0.09999999999999998,0.7,,-0.10000000000000009,,,
B,bolivia/tile321,200,10,constant score,0.05,0.05,,-0.25,0.1,,-0.4,0.2,,-0.6000000000000001,,,
B,bolivia/tile321,200,10,control S2 patch variance,0.006359907664446833,0.3,,0.0,0.5,,0.0,0.8,,0.0,,,
B,bolivia/tile321,200,10,control NDWI level,0.00400410542714232,0.6,,0.3,0.7,,0.19999999999999996,0.9,,0.09999999999999998,,,
B,bolivia/tile322,225,5,confidence (baseline),0.0003786988077238117,1.0,,0.0,1.0,,0.0,1.0,,0.0,,,
B,bolivia/tile322,225,5,tile-phase (aligned),0.0005598961519344076,1.0,,0.0,1.0,,0.0,1.0,,0.0,,,
B,bolivia/tile322,225,5,boundary indicator,0.00533162739974757,0.8,,-0.19999999999999996,0.8075829383886257,,-0.19241706161137428,0.8293838862559241,,-0.17061611374407593,,,
B,bolivia/tile322,225,5,control NDWI gradient,0.0012437115029485097,0.6,,-0.4,0.6,,-0.4,1.0,,0.0,,,
B,bolivia/tile322,225,5,constant score,0.02222222222222222,0.048888888888888885,,-0.9511111111111111,0.09777777777777777,,-0.9022222222222223,0.2,,-0.8,,,
B,bolivia/tile322,225,5,control S2 patch variance,0.0009541711406933996,0.6,,-0.4,1.0,,0.0,1.0,,0.0,,,
B,bolivia/tile322,225,5,control NDWI level,0.000458782950258495,1.0,,0.0,1.0,,0.0,1.0,,0.0,,,
B,bolivia/tile323,225,10,confidence (baseline),0.0023194948934708343,0.5,,0.0,0.9,,0.0,1.0,,0.0,,,
B,bolivia/tile323,225,10,tile-phase (aligned),0.004201349235203246,0.2,,-0.3,0.6,,-0.30000000000000004,1.0,,0.0,,,
B,bolivia/tile323,225,10,boundary indicator,0.028123048138815793,0.1,,-0.4,0.3727272727272727,,-0.5272727272727273,0.5212765957446808,,-0.47872340425531923,,,
B,bolivia/tile323,225,10,control NDWI gradient,0.0054045420194557825,0.2,,-0.3,0.5,,-0.4,0.9,,-0.09999999999999998,,,
B,bolivia/tile323,225,10,constant score,0.04444444444444444,0.048888888888888885,,-0.45111111111111113,0.09777777777777777,,-0.8022222222222223,0.2,,-0.8,,,
B,bolivia/tile323,225,10,control S2 patch variance,0.0052889787607968974,0.1,,-0.4,0.5,,-0.4,1.0,,0.0,,,
B,bolivia/tile323,225,10,control NDWI level,0.002250636507886952,0.7,,0.19999999999999996,0.9,,0.0,1.0,,0.0,,,
B,bolivia/tile324,225,10,confidence (baseline),0.0038650911168210986,0.4,,0.0,0.7,,0.0,1.0,,0.0,,,
B,bolivia/tile324,225,10,tile-phase (aligned),0.006603919628118348,0.1,,-0.30000000000000004,0.4,,-0.29999999999999993,0.7,,-0.30000000000000004,,,
B,bolivia/tile324,225,10,boundary indicator,0.007414311524425898,0.3411764705882353,,-0.05882352941176472,0.5095238095238095,,-0.19047619047619047,0.6421052631578947,,-0.35789473684210527,,,
B,bolivia/tile324,225,10,control NDWI gradient,0.008855822162238288,0.2,,-0.2,0.4,,-0.29999999999999993,0.6,,-0.4,,,
B,bolivia/tile324,225,10,constant score,0.04444444444444444,0.048888888888888885,,-0.35111111111111115,0.09777777777777777,,-0.6022222222222222,0.2,,-0.8,,,
B,bolivia/tile324,225,10,control S2 patch variance,0.014359415999168984,0.1,,-0.30000000000000004,0.1,,-0.6,0.3,,-0.7,,,
B,bolivia/tile324,225,10,control NDWI level,0.0025403327435461753,0.6,,0.19999999999999996,0.9,,0.20000000000000007,1.0,,0.0,,,
B,bolivia/tile325,225,14,confidence (baseline),0.00848930774963318,0.35714285714285715,,0.0,0.42857142857142855,,0.0,0.8571428571428571,,0.0,,,
B,bolivia/tile325,225,14,tile-phase (aligned),0.008126174387003277,0.2857142857142857,,-0.07142857142857145,0.5,,0.07142857142857145,0.9285714285714286,,0.07142857142857151,,,
B,bolivia/tile325,225,14,boundary indicator,0.009065819553037363,0.35064935064935066,,-0.006493506493506496,0.4761904761904762,,0.04761904761904767,0.7360248447204969,,-0.1211180124223602,,,
B,bolivia/tile325,225,14,control NDWI gradient,0.008662668177929959,0.21428571428571427,,-0.14285714285714288,0.35714285714285715,,-0.0714285714285714,0.8571428571428571,,0.0,,,
B,bolivia/tile325,225,14,constant score,0.06222222222222221,0.048888888888888885,,-0.3082539682539683,0.09777777777777777,,-0.33079365079365075,0.19999999999999998,,-0.6571428571428571,,,
B,bolivia/tile325,225,14,control S2 patch variance,0.0205057255237867,0.0,,-0.35714285714285715,0.14285714285714285,,-0.2857142857142857,0.42857142857142855,,-0.42857142857142855,,,
B,bolivia/tile325,225,14,control NDWI level,0.004998087754654073,0.35714285714285715,,0.0,0.6428571428571429,,0.21428571428571436,1.0,,0.1428571428571429,,,
B,bolivia/tile326,225,8,confidence (baseline),0.0018556174938538946,0.625,,0.0,1.0,,0.0,1.0,,0.0,,,
B,bolivia/tile326,225,8,tile-phase (aligned),0.0028619355418100737,0.375,,-0.25,0.875,,-0.125,1.0,,0.0,,,
B,bolivia/tile326,225,8,boundary indicator,0.03107612906671998,0.125,,-0.5,0.25,,-0.75,0.3041237113402062,,-0.6958762886597938,,,
B,bolivia/tile326,225,8,control NDWI gradient,0.006962979914739153,0.25,,-0.375,0.5,,-0.5,0.625,,-0.375,,,
B,bolivia/tile326,225,8,constant score,0.035555555555555556,0.04888888888888889,,-0.5761111111111111,0.09777777777777778,,-0.9022222222222223,0.2,,-0.8,,,
B,bolivia/tile326,225,8,control S2 patch variance,0.00892964481064005,0.125,,-0.5,0.25,,-0.75,0.5,,-0.5,,,
B,bolivia/tile326,225,8,control NDWI level,0.0011903054499711738,0.875,,0.25,1.0,,0.0,1.0,,0.0,,,
B,bolivia/tile327,225,37,confidence (baseline),0.03905924642397358,0.13513513513513514,,0.0,0.2972972972972973,,0.0,0.4864864864864865,,0.0,,,
B,bolivia/tile327,225,37,tile-phase (aligned),0.045854018523208834,0.10810810810810811,,-0.02702702702702703,0.24324324324324326,,-0.05405405405405406,0.5135135135135135,,0.027027027027026973,,,
B,bolivia/tile327,225,37,boundary indicator,0.06437699829560564,0.17837837837837836,,0.04324324324324322,0.2948402948402949,,-0.002457002457002422,0.5337837837837838,,0.04729729729729726,,,
B,bolivia/tile327,225,37,control NDWI gradient,0.04932745382271333,0.13513513513513514,,0.0,0.2972972972972973,,0.0,0.40540540540540543,,-0.08108108108108109,,,
B,bolivia/tile327,225,37,constant score,0.16444444444444445,0.04888888888888889,,-0.08624624624624624,0.09777777777777778,,-0.19951951951951952,0.2,,-0.2864864864864865,,,
B,bolivia/tile327,225,37,control S2 patch variance,0.12798928568863768,0.08108108108108109,,-0.05405405405405406,0.10810810810810811,,-0.1891891891891892,0.1891891891891892,,-0.2972972972972973,,,
B,bolivia/tile327,225,37,control NDWI level,0.018796503086533002,0.24324324324324326,,0.10810810810810811,0.5135135135135135,,0.21621621621621617,0.8918918918918919,,0.4054054054054054,,,
B,bolivia/tile328,225,8,confidence (baseline),0.0010039708250150962,1.0,,0.0,1.0,,0.0,1.0,,0.0,,,
B,bolivia/tile328,225,8,tile-phase (aligned),0.0010441339252181211,0.875,,-0.125,1.0,,0.0,1.0,,0.0,,,
B,bolivia/tile328,225,8,boundary indicator,0.006033121178740487,0.6875,,-0.3125,0.8774154589371981,,-0.12258454106280192,0.8913043478260869,,-0.10869565217391308,,,
B,bolivia/tile328,225,8,control NDWI gradient,0.0017753049690375966,0.5,,-0.5,1.0,,0.0,1.0,,0.0,,,
B,bolivia/tile328,225,8,constant score,0.035555555555555556,0.04888888888888889,,-0.9511111111111111,0.09777777777777778,,-0.9022222222222223,0.2,,-0.8,,,
B,bolivia/tile328,225,8,control S2 patch variance,0.0016842545300043126,0.5,,-0.5,1.0,,0.0,1.0,,0.0,,,
B,bolivia/tile328,225,8,control NDWI level,0.0008633348986683884,0.875,,-0.125,1.0,,0.0,1.0,,0.0,,,
B,bolivia/tile330,225,14,confidence (baseline),0.005107003423145164,0.35714285714285715,,0.0,0.7142857142857143,,0.0,0.9285714285714286,,0.0,,,
B,bolivia/tile330,225,14,tile-phase (aligned),0.0070562111519856495,0.35714285714285715,,0.0,0.5714285714285714,,-0.1428571428571429,0.8571428571428571,,-0.07142857142857151,,,
B,bolivia/tile330,225,14,boundary indicator,0.011017588163340192,0.32142857142857145,,-0.0357142857142857,0.5476190476190476,,-0.16666666666666674,0.9285714285714286,,0.0,,,
B,bolivia/tile330,225,14,control NDWI gradient,0.006119804214707456,0.2857142857142857,,-0.07142857142857145,0.5714285714285714,,-0.1428571428571429,0.9285714285714286,,0.0,,,
B,bolivia/tile330,225,14,constant score,0.06222222222222221,0.048888888888888885,,-0.3082539682539683,0.09777777777777777,,-0.6165079365079366,0.19999999999999998,,-0.7285714285714286,,,
B,bolivia/tile330,225,14,control S2 patch variance,0.07214625700702905,0.0,,-0.35714285714285715,0.0,,-0.7142857142857143,0.21428571428571427,,-0.7142857142857143,,,
B,bolivia/tile330,225,14,control NDWI level,0.004906453226157751,0.21428571428571427,,-0.14285714285714288,0.7857142857142857,,0.0714285714285714,1.0,,0.0714285714285714,,,
B,bolivia/tile331,225,8,confidence (baseline),0.001736887784202183,0.5,,0.0,1.0,,0.0,1.0,,0.0,,,
B,bolivia/tile331,225,8,tile-phase (aligned),0.003531662127361614,0.5,,0.0,0.5,,-0.5,1.0,,0.0,,,
B,bolivia/tile331,225,8,boundary indicator,0.02234296595750954,0.48214285714285715,,-0.01785714285714285,0.5,,-0.5,0.5,,-0.5,,,
B,bolivia/tile331,225,8,control NDWI gradient,0.0034380860237279145,0.375,,-0.125,0.625,,-0.375,0.875,,-0.125,,,
B,bolivia/tile331,225,8,constant score,0.035555555555555556,0.04888888888888889,,-0.45111111111111113,0.09777777777777778,,-0.9022222222222223,0.2,,-0.8,,,
B,bolivia/tile331,225,8,control S2 patch variance,0.01883417801073081,0.0,,-0.5,0.0,,-1.0,0.25,,-0.75,,,
B,bolivia/tile331,225,8,control NDWI level,0.0024970008524199225,0.375,,-0.125,0.75,,-0.25,1.0,,0.0,,,
B,bolivia/tile333,225,3,confidence (baseline),0.00011887204308728971,1.0,,0.0,1.0,,0.0,1.0,,0.0,,,
B,bolivia/tile333,225,3,tile-phase (aligned),0.00011887204308728971,1.0,,0.0,1.0,,0.0,1.0,,0.0,,,
B,bolivia/tile333,225,3,boundary indicator,0.013333333333333334,0.04888888888888889,,-0.9511111111111111,0.09777777777777778,,-0.9022222222222223,0.19999999999999998,,-0.8,,,
B,bolivia/tile333,225,3,control NDWI gradient,0.00011887204308728971,1.0,,0.0,1.0,,0.0,1.0,,0.0,,,
B,bolivia/tile333,225,3,constant score,0.013333333333333334,0.04888888888888889,,-0.9511111111111111,0.09777777777777778,,-0.9022222222222223,0.19999999999999998,,-0.8,,,
B,bolivia/tile333,225,3,control S2 patch variance,0.00011887204308728971,1.0,,0.0,1.0,,0.0,1.0,,0.0,,,
B,bolivia/tile333,225,3,control NDWI level,0.00021915495582074321,1.0,,0.0,1.0,,0.0,1.0,,0.0,,,
B,bolivia/tile335,225,17,confidence (baseline),0.006843057709032266,0.29411764705882354,,0.0,0.7058823529411765,,0.0,1.0,,0.0,,,
B,bolivia/tile335,225,17,tile-phase (aligned),0.01140291999718696,0.17647058823529413,,-0.11764705882352941,0.4117647058823529,,-0.2941176470588236,0.7647058823529411,,-0.23529411764705888,,,
B,bolivia/tile335,225,17,boundary indicator,0.0400185452052693,0.11764705882352941,,-0.17647058823529413,0.27941176470588236,,-0.42647058823529416,0.5555555555555556,,-0.4444444444444444,,,
B,bolivia/tile335,225,17,control NDWI gradient,0.01172550986660954,0.35294117647058826,,0.05882352941176472,0.47058823529411764,,-0.23529411764705888,0.7058823529411765,,-0.2941176470588235,,,
B,bolivia/tile335,225,17,constant score,0.07555555555555556,0.04888888888888889,,-0.24522875816993464,0.09777777777777778,,-0.6081045751633988,0.19999999999999998,,-0.8,,,
B,bolivia/tile335,225,17,control S2 patch variance,0.03510618239039634,0.0,,-0.29411764705882354,0.058823529411764705,,-0.6470588235294118,0.23529411764705882,,-0.7647058823529411,,,
B,bolivia/tile335,225,17,control NDWI level,0.0067526063150289105,0.35294117647058826,,0.05882352941176472,0.6470588235294118,,-0.05882352941176472,0.9411764705882353,,-0.05882352941176472,,,
B,bolivia/tile336,225,11,confidence (baseline),0.004856251882916251,0.36363636363636365,,0.0,0.5454545454545454,,0.0,1.0,,0.0,,,
B,bolivia/tile336,225,11,tile-phase (aligned),0.005436241881061879,0.18181818181818182,,-0.18181818181818182,0.45454545454545453,,-0.09090909090909088,1.0,,0.0,,,
B,bolivia/tile336,225,11,boundary indicator,0.003501868781860219,0.45454545454545453,,0.09090909090909088,0.8181818181818182,,0.2727272727272728,0.9805194805194806,,-0.01948051948051943,,,
B,bolivia/tile336,225,11,control NDWI gradient,0.008552197514747355,0.18181818181818182,,-0.18181818181818182,0.2727272727272727,,-0.2727272727272727,0.7272727272727273,,-0.2727272727272727,,,
B,bolivia/tile336,225,11,constant score,0.04888888888888887,0.04888888888888889,,-0.3147474747474748,0.09777777777777778,,-0.4476767676767676,0.2,,-0.8,,,
B,bolivia/tile336,225,11,control S2 patch variance,0.011346646984834816,0.09090909090909091,,-0.2727272727272727,0.2727272727272727,,-0.2727272727272727,0.45454545454545453,,-0.5454545454545454,,,
B,bolivia/tile336,225,11,control NDWI level,0.012126889705455531,0.09090909090909091,,-0.2727272727272727,0.18181818181818182,,-0.3636363636363636,0.5454545454545454,,-0.4545454545454546,,,
B,bolivia/tile338,225,9,confidence (baseline),0.0034278567308257753,0.6666666666666666,,0.0,0.7777777777777778,,0.0,0.8888888888888888,,0.0,,,
B,bolivia/tile338,225,9,tile-phase (aligned),0.004307985419737581,0.3333333333333333,,-0.3333333333333333,0.5555555555555556,,-0.2222222222222222,0.8888888888888888,,0.0,,,
B,bolivia/tile338,225,9,boundary indicator,0.005153114227925971,0.43859649122807015,,-0.22807017543859648,0.631578947368421,,-0.14619883040935677,0.7471264367816093,,-0.14176245210727956,,,
B,bolivia/tile338,225,9,control NDWI gradient,0.004043157568368511,0.2222222222222222,,-0.4444444444444444,0.5555555555555556,,-0.2222222222222222,0.8888888888888888,,0.0,,,
B,bolivia/tile338,225,9,constant score,0.04,0.04888888888888889,,-0.6177777777777778,0.09777777777777778,,-0.68,0.2,,-0.6888888888888889,,,
B,bolivia/tile338,225,9,control S2 patch variance,0.010494374234503986,0.1111111111111111,,-0.5555555555555556,0.3333333333333333,,-0.4444444444444445,0.6666666666666666,,-0.2222222222222222,,,
B,bolivia/tile338,225,9,control NDWI level,0.006705510442929189,0.0,,-0.6666666666666666,0.3333333333333333,,-0.4444444444444445,0.7777777777777778,,-0.11111111111111105,,,
B,bolivia/tile339,219,23,confidence (baseline),0.016548990990453965,0.17391304347826086,,0.0,0.43478260869565216,,0.0,0.782608695652174,,0.0,,,
B,bolivia/tile339,219,23,tile-phase (aligned),0.015725979090961635,0.17391304347826086,,0.0,0.4782608695652174,,0.043478260869565244,0.782608695652174,,0.0,,,
B,bolivia/tile339,219,23,boundary indicator,0.0220045613022643,0.1956521739130435,,0.021739130434782622,0.41545893719806765,,-0.019323671497584516,0.714975845410628,,-0.06763285024154597,,,
B,bolivia/tile339,219,23,control NDWI gradient,0.036369134728387896,0.08695652173913043,,-0.08695652173913043,0.30434782608695654,,-0.13043478260869562,0.43478260869565216,,-0.3478260869565218,,,
B,bolivia/tile339,219,23,constant score,0.10502283105022835,0.05022831050228311,,-0.12368473297597776,0.10045662100456622,,-0.33432598769108596,0.20091324200913244,,-0.5816954536430415,,,
B,bolivia/tile339,219,23,control S2 patch variance,0.0684157863148088,0.0,,-0.17391304347826086,0.043478260869565216,,-0.3913043478260869,0.13043478260869565,,-0.6521739130434783,,,
B,bolivia/tile339,219,23,control NDWI level,0.010041233151912896,0.30434782608695654,,0.13043478260869568,0.6521739130434783,,0.2173913043478261,0.9130434782608695,,0.13043478260869557,,,
B,bolivia/tile340,134,27,confidence (baseline),0.09546763026706176,0.07407407407407407,,0.0,0.18518518518518517,,0.0,0.48148148148148145,,0.0,,,
B,bolivia/tile340,134,27,tile-phase (aligned),0.08139700006642146,0.14814814814814814,,0.07407407407407407,0.2962962962962963,,0.1111111111111111,0.5185185185185185,,0.037037037037037035,,,
B,bolivia/tile340,134,27,boundary indicator,0.13366832404790896,0.037037037037037035,,-0.037037037037037035,0.13333333333333333,,-0.05185185185185184,0.3844797178130512,,-0.09700176366843027,,,
B,bolivia/tile340,134,27,control NDWI gradient,0.1445977776372427,0.14814814814814814,,0.07407407407407407,0.2222222222222222,,0.037037037037037035,0.37037037037037035,,-0.1111111111111111,,,
B,bolivia/tile340,134,27,constant score,0.20149253731343283,0.05223880597014925,,-0.021835268103924818,0.09701492537313433,,-0.08817025981205084,0.20149253731343283,,-0.27998894416804865,,,
B,bolivia/tile340,134,27,control S2 patch variance,0.15588742428249103,0.1111111111111111,,0.037037037037037035,0.2222222222222222,,0.037037037037037035,0.2222222222222222,,-0.25925925925925924,,,
B,bolivia/tile340,134,27,control NDWI level,0.07371588834762574,0.14814814814814814,,0.07407407407407407,0.2962962962962963,,0.1111111111111111,0.48148148148148145,,0.0,,,
B,bolivia/tile341,225,34,confidence (baseline),0.026918267283452917,0.14705882352941177,,0.0,0.35294117647058826,,0.0,0.6470588235294118,,0.0,,,
B,bolivia/tile341,225,34,tile-phase (aligned),0.031165367841530393,0.20588235294117646,,0.05882352941176469,0.3235294117647059,,-0.02941176470588236,0.5882352941176471,,-0.05882352941176472,,,
B,bolivia/tile341,225,34,boundary indicator,0.07179100517823644,0.11029411764705882,,-0.03676470588235295,0.20168067226890757,,-0.1512605042016807,0.38843813387423937,,-0.25862068965517243,,,
B,bolivia/tile341,225,34,control NDWI gradient,0.054621607899222054,0.14705882352941177,,0.0,0.2647058823529412,,-0.08823529411764708,0.4411764705882353,,-0.20588235294117652,,,
B,bolivia/tile341,225,34,constant score,0.1511111111111111,0.04888888888888889,,-0.09816993464052287,0.09777777777777778,,-0.25516339869281046,0.19999999999999998,,-0.44705882352941184,,,
B,bolivia/tile341,225,34,control S2 patch variance,0.06432680869564737,0.14705882352941177,,0.0,0.17647058823529413,,-0.17647058823529413,0.3235294117647059,,-0.3235294117647059,,,
B,bolivia/tile341,225,34,control NDWI level,0.024360767412750728,0.20588235294117646,,0.05882352941176469,0.3235294117647059,,-0.02941176470588236,0.7647058823529411,,0.11764705882352933,,,
B,bolivia/tile342,225,16,confidence (baseline),0.006741929867114377,0.4375,,0.0,0.5625,,0.0,0.9375,,0.0,,,
B,bolivia/tile342,225,16,tile-phase (aligned),0.005628622699810608,0.3125,,-0.125,0.6875,,0.125,1.0,,0.0625,,,
B,bolivia/tile342,225,16,boundary indicator,0.02121835552730114,0.33035714285714285,,-0.10714285714285715,0.578125,,0.015625,0.7941176470588235,,-0.14338235294117652,,,
B,bolivia/tile342,225,16,control NDWI gradient,0.023611340496440522,0.25,,-0.1875,0.5,,-0.0625,0.5,,-0.4375,,,
B,bolivia/tile342,225,16,constant score,0.07111111111111111,0.04888888888888889,,-0.38861111111111113,0.09777777777777778,,-0.4647222222222222,0.2,,-0.7375,,,
B,bolivia/tile342,225,16,control S2 patch variance,0.009679870370819616,0.3125,,-0.125,0.5625,,0.0,0.75,,-0.1875,,,
B,bolivia/tile342,225,16,control NDWI level,0.007694239341791308,0.375,,-0.0625,0.625,,0.0625,0.8125,,-0.125,,,
B,bolivia/tile343,225,10,confidence (baseline),0.003548752423207326,0.3,,0.0,0.8,,0.0,1.0,,0.0,,,
B,bolivia/tile343,225,10,tile-phase (aligned),0.005306969628751554,0.2,,-0.09999999999999998,0.5,,-0.30000000000000004,0.9,,-0.09999999999999998,,,
B,bolivia/tile343,225,10,boundary indicator,0.004133710683419451,0.5,,0.2,0.5,,-0.30000000000000004,0.9466666666666667,,-0.053333333333333344,,,
B,bolivia/tile343,225,10,control NDWI gradient,0.01563029043040814,0.3,,0.0,0.6,,-0.20000000000000007,0.6,,-0.4,,,
B,bolivia/tile343,225,10,constant score,0.04444444444444444,0.048888888888888885,,-0.2511111111111111,0.09777777777777777,,-0.7022222222222223,0.2,,-0.8,,,
B,bolivia/tile343,225,10,control S2 patch variance,0.005583281140015243,0.2,,-0.09999999999999998,0.5,,-0.30000000000000004,0.9,,-0.09999999999999998,,,
B,bolivia/tile343,225,10,control NDWI level,0.0021784753275373267,0.5,,0.2,1.0,,0.19999999999999996,1.0,,0.0,,,
B,bolivia/tile344,225,9,confidence (baseline),0.0024915012885379302,0.4444444444444444,,0.0,0.7777777777777778,,0.0,1.0,,0.0,,,
B,bolivia/tile344,225,9,tile-phase (aligned),0.00240568059764743,0.7777777777777778,,0.33333333333333337,0.8888888888888888,,0.11111111111111105,0.8888888888888888,,-0.11111111111111116,,,
B,bolivia/tile344,225,9,boundary indicator,0.006662014275930864,0.6666666666666666,,0.2222222222222222,0.8888888888888888,,0.11111111111111105,0.8901098901098901,,-0.10989010989010994,,,
B,bolivia/tile344,225,9,control NDWI gradient,0.004626532538441712,0.2222222222222222,,-0.2222222222222222,0.7777777777777778,,0.0,0.7777777777777778,,-0.2222222222222222,,,
B,bolivia/tile344,225,9,constant score,0.04,0.04888888888888889,,-0.39555555555555555,0.09777777777777778,,-0.68,0.2,,-0.8,,,
B,bolivia/tile344,225,9,control S2 patch variance,0.027287724713727587,0.0,,-0.4444444444444444,0.2222222222222222,,-0.5555555555555556,0.4444444444444444,,-0.5555555555555556,,,
B,bolivia/tile344,225,9,control NDWI level,0.003121270903464425,0.5555555555555556,,0.11111111111111116,0.5555555555555556,,-0.2222222222222222,1.0,,0.0,,,
B,bolivia/tile345,225,47,confidence (baseline),0.08575474090417654,0.1276595744680851,,0.0,0.19148936170212766,,0.0,0.48936170212765956,,0.0,,,
B,bolivia/tile345,225,47,tile-phase (aligned),0.08115076989289578,0.14893617021276595,,0.021276595744680854,0.2978723404255319,,0.10638297872340424,0.44680851063829785,,-0.04255319148936171,,,
B,bolivia/tile345,225,47,boundary indicator,0.0795648922359231,0.11448834853090173,,-0.013171225937183367,0.20364741641337386,,0.012158054711246202,0.4310480693459417,,-0.05831363278171786,,,
B,bolivia/tile345,225,47,control NDWI gradient,0.1188530113161724,0.0851063829787234,,-0.042553191489361694,0.1276595744680851,,-0.06382978723404256,0.2765957446808511,,-0.21276595744680848,,,
B,bolivia/tile345,225,47,constant score,0.2088888888888889,0.048888888888888885,,-0.07877068557919621,0.09777777777777777,,-0.09371158392434989,0.2,,-0.28936170212765955,,,
B,bolivia/tile345,225,47,control S2 patch variance,0.12939762544973876,0.02127659574468085,,-0.10638297872340424,0.06382978723404255,,-0.12765957446808512,0.2127659574468085,,-0.276595744680851,,,
B,bolivia/tile345,225,47,control NDWI level,0.12382508690803944,0.0425531914893617,,-0.08510638297872339,0.0425531914893617,,-0.14893617021276595,0.14893617021276595,,-0.3404255319148936,,,
B,bolivia/tile346,225,5,confidence (baseline),0.0006851236095558507,0.8,,0.0,1.0,,0.0,1.0,,0.0,,,
B,bolivia/tile346,225,5,tile-phase (aligned),0.0007736558151445256,0.8,,0.0,1.0,,0.0,1.0,,0.0,,,
B,bolivia/tile346,225,5,boundary indicator,0.0018437219743930376,0.3111111111111111,,-0.48888888888888893,0.8,,-0.19999999999999996,0.9916666666666666,,-0.008333333333333415,,,
B,bolivia/tile346,225,5,control NDWI gradient,0.0007336075496667664,0.8,,0.0,1.0,,0.0,1.0,,0.0,,,
B,bolivia/tile346,225,5,constant score,0.02222222222222222,0.048888888888888885,,-0.7511111111111112,0.09777777777777777,,-0.9022222222222223,0.2,,-0.8,,,
B,bolivia/tile346,225,5,control S2 patch variance,0.0018263560228449838,0.4,,-0.4,0.6,,-0.4,1.0,,0.0,,,
B,bolivia/tile346,225,5,control NDWI level,0.0008654598340542707,0.8,,0.0,1.0,,0.0,1.0,,0.0,,,
B,bolivia/tile347,225,10,confidence (baseline),0.0026538327051198753,0.6,,0.0,0.8,,0.0,1.0,,0.0,,,
B,bolivia/tile347,225,10,tile-phase (aligned),0.0033630844238906068,0.5,,-0.09999999999999998,0.7,,-0.10000000000000009,1.0,,0.0,,,
B,bolivia/tile347,225,10,boundary indicator,0.011773343391792226,0.47777777777777775,,-0.12222222222222223,0.7,,-0.10000000000000009,0.8172588832487311,,-0.18274111675126892,,,
B,bolivia/tile347,225,10,control NDWI gradient,0.0019773116141431494,0.6,,0.0,1.0,,0.19999999999999996,1.0,,0.0,,,
B,bolivia/tile347,225,10,constant score,0.04444444444444444,0.048888888888888885,,-0.5511111111111111,0.09777777777777777,,-0.7022222222222223,0.2,,-0.8,,,
B,bolivia/tile347,225,10,control S2 patch variance,0.021827738896293487,0.1,,-0.5,0.1,,-0.7000000000000001,0.2,,-0.8,,,
B,bolivia/tile347,225,10,control NDWI level,0.0017393740487889637,0.8,,0.20000000000000007,1.0,,0.19999999999999996,1.0,,0.0,,,
B,bolivia/tile349,225,4,confidence (baseline),0.0003397435673361993,1.0,,0.0,1.0,,0.0,1.0,,0.0,,,
B,bolivia/tile349,225,4,tile-phase (aligned),0.0005483910035216798,0.75,,-0.25,1.0,,0.0,1.0,,0.0,,,
B,bolivia/tile349,225,4,boundary indicator,0.0004425572478583588,0.8611111111111112,,-0.13888888888888884,1.0,,0.0,1.0,,0.0,,,
B,bolivia/tile349,225,4,control NDWI gradient,0.0006852125020241743,0.75,,-0.25,1.0,,0.0,1.0,,0.0,,,
B,bolivia/tile349,225,4,constant score,0.017777777777777778,0.04888888888888889,,-0.9511111111111111,0.09777777777777778,,-0.9022222222222223,0.2,,-0.8,,,
B,bolivia/tile349,225,4,control S2 patch variance,0.0024598445838404097,0.25,,-0.75,0.5,,-0.5,0.75,,-0.25,,,
B,bolivia/tile349,225,4,control NDWI level,0.00021852727185972594,1.0,,0.0,1.0,,0.0,1.0,,0.0,,,
B,bolivia/tile350,225,4,confidence (baseline),0.0007091360524111391,0.75,,0.0,1.0,,0.0,1.0,,0.0,,,
B,bolivia/tile350,225,4,tile-phase (aligned),0.0004609673773580144,1.0,,0.25,1.0,,0.0,1.0,,0.0,,,
B,bolivia/tile350,225,4,boundary indicator,0.0003703895608560539,0.9375,,0.1875,1.0,,0.0,1.0,,0.0,,,
B,bolivia/tile350,225,4,control NDWI gradient,0.0008481768066879172,0.75,,0.0,0.75,,-0.25,1.0,,0.0,,,
B,bolivia/tile350,225,4,constant score,0.017777777777777778,0.04888888888888889,,-0.7011111111111111,0.09777777777777778,,-0.9022222222222223,0.2,,-0.8,,,
B,bolivia/tile350,225,4,control S2 patch variance,0.0016767960091973336,0.25,,-0.5,0.5,,-0.5,1.0,,0.0,,,
B,bolivia/tile350,225,4,control NDWI level,0.0003599531020835613,1.0,,0.25,1.0,,0.0,1.0,,0.0,,,
B,bolivia/tile351,225,12,confidence (baseline),0.005639654194248327,0.4166666666666667,,0.0,0.5,,0.0,1.0,,0.0,,,
B,bolivia/tile351,225,12,tile-phase (aligned),0.00446090713821338,0.4166666666666667,,0.0,0.6666666666666666,,0.16666666666666663,1.0,,0.0,,,
B,bolivia/tile351,225,12,boundary indicator,0.003814905113927652,0.38095238095238093,,-0.035714285714285754,0.8397435897435898,,0.33974358974358976,0.9675925925925926,,-0.03240740740740744,,,
B,bolivia/tile351,225,12,control NDWI gradient,0.006192274654429484,0.3333333333333333,,-0.08333333333333337,0.5833333333333334,,0.08333333333333337,0.8333333333333334,,-0.16666666666666663,,,
B,bolivia/tile351,225,12,constant score,0.05333333333333334,0.04888888888888889,,-0.3677777777777778,0.09777777777777778,,-0.4022222222222222,0.19999999999999998,,-0.8,,,
B,bolivia/tile351,225,12,control S2 patch variance,0.03856380782240513,0.16666666666666666,,-0.25,0.16666666666666666,,-0.33333333333333337,0.16666666666666666,,-0.8333333333333334,,,
B,bolivia/tile351,225,12,control NDWI level,0.0021062047998716667,0.6666666666666666,,0.24999999999999994,1.0,,0.5,1.0,,0.0,,,
B,bolivia/tile352,225,23,confidence (baseline),0.021904264307619818,0.17391304347826086,,0.0,0.30434782608695654,,0.0,0.6086956521739131,,0.0,,,
B,bolivia/tile352,225,23,tile-phase (aligned),0.019280919996172083,0.30434782608695654,,0.13043478260869568,0.43478260869565216,,0.13043478260869562,0.6956521739130435,,0.08695652173913038,,,
B,bolivia/tile352,225,23,boundary indicator,0.009042741636977773,0.4782608695652174,,0.30434782608695654,0.660455486542443,,0.3561076604554865,0.9202898550724639,,0.3115942028985508,,,
B,bolivia/tile352,225,23,control NDWI gradient,0.03204314407470089,0.13043478260869565,,-0.043478260869565216,0.34782608695652173,,0.04347826086956519,0.5217391304347826,,-0.08695652173913049,,,
B,bolivia/tile352,225,23,constant score,0.10222222222222223,0.048888888888888885,,-0.125024154589372,0.09777777777777777,,-0.20657004830917877,0.19999999999999998,,-0.4086956521739131,,,
B,bolivia/tile352,225,23,control S2 patch variance,0.11028021967833783,0.043478260869565216,,-0.13043478260869565,0.043478260869565216,,-0.26086956521739135,0.13043478260869565,,-0.4782608695652174,,,
B,bolivia/tile352,225,23,control NDWI level,0.009584125070384697,0.34782608695652173,,0.17391304347826086,0.6521739130434783,,0.34782608695652173,0.9565217391304348,,0.34782608695652173,,,
B,bolivia/tile353,225,33,confidence (baseline),0.036003013155368725,0.24242424242424243,,0.0,0.36363636363636365,,0.0,0.6363636363636364,,0.0,,,
B,bolivia/tile353,225,33,tile-phase (aligned),0.02596148354724055,0.2727272727272727,,0.030303030303030276,0.48484848484848486,,0.12121212121212122,0.7878787878787878,,0.1515151515151515,,,
B,bolivia/tile353,225,33,boundary indicator,0.026912949979596992,0.30303030303030304,,0.06060606060606061,0.5537190082644629,,0.1900826446280992,0.8181818181818182,,0.18181818181818188,,,
B,bolivia/tile353,225,33,control NDWI gradient,0.06347461423694316,0.15151515151515152,,-0.09090909090909091,0.30303030303030304,,-0.06060606060606061,0.48484848484848486,,-0.1515151515151515,,,
B,bolivia/tile353,225,33,constant score,0.1466666666666667,0.048888888888888885,,-0.19353535353535356,0.09777777777777777,,-0.2658585858585859,0.19999999999999998,,-0.4363636363636364,,,
B,bolivia/tile353,225,33,control S2 patch variance,0.10088066601836004,0.06060606060606061,,-0.18181818181818182,0.09090909090909091,,-0.2727272727272727,0.2727272727272727,,-0.36363636363636365,,,
B,bolivia/tile353,225,33,control NDWI level,0.0501569242097443,0.12121212121212122,,-0.12121212121212122,0.21212121212121213,,-0.15151515151515152,0.48484848484848486,,-0.1515151515151515,,,
B,bolivia/tile355,225,4,confidence (baseline),0.00034048838127941083,1.0,,0.0,1.0,,0.0,1.0,,0.0,,,
B,bolivia/tile355,225,4,tile-phase (aligned),0.0002790435789513755,1.0,,0.0,1.0,,0.0,1.0,,0.0,,,
B,bolivia/tile355,225,4,boundary indicator,0.00019841666351382345,1.0,,0.0,1.0,,0.0,1.0,,0.0,,,
B,bolivia/tile355,225,4,control NDWI gradient,0.0035691306889057595,0.0,,-1.0,0.0,,-1.0,0.75,,-0.25,,,
B,bolivia/tile355,225,4,constant score,0.017777777777777778,0.04888888888888889,,-0.9511111111111111,0.09777777777777778,,-0.9022222222222223,0.2,,-0.8,,,
B,bolivia/tile355,225,4,control S2 patch variance,0.00795844830291794,0.0,,-1.0,0.0,,-1.0,0.0,,-1.0,,,
B,bolivia/tile355,225,4,control NDWI level,0.0002794109187682566,1.0,,0.0,1.0,,0.0,1.0,,0.0,,,
B,bolivia/tile356,225,6,confidence (baseline),0.003517765059089403,0.6666666666666666,,0.0,0.8333333333333334,,0.0,0.8333333333333334,,0.0,,,
B,bolivia/tile356,225,6,tile-phase (aligned),0.0009185590393977431,0.6666666666666666,,0.0,1.0,,0.16666666666666663,1.0,,0.16666666666666663,,,
B,bolivia/tile356,225,6,boundary indicator,0.00045851809814978603,1.0,,0.33333333333333337,1.0,,0.16666666666666663,1.0,,0.16666666666666663,,,
B,bolivia/tile356,225,6,control NDWI gradient,0.006826277579889346,0.5,,-0.16666666666666663,0.6666666666666666,,-0.16666666666666674,0.6666666666666666,,-0.16666666666666674,,,
B,bolivia/tile356,225,6,constant score,0.02666666666666667,0.04888888888888889,,-0.6177777777777778,0.09777777777777778,,-0.7355555555555556,0.19999999999999998,,-0.6333333333333334,,,
B,bolivia/tile356,225,6,control S2 patch variance,0.011703203541025976,0.3333333333333333,,-0.3333333333333333,0.3333333333333333,,-0.5,0.5,,-0.33333333333333337,,,
B,bolivia/tile356,225,6,control NDWI level,0.0036350851771875547,0.6666666666666666,,0.0,0.6666666666666666,,-0.16666666666666674,0.6666666666666666,,-0.16666666666666674,,,
B,bolivia/tile358,225,42,confidence (baseline),0.04359482153993181,0.11904761904761904,,0.0,0.23809523809523808,,0.0,0.47619047619047616,,0.0,,,
B,bolivia/tile358,225,42,tile-phase (aligned),0.038763864517536654,0.16666666666666666,,0.047619047619047616,0.35714285714285715,,0.11904761904761907,0.5952380952380952,,0.11904761904761907,,,
B,bolivia/tile358,225,42,boundary indicator,0.08544645271556563,0.18452380952380953,,0.0654761904761905,0.3412698412698413,,0.1031746031746032,0.5126050420168068,,0.036414565826330625,,,
B,bolivia/tile358,225,42,control NDWI gradient,0.1507150250113385,0.047619047619047616,,-0.07142857142857142,0.09523809523809523,,-0.14285714285714285,0.23809523809523808,,-0.23809523809523808,,,
B,bolivia/tile358,225,42,constant score,0.18666666666666668,0.048888888888888885,,-0.07015873015873016,0.09777777777777777,,-0.1403174603174603,0.2,,-0.27619047619047615,,,
B,bolivia/tile358,225,42,control S2 patch variance,0.288764132337427,0.0,,-0.11904761904761904,0.0,,-0.23809523809523808,0.047619047619047616,,-0.42857142857142855,,,
B,bolivia/tile358,225,42,control NDWI level,0.02663992938559311,0.21428571428571427,,0.09523809523809523,0.40476190476190477,,0.16666666666666669,0.8095238095238095,,0.33333333333333337,,,
B,bolivia/tile360,225,43,confidence (baseline),0.0717535873911231,0.13953488372093023,,0.0,0.27906976744186046,,0.0,0.37209302325581395,,0.0,,,
B,bolivia/tile360,225,43,tile-phase (aligned),0.06512580345251685,0.16279069767441862,,0.023255813953488386,0.32558139534883723,,0.04651162790697677,0.5348837209302325,,0.16279069767441856,,,
B,bolivia/tile360,225,43,boundary indicator,0.08314685683944582,0.13953488372093023,,0.0,0.32558139534883723,,0.04651162790697677,0.5030599755201959,,0.13096695226438193,,,
B,bolivia/tile360,225,43,control NDWI gradient,0.12052576396190312,0.11627906976744186,,-0.023255813953488372,0.18604651162790697,,-0.09302325581395349,0.37209302325581395,,0.0,,,
B,bolivia/tile360,225,43,constant score,0.19111111111111112,0.04888888888888889,,-0.09064599483204133,0.09777777777777778,,-0.18129198966408266,0.19999999999999998,,-0.17209302325581396,,,
B,bolivia/tile360,225,43,control S2 patch variance,0.28928092976687647,0.023255813953488372,,-0.11627906976744186,0.023255813953488372,,-0.2558139534883721,0.09302325581395349,,-0.27906976744186046,,,
B,bolivia/tile360,225,43,control NDWI level,0.03241074547129253,0.09302325581395349,,-0.046511627906976744,0.3023255813953488,,0.023255813953488358,0.7441860465116279,,0.37209302325581395,,,
B,bolivia/tile362,225,42,confidence (baseline),0.05434974554117013,0.07142857142857142,,0.0,0.21428571428571427,,0.0,0.4523809523809524,,0.0,,,
B,bolivia/tile362,225,42,tile-phase (aligned),0.05321238571109606,0.16666666666666666,,0.09523809523809523,0.2857142857142857,,0.07142857142857142,0.4523809523809524,,0.0,,,
B,bolivia/tile362,225,42,boundary indicator,0.10955648443056185,0.16666666666666666,,0.09523809523809523,0.23669467787114845,,0.022408963585434177,0.47493734335839594,,0.022556390977443552,,,
B,bolivia/tile362,225,42,control NDWI gradient,0.24444811251958717,0.047619047619047616,,-0.023809523809523808,0.09523809523809523,,-0.11904761904761904,0.2619047619047619,,-0.19047619047619047,,,
B,bolivia/tile362,225,42,constant score,0.18666666666666668,0.048888888888888885,,-0.02253968253968254,0.09777777777777777,,-0.1165079365079365,0.2,,-0.2523809523809524,,,
B,bolivia/tile362,225,42,control S2 patch variance,0.280514640209452,0.023809523809523808,,-0.047619047619047616,0.023809523809523808,,-0.19047619047619047,0.07142857142857142,,-0.38095238095238093,,,
B,bolivia/tile362,225,42,control NDWI level,0.046823814757076844,0.023809523809523808,,-0.047619047619047616,0.047619047619047616,,-0.16666666666666666,0.42857142857142855,,-0.023809523809523836,,,
B,bolivia/tile364,225,38,confidence (baseline),0.04249030385384496,0.15789473684210525,,0.0,0.23684210526315788,,0.0,0.631578947368421,,0.0,,,
B,bolivia/tile364,225,38,tile-phase (aligned),0.07622120621877383,0.07894736842105263,,-0.07894736842105263,0.23684210526315788,,0.0,0.3684210526315789,,-0.2631578947368421,,,
B,bolivia/tile364,225,38,boundary indicator,0.11523303628712954,0.021052631578947368,,-0.13684210526315788,0.14144736842105263,,-0.09539473684210525,0.38947368421052636,,-0.24210526315789466,,,
B,bolivia/tile364,225,38,control NDWI gradient,0.15605561179342586,0.02631578947368421,,-0.13157894736842105,0.13157894736842105,,-0.10526315789473684,0.3157894736842105,,-0.3157894736842105,,,
B,bolivia/tile364,225,38,constant score,0.1688888888888889,0.04888888888888889,,-0.10900584795321636,0.09777777777777778,,-0.1390643274853801,0.19999999999999998,,-0.43157894736842106,,,
B,bolivia/tile364,225,38,control S2 patch variance,0.14291419945082545,0.10526315789473684,,-0.05263157894736842,0.18421052631578946,,-0.05263157894736842,0.2894736842105263,,-0.3421052631578947,,,
B,bolivia/tile364,225,38,control NDWI level,0.08835590440762231,0.05263157894736842,,-0.10526315789473684,0.05263157894736842,,-0.18421052631578946,0.10526315789473684,,-0.5263157894736842,,,
B,bolivia/tile366,189,29,confidence (baseline),0.060968168228152896,0.06896551724137931,,0.0,0.1724137931034483,,0.0,0.3793103448275862,,0.0,,,
B,bolivia/tile366,189,29,tile-phase (aligned),0.06158358350825492,0.13793103448275862,,0.06896551724137931,0.27586206896551724,,0.10344827586206895,0.5172413793103449,,0.13793103448275867,,,
B,bolivia/tile366,189,29,boundary indicator,0.048059247265831675,0.27586206896551724,,0.20689655172413793,0.43678160919540227,,0.264367816091954,0.6279491833030852,,0.24863883847549906,,,
B,bolivia/tile366,189,29,control NDWI gradient,0.11582045246727986,0.06896551724137931,,0.0,0.13793103448275862,,-0.03448275862068967,0.3448275862068966,,-0.03448275862068961,,,
B,bolivia/tile366,189,29,constant score,0.1534391534391535,0.047619047619047616,,-0.021346469622331693,0.10052910052910052,,-0.07188469257434776,0.20105820105820105,,-0.17825214376938514,,,
B,bolivia/tile366,189,29,control S2 patch variance,0.13648029001867618,0.13793103448275862,,0.06896551724137931,0.2413793103448276,,0.06896551724137931,0.3448275862068966,,-0.03448275862068961,,,
B,bolivia/tile366,189,29,control NDWI level,0.031142049665561153,0.13793103448275862,,0.06896551724137931,0.1724137931034483,,0.0,0.6551724137931034,,0.27586206896551724,,,
B,bolivia/tile367,180,5,confidence (baseline),0.0018325573019143332,0.6,,0.0,0.8,,0.0,1.0,,0.0,,,
B,bolivia/tile367,180,5,tile-phase (aligned),0.00142645061747033,0.6,,0.0,1.0,,0.19999999999999996,1.0,,0.0,,,
B,bolivia/tile367,180,5,boundary indicator,0.0014345064404691626,0.6,,0.0,0.923076923076923,,0.12307692307692297,1.0,,0.0,,,
B,bolivia/tile367,180,5,control NDWI gradient,0.0021529612129226588,0.4,,-0.19999999999999996,0.8,,0.0,1.0,,0.0,,,
B,bolivia/tile367,180,5,constant score,0.027777777777777783,0.05,,-0.5499999999999999,0.1,,-0.7000000000000001,0.2,,-0.8,,,
B,bolivia/tile367,180,5,control S2 patch variance,0.008013639710096545,0.2,,-0.39999999999999997,0.4,,-0.4,0.6,,-0.4,,,
B,bolivia/tile367,180,5,control NDWI level,0.0023270642832911833,0.4,,-0.19999999999999996,0.8,,0.0,1.0,,0.0,,,
B,bolivia/tile369,52,3,confidence (baseline),0.0030413363570280186,0.6666666666666666,,0.0,1.0,,0.0,1.0,,0.0,,,
B,bolivia/tile369,52,3,tile-phase (aligned),0.01556035152673128,0.3333333333333333,,-0.3333333333333333,0.3333333333333333,,-0.6666666666666667,0.3333333333333333,,-0.6666666666666667,,,
B,bolivia/tile369,52,3,boundary indicator,0.06289970222811922,0.25,,-0.41666666666666663,0.3333333333333333,,-0.6666666666666667,0.3333333333333333,,-0.6666666666666667,,,
B,bolivia/tile369,52,3,control NDWI gradient,0.022059460841148203,0.3333333333333333,,-0.3333333333333333,0.3333333333333333,,-0.6666666666666667,0.3333333333333333,,-0.6666666666666667,,,
B,bolivia/tile369,52,3,constant score,0.057692307692307675,0.05769230769230769,,-0.6089743589743589,0.09615384615384615,,-0.9038461538461539,0.1923076923076923,,-0.8076923076923077,,,
B,bolivia/tile369,52,3,control S2 patch variance,0.00852730063645694,0.3333333333333333,,-0.3333333333333333,0.6666666666666666,,-0.33333333333333337,0.6666666666666666,,-0.33333333333333337,,,
B,bolivia/tile369,52,3,control NDWI level,0.004645641923273588,0.3333333333333333,,-0.3333333333333333,0.6666666666666666,,-0.33333333333333337,1.0,,0.0,,,
B,bolivia/tile370,190,9,confidence (baseline),0.002619904821913583,0.5555555555555556,,0.0,0.8888888888888888,,0.0,1.0,,0.0,,,
B,bolivia/tile370,190,9,tile-phase (aligned),0.0038272681875330607,0.5555555555555556,,0.0,0.6666666666666666,,-0.2222222222222222,1.0,,0.0,,,
B,bolivia/tile370,190,9,boundary indicator,0.00519475235019077,0.4035087719298246,,-0.15204678362573099,0.5614035087719298,,-0.32748538011695905,0.8333333333333334,,-0.16666666666666663,,,
B,bolivia/tile370,190,9,control NDWI gradient,0.005956252592888901,0.5555555555555556,,0.0,0.6666666666666666,,-0.2222222222222222,0.7777777777777778,,-0.2222222222222222,,,
B,bolivia/tile370,190,9,constant score,0.04736842105263158,0.05263157894736842,,-0.5029239766081872,0.1,,-0.7888888888888889,0.2,,-0.8,,,
B,bolivia/tile370,190,9,control S2 patch variance,0.0027373292543663784,0.6666666666666666,,0.11111111111111105,0.7777777777777778,,-0.11111111111111105,1.0,,0.0,,,
B,bolivia/tile370,190,9,control NDWI level,0.00503128279996686,0.1111111111111111,,-0.4444444444444445,0.6666666666666666,,-0.2222222222222222,1.0,,0.0,,,
B,bolivia/tile371,143,21,confidence (baseline),0.02258359280103467,0.19047619047619047,,0.0,0.38095238095238093,,0.0,0.8095238095238095,,0.0,,,
B,bolivia/tile371,143,21,tile-phase (aligned),0.023919507841740777,0.19047619047619047,,0.0,0.3333333333333333,,-0.047619047619047616,0.7142857142857143,,-0.09523809523809523,,,
B,bolivia/tile371,143,21,boundary indicator,0.056054059036495685,0.10204081632653061,,-0.08843537414965985,0.3203463203463204,,-0.06060606060606055,0.6031746031746031,,-0.2063492063492064,,,
B,bolivia/tile371,143,21,control NDWI gradient,0.03442445000148819,0.09523809523809523,,-0.09523809523809523,0.2857142857142857,,-0.09523809523809523,0.5238095238095238,,-0.2857142857142857,,,
B,bolivia/tile371,143,21,constant score,0.14685314685314685,0.048951048951048945,,-0.1415251415251415,0.09790209790209789,,-0.283050283050283,0.20279720279720279,,-0.6067266067266067,,,
B,bolivia/tile371,143,21,control S2 patch variance,0.05756475757068033,0.14285714285714285,,-0.047619047619047616,0.19047619047619047,,-0.19047619047619047,0.5714285714285714,,-0.23809523809523814,,,
B,bolivia/tile371,143,21,control NDWI level,0.016527421898745554,0.3333333333333333,,0.14285714285714285,0.47619047619047616,,0.09523809523809523,0.9523809523809523,,0.1428571428571428,,,
B,bolivia/tile372,68,5,confidence (baseline),0.01854465492275351,0.4,,0.0,0.4,,0.0,0.6,,0.0,,,
B,bolivia/tile372,68,5,tile-phase (aligned),0.013984612818533703,0.4,,0.0,0.6,,0.19999999999999996,0.8,,0.20000000000000007,,,
B,bolivia/tile372,68,5,boundary indicator,0.025893085743088465,0.2,,-0.2,0.4,,0.0,0.7,,0.09999999999999998,,,
B,bolivia/tile372,68,5,control NDWI gradient,0.01259708475888958,0.2,,-0.2,0.2,,-0.2,0.6,,0.0,,,
B,bolivia/tile372,68,5,constant score,0.07352941176470586,0.044117647058823525,,-0.3558823529411765,0.10294117647058823,,-0.2970588235294118,0.20588235294117646,,-0.3941176470588235,,,
B,bolivia/tile372,68,5,control S2 patch variance,0.020188092728672467,0.0,,-0.4,0.2,,-0.2,0.6,,0.0,,,
B,bolivia/tile372,68,5,control NDWI level,0.0035434220058648733,0.6,,0.19999999999999996,1.0,,0.6,1.0,,0.4,,,
B,bolivia/tile374,221,26,confidence (baseline),0.030985020129824462,0.15384615384615385,,0.0,0.3076923076923077,,0.0,0.6153846153846154,,0.0,,,
B,bolivia/tile374,221,26,tile-phase (aligned),0.03670140472606366,0.11538461538461539,,-0.038461538461538464,0.3076923076923077,,0.0,0.4230769230769231,,-0.19230769230769235,,,
B,bolivia/tile374,221,26,boundary indicator,0.028765950774919342,0.21978021978021978,,0.06593406593406592,0.3531468531468531,,0.045454545454545414,0.4472527472527472,,-0.1681318681318682,,,
B,bolivia/tile374,221,26,control NDWI gradient,0.06714422578752688,0.07692307692307693,,-0.07692307692307693,0.15384615384615385,,-0.15384615384615385,0.2692307692307692,,-0.3461538461538462,,,
B,bolivia/tile374,221,26,constant score,0.11764705882352941,0.0497737556561086,,-0.10407239819004525,0.0995475113122172,,-0.2081447963800905,0.1990950226244344,,-0.416289592760181,,,
B,bolivia/tile374,221,26,control S2 patch variance,0.1267228630529803,0.038461538461538464,,-0.11538461538461539,0.11538461538461539,,-0.19230769230769232,0.15384615384615385,,-0.46153846153846156,,,
B,bolivia/tile374,221,26,control NDWI level,0.015635980890994775,0.19230769230769232,,0.038461538461538464,0.5,,0.1923076923076923,0.8076923076923077,,0.1923076923076923,,,
B,bolivia/tile375,213,23,confidence (baseline),0.02409364735766163,0.17391304347826086,,0.0,0.34782608695652173,,0.0,0.6086956521739131,,0.0,,,
B,bolivia/tile375,213,23,tile-phase (aligned),0.023338246982334245,0.13043478260869565,,-0.043478260869565216,0.34782608695652173,,0.0,0.6521739130434783,,0.04347826086956519,,,
B,bolivia/tile375,213,23,boundary indicator,0.0252038310192682,0.3333333333333333,,0.15942028985507245,0.5183946488294314,,0.1705685618729097,0.7989130434782609,,0.19021739130434778,,,
B,bolivia/tile375,213,23,control NDWI gradient,0.0538729891522133,0.13043478260869565,,-0.043478260869565216,0.17391304347826086,,-0.17391304347826086,0.34782608695652173,,-0.26086956521739135,,,
B,bolivia/tile375,213,23,constant score,0.10798122065727697,0.051643192488262914,,-0.12226985098999796,0.09859154929577466,,-0.24923453766074707,0.20187793427230047,,-0.4068177179016126,,,
B,bolivia/tile375,213,23,control S2 patch variance,0.10376081796488412,0.043478260869565216,,-0.13043478260869565,0.08695652173913043,,-0.2608695652173913,0.08695652173913043,,-0.5217391304347827,,,
B,bolivia/tile375,213,23,control NDWI level,0.017109107491624538,0.30434782608695654,,0.13043478260869568,0.4782608695652174,,0.13043478260869568,0.7391304347826086,,0.13043478260869557,,,
B,bolivia/tile376,64,12,confidence (baseline),0.02797868867688111,0.16666666666666666,,0.0,0.4166666666666667,,0.0,0.9166666666666666,,0.0,,,
B,bolivia/tile376,64,12,tile-phase (aligned),0.03865500072520744,0.08333333333333333,,-0.08333333333333333,0.25,,-0.16666666666666669,0.6666666666666666,,-0.25,,,
B,bolivia/tile376,64,12,boundary indicator,0.06661719881514264,0.11458333333333333,,-0.05208333333333333,0.20833333333333334,,-0.20833333333333334,0.4583333333333333,,-0.4583333333333333,,,
B,bolivia/tile376,64,12,control NDWI gradient,0.04663751971154706,0.16666666666666666,,0.0,0.3333333333333333,,-0.08333333333333337,0.5,,-0.41666666666666663,,,
B,bolivia/tile376,64,12,constant score,0.1875,0.046875,,-0.11979166666666666,0.09375,,-0.3229166666666667,0.203125,,-0.7135416666666666,,,
B,bolivia/tile376,64,12,control S2 patch variance,0.046128932890117075,0.08333333333333333,,-0.08333333333333333,0.25,,-0.16666666666666669,0.5,,-0.41666666666666663,,,
B,bolivia/tile376,64,12,control NDWI level,0.026522279534877097,0.25,,0.08333333333333334,0.4166666666666667,,0.0,0.75,,-0.16666666666666663,,,
B,bolivia/tile379,180,6,confidence (baseline),0.0025345663765078447,0.5,,0.0,0.6666666666666666,,0.0,1.0,,0.0,,,
B,bolivia/tile379,180,6,tile-phase (aligned),0.0013391473519728527,0.6666666666666666,,0.16666666666666663,1.0,,0.33333333333333337,1.0,,0.0,,,
B,bolivia/tile379,180,6,boundary indicator,0.00168801440471624,0.6666666666666666,,0.16666666666666663,0.9333333333333332,,0.2666666666666666,1.0,,0.0,,,
B,bolivia/tile379,180,6,control NDWI gradient,0.0021547637555697245,0.6666666666666666,,0.16666666666666663,0.8333333333333334,,0.16666666666666674,1.0,,0.0,,,
B,bolivia/tile379,180,6,constant score,0.033333333333333326,0.049999999999999996,,-0.45,0.09999999999999999,,-0.5666666666666667,0.19999999999999998,,-0.8,,,
B,bolivia/tile379,180,6,control S2 patch variance,0.00166225268065835,0.8333333333333334,,0.33333333333333337,0.8333333333333334,,0.16666666666666674,1.0,,0.0,,,
B,bolivia/tile379,180,6,control NDWI level,0.009954568892662068,0.6666666666666666,,0.16666666666666663,0.6666666666666666,,0.0,0.8333333333333334,,-0.16666666666666663,,,
B,bolivia/tile380,98,3,confidence (baseline),0.0008427597012428279,1.0,,0.0,1.0,,0.0,1.0,,0.0,,,
B,bolivia/tile380,98,3,tile-phase (aligned),0.001163921864633946,1.0,,0.0,1.0,,0.0,1.0,,0.0,,,
B,bolivia/tile380,98,3,boundary indicator,0.012141028777654033,0.3333333333333333,,-0.6666666666666667,0.6704119850187266,,-0.32958801498127344,0.7078651685393259,,-0.2921348314606741,,,
B,bolivia/tile380,98,3,control NDWI gradient,0.0023712371223059353,0.0,,-1.0,1.0,,0.0,1.0,,0.0,,,
B,bolivia/tile380,98,3,constant score,0.030612244897959183,0.05102040816326531,,-0.9489795918367347,0.10204081632653061,,-0.8979591836734694,0.20408163265306123,,-0.7959183673469388,,,
B,bolivia/tile380,98,3,control S2 patch variance,0.00543430190391632,0.6666666666666666,,-0.33333333333333337,0.6666666666666666,,-0.33333333333333337,0.6666666666666666,,-0.33333333333333337,,,
B,bolivia/tile380,98,3,control NDWI level,0.0021506018836382383,0.3333333333333333,,-0.6666666666666667,1.0,,0.0,1.0,,0.0,,,
B,bolivia/tile381,106,4,confidence (baseline),0.004025079589986575,0.5,,0.0,0.5,,0.0,1.0,,0.0,,,
B,bolivia/tile381,106,4,tile-phase (aligned),0.0013656740033547582,0.75,,0.25,1.0,,0.5,1.0,,0.0,,,
B,bolivia/tile381,106,4,boundary indicator,0.0010835431157834952,0.875,,0.375,1.0,,0.5,1.0,,0.0,,,
B,bolivia/tile381,106,4,control NDWI gradient,0.014754609811979406,0.0,,-0.5,0.0,,-0.5,0.25,,-0.75,,,
B,bolivia/tile381,106,4,constant score,0.03773584905660377,0.04716981132075472,,-0.4528301886792453,0.10377358490566038,,-0.39622641509433965,0.19811320754716982,,-0.8018867924528301,,,
B,bolivia/tile381,106,4,control S2 patch variance,0.13449686045012554,0.0,,-0.5,0.0,,-0.5,0.0,,-1.0,,,
B,bolivia/tile381,106,4,control NDWI level,0.0011733474412355563,1.0,,0.5,1.0,,0.5,1.0,,0.0,,,
B,bolivia/tile382,80,5,confidence (baseline),0.014630935504427997,0.2,,0.0,0.4,,0.0,0.4,,0.0,,,
B,bolivia/tile382,80,5,tile-phase (aligned),0.018989774672774448,0.4,,0.2,0.4,,0.0,0.4,,0.0,,,
B,bolivia/tile382,80,5,boundary indicator,0.03637648042976517,0.22000000000000003,,0.020000000000000018,0.3,,-0.10000000000000003,0.55,,0.15000000000000002,,,
B,bolivia/tile382,80,5,control NDWI gradient,0.019533647010230387,0.0,,-0.2,0.2,,-0.2,0.4,,0.0,,,
B,bolivia/tile382,80,5,constant score,0.0625,0.05,,-0.15000000000000002,0.1,,-0.30000000000000004,0.2,,-0.2,,,
B,bolivia/tile382,80,5,control S2 patch variance,0.04683854712751679,0.0,,-0.2,0.0,,-0.4,0.2,,-0.2,,,
B,bolivia/tile382,80,5,control NDWI level,0.007178630901491384,0.4,,0.2,0.6,,0.19999999999999996,0.8,,0.4,,,
B,bolivia/tile385,221,41,confidence (baseline),0.057073129337837626,0.0975609756097561,,0.0,0.21951219512195122,,0.0,0.4146341463414634,,0.0,,,
B,bolivia/tile385,221,41,tile-phase (aligned),0.05531939790600563,0.17073170731707318,,0.07317073170731708,0.3170731707317073,,0.0975609756097561,0.5365853658536586,,0.12195121951219517,,,
B,bolivia/tile385,221,41,boundary indicator,0.058380201951336946,0.2382739212007505,,0.1407129455909944,0.47386759581881527,,0.254355400696864,0.662020905923345,,0.24738675958188155,,,
B,bolivia/tile385,221,41,control NDWI gradient,0.08893880487383317,0.0975609756097561,,0.0,0.17073170731707318,,-0.04878048780487804,0.36585365853658536,,-0.04878048780487804,,,
B,bolivia/tile385,221,41,constant score,0.18552036199095023,0.049773755656108594,,-0.04778721995364751,0.09954751131221719,,-0.11996468380973403,0.19909502262443438,,-0.21553912371702902,,,
B,bolivia/tile385,221,41,control S2 patch variance,0.37065048364873654,0.024390243902439025,,-0.07317073170731708,0.024390243902439025,,-0.1951219512195122,0.04878048780487805,,-0.36585365853658536,,,
B,bolivia/tile385,221,41,control NDWI level,0.023767266770619074,0.2682926829268293,,0.17073170731707318,0.43902439024390244,,0.21951219512195122,0.8780487804878049,,0.4634146341463415,,,
B,bolivia/tile386,122,9,confidence (baseline),0.02626314162564591,0.4444444444444444,,0.0,0.4444444444444444,,0.0,0.6666666666666666,,0.0,,,
B,bolivia/tile386,122,9,tile-phase (aligned),0.011218068128271372,0.2222222222222222,,-0.2222222222222222,0.4444444444444444,,0.0,0.6666666666666666,,0.0,,,
B,bolivia/tile386,122,9,boundary indicator,0.008073818768677627,0.4444444444444444,,0.0,0.6944444444444444,,0.25,0.8362573099415205,,0.16959064327485385,,,
B,bolivia/tile386,122,9,control NDWI gradient,0.025887900158639298,0.1111111111111111,,-0.3333333333333333,0.1111111111111111,,-0.3333333333333333,0.4444444444444444,,-0.2222222222222222,,,
B,bolivia/tile386,122,9,constant score,0.07377049180327867,0.04918032786885246,,-0.39526411657559196,0.09836065573770492,,-0.3460837887067395,0.19672131147540983,,-0.4699453551912568,,,
B,bolivia/tile386,122,9,control S2 patch variance,0.02204712059391003,0.1111111111111111,,-0.3333333333333333,0.3333333333333333,,-0.1111111111111111,0.6666666666666666,,0.0,,,
B,bolivia/tile386,122,9,control NDWI level,0.05339161445609032,0.1111111111111111,,-0.3333333333333333,0.1111111111111111,,-0.3333333333333333,0.4444444444444444,,-0.2222222222222222,,,
B,bolivia/tile387,98,11,confidence (baseline),0.012074306502865532,0.36363636363636365,,0.0,0.5454545454545454,,0.0,1.0,,0.0,,,
B,bolivia/tile387,98,11,tile-phase (aligned),0.019259743778940377,0.2727272727272727,,-0.09090909090909094,0.45454545454545453,,-0.09090909090909088,0.7272727272727273,,-0.2727272727272727,,,
B,bolivia/tile387,98,11,boundary indicator,0.02256390814493023,0.18181818181818182,,-0.18181818181818182,0.45454545454545453,,-0.09090909090909088,0.7272727272727273,,-0.2727272727272727,,,
B,bolivia/tile387,98,11,control NDWI gradient,0.019842952117891284,0.18181818181818182,,-0.18181818181818182,0.36363636363636365,,-0.18181818181818177,0.7272727272727273,,-0.2727272727272727,,,
B,bolivia/tile387,98,11,constant score,0.11224489795918367,0.0510204081632653,,-0.31261595547309834,0.1020408163265306,,-0.4434137291280148,0.2040816326530612,,-0.7959183673469388,,,
B,bolivia/tile387,98,11,control S2 patch variance,0.029735091490873784,0.18181818181818182,,-0.18181818181818182,0.36363636363636365,,-0.18181818181818177,0.5454545454545454,,-0.4545454545454546,,,
B,bolivia/tile387,98,11,control NDWI level,0.012747368105784779,0.36363636363636365,,0.0,0.5454545454545454,,0.0,0.8181818181818182,,-0.18181818181818177,,,
B,bolivia/tile391,225,3,confidence (baseline),0.00019949895852484174,1.0,,0.0,1.0,,0.0,1.0,,0.0,,,
B,bolivia/tile391,225,3,tile-phase (aligned),0.0003001492110751763,1.0,,0.0,1.0,,0.0,1.0,,0.0,,,
B,bolivia/tile391,225,3,boundary indicator,0.0004982307312905627,0.6944444444444445,,-0.30555555555555547,1.0,,0.0,1.0,,0.0,,,
B,bolivia/tile391,225,3,control NDWI gradient,0.00027922073667711314,1.0,,0.0,1.0,,0.0,1.0,,0.0,,,
B,bolivia/tile391,225,3,constant score,0.013333333333333334,0.04888888888888889,,-0.9511111111111111,0.09777777777777778,,-0.9022222222222223,0.19999999999999998,,-0.8,,,
B,bolivia/tile391,225,3,control S2 patch variance,0.00040256011489814405,1.0,,0.0,1.0,,0.0,1.0,,0.0,,,
B,bolivia/tile391,225,3,control NDWI level,0.0018720306960080995,0.3333333333333333,,-0.6666666666666667,0.3333333333333333,,-0.6666666666666667,0.6666666666666666,,-0.33333333333333337,,,
B,bolivia/tile392,196,10,confidence (baseline),0.003371120876776832,0.7,,0.0,0.9,,0.0,0.9,,0.0,,,
B,bolivia/tile392,196,10,tile-phase (aligned),0.013889530602130138,0.2,,-0.49999999999999994,0.3,,-0.6000000000000001,0.5,,-0.4,,,
B,bolivia/tile392,196,10,boundary indicator,0.021038815457388553,0.3,,-0.39999999999999997,0.48235294117647054,,-0.4176470588235295,0.6,,-0.30000000000000004,,,
B,bolivia/tile392,196,10,control NDWI gradient,0.0064878188867462435,0.5,,-0.19999999999999996,0.6,,-0.30000000000000004,0.9,,0.0,,,
B,bolivia/tile392,196,10,constant score,0.05102040816326531,0.05102040816326531,,-0.6489795918367347,0.10204081632653061,,-0.7979591836734694,0.1989795918367347,,-0.7010204081632654,,,
B,bolivia/tile392,196,10,control S2 patch variance,0.012549393178570956,0.4,,-0.29999999999999993,0.5,,-0.4,0.7,,-0.20000000000000007,,,
B,bolivia/tile392,196,10,control NDWI level,0.010911062593937277,0.0,,-0.7,0.2,,-0.7,0.6,,-0.30000000000000004,,,
B,bolivia/tile393,110,4,confidence (baseline),0.0029487576461001545,0.25,,0.0,0.5,,0.0,1.0,,0.0,,,
B,bolivia/tile393,110,4,tile-phase (aligned),0.006198063608974042,0.0,,-0.25,0.0,,-0.5,0.75,,-0.25,,,
B,bolivia/tile393,110,4,boundary indicator,0.0017029946897571307,0.6428571428571428,,0.3928571428571428,1.0,,0.5,1.0,,0.0,,,
B,bolivia/tile393,110,4,control NDWI gradient,0.005816320656230601,0.0,,-0.25,0.25,,-0.25,0.75,,-0.25,,,
B,bolivia/tile393,110,4,constant score,0.03636363636363636,0.05454545454545454,,-0.19545454545454546,0.1,,-0.4,0.2,,-0.8,,,
B,bolivia/tile393,110,4,control S2 patch variance,0.055240217399439996,0.0,,-0.25,0.0,,-0.5,0.0,,-1.0,,,
B,bolivia/tile393,110,4,control NDWI level,0.002404396719651615,0.5,,0.25,0.75,,0.25,1.0,,0.0,,,
B,bolivia/tile394,189,8,confidence (baseline),0.003555250695335623,0.5,,0.0,0.75,,0.0,1.0,,0.0,,,
B,bolivia/tile394,189,8,tile-phase (aligned),0.002707834607443713,0.5,,0.0,0.875,,0.125,1.0,,0.0,,,
B,bolivia/tile394,189,8,boundary indicator,0.002821441162852555,0.4464285714285714,,-0.0535714285714286,0.8035714285714286,,0.0535714285714286,1.0,,0.0,,,
B,bolivia/tile394,189,8,control NDWI gradient,0.005019639723037186,0.375,,-0.125,0.375,,-0.375,0.875,,-0.125,,,
B,bolivia/tile394,189,8,constant score,0.04232804232804234,0.047619047619047616,,-0.4523809523809524,0.10052910052910052,,-0.6494708994708995,0.20105820105820105,,-0.798941798941799,,,
B,bolivia/tile394,189,8,control S2 patch variance,0.00547970277739366,0.5,,0.0,0.625,,-0.125,0.75,,-0.25,,,
B,bolivia/tile394,189,8,control NDWI level,0.005828038753366742,0.25,,-0.25,0.625,,-0.125,0.75,,-0.25,,,
B,bolivia/tile396,127,7,confidence (baseline),0.0030813980966147314,0.5714285714285714,,0.0,0.8571428571428571,,0.0,1.0,,0.0,,,
B,bolivia/tile396,127,7,tile-phase (aligned),0.004574127068910945,0.2857142857142857,,-0.2857142857142857,0.5714285714285714,,-0.2857142857142857,1.0,,0.0,,,
B,bolivia/tile396,127,7,boundary indicator,0.012449334332298336,0.5428571428571428,,-0.02857142857142858,0.7142857142857143,,-0.1428571428571428,0.8441558441558442,,-0.15584415584415579,,,
B,bolivia/tile396,127,7,control NDWI gradient,0.015264983389736553,0.2857142857142857,,-0.2857142857142857,0.42857142857142855,,-0.42857142857142855,0.5714285714285714,,-0.4285714285714286,,,
B,bolivia/tile396,127,7,constant score,0.05511811023622047,0.04724409448818898,,-0.5241844769403824,0.10236220472440945,,-0.7547806524184476,0.1968503937007874,,-0.8031496062992126,,,
B,bolivia/tile396,127,7,control S2 patch variance,0.01831679458699767,0.2857142857142857,,-0.2857142857142857,0.2857142857142857,,-0.5714285714285714,0.5714285714285714,,-0.4285714285714286,,,
B,bolivia/tile396,127,7,control NDWI level,0.0021562669927399033,0.7142857142857143,,0.1428571428571429,1.0,,0.1428571428571429,1.0,,0.0,,,
B,bolivia/tile398,64,5,confidence (baseline),0.018094199425593965,0.2,,0.0,0.2,,0.0,0.6,,0.0,,,
B,bolivia/tile398,64,5,tile-phase (aligned),0.02522374806824595,0.0,,-0.2,0.2,,0.0,0.2,,-0.39999999999999997,,,
B,bolivia/tile398,64,5,boundary indicator,0.053705826161549425,0.08571428571428572,,-0.1142857142857143,0.17142857142857143,,-0.02857142857142858,0.3,,-0.3,,,
B,bolivia/tile398,64,5,control NDWI gradient,0.0401389793484553,0.0,,-0.2,0.0,,-0.2,0.0,,-0.6,,,
B,bolivia/tile398,64,5,constant score,0.078125,0.046875,,-0.153125,0.09375,,-0.10625000000000001,0.203125,,-0.396875,,,
B,bolivia/tile398,64,5,control S2 patch variance,0.05415597175751588,0.0,,-0.2,0.0,,-0.2,0.2,,-0.39999999999999997,,,
B,bolivia/tile398,64,5,control NDWI level,0.00585268401689165,0.4,,0.2,0.6,,0.39999999999999997,1.0,,0.4,,,
B,bolivia/tile402,110,13,confidence (baseline),0.011287087735165095,0.3076923076923077,,0.0,0.6923076923076923,,0.0,1.0,,0.0,,,
B,bolivia/tile402,110,13,tile-phase (aligned),0.010120661101339343,0.3076923076923077,,0.0,0.6923076923076923,,0.0,1.0,,0.0,,,
B,bolivia/tile402,110,13,boundary indicator,0.06274377519894156,0.3076923076923077,,0.0,0.5476009139375476,,-0.14470677837014467,0.5978674790555979,,-0.4021325209444021,,,
B,bolivia/tile402,110,13,control NDWI gradient,0.009992955441004855,0.38461538461538464,,0.07692307692307693,0.6923076923076923,,0.0,1.0,,0.0,,,
B,bolivia/tile402,110,13,constant score,0.11818181818181824,0.05454545454545455,,-0.25314685314685315,0.1,,-0.5923076923076923,0.2,,-0.8,,,
B,bolivia/tile402,110,13,control S2 patch variance,0.013166263141898133,0.46153846153846156,,0.15384615384615385,0.6153846153846154,,-0.07692307692307687,0.9230769230769231,,-0.07692307692307687,,,
B,bolivia/tile402,110,13,control NDWI level,0.011513355329719331,0.3076923076923077,,0.0,0.6923076923076923,,0.0,0.9230769230769231,,-0.07692307692307687,,,
B,bolivia/tile405,223,26,confidence (baseline),0.026390004737633428,0.11538461538461539,,0.0,0.3076923076923077,,0.0,0.6538461538461539,,0.0,,,
B,bolivia/tile405,223,26,tile-phase (aligned),0.026157820553314778,0.23076923076923078,,0.11538461538461539,0.4230769230769231,,0.11538461538461536,0.46153846153846156,,-0.1923076923076923,,,
B,bolivia/tile405,223,26,boundary indicator,0.050040184503488974,0.15384615384615385,,0.038461538461538464,0.3041958041958042,,-0.003496503496503489,0.4816053511705686,,-0.17224080267558528,,,
B,bolivia/tile405,223,26,control NDWI gradient,0.027728516895071414,0.19230769230769232,,0.07692307692307693,0.46153846153846156,,0.15384615384615385,0.5384615384615384,,-0.11538461538461542,,,
B,bolivia/tile405,223,26,constant score,0.11659192825112107,0.04932735426008968,,-0.0660572611245257,0.09865470852017937,,-0.20903759917212833,0.20179372197309414,,-0.4520524318730597,,,
B,bolivia/tile405,223,26,control S2 patch variance,0.05463574230348778,0.038461538461538464,,-0.07692307692307693,0.038461538461538464,,-0.2692307692307693,0.3076923076923077,,-0.34615384615384615,,,
B,bolivia/tile405,223,26,control NDWI level,0.03438996459080627,0.07692307692307693,,-0.038461538461538464,0.2692307692307692,,-0.03846153846153849,0.4230769230769231,,-0.23076923076923078,,,
B,bolivia/tile406,126,25,confidence (baseline),0.036877873929434264,0.12,,0.0,0.36,,0.0,0.76,,0.0,,,
B,bolivia/tile406,126,25,tile-phase (aligned),0.03910548013007088,0.12,,0.0,0.28,,-0.07999999999999996,0.64,,-0.12,,,
B,bolivia/tile406,126,25,boundary indicator,0.13380159153759807,0.04,,-0.07999999999999999,0.24,,-0.12,0.495,,-0.265,,,
B,bolivia/tile406,126,25,control NDWI gradient,0.04056907861923961,0.2,,0.08000000000000002,0.44,,0.08000000000000002,0.68,,-0.07999999999999996,,,
B,bolivia/tile406,126,25,constant score,0.19841269841269848,0.047619047619047616,,-0.07238095238095238,0.10317460317460318,,-0.2568253968253968,0.19841269841269843,,-0.5615873015873016,,,
B,bolivia/tile406,126,25,control S2 patch variance,0.21913489846975787,0.04,,-0.07999999999999999,0.08,,-0.27999999999999997,0.28,,-0.48,,,
B,bolivia/tile406,126,25,control NDWI level,0.038864866369771336,0.08,,-0.039999999999999994,0.36,,0.0,0.68,,-0.07999999999999996,,,
B,bolivia/tile407,174,4,confidence (baseline),0.002797838184431516,0.25,,0.0,0.75,,0.0,0.75,,0.0,,,
B,bolivia/tile407,174,4,tile-phase (aligned),0.004539626900858174,0.5,,0.25,0.75,,0.0,0.75,,0.0,,,
B,bolivia/tile407,174,4,boundary indicator,0.007245726563889272,0.25,,0.0,0.7562111801242236,,0.006211180124223614,0.7841614906832298,,0.03416149068322982,,,
B,bolivia/tile407,174,4,control NDWI gradient,0.0005360668400528173,1.0,,0.75,1.0,,0.25,1.0,,0.25,,,
B,bolivia/tile407,174,4,constant score,0.022988505747126447,0.05172413793103448,,-0.19827586206896552,0.09770114942528736,,-0.6522988505747126,0.20114942528735633,,-0.5488505747126436,,,
B,bolivia/tile407,174,4,control S2 patch variance,0.0009519579477477897,0.75,,0.5,1.0,,0.25,1.0,,0.25,,,
B,bolivia/tile407,174,4,control NDWI level,0.006828145624642509,0.25,,0.0,0.25,,-0.5,0.5,,-0.25,,,
B,bolivia/tile410,225,7,confidence (baseline),0.005194724573780145,0.2857142857142857,,0.0,0.5714285714285714,,0.0,0.7142857142857143,,0.0,,,
B,bolivia/tile410,225,7,tile-phase (aligned),0.003095572815150986,0.42857142857142855,,0.14285714285714285,0.7142857142857143,,0.1428571428571429,0.8571428571428571,,0.1428571428571428,,,
B,bolivia/tile410,225,7,boundary indicator,0.0028583017603735963,0.4849624060150376,,0.1992481203007519,0.6090225563909775,,0.03759398496240607,0.8730158730158729,,0.1587301587301586,,,
B,bolivia/tile410,225,7,control NDWI gradient,0.0063484717816230775,0.0,,-0.2857142857142857,0.14285714285714285,,-0.42857142857142855,0.5714285714285714,,-0.1428571428571429,,,
B,bolivia/tile410,225,7,constant score,0.031111111111111103,0.048888888888888885,,-0.23682539682539683,0.09777777777777777,,-0.47365079365079366,0.19999999999999998,,-0.5142857142857143,,,
B,bolivia/tile410,225,7,control S2 patch variance,0.011285233331578817,0.0,,-0.2857142857142857,0.14285714285714285,,-0.42857142857142855,0.2857142857142857,,-0.4285714285714286,,,
B,bolivia/tile410,225,7,control NDWI level,0.03308175199390808,0.0,,-0.2857142857142857,0.0,,-0.5714285714285714,0.0,,-0.7142857142857143,,,
B,bolivia/tile411,225,58,confidence (baseline),0.072584570841436,0.15517241379310345,,0.0,0.27586206896551724,,0.0,0.5172413793103449,,0.0,,,
B,bolivia/tile411,225,58,tile-phase (aligned),0.08443382250860007,0.10344827586206896,,-0.05172413793103449,0.27586206896551724,,0.0,0.5172413793103449,,0.0,,,
B,bolivia/tile411,225,58,boundary indicator,0.20187882997021916,0.10188087774294671,,-0.05329153605015674,0.23399014778325122,,-0.041871921182266014,0.38895837055565485,,-0.12828300875469,,,
B,bolivia/tile411,225,58,control NDWI gradient,0.15745079906278633,0.08620689655172414,,-0.06896551724137931,0.1206896551724138,,-0.15517241379310343,0.29310344827586204,,-0.22413793103448282,,,
B,bolivia/tile411,225,58,constant score,0.2577777777777777,0.04888888888888889,,-0.10628352490421455,0.09777777777777778,,-0.17808429118773944,0.19999999999999998,,-0.3172413793103449,,,
B,bolivia/tile411,225,58,control S2 patch variance,0.35134277036026446,0.017241379310344827,,-0.13793103448275862,0.05172413793103448,,-0.22413793103448276,0.08620689655172414,,-0.4310344827586207,,,
B,bolivia/tile411,225,58,control NDWI level,0.06565824306138777,0.1206896551724138,,-0.034482758620689655,0.29310344827586204,,0.017241379310344807,0.5172413793103449,,0.0,,,
B,bolivia/tile412,225,3,confidence (baseline),0.0002392704725116024,1.0,,0.0,1.0,,0.0,1.0,,0.0,,,
B,bolivia/tile412,225,3,tile-phase (aligned),0.0005661247039262908,0.6666666666666666,,-0.33333333333333337,1.0,,0.0,1.0,,0.0,,,
B,bolivia/tile412,225,3,boundary indicator,0.0004568715267328471,0.7380952380952381,,-0.26190476190476186,1.0,,0.0,1.0,,0.0,,,
B,bolivia/tile412,225,3,control NDWI gradient,0.0016367956716680245,0.3333333333333333,,-0.6666666666666667,0.3333333333333333,,-0.6666666666666667,0.6666666666666666,,-0.33333333333333337,,,
B,bolivia/tile412,225,3,constant score,0.013333333333333334,0.04888888888888889,,-0.9511111111111111,0.09777777777777778,,-0.9022222222222223,0.19999999999999998,,-0.8,,,
B,bolivia/tile412,225,3,control S2 patch variance,0.006656670504388653,0.0,,-1.0,0.0,,-1.0,0.0,,-1.0,,,
B,bolivia/tile412,225,3,control NDWI level,0.0035642864059652847,0.0,,-1.0,0.3333333333333333,,-0.6666666666666667,0.3333333333333333,,-0.6666666666666667,,,
B,bolivia/tile414,225,30,confidence (baseline),0.04462118507624886,0.16666666666666666,,0.0,0.4,,0.0,0.6,,0.0,,,
B,bolivia/tile414,225,30,tile-phase (aligned),0.02735276211160529,0.16666666666666666,,0.0,0.4,,0.0,0.7,,0.09999999999999998,,,
B,bolivia/tile414,225,30,boundary indicator,0.058285651442900606,0.15208333333333332,,-0.014583333333333337,0.35833333333333334,,-0.041666666666666685,0.5916666666666667,,-0.008333333333333304,,,
B,bolivia/tile414,225,30,control NDWI gradient,0.0490396421952204,0.13333333333333333,,-0.033333333333333326,0.23333333333333334,,-0.16666666666666669,0.5333333333333333,,-0.06666666666666665,,,
B,bolivia/tile414,225,30,constant score,0.1333333333333333,0.048888888888888885,,-0.11777777777777777,0.09777777777777777,,-0.3022222222222223,0.2,,-0.39999999999999997,,,
B,bolivia/tile414,225,30,control S2 patch variance,0.08985877544270851,0.03333333333333333,,-0.13333333333333333,0.03333333333333333,,-0.3666666666666667,0.13333333333333333,,-0.4666666666666667,,,
B,bolivia/tile414,225,30,control NDWI level,0.08049650319940133,0.0,,-0.16666666666666666,0.06666666666666667,,-0.33333333333333337,0.1,,-0.5,,,
B,bolivia/tile415,225,12,confidence (baseline),0.004015966992142744,0.5,,0.0,0.6666666666666666,,0.0,1.0,,0.0,,,
B,bolivia/tile415,225,12,tile-phase (aligned),0.002911809173161651,0.4166666666666667,,-0.08333333333333331,0.9166666666666666,,0.25,1.0,,0.0,,,
B,bolivia/tile415,225,12,boundary indicator,0.0030249021626707075,0.6666666666666666,,0.16666666666666663,0.8444444444444444,,0.1777777777777778,0.9513888888888888,,-0.04861111111111116,,,
B,bolivia/tile415,225,12,control NDWI gradient,0.02573396131579164,0.25,,-0.25,0.25,,-0.41666666666666663,0.5,,-0.5,,,
B,bolivia/tile415,225,12,constant score,0.05333333333333334,0.04888888888888889,,-0.45111111111111113,0.09777777777777778,,-0.5688888888888889,0.19999999999999998,,-0.8,,,
B,bolivia/tile415,225,12,control S2 patch variance,0.06172727925889219,0.08333333333333333,,-0.4166666666666667,0.08333333333333333,,-0.5833333333333333,0.16666666666666666,,-0.8333333333333334,,,
B,bolivia/tile415,225,12,control NDWI level,0.005579343049303338,0.16666666666666666,,-0.33333333333333337,0.5833333333333334,,-0.08333333333333326,0.9166666666666666,,-0.08333333333333337,,,
B,bolivia/tile416,119,14,confidence (baseline),0.04523860678720611,0.07142857142857142,,0.0,0.14285714285714285,,0.0,0.2857142857142857,,0.0,,,
B,bolivia/tile416,119,14,tile-phase (aligned),0.03934659360642354,0.14285714285714285,,0.07142857142857142,0.21428571428571427,,0.07142857142857142,0.35714285714285715,,0.07142857142857145,,,
B,bolivia/tile416,119,14,boundary indicator,0.06444238493211828,0.17142857142857143,,0.1,0.34285714285714286,,0.2,0.5714285714285714,,0.2857142857142857,,,
B,bolivia/tile416,119,14,control NDWI gradient,0.0766622942584623,0.0,,-0.07142857142857142,0.07142857142857142,,-0.07142857142857142,0.21428571428571427,,-0.07142857142857142,,,
B,bolivia/tile416,119,14,constant score,0.1176470588235294,0.05042016806722689,,-0.021008403361344533,0.10084033613445378,,-0.042016806722689065,0.20168067226890757,,-0.08403361344537813,,,
B,bolivia/tile416,119,14,control S2 patch variance,0.108627367504925,0.07142857142857142,,0.0,0.07142857142857142,,-0.07142857142857142,0.21428571428571427,,-0.07142857142857142,,,
B,bolivia/tile416,119,14,control NDWI level,0.034701859768918646,0.0,,-0.07142857142857142,0.0,,-0.14285714285714285,0.21428571428571427,,-0.07142857142857142,,,
B,bolivia/tile417,225,53,confidence (baseline),0.09414108055610393,0.11320754716981132,,0.0,0.22641509433962265,,0.0,0.41509433962264153,,0.0,,,
B,bolivia/tile417,225,53,tile-phase (aligned),0.10877154374898917,0.16981132075471697,,0.05660377358490565,0.22641509433962265,,0.0,0.41509433962264153,,0.0,,,
B,bolivia/tile417,225,53,boundary indicator,0.1592168255590838,0.1509433962264151,,0.037735849056603765,0.2749326145552561,,0.048517520215633436,0.44043126684636114,,0.025336927223719607,,,
B,bolivia/tile417,225,53,control NDWI gradient,0.1623639406550609,0.09433962264150944,,-0.018867924528301883,0.18867924528301888,,-0.037735849056603765,0.33962264150943394,,-0.07547169811320759,,,
B,bolivia/tile417,225,53,constant score,0.23555555555555555,0.04888888888888889,,-0.06431865828092242,0.09777777777777778,,-0.12863731656184485,0.19999999999999998,,-0.21509433962264154,,,
B,bolivia/tile417,225,53,control S2 patch variance,0.1799226620077507,0.05660377358490566,,-0.05660377358490566,0.1320754716981132,,-0.09433962264150944,0.33962264150943394,,-0.07547169811320759,,,
B,bolivia/tile417,225,53,control NDWI level,0.21218873084895742,0.018867924528301886,,-0.09433962264150944,0.03773584905660377,,-0.18867924528301888,0.07547169811320754,,-0.339622641509434,,,
B,bolivia/tile418,225,65,confidence (baseline),0.1317157708318333,0.09230769230769231,,0.0,0.16923076923076924,,0.0,0.2923076923076923,,0.0,,,
B,bolivia/tile418,225,65,tile-phase (aligned),0.12408148235756641,0.1076923076923077,,0.015384615384615385,0.2153846153846154,,0.046153846153846156,0.35384615384615387,,0.06153846153846154,,,
B,bolivia/tile418,225,65,boundary indicator,0.21919152127089453,0.10384615384615385,,0.011538461538461539,0.18681318681318682,,0.017582417582417575,0.33076923076923076,,0.038461538461538436,,,
B,bolivia/tile418,225,65,control NDWI gradient,0.2012038009392763,0.046153846153846156,,-0.046153846153846156,0.16923076923076924,,0.0,0.26153846153846155,,-0.03076923076923077,,,
B,bolivia/tile418,225,65,constant score,0.28888888888888886,0.048888888888888885,,-0.04341880341880343,0.09777777777777777,,-0.07145299145299147,0.2,,-0.09230769230769231,,,
B,bolivia/tile418,225,65,control S2 patch variance,0.2740080649667112,0.0,,-0.09230769230769231,0.0,,-0.16923076923076924,0.06153846153846154,,-0.23076923076923078,,,
B,bolivia/tile418,225,65,control NDWI level,0.13870102613070728,0.03076923076923077,,-0.06153846153846154,0.09230769230769231,,-0.07692307692307693,0.24615384615384617,,-0.046153846153846156,,,
B,bolivia/tile419,225,4,confidence (baseline),0.005698396174917939,0.25,,0.0,0.5,,0.0,0.5,,0.0,,,
B,bolivia/tile419,225,4,tile-phase (aligned),0.0033702821142625287,0.75,,0.5,0.75,,0.25,0.75,,0.25,,,
B,bolivia/tile419,225,4,boundary indicator,0.017777777777777778,0.04888888888888889,,-0.2011111111111111,0.09777777777777778,,-0.4022222222222222,0.2,,-0.3,,,
B,bolivia/tile419,225,4,control NDWI gradient,0.0013718299524406125,0.5,,0.25,0.75,,0.25,1.0,,0.5,,,
B,bolivia/tile419,225,4,constant score,0.017777777777777778,0.04888888888888889,,-0.2011111111111111,0.09777777777777778,,-0.4022222222222222,0.2,,-0.3,,,
B,bolivia/tile419,225,4,control S2 patch variance,0.003994466711479702,0.25,,0.0,0.25,,-0.25,0.25,,-0.25,,,
B,bolivia/tile419,225,4,control NDWI level,0.006601031150178903,0.5,,0.25,0.5,,0.0,0.75,,0.25,,,
B,bolivia/tile420,198,76,confidence (baseline),0.2562484527023212,0.05263157894736842,,0.0,0.10526315789473684,,0.0,0.25,,0.0,,,
B,bolivia/tile420,198,76,tile-phase (aligned),0.25919429997773313,0.039473684210526314,,-0.013157894736842105,0.11842105263157894,,0.013157894736842105,0.2631578947368421,,0.01315789473684209,,,
B,bolivia/tile420,198,76,boundary indicator,0.4050677610322941,0.06140350877192983,,0.00877192982456141,0.09941520467836257,,-0.005847953216374269,0.1754385964912281,,-0.07456140350877191,,,
B,bolivia/tile420,198,76,control NDWI gradient,0.31327483053904465,0.06578947368421052,,0.013157894736842105,0.14473684210526316,,0.03947368421052633,0.25,,0.0,,,
B,bolivia/tile420,198,76,constant score,0.3838383838383837,0.050505050505050504,,-0.002126528442317914,0.10101010101010101,,-0.004253056884635828,0.20202020202020202,,-0.04797979797979798,,,
B,bolivia/tile420,198,76,control S2 patch variance,0.3646872867448435,0.02631578947368421,,-0.02631578947368421,0.09210526315789473,,-0.013157894736842105,0.17105263157894737,,-0.07894736842105263,,,
B,bolivia/tile420,198,76,control NDWI level,0.2553957284525581,0.09210526315789473,,0.039473684210526314,0.15789473684210525,,0.05263157894736842,0.3157894736842105,,0.06578947368421051,,,
B,bolivia/tile421,156,26,confidence (baseline),0.05798201532259658,0.15384615384615385,,0.0,0.23076923076923078,,0.0,0.38461538461538464,,0.0,,,
B,bolivia/tile421,156,26,tile-phase (aligned),0.06270674392250107,0.15384615384615385,,0.0,0.2692307692307692,,0.038461538461538436,0.5384615384615384,,0.1538461538461538,,,
B,bolivia/tile421,156,26,boundary indicator,0.05691746154977384,0.19230769230769232,,0.038461538461538464,0.32905982905982906,,0.09829059829059827,0.5686813186813187,,0.18406593406593402,,,
B,bolivia/tile421,156,26,control NDWI gradient,0.17220864433595395,0.038461538461538464,,-0.11538461538461539,0.038461538461538464,,-0.19230769230769232,0.07692307692307693,,-0.3076923076923077,,,
B,bolivia/tile421,156,26,constant score,0.16666666666666666,0.05128205128205128,,-0.10256410256410257,0.10256410256410256,,-0.12820512820512822,0.19871794871794873,,-0.1858974358974359,,,
B,bolivia/tile421,156,26,control S2 patch variance,0.1983855005493561,0.038461538461538464,,-0.11538461538461539,0.15384615384615385,,-0.07692307692307693,0.23076923076923078,,-0.15384615384615385,,,
B,bolivia/tile421,156,26,control NDWI level,0.03915458185877157,0.11538461538461539,,-0.038461538461538464,0.2692307692307692,,0.038461538461538436,0.6153846153846154,,0.23076923076923078,,,
B,bolivia/tile422,90,20,confidence (baseline),0.06895693916782088,0.1,,0.0,0.25,,0.0,0.55,,0.0,,,
B,bolivia/tile422,90,20,tile-phase (aligned),0.05913098593474383,0.1,,0.0,0.25,,0.0,0.6,,0.04999999999999993,,,
B,bolivia/tile422,90,20,boundary indicator,0.1630351288759789,0.05,,-0.05,0.22857142857142856,,-0.021428571428571436,0.43896103896103894,,-0.1110389610389611,,,
B,bolivia/tile422,90,20,control NDWI gradient,0.09023773157635166,0.2,,0.1,0.35,,0.09999999999999998,0.6,,0.04999999999999993,,,
B,bolivia/tile422,90,20,constant score,0.22222222222222227,0.04444444444444444,,-0.055555555555555566,0.1,,-0.15,0.2,,-0.35000000000000003,,,
B,bolivia/tile422,90,20,control S2 patch variance,0.20082387794300766,0.05,,-0.05,0.1,,-0.15,0.2,,-0.35000000000000003,,,
B,bolivia/tile422,90,20,control NDWI level,0.06552380493445303,0.05,,-0.05,0.25,,0.0,0.55,,0.0,,,
B,bolivia/tile423,107,12,confidence (baseline),0.024725846204177927,0.16666666666666666,,0.0,0.5,,0.0,0.5833333333333334,,0.0,,,
B,bolivia/tile423,107,12,tile-phase (aligned),0.02794921098253984,0.08333333333333333,,-0.08333333333333333,0.08333333333333333,,-0.4166666666666667,0.5,,-0.08333333333333337,,,
B,bolivia/tile423,107,12,boundary indicator,0.056454505389790105,0.05555555555555555,,-0.1111111111111111,0.08333333333333333,,-0.4166666666666667,0.35714285714285715,,-0.22619047619047622,,,
B,bolivia/tile423,107,12,control NDWI gradient,0.03436597982125861,0.16666666666666666,,0.0,0.16666666666666666,,-0.33333333333333337,0.16666666666666666,,-0.41666666666666674,,,
B,bolivia/tile423,107,12,constant score,0.11214953271028037,0.04672897196261682,,-0.11993769470404983,0.102803738317757,,-0.397196261682243,0.19626168224299065,,-0.3870716510903427,,,
B,bolivia/tile423,107,12,control S2 patch variance,0.08433639906126146,0.16666666666666666,,0.0,0.25,,-0.25,0.3333333333333333,,-0.25000000000000006,,,
B,bolivia/tile423,107,12,control NDWI level,0.02019731292793256,0.16666666666666666,,0.0,0.4166666666666667,,-0.08333333333333331,0.75,,0.16666666666666663,,,
B,bolivia/tile424,50,9,confidence (baseline),0.1595053630627154,0.0,,0.0,0.1111111111111111,,0.0,0.3333333333333333,,0.0,,,
B,bolivia/tile424,50,9,tile-phase (aligned),0.08610419347148011,0.0,,0.0,0.1111111111111111,,0.0,0.2222222222222222,,-0.1111111111111111,,,
B,bolivia/tile424,50,9,boundary indicator,0.07216856483484782,0.07407407407407407,,0.07407407407407407,0.2888888888888889,,0.1777777777777778,0.5555555555555556,,0.22222222222222227,,,
B,bolivia/tile424,50,9,control NDWI gradient,0.29368805646808105,0.0,,0.0,0.1111111111111111,,0.0,0.2222222222222222,,-0.1111111111111111,,,
B,bolivia/tile424,50,9,constant score,0.18,0.04,,0.04,0.1,,-0.0111111111111111,0.2,,-0.1333333333333333,,,
B,bolivia/tile424,50,9,control S2 patch variance,0.028796416599405922,0.2222222222222222,,0.2222222222222222,0.5555555555555556,,0.4444444444444445,0.8888888888888888,,0.5555555555555556,,,
B,bolivia/tile424,50,9,control NDWI level,0.24495843585461807,0.1111111111111111,,0.1111111111111111,0.1111111111111111,,0.0,0.1111111111111111,,-0.2222222222222222,,,
B,bolivia/tile426,225,7,confidence (baseline),0.0016398317517325942,0.5714285714285714,,0.0,0.8571428571428571,,0.0,1.0,,0.0,,,
B,bolivia/tile426,225,7,tile-phase (aligned),0.0018182709644621623,0.42857142857142855,,-0.14285714285714285,0.8571428571428571,,0.0,1.0,,0.0,,,
B,bolivia/tile426,225,7,boundary indicator,0.031111111111111103,0.048888888888888885,,-0.5225396825396825,0.09777777777777777,,-0.7593650793650794,0.19999999999999998,,-0.8,,,
B,bolivia/tile426,225,7,control NDWI gradient,0.0011653669607531588,0.8571428571428571,,0.2857142857142857,0.8571428571428571,,0.0,1.0,,0.0,,,
B,bolivia/tile426,225,7,constant score,0.031111111111111103,0.048888888888888885,,-0.5225396825396825,0.09777777777777777,,-0.7593650793650794,0.19999999999999998,,-0.8,,,
B,bolivia/tile426,225,7,control S2 patch variance,0.008458067036274062,0.2857142857142857,,-0.2857142857142857,0.5714285714285714,,-0.2857142857142857,0.7142857142857143,,-0.2857142857142857,,,
B,bolivia/tile426,225,7,control NDWI level,0.001981520210429139,0.42857142857142855,,-0.14285714285714285,0.7142857142857143,,-0.1428571428571428,1.0,,0.0,,,
B,bolivia/tile428,225,5,confidence (baseline),0.0005605352678078182,1.0,,0.0,1.0,,0.0,1.0,,0.0,,,
B,bolivia/tile428,225,5,tile-phase (aligned),0.0010958906767724208,0.4,,-0.6,1.0,,0.0,1.0,,0.0,,,
B,bolivia/tile428,225,5,boundary indicator,0.02222222222222222,0.048888888888888885,,-0.9511111111111111,0.09777777777777777,,-0.9022222222222223,0.2,,-0.8,,,
B,bolivia/tile428,225,5,control NDWI gradient,0.007252763931755943,0.0,,-1.0,0.0,,-1.0,0.6,,-0.4,,,
B,bolivia/tile428,225,5,constant score,0.02222222222222222,0.048888888888888885,,-0.9511111111111111,0.09777777777777777,,-0.9022222222222223,0.2,,-0.8,,,
B,bolivia/tile428,225,5,control S2 patch variance,0.024299485913009736,0.0,,-1.0,0.0,,-1.0,0.0,,-1.0,,,
B,bolivia/tile428,225,5,control NDWI level,0.0003989008279258319,1.0,,0.0,1.0,,0.0,1.0,,0.0,,,
B,bolivia/tile429,225,3,confidence (baseline),0.0003431802079659703,0.6666666666666666,,0.0,1.0,,0.0,1.0,,0.0,,,
B,bolivia/tile429,225,3,tile-phase (aligned),0.0007588090849987739,0.6666666666666666,,0.0,0.6666666666666666,,-0.33333333333333337,1.0,,0.0,,,
B,bolivia/tile429,225,3,boundary indicator,0.00033986104195993363,1.0,,0.33333333333333337,1.0,,0.0,1.0,,0.0,,,
B,bolivia/tile429,225,3,control NDWI gradient,0.00542612251379323,0.0,,-0.6666666666666666,0.0,,-1.0,0.3333333333333333,,-0.6666666666666667,,,
B,bolivia/tile429,225,3,constant score,0.013333333333333334,0.04888888888888889,,-0.6177777777777778,0.09777777777777778,,-0.9022222222222223,0.19999999999999998,,-0.8,,,
B,bolivia/tile429,225,3,control S2 patch variance,0.017360304495649046,0.0,,-0.6666666666666666,0.0,,-1.0,0.0,,-1.0,,,
B,bolivia/tile429,225,3,control NDWI level,0.0002589264698075038,1.0,,0.33333333333333337,1.0,,0.0,1.0,,0.0,,,
B,bolivia/tile431,225,4,confidence (baseline),0.00031881018459317944,1.0,,0.0,1.0,,0.0,1.0,,0.0,,,
B,bolivia/tile431,225,4,tile-phase (aligned),0.0004248026425601775,0.75,,-0.25,1.0,,0.0,1.0,,0.0,,,
B,bolivia/tile431,225,4,boundary indicator,0.00495451466006777,0.75,,-0.25,0.7536407766990292,,-0.24635922330097082,0.7815533980582524,,-0.2184466019417476,,,
B,bolivia/tile431,225,4,control NDWI gradient,0.005077953977410521,0.25,,-0.75,0.25,,-0.75,0.5,,-0.5,,,
B,bolivia/tile431,225,4,constant score,0.017777777777777778,0.04888888888888889,,-0.9511111111111111,0.09777777777777778,,-0.9022222222222223,0.2,,-0.8,,,
B,bolivia/tile431,225,4,control S2 patch variance,0.02401951019610303,0.0,,-1.0,0.0,,-1.0,0.0,,-1.0,,,
B,bolivia/tile431,225,4,control NDWI level,0.000605136653245023,0.75,,-0.25,1.0,,0.0,1.0,,0.0,,,
B,bolivia/tile432,225,9,confidence (baseline),0.003922846298667917,0.6666666666666666,,0.0,0.6666666666666666,,0.0,0.7777777777777778,,0.0,,,
B,bolivia/tile432,225,9,tile-phase (aligned),0.0034753419845965274,0.4444444444444444,,-0.2222222222222222,0.7777777777777778,,0.11111111111111116,0.8888888888888888,,0.11111111111111105,,,
B,bolivia/tile432,225,9,boundary indicator,0.011118939179720887,0.4375,,-0.22916666666666663,0.7820719269994633,,0.11540526033279663,0.8067632850241546,,0.02898550724637683,,,
B,bolivia/tile432,225,9,control NDWI gradient,0.011129619281772358,0.0,,-0.6666666666666666,0.2222222222222222,,-0.4444444444444444,0.6666666666666666,,-0.11111111111111116,,,
B,bolivia/tile432,225,9,constant score,0.04,0.04888888888888889,,-0.6177777777777778,0.09777777777777778,,-0.5688888888888889,0.2,,-0.5777777777777777,,,
B,bolivia/tile432,225,9,control S2 patch variance,0.04296226584181448,0.0,,-0.6666666666666666,0.1111111111111111,,-0.5555555555555556,0.2222222222222222,,-0.5555555555555556,,,
B,bolivia/tile432,225,9,control NDWI level,0.002921834544841978,0.5555555555555556,,-0.11111111111111105,0.7777777777777778,,0.11111111111111116,0.8888888888888888,,0.11111111111111105,,,
B,bolivia/tile434,225,9,confidence (baseline),0.0019501330289522104,0.7777777777777778,,0.0,0.7777777777777778,,0.0,1.0,,0.0,,,
B,bolivia/tile434,225,9,tile-phase (aligned),0.0018966809634370168,0.6666666666666666,,-0.11111111111111116,0.8888888888888888,,0.11111111111111105,1.0,,0.0,,,
B,bolivia/tile434,225,9,boundary indicator,0.0009912502083363514,1.0,,0.2222222222222222,1.0,,0.2222222222222222,1.0,,0.0,,,
B,bolivia/tile434,225,9,control NDWI gradient,0.01729770124381951,0.0,,-0.7777777777777778,0.2222222222222222,,-0.5555555555555556,0.5555555555555556,,-0.4444444444444444,,,
B,bolivia/tile434,225,9,constant score,0.04,0.04888888888888889,,-0.7288888888888889,0.09777777777777778,,-0.68,0.2,,-0.8,,,
B,bolivia/tile434,225,9,control S2 patch variance,0.0687314438272691,0.0,,-0.7777777777777778,0.0,,-0.7777777777777778,0.0,,-1.0,,,
B,bolivia/tile434,225,9,control NDWI level,0.0012929234104696221,0.6666666666666666,,-0.11111111111111116,1.0,,0.2222222222222222,1.0,,0.0,,,
B,bolivia/tile435,225,4,confidence (baseline),0.0004212210884161471,1.0,,0.0,1.0,,0.0,1.0,,0.0,,,
B,bolivia/tile435,225,4,tile-phase (aligned),0.0008340808680793421,0.75,,-0.25,1.0,,0.0,1.0,,0.0,,,
B,bolivia/tile435,225,4,boundary indicator,0.017777777777777778,0.04888888888888889,,-0.9511111111111111,0.09777777777777778,,-0.9022222222222223,0.2,,-0.8,,,
B,bolivia/tile435,225,4,control NDWI gradient,0.001675309667496533,0.75,,-0.25,0.75,,-0.25,0.75,,-0.25,,,
B,bolivia/tile435,225,4,constant score,0.017777777777777778,0.04888888888888889,,-0.9511111111111111,0.09777777777777778,,-0.9022222222222223,0.2,,-0.8,,,
B,bolivia/tile435,225,4,control S2 patch variance,0.005893608944000241,0.0,,-1.0,0.25,,-0.75,0.5,,-0.5,,,
B,bolivia/tile435,225,4,control NDWI level,0.0003995351013429799,1.0,,0.0,1.0,,0.0,1.0,,0.0,,,
B,bolivia/tile437,225,9,confidence (baseline),0.0026587611187565766,0.7777777777777778,,0.0,0.7777777777777778,,0.0,0.8888888888888888,,0.0,,,
B,bolivia/tile437,225,9,tile-phase (aligned),0.0024581510605465144,0.4444444444444444,,-0.33333333333333337,0.8888888888888888,,0.11111111111111105,1.0,,0.11111111111111116,,,
B,bolivia/tile437,225,9,boundary indicator,0.002432654248111107,0.5,,-0.2777777777777778,0.8333333333333334,,0.05555555555555558,1.0,,0.11111111111111116,,,
B,bolivia/tile437,225,9,control NDWI gradient,0.00413913327847903,0.4444444444444444,,-0.33333333333333337,0.6666666666666666,,-0.11111111111111116,0.8888888888888888,,0.0,,,
B,bolivia/tile437,225,9,constant score,0.04,0.04888888888888889,,-0.7288888888888889,0.09777777777777778,,-0.68,0.2,,-0.6888888888888889,,,
B,bolivia/tile437,225,9,control S2 patch variance,0.029626610226487025,0.1111111111111111,,-0.6666666666666667,0.1111111111111111,,-0.6666666666666667,0.4444444444444444,,-0.4444444444444444,,,
B,bolivia/tile437,225,9,control NDWI level,0.0026935029883427527,0.5555555555555556,,-0.2222222222222222,0.7777777777777778,,0.0,1.0,,0.11111111111111116,,,
B,bolivia/tile438,225,4,confidence (baseline),0.0007990602788644546,0.75,,0.0,0.75,,0.0,1.0,,0.0,,,
B,bolivia/tile438,225,4,tile-phase (aligned),0.0009954942636784452,0.75,,0.0,0.75,,0.0,1.0,,0.0,,,
B,bolivia/tile438,225,4,boundary indicator,0.017777777777777778,0.04888888888888889,,-0.7011111111111111,0.09777777777777778,,-0.6522222222222223,0.2,,-0.8,,,
B,bolivia/tile438,225,4,control NDWI gradient,0.007381111848809491,0.0,,-0.75,0.25,,-0.5,0.25,,-0.75,,,
B,bolivia/tile438,225,4,constant score,0.017777777777777778,0.04888888888888889,,-0.7011111111111111,0.09777777777777778,,-0.6522222222222223,0.2,,-0.8,,,
B,bolivia/tile438,225,4,control S2 patch variance,0.030079401416312025,0.0,,-0.75,0.0,,-0.75,0.25,,-0.75,,,
B,bolivia/tile438,225,4,control NDWI level,0.0010393369458189996,0.75,,0.0,0.75,,0.0,1.0,,0.0,,,
B,bolivia/tile440,225,10,confidence (baseline),0.002533588943395981,0.7,,0.0,0.8,,0.0,1.0,,0.0,,,
B,bolivia/tile440,225,10,tile-phase (aligned),0.001267299595859952,0.9,,0.20000000000000007,1.0,,0.19999999999999996,1.0,,0.0,,,
B,bolivia/tile440,225,10,boundary indicator,0.04444444444444444,0.048888888888888885,,-0.6511111111111111,0.09777777777777777,,-0.7022222222222223,0.2,,-0.8,,,
B,bolivia/tile440,225,10,control NDWI gradient,0.0028392645925473204,0.5,,-0.19999999999999996,0.8,,0.0,1.0,,0.0,,,
B,bolivia/tile440,225,10,constant score,0.04444444444444444,0.048888888888888885,,-0.6511111111111111,0.09777777777777777,,-0.7022222222222223,0.2,,-0.8,,,
B,bolivia/tile440,225,10,control S2 patch variance,0.02197975288135322,0.1,,-0.6,0.2,,-0.6000000000000001,0.2,,-0.8,,,
B,bolivia/tile440,225,10,control NDWI level,0.0014801842928350542,0.9,,0.20000000000000007,0.9,,0.09999999999999998,1.0,,0.0,,,
