part,unit,n_patches,n_errors,signal,aurc,eaurc,mean_value,gain_vs_confidence,gain_vs_tile-phase,gain_vs_boundary,gain_vs_control,identity_max_abs_dp,spearman_vs_confidence,spearman_vs_tile-phase,spearman_vs_boundary,spearman_vs_control,head_acc,n_tiles_scored,W/L_vs_confidence,sign_p_vs_confidence,W/L_vs_tile-phase,sign_p_vs_tile-phase,W/L_vs_boundary,sign_p_vs_boundary,W/L_vs_control,sign_p_vs_control
A,barotse,1024,98,confidence (baseline),0.06848540720532928,0.0637056372259938,-7.135497093200684,0.0,-0.05564722328553389,-0.060571500940959554,-0.029238507562444997,0.0062999725341796875,,,,,,,,,,,,,,
A,barotse,1024,98,tile-phase (aligned),0.012838183919795387,0.008058413940459912,0.05301717505114337,0.05564722328553389,0.0,-0.004924277655425662,0.026408715723088894,0.0062999725341796875,,,,,,,,,,,,,,
A,barotse,1024,98,boundary indicator,0.007913906264369726,0.0031341362850342497,0.10791015625,0.060571500940959554,0.004924277655425662,0.0,0.031332993378514556,0.0062999725341796875,,,,,,,,,,,,,,
A,barotse,1024,98,control NDWI gradient,0.03924689964288428,0.034467129663548805,0.028786469926650262,0.029238507562444997,-0.026408715723088894,-0.031332993378514556,0.0,0.0062999725341796875,,,,,,,,,,,,,,
A,barotse,1024,98,constant score,0.095703125,0.09092335502066452,0.0,-0.02721771779467072,-0.08286494108020462,-0.08778921873563027,-0.05645622535711572,0.0062999725341796875,,,,,,,,,,,,,,
A,barotse,1024,98,control S2 patch variance,0.06190244471121821,0.05712267473188273,130.71506405119902,0.006582962494111069,-0.04906426079142282,-0.053988538446848484,-0.022655545068333928,0.0062999725341796875,,,,,,,,,,,,,,
A,barotse,1024,98,control NDWI level,0.09501571607597187,0.09023594609663639,-0.3297061751989084,-0.026530308870642588,-0.08217753215617649,-0.08710180981160213,-0.055768816433087585,0.0062999725341796875,,,,,,,,,,,,,,
A,barotse,1024,98,dihedral consistency (8 transforms),0.04647226915993326,0.04169249918059778,0.0761016309261322,0.022013138045396022,-0.03363408524013787,-0.03855836289556353,-0.007225369517048975,0.0062999725341796875,0.5667187906989811,0.5285947852459221,0.39777288720391446,0.27620452052172534,,,,,,,,,,
A,barotse,1024,98,"boundary first, then confidence",0.01623502013493022,0.011455250155594742,1.138671875,0.05225038707039906,-0.0033968362151348304,-0.008321113870560493,0.023011879507954063,0.0062999725341796875,0.8712138348472933,0.8612196686574642,0.8044240415901327,0.1575285543773694,,,,,,,,,,
A,barotse,1024,98,combination conf+dihedral (prereg),0.05770483890588498,0.0529250689265495,0.5,0.0107805682994443,-0.04486665498608959,-0.049790932641515254,-0.018457939263000697,0.0062999725341796875,,,,,,,,,,,,,,
A,cuando_20,1024,49,confidence (baseline),0.0034888486792538816,0.0023018940301927785,-11.007868766784668,0.0,-0.001014806102845183,0.0009136822816946458,0.005746448130515675,0.006479978561401367,,,,,,,,,,,,,,
A,cuando_20,1024,49,tile-phase (aligned),0.0024740425764086986,0.0012870879273475955,0.044724094290610236,0.001014806102845183,0.0,0.0019284883845398287,0.006761254233360858,0.006479978561401367,,,,,,,,,,,,,,
A,cuando_20,1024,49,boundary indicator,0.004402530960948527,0.0032155763118874242,0.089111328125,-0.0009136822816946458,-0.0019284883845398287,0.0,0.004832765848821029,0.006479978561401367,,,,,,,,,,,,,,
A,cuando_20,1024,49,control NDWI gradient,0.009235296809769557,0.008048342160708453,0.027005727284564577,-0.005746448130515675,-0.006761254233360858,-0.004832765848821029,0.0,0.006479978561401367,,,,,,,,,,,,,,
A,cuando_20,1024,49,constant score,0.0478515625,0.0466646078509389,0.0,-0.04436271382074612,-0.045377519923591306,-0.043449031539051476,-0.038616265690230446,0.006479978561401367,,,,,,,,,,,,,,
A,cuando_20,1024,49,control S2 patch variance,0.01356968040577312,0.012382725756712017,81.56912360161513,-0.010080831726519239,-0.011095637829364421,-0.009167149444824593,-0.004334383596003563,0.006479978561401367,,,,,,,,,,,,,,
A,cuando_20,1024,49,control NDWI level,0.0145981085701191,0.013411153921057996,-0.19716515467440648,-0.011109259890865218,-0.0121240659937104,-0.010195577609170572,-0.005362811760349542,0.006479978561401367,,,,,,,,,,,,,,
A,cuando_20,1024,49,dihedral consistency (8 transforms),0.0033255874575819936,0.0021386328085208905,0.033070191740989685,0.00016326122167188793,-0.000851544881173295,0.0010769435033665337,0.005909709352187563,0.006479978561401367,0.6907465712395396,0.6396527653601317,0.471620282663229,0.46139312951505657,,,,,,,,,,
A,cuando_20,1024,49,"boundary first, then confidence",0.0031352438888142173,0.0019482892397531142,1.025390625,0.00035360479043966423,-0.0006612013124055187,0.00126728707213431,0.00610005292095534,0.006479978561401367,0.8640719994993209,0.8891520188112444,0.7604096369797041,0.48983635156641187,,,,,,,,,,
A,cuando_20,1024,49,combination conf+dihedral (prereg),0.002958865735714072,0.0017719110866529688,0.5,0.0005299829435398097,-0.00048482315930537326,0.0014436652252344554,0.006276431074055485,0.006479978561401367,,,,,,,,,,,,,,
A,cuando_50,1024,168,confidence (baseline),0.053649177945038526,0.03930779287575223,-7.855080604553223,0.0,-0.025962827685756706,-0.024570397073428007,-0.02206391183576947,0.01342785358428955,,,,,,,,,,,,,,
A,cuando_50,1024,168,tile-phase (aligned),0.027686350259281824,0.013344965189995523,0.07388153277105558,0.025962827685756706,0.0,0.0013924306123286982,0.003898915849987236,0.01342785358428955,,,,,,,,,,,,,,
A,cuando_50,1024,168,boundary indicator,0.029078780871610522,0.014737395802324221,0.169189453125,0.024570397073428007,-0.0013924306123286982,0.0,0.002506485237658538,0.01342785358428955,,,,,,,,,,,,,,
A,cuando_50,1024,168,control NDWI gradient,0.03158526610926906,0.01724388103998276,0.023217963458822988,0.02206391183576947,-0.003898915849987236,-0.002506485237658538,0.0,0.01342785358428955,,,,,,,,,,,,,,
A,cuando_50,1024,168,constant score,0.1640625,0.1497211149307137,0.0,-0.11041332205496146,-0.13637614974071816,-0.13498371912838947,-0.13247723389073093,0.01342785358428955,,,,,,,,,,,,,,
A,cuando_50,1024,168,control S2 patch variance,0.04123510932147027,0.026893724252183972,69.87776360528892,0.012414068623568256,-0.01354875906218845,-0.012156328449859751,-0.009649843212201213,0.01342785358428955,,,,,,,,,,,,,,
A,cuando_50,1024,168,control NDWI level,0.03327961197869088,0.01893822690940458,-0.27251273935858955,0.02036956596634765,-0.005593261719409055,-0.004200831107080357,-0.0016943458694218191,0.01342785358428955,,,,,,,,,,,,,,
A,cuando_50,1024,168,dihedral consistency (8 transforms),0.029587206822805454,0.015245821753519153,0.0742492824792862,0.024061971122233076,-0.00190085656352363,-0.0005084259511949317,0.0019980592864636063,0.01342785358428955,0.5929827645554681,0.5890881598240468,0.5508283835174762,0.59430040099063,,,,,,,,,,
A,cuando_50,1024,168,"boundary first, then confidence",0.03318823445674272,0.018846849387456416,1.373046875,0.020460943488295812,-0.005501884197460893,-0.004109453585132195,-0.0016029683474736572,0.01342785358428955,0.846597860489235,0.8842076747013806,0.8481381689739376,0.6950137686860741,,,,,,,,,,
A,cuando_50,1024,168,combination conf+dihedral (prereg),0.032933824189188485,0.018592439119902184,0.5,0.020715353755850045,-0.005247473929906661,-0.003855043317577963,-0.001348558079919425,0.01342785358428955,,,,,,,,,,,,,,
A,cuando_80,1024,61,confidence (baseline),0.007179925640351724,0.005340216731363208,-9.199139595031738,0.0,-0.0021581087379844107,-0.00020214986842663311,0.0020931413584298463,0.00441625714302063,,,,,,,,,,,,,,
A,cuando_80,1024,61,tile-phase (aligned),0.005021816902367314,0.003182107993378797,0.04882505329683659,0.0021581087379844107,0.0,0.0019559588695577776,0.004251250096414257,0.00441625714302063,,,,,,,,,,,,,,
A,cuando_80,1024,61,boundary indicator,0.006977775771925091,0.005138066862936575,0.105712890625,0.00020214986842663311,-0.0019559588695577776,0.0,0.0022952912268564794,0.00441625714302063,,,,,,,,,,,,,,
A,cuando_80,1024,61,control NDWI gradient,0.009273066998781571,0.007433358089793054,0.025855013054160277,-0.0020931413584298463,-0.004251250096414257,-0.0022952912268564794,0.0,0.00441625714302063,,,,,,,,,,,,,,
A,cuando_80,1024,61,constant score,0.0595703125,0.05773060359101148,0.0,-0.05239038685964827,-0.05454849559763268,-0.05259253672807491,-0.050297245501218425,0.00441625714302063,,,,,,,,,,,,,,
A,cuando_80,1024,61,control S2 patch variance,0.011358400573670251,0.009518691664681734,65.70832686405066,-0.004178474933318526,-0.006336583671302937,-0.0043806248017451595,-0.00208533357488868,0.00441625714302063,,,,,,,,,,,,,,
A,cuando_80,1024,61,control NDWI level,0.019792745793629697,0.017953036884641182,-0.19652466199846824,-0.012612820153277974,-0.014770928891262384,-0.012814970021704607,-0.010519678794848128,0.00441625714302063,,,,,,,,,,,,,,
A,cuando_80,1024,61,dihedral consistency (8 transforms),0.006873990451235421,0.005034281542246905,0.06432699412107468,0.0003059351891163027,-0.001852173548868108,0.0001037853206896696,0.002399076547546149,0.00441625714302063,0.6691127914669911,0.6012994309241115,0.4271959090667879,0.26631817287747656,,,,,,,,,,
A,cuando_80,1024,61,"boundary first, then confidence",0.005273113170838695,0.0034334042618501784,1.111328125,0.0019068124695130295,-0.0002512962684713812,0.0017046626010863964,0.003999953827942876,0.00441625714302063,0.8952756307667551,0.9099019092876046,0.7976322013896332,0.4248456275481009,,,,,,,,,,
A,cuando_80,1024,61,combination conf+dihedral (prereg),0.0054335585446024254,0.003593849635613909,0.5,0.001746367095749299,-0.00041174164223511164,0.001544217227322666,0.0038395084541791454,0.00441625714302063,,,,,,,,,,,,,,
A,delta,1024,29,confidence (baseline),0.02335829384562752,0.02293960987981063,-11.053823471069336,0.0,-0.02250326409235948,-0.022935674756807953,-0.02288752594451045,0.0031213760375976562,,,,,,,,,,,,,,
A,delta,1024,29,tile-phase (aligned),0.00085502975326804,0.00043634578745114984,0.02111836928675026,0.02250326409235948,0.0,-0.0004324106644484713,-0.0003842618521509693,0.0031213760375976562,,,,,,,,,,,,,,
A,delta,1024,29,boundary indicator,0.00042261908881956867,3.9351230026785674e-06,0.039794921875,0.022935674756807953,0.0004324106644484713,0.0,4.814881229750197e-05,0.0031213760375976562,,,,,,,,,,,,,,
A,delta,1024,29,control NDWI gradient,0.00047076790111707064,5.2083935300180535e-05,0.02472622108083688,0.02288752594451045,0.0003842618521509693,-4.814881229750197e-05,0.0,0.0031213760375976562,,,,,,,,,,,,,,
A,delta,1024,29,constant score,0.0283203125,0.02790162853418311,0.0,-0.004962018654372478,-0.027465282746731958,-0.02789769341118043,-0.02784954459888293,0.0031213760375976562,,,,,,,,,,,,,,
A,delta,1024,29,control S2 patch variance,0.0008827676116018913,0.0004640836457850012,67.07921421441236,0.022475526234025628,-2.7737858333851378e-05,-0.00046014852278232265,-0.0004119997104848207,0.0031213760375976562,,,,,,,,,,,,,,
A,delta,1024,29,control NDWI level,0.0007124480195372512,0.00029376405372036113,-0.46273140906961513,0.02264584582609027,0.00014258173373078871,-0.00028982893071768256,-0.0002416801184201806,0.0031213760375976562,,,,,,,,,,,,,,
A,delta,1024,29,dihedral consistency (8 transforms),0.05263164168199923,0.05221295771618234,0.01841576397418976,-0.02927334783637171,-0.05177661192873119,-0.05220902259317966,-0.05216087378088216,0.0031213760375976562,0.39026551659394887,0.2858670025391605,0.0867058299231428,0.28175192001645116,,,,,,,,,,
A,delta,1024,29,"boundary first, then confidence",0.0015439838500756827,0.0011252998842587927,0.716796875,0.02181430999555184,-0.0006889540968076428,-0.001121364761256114,-0.0010732159489586122,0.0031213760375976562,0.8480918746870757,0.9055816822830984,0.5377589347027596,0.2061236007796296,,,,,,,,,,
A,delta,1024,29,combination conf+dihedral (prereg),0.04300488666082855,0.04258620269501166,0.5,-0.019646592815201033,-0.04214985690756051,-0.04258226757200898,-0.042534118759711484,0.0031213760375976562,,,,,,,,,,,,,,
A,kafue_20,1024,78,confidence (baseline),0.01650665754542609,0.013491798898338393,-9.231712341308594,0.0,-0.008442677327672676,-0.003622877283200404,0.012603874900032282,0.008372008800506592,,,,,,,,,,,,,,
A,kafue_20,1024,78,tile-phase (aligned),0.008063980217753416,0.005049121570665717,0.07140306611650617,0.008442677327672676,0.0,0.004819800044472271,0.02104655222770496,0.008372008800506592,,,,,,,,,,,,,,
A,kafue_20,1024,78,boundary indicator,0.012883780262225687,0.009868921615137988,0.154052734375,0.003622877283200404,-0.004819800044472271,0.0,0.016226752183232687,0.008372008800506592,,,,,,,,,,,,,,
A,kafue_20,1024,78,control NDWI gradient,0.029110532445458373,0.026095673798370675,0.0279532212642946,-0.012603874900032282,-0.02104655222770496,-0.016226752183232687,0.0,0.008372008800506592,,,,,,,,,,,,,,
A,kafue_20,1024,78,constant score,0.076171875,0.0731570163529123,0.0,-0.05966521745457391,-0.06810789478224659,-0.06328809473777432,-0.04706134255454163,0.008372008800506592,,,,,,,,,,,,,,
A,kafue_20,1024,78,control S2 patch variance,0.033245577718983746,0.030230719071896048,118.45838843716017,-0.016738920173557655,-0.02518159750123033,-0.02036179745675806,-0.004135045273525373,0.008372008800506592,,,,,,,,,,,,,,
A,kafue_20,1024,78,control NDWI level,0.03805425411283495,0.035039395465747254,-0.16407070375682004,-0.02154759656740886,-0.029990273895081538,-0.025170473850609266,-0.00894372166737658,0.008372008800506592,,,,,,,,,,,,,,
A,kafue_20,1024,78,dihedral consistency (8 transforms),0.010715823197642001,0.007700964550554302,0.06286220252513885,0.0057908343477840905,-0.002651842979888585,0.0021679570645836864,0.018394709247816374,0.008372008800506592,0.7437079824192436,0.569752741481664,0.3337910785524639,0.25375809859617204,,,,,,,,,,
A,kafue_20,1024,78,"boundary first, then confidence",0.011572988256828795,0.008558129609741096,1.3671875,0.004933669288597297,-0.0035090080390753784,0.0013107920053968929,0.01753754418862958,0.008372008800506592,0.7500867695443817,0.8751623073278022,0.8397807761664369,0.38374890476360796,,,,,,,,,,
A,kafue_20,1024,78,combination conf+dihedral (prereg),0.011147869185720787,0.008133010538633089,0.5,0.0053587883597053035,-0.003083888967967372,0.0017359110765048993,0.017962663259737586,0.008372008800506592,,,,,,,,,,,,,,
A,kafue_50,1024,48,confidence (baseline),0.024110653216123233,0.022971559703319502,-10.1050386428833,0.0,-0.02139286917875906,-0.021235460261514558,-0.014164213146709171,0.009006023406982422,,,,,,,,,,,,,,
A,kafue_50,1024,48,tile-phase (aligned),0.0027177840373641703,0.0015786905245604404,0.032001282146940965,0.02139286917875906,0.0,0.00015740891724450338,0.0072286560320498905,0.009006023406982422,,,,,,,,,,,,,,
A,kafue_50,1024,48,boundary indicator,0.0028751929546086737,0.0017360994418049438,0.06689453125,0.021235460261514558,-0.00015740891724450338,0.0,0.0070712471148053875,0.009006023406982422,,,,,,,,,,,,,,
A,kafue_50,1024,48,control NDWI gradient,0.00994644006941406,0.008807346556610331,0.02412743115842815,0.014164213146709171,-0.0072286560320498905,-0.0070712471148053875,0.0,0.009006023406982422,,,,,,,,,,,,,,
A,kafue_50,1024,48,constant score,0.046875,0.04573590648719627,0.0,-0.022764346783876767,-0.04415721596263583,-0.043999807045391325,-0.03692855993058594,0.009006023406982422,,,,,,,,,,,,,,
A,kafue_50,1024,48,control S2 patch variance,0.009535391209516483,0.008396297696712754,86.45734288438331,0.014575262006606748,-0.006817607172152313,-0.00666019825490781,0.0004110488598975774,0.009006023406982422,,,,,,,,,,,,,,
A,kafue_50,1024,48,control NDWI level,0.02047140606514291,0.01933231255233918,-0.30355292464215144,0.0036392471509803237,-0.017753622027778738,-0.017596213110534234,-0.010524965995728847,0.009006023406982422,,,,,,,,,,,,,,
A,kafue_50,1024,48,dihedral consistency (8 transforms),0.021079564075728162,0.01994047056292443,0.048952389508485794,0.0030310891403950713,-0.01836178003836399,-0.018204371121119486,-0.0111331240063141,0.009006023406982422,0.6156717710643019,0.553211993062013,0.2790251983943055,0.1784005078320577,,,,,,,,,,
A,kafue_50,1024,48,"boundary first, then confidence",0.00416446950579964,0.0030253759929959097,0.892578125,0.01994618371032359,-0.0014466854684354693,-0.001289276551190966,0.005781970563614422,0.009006023406982422,0.796194120592233,0.8727414772727279,0.6850330934555278,0.23219431728774778,,,,,,,,,,
A,kafue_50,1024,48,combination conf+dihedral (prereg),0.0203227688632851,0.01918367535048137,0.5,0.003787884352838132,-0.01760498482592093,-0.017447575908676426,-0.010376328793871039,0.009006023406982422,,,,,,,,,,,,,,
A,kafue_80,1024,38,confidence (baseline),0.012787340273234145,0.012071994718240582,-16.493934631347656,0.0,-0.010790585000662736,-0.010670208030938601,-0.011367335411269323,0.0027952194213867188,,,,,,,,,,,,,,
A,kafue_80,1024,38,tile-phase (aligned),0.00199675527257141,0.0012814097175778472,0.026068026628254422,0.010790585000662736,0.0,0.00012037696972413406,-0.0005767504106065888,0.0027952194213867188,,,,,,,,,,,,,,
A,kafue_80,1024,38,boundary indicator,0.002117132242295544,0.0014017866873019813,0.065185546875,0.010670208030938601,-0.00012037696972413406,0.0,-0.0006971273803307228,0.0027952194213867188,,,,,,,,,,,,,,
A,kafue_80,1024,38,control NDWI gradient,0.0014200048619648215,0.0007046593069712585,0.024687197711084,0.011367335411269323,0.0005767504106065888,0.0006971273803307228,0.0,0.0027952194213867188,,,,,,,,,,,,,,
A,kafue_80,1024,38,constant score,0.037109375,0.036394029445006436,0.0,-0.024322034726765855,-0.03511261972742859,-0.034992242757704455,-0.03568937013803518,0.0027952194213867188,,,,,,,,,,,,,,
A,kafue_80,1024,38,control S2 patch variance,0.0012315532294791115,0.0005162076744855485,119.43977218257929,0.011555787043755034,0.0007652020430922987,0.0008855790128164328,0.00018845163248570993,0.0027952194213867188,,,,,,,,,,,,,,
A,kafue_80,1024,38,control NDWI level,0.012711775020946153,0.01199642946595259,-0.23998806099127595,7.556525228799224e-05,-0.010715019748374743,-0.010594642778650609,-0.011291770158981331,0.0027952194213867188,,,,,,,,,,,,,,
A,kafue_80,1024,38,dihedral consistency (8 transforms),0.005841559776361606,0.005126214221368042,0.009399250149726868,0.00694578049687254,-0.003844804503790195,-0.003724427534066061,-0.004421554914396784,0.0027952194213867188,0.6149404487133848,0.4246605454915404,0.28753624098085695,0.27333671512404156,,,,,,,,,,
A,kafue_80,1024,38,"boundary first, then confidence",0.0026573512684257123,0.0019420057134321494,0.9296875,0.010129989004808434,-0.0006605959958543022,-0.0005402190261301681,-0.0012373464064608908,0.0027952194213867188,0.7567710307739083,0.9129339304217371,0.7143262917342497,0.5306044140261785,,,,,,,,,,
A,kafue_80,1024,38,combination conf+dihedral (prereg),0.00811925482484628,0.007403909269852716,0.5,0.0046680854483878665,-0.006122499552274868,-0.006002122582550735,-0.006699249962881458,0.0027952194213867188,,,,,,,,,,,,,,
A,kazungula,1024,18,confidence (baseline),0.0008900597118252472,0.0007260709359709613,-14.543457984924316,0.0,-0.000312323706266743,-0.00038793446874874765,0.0007169018664977368,0.0032236576080322266,,,,,,,,,,,,,,
A,kazungula,1024,18,tile-phase (aligned),0.0005777360055585042,0.00041374722970421833,0.02521538101365442,0.000312323706266743,0.0,-7.561076248200466e-05,0.0010292255727644799,0.0032236576080322266,,,,,,,,,,,,,,
A,kazungula,1024,18,boundary indicator,0.0005021252430764995,0.00033813646722221367,0.06103515625,0.00038793446874874765,7.561076248200466e-05,0.0,0.0011048363352464843,0.0032236576080322266,,,,,,,,,,,,,,
A,kazungula,1024,18,control NDWI gradient,0.001606961578322984,0.001442972802468698,0.025985685716374676,-0.0007169018664977368,-0.0010292255727644799,-0.0011048363352464843,0.0,0.0032236576080322266,,,,,,,,,,,,,,
A,kazungula,1024,18,constant score,0.017578125,0.017414136224145713,0.0,-0.01668806528817475,-0.017000388994441493,-0.017075999756923498,-0.015971163421677016,0.0032236576080322266,,,,,,,,,,,,,,
A,kazungula,1024,18,control S2 patch variance,0.0012104315694795077,0.0010464427936252218,107.35767446518369,-0.0003203718576542605,-0.0006326955639210035,-0.0007083063264030082,0.00039653000884347627,0.0032236576080322266,,,,,,,,,,,,,,
A,kazungula,1024,18,control NDWI level,0.014373455397467155,0.01420946662161287,-0.17981613219115444,-0.013483395685641908,-0.013795719391908651,-0.013871330154390656,-0.012766493819144171,0.0032236576080322266,,,,,,,,,,,,,,
A,kazungula,1024,18,dihedral consistency (8 transforms),0.0007348655007037712,0.0005708767248494853,0.01718253269791603,0.00015519421112147598,-0.000157129495145267,-0.00023274025762727167,0.0008720960776192128,0.0032236576080322266,0.7302630778828033,0.6218000666665989,0.3668230504449353,0.5695884596623723,,,,,,,,,,
A,kazungula,1024,18,"boundary first, then confidence",0.0006072615562736258,0.0004432727804193399,0.900390625,0.0002827981555516214,-2.952555071512159e-05,-0.00010513631319712625,0.000999700022049358,0.0032236576080322266,0.8729325289678856,0.8923786638724119,0.6942083110178621,0.5522560528574502,,,,,,,,,,
A,kazungula,1024,18,combination conf+dihedral (prereg),0.000644996487013748,0.00048100771115946214,0.5,0.0002450632248114992,-6.726048145524381e-05,-0.00014287124393724847,0.000961965091309236,0.0032236576080322266,,,,,,,,,,,,,,
A,luangwa_conf,1024,52,confidence (baseline),0.010279170372239098,0.008942618583549958,-14.653604507446289,0.0,-0.0031257302703569653,0.00075770872453838,0.049408886260253776,0.004949629306793213,,,,,,,,,,,,,,
A,luangwa_conf,1024,52,tile-phase (aligned),0.007153440101882133,0.0058168883131929925,0.02699790450094823,0.0031257302703569653,0.0,0.0038834389948953453,0.05253461653061074,0.004949629306793213,,,,,,,,,,,,,,
A,luangwa_conf,1024,52,boundary indicator,0.011036879096777478,0.009700327308088338,0.060302734375,-0.00075770872453838,-0.0038834389948953453,0.0,0.04865117753571539,0.004949629306793213,,,,,,,,,,,,,,
A,luangwa_conf,1024,52,control NDWI gradient,0.059688056632492874,0.058351504843803734,0.02538957537823322,-0.049408886260253776,-0.05253461653061074,-0.04865117753571539,0.0,0.004949629306793213,,,,,,,,,,,,,,
A,luangwa_conf,1024,52,constant score,0.05078125,0.04944469821131086,0.0,-0.0405020796277609,-0.04362780989811787,-0.039744370903222526,0.008906806632492874,0.004949629306793213,,,,,,,,,,,,,,
A,luangwa_conf,1024,52,control S2 patch variance,0.025166708655071784,0.023830156866382644,119.66813213051294,-0.014887538282832687,-0.018013268553189653,-0.014129829558294307,0.03452134797742109,0.004949629306793213,,,,,,,,,,,,,,
A,luangwa_conf,1024,52,control NDWI level,0.03620474085210411,0.03486818906341497,-0.20258134264671107,-0.02592557047986501,-0.029051300750221977,-0.02516786175532663,0.023483315780388765,0.004949629306793213,,,,,,,,,,,,,,
A,luangwa_conf,1024,52,dihedral consistency (8 transforms),0.0127679433160391,0.011431391527349958,0.03796536475419998,-0.0024887729438,-0.0056145032141569655,-0.0017310642192616202,0.04692011331645378,0.004949629306793213,0.7372220675167511,0.6971054782407319,0.46193048599612235,0.09893012209310267,,,,,,,,,,
A,luangwa_conf,1024,52,"boundary first, then confidence",0.008849124037299162,0.007512572248610021,0.87890625,0.0014300463349399368,-0.0016956839354170285,0.002187755059478317,0.05083893259519371,0.004949629306793213,0.9132316514376662,0.8898188466794772,0.6797369241293756,0.07611772226593248,,,,,,,,,,
A,luangwa_conf,1024,52,combination conf+dihedral (prereg),0.010401055754836627,0.009064503966147486,0.5,-0.00012188538259752871,-0.003247615652954494,0.0006358233419408513,0.04928700087765625,0.004949629306793213,,,,,,,,,,,,,,
A,okavango_50,1024,96,confidence (baseline),0.14526396249915785,0.14067951779088805,-13.603584289550781,0.0,-0.027778589552651098,-0.09461157228391988,-0.02237208701143316,0.008487612009048462,,,,,,,,,,,,,,
A,okavango_50,1024,96,tile-phase (aligned),0.11748537294650677,0.11290092823823696,0.03675427120421182,0.027778589552651098,0.0,-0.06683298273126878,0.005406502541217939,0.008487612009048462,,,,,,,,,,,,,,
A,okavango_50,1024,96,boundary indicator,0.05065239021523798,0.046067945506968175,0.0869140625,0.09461157228391988,0.06683298273126878,0.0,0.07223948527248672,0.008487612009048462,,,,,,,,,,,,,,
A,okavango_50,1024,96,control NDWI gradient,0.1228918754877247,0.1183074307794549,0.027756051591601487,0.02237208701143316,-0.005406502541217939,-0.07223948527248672,0.0,0.008487612009048462,,,,,,,,,,,,,,
A,okavango_50,1024,96,constant score,0.09375,0.08916555529173019,0.0,0.051513962499157864,0.023735372946506766,-0.043097609784762014,0.029141875487724705,0.008487612009048462,,,,,,,,,,,,,,
A,okavango_50,1024,96,control S2 patch variance,0.15850964293356334,0.15392519822529355,174.2222416738025,-0.013245680434405493,-0.04102426998705659,-0.10785725271832537,-0.03561776744583865,0.008487612009048462,,,,,,,,,,,,,,
A,okavango_50,1024,96,control NDWI level,0.028271055027982932,0.023686610319713124,-0.23282173468943018,0.11699290747117493,0.08921431791852383,0.02238133518725505,0.09462082045974177,0.008487612009048462,,,,,,,,,,,,,,
A,okavango_50,1024,96,dihedral consistency (8 transforms),0.14569316306239202,0.14110871835412223,0.020159661769866943,-0.0004292005632341722,-0.02820779011588527,-0.09504077284715405,-0.02280128757466733,0.008487612009048462,0.7353032735916862,0.5692245885021341,0.2886708731424282,0.2716315245178541,,,,,,,,,,
A,okavango_50,1024,96,"boundary first, then confidence",0.12102537163235977,0.11644092692408996,1.052734375,0.024238590866798096,-0.003539998685853002,-0.07037298141712178,0.0018665038553649371,0.008487612009048462,0.6755492163471858,0.8720682711867159,0.7719821888743549,0.33911677008082414,,,,,,,,,,
A,okavango_50,1024,96,combination conf+dihedral (prereg),0.139237826178634,0.1346533814703642,0.5,0.006026136320523845,-0.021752453232127253,-0.08858543596339603,-0.016345950690909314,0.008487612009048462,,,,,,,,,,,,,,
A,okavango_80,1024,76,confidence (baseline),0.05709489765170221,0.05423367378413124,-10.739412307739258,0.0,-0.0509445687729864,-0.05188378944869378,-0.05335245323098878,0.005555838346481323,,,,,,,,,,,,,,
A,okavango_80,1024,76,tile-phase (aligned),0.006150328878715812,0.0032891050111448416,0.03593393190903421,0.0509445687729864,0.0,-0.00093922067570738,-0.002407884458002377,0.005555838346481323,,,,,,,,,,,,,,
A,okavango_80,1024,76,boundary indicator,0.005211108203008432,0.0023498843354374617,0.08837890625,0.05188378944869378,0.00093922067570738,0.0,-0.0014686637822949968,0.005555838346481323,,,,,,,,,,,,,,
A,okavango_80,1024,76,control NDWI gradient,0.003742444420713435,0.0008812205531424648,0.022840125704834784,0.05335245323098878,0.002407884458002377,0.0014686637822949968,0.0,0.005555838346481323,,,,,,,,,,,,,,
A,okavango_80,1024,76,constant score,0.07421875,0.07135752613242903,0.0,-0.01712385234829779,-0.0680684211212842,-0.06900764179699156,-0.07047630557928657,0.005555838346481323,,,,,,,,,,,,,,
A,okavango_80,1024,76,control S2 patch variance,0.0046138701095292875,0.0017526462419583172,69.5916917486676,0.052481027542172924,0.0015364587691865245,0.0005972380934791445,-0.0008714256888158523,0.005555838346481323,,,,,,,,,,,,,,
A,okavango_80,1024,76,control NDWI level,0.010850390620306613,0.007989166752735644,-0.30026969743782994,0.0462445070313956,-0.004700061741590802,-0.005639282417298182,-0.007107946199593179,0.005555838346481323,,,,,,,,,,,,,,
A,okavango_80,1024,76,dihedral consistency (8 transforms),0.06994605265708251,0.06708482878951154,0.02494679018855095,-0.012851155005380296,-0.0637957237783667,-0.06473494445407407,-0.06620360823636907,0.005555838346481323,0.5569328256364776,0.5261275836474276,0.37056605322254543,0.2941503077526423,,,,,,,,,,
A,okavango_80,1024,76,"boundary first, then confidence",0.009738027033505027,0.006876803165934056,0.998046875,0.04735687061819718,-0.0035876981547892147,-0.004526918830496595,-0.005995582612791591,0.005555838346481323,0.778494932855304,0.8597401575680285,0.7460169241217851,0.4004078190937705,,,,,,,,,,
A,okavango_80,1024,76,combination conf+dihedral (prereg),0.06411161037020013,0.061250386502629164,0.5,-0.007016712718497922,-0.05796128149148432,-0.058900502167191705,-0.0603691659494867,0.005555838346481323,,,,,,,,,,,,,,
A,okavango_sep,1024,13,confidence (baseline),0.0005125073698050064,0.00042538183726517035,-12.742777824401855,0.0,-0.00022117635572290497,-0.00041813106962220397,0.015749911101881498,0.007330536842346191,,,,,,,,,,,,,,
A,okavango_sep,1024,13,tile-phase (aligned),0.00029133101408210146,0.00020420548154226537,0.015694238439075688,0.00022117635572290497,0.0,-0.000196954713899299,0.0159710874576044,0.007330536842346191,,,,,,,,,,,,,,
A,okavango_sep,1024,13,boundary indicator,9.437630018280246e-05,7.250767642966391e-06,0.018310546875,0.00041813106962220397,0.000196954713899299,0.0,0.0161680421715037,0.007330536842346191,,,,,,,,,,,,,,
A,okavango_sep,1024,13,control NDWI gradient,0.016262418471686503,0.016175292939146668,0.02193139665214812,-0.015749911101881498,-0.0159710874576044,-0.0161680421715037,0.0,0.007330536842346191,,,,,,,,,,,,,,
A,okavango_sep,1024,13,constant score,0.0126953125,0.012608186967460164,0.0,-0.012182805130194993,-0.0124039814859179,-0.012600936199817198,0.003567105971686503,0.007330536842346191,,,,,,,,,,,,,,
A,okavango_sep,1024,13,control S2 patch variance,0.027558126437301537,0.027471000904761702,134.52471928627483,-0.027045619067496533,-0.027266795423219435,-0.027463750137118735,-0.011295707965615034,0.007330536842346191,,,,,,,,,,,,,,
A,okavango_sep,1024,13,control NDWI level,0.016227802673658635,0.0161406771411188,-0.29721134090237245,-0.01571529530385363,-0.015936471659576533,-0.016133426373475833,3.461579802786774e-05,0.007330536842346191,,,,,,,,,,,,,,
A,okavango_sep,1024,13,dihedral consistency (8 transforms),0.0003636478892482245,0.00027652235670838843,0.02369578182697296,0.00014885948055678191,-7.231687516612306e-05,-0.00026927158906542206,0.015898770582438278,0.007330536842346191,0.7378992583685001,0.7179225153780133,0.3067538516833144,-0.10184409868750458,,,,,,,,,,
A,okavango_sep,1024,13,"boundary first, then confidence",0.0002640536835009069,0.00017692815096107082,0.623046875,0.00024845368630409953,2.7277330581194556e-05,-0.00016967738331810444,0.015998364788185598,0.007330536842346191,0.9893201823009814,0.9024706744868038,0.4160794153850198,-0.1507854186038195,,,,,,,,,,
A,okavango_sep,1024,13,combination conf+dihedral (prereg),0.0003278788170408455,0.0002407532845010094,0.5,0.00018462855276416094,-3.654780295874404e-05,-0.00023350251685804303,0.015934539654645658,0.007330536842346191,,,,,,,,,,,,,,
A,rovuma_20,1024,39,confidence (baseline),0.005284380000890636,0.004531133237027898,-14.113346099853516,0.0,-0.0031343164464996717,-0.0029822176681818637,0.0020449462724446126,0.008830785751342773,,,,,,,,,,,,,,
A,rovuma_20,1024,39,tile-phase (aligned),0.002150063554390964,0.0013968167905282262,0.03475562058693018,0.0031343164464996717,0.0,0.00015209877831780802,0.005179262718944285,0.008830785751342773,,,,,,,,,,,,,,
A,rovuma_20,1024,39,boundary indicator,0.002302162332708772,0.0015489155688460342,0.079345703125,0.0029822176681818637,-0.00015209877831780802,0.0,0.005027163940626476,0.008830785751342773,,,,,,,,,,,,,,
A,rovuma_20,1024,39,control NDWI gradient,0.007329326273335248,0.0065760795094725105,0.03361808100942224,-0.0020449462724446126,-0.005179262718944285,-0.005027163940626476,0.0,0.008830785751342773,,,,,,,,,,,,,,
A,rovuma_20,1024,39,constant score,0.0380859375,0.037332690736137264,0.0,-0.03280155749910937,-0.035935873945609036,-0.035783775167291226,-0.030756611226664753,0.008830785751342773,,,,,,,,,,,,,,
A,rovuma_20,1024,39,control S2 patch variance,0.006280216681917541,0.005526969918054803,97.73348469710749,-0.000995836681026905,-0.004130153127526577,-0.003978054349208769,0.0010491095914177077,0.008830785751342773,,,,,,,,,,,,,,
A,rovuma_20,1024,39,control NDWI level,0.006464910604174816,0.005711663840312078,-0.2730316873325501,-0.0011805306032841804,-0.0043148470497838525,-0.004162748271466044,0.0008644156691604322,0.008830785751342773,,,,,,,,,,,,,,
A,rovuma_20,1024,39,dihedral consistency (8 transforms),0.006518580483800098,0.00576533371993736,0.022060919553041458,-0.001234200482909462,-0.004368516929409134,-0.004216418151091326,0.0008107457895351507,0.008830785751342773,0.6451201361629156,0.42843712415285734,0.25990144743914156,0.5458808388837899,,,,,,,,,,
A,rovuma_20,1024,39,"boundary first, then confidence",0.0023707744268347897,0.001617527662972052,1.021484375,0.002913605574055846,-0.00022071087244382578,-6.861209412601776e-05,0.0049585518465004585,0.008830785751342773,0.7330842527358565,0.898180448556668,0.7642145149183256,0.43840300005364435,,,,,,,,,,
A,rovuma_20,1024,39,combination conf+dihedral (prereg),0.005407293890752901,0.004654047126890163,0.5,-0.00012291388986226514,-0.003257230336361937,-0.003105131558044129,0.0019220323825823475,0.008830785751342773,,,,,,,,,,,,,,
A,rovuma_50,1024,74,confidence (baseline),0.009110232582993883,0.006398522975769525,-16.147464752197266,0.0,-0.0011208869864942714,0.0022561059869404187,0.006846871184214623,0.004421412944793701,,,,,,,,,,,,,,
A,rovuma_50,1024,74,tile-phase (aligned),0.007989345596499612,0.005277635989275254,0.05445603834577206,0.0011208869864942714,0.0,0.00337699297343469,0.007967758170708893,0.004421412944793701,,,,,,,,,,,,,,
A,rovuma_50,1024,74,boundary indicator,0.011366338569934303,0.008654628962709944,0.125244140625,-0.0022561059869404187,-0.00337699297343469,0.0,0.004590765197274204,0.004421412944793701,,,,,,,,,,,,,,
A,rovuma_50,1024,74,control NDWI gradient,0.015957103767208505,0.013245394159984148,0.03776272200835066,-0.006846871184214623,-0.007967758170708893,-0.004590765197274204,0.0,0.004421412944793701,,,,,,,,,,,,,,
A,rovuma_50,1024,74,constant score,0.072265625,0.06955391539277564,0.0,-0.06315539241700611,-0.06427627940350039,-0.060899286430065695,-0.056308521232791495,0.004421412944793701,,,,,,,,,,,,,,
A,rovuma_50,1024,74,control S2 patch variance,0.014253302330133562,0.011541592722909205,106.04348839190104,-0.005143069747139679,-0.006263956733633951,-0.0028869637601992605,0.0017038014370749435,0.004421412944793701,,,,,,,,,,,,,,
A,rovuma_50,1024,74,control NDWI level,0.02206612685988415,0.01935441725265979,-0.2215235251222493,-0.012955894276890267,-0.014076781263384536,-0.010699788289949847,-0.006109023092675643,0.004421412944793701,,,,,,,,,,,,,,
A,rovuma_50,1024,74,dihedral consistency (8 transforms),0.0071234379605771055,0.004411728353352747,0.04578830301761627,0.001986794622416778,0.0008659076359225065,0.004242900609357197,0.008833665806631402,0.004421412944793701,0.7966033444373731,0.7875523498557031,0.7282448466030288,0.6395303890022128,,,,,,,,,,
A,rovuma_50,1024,74,"boundary first, then confidence",0.008441123027099541,0.005729413419875183,1.205078125,0.000669109555894342,-0.0004517774305999294,0.0029252155428347608,0.007515980740108965,0.004421412944793701,0.9546393766540303,0.9423139998033052,0.8257934547574107,0.688056301856091,,,,,,,,,,
A,rovuma_50,1024,74,combination conf+dihedral (prereg),0.007385729276295027,0.004674019669070669,0.5,0.001724503306698856,0.0006036163202045846,0.003980609293639275,0.00857137449091348,0.004421412944793701,,,,,,,,,,,,,,
A,rovuma_80,1024,18,confidence (baseline),0.0016153174723728912,0.0014513286965186054,-16.293930053710938,0.0,-0.0005556520025405336,0.001969941746477752,-0.0009912783905492955,0.002071171998977661,,,,,,,,,,,,,,
A,rovuma_80,1024,18,tile-phase (aligned),0.0010596654698323577,0.0008956766939780718,0.024132556087658564,0.0005556520025405336,0.0,0.0025255937490182854,-0.000435626388008762,0.002071171998977661,,,,,,,,,,,,,,
A,rovuma_80,1024,18,boundary indicator,0.003585259218850643,0.003421270442996357,0.064697265625,-0.001969941746477752,-0.0025255937490182854,0.0,-0.0029612201370270473,0.002071171998977661,,,,,,,,,,,,,,
A,rovuma_80,1024,18,control NDWI gradient,0.0006240390818235957,0.0004600503059693098,0.026002994198623796,0.0009912783905492955,0.000435626388008762,0.0029612201370270473,0.0,0.002071171998977661,,,,,,,,,,,,,,
A,rovuma_80,1024,18,constant score,0.017578125,0.017414136224145713,0.0,-0.015962807527627108,-0.01651845953016764,-0.013992865781149355,-0.016954085918176404,0.002071171998977661,,,,,,,,,,,,,,
A,rovuma_80,1024,18,control S2 patch variance,0.000801112618907147,0.0006371238430528611,87.38945266657964,0.0008142048534657443,0.0002585528509252107,0.0027841465999434963,-0.00017707353708355127,0.002071171998977661,,,,,,,,,,,,,,
A,rovuma_80,1024,18,control NDWI level,0.0030275996909705587,0.0028636109151162726,-0.29782305146964055,-0.0014122822185976673,-0.001967934221138201,0.0005576595278800845,-0.002403560609146963,0.002071171998977661,,,,,,,,,,,,,,
A,rovuma_80,1024,18,dihedral consistency (8 transforms),0.0008555003191572612,0.0006915115433029753,0.01586758717894554,0.00075981715321563,0.0002041651506750965,0.002729758899693382,-0.0002314612373336655,0.002071171998977661,0.6057151664619622,0.4294529276571643,0.22776679559812707,0.36141932406867555,,,,,,,,,,
A,rovuma_80,1024,18,"boundary first, then confidence",0.0011374388562935742,0.0009734500804392883,0.966796875,0.00047787861607931706,-7.777338646121649e-05,0.002447820362557069,-0.0005133997744699785,0.002071171998977661,0.6919068512624275,0.8515924768745987,0.7365785721691331,0.44151417548816263,,,,,,,,,,
A,rovuma_80,1024,18,combination conf+dihedral (prereg),0.001011513105328871,0.0008475243294745851,0.49999999999999994,0.0006038043670440203,4.815236450348673e-05,0.002573746113521772,-0.00038747402350527527,0.002071171998977661,,,,,,,,,,,,,,
A,save_20,1024,25,confidence (baseline),0.020821964211892828,0.020509568622108777,-11.717798233032227,0.0,-0.02035278609385593,-0.020499318089470676,-0.016794087532950374,0.0030125081539154053,,,,,,,,,,,,,,
A,save_20,1024,25,tile-phase (aligned),0.0004691781180368962,0.00015678252825284523,0.014319069000440858,0.02035278609385593,0.0,-0.0001465319956147453,0.003558698560905556,0.0030125081539154053,,,,,,,,,,,,,,
A,save_20,1024,25,boundary indicator,0.00032264612242215087,1.0250532638099918e-05,0.031005859375,0.020499318089470676,0.0001465319956147453,0.0,0.0037052305565203015,0.0030125081539154053,,,,,,,,,,,,,,
A,save_20,1024,25,control NDWI gradient,0.004027876678942452,0.0037154810891584012,0.016222407094808163,0.016794087532950374,-0.003558698560905556,-0.0037052305565203015,0.0,0.0030125081539154053,,,,,,,,,,,,,,
A,save_20,1024,25,constant score,0.0244140625,0.02410166691021595,0.0,-0.003592098288107172,-0.023944884381963103,-0.02409141637757785,-0.020386185821057546,0.0030125081539154053,,,,,,,,,,,,,,
A,save_20,1024,25,control S2 patch variance,0.001334664703021671,0.00102226911323762,77.08399633580291,0.019487299508871157,-0.0008654865849847748,-0.00101201858059952,0.0026932119759207813,0.0030125081539154053,,,,,,,,,,,,,,
A,save_20,1024,25,control NDWI level,0.00033685593269411514,2.4460342910064188e-05,-0.24284464940673936,0.02048510827919871,0.00013232218534278104,-1.420981027196427e-05,0.003691020746248337,0.0030125081539154053,,,,,,,,,,,,,,
A,save_20,1024,25,dihedral consistency (8 transforms),0.027963890727540686,0.027651495137756634,0.011612285859882832,-0.007141926515647858,-0.02749471260950379,-0.027641244605118534,-0.02393601404859823,0.0030125081539154053,0.5393428261439155,0.4639934734639691,0.20337386531336138,-0.05347886208704786,,,,,,,,,,
A,save_20,1024,25,"boundary first, then confidence",0.0012229425826657155,0.0009105469928816645,0.6875,0.019599021629227113,-0.0007537644646288192,-0.0009002964602435646,0.002804934096276737,0.0030125081539154053,0.9266720459909892,0.8719382331378307,0.5044875239138112,-0.0497002963843787,,,,,,,,,,
A,save_20,1024,25,combination conf+dihedral (prereg),0.026972477525632678,0.026660081935848626,0.5,-0.00615051331373985,-0.02650329940759578,-0.026649831403210526,-0.022944600846690224,0.0030125081539154053,,,,,,,,,,,,,,
A,save_50,1024,76,confidence (baseline),0.01406381627719852,0.011202592409627548,-14.120463371276855,0.0,-0.0024374738564311264,0.033165762375078775,0.0535390805960744,0.0047605931758880615,,,,,,,,,,,,,,
A,save_50,1024,76,tile-phase (aligned),0.011626342420767393,0.008765118553196422,0.021738320565103775,0.0024374738564311264,0.0,0.035603236231509905,0.05597655445250553,0.0047605931758880615,,,,,,,,,,,,,,
A,save_50,1024,76,boundary indicator,0.047229578652277296,0.044368354784706326,0.051025390625,-0.033165762375078775,-0.035603236231509905,0.0,0.020373318220995626,0.0047605931758880615,,,,,,,,,,,,,,
A,save_50,1024,76,control NDWI gradient,0.06760289687327292,0.06474167300570195,0.025616333642745383,-0.0535390805960744,-0.05597655445250553,-0.020373318220995626,0.0,0.0047605931758880615,,,,,,,,,,,,,,
A,save_50,1024,76,constant score,0.07421875,0.07135752613242903,0.0,-0.06015493372280148,-0.06259240757923261,-0.026989171347722704,-0.006615853126727078,0.0047605931758880615,,,,,,,,,,,,,,
A,save_50,1024,76,control S2 patch variance,0.03851195536081772,0.035650731493246754,130.80824896859622,-0.024448139083619206,-0.026885612940050332,0.008717623291459572,0.0290909415124552,0.0047605931758880615,,,,,,,,,,,,,,
A,save_50,1024,76,control NDWI level,0.012769608022994643,0.009908384155423673,-0.2450836965608596,0.0012942082542038748,-0.0011432656022272517,0.03445997062928265,0.05483328885027828,0.0047605931758880615,,,,,,,,,,,,,,
A,save_50,1024,76,dihedral consistency (8 transforms),0.010294518354504607,0.007433294486933637,0.02555563673377037,0.0037692979226939113,0.0013318240662627849,0.03693506029777269,0.05730837851876831,0.0047605931758880615,0.7568333586653311,0.7492476396538165,0.4995671303646796,0.40388043371361143,,,,,,,,,,
A,save_50,1024,76,"boundary first, then confidence",0.01479966279155987,0.011938438923988898,0.771484375,-0.0007358465143613505,-0.003173320370792477,0.03242991586071743,0.05280323408171306,0.0047605931758880615,0.9861244166189829,0.8883451872183676,0.593260854918524,0.434521214058365,,,,,,,,,,
A,save_50,1024,76,combination conf+dihedral (prereg),0.010708022645547783,0.007846798777976813,0.5,0.0033557936316507345,0.000918319775219608,0.036521556006729516,0.05689487422772514,0.0047605931758880615,,,,,,,,,,,,,,
A,save_80,1024,23,confidence (baseline),0.006924376641805024,0.006659256074926811,-13.490898132324219,0.0,-0.006359431169100524,-0.006614771890562382,-0.00643962262823074,0.0035895705223083496,,,,,,,,,,,,,,
A,save_80,1024,23,tile-phase (aligned),0.0005649454727044999,0.0002998249058262866,0.016969654169844646,0.006359431169100524,0.0,-0.0002553407214618577,-8.019145913021574e-05,0.0035895705223083496,,,,,,,,,,,,,,
A,save_80,1024,23,boundary indicator,0.00030960475124264215,4.4484184364428905e-05,0.034912109375,0.006614771890562382,0.0002553407214618577,0.0,0.00017514926233164196,0.0035895705223083496,,,,,,,,,,,,,,
A,save_80,1024,23,control NDWI gradient,0.0004847540135742841,0.00021963344669607087,0.02098202155288311,0.00643962262823074,8.019145913021574e-05,-0.00017514926233164196,0.0,0.0035895705223083496,,,,,,,,,,,,,,
A,save_80,1024,23,constant score,0.0224609375,0.02219581693312179,0.0,-0.015536560858194978,-0.021895992027295502,-0.02215133274875736,-0.02197618348642572,0.0035895705223083496,,,,,,,,,,,,,,
A,save_80,1024,23,control S2 patch variance,0.0018692048363089784,0.0016040842694307652,94.53685501563155,0.0050551718054960455,-0.0013042593636044787,-0.0015596000850663363,-0.0013844508227346944,0.0035895705223083496,,,,,,,,,,,,,,
A,save_80,1024,23,control NDWI level,0.0009590186264102663,0.000693898059532053,-0.25590361216230306,0.005965358015394758,-0.00039407315370576637,-0.0006494138751676241,-0.0004742646128359821,0.0035895705223083496,,,,,,,,,,,,,,
A,save_80,1024,23,dihedral consistency (8 transforms),0.011341153672765997,0.011076033105887784,0.009826927445828915,-0.004416777030960973,-0.010776208200061498,-0.011031548921523355,-0.010856399659191713,0.0035895705223083496,0.5213796961054293,0.47331676695157765,0.246780921120654,0.3381987719941349,,,,,,,,,,
A,save_80,1024,23,"boundary first, then confidence",0.0009442873579926501,0.0006791667911144369,0.716796875,0.005980089283812374,-0.0003793418852881503,-0.000634682606750008,-0.00045953334441836604,0.0035895705223083496,0.9089814860346184,0.9104327524855166,0.5381534272008973,0.24326517908232603,,,,,,,,,,
A,save_80,1024,23,combination conf+dihedral (prereg),0.00837298960687476,0.008107869039996546,0.5,-0.0014486129650697352,-0.007808044134170259,-0.008063384855632117,-0.007888235593300475,0.0035895705223083496,,,,,,,,,,,,,,
A,shire_20,1024,302,confidence (baseline),0.15710055934784517,0.10842193675545503,-12.961316108703613,0.0,0.020470496776008262,0.06725165928581109,0.09799172061891015,0.01835644245147705,,,,,,,,,,,,,,
A,shire_20,1024,302,tile-phase (aligned),0.17757105612385343,0.1288924335314633,0.07321371078563094,-0.020470496776008262,0.0,0.046781162509802826,0.07752122384290189,0.01835644245147705,,,,,,,,,,,,,,
A,shire_20,1024,302,boundary indicator,0.22435221863365626,0.17567359604126612,0.159912109375,-0.06725165928581109,-0.046781162509802826,0.0,0.03074006133309906,0.01835644245147705,,,,,,,,,,,,,,
A,shire_20,1024,302,control NDWI gradient,0.2550922799667553,0.20641365737436518,0.05124967277506749,-0.09799172061891015,-0.07752122384290189,-0.03074006133309906,0.0,0.01835644245147705,,,,,,,,,,,,,,
A,shire_20,1024,302,constant score,0.294921875,0.24624325240760986,0.0,-0.13782131565215483,-0.11735081887614657,-0.07056965636634374,-0.03982959503324468,0.01835644245147705,,,,,,,,,,,,,,
A,shire_20,1024,302,control S2 patch variance,0.25780659045168586,0.20912796785929572,159.44963435958533,-0.10070603110384069,-0.08023553432783243,-0.0334543718180296,-0.0027143104849305377,0.01835644245147705,,,,,,,,,,,,,,
A,shire_20,1024,302,control NDWI level,0.2410920229024351,0.19241340031004495,-0.31578204878271443,-0.08399146355458992,-0.06352096677858166,-0.01673980426877883,0.014000257064320232,0.01835644245147705,,,,,,,,,,,,,,
A,shire_20,1024,302,dihedral consistency (8 transforms),0.1924871408203787,0.14380851822798857,0.07322318106889725,-0.03538658147253354,-0.014916084696525278,0.03186507781327755,0.06260513914637661,0.01835644245147705,0.8686220726336502,0.8075613720927731,0.6038125280783083,-0.02910376544891288,,,,,,,,,,
A,shire_20,1024,302,"boundary first, then confidence",0.1646209551474779,0.11594233255508776,1.4375,-0.007520395799632734,0.012950100976375528,0.059731263486178354,0.09047132481927742,0.01835644245147705,0.8833915000715253,0.9086874051488081,0.8609680316229122,0.011799093412488384,,,,,,,,,,
A,shire_20,1024,302,combination conf+dihedral (prereg),0.16377678409027674,0.1150981614978866,0.5,-0.006676224742431569,0.013794272033576693,0.06057543454337952,0.09131549587647858,0.01835644245147705,,,,,,,,,,,,,,
A,shire_50,1024,123,confidence (baseline),0.100799934281978,0.09321968235914573,-10.463949203491211,0.0,-0.03710862568796804,-0.07193729200965285,-0.042389465760473234,0.006349056959152222,,,,,,,,,,,,,,
A,shire_50,1024,123,tile-phase (aligned),0.06369130859400997,0.05611105667117768,0.06662773619351749,0.03710862568796804,0.0,-0.03482866632168481,-0.005280840072505191,0.006349056959152222,,,,,,,,,,,,,,
A,shire_50,1024,123,boundary indicator,0.028862642272325156,0.02128239034949287,0.157958984375,0.07193729200965285,0.03482866632168481,0.0,0.02954782624917962,0.006349056959152222,,,,,,,,,,,,,,
A,shire_50,1024,123,control NDWI gradient,0.05841046852150478,0.05083021659867249,0.054737401702069456,0.042389465760473234,0.005280840072505191,-0.02954782624917962,0.0,0.006349056959152222,,,,,,,,,,,,,,
A,shire_50,1024,123,constant score,0.1201171875,0.11253693557716772,0.0,-0.019317253218021996,-0.05642587890599004,-0.09125454522767484,-0.06170671897849523,0.006349056959152222,,,,,,,,,,,,,,
A,shire_50,1024,123,control S2 patch variance,0.071288025386921,0.06370777346408872,182.33033892957513,0.029511908895057004,-0.007596716792911039,-0.04242538311459585,-0.01287755686541623,0.006349056959152222,,,,,,,,,,,,,,
A,shire_50,1024,123,control NDWI level,0.020966842634521695,0.01338659071168941,-0.3567832809337632,0.07983309164745632,0.04272446595948827,0.00789579963780346,0.03744362588698308,0.006349056959152222,,,,,,,,,,,,,,
A,shire_50,1024,123,dihedral consistency (8 transforms),0.09316096270010724,0.08558071077727496,0.06311380118131638,0.007638971581870768,-0.029469654106097275,-0.06429832042778208,-0.034750494178602466,0.006349056959152222,0.7278849425961724,0.5753253952995719,0.31670060527847094,0.5168304787401958,,,,,,,,,,
A,shire_50,1024,123,"boundary first, then confidence",0.06210122711527272,0.05452097519244043,1.423828125,0.038698707166705294,0.0015900814787372514,-0.03323858484294756,-0.00369075859376794,0.006349056959152222,0.6810125125169872,0.858599571297805,0.8558263634448111,0.6160076845361566,,,,,,,,,,
A,shire_50,1024,123,combination conf+dihedral (prereg),0.09796806160101143,0.09038780967817915,0.5,0.002831872680966574,-0.03427675300700147,-0.06910541932868627,-0.03955759307950666,0.006349056959152222,,,,,,,,,,,,,,
A,shire_80,1024,188,confidence (baseline),0.3018248526242451,0.28374393984009894,-11.054490089416504,0.0,-0.11364626126238692,-0.21922767877390917,-0.15312050834226174,0.004152119159698486,,,,,,,,,,,,,,
A,shire_80,1024,188,tile-phase (aligned),0.1881785913618582,0.17009767857771202,0.049480717436971355,0.11364626126238692,0.0,-0.10558141751152225,-0.03947424707987482,0.004152119159698486,,,,,,,,,,,,,,
A,shire_80,1024,188,boundary indicator,0.08259717385033594,0.06451626106618977,0.126953125,0.21922767877390917,0.10558141751152225,0.0,0.06610717043164743,0.004152119159698486,,,,,,,,,,,,,,
A,shire_80,1024,188,control NDWI gradient,0.14870434428198337,0.1306234314978372,0.04565121598753964,0.15312050834226174,0.03947424707987482,-0.06610717043164743,0.0,0.004152119159698486,,,,,,,,,,,,,,
A,shire_80,1024,188,constant score,0.18359375,0.16551283721585383,0.0,0.1182311026242451,0.0045848413618581885,-0.10099657614966406,-0.03488940571801663,0.004152119159698486,,,,,,,,,,,,,,
A,shire_80,1024,188,control S2 patch variance,0.15809293656744317,0.140012023783297,135.26213732396548,0.14373191605680194,0.030085654794415023,-0.07549576271710723,-0.009388592285459796,0.004152119159698486,,,,,,,,,,,,,,
A,shire_80,1024,188,control NDWI level,0.06291115260868674,0.044830239824540576,-0.3234676472937801,0.23891370001555837,0.12526743875317145,0.01968602124164919,0.08579319167329663,0.004152119159698486,,,,,,,,,,,,,,
A,shire_80,1024,188,dihedral consistency (8 transforms),0.27451083237779283,0.2564299195936467,0.042872924357652664,0.027314020246452242,-0.08633224101593467,-0.19191365852745693,-0.1258064880958095,0.004152119159698486,0.6116007786490011,0.48138957623054235,0.3381779790122143,0.33543409600174684,,,,,,,,,,
A,shire_80,1024,188,"boundary first, then confidence",0.1700993299049314,0.15201841712078523,1.240234375,0.1317255227193137,0.018079261456926787,-0.08750215605459546,-0.021394985622948032,0.004152119159698486,0.6813704201237394,0.8735652843792515,0.8410500021726568,0.3942330216007441,,,,,,,,,,
A,shire_80,1024,188,combination conf+dihedral (prereg),0.2915640897782864,0.27348317699414026,0.49999999999999994,0.01026076284595867,-0.10338549841642825,-0.2089669159279505,-0.14285974549630306,0.004152119159698486,,,,,,,,,,,,,,
A,shire_liwonde,1024,17,confidence (baseline),0.03359035567782031,0.03344367717654271,-15.309565544128418,0.0,-0.008367166128235577,-0.024587996304188554,-0.03303000517904954,0.004761412739753723,,,,,,,,,,,,,,
A,shire_liwonde,1024,17,tile-phase (aligned),0.025223189549584732,0.025076511048307132,0.0028032861961479706,0.008367166128235577,0.0,-0.016220830175952976,-0.024662839050813963,0.004761412739753723,,,,,,,,,,,,,,
A,shire_liwonde,1024,17,boundary indicator,0.009002359373631755,0.008855680872354155,0.005859375,0.024587996304188554,0.016220830175952976,0.0,-0.008442008874860985,0.004761412739753723,,,,,,,,,,,,,,
A,shire_liwonde,1024,17,control NDWI gradient,0.0005603504987707703,0.00041367199749317,0.02446067482495711,0.03303000517904954,0.024662839050813963,0.008442008874860985,0.0,0.004761412739753723,,,,,,,,,,,,,,
A,shire_liwonde,1024,17,constant score,0.0166015625,0.0164548839987224,0.0,0.01698879317782031,0.008621627049584732,-0.0075992031263682445,-0.01604121200122923,0.004761412739753723,,,,,,,,,,,,,,
A,shire_liwonde,1024,17,control S2 patch variance,0.0033319132145724975,0.0031852347132948974,85.11966880578254,0.03025844246324781,0.021891276335012234,0.005670446159059258,-0.0027715627158017273,0.004761412739753723,,,,,,,,,,,,,,
A,shire_liwonde,1024,17,control NDWI level,0.02258632477598452,0.02243964627470692,-0.2093399075414657,0.011004030901835788,0.002636864773600211,-0.013583965402352766,-0.022025974277213752,0.004761412739753723,,,,,,,,,,,,,,
A,shire_liwonde,1024,17,dihedral consistency (8 transforms),0.0015696227871735337,0.0014229442858959334,0.00713877659291029,0.032020732890646775,0.023653566762411198,0.007432736586458222,-0.0010092722884027633,0.004761412739753723,0.5968472726378655,0.5511146103541711,0.20117626332140381,0.1878639202310279,,,,,,,,,,
A,shire_liwonde,1024,17,"boundary first, then confidence",0.03160336614108381,0.03145668763980621,0.53515625,0.001986989536736497,-0.00638017659149908,-0.022601006767452057,-0.031043015642313043,0.004761412739753723,0.994297472909664,0.8649246618728614,0.22761411434391549,0.12078952015234966,,,,,,,,,,
A,shire_liwonde,1024,17,combination conf+dihedral (prereg),0.006755654514797775,0.006608976013520175,0.5,0.026834701163022535,0.018467535034786958,0.00224670485883398,-0.006195304016027006,0.004761412739753723,,,,,,,,,,,,,,
A,vicfalls_up,1024,21,confidence (baseline),0.0007853750003444367,0.0005636271067724342,-11.838693618774414,0.0,-0.00011011874313761934,0.001773006715105177,0.03646317425926885,0.007373213768005371,,,,,,,,,,,,,,
A,vicfalls_up,1024,21,tile-phase (aligned),0.0006752562572068173,0.0004535083636348149,0.019918100873080186,0.00011011874313761934,0.0,0.0018831254582427964,0.03657329300240647,0.007373213768005371,,,,,,,,,,,,,,
A,vicfalls_up,1024,21,boundary indicator,0.002558381715449614,0.0023366338218776114,0.040771484375,-0.001773006715105177,-0.0018831254582427964,0.0,0.03469016754416367,0.007373213768005371,,,,,,,,,,,,,,
A,vicfalls_up,1024,21,control NDWI gradient,0.03724854925961329,0.037026801366041286,0.021931319985591124,-0.03646317425926885,-0.03657329300240647,-0.03469016754416367,0.0,0.007373213768005371,,,,,,,,,,,,,,
A,vicfalls_up,1024,21,constant score,0.0205078125,0.020286064606427998,0.0,-0.019722437499655562,-0.019832556242793183,-0.017949430784550385,0.016740736759613288,0.007373213768005371,,,,,,,,,,,,,,
A,vicfalls_up,1024,21,control S2 patch variance,0.027855620884978442,0.02763387299140644,103.95165818259237,-0.027070245884634005,-0.027180364627771625,-0.025297239169528828,0.009392928374634846,0.007373213768005371,,,,,,,,,,,,,,
A,vicfalls_up,1024,21,control NDWI level,0.06127927445634053,0.06105752656276853,-0.26283323745238335,-0.06049389945599609,-0.06060401819913371,-0.058720892740890915,-0.02403072519672724,0.007373213768005371,,,,,,,,,,,,,,
A,vicfalls_up,1024,21,dihedral consistency (8 transforms),0.0007244971377691953,0.0005027492441971929,0.02815963700413704,6.087786257524136e-05,-4.924088056237799e-05,0.0018338845776804185,0.03652405212184409,0.007373213768005371,0.7320627659859812,0.6944586385901996,0.3995254844275022,0.21003531578570925,,,,,,,,,,
A,vicfalls_up,1024,21,"boundary first, then confidence",0.0007659495912092047,0.0005442016976372023,0.75390625,1.9425409135231985e-05,-9.069333400238736e-05,0.0017924321242404092,0.036482599668404087,0.007373213768005371,0.9655675224411704,0.9130928632669613,0.5760531428514271,0.25740890538945727,,,,,,,,,,
A,vicfalls_up,1024,21,combination conf+dihedral (prereg),0.0005815196712528625,0.0003597717776808601,0.5,0.00020385532909157416,9.373658595395482e-05,0.0019768620441967515,0.03666702958836043,0.007373213768005371,,,,,,,,,,,,,,
A,zambezi_20,1024,51,confidence (baseline),0.01303721745505599,0.011751534697448444,-15.986248970031738,0.0,-0.0068634857926732264,-0.005347228742378935,-0.007126400684390603,0.0036631226539611816,,,,,,,,,,,,,,
A,zambezi_20,1024,51,tile-phase (aligned),0.006173731662382762,0.004888048904775217,0.03588056553054764,0.0068634857926732264,0.0,0.0015162570502942913,-0.00026291489171737653,0.0036631226539611816,,,,,,,,,,,,,,
A,zambezi_20,1024,51,boundary indicator,0.007689988712677054,0.006404305955069509,0.08642578125,0.005347228742378935,-0.0015162570502942913,0.0,-0.0017791719420116679,0.0036631226539611816,,,,,,,,,,,,,,
A,zambezi_20,1024,51,control NDWI gradient,0.005910816770665386,0.004625134013057841,0.03117528099992436,0.007126400684390603,0.00026291489171737653,0.0017791719420116679,0.0,0.0036631226539611816,,,,,,,,,,,,,,
A,zambezi_20,1024,51,constant score,0.0498046875,0.04851900474239246,0.0,-0.03676747004494402,-0.04363095583761724,-0.04211469878732295,-0.043893870729334615,0.0036631226539611816,,,,,,,,,,,,,,
A,zambezi_20,1024,51,control S2 patch variance,0.003724595705629099,0.0024389129480215533,135.59600318995172,0.00931262174942689,0.002449135956753664,0.003965393007047955,0.0021862210650362875,0.0036631226539611816,,,,,,,,,,,,,,
A,zambezi_20,1024,51,control NDWI level,0.04207318646547143,0.04078750370786389,-0.25258145668265464,-0.029035969010415445,-0.03589945480308867,-0.03438319775279438,-0.036162369694806046,0.0036631226539611816,,,,,,,,,,,,,,
A,zambezi_20,1024,51,dihedral consistency (8 transforms),0.01884191833710374,0.017556235579496194,0.028570901602506638,-0.00580470088204775,-0.012668186674720977,-0.011151929624426685,-0.012931101566438353,0.0036631226539611816,0.8687180899950244,0.7474924774386749,0.4255273466531751,0.5815455882341661,,,,,,,,,,
A,zambezi_20,1024,51,"boundary first, then confidence",0.006495987062017431,0.005210304304409885,1.0546875,0.006541230393038559,-0.00032225539963466783,0.0011940016506596235,-0.0005851702913520444,0.0036631226539611816,0.8295003598633853,0.9386309996752784,0.7763616252980281,0.6732459677419358,,,,,,,,,,
A,zambezi_20,1024,51,combination conf+dihedral (prereg),0.01509643975148649,0.013810756993878945,0.5,-0.002059222296430501,-0.008922708089103728,-0.007406451038809436,-0.009185622980821104,0.0036631226539611816,,,,,,,,,,,,,,
A,zambezi_50,1024,16,confidence (baseline),0.00030801835007957293,0.00017768034929722826,-21.067663192749023,0.0,-3.0405269994042373e-06,8.934102378284573e-05,0.00019715905511317206,0.002603292465209961,,,,,,,,,,,,,,
A,zambezi_50,1024,16,tile-phase (aligned),0.0003049778230801687,0.00017463982229782402,0.023577607213049127,3.0405269994042373e-06,0.0,9.238155078224996e-05,0.0002001995821125763,0.002603292465209961,,,,,,,,,,,,,,
A,zambezi_50,1024,16,boundary indicator,0.0003973593738624187,0.000267021373080074,0.060302734375,-8.934102378284573e-05,-9.238155078224996e-05,0.0,0.00010781803133032633,0.002603292465209961,,,,,,,,,,,,,,
A,zambezi_50,1024,16,control NDWI gradient,0.000505177405192745,0.0003748394044104003,0.029134063857436915,-0.00019715905511317206,-0.0002001995821125763,-0.00010781803133032633,0.0,0.002603292465209961,,,,,,,,,,,,,,
A,zambezi_50,1024,16,constant score,0.015625,0.015494661999217655,0.0,-0.015316981649920427,-0.01532002217691983,-0.01522764062613758,-0.015119822594807254,0.002603292465209961,,,,,,,,,,,,,,
A,zambezi_50,1024,16,control S2 patch variance,0.0015248860691139264,0.0013945480683315817,177.13018015261554,-0.0012168677190343535,-0.0012199082460337576,-0.0011275266952515076,-0.0010197086639211813,0.002603292465209961,,,,,,,,,,,,,,
A,zambezi_50,1024,16,control NDWI level,0.005628370476835132,0.005498032476052787,-0.21538959927812784,-0.005320352126755559,-0.005323392653754963,-0.0052310111029727135,-0.005123193071642387,0.002603292465209961,,,,,,,,,,,,,,
A,zambezi_50,1024,16,dihedral consistency (8 transforms),0.0002960952180484049,0.00016575721726606025,0.014936636202037334,1.1923132031168009e-05,8.882605031763772e-06,0.00010126415581401373,0.00020908218714434007,0.002603292465209961,0.5376789849312072,0.43962914985414403,0.2763201795796398,0.3806640542906267,,,,,,,,,,
A,zambezi_50,1024,16,"boundary first, then confidence",0.00027245833024491984,0.00014212032946257517,0.9296875,3.556001983465309e-05,3.251949283524885e-05,0.00012490104361749882,0.00023271907494782515,0.002603292465209961,0.7369921120627997,0.8230704319817919,0.7132252602415079,0.4868798279808314,,,,,,,,,,
A,zambezi_50,1024,16,combination conf+dihedral (prereg),0.00025412716911737824,0.00012378916833503357,0.5,5.3891180962194695e-05,5.085065396279046e-05,0.00014323220474504042,0.0002510502360753668,0.002603292465209961,,,,,,,,,,,,,,
A,zambezi_80,1024,47,confidence (baseline),0.0035211437472475963,0.0024289107943692725,-10.175638198852539,0.0,-0.0020749948242203727,-0.0024174280636680675,0.029075849343841435,0.005589485168457031,,,,,,,,,,,,,,
A,zambezi_80,1024,47,tile-phase (aligned),0.0014461489230272236,0.0003539159701488998,0.03940062499302284,0.0020749948242203727,0.0,-0.0003424332394476946,0.031150844168061808,0.005589485168457031,,,,,,,,,,,,,,
A,zambezi_80,1024,47,boundary indicator,0.001103715683579529,1.1482730701205214e-05,0.072998046875,0.0024174280636680675,0.0003424332394476946,0.0,0.0314932774075095,0.005589485168457031,,,,,,,,,,,,,,
A,zambezi_80,1024,47,control NDWI gradient,0.03259699309108903,0.031504760138210706,0.04052462105475958,-0.029075849343841435,-0.031150844168061808,-0.0314932774075095,0.0,0.005589485168457031,,,,,,,,,,,,,,
A,zambezi_80,1024,47,constant score,0.0458984375,0.04480620454712168,0.0,-0.042377293752752405,-0.044452288576972775,-0.04479472181642047,-0.01330144440891097,0.005589485168457031,,,,,,,,,,,,,,
A,zambezi_80,1024,47,control S2 patch variance,0.04310658290573832,0.04201434995286,100.56407096734421,-0.03958543915849073,-0.0416604339827111,-0.04200286722215879,-0.010509589814649292,0.005589485168457031,,,,,,,,,,,,,,
A,zambezi_80,1024,47,control NDWI level,0.007480866124929106,0.006388633172050783,-0.24410504733915125,-0.00395972237768151,-0.006034717201901883,-0.006377150441349577,0.025116126966159925,0.005589485168457031,,,,,,,,,,,,,,
A,zambezi_80,1024,47,dihedral consistency (8 transforms),0.0043201603306807996,0.0032279273778024757,0.057966798543930054,-0.0007990165834332033,-0.002874011407653576,-0.0032164446471012707,0.02827683276040823,0.005589485168457031,0.83919120145197,0.7961209744474644,0.5003232116706687,0.09666474814033331,,,,,,,,,,
A,zambezi_80,1024,47,"boundary first, then confidence",0.0025191590838928,0.001426926131014476,0.962890625,0.0010019846633547965,-0.0010730101608655762,-0.0014154434003132708,0.03007783400719623,0.005589485168457031,0.923851275838638,0.914209116390102,0.7305777651051721,0.14166620100493552,,,,,,,,,,
A,zambezi_80,1024,47,combination conf+dihedral (prereg),0.003034962705532727,0.001942729752654403,0.4999999999999999,0.00048618104171486943,-0.0015888137825055032,-0.0019312470219531978,0.029562030385556305,0.005589485168457031,,,,,,,,,,,,,,
B,bolivia (pooled),81984,7248,,,,,,,,,,,,,,0.9115925058548009,351,,,,,,,,
B,bolivia (pooled),81984,7248,confidence (baseline),0.014480340570451715,0.010451317389907929,-5.521139287707253,0.0,0.0010387201869046635,0.020814747639306318,0.025131993943557633,,,,,,,351,,,,,,,,
B,bolivia (pooled),81984,7248,tile-phase (aligned),0.015519060757356378,0.011490037576812592,0.04058878825118717,-0.0010387201869046635,0.0,0.019776027452401652,0.024093273756652968,,,,,,,351,,,,,,,,
B,bolivia (pooled),81984,7248,boundary indicator,0.03529508820975803,0.031266065029214245,0.08650925790398127,-0.020814747639306318,-0.019776027452401652,0.0,0.004317246304251315,,,,,,,351,,,,,,,,
B,bolivia (pooled),81984,7248,control NDWI gradient,0.03961233451400935,0.03558331133346556,0.048096716389676795,-0.025131993943557633,-0.024093273756652968,-0.004317246304251315,0.0,,,,,,,351,,,,,,,,
B,bolivia (pooled),81984,7248,constant score,0.08840749414519909,0.08437847096465531,0.0,-0.07392715357474738,-0.07288843338784272,-0.053112405935441066,-0.04879515963118975,,,,,,,351,,,,,,,,
B,bolivia (pooled),81984,7248,control S2 patch variance,0.06759792738004222,0.06356890419949844,88.874275944709,-0.053117586809590514,-0.05207886662268585,-0.032302839170284196,-0.02798559286603288,,,,,,,351,,,,,,,,
B,bolivia (pooled),81984,7248,control NDWI level,0.015941071696590134,0.011912048516046348,-0.34883006805698974,-0.001460731126138419,-0.00042201093923375545,0.0193540165131679,0.023671262817419214,,,,,,,351,,,,,,,,
B,bolivia (pooled),81984,7248,dihedral consistency (8 transforms),0.015033629172627544,0.011004605992083758,0.02229813418261203,-0.000553288602175829,0.0004854315847288345,0.02026145903713049,0.024578705341381804,,0.9386570981410084,0.8374447135398321,0.5516245290416213,0.5391825472319012,,351,154/196,0.028268850510114896,174/175,1.0,212/139,0.00011533593971222034,268/82,3.544877529954376e-24
B,bolivia (pooled),81984,7248,"boundary first, then confidence",0.020541127586679475,0.016512104406135687,1.0153495215965485,-0.0060607870162277585,-0.005022066829323095,0.014753960623078557,0.019071206927329873,,0.9287328268314757,0.8772803082585688,0.7975178639635053,0.5418268015170673,,351,193/133,0.0010533032565357909,191/159,0.0973761864556288,249/102,2.5536480909634074e-15,283/67,1.0264400309587307e-32
B,bolivia (pooled),81984,7248,combination conf+dihedral (prereg),0.02632333056007324,0.022294307379529456,0.4999939012490242,-0.011842989989621527,-0.010804269802716863,0.008971757649684789,0.013289003953936104,,,,,,,351,,,,,,,,
B,bolivia/tile0,159,13,confidence (baseline),0.010538671822227725,0.006844682952664666,-4.6051717884135694,0.0,0.00246323018310591,0.005116705535148748,0.041507312681941945,,,,,,,,,,,,,,,
B,bolivia/tile0,159,13,tile-phase (aligned),0.013001902005333636,0.009307913135770576,0.04492277686312601,-0.00246323018310591,0.0,0.002653475352042838,0.039044082498836036,,,,,,,,,,,,,,,
B,bolivia/tile0,159,13,boundary indicator,0.015655377357376474,0.011961388487813415,0.11084905660377359,-0.005116705535148748,-0.002653475352042838,0.0,0.036390607146793194,,,,,,,,,,,,,,,
B,bolivia/tile0,159,13,control NDWI gradient,0.05204598450416967,0.04835199563460661,0.039379956061816955,-0.041507312681941945,-0.039044082498836036,-0.036390607146793194,0.0,,,,,,,,,,,,,,,
B,bolivia/tile0,159,13,constant score,0.08176100628930816,0.0780670174197451,0.0,-0.07122233446708044,-0.06875910428397453,-0.06610562893193168,-0.02971502178513849,,,,,,,,,,,,,,,
B,bolivia/tile0,159,13,control S2 patch variance,0.08366705230325167,0.07997306343368861,134.10858536732084,-0.07312838048102395,-0.07066515029791803,-0.06801167494587519,-0.031621067799082,,,,,,,,,,,,,,,
B,bolivia/tile0,159,13,control NDWI level,0.09307042058460345,0.0893764317150404,-0.46240430632696106,-0.08253174876237573,-0.08006851857926982,-0.07741504322722698,-0.04102443608043378,,,,,,,,,,,,,,,
B,bolivia/tile0,159,13,dihedral consistency (8 transforms),0.01353437990702367,0.009840391037460611,0.017672634788753343,-0.002995708084795945,-0.0005324779016900351,0.002120997450352803,0.038511604597146004,,0.969145569620253,0.8590279436350609,0.6136981987397692,0.2756358968235013,,,,,,,,,,
B,bolivia/tile0,159,13,"boundary first, then confidence",0.01049168856593389,0.0067976996963708325,1.230205525606469,4.698325629383382e-05,0.002510213439399744,0.005163688791442582,0.04155429593823578,,0.8943784332457603,0.8929752806305224,0.8266656119929151,0.4279764748029616,,,,,,,,,,
B,bolivia/tile0,159,13,combination conf+dihedral (prereg),0.011845341416263679,0.00815135254670062,0.5,-0.0013066695940359531,0.001156560589069957,0.003810035941112795,0.040200643087905996,,,,,,,,,,,,,,,
B,bolivia/tile1,202,5,confidence (baseline),0.0032863940154068782,0.002916326049729903,-7.681607030700929,0.0,-0.001778050904638067,-0.0024373001128547437,-0.0012169397977481017,,,,,,,,,,,,,,,
B,bolivia/tile1,202,5,tile-phase (aligned),0.001508343110768811,0.001138275145091836,0.038223286231677416,0.001778050904638067,0.0,-0.000659249208216677,0.0005611111068899652,,,,,,,,,,,,,,,
B,bolivia/tile1,202,5,boundary indicator,0.0008490939025521342,0.00047902593687515894,0.10086633663366337,0.0024373001128547437,0.000659249208216677,0.0,0.0012203603151066421,,,,,,,,,,,,,,,
B,bolivia/tile1,202,5,control NDWI gradient,0.0020694542176587765,0.001699386251981801,0.04997304109240885,0.0012169397977481017,-0.0005611111068899652,-0.0012203603151066421,0.0,,,,,,,,,,,,,,,
B,bolivia/tile1,202,5,constant score,0.024752475247524754,0.02438240728184778,0.0,-0.02146608123211788,-0.023244132136755944,-0.02390338134497262,-0.02268302102986598,,,,,,,,,,,,,,,
B,bolivia/tile1,202,5,control S2 patch variance,0.0030294015183326404,0.002659333552655665,86.72185841437778,0.00025699249707423783,-0.001521058407563829,-0.002180307615780506,-0.0009599473006738639,,,,,,,,,,,,,,,
B,bolivia/tile1,202,5,control NDWI level,0.010201977502404744,0.009831909536727768,-0.37039868236637963,-0.006915583486997865,-0.008693634391635932,-0.00935288359985261,-0.008132523284745967,,,,,,,,,,,,,,,
B,bolivia/tile1,202,5,dihedral consistency (8 transforms),0.0022592068011744186,0.0018891388354974432,0.006517375297091961,0.0010271872142324596,-0.0007508636904056073,-0.0014101128986222843,-0.00018975258351564212,,0.936361697341707,0.874953865506394,0.6938406547086211,0.7810396876758477,,,,,,,,,,
B,bolivia/tile1,202,5,"boundary first, then confidence",0.0026981769803527734,0.002328109014675798,1.0946782178217822,0.0005882170350541048,-0.001189833869583962,-0.001849083077800639,-0.0006287227626939969,,0.9556439137774523,0.8929883577285009,0.808767613178817,0.7567476474138114,,,,,,,,,,
B,bolivia/tile1,202,5,combination conf+dihedral (prereg),0.002743369754428283,0.0023733017887513077,0.5,0.0005430242609785951,-0.0012350266436594718,-0.0018942758518761488,-0.0006739155367695066,,,,,,,,,,,,,,,
B,bolivia/tile3,225,15,confidence (baseline),0.005509479877994089,0.0030882391006338506,-6.296665280395084,0.0,-0.0008523890295019368,0.0009052398340011645,-0.00012260203033591724,,,,,,,,,,,,,,,
B,bolivia/tile3,225,15,tile-phase (aligned),0.004657090848492152,0.002235850071131914,0.042639865411321,0.0008523890295019368,0.0,0.0017576288635031013,0.0007297869991660195,,,,,,,,,,,,,,,
B,bolivia/tile3,225,15,boundary indicator,0.006414719711995254,0.003993478934635015,0.11777777777777777,-0.0009052398340011645,-0.0017576288635031013,0.0,-0.0010278418643370818,,,,,,,,,,,,,,,
B,bolivia/tile3,225,15,control NDWI gradient,0.005386877847658172,0.0029656370702979334,0.04375349134864573,0.00012260203033591724,-0.0007297869991660195,0.0010278418643370818,0.0,,,,,,,,,,,,,,,
B,bolivia/tile3,225,15,constant score,0.06666666666666665,0.06424542588930642,0.0,-0.06115718678867257,-0.0620095758181745,-0.0602519469546714,-0.06127978881900848,,,,,,,,,,,,,,,
B,bolivia/tile3,225,15,control S2 patch variance,0.014663127502964777,0.012241886725604539,127.34700298197637,-0.009153647624970687,-0.010006036654472625,-0.008248407790969524,-0.009276249655306604,,,,,,,,,,,,,,,
B,bolivia/tile3,225,15,control NDWI level,0.006337512340559712,0.003916271563199474,-0.4401308007062696,-0.0008280324625656232,-0.00168042149206756,7.720737143554132e-05,-0.0009506344929015404,,,,,,,,,,,,,,,
B,bolivia/tile3,225,15,dihedral consistency (8 transforms),0.004670102739124328,0.00224886196176409,0.009841856920191074,0.0008393771388697608,-1.3011890632175921e-05,0.0017446169728709254,0.0007167751085338436,,0.9089433206911083,0.7173040455120099,0.552523148890319,0.5282048040455117,,,,,,,,,,
B,bolivia/tile3,225,15,"boundary first, then confidence",0.00531759660555377,0.0028963558281935317,1.2022222222222223,0.0001918832724403189,-0.0006605057570616179,0.0010971231064414834,6.928124210440166e-05,,0.875116940581542,0.889982090181205,0.83062846591945,0.6881384323640958,,,,,,,,,,
B,bolivia/tile3,225,15,combination conf+dihedral (prereg),0.0050541893280680265,0.002632948550707788,0.5,0.0004552905499260627,-0.00039709847957587405,0.0013605303839272272,0.00033268851959014547,,,,,,,,,,,,,,,
B,bolivia/tile4,225,8,confidence (baseline),0.0026171598206479827,0.001898540287862234,-5.991428255769941,0.0,-0.0001568890804892198,0.005261268079191006,0.001046642452181296,,,,,,,,,,,,,,,
B,bolivia/tile4,225,8,tile-phase (aligned),0.002460270740158763,0.0017416512073730143,0.034249997992252854,0.0001568890804892198,0.0,0.0054181571596802255,0.0012035315326705159,,,,,,,,,,,,,,,
B,bolivia/tile4,225,8,boundary indicator,0.007878427899838988,0.0071598083670532395,0.06666666666666667,-0.005261268079191006,-0.0054181571596802255,0.0,-0.004214625627009709,,,,,,,,,,,,,,,
B,bolivia/tile4,225,8,control NDWI gradient,0.0036638022728292786,0.00294518274004353,0.04243075488050519,-0.001046642452181296,-0.0012035315326705159,0.004214625627009709,0.0,,,,,,,,,,,,,,,
B,bolivia/tile4,225,8,constant score,0.035555555555555556,0.034836936022769806,0.0,-0.032938395734907575,-0.033095284815396794,-0.027677127655716567,-0.031891753282726275,,,,,,,,,,,,,,,
B,bolivia/tile4,225,8,control S2 patch variance,0.006733824080846849,0.0060152045480611005,121.24068330355067,-0.004116664260198867,-0.0042735533406880865,0.001144603818992139,-0.0030700218080175704,,,,,,,,,,,,,,,
B,bolivia/tile4,225,8,control NDWI level,0.0053962433843146645,0.004677623851528916,-0.45194113053355917,-0.002779083563666682,-0.0029359726441559016,0.002482184515524324,-0.0017324411114853855,,,,,,,,,,,,,,,
B,bolivia/tile4,225,8,dihedral consistency (8 transforms),0.0025061434711385554,0.0017875239383528068,0.010168356670466084,0.00011101634950942728,-4.587273097979251e-05,0.0053722844287004325,0.0011576588016907233,,0.9381753055204382,0.8059903076274756,0.5451020456547734,0.4489243573535608,,,,,,,,,,
B,bolivia/tile4,225,8,"boundary first, then confidence",0.0027002700526642374,0.001981650519878489,0.8733333333333333,-8.31102320162549e-05,-0.0002399993125054747,0.0051781578471747506,0.0009635322201650412,,0.9772387273493464,0.8676422250316057,0.6733287382123293,0.5366613990729036,,,,,,,,,,
B,bolivia/tile4,225,8,combination conf+dihedral (prereg),0.002534998842150792,0.0018163793093650433,0.5,8.216097849719078e-05,-7.4728101992029e-05,0.0053434290576881965,0.0011288034306784869,,,,,,,,,,,,,,,
B,bolivia/tile5,225,17,confidence (baseline),0.013203239699119613,0.010106544396062378,-7.124335783984926,0.0,-0.004818017956624853,-0.003980112037765313,-0.004449460877062427,,,,,,,,,,,,,,,
B,bolivia/tile5,225,17,tile-phase (aligned),0.00838522174249476,0.0052885264394375246,0.04013572999083812,0.004818017956624853,0.0,0.0008379059188595404,0.00036855707956242635,,,,,,,,,,,,,,,
B,bolivia/tile5,225,17,boundary indicator,0.0092231276613543,0.006126432358297065,0.10444444444444445,0.003980112037765313,-0.0008379059188595404,0.0,-0.0004693488392971141,,,,,,,,,,,,,,,
B,bolivia/tile5,225,17,control NDWI gradient,0.008753778822057186,0.005657083518999951,0.04783540425556618,0.004449460877062427,-0.00036855707956242635,0.0004693488392971141,0.0,,,,,,,,,,,,,,,
B,bolivia/tile5,225,17,constant score,0.07555555555555556,0.07245886025249831,0.0,-0.062352315856435934,-0.06717033381306078,-0.06633242789420125,-0.06680177673349837,,,,,,,,,,,,,,,
B,bolivia/tile5,225,17,control S2 patch variance,0.013016068237748812,0.009919372934691577,102.02908820282114,0.0001871714613708008,-0.004630846495254052,-0.003792940576394512,-0.004262289415691626,,,,,,,,,,,,,,,
B,bolivia/tile5,225,17,control NDWI level,0.03861212396145318,0.035515428658395944,-0.33800078280369233,-0.025408884262333564,-0.03022690221895842,-0.029388996300098877,-0.029858345139395993,,,,,,,,,,,,,,,
B,bolivia/tile5,225,17,dihedral consistency (8 transforms),0.012972134398363158,0.009875439095305923,0.010289130851267854,0.000231105300756455,-0.004586912655868398,-0.0037490067370088576,-0.004218355576305972,,0.9622829751369574,0.8945438263801089,0.6465847877984775,0.6389907290349763,,,,,,,,,,
B,bolivia/tile5,225,17,"boundary first, then confidence",0.00972290777147244,0.006626212468415204,1.228888888888889,0.003480331927647174,-0.001337686028977679,-0.0004997801101181386,-0.0009691289494152527,,0.9244521702486308,0.938563000421407,0.8485125679557688,0.7185946059839873,,,,,,,,,,
B,bolivia/tile5,225,17,combination conf+dihedral (prereg),0.01290260256987025,0.009805907266813015,0.5,0.0003006371292493624,-0.004517380827375491,-0.0036794749085159503,-0.004148823747813064,,,,,,,,,,,,,,,
B,bolivia/tile7,80,4,confidence (baseline),0.0033093856634127117,0.0017268516362584315,-6.531372447311878,0.0,-0.0015623779520479053,0.046690614336587284,0.0001220848071029788,,,,,,,,,,,,,,,
B,bolivia/tile7,80,4,tile-phase (aligned),0.0017470077113648063,0.00016447368421052618,0.01002837822421725,0.0015623779520479053,0.0,0.04825299228863519,0.0016844627591508842,,,,,,,,,,,,,,,
B,bolivia/tile7,80,4,boundary indicator,0.049999999999999996,0.048417465972845714,0.0,-0.046690614336587284,-0.04825299228863519,0.0,-0.0465685295294843,,,,,,,,,,,,,,,
B,bolivia/tile7,80,4,control NDWI gradient,0.0034314704705156905,0.0018489364433614103,0.04260741520554815,-0.0001220848071029788,-0.0016844627591508842,0.0465685295294843,0.0,,,,,,,,,,,,,,,
B,bolivia/tile7,80,4,constant score,0.049999999999999996,0.048417465972845714,0.0,-0.046690614336587284,-0.04825299228863519,0.0,-0.0465685295294843,,,,,,,,,,,,,,,
B,bolivia/tile7,80,4,control S2 patch variance,0.05478462513516822,0.05320209110801394,161.31798604377224,-0.05147523947175551,-0.05303761742380341,-0.0047846251351682245,-0.051353154664652526,,,,,,,,,,,,,,,
B,bolivia/tile7,80,4,control NDWI level,0.005697397505035704,0.0041148634778814235,-0.37474808314095276,-0.002388011841622992,-0.0039503897936708976,0.04430260249496429,-0.002265927034520013,,,,,,,,,,,,,,,
B,bolivia/tile7,80,4,dihedral consistency (8 transforms),0.004515572931381176,0.002933038904226896,0.011727179437230006,-0.0012061872679684643,-0.0027685652200163694,0.04548442706861882,-0.0010841024608654855,,0.9035630567276141,0.8515939990623533,nan,0.5398030942334741,,,,,,,,,,
B,bolivia/tile7,80,4,"boundary first, then confidence",0.0033093856634127117,0.0017268516362584315,0.38454241071428574,0.0,-0.0015623779520479053,0.046690614336587284,0.0001220848071029788,,0.9999999999999998,0.9116502578527893,nan,0.5941162681669012,,,,,,,,,,
B,bolivia/tile7,80,4,combination conf+dihedral (prereg),0.004109041995368485,0.0025265079682142044,0.5,-0.0007996563319557729,-0.002362034284003678,0.045890958004631506,-0.0006775715248527941,,,,,,,,,,,,,,,
B,bolivia/tile8,225,5,confidence (baseline),0.0025891625198804515,0.002291090627594192,-6.566441406011581,0.0,0.00047544800051652417,0.0037637490164024456,-0.0009107507742287249,,,,,,,,,,,,,,,
B,bolivia/tile8,225,5,tile-phase (aligned),0.0030646105203969757,0.002766538628110716,0.024854474169090583,-0.00047544800051652417,0.0,0.0032883010158859215,-0.001386198774745249,,,,,,,,,,,,,,,
B,bolivia/tile8,225,5,boundary indicator,0.006352911536282898,0.0060548396439966375,0.06,-0.0037637490164024456,-0.0032883010158859215,0.0,-0.00467449979063117,,,,,,,,,,,,,,,
B,bolivia/tile8,225,5,control NDWI gradient,0.0016784117456517267,0.001380339853365467,0.04128205330812001,0.0009107507742287249,0.001386198774745249,0.00467449979063117,0.0,,,,,,,,,,,,,,,
B,bolivia/tile8,225,5,constant score,0.02222222222222222,0.02192415032993596,0.0,-0.01963305970234177,-0.019157611701825245,-0.015869310685939324,-0.020543810476570494,,,,,,,,,,,,,,,
B,bolivia/tile8,225,5,control S2 patch variance,0.0062458550129177795,0.005947783120631519,134.63619655191692,-0.0036566924930373276,-0.0031812444925208034,0.00010705652336511808,-0.004567443267266052,,,,,,,,,,,,,,,
B,bolivia/tile8,225,5,control NDWI level,0.0033867382660789196,0.00308866637379266,-0.4704118700915433,-0.000797575746198468,-0.0003221277456819439,0.0029661732702039776,-0.001708326520427193,,,,,,,,,,,,,,,
B,bolivia/tile8,225,5,dihedral consistency (8 transforms),0.0023502945835401834,0.0020522226912539237,0.012386548637748799,0.00023886793634026815,0.0007143159368567923,0.004002616952742713,-0.0006718828378884567,,0.9110514117151276,0.8392414664981034,0.5692922775198623,0.7296976401179938,,,,,,,,,,
B,bolivia/tile8,225,5,"boundary first, then confidence",0.00269854545227029,0.0024004735599840303,0.8911111111111111,-0.0001093829323898384,0.00036606506812668577,0.0036543660840126072,-0.0010201337066185632,,0.9533554572271394,0.8599062368310156,0.6869023174418258,0.6843109987357773,,,,,,,,,,
B,bolivia/tile8,225,5,combination conf+dihedral (prereg),0.0022166033659196394,0.0019185314736333797,0.5,0.00037255915396081215,0.0008480071544773363,0.004136308170363258,-0.0005381916202679127,,,,,,,,,,,,,,,
B,bolivia/tile9,225,14,confidence (baseline),0.03350712364775733,0.031391813469869974,-5.5086062749226885,0.0,-0.027470784523919954,-0.028524130850987216,-0.025545996254165013,,,,,,,,,,,,,,,
B,bolivia/tile9,225,14,tile-phase (aligned),0.006036339123837371,0.003921028945950021,0.03480712994803778,0.027470784523919954,0.0,-0.001053346327067264,0.0019247882697549408,,,,,,,,,,,,,,,
B,bolivia/tile9,225,14,boundary indicator,0.004982992796770107,0.0028676826188827565,0.06555555555555556,0.028524130850987216,0.001053346327067264,0.0,0.002978134596822205,,,,,,,,,,,,,,,
B,bolivia/tile9,225,14,control NDWI gradient,0.007961127393592312,0.005845817215704961,0.047108737206559476,0.025545996254165013,-0.0019247882697549408,-0.002978134596822205,0.0,,,,,,,,,,,,,,,
B,bolivia/tile9,225,14,constant score,0.06222222222222221,0.060106912044334854,0.0,-0.02871509857446488,-0.056185883098384834,-0.0572392294254521,-0.05426109482862989,,,,,,,,,,,,,,,
B,bolivia/tile9,225,14,control S2 patch variance,0.020557379313675055,0.018442069135787706,157.8412771013888,0.012949744334082268,-0.014521040189837686,-0.015574386516904948,-0.012596251920082745,,,,,,,,,,,,,,,
B,bolivia/tile9,225,14,control NDWI level,0.028330596537264843,0.026215286359377494,-0.37678415732467063,0.00517652711049248,-0.022294257413427474,-0.023347603740494736,-0.020369469143672533,,,,,,,,,,,,,,,
B,bolivia/tile9,225,14,dihedral consistency (8 transforms),0.028590284365356638,0.02647497418746929,0.015125683535960787,0.004916839282400685,-0.02255394524151927,-0.02360729156858653,-0.020629156971764328,,0.9306310577328268,0.7921512852928778,0.40240876855419194,0.5943352296670877,,,,,,,,,,
B,bolivia/tile9,225,14,"boundary first, then confidence",0.006053729678866199,0.003938419500978849,0.9,0.027453393968891127,-1.7390555028828393e-05,-0.0010707368820960924,0.0019073977147261124,,0.8747724399494305,0.8723272229245677,0.6939092429861059,0.6663590391908979,,,,,,,,,,
B,bolivia/tile9,225,14,combination conf+dihedral (prereg),0.03277252295481644,0.03065721277692909,0.5,0.0007346006929408837,-0.02673618383097907,-0.027789530158046333,-0.02481139556122413,,,,,,,,,,,,,,,
B,bolivia/tile10,170,6,confidence (baseline),0.0040337535813477435,0.003299857634517576,-6.338911916929133,0.0,-0.001816271391637796,0.005976686705977433,-0.0011810536241130972,,,,,,,,,,,,,,,
B,bolivia/tile10,170,6,tile-phase (aligned),0.0022174821897099476,0.00148358624287978,0.0266192252664255,0.001816271391637796,0.0,0.007792958097615228,0.0006352177675246987,,,,,,,,,,,,,,,
B,bolivia/tile10,170,6,boundary indicator,0.010010440287325176,0.009276544340495008,0.061764705882352944,-0.005976686705977433,-0.007792958097615228,0.0,-0.00715774033009053,,,,,,,,,,,,,,,
B,bolivia/tile10,170,6,control NDWI gradient,0.0028526999572346464,0.0021188040104044787,0.03549294183459334,0.0011810536241130972,-0.0006352177675246987,0.00715774033009053,0.0,,,,,,,,,,,,,,,
B,bolivia/tile10,170,6,constant score,0.035294117647058816,0.03456022170022865,0.0,-0.031260364065711074,-0.03307663545734887,-0.02528367735973364,-0.03244141768982417,,,,,,,,,,,,,,,
B,bolivia/tile10,170,6,control S2 patch variance,0.01450646169812542,0.013772565751295252,124.99023124648231,-0.010472708116777677,-0.012288979508415471,-0.004496021410800244,-0.011653761740890774,,,,,,,,,,,,,,,
B,bolivia/tile10,170,6,control NDWI level,0.002482907032403786,0.0017490110855736185,-0.34009961870212213,0.0015508465489439574,-0.00026542484269383854,0.00752753325492139,0.0003697929248308602,,,,,,,,,,,,,,,
B,bolivia/tile10,170,6,dihedral consistency (8 transforms),0.004473504926323689,0.0037396089794935216,0.011296884563393285,-0.00043975134497594576,-0.0022560227366137417,0.005536935361001487,-0.001620804969089043,,0.9476016878255503,0.9025824219441744,0.5264176792200883,0.2555101642027101,,,,,,,,,,
B,bolivia/tile10,170,6,"boundary first, then confidence",0.004403443748898874,0.0036695478020687066,0.8763655462184873,-0.00036969016755113073,-0.0021859615591889267,0.005606996538426301,-0.001550743791664228,,0.9565488730528025,0.9488547334224875,0.6860251197936945,0.3243885906900912,,,,,,,,,,
B,bolivia/tile10,170,6,combination conf+dihedral (prereg),0.004341505032505551,0.0036076090856753834,0.5,-0.0003077514511578075,-0.0021240228427956034,0.005668935254819625,-0.0014888050752709047,,,,,,,,,,,,,,,
B,bolivia/tile12,225,6,confidence (baseline),0.000925545660740205,0.000507616519479489,-7.205225550466114,0.0,6.830881051843839e-05,0.00018907783691439212,0.00017469184134999232,,,,,,,,,,,,,,,
B,bolivia/tile12,225,6,tile-phase (aligned),0.0009938544712586434,0.0005759253299979273,0.016020000631356703,-6.830881051843839e-05,0.0,0.00012076902639595374,0.00010638303083155393,,,,,,,,,,,,,,,
B,bolivia/tile12,225,6,boundary indicator,0.0011146234976545971,0.0006966943563938811,0.04888888888888889,-0.00018907783691439212,-0.00012076902639595374,0.0,-1.4385995564399805e-05,,,,,,,,,,,,,,,
B,bolivia/tile12,225,6,control NDWI gradient,0.0011002375020901973,0.0006823083608294813,0.028908474563155054,-0.00017469184134999232,-0.00010638303083155393,1.4385995564399805e-05,0.0,,,,,,,,,,,,,,,
B,bolivia/tile12,225,6,constant score,0.02666666666666667,0.026248737525405953,0.0,-0.025741121005926463,-0.025672812195408026,-0.02555204316901207,-0.025566429164576472,,,,,,,,,,,,,,,
B,bolivia/tile12,225,6,control S2 patch variance,0.0021893594851614393,0.0017714303439007233,113.78691872275412,-0.0012638138244212343,-0.001195505013902796,-0.0010747359875068422,-0.001089121983071242,,,,,,,,,,,,,,,
B,bolivia/tile12,225,6,control NDWI level,0.0011302054462910282,0.0007122763050303122,-0.5254457331795185,-0.00020465978555082322,-0.00013635097503238484,-1.55819486364311e-05,-2.9967944200830904e-05,,,,,,,,,,,,,,,
B,bolivia/tile12,225,6,dihedral consistency (8 transforms),0.000804670737158719,0.00038674159589800294,0.006621825236215954,0.00012087492358148601,0.0001891837340999244,0.00030995276049587813,0.00029556676493147833,,0.8670522545301306,0.7412515802781294,0.4093692199344877,0.49424778761062005,,,,,,,,,,
B,bolivia/tile12,225,6,"boundary first, then confidence",0.000925545660740205,0.000507616519479489,0.7577777777777778,0.0,6.830881051843839e-05,0.00018907783691439212,0.00017469184134999232,,0.9450010535187536,0.8391203118415504,0.5814196845600221,0.5636694058154235,,,,,,,,,,
B,bolivia/tile12,225,6,combination conf+dihedral (prereg),0.0008650645974918084,0.0004471354562310924,0.5,6.048106324839657e-05,0.00012878987376683496,0.0002495589001627887,0.0002351729045983889,,,,,,,,,,,,,,,
B,bolivia/tile13,225,9,confidence (baseline),0.002084042070972109,0.0011844023517015023,-6.884238643778695,0.0,0.0007048707984549903,0.004194929267424022,-0.00030742352027939685,,,,,,,,,,,,,,,
B,bolivia/tile13,225,9,tile-phase (aligned),0.0027889128694270995,0.0018892731501564926,0.02072074411296247,-0.0007048707984549903,0.0,0.003490058468969032,-0.0010122943187343871,,,,,,,,,,,,,,,
B,bolivia/tile13,225,9,boundary indicator,0.006278971338396132,0.0053793316191255245,0.04111111111111111,-0.004194929267424022,-0.003490058468969032,0.0,-0.004502352787703419,,,,,,,,,,,,,,,
B,bolivia/tile13,225,9,control NDWI gradient,0.0017766185506927123,0.0008769788314221055,0.03483442269575914,0.00030742352027939685,0.0010122943187343871,0.004502352787703419,0.0,,,,,,,,,,,,,,,
B,bolivia/tile13,225,9,constant score,0.04,0.03910036028072939,0.0,-0.03791595792902789,-0.0372110871305729,-0.03372102866160387,-0.03822338144930729,,,,,,,,,,,,,,,
B,bolivia/tile13,225,9,control S2 patch variance,0.022902831841210846,0.02200319212194024,104.99177292607732,-0.020818789770238738,-0.02011391897178375,-0.016623860502814718,-0.021126213290518135,,,,,,,,,,,,,,,
B,bolivia/tile13,225,9,control NDWI level,0.00110513497795044,0.00020549525867983318,-0.5033758557682512,0.0009789070930216691,0.0016837778914766594,0.005173836360445692,0.0006714835727422723,,,,,,,,,,,,,,,
B,bolivia/tile13,225,9,dihedral consistency (8 transforms),0.0019036744200190126,0.0010040347007484057,0.009391074989188281,0.00018036765095309662,0.0008852384494080869,0.004375296918377119,-0.00012705586932630023,,0.8648219553308049,0.652496839443742,0.47818372609567045,0.5668036241045095,,,,,,,,,,
B,bolivia/tile13,225,9,"boundary first, then confidence",0.002071370188507678,0.0011717304692370712,0.7222222222222222,1.267188246443108e-05,0.0007175426809194214,0.004207601149888453,-0.00029475163781496577,,0.989795617361989,0.739139275179098,0.5447683969626353,0.5991898440792247,,,,,,,,,,
B,bolivia/tile13,225,9,combination conf+dihedral (prereg),0.00195913287168616,0.0010594931524155532,0.5,0.00012490919928594916,0.0008297799977409395,0.004319838466709971,-0.0001825143209934477,,,,,,,,,,,,,,,
B,bolivia/tile14,182,37,confidence (baseline),0.05205080902090136,0.02926585596391486,-4.4289815581434375,0.0,-0.003214202403164862,0.060117156493851964,0.023575779948949504,,,,,,,,,,,,,,,
B,bolivia/tile14,182,37,tile-phase (aligned),0.0488366066177365,0.02605165356075,0.0638739125077756,0.003214202403164862,0.0,0.06333135889701683,0.026789982352114366,,,,,,,,,,,,,,,
B,bolivia/tile14,182,37,boundary indicator,0.11216796551475332,0.08938301245776682,0.14217032967032966,-0.060117156493851964,-0.06333135889701683,0.0,-0.03654137654490246,,,,,,,,,,,,,,,
B,bolivia/tile14,182,37,control NDWI gradient,0.07562658896985086,0.052841635912864365,0.0852144976148258,-0.023575779948949504,-0.026789982352114366,0.03654137654490246,0.0,,,,,,,,,,,,,,,
B,bolivia/tile14,182,37,constant score,0.20329670329670332,0.18051175023971683,0.0,-0.15124589427580196,-0.15446009667896682,-0.09112873778195,-0.12767011432685246,,,,,,,,,,,,,,,
B,bolivia/tile14,182,37,control S2 patch variance,0.10152460957554946,0.07873965651856296,94.64746214616841,-0.049473800554648104,-0.052688002957812965,0.01064335593920386,-0.025898020605698596,,,,,,,,,,,,,,,
B,bolivia/tile14,182,37,control NDWI level,0.07640207875101448,0.05361712569402799,-0.21489943606683679,-0.024351269730113128,-0.02756547213327799,0.03576588676373883,-0.0007754897811636241,,,,,,,,,,,,,,,
B,bolivia/tile14,182,37,dihedral consistency (8 transforms),0.058344486990350004,0.0355595339333635,0.03346983318884408,-0.00629367796944864,-0.009507880372613502,0.05382347852440332,0.017282101979500863,,0.9508166862573166,0.8678551771568708,0.6826752521704516,0.3854852691914551,,,,,,,,,,
B,bolivia/tile14,182,37,"boundary first, then confidence",0.06214774782228522,0.03936279476529872,1.3219927394034536,-0.010096938801383858,-0.01331114120454872,0.0500202176924681,0.013478841147565646,,0.9226280467110103,0.8920089058663465,0.8704252008993977,0.33673391186297635,,,,,,,,,,
B,bolivia/tile14,182,37,combination conf+dihedral (prereg),0.05502462634368775,0.032239673286701256,0.5000000000000001,-0.002973817322786395,-0.006188019725951257,0.057143339171065566,0.02060196262616311,,,,,,,,,,,,,,,
B,bolivia/tile15,203,21,confidence (baseline),0.023906592674682797,0.018106774113532554,-6.213963818961177,0.0,-0.006210175635952157,-0.002546331420637673,-0.0017345769717138394,,,,,,,,,,,,,,,
B,bolivia/tile15,203,21,tile-phase (aligned),0.01769641703873064,0.011896598477580397,0.03167416279425623,0.006210175635952157,0.0,0.0036638442153144844,0.004475598664238318,,,,,,,,,,,,,,,
B,bolivia/tile15,203,21,boundary indicator,0.021360261254045124,0.015560442692894881,0.0979064039408867,0.002546331420637673,-0.0036638442153144844,0.0,0.0008117544489238335,,,,,,,,,,,,,,,
B,bolivia/tile15,203,21,control NDWI gradient,0.022172015702968957,0.016372197141818715,0.045564873106600685,0.0017345769717138394,-0.004475598664238318,-0.0008117544489238335,0.0,,,,,,,,,,,,,,,
B,bolivia/tile15,203,21,constant score,0.10344827586206896,0.09764845730091873,0.0,-0.07954168318738618,-0.08575185882333833,-0.08208801460802384,-0.08127626015910001,,,,,,,,,,,,,,,
B,bolivia/tile15,203,21,control S2 patch variance,0.04636694972569969,0.04056713116454945,108.80688600819738,-0.022460357051016896,-0.028670532686969053,-0.02500668847165457,-0.024194934022730735,,,,,,,,,,,,,,,
B,bolivia/tile15,203,21,control NDWI level,0.032894388704297554,0.027094570143147312,-0.441254460744194,-0.008987796029614758,-0.015197971665566915,-0.01153412745025243,-0.010722373001328597,,,,,,,,,,,,,,,
B,bolivia/tile15,203,21,dihedral consistency (8 transforms),0.02320911417572832,0.017409295614578078,0.016342631652822924,0.0006974784989544763,-0.005512697136997681,-0.0018488529216831966,-0.001037098472759363,,0.9284738818709454,0.8707377112675045,0.7272863288472493,0.685190976356401,,,,,,,,,,
B,bolivia/tile15,203,21,"boundary first, then confidence",0.019587339658500916,0.013787521097350673,1.0649190710767067,0.004319253016181881,-0.0018909226197702765,0.001772921595544208,0.0025846760444680414,,0.9814790375009684,0.8790535674836679,0.8002697578899917,0.6970070377075381,,,,,,,,,,
B,bolivia/tile15,203,21,combination conf+dihedral (prereg),0.023225269175962526,0.017425450614812283,0.5,0.000681323498720271,-0.005528852137231886,-0.001865007921917402,-0.0010532534729935684,,,,,,,,,,,,,,,
B,bolivia/tile16,92,15,confidence (baseline),0.041836752434582306,0.026874853955312597,-1.9249539009254912,0.0,0.02757895285593294,-0.003691272933108905,0.11750164247630833,,,,,,,,,,,,,,,
B,bolivia/tile16,92,15,tile-phase (aligned),0.06941570529051524,0.054453806811245536,0.09715072977680551,-0.02757895285593294,0.0,-0.031270225789041844,0.08992268962037539,,,,,,,,,,,,,,,
B,bolivia/tile16,92,15,boundary indicator,0.0381454795014734,0.023183581022203692,0.2798913043478261,0.003691272933108905,0.031270225789041844,0.0,0.12119291540941723,,,,,,,,,,,,,,,
B,bolivia/tile16,92,15,control NDWI gradient,0.15933839491089064,0.14437649643162093,0.07297837021176515,-0.11750164247630833,-0.08992268962037539,-0.12119291540941723,0.0,,,,,,,,,,,,,,,
B,bolivia/tile16,92,15,constant score,0.1630434782608696,0.1480815797815999,0.0,-0.12120672582628729,-0.09362777297035435,-0.1248979987593962,-0.0037050833499789604,,,,,,,,,,,,,,,
B,bolivia/tile16,92,15,control S2 patch variance,0.1753495161911791,0.1603876177119094,88.5348967015729,-0.13351276375659682,-0.10593381090066387,-0.1372040366897057,-0.016011121280288476,,,,,,,,,,,,,,,
B,bolivia/tile16,92,15,control NDWI level,0.05389074929202185,0.038928850812752144,-0.126543337674402,-0.012053996857439547,0.015524955998493392,-0.015745269790548452,0.10544764561886878,,,,,,,,,,,,,,,
B,bolivia/tile16,92,15,dihedral consistency (8 transforms),0.05997303789831139,0.04501113941904168,0.08133766303881598,-0.018136285463729085,0.009442667392203855,-0.02182755839683799,0.09936535701257924,,0.7069648444122497,0.447282030732241,0.3648449619032467,0.1338717383598169,,,,,,,,,,
B,bolivia/tile16,92,15,"boundary first, then confidence",0.04036670654177935,0.025404808062509644,2.3023583074534164,0.0014700458928029528,0.029048998748735892,-0.0022212270403059522,0.11897168836911129,,0.9253117149330335,0.7017862922491253,0.7012036953005116,0.1540927515682074,,,,,,,,,,
B,bolivia/tile16,92,15,combination conf+dihedral (prereg),0.043871034252041904,0.028909135772772196,0.5,-0.002034281817459599,0.02554467103847334,-0.005725554750568504,0.11546736065884873,,,,,,,,,,,,,,,
B,bolivia/tile17,195,6,confidence (baseline),0.0013077973310587898,0.0007507348832137938,-6.9738725048609265,0.0,0.0006972294101658669,0.00015621079344476968,0.005264985277812475,,,,,,,,,,,,,,,
B,bolivia/tile17,195,6,tile-phase (aligned),0.0020050267412246568,0.0014479642933796608,0.02115263579260686,-0.0006972294101658669,0.0,-0.0005410186167210972,0.004567755867646609,,,,,,,,,,,,,,,
B,bolivia/tile17,195,6,boundary indicator,0.0014640081245035595,0.0009069456766585635,0.05705128205128205,-0.00015621079344476968,0.0005410186167210972,0.0,0.005108774484367706,,,,,,,,,,,,,,,
B,bolivia/tile17,195,6,control NDWI gradient,0.006572782608871265,0.006015720161026269,0.03773489359213659,-0.005264985277812475,-0.004567755867646609,-0.005108774484367706,0.0,,,,,,,,,,,,,,,
B,bolivia/tile17,195,6,constant score,0.03076923076923077,0.030212168321385777,0.0,-0.029461433438171983,-0.028764204028006116,-0.029305222644727215,-0.024196448160359506,,,,,,,,,,,,,,,
B,bolivia/tile17,195,6,control S2 patch variance,0.004640759404715996,0.004083696956871,124.43568965985214,-0.0033329620736572063,-0.0026357326634913396,-0.003176751280212437,0.0019320232041552688,,,,,,,,,,,,,,,
B,bolivia/tile17,195,6,control NDWI level,0.004540029356517433,0.003982966908672437,-0.46618004635104754,-0.003232232025458643,-0.002535002615292776,-0.0030760212320138734,0.0020327532523538323,,,,,,,,,,,,,,,
B,bolivia/tile17,195,6,dihedral consistency (8 transforms),0.0011765680898418425,0.0006195056419968465,0.009676411720451701,0.0001312292412169473,0.0008284586513828142,0.000287440034661717,0.005396214519029423,,0.8955234750521938,0.8975189758694915,0.6143156804084898,0.4539060350547834,,,,,,,,,,
B,bolivia/tile17,195,6,"boundary first, then confidence",0.0012490208584892135,0.0006919584106442175,0.8018543956043958,5.877647256957632e-05,0.0007560058827354433,0.000214987266014346,0.005323761750382051,,0.9857369434689028,0.8469047888782791,0.6579637270127614,0.40814222596254984,,,,,,,,,,
B,bolivia/tile17,195,6,combination conf+dihedral (prereg),0.0011625159596006848,0.0006054535117556888,0.5,0.00014528137145810509,0.000842510781623972,0.00030149216490287477,0.00541026664927058,,,,,,,,,,,,,,,
B,bolivia/tile19,193,16,confidence (baseline),0.009860910642782507,0.006111091051918493,-4.325072935825802,0.0,0.0009301358840830328,-0.0037912772201206505,0.01702482160065854,,,,,,,,,,,,,,,
B,bolivia/tile19,193,16,tile-phase (aligned),0.01079104652686554,0.007041226936001526,0.05669418757496682,-0.0009301358840830328,0.0,-0.004721413104203683,0.016094685716575505,,,,,,,,,,,,,,,
B,bolivia/tile19,193,16,boundary indicator,0.006069633422661856,0.0023198138317978424,0.13471502590673576,0.0037912772201206505,0.004721413104203683,0.0,0.02081609882077919,,,,,,,,,,,,,,,
B,bolivia/tile19,193,16,control NDWI gradient,0.026885732243441044,0.023135912652577032,0.054846221186315554,-0.01702482160065854,-0.016094685716575505,-0.02081609882077919,0.0,,,,,,,,,,,,,,,
B,bolivia/tile19,193,16,constant score,0.08290155440414505,0.07915173481328104,0.0,-0.07304064376136254,-0.07211050787727952,-0.0768319209814832,-0.05601582216070401,,,,,,,,,,,,,,,
B,bolivia/tile19,193,16,control S2 patch variance,0.17452744646810595,0.17077762687724193,142.75107350218678,-0.16466653582532345,-0.1637363999412404,-0.1684578130454441,-0.1476417142246649,,,,,,,,,,,,,,,
B,bolivia/tile19,193,16,control NDWI level,0.007187789311454023,0.00343796972059001,-0.3336011973235302,0.002673121331328483,0.0036032572154115158,-0.0011181558887921675,0.019697942931987022,,,,,,,,,,,,,,,
B,bolivia/tile19,193,16,dihedral consistency (8 transforms),0.011230769647821486,0.007480950056957472,0.026752972310933196,-0.001369859005038979,-0.00043972312095594615,-0.005161136225159629,0.015654962595619562,,0.9535481544789269,0.8581355830350935,0.6465297568871865,0.6778467362854544,,,,,,,,,,
B,bolivia/tile19,193,16,"boundary first, then confidence",0.008765131307270184,0.00501531171640617,1.3558475203552924,0.0010957793355123226,0.0020259152195953554,-0.002695497884608328,0.018120600936170864,,0.9238689172586931,0.9186608621334325,0.8490625229722855,0.764756156188237,,,,,,,,,,
B,bolivia/tile19,193,16,combination conf+dihedral (prereg),0.010206494635237835,0.006456675044373821,0.5,-0.000345583992455328,0.0005845518916277048,-0.004136861212575978,0.01667923760820321,,,,,,,,,,,,,,,
B,bolivia/tile20,225,4,confidence (baseline),0.002945957165555438,0.0027475405020416146,-5.645058583815892,0.0,-0.002381339369576097,-0.0021223412886052636,-0.0015574706468917412,,,,,,,,,,,,,,,
B,bolivia/tile20,225,4,tile-phase (aligned),0.0005646177959793411,0.0003662011324655177,0.027794896878832433,0.002381339369576097,0.0,0.0002589980809708335,0.0008238687226843557,,,,,,,,,,,,,,,
B,bolivia/tile20,225,4,boundary indicator,0.0008236158769501746,0.0006251992134363512,0.04,0.0021223412886052636,-0.0002589980809708335,0.0,0.0005648706417135222,,,,,,,,,,,,,,,
B,bolivia/tile20,225,4,control NDWI gradient,0.0013884865186636968,0.0011900698551498734,0.04164529486290645,0.0015574706468917412,-0.0008238687226843557,-0.0005648706417135222,0.0,,,,,,,,,,,,,,,
B,bolivia/tile20,225,4,constant score,0.017777777777777778,0.017579361114263954,0.0,-0.01483182061222234,-0.017213159981798436,-0.016954161900827602,-0.01638929125911408,,,,,,,,,,,,,,,
B,bolivia/tile20,225,4,control S2 patch variance,0.005141128019996262,0.004942711356482438,125.00706098883005,-0.0021951708544408234,-0.00457651022401692,-0.004317512143046087,-0.0037526415013325646,,,,,,,,,,,,,,,
B,bolivia/tile20,225,4,control NDWI level,0.002355848345900206,0.0021574316823863822,-0.41040577831118624,0.0005901088196552324,-0.0017912305499208645,-0.001532232468950031,-0.0009673618272365088,,,,,,,,,,,,,,,
B,bolivia/tile20,225,4,dihedral consistency (8 transforms),0.002301588615417516,0.002103171951903692,0.01449988042521808,0.0006443685501379224,-0.0017369708194381744,-0.001477972738467341,-0.0009131020967538188,,0.9361841550779599,0.8553813737884538,0.3025080858946508,0.7792646439106621,,,,,,,,,,
B,bolivia/tile20,225,4,"boundary first, then confidence",0.0007976535903554788,0.0005992369268416552,0.7844444444444445,0.0021483035751999596,-0.00023303579437613755,2.5962286594695926e-05,0.0005908329283082182,,0.8769458491361144,0.8862241887905603,0.6037215518232201,0.7374410029498528,,,,,,,,,,
B,bolivia/tile20,225,4,combination conf+dihedral (prereg),0.0024824346293252668,0.002284017965811443,0.5,0.00046352253623017144,-0.0019178168333459254,-0.001658818752375092,-0.0010939481106615697,,,,,,,,,,,,,,,
B,bolivia/tile21,225,21,confidence (baseline),0.00932587627699547,0.00462102886703778,-4.760822276671727,0.0,0.00042318826928477993,0.0013619393100466424,0.011167530512473219,,,,,,,,,,,,,,,
B,bolivia/tile21,225,21,tile-phase (aligned),0.00974906454628025,0.00504421713632256,0.0366212683005142,-0.00042318826928477993,0.0,0.0009387510407618625,0.010744342243188439,,,,,,,,,,,,,,,
B,bolivia/tile21,225,21,boundary indicator,0.010687815587042113,0.005982968177084423,0.09222222222222222,-0.0013619393100466424,-0.0009387510407618625,0.0,0.009805591202426578,,,,,,,,,,,,,,,
B,bolivia/tile21,225,21,control NDWI gradient,0.02049340678946869,0.015788559379511,0.04571811252039808,-0.011167530512473219,-0.010744342243188439,-0.009805591202426578,0.0,,,,,,,,,,,,,,,
B,bolivia/tile21,225,21,constant score,0.09333333333333334,0.08862848592337565,0.0,-0.08400745705633787,-0.08358426878705309,-0.08264551774629122,-0.07283992654386465,,,,,,,,,,,,,,,
B,bolivia/tile21,225,21,control S2 patch variance,0.13323465082006503,0.12852980341010734,121.19278007703053,-0.12390877454306956,-0.12348558627378478,-0.12254683523302291,-0.11274124403059634,,,,,,,,,,,,,,,
B,bolivia/tile21,225,21,control NDWI level,0.008249262361752201,0.0035444149517945113,-0.3630887397160171,0.001076613915243269,0.0014998021845280488,0.0024385532252899113,0.01224414442771649,,,,,,,,,,,,,,,
B,bolivia/tile21,225,21,dihedral consistency (8 transforms),0.012512630848310913,0.007807783438353223,0.02633452734531602,-0.003186754571315443,-0.002763566302030663,-0.0018248152612688005,0.007980775941157776,,0.9553329119258319,0.9077591656131476,0.6459658620171235,0.7068531394858832,,,,,,,,,,
B,bolivia/tile21,225,21,"boundary first, then confidence",0.008231691700777888,0.003526844290820198,1.0333333333333334,0.0010941845762175821,0.001517372845502362,0.0024561238862642245,0.0122617150886908,,0.9731468605141175,0.9152191319005482,0.7666304719299014,0.6791919511167296,,,,,,,,,,
B,bolivia/tile21,225,21,combination conf+dihedral (prereg),0.010904211303623373,0.006199363893665683,0.5,-0.0015783350266279032,-0.0011551467573431232,-0.00021639571658126078,0.009589195485845317,,,,,,,,,,,,,,,
B,bolivia/tile22,225,63,confidence (baseline),0.07961958055974913,0.035521387602691606,-3.6057475309901768,0.0,0.011466144527291347,0.16542665502324128,0.17267861538616844,,,,,,,,,,,,,,,
B,bolivia/tile22,225,63,tile-phase (aligned),0.09108572508704048,0.046987532129982953,0.05277143431698075,-0.011466144527291347,0.0,0.15396051049594994,0.16121247085887708,,,,,,,,,,,,,,,
B,bolivia/tile22,225,63,boundary indicator,0.2450462355829904,0.20094804262593288,0.1,-0.16542665502324128,-0.15396051049594994,0.0,0.007251960362927162,,,,,,,,,,,,,,,
B,bolivia/tile22,225,63,control NDWI gradient,0.25229819594591757,0.20820000298886004,0.06297776328442375,-0.17267861538616844,-0.16121247085887708,-0.007251960362927162,0.0,,,,,,,,,,,,,,,
B,bolivia/tile22,225,63,constant score,0.28,0.2359018070429425,0.0,-0.2003804194402509,-0.18891427491295953,-0.03495376441700962,-0.027701804054082457,,,,,,,,,,,,,,,
B,bolivia/tile22,225,63,control S2 patch variance,0.23550213854386567,0.19140394558680815,41.28936843485583,-0.15588255798411654,-0.1444164134568252,0.009544097039124733,0.016796057402051895,,,,,,,,,,,,,,,
B,bolivia/tile22,225,63,control NDWI level,0.05846067403284575,0.014362481075788226,-0.1528859048311219,0.02115890652690338,0.03262505105419473,0.18658556155014466,0.19383752191307183,,,,,,,,,,,,,,,
B,bolivia/tile22,225,63,dihedral consistency (8 transforms),0.07413695706449687,0.030038764107439345,0.039567651198918204,0.005482623495252262,0.01694876802254361,0.17090927851849352,0.1781612388814207,,0.939304677623261,0.8964148756847873,0.5428925726202033,0.14840391908975972,,,,,,,,,,
B,bolivia/tile22,225,63,"boundary first, then confidence",0.10618369073470815,0.06208549777765063,1.1222222222222222,-0.02656411017495902,-0.015097965647667674,0.13886254484828225,0.14611450521120942,,0.9138211125158027,0.8770838600927093,0.8084644473497483,0.14613358617783387,,,,,,,,,,
B,bolivia/tile22,225,63,combination conf+dihedral (prereg),0.07602780342379353,0.03192961046673601,0.5000000000000001,0.0035917771359555983,0.015057921663246945,0.16901843215919687,0.17627039252212404,,,,,,,,,,,,,,,
B,bolivia/tile23,225,65,confidence (baseline),0.15459521246707886,0.10750217659234099,-2.84876903851827,0.0,0.02283157067104255,0.046991655724491266,0.07007893543768445,,,,,,,,,,,,,,,
B,bolivia/tile23,225,65,tile-phase (aligned),0.1774267831381214,0.13033374726338354,0.0925378778967772,-0.02283157067104255,0.0,0.024160085053448715,0.0472473647666419,,,,,,,,,,,,,,,
B,bolivia/tile23,225,65,boundary indicator,0.20158686819157012,0.15449383231683225,0.2577777777777778,-0.046991655724491266,-0.024160085053448715,0.0,0.023087279713193187,,,,,,,,,,,,,,,
B,bolivia/tile23,225,65,control NDWI gradient,0.2246741479047633,0.17758111203002544,0.06058957962789158,-0.07007893543768445,-0.0472473647666419,-0.023087279713193187,0.0,,,,,,,,,,,,,,,
B,bolivia/tile23,225,65,constant score,0.28888888888888886,0.241795853014151,0.0,-0.13429367642181,-0.11146210575076745,-0.08730202069731874,-0.06421474098412555,,,,,,,,,,,,,,,
B,bolivia/tile23,225,65,control S2 patch variance,0.32662463193467905,0.27953159605994116,98.0505771800518,-0.17202941946760017,-0.14919784879655762,-0.1250377637431089,-0.10195048402991572,,,,,,,,,,,,,,,
B,bolivia/tile23,225,65,control NDWI level,0.06970802219231322,0.022614986317575338,-0.25497420601521575,0.08488719027476566,0.1077187609458082,0.13187884599925692,0.1549661257124501,,,,,,,,,,,,,,,
B,bolivia/tile23,225,65,dihedral consistency (8 transforms),0.14115967020782105,0.09406663433308318,0.061779195849178195,0.013435542259257804,0.036267112930300355,0.06042719798374907,0.08351447769694226,,0.841517067003793,0.5028065739570164,0.3839484105042433,0.025055836493889615,,,,,,,,,,
B,bolivia/tile23,225,65,"boundary first, then confidence",0.17171390785089788,0.12462087197616001,1.9222222222222223,-0.01711869538381902,0.005712875287223529,0.029872960340672244,0.05296024005386543,,0.804941002949853,0.599028655710071,0.7486870413982356,0.09681521281078798,,,,,,,,,,
B,bolivia/tile23,225,65,combination conf+dihedral (prereg),0.14622834556823622,0.09913530969349835,0.5000000000000001,0.00836686689884264,0.03119843756988519,0.055358522623333906,0.07844580233652709,,,,,,,,,,,,,,,
B,bolivia/tile24,225,45,confidence (baseline),0.12248479860326461,0.10055593594717935,-5.676826686594222,0.0,-0.023184435382034366,0.020835906021033967,-0.0486995761348295,,,,,,,,,,,,,,,
B,bolivia/tile24,225,45,tile-phase (aligned),0.09930036322123025,0.07737150056514498,0.05850080184456601,0.023184435382034366,0.0,0.04402034140306833,-0.025515140752795137,,,,,,,,,,,,,,,
B,bolivia/tile24,225,45,boundary indicator,0.14332070462429858,0.12139184196821332,0.12555555555555556,-0.020835906021033967,-0.04402034140306833,0.0,-0.06953548215586347,,,,,,,,,,,,,,,
B,bolivia/tile24,225,45,control NDWI gradient,0.07378522246843511,0.051856359812349845,0.10014680020137215,0.0486995761348295,0.025515140752795137,0.06953548215586347,0.0,,,,,,,,,,,,,,,
B,bolivia/tile24,225,45,constant score,0.2,0.17807113734391475,0.0,-0.0775152013967354,-0.10069963677876977,-0.05667929537570143,-0.1262147775315649,,,,,,,,,,,,,,,
B,bolivia/tile24,225,45,control S2 patch variance,0.14203798761327074,0.12010912495718548,131.49370488669982,-0.019553189010006133,-0.0427376243920405,0.001282717011027834,-0.06825276514483564,,,,,,,,,,,,,,,
B,bolivia/tile24,225,45,control NDWI level,0.06684894725748124,0.044920084601395974,-0.2858145907354108,0.055635851345783374,0.03245141596374901,0.07647175736681734,0.006936275210953871,,,,,,,,,,,,,,,
B,bolivia/tile24,225,45,dihedral consistency (8 transforms),0.1270945381316483,0.10516567547556305,0.017796344975819618,-0.0046097395283836995,-0.027794174910418065,0.016226166492650268,-0.0533093156632132,,0.9630847029077122,0.7369100294985254,0.40112250019079,0.43839549093973895,,,,,,,,,,
B,bolivia/tile24,225,45,"boundary first, then confidence",0.11601740078645394,0.09408853813036867,1.3,0.006467397816810674,-0.01671703756522369,0.027303303837844642,-0.04223217831801883,,0.7608175305520437,0.8685703750526765,0.8386977805353858,0.4673303834808258,,,,,,,,,,
B,bolivia/tile24,225,45,combination conf+dihedral (prereg),0.12412111728555315,0.10219225462946789,0.5,-0.0016363186822885428,-0.02482075406432291,0.019199587338745425,-0.050335894817118046,,,,,,,,,,,,,,,
B,bolivia/tile25,225,3,confidence (baseline),0.001879958031473771,0.0017610859883864813,-8.132045203049978,0.0,-0.0015391121282682108,-0.0014379889717900456,-0.0007964814564143236,,,,,,,,,,,,,,,
B,bolivia/tile25,225,3,tile-phase (aligned),0.0003408459032055602,0.00022197386011827048,0.010535546853388951,0.0015391121282682108,0.0,0.00010112315647816512,0.0007426306718538872,,,,,,,,,,,,,,,
B,bolivia/tile25,225,3,boundary indicator,0.0004419690596837253,0.0003230970165964356,0.03,0.0014379889717900456,-0.00010112315647816512,0.0,0.0006415075153757221,,,,,,,,,,,,,,,
B,bolivia/tile25,225,3,control NDWI gradient,0.0010834765750594474,0.0009646045319721577,0.040778637050392155,0.0007964814564143236,-0.0007426306718538872,-0.0006415075153757221,0.0,,,,,,,,,,,,,,,
B,bolivia/tile25,225,3,constant score,0.013333333333333334,0.013214461290246044,0.0,-0.011453375301859563,-0.012992487430127774,-0.012891364273649609,-0.012249856758273886,,,,,,,,,,,,,,,
B,bolivia/tile25,225,3,control S2 patch variance,0.0006373134989204294,0.0005184414558331397,25.438740404089867,0.0012426445325533415,-0.0002964675957148692,-0.0001953444392367041,0.000446163076139018,,,,,,,,,,,,,,,
B,bolivia/tile25,225,3,control NDWI level,0.0012795802985015527,0.001160708255414263,-0.44025410924540825,0.0006003777329722183,-0.0009387343952959924,-0.0008376112388178273,-0.00019610372344210526,,,,,,,,,,,,,,,
B,bolivia/tile25,225,3,dihedral consistency (8 transforms),0.0006638780712786215,0.0005450060281913318,0.00450886209707379,0.0012160799601951496,-0.0003230321680730613,-0.00022190901159489616,0.00041959850378082595,,0.7711525495153814,0.6127939317319848,0.35766402544965936,0.1673166877370417,,,,,,,,,,
B,bolivia/tile25,225,3,"boundary first, then confidence",0.0004431023703386735,0.00032423032725138376,0.66,0.0014368556611350975,-0.00010225646713311328,-1.1333106549481675e-06,0.000640374204720774,,0.9385703750526762,0.6828013063632529,0.47028317290587834,0.013331226295827895,,,,,,,,,,
B,bolivia/tile25,225,3,combination conf+dihedral (prereg),0.0010470437843923784,0.0009281717413050887,0.5,0.0008329142470813926,-0.0007061978811868182,-0.000605074724708653,3.6432790667069014e-05,,,,,,,,,,,,,,,
B,bolivia/tile26,224,6,confidence (baseline),0.0015646189160196686,0.0011429357162988437,-7.8201277415667265,0.0,8.150123127084003e-05,-0.0006089910017542449,0.00021163173263014784,,,,,,,,,,,,,,,
B,bolivia/tile26,224,6,tile-phase (aligned),0.0016461201472905086,0.0012244369475696837,0.011354639560595712,-8.150123127084003e-05,0.0,-0.0006904922330250849,0.0001301305013593078,,,,,,,,,,,,,,,
B,bolivia/tile26,224,6,boundary indicator,0.0009556279142654238,0.0005339447145445988,0.015625,0.0006089910017542449,0.0006904922330250849,0.0,0.0008206227343843927,,,,,,,,,,,,,,,
B,bolivia/tile26,224,6,control NDWI gradient,0.0017762506486498164,0.0013545674489289915,0.045882890371203904,-0.00021163173263014784,-0.0001301305013593078,-0.0008206227343843927,0.0,,,,,,,,,,,,,,,
B,bolivia/tile26,224,6,constant score,0.026785714285714284,0.02636403108599346,0.0,-0.025221095369694614,-0.025139594138423774,-0.02583008637144886,-0.025009463637064466,,,,,,,,,,,,,,,
B,bolivia/tile26,224,6,control S2 patch variance,0.001154743895196323,0.0007330606954754982,34.08844535765577,0.0004098750208233455,0.0004913762520941856,-0.00019911598093089937,0.0006215067534534934,,,,,,,,,,,,,,,
B,bolivia/tile26,224,6,control NDWI level,0.0009646473140308885,0.0005429641143100635,-0.4066773463637801,0.0005999716019887801,0.0006814728332596202,-9.01939976546474e-06,0.000811603334618928,,,,,,,,,,,,,,,
B,bolivia/tile26,224,6,dihedral consistency (8 transforms),0.0015684373360519356,0.0011467541363311107,0.006613132047356933,-3.818420032267048e-06,7.768281123857299e-05,-0.0006128094217865119,0.0002078133125978808,,0.9068545803971818,0.8285981208626949,0.3512335617995742,0.3511509715994023,,,,,,,,,,
B,bolivia/tile26,224,6,"boundary first, then confidence",0.000707948013649821,0.00028626481392899603,0.6229671556122449,0.0008566709023698476,0.0009381721336406876,0.00024767990061560276,0.0010683026349999954,,0.9811157377749309,0.7560463378176383,0.4193859600245823,0.27350202861413636,,,,,,,,,,
B,bolivia/tile26,224,6,combination conf+dihedral (prereg),0.0015231127223482121,0.0011014295226273872,0.5,4.150619367145644e-05,0.00012300742494229648,-0.0005674848080827884,0.0002531379263016043,,,,,,,,,,,,,,,
B,bolivia/tile27,44,9,confidence (baseline),0.08244855301858656,0.05763165758513998,-2.0562639991668137,0.0,0.04238074429561357,0.004994845489461941,0.00873156811208499,,,,,,,,,,,,,,,
B,bolivia/tile27,44,9,tile-phase (aligned),0.12482929731420013,0.10001240188075355,0.08965420118660074,-0.04238074429561357,0.0,-0.03738589880615163,-0.033649176183528584,,,,,,,,,,,,,,,
B,bolivia/tile27,44,9,boundary indicator,0.0874433985080485,0.06262650307460192,0.29261363636363635,-0.004994845489461941,0.03738589880615163,0.0,0.0037367226226230482,,,,,,,,,,,,,,,
B,bolivia/tile27,44,9,control NDWI gradient,0.09118012113067155,0.06636322569722497,0.04247559188694144,-0.00873156811208499,0.033649176183528584,-0.0037367226226230482,0.0,,,,,,,,,,,,,,,
B,bolivia/tile27,44,9,constant score,0.20454545454545459,0.17972855911200802,0.0,-0.12209690152686804,-0.07971615723125447,-0.1171020560374061,-0.11336533341478305,,,,,,,,,,,,,,,
B,bolivia/tile27,44,9,control S2 patch variance,0.05560356668617517,0.030786671252728597,154.2658671198668,0.026844986332411384,0.06922573062802495,0.031839831821873325,0.035576554444496374,,,,,,,,,,,,,,,
B,bolivia/tile27,44,9,control NDWI level,0.042875936941636265,0.01805904150818969,-0.2986191392423256,0.03957261607695029,0.08195336037256387,0.04456746156641223,0.04830418418903528,,,,,,,,,,,,,,,
B,bolivia/tile27,44,9,dihedral consistency (8 transforms),0.09009767288783768,0.0652807774543911,0.06765470485499298,-0.007649119869251125,0.03473162442636245,-0.0026542743797891843,0.0010824482428338639,,0.8381959126145179,0.8063424947145877,0.8819724603674794,0.48231148696264964,,,,,,,,,,
B,bolivia/tile27,44,9,"boundary first, then confidence",0.08042735287485678,0.0556104574414102,2.1929788961038956,0.002021200143729779,0.04440194443934335,0.00701604563319172,0.010752768255814768,,0.9540521494009868,0.6913319238900634,0.8289490731996164,0.3961945031712475,,,,,,,,,,
B,bolivia/tile27,44,9,combination conf+dihedral (prereg),0.08386445309068566,0.05904755765723908,0.5,-0.0014159000720991022,0.04096484422351447,0.0035789454173628388,0.007315668039985887,,,,,,,,,,,,,,,
B,bolivia/tile28,56,14,confidence (baseline),0.13969495711089372,0.10323986821206257,-3.2552430145442486,0.0,-0.026224538739953118,-0.021370410514621463,0.049920335376958114,,,,,,,,,,,,,,,
B,bolivia/tile28,56,14,tile-phase (aligned),0.11347041837094059,0.07701532947210946,0.06643307771758243,0.026224538739953118,0.0,0.004854128225331655,0.07614487411691123,,,,,,,,,,,,,,,
B,bolivia/tile28,56,14,boundary indicator,0.11832454659627224,0.08186945769744111,0.171875,0.021370410514621463,-0.004854128225331655,0.0,0.07129074589157958,,,,,,,,,,,,,,,
B,bolivia/tile28,56,14,control NDWI gradient,0.18961529248785183,0.1531602035890207,0.062095098051818516,-0.049920335376958114,-0.07614487411691123,-0.07129074589157958,0.0,,,,,,,,,,,,,,,
B,bolivia/tile28,56,14,constant score,0.25,0.21354491110116885,0.0,-0.11030504288910628,-0.1365295816290594,-0.13167545340372774,-0.06038470751214817,,,,,,,,,,,,,,,
B,bolivia/tile28,56,14,control S2 patch variance,0.17011468167552607,0.13365959277669492,123.40657484390587,-0.03041972456463235,-0.05664426330458547,-0.05179013507925381,0.019500610812325764,,,,,,,,,,,,,,,
B,bolivia/tile28,56,14,control NDWI level,0.09921743509062811,0.06276234619179696,-0.20806220953269966,0.04047752202026561,0.014252983280312492,0.019107111505644148,0.09039785739722372,,,,,,,,,,,,,,,
B,bolivia/tile28,56,14,dihedral consistency (8 transforms),0.17023972776685725,0.1337846388680261,0.04039484797769027,-0.030544770655963532,-0.05676930939591665,-0.051915181170584995,0.01937556472099458,,0.8980861244019137,0.8602870813397131,0.5763126277850013,0.6278195488721807,,,,,,,,,,
B,bolivia/tile28,56,14,"boundary first, then confidence",0.10486385040865702,0.06840876150982589,1.424824617346939,0.034831106702236686,0.008606567962283568,0.013460696187615223,0.0847514420791948,,0.7809295967190707,0.816883116883117,0.8745152231154275,0.47737525632262484,,,,,,,,,,
B,bolivia/tile28,56,14,combination conf+dihedral (prereg),0.15687650468034914,0.120421415781518,0.5,-0.01718154756945542,-0.04340608630940854,-0.03855195808407688,0.032738787807502695,,,,,,,,,,,,,,,
B,bolivia/tile29,225,17,confidence (baseline),0.007189938899758073,0.004093243596700837,-5.150366676118638,0.0,0.0003743617909995932,0.05789652342057123,0.010414065905545025,,,,,,,,,,,,,,,
B,bolivia/tile29,225,17,tile-phase (aligned),0.007564300690757666,0.00446760538770043,0.014938519382170246,-0.0003743617909995932,0.0,0.05752216162957163,0.010039704114545432,,,,,,,,,,,,,,,
B,bolivia/tile29,225,17,boundary indicator,0.0650864623203293,0.06198976701727207,0.008888888888888889,-0.05789652342057123,-0.05752216162957163,0.0,-0.04748245751502621,,,,,,,,,,,,,,,
B,bolivia/tile29,225,17,control NDWI gradient,0.017604004805303098,0.014507309502245862,0.06175139743375867,-0.010414065905545025,-0.010039704114545432,0.04748245751502621,0.0,,,,,,,,,,,,,,,
B,bolivia/tile29,225,17,constant score,0.07555555555555556,0.07245886025249831,0.0,-0.06836561665579748,-0.06799125486479789,-0.010469093235226247,-0.05795155075025245,,,,,,,,,,,,,,,
B,bolivia/tile29,225,17,control S2 patch variance,0.012592333182981008,0.009495637879923772,27.5812698871004,-0.005402394283222935,-0.005028032492223342,0.05249412913734829,0.00501167162232209,,,,,,,,,,,,,,,
B,bolivia/tile29,225,17,control NDWI level,0.003436606412692499,0.0003399111096352636,-0.2081302992447898,0.0037533324870655735,0.004127694278065167,0.0616498559076368,0.014167398392610598,,,,,,,,,,,,,,,
B,bolivia/tile29,225,17,dihedral consistency (8 transforms),0.005245977494183133,0.002149282191125898,0.010110498582103496,0.0019439614055749392,0.0023183231965745324,0.05984048482614617,0.012358027311119964,,0.9164254108723139,0.9007174462705436,0.23724478702672902,0.6273946481247362,,,,,,,,,,
B,bolivia/tile29,225,17,"boundary first, then confidence",0.007956314609014727,0.004859619305957491,0.58,-0.000766375709256654,-0.00039201391825706075,0.057130147711314576,0.009647690196288371,,0.9793752633796883,0.8914506953223776,0.3394425414382433,0.6038611462284023,,,,,,,,,,
B,bolivia/tile29,225,17,combination conf+dihedral (prereg),0.005666868892897559,0.0025701735898403235,0.5000000000000001,0.0015230700068605135,0.0018974317978601067,0.05941959342743174,0.011937135912405538,,,,,,,,,,,,,,,
B,bolivia/tile30,225,39,confidence (baseline),0.04488341695679743,0.028524611124993614,-4.692149706549115,0.0,0.017329833334963313,0.060836713866056435,0.04689752929947941,,,,,,,,,,,,,,,
B,bolivia/tile30,225,39,tile-phase (aligned),0.062213250291760745,0.04585444445995693,0.06876770953554821,-0.017329833334963313,0.0,0.043506880531093126,0.029567695964516097,,,,,,,,,,,,,,,
B,bolivia/tile30,225,39,boundary indicator,0.10572013082285386,0.08936132499105005,0.15777777777777777,-0.060836713866056435,-0.043506880531093126,0.0,-0.013939184566577029,,,,,,,,,,,,,,,
B,bolivia/tile30,225,39,control NDWI gradient,0.09178094625627684,0.07542214042447302,0.055846193028585844,-0.04689752929947941,-0.029567695964516097,0.013939184566577029,0.0,,,,,,,,,,,,,,,
B,bolivia/tile30,225,39,constant score,0.17333333333333334,0.15697452750152951,0.0,-0.1284499163765359,-0.11112008304157259,-0.06761320251047946,-0.08155238707705649,,,,,,,,,,,,,,,
B,bolivia/tile30,225,39,control S2 patch variance,0.14389212688997027,0.12753332105816645,76.91964739520746,-0.09900870993317283,-0.08167887659820952,-0.038171996067116395,-0.052111180633693424,,,,,,,,,,,,,,,
B,bolivia/tile30,225,39,control NDWI level,0.023414761718751752,0.007055955886947938,-0.24191330316334983,0.021468655238045677,0.03879848857300899,0.08230536910410212,0.06836618453752509,,,,,,,,,,,,,,,
B,bolivia/tile30,225,39,dihedral consistency (8 transforms),0.05629127024454988,0.03993246441274606,0.04124135064646705,-0.011407853287752446,0.0059219800472108675,0.04942886057830399,0.035489676011726964,,0.9553160556257906,0.7979898862199745,0.4883356702844277,0.2576748841129372,,,,,,,,,,
B,bolivia/tile30,225,39,"boundary first, then confidence",0.05791912200598043,0.04156031617417662,1.4866666666666666,-0.013035705049183003,0.00429412828578031,0.047801008816873436,0.03386182425029641,,0.8384966287399922,0.8437041719342613,0.8439959225531424,0.389010745891277,,,,,,,,,,
B,bolivia/tile30,225,39,combination conf+dihedral (prereg),0.050342458077876795,0.033983652246072985,0.5,-0.00545904112107937,0.011870792213883943,0.05537767274497707,0.04143848817840004,,,,,,,,,,,,,,,
B,bolivia/tile31,225,24,confidence (baseline),0.008777460140618485,0.002638103336213598,-8.17337769349416,0.0,0.0013442541790487407,0.05782663985761889,0.005446970930193374,,,,,,,,,,,,,,,
B,bolivia/tile31,225,24,tile-phase (aligned),0.010121714319667225,0.003982357515262339,0.015693292914741808,-0.0013442541790487407,0.0,0.056482385678570154,0.004102716751144634,,,,,,,,,,,,,,,
B,bolivia/tile31,225,24,boundary indicator,0.06660409999823738,0.06046474319383249,0.03222222222222222,-0.05782663985761889,-0.056482385678570154,0.0,-0.05237966892742552,,,,,,,,,,,,,,,
B,bolivia/tile31,225,24,control NDWI gradient,0.014224431070811859,0.008085074266406972,0.049442611387701896,-0.005446970930193374,-0.004102716751144634,0.05237966892742552,0.0,,,,,,,,,,,,,,,
B,bolivia/tile31,225,24,constant score,0.10666666666666667,0.10052730986226179,0.0,-0.09788920652604818,-0.09654495234699945,-0.04006256666842929,-0.09244223559585481,,,,,,,,,,,,,,,
B,bolivia/tile31,225,24,control S2 patch variance,0.01207656635942712,0.005937209555022234,31.878110726449822,-0.0032991062188086357,-0.001954852039759895,0.05452753363881026,0.0021478647113847386,,,,,,,,,,,,,,,
B,bolivia/tile31,225,24,control NDWI level,0.006804548092941423,0.0006651912885365365,-0.4012361253185683,0.0019729120476770614,0.003317166226725802,0.059799551905295956,0.007419882977870436,,,,,,,,,,,,,,,
B,bolivia/tile31,225,24,dihedral consistency (8 transforms),0.008854562193727983,0.0027152053893230964,0.00781760986068548,-7.710205310949847e-05,0.0012671521259392422,0.05774953780450939,0.005369868877083876,,0.8859776654024438,0.711773072060683,0.4642128881183623,0.39747787610619467,,,,,,,,,,
B,bolivia/tile31,225,24,"boundary first, then confidence",0.01062495216192569,0.004485595357520803,0.6955555555555556,-0.0018474920213072052,-0.0005032378422584645,0.05597914783631169,0.003599478908886169,,0.9959787189211967,0.7072408343868518,0.5149197568481227,0.29180783817951955,,,,,,,,,,
B,bolivia/tile31,225,24,combination conf+dihedral (prereg),0.008775459983169325,0.002636103178764438,0.49999999999999994,2.0001574491598784e-06,0.0013462543364979006,0.05782864001506806,0.005448971087642534,,,,,,,,,,,,,,,
B,bolivia/tile33,217,20,confidence (baseline),0.008981764112034973,0.004385614423857411,-7.150983421483897,0.0,0.0008682302551792209,0.01861306046637408,0.018367163466125706,,,,,,,,,,,,,,,
B,bolivia/tile33,217,20,tile-phase (aligned),0.009849994367214194,0.005253844679036632,0.03875555762017264,-0.0008682302551792209,0.0,0.017744830211194856,0.017498933210946484,,,,,,,,,,,,,,,
B,bolivia/tile33,217,20,boundary indicator,0.02759482457840905,0.02299867489023149,0.08986175115207373,-0.01861306046637408,-0.017744830211194856,0.0,-0.00024589700024837263,,,,,,,,,,,,,,,
B,bolivia/tile33,217,20,control NDWI gradient,0.027348927578160678,0.022752777889983117,0.07167997237483595,-0.018367163466125706,-0.017498933210946484,0.00024589700024837263,0.0,,,,,,,,,,,,,,,
B,bolivia/tile33,217,20,constant score,0.09216589861751152,0.08756974892933396,0.0,-0.08318413450547654,-0.08231590425029733,-0.06457107403910248,-0.06481697103935084,,,,,,,,,,,,,,,
B,bolivia/tile33,217,20,control S2 patch variance,0.010552840990672212,0.00595669130249465,61.7534906189795,-0.0015710768786372387,-0.0007028466234580179,0.01704198358773684,0.016796086587488466,,,,,,,,,,,,,,,
B,bolivia/tile33,217,20,control NDWI level,0.017127417568212774,0.012531267880035214,-0.32515706887472096,-0.008145653456177803,-0.007277423200998581,0.010467407010196276,0.010221510009947903,,,,,,,,,,,,,,,
B,bolivia/tile33,217,20,dihedral consistency (8 transforms),0.00938488842910639,0.0047887387409288286,0.014888011117676176,-0.00040312431707141723,0.0004651059381078036,0.01820993614930266,0.017964039149054287,,0.94942502008202,0.902652705552972,0.6782922993513163,0.6929705886497837,,,,,,,,,,
B,bolivia/tile33,217,20,"boundary first, then confidence",0.011559323731089262,0.0069631740429117,1.045938940092166,-0.002577559619054289,-0.001709329363875068,0.01603550084731979,0.015789603847071416,,0.9795868036471765,0.8914102979654912,0.7764558123613147,0.6449264129051047,,,,,,,,,,
B,bolivia/tile33,217,20,combination conf+dihedral (prereg),0.009068932602374485,0.004472782914196924,0.5000000000000001,-8.716849033951236e-05,0.0007810617648397085,0.018525891976034565,0.018279994975786192,,,,,,,,,,,,,,,
B,bolivia/tile34,153,13,confidence (baseline),0.007597834415594395,0.0036042594017546324,-5.475780145599951,0.0,0.002281202747815632,0.014202648555060655,0.033682363827277684,,,,,,,,,,,,,,,
B,bolivia/tile34,153,13,tile-phase (aligned),0.009879037163410027,0.005885462149570264,0.041772544488695634,-0.002281202747815632,0.0,0.011921445807245024,0.03140116107946205,,,,,,,,,,,,,,,
B,bolivia/tile34,153,13,boundary indicator,0.02180048297065505,0.017806907956815287,0.09477124183006536,-0.014202648555060655,-0.011921445807245024,0.0,0.019479715272217032,,,,,,,,,,,,,,,
B,bolivia/tile34,153,13,control NDWI gradient,0.04128019824287208,0.03728662322903232,0.04179168832273487,-0.033682363827277684,-0.03140116107946205,-0.019479715272217032,0.0,,,,,,,,,,,,,,,
B,bolivia/tile34,153,13,constant score,0.08496732026143793,0.08097374524759816,0.0,-0.07736948584584354,-0.0750882830980279,-0.06316683729078287,-0.043687122018565845,,,,,,,,,,,,,,,
B,bolivia/tile34,153,13,control S2 patch variance,0.011119102500968682,0.007125527487128919,65.48512908241814,-0.0035212680853742868,-0.001240065337558655,0.010681380469686367,0.0301610957419034,,,,,,,,,,,,,,,
B,bolivia/tile34,153,13,control NDWI level,0.010128185224525296,0.006134610210685533,-0.35107619539363366,-0.0025303508089309003,-0.0002491480611152685,0.011672297746129753,0.031152013018346785,,,,,,,,,,,,,,,
B,bolivia/tile34,153,13,dihedral consistency (8 transforms),0.008201454306603021,0.004207879292763258,0.02407867579855591,-0.0006036198910086259,0.001677582856807006,0.013599028664052028,0.03307874393626906,,0.9266548724753056,0.8594480854542772,0.6188738643579269,0.5897162692828329,,,,,,,,,,
B,bolivia/tile34,153,13,"boundary first, then confidence",0.009153090326197101,0.005159515312357339,0.9353116246498598,-0.0015552559106027063,0.0007259468372129256,0.01264739264445795,0.03212710791667498,,0.9370887110825191,0.8499189149343943,0.7694575372750476,0.495731306876818,,,,,,,,,,
B,bolivia/tile34,153,13,combination conf+dihedral (prereg),0.007753653023954592,0.003760078010114829,0.5,-0.0001558186083601967,0.002125384139455435,0.014046829946700458,0.033526545218917486,,,,,,,,,,,,,,,
B,bolivia/tile35,148,17,confidence (baseline),0.025714976674823448,0.01846270529171145,-4.420992046191886,0.0,-0.008485868274382436,-0.0076407415532392855,0.06366968859796182,,,,,,,,,,,,,,,
B,bolivia/tile35,148,17,tile-phase (aligned),0.01722910840044101,0.009976837017329014,0.06219251006065885,0.008485868274382436,0.0,0.0008451267211431503,0.07215555687234425,,,,,,,,,,,,,,,
B,bolivia/tile35,148,17,boundary indicator,0.01807423512158416,0.010821963738472164,0.1554054054054054,0.0076407415532392855,-0.0008451267211431503,0.0,0.0713104301512011,,,,,,,,,,,,,,,
B,bolivia/tile35,148,17,control NDWI gradient,0.08938466527278525,0.08213239388967326,0.04529031436120063,-0.06366968859796182,-0.07215555687234425,-0.0713104301512011,0.0,,,,,,,,,,,,,,,
B,bolivia/tile35,148,17,constant score,0.11486486486486489,0.1076125934817529,0.0,-0.08914988819004144,-0.09763575646442388,-0.09679062974328073,-0.02548019959207963,,,,,,,,,,,,,,,
B,bolivia/tile35,148,17,control S2 patch variance,0.014616544168817375,0.007364272785705379,74.36299312987936,0.01109843250600607,0.0026125642316236347,0.003457690952766785,0.07476812110396788,,,,,,,,,,,,,,,
B,bolivia/tile35,148,17,control NDWI level,0.014916232297068507,0.00766396091395651,-0.25502627693099866,0.01079874437775494,0.0023128761033725034,0.0031580028245156537,0.07446843297571676,,,,,,,,,,,,,,,
B,bolivia/tile35,148,17,dihedral consistency (8 transforms),0.02423360222506018,0.01698133084194818,0.03136662417376568,0.0014813744497632689,-0.007004493824619167,-0.006159367103476017,0.06515106304772508,,0.9593909756901131,0.8780507668331248,0.7394851130424669,0.5870687836172016,,,,,,,,,,
B,bolivia/tile35,148,17,"boundary first, then confidence",0.02452648247616721,0.017274211093055214,1.3526785714285714,0.0011884941986562356,-0.0072973740757262,-0.00645224735458305,0.06485818279661805,,0.9502511688513601,0.9139436656215176,0.8563973813943825,0.53392537860419,,,,,,,,,,
B,bolivia/tile35,148,17,combination conf+dihedral (prereg),0.024917892775440372,0.017665621392328378,0.5,0.000797083899383072,-0.007688784374999364,-0.0068436576538562135,0.06446677249734489,,,,,,,,,,,,,,,
B,bolivia/tile37,225,13,confidence (baseline),0.009169994745327127,0.007339551449166482,-3.541825314230389,0.0,-0.00280355398523218,-0.006833566149605572,0.08333343364404233,,,,,,,,,,,,,,,
B,bolivia/tile37,225,13,tile-phase (aligned),0.006366440760094947,0.004535997463934302,0.042839028949124947,0.00280355398523218,0.0,-0.004030012164373392,0.0861369876292745,,,,,,,,,,,,,,,
B,bolivia/tile37,225,13,boundary indicator,0.002336428595721555,0.0005059852995609104,0.07555555555555556,0.006833566149605572,0.004030012164373392,0.0,0.09016699979364791,,,,,,,,,,,,,,,
B,bolivia/tile37,225,13,control NDWI gradient,0.09250342838936945,0.09067298509320881,0.03729675070705456,-0.08333343364404233,-0.0861369876292745,-0.09016699979364791,0.0,,,,,,,,,,,,,,,
B,bolivia/tile37,225,13,constant score,0.05777777777777779,0.05594733448161714,0.0,-0.04860778303245066,-0.05141133701768284,-0.05544134918205623,0.03472565061159167,,,,,,,,,,,,,,,
B,bolivia/tile37,225,13,control S2 patch variance,0.003574745852487313,0.0017443025563266684,40.21708401798554,0.005595248892839814,0.002791694907607634,-0.001238317256765758,0.08892868253688214,,,,,,,,,,,,,,,
B,bolivia/tile37,225,13,control NDWI level,0.007887986262856346,0.006057542966695701,-0.18713518077606894,0.0012820084824707815,-0.0015215455027613985,-0.0055515576671347905,0.08461544212651312,,,,,,,,,,,,,,,
B,bolivia/tile37,225,13,dihedral consistency (8 transforms),0.008726237963197093,0.006895794667036448,0.03779420156937299,0.00044375678213003436,-0.0023597972031021456,-0.006389809367475538,0.08377719042617236,,0.9169068689422667,0.8617983565107455,0.563054694413661,-0.06248525073746309,,,,,,,,,,
B,bolivia/tile37,225,13,"boundary first, then confidence",0.005711139784070592,0.003880696487909947,0.98,0.0034588549612565352,0.0006553009760243552,-0.0033747111883490367,0.08679228860529886,,0.9513032026970084,0.8673209018120518,0.7406172282767002,-0.07684471133586172,,,,,,,,,,
B,bolivia/tile37,225,13,combination conf+dihedral (prereg),0.00868317569818202,0.006852732402021376,0.5,0.0004868190471451067,-0.0023167349380870733,-0.006346747102460465,0.08382025269118744,,,,,,,,,,,,,,,
B,bolivia/tile38,225,24,confidence (baseline),0.03644334857646947,0.03030399177206458,-4.186577920251422,0.0,-0.015085803985731972,-0.020789453198413146,0.042266480290048175,,,,,,,,,,,,,,,
B,bolivia/tile38,225,24,tile-phase (aligned),0.021357544590737496,0.01521818778633261,0.05813681896122742,0.015085803985731972,0.0,-0.005703649212681173,0.057352284275780145,,,,,,,,,,,,,,,
B,bolivia/tile38,225,24,boundary indicator,0.015653895378056323,0.009514538573651437,0.13444444444444445,0.020789453198413146,0.005703649212681173,0.0,0.06305593348846132,,,,,,,,,,,,,,,
B,bolivia/tile38,225,24,control NDWI gradient,0.07870982886651764,0.07257047206211276,0.05690100534600243,-0.042266480290048175,-0.057352284275780145,-0.06305593348846132,0.0,,,,,,,,,,,,,,,
B,bolivia/tile38,225,24,constant score,0.10666666666666667,0.10052730986226179,0.0,-0.0702233180901972,-0.08530912207592918,-0.09101277128861035,-0.02795683780014903,,,,,,,,,,,,,,,
B,bolivia/tile38,225,24,control S2 patch variance,0.07166246406626699,0.0655231072618621,106.29700085385903,-0.03521911548979752,-0.05030491947552949,-0.056008568688210664,0.007047364800250658,,,,,,,,,,,,,,,
B,bolivia/tile38,225,24,control NDWI level,0.028811490300111323,0.02267213349570644,-0.20735774691347175,0.007631858276358143,-0.007453945709373829,-0.013157594922055002,0.04989833856640632,,,,,,,,,,,,,,,
B,bolivia/tile38,225,24,dihedral consistency (8 transforms),0.03327982651875105,0.02714046971434616,0.0366181798564503,0.0031635220577184223,-0.01192228192801355,-0.017625931140694724,0.0454300023477666,,0.9388948588284872,0.8707332490518334,0.649059592244865,0.38971238938053104,,,,,,,,,,
B,bolivia/tile38,225,24,"boundary first, then confidence",0.022530055705946194,0.01639069890154131,1.3177777777777777,0.013913292870523272,-0.0011725111152086996,-0.0068761603278898725,0.05617977316057145,,0.9037821323219551,0.9039928360724826,0.8451561240382157,0.4062579013906445,,,,,,,,,,
B,bolivia/tile38,225,24,combination conf+dihedral (prereg),0.03360658183782112,0.027467225033416233,0.5,0.0028367667386483483,-0.012249037247083623,-0.017952686459764798,0.04510324702869652,,,,,,,,,,,,,,,
B,bolivia/tile39,36,8,confidence (baseline),0.07716610554904114,0.047356894971029725,-2.6340449535184436,0.0,0.005886838449999515,-0.008535097756188825,0.14690174450675592,,,,,,,,,,,,,,,
B,bolivia/tile39,36,8,tile-phase (aligned),0.08305294399904066,0.05324373342102924,0.09516753740091291,-0.005886838449999515,0.0,-0.01442193620618834,0.14101490605675637,,,,,,,,,,,,,,,
B,bolivia/tile39,36,8,boundary indicator,0.06863100779285232,0.0388217972148409,0.3020833333333333,0.008535097756188825,0.01442193620618834,0.0,0.15543684226294474,,,,,,,,,,,,,,,
B,bolivia/tile39,36,8,control NDWI gradient,0.22406785005579705,0.19425863947778563,0.07075753038487569,-0.14690174450675592,-0.14101490605675637,-0.15543684226294474,0.0,,,,,,,,,,,,,,,
B,bolivia/tile39,36,8,constant score,0.2222222222222222,0.1924130116442108,0.0,-0.14505611667318108,-0.13916927822318154,-0.1535912144293699,0.0018456278335748366,,,,,,,,,,,,,,,
B,bolivia/tile39,36,8,control S2 patch variance,0.08082526121356144,0.05101605063555002,111.1573403744202,-0.003659155664520297,0.002227682785479218,-0.012194253420709122,0.14324258884223562,,,,,,,,,,,,,,,
B,bolivia/tile39,36,8,control NDWI level,0.12219605489928068,0.09238684432126926,-0.19792319452086665,-0.04502994935023953,-0.039143110900240016,-0.05356504710642836,0.10187179515651637,,,,,,,,,,,,,,,
B,bolivia/tile39,36,8,dihedral consistency (8 transforms),0.10620481339167467,0.07639560281366325,0.06600160662653959,-0.02903870784263353,-0.023151869392634014,-0.037573805598822355,0.11786303666412237,,0.8947232947232946,0.6746460746460745,0.5431009795436939,0.1796653796653796,,,,,,,,,,
B,bolivia/tile39,36,8,"boundary first, then confidence",0.067783145138741,0.037973934560729575,2.0275297619047614,0.00938296041030015,0.015269798860299666,0.0008478626541113254,0.15628470491705604,,0.8496782496782499,0.6527670527670528,0.7059007202867195,0.2514800514800515,,,,,,,,,,
B,bolivia/tile39,36,8,combination conf+dihedral (prereg),0.09031219433538545,0.060502983757374035,0.5,-0.01314608878634431,-0.007259250336344794,-0.021681186542533135,0.1337556557204116,,,,,,,,,,,,,,,
B,bolivia/tile41,52,9,confidence (baseline),0.04332302487536518,0.02574512476212952,-4.332341829171548,0.0,-0.0011352350889858795,0.0565571719238019,0.028465537420953972,,,,,,,,,,,,,,,
B,bolivia/tile41,52,9,tile-phase (aligned),0.0421877897863793,0.02460988967314364,0.05707053107275547,0.0011352350889858795,0.0,0.05769240701278778,0.02960077250993985,,,,,,,,,,,,,,,
B,bolivia/tile41,52,9,boundary indicator,0.09988019679916708,0.08230229668593142,0.12980769230769232,-0.0565571719238019,-0.05769240701278778,0.0,-0.028091634502847927,,,,,,,,,,,,,,,
B,bolivia/tile41,52,9,control NDWI gradient,0.07178856229631915,0.05421066218308349,0.06287895165394951,-0.028465537420953972,-0.02960077250993985,0.028091634502847927,0.0,,,,,,,,,,,,,,,
B,bolivia/tile41,52,9,constant score,0.1730769230769231,0.15549902296368745,0.0,-0.12975389820155792,-0.1308891332905438,-0.07319672627775603,-0.10128836078060396,,,,,,,,,,,,,,,
B,bolivia/tile41,52,9,control S2 patch variance,0.07028482080970987,0.05270692069647421,120.00481058150737,-0.02696179593434469,-0.028097031023330568,0.02959537598945721,0.0015037414866092835,,,,,,,,,,,,,,,
B,bolivia/tile41,52,9,control NDWI level,0.07762486716420836,0.0600469670509727,-0.2633770180552928,-0.03430184228884318,-0.03543707737782906,0.022255329634958722,-0.0058363048678892054,,,,,,,,,,,,,,,
B,bolivia/tile41,52,9,dihedral consistency (8 transforms),0.0433401702926474,0.02576227017941174,0.03193816765213761,-1.7145417282218856e-05,-0.0011523805062680983,0.05654002650651968,0.028448392003671753,,0.9390420899854861,0.8287373004354134,0.6512821669219854,0.42713224622214646,,,,,,,,,,
B,bolivia/tile41,52,9,"boundary first, then confidence",0.05835108423168673,0.04077318411845107,1.0069539835164836,-0.015028059356321552,-0.01616329444530743,0.04152911256748035,0.01343747806463242,,0.8991718603261333,0.8764620507128829,0.857449051957675,0.3964825407666698,,,,,,,,,,
B,bolivia/tile41,52,9,combination conf+dihedral (prereg),0.04438745014080122,0.026809550027565562,0.5,-0.001064425265436042,-0.0021996603544219215,0.05549274665836586,0.02740111215551793,,,,,,,,,,,,,,,
B,bolivia/tile43,225,6,confidence (baseline),0.0004985560566982681,8.062691543755203e-05,-8.018126655154758,0.0,0.00014152383153608387,0.022170948745990394,0.006733374808257536,,,,,,,,,,,,,,,
B,bolivia/tile43,225,6,tile-phase (aligned),0.000640079888234352,0.0002221507469736359,0.003223584371517063,-0.00014152383153608387,0.0,0.02202942491445431,0.006591850976721453,,,,,,,,,,,,,,,
B,bolivia/tile43,225,6,boundary indicator,0.022669504802688662,0.022251575661427946,0.005555555555555556,-0.022170948745990394,-0.02202942491445431,0.0,-0.015437573937732858,,,,,,,,,,,,,,,
B,bolivia/tile43,225,6,control NDWI gradient,0.007231930864955804,0.006814001723695088,0.033053938997118684,-0.006733374808257536,-0.006591850976721453,0.015437573937732858,0.0,,,,,,,,,,,,,,,
B,bolivia/tile43,225,6,constant score,0.02666666666666667,0.026248737525405953,0.0,-0.0261681106099684,-0.026026586778432316,-0.003997161863978006,-0.019434735801710866,,,,,,,,,,,,,,,
B,bolivia/tile43,225,6,control S2 patch variance,0.0014649333432457884,0.0010470042019850724,13.493333009063036,-0.0009663772865475203,-0.0008248534550114365,0.021204571459442875,0.005766997521710016,,,,,,,,,,,,,,,
B,bolivia/tile43,225,6,control NDWI level,0.0006405379985893262,0.00022260885732861013,-0.4150015904471266,-0.0001419819418910581,-4.581103549742378e-07,0.022028966804099336,0.006591392866366478,,,,,,,,,,,,,,,
B,bolivia/tile43,225,6,dihedral consistency (8 transforms),0.0005184863008437589,0.00010055715958304289,0.004006964990063959,-1.993024414549086e-05,0.000121593587390593,0.022151018501844904,0.006713444564112045,,0.6883965444584913,0.5893025705857571,0.21751971051970456,0.05612199747155491,,,,,,,,,,
B,bolivia/tile43,225,6,"boundary first, then confidence",0.0007408174120178063,0.00032288827075709027,0.5355555555555556,-0.00024226135531953824,-0.00010073752378345437,0.021928687390670856,0.006491113452937998,,0.9998988621997471,0.5102054361567637,0.22889071804925293,-0.23526654024441632,,,,,,,,,,
B,bolivia/tile43,225,6,combination conf+dihedral (prereg),0.0004586107679672265,4.068162670651046e-05,0.5,3.994528873104157e-05,0.00018146912026712543,0.022210894034721436,0.006773320096988578,,,,,,,,,,,,,,,
B,bolivia/tile44,181,23,confidence (baseline),0.030781759458256026,0.021992286169736676,-3.6193396911765987,0.0,0.0018085859225110794,0.017617031311639393,0.10866496233983533,,,,,,,,,,,,,,,
B,bolivia/tile44,181,23,tile-phase (aligned),0.032590345380767105,0.023800872092247755,0.04925329325262725,-0.0018085859225110794,0.0,0.015808445389128314,0.10685637641732425,,,,,,,,,,,,,,,
B,bolivia/tile44,181,23,boundary indicator,0.048398790769895415,0.03960931748137607,0.09599447513812155,-0.017617031311639393,-0.015808445389128314,0.0,0.09104793102819593,,,,,,,,,,,,,,,
B,bolivia/tile44,181,23,control NDWI gradient,0.13944672179809134,0.130657248509572,0.04581466662085872,-0.10866496233983533,-0.10685637641732425,-0.09104793102819593,0.0,,,,,,,,,,,,,,,
B,bolivia/tile44,181,23,constant score,0.1270718232044199,0.11828234991590054,0.0,-0.09629006374616386,-0.09448147782365279,-0.07867303243452448,0.012374898593671455,,,,,,,,,,,,,,,
B,bolivia/tile44,181,23,control S2 patch variance,0.12535516708851474,0.11656569379999539,62.051259053792585,-0.0945734076302587,-0.09276482170774764,-0.07695637631861932,0.014091554709576612,,,,,,,,,,,,,,,
B,bolivia/tile44,181,23,control NDWI level,0.03548820806494783,0.026698734776428482,-0.1626398103730677,-0.004706448606691806,-0.002897862684180727,0.012910582704947587,0.10395851373314352,,,,,,,,,,,,,,,
B,bolivia/tile44,181,23,dihedral consistency (8 transforms),0.0392396230605766,0.03045014977205725,0.049796634955953635,-0.008457863602320575,-0.0066492776798094955,0.009159167709318818,0.10020709873751475,,0.9177625321271733,0.8301762694027889,0.5499716182943158,-0.07322769311719583,,,,,,,,,,
B,bolivia/tile44,181,23,"boundary first, then confidence",0.03018833066982526,0.02139885738130591,1.187894632991318,0.0005934287884307651,0.0024020147109418445,0.018210460100070158,0.10925839112826609,,0.9150365288486839,0.9009248578309356,0.8230892154657763,-0.007542549531499777,,,,,,,,,,
B,bolivia/tile44,181,23,combination conf+dihedral (prereg),0.03354282327328532,0.024753349984765968,0.5,-0.0027610638150292917,-0.0009524778925182123,0.014855967496610101,0.10590389852480603,,,,,,,,,,,,,,,
B,bolivia/tile45,42,16,confidence (baseline),0.42959892483882006,0.3410370284403827,-1.7813387584118616,0.0,-0.051924861797297384,-0.11045849643652106,-0.0668620393920572,,,,,,,,,,,,,,,
B,bolivia/tile45,42,16,tile-phase (aligned),0.3776740630415227,0.2891121666430853,0.10498009163088032,0.051924861797297384,0.0,-0.058533634639223675,-0.01493717759475982,,,,,,,,,,,,,,,
B,bolivia/tile45,42,16,boundary indicator,0.319140428402299,0.23057853200386164,0.2648809523809524,0.11045849643652106,0.058533634639223675,0.0,0.043596457044463854,,,,,,,,,,,,,,,
B,bolivia/tile45,42,16,control NDWI gradient,0.36273688544676286,0.2741749890483255,0.03601647571008918,0.0668620393920572,0.01493717759475982,-0.043596457044463854,0.0,,,,,,,,,,,,,,,
B,bolivia/tile45,42,16,constant score,0.38095238095238093,0.29239048455394356,0.0,0.04864654388643913,-0.0032783179108582527,-0.06181195255008193,-0.018215495505618073,,,,,,,,,,,,,,,
B,bolivia/tile45,42,16,control S2 patch variance,0.16079421213260653,0.07223231573416918,140.6460247524145,0.26880471270621353,0.21687985090891615,0.15834621626969247,0.20194267331415633,,,,,,,,,,,,,,,
B,bolivia/tile45,42,16,control NDWI level,0.1771863671266558,0.08862447072821845,-0.1323342888996159,0.25241255771216425,0.20048769591486687,0.1419540612756432,0.18555051832010705,,,,,,,,,,,,,,,
B,bolivia/tile45,42,16,dihedral consistency (8 transforms),0.3556126097688673,0.26705071337042996,0.09046179188104968,0.07398631506995273,0.02206145327265535,-0.036472181366568324,0.007124275677895531,,0.7126651000729275,0.4872376630743052,0.5027027231444646,0.09666963779272343,,,,,,,,,,
B,bolivia/tile45,42,16,"boundary first, then confidence",0.34063642374765174,0.2520745273492144,2.3540603741496597,0.08896250109116832,0.03703763929387094,-0.021495995345352736,0.022100461699111118,,0.9173486751478808,0.5742646463009481,0.7238523124463632,0.2718580341949599,,,,,,,,,,
B,bolivia/tile45,42,16,combination conf+dihedral (prereg),0.39619378686708534,0.307631890468648,0.5,0.03340513797173472,-0.01851972382556266,-0.07705335846478634,-0.03345690142032248,,,,,,,,,,,,,,,
B,bolivia/tile46,31,18,confidence (baseline),0.6563295467885246,0.4309246669154906,-1.906812584207904,0.0,-0.0024976268297340898,-0.044531823186914066,0.0974831613193079,,,,,,,,,,,,,,,
B,bolivia/tile46,31,18,tile-phase (aligned),0.6538319199587905,0.4284270400857565,0.0744131087445684,0.0024976268297340898,0.0,-0.042034196357179976,0.09998078814904199,,,,,,,,,,,,,,,
B,bolivia/tile46,31,18,boundary indicator,0.6117977236016106,0.3863928437285765,0.18548387096774194,0.044531823186914066,0.042034196357179976,0.0,0.14201498450622196,,,,,,,,,,,,,,,
B,bolivia/tile46,31,18,control NDWI gradient,0.7538127081078325,0.5284078282347985,0.03135574282110755,-0.0974831613193079,-0.09998078814904199,-0.14201498450622196,0.0,,,,,,,,,,,,,,,
B,bolivia/tile46,31,18,constant score,0.5806451612903227,0.3552402814172887,0.0,0.07568438549820189,0.0731867586684678,0.031152562311287824,0.1731675468175098,,,,,,,,,,,,,,,
B,bolivia/tile46,31,18,control S2 patch variance,0.33033734116461183,0.1049324612915778,98.66135302882888,0.3259922056239128,0.3234945787941787,0.2814603824369987,0.4234753669432207,,,,,,,,,,,,,,,
B,bolivia/tile46,31,18,control NDWI level,0.2839141092501352,0.05850922937710118,-0.12039463765723181,0.3724154375383894,0.3699178107086553,0.32788361435147534,0.4698985988576973,,,,,,,,,,,,,,,
B,bolivia/tile46,31,18,dihedral consistency (8 transforms),0.7169181332113715,0.4915132533383375,0.08001127244243698,-0.060588586422846924,-0.06308621325258101,-0.10512040960976099,0.036894574896460974,,0.772983870967742,0.7052419354838709,0.6524597636274361,0.4254032258064516,,,,,,,,,,
B,bolivia/tile46,31,18,"boundary first, then confidence",0.6331116356673877,0.40770675579435367,1.7511520737327189,0.023217911121136914,0.020720284291402824,-0.021313912065777152,0.12070107244044481,,0.931451612903226,0.8814516129032259,0.8490914732137864,0.5278225806451611,,,,,,,,,,
B,bolivia/tile46,31,18,combination conf+dihedral (prereg),0.6992165325671861,0.47381165269415204,0.49999999999999994,-0.04288698577866146,-0.04538461260839555,-0.08741880896557552,0.05459617554064644,,,,,,,,,,,,,,,
B,bolivia/tile49,225,6,confidence (baseline),0.0006609253584262273,0.00024299621716551126,-6.695471233791775,0.0,0.00014239200384399237,0.013230784377889151,0.0021373907965074224,,,,,,,,,,,,,,,
B,bolivia/tile49,225,6,tile-phase (aligned),0.0008033173622702197,0.00038538822100950363,0.008733396515453932,-0.00014239200384399237,0.0,0.01308839237404516,0.00199499879266343,,,,,,,,,,,,,,,
B,bolivia/tile49,225,6,boundary indicator,0.013891709736315379,0.013473780595054663,0.0077777777777777776,-0.013230784377889151,-0.01308839237404516,0.0,-0.01109339358138173,,,,,,,,,,,,,,,
B,bolivia/tile49,225,6,control NDWI gradient,0.00279831615493365,0.0023803870136729337,0.06237302903727109,-0.0021373907965074224,-0.00199499879266343,0.01109339358138173,0.0,,,,,,,,,,,,,,,
B,bolivia/tile49,225,6,constant score,0.02666666666666667,0.026248737525405953,0.0,-0.026005741308240442,-0.02586334930439645,-0.01277495693035129,-0.02386835051173302,,,,,,,,,,,,,,,
B,bolivia/tile49,225,6,control S2 patch variance,0.0011687859538519257,0.0007508568125912096,28.738885080245726,-0.0005078605954256984,-0.000365468591581706,0.012722923782463454,0.001629530201081724,,,,,,,,,,,,,,,
B,bolivia/tile49,225,6,control NDWI level,0.0007630669237445625,0.0003451377824838464,-0.3754176605743741,-0.00010214156531833515,4.025043852565722e-05,0.013128642812570817,0.0020352492311890872,,,,,,,,,,,,,,,
B,bolivia/tile49,225,6,dihedral consistency (8 transforms),0.0005399757256796486,0.00012204658441893252,0.005813003843019639,0.00012094963274657874,0.0002633416365905711,0.01335173401063573,0.0022583404292540014,,0.8618794774546987,0.7932163927517909,0.2534371948502325,0.4047597977243996,,,,,,,,,,
B,bolivia/tile49,225,6,"boundary first, then confidence",0.0007234877100539442,0.00030555856879322817,0.5533333333333333,-6.256235162771691e-05,7.982965221627546e-05,0.013168222026261434,0.0020748284448797055,,0.9988916982722286,0.7173893805309735,0.2790468638012938,0.19639801938474505,,,,,,,,,,
B,bolivia/tile49,225,6,combination conf+dihedral (prereg),0.0005394196835867787,0.00012149054232606267,0.5,0.00012150567483944859,0.00026389767868344096,0.0133522900527286,0.002258896471346871,,,,,,,,,,,,,,,
B,bolivia/tile50,225,11,confidence (baseline),0.005787808424956038,0.004464304234715906,-4.915198202662998,0.0,-0.00014362383747396328,0.01609244276571387,0.032212002558856874,,,,,,,,,,,,,,,
B,bolivia/tile50,225,11,tile-phase (aligned),0.005644184587482075,0.004320680397241943,0.028167051103923264,0.00014362383747396328,0.0,0.016236066603187833,0.03235562639633084,,,,,,,,,,,,,,,
B,bolivia/tile50,225,11,boundary indicator,0.021880251190669907,0.020556747000429774,0.03888888888888889,-0.01609244276571387,-0.016236066603187833,0.0,0.016119559793143008,,,,,,,,,,,,,,,
B,bolivia/tile50,225,11,control NDWI gradient,0.037999810983812915,0.03667630679357278,0.07083575381770504,-0.032212002558856874,-0.03235562639633084,-0.016119559793143008,0.0,,,,,,,,,,,,,,,
B,bolivia/tile50,225,11,constant score,0.04888888888888887,0.04756538469864874,0.0,-0.04310108046393283,-0.0432447043014068,-0.027008637698218964,-0.010889077905075956,,,,,,,,,,,,,,,
B,bolivia/tile50,225,11,control S2 patch variance,0.015307025497859209,0.013983521307619077,32.3783112039863,-0.00951921707290317,-0.009662840910377134,0.006573225692810698,0.022692785485953708,,,,,,,,,,,,,,,
B,bolivia/tile50,225,11,control NDWI level,0.0048463547703086795,0.003522850580068547,-0.23053033820601304,0.000941453654647359,0.0007978298171733957,0.017033896420361228,0.03315345621350423,,,,,,,,,,,,,,,
B,bolivia/tile50,225,11,dihedral consistency (8 transforms),0.005669655249673601,0.004346151059433469,0.019797841578288677,0.00011815317528243718,-2.54706621915261e-05,0.016210595940996306,0.03233015573413931,,0.9390718499789302,0.9071849978929626,0.5308611281951106,-0.1631194690265487,,,,,,,,,,
B,bolivia/tile50,225,11,"boundary first, then confidence",0.006018227506974058,0.004694723316733926,0.7666666666666667,-0.00023041908201801992,-0.0003740429194919832,0.01586202368369585,0.031981583476838854,,0.9898166877370421,0.8915781710914459,0.5891348029420571,-0.25750526759376313,,,,,,,,,,
B,bolivia/tile50,225,11,combination conf+dihedral (prereg),0.005540862699520452,0.004217358509280319,0.5,0.00024694572543558675,0.00010332188796162347,0.016339388491149454,0.032458948284292466,,,,,,,,,,,,,,,
B,bolivia/tile51,225,23,confidence (baseline),0.013661620553255647,0.008022399618812261,-4.667201431790987,0.0,0.008014559256132824,0.037191637580719666,0.07899701476439328,,,,,,,,,,,,,,,
B,bolivia/tile51,225,23,tile-phase (aligned),0.02167617980938847,0.016036958874945086,0.04246256563544092,-0.008014559256132824,0.0,0.029177078324586846,0.07098245550826046,,,,,,,,,,,,,,,
B,bolivia/tile51,225,23,boundary indicator,0.050853258133975315,0.04521403719953193,0.09555555555555556,-0.037191637580719666,-0.029177078324586846,0.0,0.04180537718367361,,,,,,,,,,,,,,,
B,bolivia/tile51,225,23,control NDWI gradient,0.09265863531764892,0.08701941438320554,0.04462634433924132,-0.07899701476439328,-0.07098245550826046,-0.04180537718367361,0.0,,,,,,,,,,,,,,,
B,bolivia/tile51,225,23,constant score,0.10222222222222223,0.09658300128777884,0.0,-0.08856060166896658,-0.08054604241283375,-0.05136896408824691,-0.009563586904573304,,,,,,,,,,,,,,,
B,bolivia/tile51,225,23,control S2 patch variance,0.13726782478140456,0.13162860384696118,59.42097688465511,-0.12360620422814891,-0.1155916449720161,-0.08641456664742925,-0.04460918946375564,,,,,,,,,,,,,,,
B,bolivia/tile51,225,23,control NDWI level,0.007373934559980249,0.0017347136255368642,-0.22217517297225173,0.006287685993275397,0.014302245249408221,0.04347932357399507,0.08528470075766867,,,,,,,,,,,,,,,
B,bolivia/tile51,225,23,dihedral consistency (8 transforms),0.01848905140411652,0.012849830469673137,0.023844900285459717,-0.004827430850860875,0.003187128405271949,0.03236420672985879,0.0741695839135324,,0.9607227138643065,0.900603666245259,0.613127143597324,0.27654656552886653,,,,,,,,,,
B,bolivia/tile51,225,23,"boundary first, then confidence",0.019516268546293847,0.013877047611850463,1.1044444444444443,-0.005854647993038201,0.002159911263094623,0.03133698958768147,0.07314236677135508,,0.9312768647281919,0.9339348925410876,0.7932005352059532,0.2926274757690686,,,,,,,,,,
B,bolivia/tile51,225,23,combination conf+dihedral (prereg),0.015646009279998763,0.010006788345555379,0.5000000000000001,-0.001984388726743117,0.006030170529389707,0.03520724885397655,0.07701262603765016,,,,,,,,,,,,,,,
B,bolivia/tile54,47,7,confidence (baseline),0.03456408879233848,0.02130519755353815,-2.9999920763867967,0.0,-0.0024515244575846334,0.004987943770118498,0.0028487945377641197,,,,,,,,,,,,,,,
B,bolivia/tile54,47,7,tile-phase (aligned),0.032112564334753846,0.018853673095953517,0.0992230900013423,0.0024515244575846334,0.0,0.007439468227703132,0.005300318995348753,,,,,,,,,,,,,,,
B,bolivia/tile54,47,7,boundary indicator,0.03955203256245698,0.02629314132365665,0.24468085106382978,-0.004987943770118498,-0.007439468227703132,0.0,-0.0021391492323543787,,,,,,,,,,,,,,,
B,bolivia/tile54,47,7,control NDWI gradient,0.0374128833301026,0.02415399209130227,0.037471257969752654,-0.0028487945377641197,-0.005300318995348753,0.0021391492323543787,0.0,,,,,,,,,,,,,,,
B,bolivia/tile54,47,7,constant score,0.1489361702127659,0.13567727897396556,0.0,-0.1143720814204274,-0.11682360587801205,-0.10938413765030891,-0.11152328688266329,,,,,,,,,,,,,,,
B,bolivia/tile54,47,7,control S2 patch variance,0.01795101705603166,0.004692125817231335,125.30674851344692,0.016613071736306814,0.014161547278722183,0.021601015506425313,0.019461866274070934,,,,,,,,,,,,,,,
B,bolivia/tile54,47,7,control NDWI level,0.019300279106315526,0.006041387867515199,-0.2487668723568683,0.015263809686022952,0.012812285228438318,0.02025175345614145,0.01811260422378707,,,,,,,,,,,,,,,
B,bolivia/tile54,47,7,dihedral consistency (8 transforms),0.03348134212847666,0.02022245088967633,0.04823306630900566,0.0010827466638618222,-0.0013687777937228113,0.0060706904339803205,0.003931541201625942,,0.8929232192414431,0.8266651248843665,0.6623464624804641,0.6925300647548567,,,,,,,,,,
B,bolivia/tile54,47,7,"boundary first, then confidence",0.02830506583641777,0.015046174597617442,1.6947188449848025,0.006259022955920708,0.003807498498336075,0.011246966726039207,0.009107817493684828,,0.8236586493987051,0.8482886216466239,0.8774460632282066,0.6021045328399631,,,,,,,,,,
B,bolivia/tile54,47,7,combination conf+dihedral (prereg),0.027934525225359122,0.014675633986558795,0.5,0.006629563566979356,0.004178039109394722,0.011617507337097854,0.009478358104743475,,,,,,,,,,,,,,,
B,bolivia/tile55,88,12,confidence (baseline),0.027183756072215258,0.016660584092004764,-4.284521045332605,0.0,-0.007417809653407808,0.04836679919975664,0.07395253056790366,,,,,,,,,,,,,,,
B,bolivia/tile55,88,12,tile-phase (aligned),0.01976594641880745,0.009242774438596956,0.0491975932653242,0.007417809653407808,0.0,0.05578460885316444,0.08137034022131147,,,,,,,,,,,,,,,
B,bolivia/tile55,88,12,boundary indicator,0.0755505552719719,0.0650273832917614,0.07386363636363637,-0.04836679919975664,-0.05578460885316444,0.0,0.025585731368147027,,,,,,,,,,,,,,,
B,bolivia/tile55,88,12,control NDWI gradient,0.10113628664011892,0.09061311465990843,0.09598227904570565,-0.07395253056790366,-0.08137034022131147,-0.025585731368147027,0.0,,,,,,,,,,,,,,,
B,bolivia/tile55,88,12,constant score,0.13636363636363635,0.12584046438342586,0.0,-0.10917988029142109,-0.1165976899448289,-0.06081308109166446,-0.03522734972351743,,,,,,,,,,,,,,,
B,bolivia/tile55,88,12,control S2 patch variance,0.022709909279409187,0.012186737299198693,74.72716623451487,0.004473846792806071,-0.002943962860601737,0.052840645992562704,0.07842637736070973,,,,,,,,,,,,,,,
B,bolivia/tile55,88,12,control NDWI level,0.04346819831873682,0.03294502633852633,-0.2188879737333619,-0.016284442246521563,-0.02370225189992937,0.032082356953235074,0.0576680883213821,,,,,,,,,,,,,,,
B,bolivia/tile55,88,12,dihedral consistency (8 transforms),0.012019943673415419,0.001496771693204925,0.03545460268221425,0.015163812398799839,0.007746002745392031,0.06353061159855647,0.08911634296670351,,0.9455285125567959,0.9162058398788351,0.500061798777743,0.4758726356944101,,,,,,,,,,
B,bolivia/tile55,88,12,"boundary first, then confidence",0.02821926344527055,0.017696091465060057,0.8008319805194805,-0.001035507373055293,-0.008453317026463101,0.047331291826701344,0.07291702319484837,,0.9548272339826004,0.9074002324680355,0.701547502282468,0.4492620900989751,,,,,,,,,,
B,bolivia/tile55,88,12,combination conf+dihedral (prereg),0.016977168983084302,0.006453997002873808,0.5,0.010206587089130956,0.0027887774357231478,0.05857338628888759,0.08415911765703463,,,,,,,,,,,,,,,
B,bolivia/tile56,192,27,confidence (baseline),0.03229048563715551,0.021538156199803454,-4.506640303569536,0.0,-0.006594920645903604,0.028717950749815258,0.07206752949074398,,,,,,,,,,,,,,,
B,bolivia/tile56,192,27,tile-phase (aligned),0.025695564991251904,0.01494323555389985,0.045158763010723156,0.006594920645903604,0.0,0.03531287139571886,0.07866245013664758,,,,,,,,,,,,,,,
B,bolivia/tile56,192,27,boundary indicator,0.06100843638697077,0.05025610694961871,0.10026041666666667,-0.028717950749815258,-0.03531287139571886,0.0,0.04334957874092872,,,,,,,,,,,,,,,
B,bolivia/tile56,192,27,control NDWI gradient,0.10435801512789948,0.09360568569054743,0.057800549286934816,-0.07206752949074398,-0.07866245013664758,-0.04334957874092872,0.0,,,,,,,,,,,,,,,
B,bolivia/tile56,192,27,constant score,0.140625,0.12987267056264795,0.0,-0.1083345143628445,-0.1149294350087481,-0.07961656361302924,-0.03626698487210052,,,,,,,,,,,,,,,
B,bolivia/tile56,192,27,control S2 patch variance,0.08063591735564178,0.06988358791828973,131.77523443570303,-0.04834543171848628,-0.054940352364389884,-0.01962748096867102,0.0237220977722577,,,,,,,,,,,,,,,
B,bolivia/tile56,192,27,control NDWI level,0.03266931695045858,0.02191698751310652,-0.18272413854256211,-0.00037883131330306713,-0.006973751959206671,0.02833911943651219,0.07168869817744092,,,,,,,,,,,,,,,
B,bolivia/tile56,192,27,dihedral consistency (8 transforms),0.028024017838404035,0.017271688401051984,0.03502488024460604,0.004266467798751471,-0.002328452847152133,0.03298441854856673,0.07633399728949544,,0.9269406315275478,0.8980990424002383,0.5601010419230582,0.006107072131948074,,,,,,,,,,
B,bolivia/tile56,192,27,"boundary first, then confidence",0.03417861507252403,0.023426285635171976,1.1625744047619049,-0.0018881294353685213,-0.008483050081272125,0.026829821314446736,0.07017940005537546,,0.9232326451997939,0.9299772129235276,0.8112418423813756,0.06661659387461688,,,,,,,,,,
B,bolivia/tile56,192,27,combination conf+dihedral (prereg),0.028581109696923013,0.017828780259570957,0.5,0.003709375940232497,-0.002885544705671107,0.032427326690047754,0.07577690543097648,,,,,,,,,,,,,,,
B,bolivia/tile57,225,10,confidence (baseline),0.002569464062054665,0.0014682280246119568,-7.209889805581835,0.0,-3.894105372077199e-05,0.004166712787929943,0.0021454581484539196,,,,,,,,,,,,,,,
B,bolivia/tile57,225,10,tile-phase (aligned),0.002530523008333893,0.0014292869708911848,0.01804363880958893,3.894105372077199e-05,0.0,0.004205653841650715,0.0021843992021746915,,,,,,,,,,,,,,,
B,bolivia/tile57,225,10,boundary indicator,0.006736176849984608,0.0056349408125419,0.043333333333333335,-0.004166712787929943,-0.004205653841650715,0.0,-0.0020212546394760235,,,,,,,,,,,,,,,
B,bolivia/tile57,225,10,control NDWI gradient,0.004714922210508584,0.0036136861730658764,0.04516464171883851,-0.0021454581484539196,-0.0021843992021746915,0.0020212546394760235,0.0,,,,,,,,,,,,,,,
B,bolivia/tile57,225,10,constant score,0.04444444444444444,0.04334320840700173,0.0,-0.04187498038238978,-0.04191392143611055,-0.03770826759445983,-0.03972952223393585,,,,,,,,,,,,,,,
B,bolivia/tile57,225,10,control S2 patch variance,0.03187915068700573,0.030777914649563025,106.98498273505616,-0.029309686624951068,-0.02934862767867184,-0.025142973837021125,-0.02716422847649715,,,,,,,,,,,,,,,
B,bolivia/tile57,225,10,control NDWI level,0.002541845042994084,0.001440609005551376,-0.4127651609492642,2.76190190605808e-05,-1.1322034660191192e-05,0.004194331806990524,0.0021730771675145004,,,,,,,,,,,,,,,
B,bolivia/tile57,225,10,dihedral consistency (8 transforms),0.0027096186050915403,0.0016083825676488322,0.008151281889422535,-0.00014015454303687542,-0.0001790955967576474,0.004026558244893067,0.002005303605417044,,0.9241108301727764,0.7769995785924984,0.4577723852059898,0.725982932996207,,,,,,,,,,
B,bolivia/tile57,225,10,"boundary first, then confidence",0.002457397251563004,0.001356161214120296,0.7666666666666667,0.00011206681049166084,7.312575677088885e-05,0.004278779598421604,0.0022575249589455804,,0.9751401179941002,0.842496839443742,0.5890665951309463,0.6724283607248207,,,,,,,,,,
B,bolivia/tile57,225,10,combination conf+dihedral (prereg),0.0025273643115277934,0.0014261282740850854,0.5,4.209975052687142e-05,3.1586968060994328e-06,0.004208812538456815,0.002187557898980791,,,,,,,,,,,,,,,
B,bolivia/tile58,225,25,confidence (baseline),0.022725688824645367,0.01606408448637627,-5.514058892660671,0.0,-0.002363521876468197,0.02078472440779899,0.08817298367559336,,,,,,,,,,,,,,,
B,bolivia/tile58,225,25,tile-phase (aligned),0.02036216694817717,0.013700562609908071,0.059746825166027216,0.002363521876468197,0.0,0.023148246284267187,0.09053650555206155,,,,,,,,,,,,,,,
B,bolivia/tile58,225,25,boundary indicator,0.04351041323244435,0.03684880889417526,0.14333333333333334,-0.02078472440779899,-0.023148246284267187,0.0,0.06738825926779436,,,,,,,,,,,,,,,
B,bolivia/tile58,225,25,control NDWI gradient,0.11089867250023872,0.10423706816196962,0.06948877897637827,-0.08817298367559336,-0.09053650555206155,-0.06738825926779436,0.0,,,,,,,,,,,,,,,
B,bolivia/tile58,225,25,constant score,0.11111111111111115,0.10444950677284205,0.0,-0.08838542228646579,-0.09074894416293398,-0.0676006978786668,-0.00021243861087243132,,,,,,,,,,,,,,,
B,bolivia/tile58,225,25,control S2 patch variance,0.09948833521166459,0.09282673087339549,134.4417751715287,-0.07676264638701923,-0.07912616826348742,-0.05597792197922023,0.01141033728857413,,,,,,,,,,,,,,,
B,bolivia/tile58,225,25,control NDWI level,0.019281332361073544,0.012619728022804446,-0.3288514174350657,0.0034443564635718224,0.0010808345871036254,0.024229080871370812,0.09161734013916517,,,,,,,,,,,,,,,
B,bolivia/tile58,225,25,dihedral consistency (8 transforms),0.026392622788826398,0.0197310184505573,0.027137439773283,-0.003666933964181031,-0.006030455840649228,0.01711779044361796,0.08450604971141232,,0.9641993257479979,0.8605415086388536,0.63469660190842,0.6104224610198059,,,,,,,,,,
B,bolivia/tile58,225,25,"boundary first, then confidence",0.02913711050351659,0.022475506165247492,1.38,-0.006411421678871224,-0.00877494355533942,0.014373302728927766,0.08176156199672213,,0.9167699115044247,0.913701011378003,0.8577263249583197,0.6076643489254105,,,,,,,,,,
B,bolivia/tile58,225,25,combination conf+dihedral (prereg),0.023660732474866275,0.016999128136597177,0.5,-0.0009350436502209084,-0.0032985655266891054,0.01984968075757808,0.08723794002537244,,,,,,,,,,,,,,,
B,bolivia/tile60,149,19,confidence (baseline),0.016807068636297297,0.007880463820597108,-4.189912664410252,0.0,0.0002785065091602916,0.031718093118289215,0.07291433892170485,,,,,,,,,,,,,,,
B,bolivia/tile60,149,19,tile-phase (aligned),0.01708557514545759,0.0081589703297574,0.06082348422215308,-0.0002785065091602916,0.0,0.03143958660912892,0.07263583241254455,,,,,,,,,,,,,,,
B,bolivia/tile60,149,19,boundary indicator,0.04852516175458651,0.03959855693888632,0.15604026845637584,-0.031718093118289215,-0.03143958660912892,0.0,0.04119624580341563,,,,,,,,,,,,,,,
B,bolivia/tile60,149,19,control NDWI gradient,0.08972140755800215,0.08079480274230195,0.07225480762797352,-0.07291433892170485,-0.07263583241254455,-0.04119624580341563,0.0,,,,,,,,,,,,,,,
B,bolivia/tile60,149,19,constant score,0.12751677852348992,0.11859017370778972,0.0,-0.11070970988719261,-0.11043120337803232,-0.0789916167689034,-0.03779537096548777,,,,,,,,,,,,,,,
B,bolivia/tile60,149,19,control S2 patch variance,0.02759881931371065,0.018672214498010462,65.31920232274597,-0.010791750677413354,-0.010513244168253062,0.02092634244087586,0.062122588244291496,,,,,,,,,,,,,,,
B,bolivia/tile60,149,19,control NDWI level,0.017889328896152735,0.008962724080452546,-0.20651540600984725,-0.0010822602598554373,-0.0008037537506951457,0.030635832858433777,0.0718320786618494,,,,,,,,,,,,,,,
B,bolivia/tile60,149,19,dihedral consistency (8 transforms),0.016697629135989173,0.007771024320288984,0.033644106811195326,0.00010943950030812416,0.00038794600946841576,0.03182753261859734,0.07302377842201296,,0.9438128060946852,0.8608089969163791,0.5797640528938092,0.4783602394340647,,,,,,,,,,
B,bolivia/tile60,149,19,"boundary first, then confidence",0.02406163151228783,0.015135026696587641,1.369546979865772,-0.007254562875990533,-0.006976056366830241,0.024463530242298682,0.06565977604571431,,0.8333321240703788,0.8948449120261195,0.8698801145829871,0.32187919463087233,,,,,,,,,,
B,bolivia/tile60,149,19,combination conf+dihedral (prereg),0.015871755182185185,0.006945150366484996,0.5,0.0009353134541121126,0.0012138199632724042,0.03265340657240133,0.07384965237581696,,,,,,,,,,,,,,,
B,bolivia/tile61,207,11,confidence (baseline),0.005265030825306552,0.003699254056401603,-5.414120641451527,0.0,-0.0015941995281476178,-0.0030783549362296417,0.0379791283980071,,,,,,,,,,,,,,,
B,bolivia/tile61,207,11,tile-phase (aligned),0.003670831297158934,0.002105054528253985,0.03641088532546399,0.0015941995281476178,0.0,-0.0014841554080820237,0.03957332792615472,,,,,,,,,,,,,,,
B,bolivia/tile61,207,11,boundary indicator,0.00218667588907691,0.0006208991201719614,0.07789855072463768,0.0030783549362296417,0.0014841554080820237,0.0,0.04105748333423674,,,,,,,,,,,,,,,
B,bolivia/tile61,207,11,control NDWI gradient,0.043244159223313657,0.041678382454408705,0.04482726874042247,-0.0379791283980071,-0.03957332792615472,-0.04105748333423674,0.0,,,,,,,,,,,,,,,
B,bolivia/tile61,207,11,constant score,0.0531400966183575,0.05157431984945255,0.0,-0.047875065793050946,-0.049469265321198566,-0.05095342072928059,-0.009895937395043845,,,,,,,,,,,,,,,
B,bolivia/tile61,207,11,control S2 patch variance,0.0032025730089773083,0.0016367962400723596,53.544649797769765,0.002062457816329243,0.0004682582881816255,-0.0010158971199003982,0.040041586214336344,,,,,,,,,,,,,,,
B,bolivia/tile61,207,11,control NDWI level,0.005520623953682914,0.003954847184777965,-0.29793343733131034,-0.00025559312837636176,-0.0018497926565239796,-0.0033339480646060035,0.03772353526963074,,,,,,,,,,,,,,,
B,bolivia/tile61,207,11,dihedral consistency (8 transforms),0.004960992305522735,0.003395215536617786,0.02418344818827303,0.0003040385197838171,-0.0012901610083638007,-0.0027743164164458246,0.03828316691779092,,0.943875756296608,0.9106244114686487,0.5515018125572171,0.27441119806041714,,,,,,,,,,
B,bolivia/tile61,207,11,"boundary first, then confidence",0.004164814073044061,0.0025990373041391117,0.9548179779158039,0.0011002167522624912,-0.0004939827758851266,-0.0019781381839671505,0.03907934515026959,,0.9216346830318968,0.910899059432196,0.7422016337440323,0.26145944951348077,,,,,,,,,,
B,bolivia/tile61,207,11,combination conf+dihedral (prereg),0.004920909261743947,0.003355132492838998,0.5000000000000001,0.00034412156356260475,-0.001250077964585013,-0.002734233372667037,0.03832324996156971,,,,,,,,,,,,,,,
B,bolivia/tile62,108,18,confidence (baseline),0.03602438478408315,0.020523363432372682,-3.5154153081002057,0.0,-0.005541428475571581,0.04885882227255493,0.025490475891273734,,,,,,,,,,,,,,,
B,bolivia/tile62,108,18,tile-phase (aligned),0.03048295630851157,0.0149819349568011,0.0841342749039608,0.005541428475571581,0.0,0.054400250748126516,0.031031904366845317,,,,,,,,,,,,,,,
B,bolivia/tile62,108,18,boundary indicator,0.08488320705663809,0.06938218570492762,0.19328703703703703,-0.04885882227255493,-0.054400250748126516,0.0,-0.0233683463812812,,,,,,,,,,,,,,,
B,bolivia/tile62,108,18,control NDWI gradient,0.061514860675356886,0.046013839323646416,0.09541235498848016,-0.025490475891273734,-0.031031904366845317,0.0233683463812812,0.0,,,,,,,,,,,,,,,
B,bolivia/tile62,108,18,constant score,0.16666666666666674,0.15116564531495627,0.0,-0.1306422818825836,-0.13618371035815516,-0.08178345961002866,-0.10515180599130985,,,,,,,,,,,,,,,
B,bolivia/tile62,108,18,control S2 patch variance,0.0374996388118634,0.021998617460152928,124.38318946416892,-0.0014752540277802456,-0.007016682503351827,0.04738356824477469,0.02401522186349349,,,,,,,,,,,,,,,
B,bolivia/tile62,108,18,control NDWI level,0.0473148510427916,0.03181382969108113,-0.2145213695404908,-0.01129046625870845,-0.016831894734280033,0.037568356013846484,0.014200009632565284,,,,,,,,,,,,,,,
B,bolivia/tile62,108,18,dihedral consistency (8 transforms),0.0389102108120309,0.02340918946032043,0.041207188481402465,-0.0028858260279477493,-0.00842725450351933,0.045972996244607184,0.022604649863325985,,0.9388950813112698,0.830041822668077,0.5233842822806422,0.6353901702439817,,,,,,,,,,
B,bolivia/tile62,108,18,"boundary first, then confidence",0.05223297620382575,0.03673195485211528,1.6846478174603172,-0.016208591419742596,-0.02175001989531418,0.03265023085281234,0.009281884471531138,,0.8550973162994085,0.8414739870626009,0.8094004597936545,0.45540026865586336,,,,,,,,,,
B,bolivia/tile62,108,18,combination conf+dihedral (prereg),0.03579617197782565,0.02029515062611518,0.49999999999999994,0.00022821280625750368,-0.005313215669314078,0.04908703507881244,0.025718688697531238,,,,,,,,,,,,,,,
B,bolivia/tile63,166,4,confidence (baseline),0.00047667038527656364,0.00011156017443102303,-5.158704000783254,0.0,3.6732295033793715e-05,0.0004427753175446843,0.002060558606885711,,,,,,,,,,,,,,,
B,bolivia/tile63,166,4,tile-phase (aligned),0.0005134026803103574,0.00014829246946481675,0.02651851146331766,-3.6732295033793715e-05,0.0,0.0004060430225108906,0.0020238263118519174,,,,,,,,,,,,,,,
B,bolivia/tile63,166,4,boundary indicator,0.000919445702821248,0.0005543354919757073,0.051957831325301206,-0.0004427753175446843,-0.0004060430225108906,0.0,0.0016177832893410269,,,,,,,,,,,,,,,
B,bolivia/tile63,166,4,control NDWI gradient,0.002537228992162275,0.002172118781316734,0.0540825131850636,-0.002060558606885711,-0.0020238263118519174,-0.0016177832893410269,0.0,,,,,,,,,,,,,,,
B,bolivia/tile63,166,4,constant score,0.02409638554216867,0.023731275331323128,0.0,-0.023619715156892106,-0.023582982861858313,-0.023176939839347422,-0.021559156550006394,,,,,,,,,,,,,,,
B,bolivia/tile63,166,4,control S2 patch variance,0.029231120635138302,0.02886601042429276,122.41309983146914,-0.02875445024986174,-0.028717717954827946,-0.028311674932317055,-0.026693891642976027,,,,,,,,,,,,,,,
B,bolivia/tile63,166,4,control NDWI level,0.0019275299652717957,0.0015624197544262552,-0.3484298408640792,-0.001450859579995232,-0.0014141272849614384,-0.0010080842624505479,0.000609699026890479,,,,,,,,,,,,,,,
B,bolivia/tile63,166,4,dihedral consistency (8 transforms),0.0006984386795124177,0.0003333284686668771,0.018314498202213935,-0.00022176829423585406,-0.00018503599920206035,0.00022100702330883024,0.001838790312649857,,0.9379081923775674,0.8915492126371575,0.5089682530837785,0.5182585540856953,,,,,,,,,,
B,bolivia/tile63,166,4,"boundary first, then confidence",0.00047667038527656364,0.00011156017443102303,0.7712456970740104,0.0,3.6732295033793715e-05,0.0004427753175446843,0.002060558606885711,,0.9784116323759932,0.911576627686577,0.6292415936302549,0.5671412924424979,,,,,,,,,,
B,bolivia/tile63,166,4,combination conf+dihedral (prereg),0.0005133284736537234,0.0001482182628081828,0.5,-3.665808837715977e-05,7.420665663394367e-08,0.00040611722916752453,0.0020239005185085516,,,,,,,,,,,,,,,
B,bolivia/tile64,215,9,confidence (baseline),0.007907198451571196,0.0069213656597963856,-5.851806289927904,0.0,-0.005097623876974118,-0.004659517463221303,-0.005006733980414448,,,,,,,,,,,,,,,
B,bolivia/tile64,215,9,tile-phase (aligned),0.0028095745745970783,0.0018237417828222675,0.03685823031050542,0.005097623876974118,0.0,0.0004381064137528154,9.088989655967007e-05,,,,,,,,,,,,,,,
B,bolivia/tile64,215,9,boundary indicator,0.003247680988349894,0.002261848196575083,0.08139534883720931,0.004659517463221303,-0.0004381064137528154,0.0,-0.0003472165171931453,,,,,,,,,,,,,,,
B,bolivia/tile64,215,9,control NDWI gradient,0.0029004644711567483,0.0019146316793819376,0.05625055659790872,0.005006733980414448,-9.088989655967007e-05,0.0003472165171931453,0.0,,,,,,,,,,,,,,,
B,bolivia/tile64,215,9,constant score,0.041860465116279076,0.040874632324504265,0.0,-0.03395326666470788,-0.039050890541681996,-0.03861278412792918,-0.038960000645122325,,,,,,,,,,,,,,,
B,bolivia/tile64,215,9,control S2 patch variance,0.007082015585215618,0.006096182793440807,141.292387948337,0.0008251828663555782,-0.00427244101061854,-0.0038343345968657244,-0.0041815511140588695,,,,,,,,,,,,,,,
B,bolivia/tile64,215,9,control NDWI level,0.009890500498791014,0.008904667707016202,-0.36658770814281894,-0.0019833020472198168,-0.007080925924193935,-0.006642819510441119,-0.0069900360276342645,,,,,,,,,,,,,,,
B,bolivia/tile64,215,9,dihedral consistency (8 transforms),0.011128381947690481,0.01014254915591567,0.012349524029838882,-0.0032211834961192844,-0.008318807373093403,-0.007880700959340587,-0.008227917476533732,,0.9352858074331672,0.7741396797797586,0.36091996425261974,0.525550001207467,,,,,,,,,,
B,bolivia/tile64,215,9,"boundary first, then confidence",0.003612752980998385,0.002626920189223574,1.0006436877076412,0.004294445470572812,-0.0008031784064013064,-0.000365071992648491,-0.0007122885098416363,,0.8764024728923666,0.9297761356226906,0.7586323922909443,0.7133642444879135,,,,,,,,,,
B,bolivia/tile64,215,9,combination conf+dihedral (prereg),0.009406301056923841,0.00842046826514903,0.49999999999999994,-0.0014991026053526443,-0.0065967264823267625,-0.006158620068573947,-0.006505836585767092,,,,,,,,,,,,,,,
B,bolivia/tile65,190,14,confidence (baseline),0.01614203370349069,0.013164553039585549,-6.96412081216511,0.0,0.003986894286255382,0.031164811489186376,0.01375763279917868,,,,,,,,,,,,,,,
B,bolivia/tile65,190,14,tile-phase (aligned),0.02012892798974607,0.01715144732584093,0.035724545431232976,-0.003986894286255382,0.0,0.027177917202930994,0.009770738512923299,,,,,,,,,,,,,,,
B,bolivia/tile65,190,14,boundary indicator,0.04730684519267706,0.044329364528771925,0.05526315789473684,-0.031164811489186376,-0.027177917202930994,0.0,-0.017407178690007696,,,,,,,,,,,,,,,
B,bolivia/tile65,190,14,control NDWI gradient,0.02989966650266937,0.02692218583876423,0.05751864735082915,-0.01375763279917868,-0.009770738512923299,0.017407178690007696,0.0,,,,,,,,,,,,,,,
B,bolivia/tile65,190,14,constant score,0.07368421052631578,0.07070672986241064,0.0,-0.057542176822825086,-0.05355528253656971,-0.026377365333638714,-0.04378454402364641,,,,,,,,,,,,,,,
B,bolivia/tile65,190,14,control S2 patch variance,0.04037721966935394,0.0373997390054488,145.76359902644344,-0.024235185965863253,-0.02024829167960787,0.006929625523323123,-0.010477553166684573,,,,,,,,,,,,,,,
B,bolivia/tile65,190,14,control NDWI level,0.021564446639402393,0.018586965975497253,-0.41452157588372335,-0.005422412935911704,-0.001435518649656322,0.025742398553274672,0.008335219863266977,,,,,,,,,,,,,,,
B,bolivia/tile65,190,14,dihedral consistency (8 transforms),0.0158171461677864,0.01283966550388126,0.02127478218319299,0.00032488753570428935,0.004311781821959671,0.03148969902489067,0.01408252033488297,,0.9693981900650404,0.834651200426896,0.4142555806294487,0.7944109838295556,,,,,,,,,,
B,bolivia/tile65,190,14,"boundary first, then confidence",0.018687717069550552,0.015710236405645412,0.843421052631579,-0.002545683366059863,0.0014412109201955188,0.028619128123126513,0.011211949433118817,,0.9185048135172136,0.8775665166406417,0.6720136877756273,0.7656182340668425,,,,,,,,,,
B,bolivia/tile65,190,14,combination conf+dihedral (prereg),0.015485216396221012,0.012507735732315872,0.5,0.0006568173072696772,0.004643711593525059,0.03182162879645605,0.014414450106448358,,,,,,,,,,,,,,,
B,bolivia/tile66,224,20,confidence (baseline),0.011086409886199713,0.006777225359828521,-5.545259644543486,0.0,0.002865590322737234,0.004599601726224138,0.08275129124641534,,,,,,,,,,,,,,,
B,bolivia/tile66,224,20,tile-phase (aligned),0.013952000208936947,0.009642815682565755,0.05593046208947986,-0.002865590322737234,0.0,0.0017340114034869042,0.07988570092367811,,,,,,,,,,,,,,,
B,bolivia/tile66,224,20,boundary indicator,0.01568601161242385,0.011376827086052659,0.1484375,-0.004599601726224138,-0.0017340114034869042,0.0,0.0781516895201912,,,,,,,,,,,,,,,
B,bolivia/tile66,224,20,control NDWI gradient,0.09383770113261505,0.08952851660624386,0.05672889386208148,-0.08275129124641534,-0.07988570092367811,-0.0781516895201912,0.0,,,,,,,,,,,,,,,
B,bolivia/tile66,224,20,constant score,0.08928571428571427,0.08497652975934308,0.0,-0.07819930439951456,-0.07533371407677733,-0.07359970267329043,0.00455198684690078,,,,,,,,,,,,,,,
B,bolivia/tile66,224,20,control S2 patch variance,0.042533491265710065,0.038224306739338874,132.501522595181,-0.031447081379510355,-0.02858149105677312,-0.026847479653286217,0.05130420986690499,,,,,,,,,,,,,,,
B,bolivia/tile66,224,20,control NDWI level,0.014641616231321208,0.010332431704950016,-0.3399418931040417,-0.0035552063451214956,-0.0006896160223842616,0.0010443953811026425,0.07919608490129385,,,,,,,,,,,,,,,
B,bolivia/tile66,224,20,dihedral consistency (8 transforms),0.012108272208356488,0.007799087681985296,0.020121166753187123,-0.0010218623221567753,0.0018437280005804586,0.003577739404067363,0.08172942892425857,,0.9621065556267354,0.8642921204356179,0.6204783435061356,0.5058157164210976,,,,,,,,,,
B,bolivia/tile66,224,20,"boundary first, then confidence",0.009795888983993726,0.005486704457622534,1.3306560905612248,0.0012905209022059869,0.004156111224943221,0.005890122628430125,0.08404181214862133,,0.8930632073457184,0.9266794789664755,0.8633242760354758,0.5360164424514204,,,,,,,,,,
B,bolivia/tile66,224,20,combination conf+dihedral (prereg),0.01087784042786974,0.006568655901498547,0.5,0.0002085694583299734,0.0030741597810672074,0.0048081711845541115,0.08295986070474531,,,,,,,,,,,,,,,
B,bolivia/tile67,173,21,confidence (baseline),0.026203653615932358,0.018168477744331744,-6.606375662060831,0.0,0.008046751443947765,0.023341367485254644,0.04074853803922998,,,,,,,,,,,,,,,
B,bolivia/tile67,173,21,tile-phase (aligned),0.03425040505988012,0.02621522918827951,0.04812812016654389,-0.008046751443947765,0.0,0.015294616041306879,0.032701786595282216,,,,,,,,,,,,,,,
B,bolivia/tile67,173,21,boundary indicator,0.049545021101187,0.04150984522958639,0.11271676300578035,-0.023341367485254644,-0.015294616041306879,0.0,0.017407170553975337,,,,,,,,,,,,,,,
B,bolivia/tile67,173,21,control NDWI gradient,0.06695219165516234,0.058917015783561726,0.05025347036874446,-0.04074853803922998,-0.032701786595282216,-0.017407170553975337,0.0,,,,,,,,,,,,,,,
B,bolivia/tile67,173,21,constant score,0.12138728323699424,0.11335210736539363,0.0,-0.09518362962106189,-0.08713687817711412,-0.07184226213580724,-0.0544350915818319,,,,,,,,,,,,,,,
B,bolivia/tile67,173,21,control S2 patch variance,0.23069442317492828,0.22265924730332767,116.52356474174194,-0.20449076955899592,-0.19644401811504816,-0.18114940207374128,-0.16374223151976594,,,,,,,,,,,,,,,
B,bolivia/tile67,173,21,control NDWI level,0.01645509652339066,0.008419920651790048,-0.4227188865430815,0.009748557092541696,0.01779530853648946,0.03308992457779634,0.050497095131771676,,,,,,,,,,,,,,,
B,bolivia/tile67,173,21,dihedral consistency (8 transforms),0.02956234330542025,0.02152716743381964,0.01958553894378199,-0.0033586896894878954,0.00468806175445987,0.01998267779576675,0.037389848349742086,,0.9279194923307268,0.8519127988096289,0.6094531002402506,0.7034130468036579,,,,,,,,,,
B,bolivia/tile67,173,21,"boundary first, then confidence",0.027923307716579606,0.019888131844978993,1.0768992568125517,-0.0017196541006472485,0.006327097343300517,0.021621713384607395,0.03902888393858273,,0.918532802425242,0.8983572133814793,0.8115066476150565,0.6000597966912495,,,,,,,,,,
B,bolivia/tile67,173,21,combination conf+dihedral (prereg),0.02729215758223117,0.01925698171063056,0.5,-0.0010885039662988164,0.006958247477648949,0.022252863518955827,0.039660034072931165,,,,,,,,,,,,,,,
B,bolivia/tile68,225,31,confidence (baseline),0.019646725846084453,0.009381021364632224,-6.33854664935006,0.0,0.003863504331866375,-0.0030132718985679437,0.002074287677255541,,,,,,,,,,,,,,,
B,bolivia/tile68,225,31,tile-phase (aligned),0.023510230177950828,0.013244525696498598,0.07614755375153133,-0.003863504331866375,0.0,-0.006876776230434319,-0.001789216654610834,,,,,,,,,,,,,,,
B,bolivia/tile68,225,31,boundary indicator,0.01663345394751651,0.00636774946606428,0.19111111111111112,0.0030132718985679437,0.006876776230434319,0.0,0.0050875595758234846,,,,,,,,,,,,,,,
B,bolivia/tile68,225,31,control NDWI gradient,0.021721013523339994,0.011455309041887764,0.07649757962708795,-0.002074287677255541,0.001789216654610834,-0.0050875595758234846,0.0,,,,,,,,,,,,,,,
B,bolivia/tile68,225,31,constant score,0.13777777777777778,0.12751207329632555,0.0,-0.11813105193169332,-0.11426754759982695,-0.12114432383026127,-0.11605676425443778,,,,,,,,,,,,,,,
B,bolivia/tile68,225,31,control S2 patch variance,0.06806001253003606,0.057794308048583834,150.56412973856308,-0.04841328668395161,-0.04454978235208523,-0.05142655858251956,-0.046338999006696066,,,,,,,,,,,,,,,
B,bolivia/tile68,225,31,control NDWI level,0.013266905013684417,0.003001200532232188,-0.4278029209639421,0.006379820832400036,0.01024332516426641,0.003366548933832092,0.008454108509655577,,,,,,,,,,,,,,,
B,bolivia/tile68,225,31,dihedral consistency (8 transforms),0.021984873382896387,0.011719168901444157,0.023009675208728975,-0.002338147536811934,0.001525356795054441,-0.005351419435379878,-0.00026385985955639304,,0.9557343025705853,0.8383565107458909,0.7002060605859638,0.8296017699115049,,,,,,,,,,
B,bolivia/tile68,225,31,"boundary first, then confidence",0.01912883517064498,0.008863130689192752,1.5844444444444445,0.0005178906754394717,0.004381395007305847,-0.002495381223128472,0.0025921783526950126,,0.9121365360303414,0.8946702486304251,0.878008789098184,0.7962157606405394,,,,,,,,,,
B,bolivia/tile68,225,31,combination conf+dihedral (prereg),0.020392991671606915,0.010127287190154686,0.5000000000000001,-0.0007462658255224623,0.0031172385063439126,-0.003759537724090406,0.0013280218517330786,,,,,,,,,,,,,,,
B,bolivia/tile69,225,12,confidence (baseline),0.003999957793115969,0.0024334170180950274,-7.686060934066773,0.0,-0.0005644510147755533,8.230145468610898e-05,0.0006776296208610508,,,,,,,,,,,,,,,
B,bolivia/tile69,225,12,tile-phase (aligned),0.0034355067783404156,0.0018689660033194742,0.031015706170299178,0.0005644510147755533,0.0,0.0006467524694616623,0.0012420806356366041,,,,,,,,,,,,,,,
B,bolivia/tile69,225,12,boundary indicator,0.004082259247802078,0.0025157184727811364,0.08333333333333333,-8.230145468610898e-05,-0.0006467524694616623,0.0,0.0005953281661749419,,,,,,,,,,,,,,,
B,bolivia/tile69,225,12,control NDWI gradient,0.00467758741397702,0.0031110466389560783,0.054982725119968386,-0.0006776296208610508,-0.0012420806356366041,-0.0005953281661749419,0.0,,,,,,,,,,,,,,,
B,bolivia/tile69,225,12,constant score,0.05333333333333334,0.051766792558312395,0.0,-0.04933337554021737,-0.04989782655499292,-0.04925107408553126,-0.048655745919356314,,,,,,,,,,,,,,,
B,bolivia/tile69,225,12,control S2 patch variance,0.00802522930804207,0.006458688533021128,89.88020998736451,-0.0040252715149261,-0.004589722529701653,-0.0039429700602399914,-0.0033476418940650496,,,,,,,,,,,,,,,
B,bolivia/tile69,225,12,control NDWI level,0.006023157411037365,0.004456616636016424,-0.44050914479207703,-0.002023199617921396,-0.0025876506326969495,-0.0019408981632352872,-0.0013455699970603453,,,,,,,,,,,,,,,
B,bolivia/tile69,225,12,dihedral consistency (8 transforms),0.003918516136427131,0.0023519753614061898,0.010073043223144142,8.144165668883766e-05,-0.0004830093580867156,0.00016374311137494664,0.0007590712775498885,,0.9613906447534761,0.9132985672144962,0.6731673336249557,0.9035198061525495,,,,,,,,,,
B,bolivia/tile69,225,12,"boundary first, then confidence",0.0036276307727439007,0.0020610899977229593,1.0244444444444445,0.00037232702037206817,-0.0001921239944034851,0.00045462847505817715,0.001049956641233119,,0.9710514117151282,0.9117656974294142,0.7677179440118271,0.8758522966708805,,,,,,,,,,
B,bolivia/tile69,225,12,combination conf+dihedral (prereg),0.0038683174538899664,0.002301776678869025,0.5,0.00013164033922600247,-0.0004328106755495508,0.00021394179391211144,0.0008092699600870533,,,,,,,,,,,,,,,
B,bolivia/tile70,225,23,confidence (baseline),0.019193215367728233,0.013553994433284849,-6.168135045501921,0.0,3.509300539450769e-05,-0.0013298327171141072,-0.0007861480316293211,,,,,,,,,,,,,,,
B,bolivia/tile70,225,23,tile-phase (aligned),0.01922830837312274,0.013589087438679356,0.06185272705609451,-3.509300539450769e-05,0.0,-0.001364925722508615,-0.0008212410370238288,,,,,,,,,,,,,,,
B,bolivia/tile70,225,23,boundary indicator,0.017863382650614126,0.012224161716170742,0.14222222222222222,0.0013298327171141072,0.001364925722508615,0.0,0.0005436846854847861,,,,,,,,,,,,,,,
B,bolivia/tile70,225,23,control NDWI gradient,0.018407067336098912,0.012767846401655528,0.07549651294515326,0.0007861480316293211,0.0008212410370238288,-0.0005436846854847861,0.0,,,,,,,,,,,,,,,
B,bolivia/tile70,225,23,constant score,0.10222222222222223,0.09658300128777884,0.0,-0.08302900685449399,-0.08299391384909949,-0.0843588395716081,-0.08381515488612332,,,,,,,,,,,,,,,
B,bolivia/tile70,225,23,control S2 patch variance,0.05068354702792564,0.04504432609348226,147.32285933242633,-0.03149033166019741,-0.0314552386548029,-0.032820164377311514,-0.03227647969182673,,,,,,,,,,,,,,,
B,bolivia/tile70,225,23,control NDWI level,0.020786931951083876,0.015147711016640492,-0.4272903189047713,-0.0015937165833556435,-0.0015586235779611358,-0.0029235493004697508,-0.0023798646149849646,,,,,,,,,,,,,,,
B,bolivia/tile70,225,23,dihedral consistency (8 transforms),0.01764885862561028,0.012009637691166895,0.017873429949403444,0.001544356742117954,0.0015794497475124618,0.00021452402500384687,0.000758208710488633,,0.9689464812473662,0.8454235145385588,0.6327612128666575,0.8609650231774121,,,,,,,,,,
B,bolivia/tile70,225,23,"boundary first, then confidence",0.016250850346152992,0.010611629411709608,1.308888888888889,0.0029423650215752405,0.002977458026969748,0.0016125323044611332,0.0021562169899459194,,0.8936683522966705,0.9016571849978927,0.8558431494844472,0.8342541087231351,,,,,,,,,,
B,bolivia/tile70,225,23,combination conf+dihedral (prereg),0.018361623383029452,0.012722402448586068,0.5,0.0008315919846987804,0.0008666849900932881,-0.0004982407324153268,4.5443953069459336e-05,,,,,,,,,,,,,,,
B,bolivia/tile71,225,11,confidence (baseline),0.005008577510609348,0.003685073320369216,-7.6059206242031525,0.0,-0.001290262688843179,-0.0006754527874182599,-0.0002108376511566895,,,,,,,,,,,,,,,
B,bolivia/tile71,225,11,tile-phase (aligned),0.003718314821766169,0.002394810631526037,0.04715426002095531,0.001290262688843179,0.0,0.0006148099014249191,0.0010794250376864895,,,,,,,,,,,,,,,
B,bolivia/tile71,225,11,boundary indicator,0.0043331247231910884,0.003009620532950956,0.12555555555555556,0.0006754527874182599,-0.0006148099014249191,0.0,0.0004646151362615704,,,,,,,,,,,,,,,
B,bolivia/tile71,225,11,control NDWI gradient,0.004797739859452659,0.0034742356692125265,0.06197727977544596,0.0002108376511566895,-0.0010794250376864895,-0.0004646151362615704,0.0,,,,,,,,,,,,,,,
B,bolivia/tile71,225,11,constant score,0.04888888888888887,0.04756538469864874,0.0,-0.043880311378279524,-0.0451705740671227,-0.04455576416569778,-0.044091149029436214,,,,,,,,,,,,,,,
B,bolivia/tile71,225,11,control S2 patch variance,0.009854413053125247,0.008530908862885114,118.13633697441155,-0.004845835542515898,-0.006136098231359077,-0.005521288329934158,-0.005056673193672588,,,,,,,,,,,,,,,
B,bolivia/tile71,225,11,control NDWI level,0.002931537990689786,0.0016080338004496539,-0.44805805823284967,0.0020770395199195624,0.0007867768310763832,0.0014015867325013023,0.0018662018687628727,,,,,,,,,,,,,,,
B,bolivia/tile71,225,11,dihedral consistency (8 transforms),0.00578550407046988,0.004461999880229748,0.008816927661244133,-0.0007769265598605319,-0.002067189248703711,-0.0014523793472787918,-0.0009877642110172214,,0.938351243152128,0.8781289506953232,0.6140395556425292,0.8325611040876535,,,,,,,,,,
B,bolivia/tile71,225,11,"boundary first, then confidence",0.004211670509143859,0.0028881663189037265,1.2377777777777779,0.0007969070014654895,-0.0004933556873776895,0.0001214542140472296,0.0005860693503088,,0.9055141171512846,0.9265876527602194,0.8407310164722437,0.7698872734934686,,,,,,,,,,
B,bolivia/tile71,225,11,combination conf+dihedral (prereg),0.005269433601876783,0.003945929411636651,0.5,-0.00026085609126743486,-0.001551118780110614,-0.0009363088786856948,-0.0004716937424241244,,,,,,,,,,,,,,,
B,bolivia/tile72,172,7,confidence (baseline),0.007716037822968398,0.006758345470509888,-4.526931027513604,0.0,-0.0018557974141818348,0.001477113525188361,0.008116907152055795,,,,,,,,,,,,,,,
B,bolivia/tile72,172,7,tile-phase (aligned),0.005860240408786563,0.004902548056328053,0.06003181143309078,0.0018557974141818348,0.0,0.003332910939370196,0.009972704566237629,,,,,,,,,,,,,,,
B,bolivia/tile72,172,7,boundary indicator,0.009193151348156759,0.008235458995698249,0.07921511627906977,-0.001477113525188361,-0.003332910939370196,0.0,0.006639793626867433,,,,,,,,,,,,,,,
B,bolivia/tile72,172,7,control NDWI gradient,0.01583294497502419,0.014875252622565682,0.06667072285860232,-0.008116907152055795,-0.009972704566237629,-0.006639793626867433,0.0,,,,,,,,,,,,,,,
B,bolivia/tile72,172,7,constant score,0.04069767441860466,0.03973998206614615,0.0,-0.032981636595636264,-0.0348374340098181,-0.031504523070447904,-0.02486472944358047,,,,,,,,,,,,,,,
B,bolivia/tile72,172,7,control S2 patch variance,0.08385940910082819,0.08290171674836967,126.88391928899875,-0.07614337127785978,-0.07799916869204163,-0.07466625775267142,-0.06802646412580399,,,,,,,,,,,,,,,
B,bolivia/tile72,172,7,control NDWI level,0.0017391767982133292,0.0007814844457548193,-0.27463031176374814,0.005976861024755069,0.004121063610573234,0.00745397454994343,0.014093768176810862,,,,,,,,,,,,,,,
B,bolivia/tile72,172,7,dihedral consistency (8 transforms),0.010319485018064666,0.009361792665606156,0.03930783503115298,-0.002603447195096268,-0.004459244609278103,-0.0011263336699079071,0.005513459956959526,,0.9567264039922363,0.8556186810621125,0.4634387692748526,0.5034844807946743,,,,,,,,,,
B,bolivia/tile72,172,7,"boundary first, then confidence",0.005957549613968838,0.004999857261510328,0.9954838039867109,0.0017584882089995597,-9.73092051822751e-05,0.003235601734187921,0.009875395361055354,,0.9328644908412986,0.8847491763418497,0.7258087312401167,0.5494984941854572,,,,,,,,,,
B,bolivia/tile72,172,7,combination conf+dihedral (prereg),0.008790084701287093,0.007832392348828583,0.5,-0.001074046878318695,-0.00292984429250053,0.000403066646869666,0.007042860273737099,,,,,,,,,,,,,,,
B,bolivia/tile74,149,4,confidence (baseline),0.0008244619109516948,0.0003709675143105754,-7.304594743971856,0.0,-0.0002780749225751233,-0.00027839414866891947,-9.481757601255132e-05,,,,,,,,,,,,,,,
B,bolivia/tile74,149,4,tile-phase (aligned),0.0005463869883765715,9.28925917354521e-05,0.02749083502912859,0.0002780749225751233,0.0,-3.192260937961728e-07,0.00018325734656257197,,,,,,,,,,,,,,,
B,bolivia/tile74,149,4,boundary indicator,0.0005460677622827753,9.257336564165593e-05,0.030201342281879196,0.00027839414866891947,3.192260937961728e-07,0.0,0.00018357657265636815,,,,,,,,,,,,,,,
B,bolivia/tile74,149,4,control NDWI gradient,0.0007296443349391435,0.0002761499382980241,0.052721654197181514,9.481757601255132e-05,-0.00018325734656257197,-0.00018357657265636815,0.0,,,,,,,,,,,,,,,
B,bolivia/tile74,149,4,constant score,0.026845637583892613,0.026392143187251495,0.0,-0.02602117567294092,-0.026299250595516042,-0.02629956982160984,-0.026115993248953473,,,,,,,,,,,,,,,
B,bolivia/tile74,149,4,control S2 patch variance,0.0037485455115056857,0.0032950511148645664,126.4246825151508,-0.002924083600553991,-0.0032021585231291143,-0.0032024777492229107,-0.0030189011765665423,,,,,,,,,,,,,,,
B,bolivia/tile74,149,4,control NDWI level,0.0006367517432036913,0.00018325734656257186,-0.4731849685262317,0.00018771016774800353,-9.036475482711976e-05,-9.068398092091593e-05,9.289259173545221e-05,,,,,,,,,,,,,,,
B,bolivia/tile74,149,4,dihedral consistency (8 transforms),0.0006392884787222101,0.0001857940820810907,0.007523080317702544,0.0001851734322294847,-9.29014903456386e-05,-9.322071643943477e-05,9.035585621693337e-05,,0.9400145111554503,0.7872737166696901,0.2877025677103181,0.8173662252856884,,,,,,,,,,
B,bolivia/tile74,149,4,"boundary first, then confidence",0.00068494432495332,0.00023144992831220066,0.610558485139022,0.00013951758599837474,-0.00013855733657674855,-0.00013887656267054472,4.470000998582342e-05,,0.9362887719934696,0.7932740794485761,0.505661990550052,0.7090477054235443,,,,,,,,,,
B,bolivia/tile74,149,4,combination conf+dihedral (prereg),0.0007312299069945141,0.00027773551035339473,0.5,9.323200395718067e-05,-0.00018484291861794262,-0.0001851621447117388,-1.5855720553706494e-06,,,,,,,,,,,,,,,
B,bolivia/tile75,225,147,confidence (baseline),0.4418608517261182,0.1543355903358567,-2.188008961412642,0.0,0.10675217280027727,0.2896009714984351,0.397069953816869,,,,,,,,,,,,,,,
B,bolivia/tile75,225,147,tile-phase (aligned),0.5486130245263955,0.26108776313613397,0.08332878490560688,-0.10675217280027727,0.0,0.18284879869815784,0.2903177810165917,,,,,,,,,,,,,,,
B,bolivia/tile75,225,147,boundary indicator,0.7314618232245533,0.4439365618342918,0.13777777777777778,-0.2896009714984351,-0.18284879869815784,0.0,0.10746898231843388,,,,,,,,,,,,,,,
B,bolivia/tile75,225,147,control NDWI gradient,0.8389308055429873,0.5514055441527257,0.049556148328418315,-0.397069953816869,-0.2903177810165917,-0.10746898231843388,0.0,,,,,,,,,,,,,,,
B,bolivia/tile75,225,147,constant score,0.6533333333333332,0.3658080719430717,0.0,-0.211472481607215,-0.10472030880693772,0.07812848989122012,0.185597472209654,,,,,,,,,,,,,,,
B,bolivia/tile75,225,147,control S2 patch variance,0.8786959672729312,0.5911707058826696,63.82304545307967,-0.4368351155468129,-0.33008294274653566,-0.1472341440483778,-0.03976516172994393,,,,,,,,,,,,,,,
B,bolivia/tile75,225,147,control NDWI level,0.32070661690973357,0.033181355519472044,-0.15831136305710414,0.12115423481638465,0.22790640761666192,0.41075520631481977,0.5182241886332537,,,,,,,,,,,,,,,
B,bolivia/tile75,225,147,dihedral consistency (8 transforms),0.4612913152571873,0.17376605386692578,0.05866942137938976,-0.019430463531069087,0.08732170926920818,0.270170507967366,0.3776394902857999,,0.8551095659502739,0.4771628739991573,0.42834315331562084,-0.08494205646860513,,,,,,,,,,
B,bolivia/tile75,225,147,"boundary first, then confidence",0.5462194434334686,0.2586941820432071,1.3533333333333333,-0.1043585917073504,0.0023935810929268664,0.1852423797910847,0.2927113621095186,,0.7540771175726925,0.6772218710493045,0.8367072078741493,0.13456805731142005,,,,,,,,,,
B,bolivia/tile75,225,147,combination conf+dihedral (prereg),0.45065390058600985,0.16312863919574833,0.5,-0.008793048859891628,0.09795912394038564,0.2808079226385435,0.38827690495697736,,,,,,,,,,,,,,,
B,bolivia/tile76,225,12,confidence (baseline),0.003563997278916335,0.0019974565038953936,-7.412569944063822,0.0,-0.001207747823066155,-0.001807220561074921,-0.0013656287861430107,,,,,,,,,,,,,,,
B,bolivia/tile76,225,12,tile-phase (aligned),0.00235624945585018,0.0007897086808292385,0.047493562977902505,0.001207747823066155,0.0,-0.0005994727380087658,-0.00015788096307685568,,,,,,,,,,,,,,,
B,bolivia/tile76,225,12,boundary indicator,0.0017567767178414142,0.0001902359428204727,0.09888888888888889,0.001807220561074921,0.0005994727380087658,0.0,0.00044159177493191017,,,,,,,,,,,,,,,
B,bolivia/tile76,225,12,control NDWI gradient,0.0021983684927733243,0.0006318277177523829,0.05927944075238492,0.0013656287861430107,0.00015788096307685568,-0.00044159177493191017,0.0,,,,,,,,,,,,,,,
B,bolivia/tile76,225,12,constant score,0.05333333333333334,0.051766792558312395,0.0,-0.049769336054417,-0.050977083877483155,-0.051576556615491924,-0.051134964840560015,,,,,,,,,,,,,,,
B,bolivia/tile76,225,12,control S2 patch variance,0.009478567356981224,0.007912026581960283,133.58401761527534,-0.005914570078064889,-0.007122317901131044,-0.00772179063913981,-0.0072801988642078996,,,,,,,,,,,,,,,
B,bolivia/tile76,225,12,control NDWI level,0.002051731809041997,0.00048519103402105534,-0.47994228106041054,0.0015122654698743383,0.0003045176468081832,-0.00029495509120058263,0.00014663668373132753,,,,,,,,,,,,,,,
B,bolivia/tile76,225,12,dihedral consistency (8 transforms),0.004604543971479435,0.0030380031964584936,0.014464565176942617,-0.0010405466925631,-0.002248294515629255,-0.002847767253638021,-0.0024061754787061108,,0.9234249894648128,0.8647166034555418,0.6203027057183603,0.697900337126001,,,,,,,,,,
B,bolivia/tile76,225,12,"boundary first, then confidence",0.003018646025910722,0.0014521052508897807,1.1133333333333333,0.0005453512530056129,-0.0006623965700605422,-0.001261869308069308,-0.0008202775331373978,,0.9441045090602617,0.8902739148756854,0.8019213480085463,0.7080383480825959,,,,,,,,,,
B,bolivia/tile76,225,12,combination conf+dihedral (prereg),0.0039099655331993,0.002343424758178359,0.5,-0.0003459682542829652,-0.0015537160773491203,-0.002153188815357886,-0.001711597040425976,,,,,,,,,,,,,,,
B,bolivia/tile77,225,6,confidence (baseline),0.0010509394779601052,0.0006330103366993891,-7.705352011256748,0.0,-1.5561362576423403e-05,-0.000294446497808662,-9.660892154344874e-05,,,,,,,,,,,,,,,
B,bolivia/tile77,225,6,tile-phase (aligned),0.0010353781153836818,0.0006174489741229657,0.020970330398948946,1.5561362576423403e-05,0.0,-0.0002788851352322386,-8.104755896702533e-05,,,,,,,,,,,,,,,
B,bolivia/tile77,225,6,boundary indicator,0.0007564929801514432,0.0003385638388907271,0.044444444444444446,0.000294446497808662,0.0002788851352322386,0.0,0.00019783757626521325,,,,,,,,,,,,,,,
B,bolivia/tile77,225,6,control NDWI gradient,0.0009543305564166564,0.0005364014151559404,0.0401192626855008,9.660892154344874e-05,8.104755896702533e-05,-0.00019783757626521325,0.0,,,,,,,,,,,,,,,
B,bolivia/tile77,225,6,constant score,0.02666666666666667,0.026248737525405953,0.0,-0.025615727188706562,-0.025631288551282987,-0.025910173686515225,-0.025712336110250013,,,,,,,,,,,,,,,
B,bolivia/tile77,225,6,control S2 patch variance,0.0037980854783167127,0.0033801563370559964,100.0377036926678,-0.0027471460003566073,-0.0027627073629330305,-0.0030415924981652695,-0.002843754921900056,,,,,,,,,,,,,,,
B,bolivia/tile77,225,6,control NDWI level,0.000822015642495883,0.000404086501235167,-0.5368105568198543,0.00022892383546422213,0.00021336247288779872,-6.552266234443986e-05,0.0001323149139207734,,,,,,,,,,,,,,,
B,bolivia/tile77,225,6,dihedral consistency (8 transforms),0.0013268083075691729,0.0009088791663084568,0.0062183773484664724,-0.0002758688296090677,-0.0002914301921854911,-0.0005703153274177297,-0.00037247775115251645,,0.933042562157607,0.8503213232195533,0.45851978681389977,0.747556890012642,,,,,,,,,,
B,bolivia/tile77,225,6,"boundary first, then confidence",0.0007014266892501387,0.0002834975479894227,0.74,0.00034951278870996643,0.00033395142613354303,5.5066290901304446e-05,0.0002529038671665177,,0.9759344711335861,0.8846049304677622,0.5628656709070413,0.7269532237673828,,,,,,,,,,
B,bolivia/tile77,225,6,combination conf+dihedral (prereg),0.0011438845576485217,0.0007259554163878057,0.5,-9.294507968841655e-05,-0.00010850644226483995,-0.00038739157749707854,-0.00018955400123186529,,,,,,,,,,,,,,,
B,bolivia/tile78,225,10,confidence (baseline),0.0027806818543789406,0.0016794458169362325,-6.834215708971024,0.0,-0.0009267809289532124,-0.0008494814117474393,-0.0012571605897344238,,,,,,,,,,,,,,,
B,bolivia/tile78,225,10,tile-phase (aligned),0.0018539009254257281,0.0007526648879830201,0.05001798360791226,0.0009267809289532124,0.0,7.729951720577308e-05,-0.00033037966078121143,,,,,,,,,,,,,,,
B,bolivia/tile78,225,10,boundary indicator,0.0019312004426315012,0.0008299644051887932,0.10555555555555556,0.0008494814117474393,-7.729951720577308e-05,0.0,-0.0004076791779869845,,,,,,,,,,,,,,,
B,bolivia/tile78,225,10,control NDWI gradient,0.0015235212646445167,0.0004222852272018087,0.055466210670647054,0.0012571605897344238,0.00033037966078121143,0.0004076791779869845,0.0,,,,,,,,,,,,,,,
B,bolivia/tile78,225,10,constant score,0.04444444444444444,0.04334320840700173,0.0,-0.041663762590065496,-0.04259054351901871,-0.04251324400181294,-0.042920923179799925,,,,,,,,,,,,,,,
B,bolivia/tile78,225,10,control S2 patch variance,0.004536510261679035,0.003435274224236327,111.3007641077107,-0.0017558284073000943,-0.0026826093362533067,-0.002605309819047534,-0.003012988997034518,,,,,,,,,,,,,,,
B,bolivia/tile78,225,10,control NDWI level,0.002633902974754744,0.001532666937312036,-0.4826226479690173,0.00014677887962419658,-0.0007800020493290158,-0.0007027025321232427,-0.0011103817101102273,,,,,,,,,,,,,,,
B,bolivia/tile78,225,10,dihedral consistency (8 transforms),0.0025569109804519843,0.0014556749430092763,0.01089253501649283,0.00022377087392695628,-0.0007030100550262561,-0.000625710537820483,-0.0010333897158074676,,0.9219131900547827,0.7930604719764008,0.4492962124478137,0.7617699115044243,,,,,,,,,,
B,bolivia/tile78,225,10,"boundary first, then confidence",0.002285555840647179,0.001184319803204471,1.1311111111111112,0.0004951260137317616,-0.0004316549152214508,-0.0003543553980156777,-0.0007620345760026622,,0.837866624525916,0.9066782553729449,0.8101972744734119,0.7550589970501472,,,,,,,,,,
B,bolivia/tile78,225,10,combination conf+dihedral (prereg),0.002594308047435825,0.0014930720099931168,0.5,0.00018637380694311572,-0.0007404071220100967,-0.0006631076048043236,-0.0010707867827913081,,,,,,,,,,,,,,,
B,bolivia/tile79,225,8,confidence (baseline),0.0015840410000330187,0.0008654214672472701,-6.795091795523962,0.0,0.0012602616852112217,0.0005934039938312935,0.001098675332465475,,,,,,,,,,,,,,,
B,bolivia/tile79,225,8,tile-phase (aligned),0.00284430268524424,0.0021256831524584918,0.02626288350434657,-0.0012602616852112217,0.0,-0.0006668576913799282,-0.0001615863527457467,,,,,,,,,,,,,,,
B,bolivia/tile79,225,8,boundary indicator,0.002177444993864312,0.0014588254610785635,0.07444444444444444,-0.0005934039938312935,0.0006668576913799282,0.0,0.0005052713386341815,,,,,,,,,,,,,,,
B,bolivia/tile79,225,8,control NDWI gradient,0.002682716332498494,0.001964096799712745,0.05344934306921006,-0.001098675332465475,0.0001615863527457467,-0.0005052713386341815,0.0,,,,,,,,,,,,,,,
B,bolivia/tile79,225,8,constant score,0.035555555555555556,0.034836936022769806,0.0,-0.03397151455552254,-0.03271125287031131,-0.033378110561691245,-0.03287283922305706,,,,,,,,,,,,,,,
B,bolivia/tile79,225,8,control S2 patch variance,0.04665921650851232,0.04594059697572657,99.12546530841772,-0.0450751755084793,-0.043814913823268076,-0.04448177151464801,-0.04397650017601382,,,,,,,,,,,,,,,
B,bolivia/tile79,225,8,control NDWI level,0.0014652397049412594,0.0007466201721555107,-0.41434013274449877,0.00011880129509175938,0.001379062980302981,0.0007122052889230528,0.0012174766275572344,,,,,,,,,,,,,,,
B,bolivia/tile79,225,8,dihedral consistency (8 transforms),0.002088827025328345,0.0013702074925425964,0.013313455404657159,-0.0005047860252953263,0.0007554756599158954,8.861796853596718e-05,0.0005938893071701487,,0.9040760640539409,0.8892045933417617,0.6521814061205304,0.8217825537294569,,,,,,,,,,
B,bolivia/tile79,225,8,"boundary first, then confidence",0.0015840410000330187,0.0008654214672472701,0.9355555555555556,0.0,0.0012602616852112217,0.0005934039938312935,0.001098675332465475,,0.9885988200589966,0.8964496418036244,0.7172130517334352,0.7596123050990309,,,,,,,,,,
B,bolivia/tile79,225,8,combination conf+dihedral (prereg),0.0017649592796035985,0.0010463397468178498,0.5,-0.00018091827957057976,0.001079343405640642,0.0004124857142607137,0.0009177570528948952,,,,,,,,,,,,,,,
B,bolivia/tile80,225,16,confidence (baseline),0.006773053871909236,0.0040247184739120884,-6.922456766764323,0.0,0.0014384525761350596,0.009766062427250926,0.00495063720043982,,,,,,,,,,,,,,,
B,bolivia/tile80,225,16,tile-phase (aligned),0.008211506448044295,0.005463171050047148,0.06265235499422286,-0.0014384525761350596,0.0,0.008327609851115867,0.0035121846243047605,,,,,,,,,,,,,,,
B,bolivia/tile80,225,16,boundary indicator,0.01653911629916016,0.013790780901163015,0.14666666666666667,-0.009766062427250926,-0.008327609851115867,0.0,-0.004815425226811106,,,,,,,,,,,,,,,
B,bolivia/tile80,225,16,control NDWI gradient,0.011723691072349055,0.008975355674351908,0.06944444689798503,-0.00495063720043982,-0.0035121846243047605,0.004815425226811106,0.0,,,,,,,,,,,,,,,
B,bolivia/tile80,225,16,constant score,0.07111111111111111,0.06836277571311396,0.0,-0.06433805723920187,-0.06289960466306681,-0.05457199481195094,-0.059387420038762045,,,,,,,,,,,,,,,
B,bolivia/tile80,225,16,control S2 patch variance,0.02267088897815153,0.019922553580154382,115.14105156103648,-0.015897835106242292,-0.014459382530107234,-0.006131772678991367,-0.010947197905802473,,,,,,,,,,,,,,,
B,bolivia/tile80,225,16,control NDWI level,0.010516096862152702,0.007767761464155556,-0.3657071528307545,-0.0037430429902434673,-0.0023045904141084077,0.006023019437007459,0.0012075942101963527,,,,,,,,,,,,,,,
B,bolivia/tile80,225,16,dihedral consistency (8 transforms),0.006313431328670204,0.003565095930673057,0.01595157366299039,0.00045962254323903126,0.0018980751193740908,0.010225684970489958,0.005410259743678852,,0.9573493468183732,0.8799662873999152,0.6049211559823101,0.8143710493046774,,,,,,,,,,
B,bolivia/tile80,225,16,"boundary first, then confidence",0.008020026570161282,0.005271691172164136,1.4155555555555555,-0.0012469726982520472,0.00019147987788301242,0.00851908972899888,0.003703664502187773,,0.8567235566793087,0.9031405394016011,0.8804119023525467,0.7611093552465235,,,,,,,,,,
B,bolivia/tile80,225,16,combination conf+dihedral (prereg),0.006312852615686914,0.0035645172176897665,0.49999999999999994,0.00046020125622232193,0.0018986538323573815,0.010226263683473248,0.0054108384566621415,,,,,,,,,,,,,,,
B,bolivia/tile81,225,19,confidence (baseline),0.011024214613854224,0.007166593711833343,-6.191296419302622,0.0,-0.0017434513423297809,-0.00012939757680970748,0.0024432509465197507,,,,,,,,,,,,,,,
B,bolivia/tile81,225,19,tile-phase (aligned),0.009280763271524443,0.005423142369503562,0.062032276125076655,0.0017434513423297809,0.0,0.0016140537655200734,0.004186702288849532,,,,,,,,,,,,,,,
B,bolivia/tile81,225,19,boundary indicator,0.010894817037044516,0.007037196135023635,0.14,0.00012939757680970748,-0.0016140537655200734,0.0,0.002572648523329458,,,,,,,,,,,,,,,
B,bolivia/tile81,225,19,control NDWI gradient,0.013467465560373974,0.009609844658353094,0.07250414022919018,-0.0024432509465197507,-0.004186702288849532,-0.002572648523329458,0.0,,,,,,,,,,,,,,,
B,bolivia/tile81,225,19,constant score,0.08444444444444445,0.08058682354242357,0.0,-0.07342022983059023,-0.07516368117292001,-0.07354962740739993,-0.07097697888407048,,,,,,,,,,,,,,,
B,bolivia/tile81,225,19,control S2 patch variance,0.032252674296740634,0.028395053394719753,121.45777755684766,-0.021228459682886412,-0.02297191102521619,-0.02135785725969612,-0.01878520873636666,,,,,,,,,,,,,,,
B,bolivia/tile81,225,19,control NDWI level,0.00766774082236872,0.003810119920347839,-0.3801923609222787,0.003356473791485504,0.001613022449155723,0.0032270762146757964,0.005799724738005255,,,,,,,,,,,,,,,
B,bolivia/tile81,225,19,dihedral consistency (8 transforms),0.010255746455509935,0.006398125553489054,0.016623000781468767,0.0007684681583442887,-0.0009749831839854922,0.0006390705815345812,0.0032117191048640394,,0.9656637168141604,0.8423609355246524,0.5826164400612827,0.811383270122208,,,,,,,,,,
B,bolivia/tile81,225,19,"boundary first, then confidence",0.011531470873928775,0.007673849971907894,1.291111111111111,-0.0005072562600745515,-0.0022507076024043324,-0.000636653836884259,0.0019359946864451992,,0.8783080488832699,0.9197597977243998,0.8430630047137448,0.8168373367045932,,,,,,,,,,
B,bolivia/tile81,225,19,combination conf+dihedral (prereg),0.010564422207371506,0.006706801305350625,0.5,0.0004597924064827178,-0.001283658935847063,0.00033039482967301033,0.0029030433530024685,,,,,,,,,,,,,,,
B,bolivia/tile82,225,35,confidence (baseline),0.035625013059839186,0.02249990536767081,-5.003332899543974,0.0,0.0035189721965853335,0.0451436346167193,-0.0017301545118638545,,,,,,,,,,,,,,,
B,bolivia/tile82,225,35,tile-phase (aligned),0.03914398525642452,0.026018877564256145,0.07020677379098035,-0.0035189721965853335,0.0,0.04162466242013397,-0.005249126708449188,,,,,,,,,,,,,,,
B,bolivia/tile82,225,35,boundary indicator,0.08076864767655849,0.06764353998439011,0.16444444444444445,-0.0451436346167193,-0.04162466242013397,0.0,-0.04687378912858316,,,,,,,,,,,,,,,
B,bolivia/tile82,225,35,control NDWI gradient,0.03389485854797533,0.020769750855806957,0.0856746087275233,0.0017301545118638545,0.005249126708449188,0.04687378912858316,0.0,,,,,,,,,,,,,,,
B,bolivia/tile82,225,35,constant score,0.1555555555555555,0.14243044786338713,0.0,-0.11993054249571632,-0.11641157029913099,-0.07478690787899701,-0.12166069700758017,,,,,,,,,,,,,,,
B,bolivia/tile82,225,35,control S2 patch variance,0.09450563471977122,0.08138052702760284,108.1067576992633,-0.058880621659932034,-0.0553616494633467,-0.013736987043212731,-0.06061077617179589,,,,,,,,,,,,,,,
B,bolivia/tile82,225,35,control NDWI level,0.019302331342362398,0.006177223650194023,-0.31894642408347357,0.01632268171747679,0.019841653914062122,0.061466316334196094,0.014592527205612934,,,,,,,,,,,,,,,
B,bolivia/tile82,225,35,dihedral consistency (8 transforms),0.03495207348005746,0.021826965787889084,0.030713180826961534,0.000672939579781727,0.0041919117763670605,0.04581657419650103,-0.0010572149320821275,,0.9660577328276443,0.8696849978929626,0.6664798256685166,0.7661694058154234,,,,,,,,,,
B,bolivia/tile82,225,35,"boundary first, then confidence",0.045756635223236065,0.03263152753106769,1.5133333333333334,-0.01013162216339688,-0.006612649966811546,0.03501201245332242,-0.011861776675260734,,0.9003286978508216,0.9004245680573113,0.8735663317495067,0.735895490939739,,,,,,,,,,
B,bolivia/tile82,225,35,combination conf+dihedral (prereg),0.034820164092836364,0.02169505640066799,0.5,0.0008048489670028219,0.0043238211635881554,0.045948483583722124,-0.0009253055448610326,,,,,,,,,,,,,,,
B,bolivia/tile83,225,6,confidence (baseline),0.0004584254283323456,4.049628707162954e-05,-7.483445886638429,0.0,-2.0202020202020213e-05,0.0048745899760863146,0.0029961519994789725,,,,,,,,,,,,,,,
B,bolivia/tile83,225,6,tile-phase (aligned),0.0004382234081303254,2.029426686960933e-05,0.007880525888819344,2.0202020202020213e-05,0.0,0.004894791996288335,0.0030163540196809927,,,,,,,,,,,,,,,
B,bolivia/tile83,225,6,boundary indicator,0.00533301540441866,0.004915086263157944,0.023333333333333334,-0.0048745899760863146,-0.004894791996288335,0.0,-0.001878437976607342,,,,,,,,,,,,,,,
B,bolivia/tile83,225,6,control NDWI gradient,0.0034545774278113184,0.003036648286550602,0.024160512318447815,-0.0029961519994789725,-0.0030163540196809927,0.001878437976607342,0.0,,,,,,,,,,,,,,,
B,bolivia/tile83,225,6,constant score,0.02666666666666667,0.026248737525405953,0.0,-0.026208241238334325,-0.026228443258536342,-0.02133365126224801,-0.02321208923885535,,,,,,,,,,,,,,,
B,bolivia/tile83,225,6,control S2 patch variance,0.05162945442534934,0.05121152528408862,78.25204092921244,-0.05117102899701699,-0.051191231017219015,-0.046296439020930676,-0.048174876997538016,,,,,,,,,,,,,,,
B,bolivia/tile83,225,6,control NDWI level,0.0005192176633847586,0.00010128852212404251,-0.48991365396325337,-6.079223505241297e-05,-8.099425525443318e-05,0.004813797741033902,0.0029353597644265596,,,,,,,,,,,,,,,
B,bolivia/tile83,225,6,dihedral consistency (8 transforms),0.0004586107679672265,4.068162670651046e-05,0.005884546308106009,-1.853396348809144e-07,-2.0387359836901127e-05,0.004874404636451434,0.0029959666598440918,,0.9129814580699526,0.8827844500632104,0.4269172185110334,0.4995638432364089,,,,,,,,,,
B,bolivia/tile83,225,6,"boundary first, then confidence",0.0006453685331251887,0.0002274393918644727,0.6333333333333333,-0.00018694310479284315,-0.00020714512499486336,0.004687646871293472,0.0028092088946861295,,0.999860935524652,0.8956120943952799,0.4320086749165882,0.4337357774968393,,,,,,,,,,
B,bolivia/tile83,225,6,combination conf+dihedral (prereg),0.0004483244182313355,3.0395276970619463e-05,0.5,1.010101010101008e-05,-1.0101010101010134e-05,0.004884690986187325,0.0030062530095799826,,,,,,,,,,,,,,,
B,bolivia/tile84,225,34,confidence (baseline),0.044445042152047094,0.03206956839600181,-3.4546171601613365,0.0,0.005299161598580036,0.030631489471081214,0.026474120297182886,,,,,,,,,,,,,,,
B,bolivia/tile84,225,34,tile-phase (aligned),0.04974420375062713,0.037368729994581844,0.07084359862327902,-0.005299161598580036,0.0,0.025332327872501177,0.02117495869860285,,,,,,,,,,,,,,,
B,bolivia/tile84,225,34,boundary indicator,0.07507653162312831,0.06270105786708302,0.1688888888888889,-0.030631489471081214,-0.025332327872501177,0.0,-0.004157369173898327,,,,,,,,,,,,,,,
B,bolivia/tile84,225,34,control NDWI gradient,0.07091916244922998,0.058543688693184694,0.04987469876732718,-0.026474120297182886,-0.02117495869860285,0.004157369173898327,0.0,,,,,,,,,,,,,,,
B,bolivia/tile84,225,34,constant score,0.1511111111111111,0.13873563735506583,0.0,-0.10666606895906403,-0.10136690736048398,-0.07603457948798281,-0.08019194866188115,,,,,,,,,,,,,,,
B,bolivia/tile84,225,34,control S2 patch variance,0.1176029887133308,0.10522751495728552,70.83277888999471,-0.07315794656128372,-0.06785878496270367,-0.0425264570902025,-0.04668382626410083,,,,,,,,,,,,,,,
B,bolivia/tile84,225,34,control NDWI level,0.08723275408189725,0.07485728032585195,-0.1798678465457645,-0.04278771192985015,-0.03748855033127011,-0.012156222458768934,-0.01631359163266726,,,,,,,,,,,,,,,
B,bolivia/tile84,225,34,dihedral consistency (8 transforms),0.04538286541161243,0.033007391655567146,0.0491354945909552,-0.0009378232595653388,0.004361338339014698,0.029693666211515875,0.025536297037617547,,0.9303634639696591,0.8158586177833961,0.5694120169450787,0.2848598820058997,,,,,,,,,,
B,bolivia/tile84,225,34,"boundary first, then confidence",0.04813501304639953,0.03575953929035424,1.46,-0.003689970894352433,0.0016091907042276032,0.02694151857672878,0.022784149402830453,,0.883494521702487,0.8453276443320686,0.8639299319124414,0.3754077117572693,,,,,,,,,,
B,bolivia/tile84,225,34,combination conf+dihedral (prereg),0.04303035874745497,0.030654884991409684,0.5,0.0014146834045921236,0.00671384500317216,0.03204617287567334,0.02788880370177501,,,,,,,,,,,,,,,
B,bolivia/tile85,225,34,confidence (baseline),0.028059555388083704,0.015684081632038417,-4.186361324919595,0.0,0.0009069504338353358,0.037149340710657106,0.07403838725387904,,,,,,,,,,,,,,,
B,bolivia/tile85,225,34,tile-phase (aligned),0.02896650582191904,0.016591032065873753,0.04425936537161761,-0.0009069504338353358,0.0,0.03624239027682177,0.0731314368200437,,,,,,,,,,,,,,,
B,bolivia/tile85,225,34,boundary indicator,0.06520889609874081,0.05283342234269552,0.11,-0.037149340710657106,-0.03624239027682177,0.0,0.03688904654322193,,,,,,,,,,,,,,,
B,bolivia/tile85,225,34,control NDWI gradient,0.10209794264196274,0.08972246888591745,0.042973345690174636,-0.07403838725387904,-0.0731314368200437,-0.03688904654322193,0.0,,,,,,,,,,,,,,,
B,bolivia/tile85,225,34,constant score,0.1511111111111111,0.13873563735506583,0.0,-0.12305155572302742,-0.12214460528919208,-0.0859022150123703,-0.04901316846914838,,,,,,,,,,,,,,,
B,bolivia/tile85,225,34,control S2 patch variance,0.22981589853745713,0.21744042478141185,69.38492870199354,-0.20175634314937343,-0.2008493927155381,-0.16460700243871632,-0.1277179558954944,,,,,,,,,,,,,,,
B,bolivia/tile85,225,34,control NDWI level,0.017133757891913348,0.004758284135868061,-0.272742244592996,0.010925797496170356,0.011832747930005692,0.04807513820682746,0.08496418475004938,,,,,,,,,,,,,,,
B,bolivia/tile85,225,34,dihedral consistency (8 transforms),0.025699317741349894,0.013323843985304607,0.025858793444559623,0.00236023764673381,0.003267188080569146,0.03950957835739091,0.07639862490061285,,0.9499420564686053,0.8654761904761905,0.641699134397696,0.08831647703329125,,,,,,,,,,
B,bolivia/tile85,225,34,"boundary first, then confidence",0.03212474069990059,0.0197492669438553,1.1577777777777778,-0.004065185311816884,-0.003158234877981548,0.03308415539884022,0.06997320194206215,,0.9259534344711337,0.9146902654867253,0.8170916355553067,0.07038980193847455,,,,,,,,,,
B,bolivia/tile85,225,34,combination conf+dihedral (prereg),0.0266465838283567,0.014271110072311414,0.5,0.0014129715597270033,0.002319921993562339,0.038562312270384105,0.07545135881360604,,,,,,,,,,,,,,,
B,bolivia/tile86,225,105,confidence (baseline),0.25893200628956503,0.1264884627628967,-2.6319570506943597,0.0,0.009930240735236129,0.1451297187676194,0.01756122243666297,,,,,,,,,,,,,,,
B,bolivia/tile86,225,105,tile-phase (aligned),0.26886224702480116,0.13641870349813282,0.08046578744038319,-0.009930240735236129,0.0,0.13519947803238327,0.007630981701426842,,,,,,,,,,,,,,,
B,bolivia/tile86,225,105,boundary indicator,0.40406172505718446,0.2716181815305161,0.18,-0.1451297187676194,-0.13519947803238327,0.0,-0.12756849633095643,,,,,,,,,,,,,,,
B,bolivia/tile86,225,105,control NDWI gradient,0.276493228726228,0.14404968519955966,0.04382167180517922,-0.01756122243666297,-0.007630981701426842,0.12756849633095643,0.0,,,,,,,,,,,,,,,
B,bolivia/tile86,225,105,constant score,0.46666666666666673,0.33422312313999836,0.0,-0.20773466037710167,-0.19780441964186554,-0.06260494160948227,-0.1901734379404387,,,,,,,,,,,,,,,
B,bolivia/tile86,225,105,control S2 patch variance,0.4531343296105719,0.32069078608390356,44.31008850181188,-0.19420232332100687,-0.18427208258577074,-0.04907260455338747,-0.1766411008843439,,,,,,,,,,,,,,,
B,bolivia/tile86,225,105,control NDWI level,0.2243892045002859,0.09194566097361756,-0.1330973317770125,0.034542801789279126,0.044473042524515255,0.17967252055689853,0.0521040242259421,,,,,,,,,,,,,,,
B,bolivia/tile86,225,105,dihedral consistency (8 transforms),0.2759355018549699,0.14349195832830156,0.050624758756700125,-0.01700349556540487,-0.00707325483016874,0.12812622320221453,0.0005577268712581018,,0.9070101137800252,0.749849346818373,0.6237351390135226,0.4847671723556681,,,,,,,,,,
B,bolivia/tile86,225,105,"boundary first, then confidence",0.2767421841338518,0.14429864060718348,1.6111111111111114,-0.01781017784428679,-0.007879937109050661,0.1273195409233326,-0.00024895540762381874,,0.8965170670037926,0.8045543615676358,0.871556778645952,0.45594605983986497,,,,,,,,,,
B,bolivia/tile86,225,105,combination conf+dihedral (prereg),0.2661204287050453,0.13367688517837698,0.5,-0.007188422415480289,0.00274181831975584,0.13794129635213911,0.010372800021182682,,,,,,,,,,,,,,,
B,bolivia/tile87,225,10,confidence (baseline),0.003052803233137094,0.001951567195694386,-6.622436261177063,0.0,0.0008285991041754774,0.004864400637894853,0.00912917722363503,,,,,,,,,,,,,,,
B,bolivia/tile87,225,10,tile-phase (aligned),0.0038814023373125715,0.0027801662998698635,0.028845930712559493,-0.0008285991041754774,0.0,0.004035801533719376,0.008300578119459551,,,,,,,,,,,,,,,
B,bolivia/tile87,225,10,boundary indicator,0.007917203871031947,0.006815967833589239,0.06444444444444444,-0.004864400637894853,-0.004035801533719376,0.0,0.004264776585740176,,,,,,,,,,,,,,,
B,bolivia/tile87,225,10,control NDWI gradient,0.012181980456772122,0.011080744419329415,0.03727304776324158,-0.00912917722363503,-0.008300578119459551,-0.004264776585740176,0.0,,,,,,,,,,,,,,,
B,bolivia/tile87,225,10,constant score,0.04444444444444444,0.04334320840700173,0.0,-0.041391641211307346,-0.040563042107131866,-0.036527240573412494,-0.03226246398767232,,,,,,,,,,,,,,,
B,bolivia/tile87,225,10,control S2 patch variance,0.06484740709913744,0.06374617106169474,76.68403464232749,-0.06179460386600035,-0.06096600476182487,-0.0569302032281055,-0.05266542664236532,,,,,,,,,,,,,,,
B,bolivia/tile87,225,10,control NDWI level,0.0017064820816981552,0.0006052460442554472,-0.41606052433055585,0.0013463211514389388,0.0021749202556144162,0.006210721789333792,0.010475498375073968,,,,,,,,,,,,,,,
B,bolivia/tile87,225,10,dihedral consistency (8 transforms),0.003065350667112975,0.001964114629670267,0.009694093801103412,-1.2547433975881178e-05,0.0008160516701995963,0.004851853203918972,0.009116629789659148,,0.944560682680152,0.8401527602191319,0.46188162678458705,0.852264011799411,,,,,,,,,,
B,bolivia/tile87,225,10,"boundary first, then confidence",0.0031529341028876676,0.0020516980654449596,0.9355555555555556,-0.00010013086975057357,0.0007284682344249039,0.00476426976814428,0.009029046353884455,,0.9246354825115891,0.9045364517488417,0.7180273854956835,0.8354793510324485,,,,,,,,,,
B,bolivia/tile87,225,10,combination conf+dihedral (prereg),0.002973069561147604,0.0018718335237048961,0.5,7.97336719894899e-05,0.0009083327761649673,0.004944134309884343,0.00920891089562452,,,,,,,,,,,,,,,
B,bolivia/tile88,205,37,confidence (baseline),0.04339897015410126,0.02559236990438741,-3.479861626101703,0.0,0.001683010676619738,0.05381225432339661,0.10385361998465015,,,,,,,,,,,,,,,
B,bolivia/tile88,205,37,tile-phase (aligned),0.045081980830721,0.027275380581007147,0.06498740392146318,-0.001683010676619738,0.0,0.052129243646776874,0.1021706093080304,,,,,,,,,,,,,,,
B,bolivia/tile88,205,37,boundary indicator,0.09721122447749787,0.07940462422778402,0.12012195121951219,-0.05381225432339661,-0.052129243646776874,0.0,0.05004136566125353,,,,,,,,,,,,,,,
B,bolivia/tile88,205,37,control NDWI gradient,0.14725259013875142,0.12944598988903755,0.031022352302089256,-0.10385361998465015,-0.1021706093080304,-0.05004136566125353,0.0,,,,,,,,,,,,,,,
B,bolivia/tile88,205,37,constant score,0.18048780487804875,0.1626812046283349,0.0,-0.1370888347239475,-0.13540582404732776,-0.08327658040055089,-0.03323521473929736,,,,,,,,,,,,,,,
B,bolivia/tile88,205,37,control S2 patch variance,0.13856898266933754,0.12076238241962368,67.1308602511421,-0.09517001251523627,-0.09348700183861654,-0.041357758191839664,0.008683607469413865,,,,,,,,,,,,,,,
B,bolivia/tile88,205,37,control NDWI level,0.13205606373727066,0.11424946348755681,-0.16742452904387037,-0.0886570935831694,-0.08697408290654966,-0.03484483925977279,0.01519652640148074,,,,,,,,,,,,,,,
B,bolivia/tile88,205,37,dihedral consistency (8 transforms),0.03514560781054779,0.01733900756083394,0.0476745858325491,0.00825336234355347,0.009936373020173209,0.06206561666695008,0.11210698232820361,,0.9149224833196359,0.9040687551364374,0.6173510994369297,0.24215430903595134,,,,,,,,,,
B,bolivia/tile88,205,37,"boundary first, then confidence",0.04903328582619438,0.031226685576480527,1.2751524390243902,-0.005634315672093118,-0.00395130499547338,0.048177938651303494,0.09821930431255702,,0.952789346854063,0.8849967266091847,0.8417182844033366,0.2944449861403243,,,,,,,,,,
B,bolivia/tile88,205,37,combination conf+dihedral (prereg),0.036269477763605625,0.018462877513891772,0.5,0.007129492390495637,0.008812503067115375,0.06094174671389225,0.11098311237514577,,,,,,,,,,,,,,,
B,bolivia/tile89,225,32,confidence (baseline),0.016666437249183392,0.005720544531953999,-6.521725839773814,0.0,-0.0011994492285529942,0.02342668698987659,0.031727863254567626,,,,,,,,,,,,,,,
B,bolivia/tile89,225,32,tile-phase (aligned),0.015466988020630398,0.004521095303401005,0.03756231535557567,0.0011994492285529942,0.0,0.024626136218429583,0.03292731248312061,,,,,,,,,,,,,,,
B,bolivia/tile89,225,32,boundary indicator,0.04009312423905998,0.02914723152183059,0.09444444444444444,-0.02342668698987659,-0.024626136218429583,0.0,0.008301176264691033,,,,,,,,,,,,,,,
B,bolivia/tile89,225,32,control NDWI gradient,0.048394300503751014,0.03744840778652162,0.0368653872310543,-0.031727863254567626,-0.03292731248312061,-0.008301176264691033,0.0,,,,,,,,,,,,,,,
B,bolivia/tile89,225,32,constant score,0.14222222222222222,0.13127632950499282,0.0,-0.12555578497303882,-0.12675523420159182,-0.10212909798316223,-0.09382792171847121,,,,,,,,,,,,,,,
B,bolivia/tile89,225,32,control S2 patch variance,0.13953334399233416,0.12858745127510476,75.29562204601956,-0.12286690674315076,-0.12406635597170376,-0.09944021975327418,-0.09113904348858315,,,,,,,,,,,,,,,
B,bolivia/tile89,225,32,control NDWI level,0.015205171560622456,0.004259278843393064,-0.4102087255806509,0.0014612656885609355,0.00026181646000794125,0.024887952678437526,0.03318912894312856,,,,,,,,,,,,,,,
B,bolivia/tile89,225,32,dihedral consistency (8 transforms),0.017023969423759076,0.006078076706529684,0.01866069799516683,-0.00035753217457568445,-0.0015569814031286787,0.023069154815300905,0.03137033107999194,,0.9705962916139902,0.9241635061104087,0.6694734074053426,0.8175158027812889,,,,,,,,,,
B,bolivia/tile89,225,32,"boundary first, then confidence",0.01794295214853914,0.006997059431309748,1.0422222222222222,-0.001276514899355749,-0.0024759641279087433,0.02215017209052084,0.030451348355211873,,0.9832300884955749,0.9350884955752212,0.7708681610392529,0.849662873999157,,,,,,,,,,
B,bolivia/tile89,225,32,combination conf+dihedral (prereg),0.01643978219043311,0.005493889473203718,0.5,0.00022665505875028163,-0.0009727941698027126,0.02365334204862687,0.0319545183133179,,,,,,,,,,,,,,,
B,bolivia/tile90,219,33,confidence (baseline),0.036921743807007336,0.02460778407304908,-3.048193434193798,0.0,0.006500168831717293,0.018638194059145956,0.08720277902701404,,,,,,,,,,,,,,,
B,bolivia/tile90,219,33,tile-phase (aligned),0.04342191263872463,0.031107952904766374,0.0829488279067177,-0.006500168831717293,0.0,0.012138025227428663,0.08070261019529673,,,,,,,,,,,,,,,
B,bolivia/tile90,219,33,boundary indicator,0.05555993786615329,0.04324597813219504,0.2243150684931507,-0.018638194059145956,-0.012138025227428663,0.0,0.06856458496786808,,,,,,,,,,,,,,,
B,bolivia/tile90,219,33,control NDWI gradient,0.12412452283402137,0.11181056310006311,0.055983456012687005,-0.08720277902701404,-0.08070261019529673,-0.06856458496786808,0.0,,,,,,,,,,,,,,,
B,bolivia/tile90,219,33,constant score,0.15068493150684925,0.13837097177289098,0.0,-0.1137631876998419,-0.10726301886812462,-0.09512499364069595,-0.02656040867282787,,,,,,,,,,,,,,,
B,bolivia/tile90,219,33,control S2 patch variance,0.09208432451932991,0.07977036478537165,57.07201310085955,-0.05516258071232257,-0.04866241188060528,-0.036524386653176616,0.03204019831469146,,,,,,,,,,,,,,,
B,bolivia/tile90,219,33,control NDWI level,0.0672731228709082,0.05495916313694994,-0.13596739162194518,-0.03035137906390086,-0.02385121023218357,-0.011713185004754906,0.05685139996311317,,,,,,,,,,,,,,,
B,bolivia/tile90,219,33,dihedral consistency (8 transforms),0.03938855784229969,0.02707459810834144,0.05296520396777892,-0.002466814035292357,0.004033354796424936,0.0161713800238536,0.08473596499172167,,0.9160099169399155,0.8333359991773969,0.718919174734859,0.280735087458727,,,,,,,,,,
B,bolivia/tile90,219,33,"boundary first, then confidence",0.0351861571169171,0.022872197382958842,1.767286366601435,0.0017355866900902392,0.008235755521807532,0.020373780749236195,0.08893836571710427,,0.955497160876072,0.829201275035132,0.8457495820832166,0.25707610223131167,,,,,,,,,,
B,bolivia/tile90,219,33,combination conf+dihedral (prereg),0.03644243068120001,0.024128470947241756,0.5,0.00047931312580732494,0.006979481957524618,0.01911750718495328,0.08768209215282136,,,,,,,,,,,,,,,
B,bolivia/tile92,225,11,confidence (baseline),0.0034162132172812533,0.002092709027041121,-5.321387961970435,0.0,0.0002212351819795644,-0.001084374644105751,0.007101213318924887,,,,,,,,,,,,,,,
B,bolivia/tile92,225,11,tile-phase (aligned),0.0036374483992608177,0.0023139442090206854,0.031226451343140473,-0.0002212351819795644,0.0,-0.0013056098260853155,0.006879978136945322,,,,,,,,,,,,,,,
B,bolivia/tile92,225,11,boundary indicator,0.002331838573175502,0.0010083343829353699,0.06444444444444444,0.001084374644105751,0.0013056098260853155,0.0,0.008185587963030637,,,,,,,,,,,,,,,
B,bolivia/tile92,225,11,control NDWI gradient,0.01051742653620614,0.009193922345966008,0.0420630102784232,-0.007101213318924887,-0.006879978136945322,-0.008185587963030637,0.0,,,,,,,,,,,,,,,
B,bolivia/tile92,225,11,constant score,0.04888888888888887,0.04756538469864874,0.0,-0.04547267567160762,-0.04525144048962805,-0.04655705031571337,-0.03837146235268273,,,,,,,,,,,,,,,
B,bolivia/tile92,225,11,control S2 patch variance,0.026712334324053563,0.02538883013381343,91.90322370744062,-0.02329612110677231,-0.023074885924792746,-0.02438049575087806,-0.01619490778784742,,,,,,,,,,,,,,,
B,bolivia/tile92,225,11,control NDWI level,0.0026748971786129394,0.0013513929883728073,-0.3631576598420774,0.0007413160386683137,0.0009625512206478781,-0.0003430586054374374,0.0078425293575932,,,,,,,,,,,,,,,
B,bolivia/tile92,225,11,dihedral consistency (8 transforms),0.0036819411313307304,0.002358436941090598,0.019835723626488794,-0.00026572791404947706,-4.4492732069912645e-05,-0.0013501025581552281,0.00683548540487541,,0.9626885798567212,0.8989664981036654,0.4760901582412065,0.5320375052675932,,,,,,,,,,
B,bolivia/tile92,225,11,"boundary first, then confidence",0.0021529478107947214,0.0008294436205545893,0.9,0.0012632654064865317,0.001484500588466096,0.0001788907623807806,0.008364478725411418,,0.9416477033291196,0.9248388116308468,0.694828576122555,0.5418268015170673,,,,,,,,,,
B,bolivia/tile92,225,11,combination conf+dihedral (prereg),0.0030664130730170976,0.0017429088827769655,0.5,0.00034980014426415546,0.0005710353262437199,-0.0007345744998415956,0.007451013463189042,,,,,,,,,,,,,,,
B,bolivia/tile93,133,12,confidence (baseline),0.017044517247986023,0.012507632927058442,-4.0621872447935266,0.0,0.006966681271657105,0.005111516798139773,0.10065349425491876,,,,,,,,,,,,,,,
B,bolivia/tile93,133,12,tile-phase (aligned),0.024011198519643128,0.019474314198715547,0.04999711382670216,-0.006966681271657105,0.0,-0.0018551644735173324,0.09368681298326166,,,,,,,,,,,,,,,
B,bolivia/tile93,133,12,boundary indicator,0.022156034046125796,0.017619149725198215,0.11466165413533834,-0.005111516798139773,0.0018551644735173324,0.0,0.095541977456779,,,,,,,,,,,,,,,
B,bolivia/tile93,133,12,control NDWI gradient,0.11769801150290479,0.11316112718197721,0.04046222331179794,-0.10065349425491876,-0.09368681298326166,-0.095541977456779,0.0,,,,,,,,,,,,,,,
B,bolivia/tile93,133,12,constant score,0.09022556390977442,0.08568867958884684,0.0,-0.0731810466617884,-0.06621436539013129,-0.06806952986364861,0.027472447593130375,,,,,,,,,,,,,,,
B,bolivia/tile93,133,12,control S2 patch variance,0.18489835487106274,0.18036147055013516,84.68441849831224,-0.1678538376230767,-0.16088715635141962,-0.16274232082493695,-0.06720034336815794,,,,,,,,,,,,,,,
B,bolivia/tile93,133,12,control NDWI level,0.017991629068062207,0.013454744747134626,-0.23956194667848202,-0.0009471118200761845,0.006019569451580921,0.0041644049780635885,0.09970638243484259,,,,,,,,,,,,,,,
B,bolivia/tile93,133,12,dihedral consistency (8 transforms),0.024402531558859398,0.019865647237931817,0.032089353339261675,-0.007358014310873375,-0.0003913330392162698,-0.002246497512733602,0.0932954799440454,,0.9465879760459499,0.8642382754715824,0.721510858522613,0.2598218749043572,,,,,,,,,,
B,bolivia/tile93,133,12,"boundary first, then confidence",0.016270034116313954,0.011733149795386373,1.2135136949516647,0.0007744831316720685,0.007741164403329174,0.0058859999298118415,0.10142797738659085,,0.9710215157976346,0.9163393558523175,0.8392887712339284,0.23018026749370027,,,,,,,,,,
B,bolivia/tile93,133,12,combination conf+dihedral (prereg),0.02037810393689107,0.01584121961596349,0.5,-0.003333586688905047,0.0036330945827520583,0.001777930109234726,0.09731990756601372,,,,,,,,,,,,,,,
B,bolivia/tile94,94,11,confidence (baseline),0.03905801179123301,0.0313070231825971,-3.1697687455948365,0.0,0.04649680192460389,0.05017433074530175,0.025573629868720832,,,,,,,,,,,,,,,
B,bolivia/tile94,94,11,tile-phase (aligned),0.08555481371583691,0.07780382510720099,0.07944554181836368,-0.04649680192460389,0.0,0.0036775288206978562,-0.02092317205588306,,,,,,,,,,,,,,,
B,bolivia/tile94,94,11,boundary indicator,0.08923234253653477,0.08148135392789885,0.18351063829787234,-0.05017433074530175,-0.0036775288206978562,0.0,-0.024600700876580915,,,,,,,,,,,,,,,
B,bolivia/tile94,94,11,control NDWI gradient,0.06463164165995385,0.05688065305131793,0.05088450760668705,-0.025573629868720832,0.02092317205588306,0.024600700876580915,0.0,,,,,,,,,,,,,,,
B,bolivia/tile94,94,11,constant score,0.11702127659574468,0.10927028798710876,0.0,-0.07796326480451166,-0.03146646287990777,-0.027788934059209916,-0.05238963493579083,,,,,,,,,,,,,,,
B,bolivia/tile94,94,11,control S2 patch variance,0.10195861044400527,0.09420762183536935,62.18483679550833,-0.06290059865277225,-0.016403796728168357,-0.012726267907470501,-0.037326968784051416,,,,,,,,,,,,,,,
B,bolivia/tile94,94,11,control NDWI level,0.051683724814163605,0.04393273620552769,-0.15702576757429143,-0.012625713022930592,0.0338710889016733,0.037548617722371155,0.01294791684579024,,,,,,,,,,,,,,,
B,bolivia/tile94,94,11,dihedral consistency (8 transforms),0.05304630722065997,0.04529531861202406,0.03909121827188968,-0.013988295429426957,0.032508506495176934,0.03618603531587479,0.011585334439293875,,0.9500921142939712,0.7829859480547633,0.6338823089755282,0.6053606906765888,,,,,,,,,,
B,bolivia/tile94,94,11,"boundary first, then confidence",0.05546015178738242,0.04770916317874651,1.717230243161094,-0.01640213999614941,0.03009466192845448,0.03377219074915234,0.009171489872571423,,0.8814001372683601,0.8353068670303075,0.8772159731916523,0.5131452515984541,,,,,,,,,,
B,bolivia/tile94,94,11,combination conf+dihedral (prereg),0.04426284925873707,0.03651186065010116,0.49999999999999983,-0.00520483746750406,0.04129196445709983,0.04496949327779769,0.020368792401216772,,,,,,,,,,,,,,,
B,bolivia/tile95,82,5,confidence (baseline),0.0025870756347079354,0.00031884033809579347,-6.843409318022612,0.0,0.002222143503408346,0.016575573916804344,0.024332785240766854,,,,,,,,,,,,,,,
B,bolivia/tile95,82,5,tile-phase (aligned),0.004809219138116281,0.0025409838415041395,0.02476278958034172,-0.002222143503408346,0.0,0.014353430413396,0.022110641737358508,,,,,,,,,,,,,,,
B,bolivia/tile95,82,5,boundary indicator,0.01916264955151228,0.01689441425490014,0.07317073170731707,-0.016575573916804344,-0.014353430413396,0.0,0.0077572113239625096,,,,,,,,,,,,,,,
B,bolivia/tile95,82,5,control NDWI gradient,0.02691986087547479,0.02465162557886265,0.05009819368671104,-0.024332785240766854,-0.022110641737358508,-0.0077572113239625096,0.0,,,,,,,,,,,,,,,
B,bolivia/tile95,82,5,constant score,0.06097560975609756,0.058707374459485415,0.0,-0.05838853412138962,-0.056166390617981274,-0.041812960204585276,-0.034055748880622766,,,,,,,,,,,,,,,
B,bolivia/tile95,82,5,control S2 patch variance,0.12387938140153051,0.12161114610491837,150.64180566166402,-0.12129230576682258,-0.11907016226341423,-0.10471673185001823,-0.09695952052605572,,,,,,,,,,,,,,,
B,bolivia/tile95,82,5,control NDWI level,0.003056170191483875,0.0007879348948717333,-0.3640670994128909,-0.0004690945567759398,0.0017530489466324062,0.016106479360028406,0.023863690683990916,,,,,,,,,,,,,,,
B,bolivia/tile95,82,5,dihedral consistency (8 transforms),0.003539918480110213,0.001271683183498071,0.013919456397982175,-0.0009528428454022774,0.0012693006580060686,0.015622731071402069,0.02337994239536458,,0.9406406112253898,0.9128873216443006,0.643500028975192,0.5675057955398829,,,,,,,,,,
B,bolivia/tile95,82,5,"boundary first, then confidence",0.004697925962113768,0.0024296906655016264,0.8458188153310106,-0.002110850327405833,0.00011129317600251307,0.014464723589398513,0.02222193491336102,,0.9868743265745914,0.9002187612237563,0.7196553023271527,0.569377782131235,,,,,,,,,,
B,bolivia/tile95,82,5,combination conf+dihedral (prereg),0.003224865316143317,0.0009566300195311753,0.4999999999999999,-0.0006377896814353818,0.0015843538219729642,0.015937784235368964,0.023694995559331473,,,,,,,,,,,,,,,
B,bolivia/tile96,211,39,confidence (baseline),0.05732977339488193,0.03864870436226895,-4.32610230253771,0.0,-0.009354995123182518,-0.014826483065383513,0.054155647813497625,,,,,,,,,,,,,,,
B,bolivia/tile96,211,39,tile-phase (aligned),0.047974778271699416,0.029293709239086432,0.0748306719239059,0.009354995123182518,0.0,-0.005471487942200995,0.06351064293668014,,,,,,,,,,,,,,,
B,bolivia/tile96,211,39,boundary indicator,0.04250329032949842,0.023822221296885437,0.1623222748815166,0.014826483065383513,0.005471487942200995,0.0,0.06898213087888114,,,,,,,,,,,,,,,
B,bolivia/tile96,211,39,control NDWI gradient,0.11148542120837955,0.09280435217576657,0.04699111922645816,-0.054155647813497625,-0.06351064293668014,-0.06898213087888114,0.0,,,,,,,,,,,,,,,
B,bolivia/tile96,211,39,constant score,0.18483412322274884,0.16615305419013585,0.0,-0.1275043498278669,-0.1368593449510494,-0.1423308328932504,-0.07334870201436927,,,,,,,,,,,,,,,
B,bolivia/tile96,211,39,control S2 patch variance,0.21872038323203138,0.2000393141994184,102.22526015243555,-0.16139060983714945,-0.17074560496033198,-0.17621709290253296,-0.10723496202365182,,,,,,,,,,,,,,,
B,bolivia/tile96,211,39,control NDWI level,0.02024504574969936,0.001563976717086378,-0.3444481112829266,0.03708472764518257,0.027729732522000054,0.02225824457979906,0.09124037545868019,,,,,,,,,,,,,,,
B,bolivia/tile96,211,39,dihedral consistency (8 transforms),0.06207607986991881,0.04339501083730583,0.03302771965857216,-0.004746306475036877,-0.014101301598219394,-0.01957278954042039,0.04940934133846075,,0.9519346967974344,0.8487065826956729,0.5981964970868032,0.6025076327589067,,,,,,,,,,
B,bolivia/tile96,211,39,"boundary first, then confidence",0.04315579037313904,0.024474721340526057,1.3970040622884223,0.014173983021742893,0.004818987898560376,-0.0006525000436406192,0.06832963083524052,,0.9044365810349891,0.8841506879063887,0.8642681469871396,0.5310816162287145,,,,,,,,,,
B,bolivia/tile96,211,39,combination conf+dihedral (prereg),0.05943052063796826,0.04074945160535528,0.5,-0.002100747243086329,-0.011455742366268847,-0.01692723030846984,0.052054900570411296,,,,,,,,,,,,,,,
B,bolivia/tile97,49,19,confidence (baseline),0.5629062473938455,0.4716112723381521,-3.262547083655182,0.0,0.06390575218448497,0.027763551307205314,0.02797506022987828,,,,,,,,,,,,,,,
B,bolivia/tile97,49,19,tile-phase (aligned),0.6268119995783306,0.535517024522637,0.09394098210210285,-0.06390575218448497,0.0,-0.03614220087727965,-0.035930691954606686,,,,,,,,,,,,,,,
B,bolivia/tile97,49,19,boundary indicator,0.5906697987010509,0.4993748236453574,0.26785714285714285,-0.027763551307205314,0.03614220087727965,0.0,0.00021150892267296495,,,,,,,,,,,,,,,
B,bolivia/tile97,49,19,control NDWI gradient,0.5908813076237238,0.49958633256803037,0.06503890425302918,-0.02797506022987828,0.035930691954606686,-0.00021150892267296495,0.0,,,,,,,,,,,,,,,
B,bolivia/tile97,49,19,constant score,0.3877551020408163,0.29646012698512286,0.0,0.17515114535302923,0.2390568975375142,0.20291469666023454,0.2031262055829075,,,,,,,,,,,,,,,
B,bolivia/tile97,49,19,control S2 patch variance,0.641866821488961,0.5505718464332675,73.90739427007664,-0.07896057409511542,-0.015054821910630456,-0.05119702278791011,-0.05098551386523714,,,,,,,,,,,,,,,
B,bolivia/tile97,49,19,control NDWI level,0.4587625915456179,0.36746761648992443,-0.16307084628508983,0.10414365584822766,0.16804940803271262,0.13190720715543297,0.13211871607810594,,,,,,,,,,,,,,,
B,bolivia/tile97,49,19,dihedral consistency (8 transforms),0.6015256660020217,0.5102306909463282,0.046976981589532625,-0.03861941860817614,0.025286333576308828,-0.010855867300970823,-0.010644358378297858,,0.9203061224489797,0.8240816326530612,0.680823349117894,0.4611224489795918,,,,,,,,,,
B,bolivia/tile97,49,19,"boundary first, then confidence",0.6114500716617421,0.5201550966060486,2.0497448979591835,-0.04854382426789655,0.015361927916588414,-0.020780272960691237,-0.020568764038018272,,0.9557142857142858,0.8311224489795916,0.7568011043692005,0.47551020408163275,,,,,,,,,,
B,bolivia/tile97,49,19,combination conf+dihedral (prereg),0.5954547386914613,0.5041597636357678,0.5000000000000001,-0.03254849129761567,0.0313572608868693,-0.004784939990410353,-0.004573431067737388,,,,,,,,,,,,,,,
B,bolivia/tile98,224,9,confidence (baseline),0.0032889398755182107,0.002381200304178189,-4.248600867976036,0.0,0.0005492061922116017,-0.002381200304178189,0.0253469734382646,,,,,,,,,,,,,,,
B,bolivia/tile98,224,9,tile-phase (aligned),0.0038381460677298124,0.002930406496389791,0.04275066384421474,-0.0005492061922116017,0.0,-0.002930406496389791,0.024797767246053,,,,,,,,,,,,,,,
B,bolivia/tile98,224,9,boundary indicator,0.0009077395713400217,0.0,0.06919642857142858,0.002381200304178189,0.002930406496389791,0.0,0.02772817374244279,,,,,,,,,,,,,,,
B,bolivia/tile98,224,9,control NDWI gradient,0.02863591331378281,0.02772817374244279,0.03779131504903542,-0.0253469734382646,-0.024797767246053,-0.02772817374244279,0.0,,,,,,,,,,,,,,,
B,bolivia/tile98,224,9,constant score,0.04017857142857143,0.03927083185723141,0.0,-0.03688963155305322,-0.036340425360841616,-0.03927083185723141,-0.01154265811478862,,,,,,,,,,,,,,,
B,bolivia/tile98,224,9,control S2 patch variance,0.04695490493410429,0.04604716536276427,76.76660411863698,-0.04366596505858608,-0.04311675886637448,-0.04604716536276427,-0.01831899162032148,,,,,,,,,,,,,,,
B,bolivia/tile98,224,9,control NDWI level,0.003548263025214518,0.0026405234538744962,-0.2736194857784592,-0.0002593231496963071,0.00028988304251529456,-0.0026405234538744962,0.025087650288568294,,,,,,,,,,,,,,,
B,bolivia/tile98,224,9,dihedral consistency (8 transforms),0.005241282522706131,0.004333542951366109,0.03503261883681067,-0.0019523426471879201,-0.0014031364549763185,-0.004333542951366109,0.02339463079107668,,0.945318172111895,0.8829457612641471,0.5259815810197267,0.14523275677984207,,,,,,,,,,
B,bolivia/tile98,224,9,"boundary first, then confidence",0.002926849314143606,0.0020191097428035845,0.9893773915816327,0.0003620905613746046,0.0009112967535862063,-0.0020191097428035845,0.025709063999639205,,0.9418353619474701,0.8908562887038227,0.7468783612809792,0.22303331197950046,,,,,,,,,,
B,bolivia/tile98,224,9,combination conf+dihedral (prereg),0.0034228922019427016,0.00251515263060268,0.5,-0.00013395232642449085,0.0004152538657871108,-0.00251515263060268,0.02521302111184011,,,,,,,,,,,,,,,
B,bolivia/tile99,28,15,confidence (baseline),0.538973705883115,0.35009815909111386,-2.1555500216782093,0.0,0.008961067846528836,0.03491845707112129,-0.047138885867600955,,,,,,,,,,,,,,,
B,bolivia/tile99,28,15,tile-phase (aligned),0.5479347737296438,0.3590592269376427,0.09517882350233517,-0.008961067846528836,0.0,0.025957389224592453,-0.05609995371412979,,,,,,,,,,,,,,,
B,bolivia/tile99,28,15,boundary indicator,0.5738921629542363,0.38501661616223515,0.21428571428571427,-0.03491845707112129,-0.025957389224592453,0.0,-0.08205734293872224,,,,,,,,,,,,,,,
B,bolivia/tile99,28,15,control NDWI gradient,0.491834820015514,0.3029592732235129,0.07361318898829013,0.047138885867600955,0.05609995371412979,0.08205734293872224,0.0,,,,,,,,,,,,,,,
B,bolivia/tile99,28,15,constant score,0.5357142857142858,0.3468387389222847,0.0,0.0032594201688291857,0.012220488015358022,0.038177877239950475,-0.04387946569877177,,,,,,,,,,,,,,,
B,bolivia/tile99,28,15,control S2 patch variance,0.7983505266801904,0.6094749798881892,85.6365609719145,-0.25937682079707536,-0.2504157529505465,-0.22445836372595407,-0.3065157066646763,,,,,,,,,,,,,,,
B,bolivia/tile99,28,15,control NDWI level,0.4227006981340025,0.2338251513420014,-0.12493508683992958,0.11627300774911245,0.1252340755956413,0.15119146482023374,0.0691341218815115,,,,,,,,,,,,,,,
B,bolivia/tile99,28,15,dihedral consistency (8 transforms),0.7003527342435555,0.5114771874515543,0.0724353690935199,-0.1613790283604405,-0.15241796051391165,-0.1264605712893192,-0.20851791422804145,,0.8215654077723047,0.6141215106732351,0.35988401582571733,0.46195949644225515,,,,,,,,,,
B,bolivia/tile99,28,15,"boundary first, then confidence",0.6473964026516764,0.4585208558596753,1.8818558673469385,-0.10842269676856142,-0.09946162892203259,-0.07350423969744013,-0.15556158263616238,,0.7110016420361251,0.7569786535303776,0.8631411798916803,0.5643130815544608,,,,,,,,,,
B,bolivia/tile99,28,15,combination conf+dihedral (prereg),0.6569255908860835,0.46805004409408235,0.5,-0.11795188500296849,-0.10899081715643966,-0.0830334279318472,-0.16509077087056945,,,,,,,,,,,,,,,
B,bolivia/tile100,225,22,confidence (baseline),0.018238798969744716,0.013077711705042808,-3.512135514948103,0.0,0.0003346244160425012,0.012230521066745947,0.007315375843031477,,,,,,,,,,,,,,,
B,bolivia/tile100,225,22,tile-phase (aligned),0.018573423385787217,0.013412336121085309,0.0556784268305637,-0.0003346244160425012,0.0,0.011895896650703446,0.006980751426988976,,,,,,,,,,,,,,,
B,bolivia/tile100,225,22,boundary indicator,0.030469320036490662,0.025308232771788754,0.12555555555555556,-0.012230521066745947,-0.011895896650703446,0.0,-0.00491514522371447,,,,,,,,,,,,,,,
B,bolivia/tile100,225,22,control NDWI gradient,0.025554174812776193,0.020393087548074285,0.05654160086345562,-0.007315375843031477,-0.006980751426988976,0.00491514522371447,0.0,,,,,,,,,,,,,,,
B,bolivia/tile100,225,22,constant score,0.09777777777777774,0.09261669051307583,0.0,-0.07953897880803303,-0.07920435439199053,-0.06730845774128708,-0.07222360296500155,,,,,,,,,,,,,,,
B,bolivia/tile100,225,22,control S2 patch variance,0.10537054635452339,0.10020945908982148,142.9369746167813,-0.08713174738477868,-0.08679712296873618,-0.07490122631803273,-0.0798163715417472,,,,,,,,,,,,,,,
B,bolivia/tile100,225,22,control NDWI level,0.021247139876902427,0.01608605261220052,-0.402670618790247,-0.0030083409071577118,-0.0026737164911152106,0.009222180159588235,0.004307034935873765,,,,,,,,,,,,,,,
B,bolivia/tile100,225,22,dihedral consistency (8 transforms),0.017218394151901913,0.012057306887200005,0.03569436160055274,0.001020404817842803,0.0013550292338853041,0.01325092588458875,0.00833578066087428,,0.9389643910661613,0.7323925410872318,0.4614041128964706,0.4210777496839444,,,,,,,,,,
B,bolivia/tile100,225,22,"boundary first, then confidence",0.01821316291572331,0.013052075651021403,1.3,2.5636054021404425e-05,0.0003602604700639056,0.012256157120767351,0.007341011897052881,,0.7860988200589976,0.8435398230088501,0.8596526989522032,0.5103792667509481,,,,,,,,,,
B,bolivia/tile100,225,22,combination conf+dihedral (prereg),0.01642397579004174,0.011262888525339833,0.5,0.0018148231797029749,0.002149447595745476,0.014045344246448922,0.009130199022734452,,,,,,,,,,,,,,,
B,bolivia/tile101,225,4,confidence (baseline),0.0005860210904444127,0.0003876044269305893,-7.297767083777321,0.0,-0.00028659015165613614,-0.000286312313301615,-0.0002861288608722647,,,,,,,,,,,,,,,
B,bolivia/tile101,225,4,tile-phase (aligned),0.0002994309387882766,0.00010101427527445315,0.022559092096804914,0.00028659015165613614,0.0,2.7783835452113714e-07,4.612907838714227e-07,,,,,,,,,,,,,,,
B,bolivia/tile101,225,4,boundary indicator,0.00029970877714279774,0.00010129211362897429,0.03777777777777778,0.000286312313301615,-2.7783835452113714e-07,0.0,1.8345242935028554e-07,,,,,,,,,,,,,,,
B,bolivia/tile101,225,4,control NDWI gradient,0.00029989222957214803,0.00010147556605832458,0.04299261544034687,0.0002861288608722647,-4.612907838714227e-07,-1.8345242935028554e-07,0.0,,,,,,,,,,,,,,,
B,bolivia/tile101,225,4,constant score,0.017777777777777778,0.017579361114263954,0.0,-0.017191756687333366,-0.0174783468389895,-0.01747806900063498,-0.01747788554820563,,,,,,,,,,,,,,,
B,bolivia/tile101,225,4,control S2 patch variance,0.0012362524124601868,0.0010378357489463635,113.27480174539282,-0.0006502313220157741,-0.0009368214736719103,-0.0009365436353173892,-0.0009363601828880389,,,,,,,,,,,,,,,
B,bolivia/tile101,225,4,control NDWI level,0.00037979437192483113,0.00018137770841100768,-0.4997846152428612,0.00020622671851958162,-8.036343313655453e-05,-8.008559478203339e-05,-7.99021423526831e-05,,,,,,,,,,,,,,,
B,bolivia/tile101,225,4,dihedral consistency (8 transforms),0.0005438497120128596,0.00034543304849903614,0.00746091419479247,4.217137843155316e-05,-0.000244418773224583,-0.00024414093487006185,-0.00024395748244071156,,0.9434471133586178,0.8051274757690683,0.32301888800424694,0.8127886641382215,,,,,,,,,,
B,bolivia/tile101,225,4,"boundary first, then confidence",0.00037979437192483113,0.00018137770841100768,0.7222222222222222,0.00020622671851958162,-8.036343313655453e-05,-8.008559478203339e-05,-7.99021423526831e-05,,0.9128318584070799,0.8299273072060682,0.5442671753518452,0.7864928360724821,,,,,,,,,,
B,bolivia/tile101,225,4,combination conf+dihedral (prereg),0.0005531608700259698,0.00035474420651214635,0.5,3.2860220418442945e-05,-0.0002537299312376932,-0.00025345209288317206,-0.0002532686404538218,,,,,,,,,,,,,,,
B,bolivia/tile102,225,3,confidence (baseline),0.00015882230725280052,3.9950264165510805e-05,-6.006652205255296,0.0,0.000100284526755115,2.0141078964608367e-05,0.010207045253208013,,,,,,,,,,,,,,,
B,bolivia/tile102,225,3,tile-phase (aligned),0.0002591068340079155,0.0001402347909206258,0.017785910090169638,-0.000100284526755115,0.0,-8.014344779050663e-05,0.010106760726452899,,,,,,,,,,,,,,,
B,bolivia/tile102,225,3,boundary indicator,0.00017896338621740889,6.009134313011917e-05,0.023333333333333334,-2.0141078964608367e-05,8.014344779050663e-05,0.0,0.010186904174243405,,,,,,,,,,,,,,,
B,bolivia/tile102,225,3,control NDWI gradient,0.010365867560460814,0.010246995517373524,0.03926842111290973,-0.010207045253208013,-0.010106760726452899,-0.010186904174243405,0.0,,,,,,,,,,,,,,,
B,bolivia/tile102,225,3,constant score,0.013333333333333334,0.013214461290246044,0.0,-0.013174511026080533,-0.013074226499325419,-0.013154369947115925,-0.00296746577287252,,,,,,,,,,,,,,,
B,bolivia/tile102,225,3,control S2 patch variance,0.03333739779706539,0.0332185257539781,111.99993187968569,-0.03317857548981259,-0.03307829096305748,-0.03315843441084798,-0.022971530236604577,,,,,,,,,,,,,,,
B,bolivia/tile102,225,3,control NDWI level,0.0005921549949482904,0.0004732829518610007,-0.47032296767806603,-0.0004333326876954899,-0.0003330481609403749,-0.00041319160873088155,0.009773712565512524,,,,,,,,,,,,,,,
B,bolivia/tile102,225,3,dihedral consistency (8 transforms),0.000178932915598703,6.006087251141329e-05,0.011774864495855582,-2.0110608345902484e-05,8.017391840921251e-05,3.0470618705882423e-08,0.010186934644862112,,0.9568805309734517,0.7663063632532656,0.24755600601598432,0.6976369574378418,,,,,,,,,,
B,bolivia/tile102,225,3,"boundary first, then confidence",0.00015882230725280052,3.9950264165510805e-05,0.6511111111111111,0.0,0.000100284526755115,2.0141078964608367e-05,0.010207045253208013,,0.9636946902654866,0.7839738727349349,0.45810122165959977,0.6352054361567635,,,,,,,,,,
B,bolivia/tile102,225,3,combination conf+dihedral (prereg),0.00016874294217343545,4.987089908614574e-05,0.5,-9.920634920634934e-06,9.036389183448006e-05,1.0220444043973433e-05,0.010197124618287378,,,,,,,,,,,,,,,
B,bolivia/tile103,225,7,confidence (baseline),0.002351738597077206,0.0017936579399724243,-6.5520472396744625,0.0,0.0001327726892590862,0.02505382464985595,0.0001577626461946183,,,,,,,,,,,,,,,
B,bolivia/tile103,225,7,tile-phase (aligned),0.0024845112863362924,0.0019264306292315105,0.018208491270246062,-0.0001327726892590862,0.0,0.024921051960596862,2.4989956935532118e-05,,,,,,,,,,,,,,,
B,bolivia/tile103,225,7,boundary indicator,0.027405563246933155,0.026847482589828373,0.0077777777777777776,-0.02505382464985595,-0.024921051960596862,0.0,-0.02489606200366133,,,,,,,,,,,,,,,
B,bolivia/tile103,225,7,control NDWI gradient,0.0025095012432718245,0.0019514205861670426,0.03928127720493478,-0.0001577626461946183,-2.4989956935532118e-05,0.02489606200366133,0.0,,,,,,,,,,,,,,,
B,bolivia/tile103,225,7,constant score,0.031111111111111103,0.03055303045400632,0.0,-0.028759372514033897,-0.02862659982477481,-0.003705547864177948,-0.02860160986783928,,,,,,,,,,,,,,,
B,bolivia/tile103,225,7,control S2 patch variance,0.009274266675518292,0.008716186018413511,118.74358225627525,-0.006922528078441087,-0.006789755389182001,0.01813129657141486,-0.0067647654322464685,,,,,,,,,,,,,,,
B,bolivia/tile103,225,7,control NDWI level,0.005282900158982915,0.004724819501878133,-0.4922564696782983,-0.0029311615619057084,-0.0027983888726466222,0.022122663087950238,-0.00277339891571109,,,,,,,,,,,,,,,
B,bolivia/tile103,225,7,dihedral consistency (8 transforms),0.0027397276370143588,0.002181646979909577,0.011938228956086176,-0.0003879890399371526,-0.0002552163506780664,0.024665835609918797,-0.00023022639374253428,,0.9622208175305518,0.7616403286978511,0.24253496549724546,0.8001179941002948,,,,,,,,,,
B,bolivia/tile103,225,7,"boundary first, then confidence",0.002626620380190304,0.002068539723085522,0.5533333333333333,-0.00027488178311309763,-0.00014210909385401144,0.02477894286674285,-0.00011711913691847932,,0.9989285714285714,0.7736873156342183,0.2790657388521129,0.7856500210703746,,,,,,,,,,
B,bolivia/tile103,225,7,combination conf+dihedral (prereg),0.0024334900436828897,0.0018754093865781078,0.5,-8.175144660568356e-05,5.102124265340263e-05,0.024972073203250265,7.601119958893475e-05,,,,,,,,,,,,,,,
B,bolivia/tile104,225,28,confidence (baseline),0.02087989916069777,0.012517771081694771,-3.7447344923681682,0.0,0.00229478271076429,-0.00043446793647966553,0.06433041241667814,,,,,,,,,,,,,,,
B,bolivia/tile104,225,28,tile-phase (aligned),0.02317468187146206,0.014812553792459061,0.060480785300088526,-0.00229478271076429,0.0,-0.0027292506472439554,0.06203562970591385,,,,,,,,,,,,,,,
B,bolivia/tile104,225,28,boundary indicator,0.020445431224218106,0.012083303145215106,0.12222222222222222,0.00043446793647966553,0.0027292506472439554,0.0,0.0647648803531578,,,,,,,,,,,,,,,
B,bolivia/tile104,225,28,control NDWI gradient,0.08521031157737591,0.07684818349837291,0.042342776113808725,-0.06433041241667814,-0.06203562970591385,-0.0647648803531578,0.0,,,,,,,,,,,,,,,
B,bolivia/tile104,225,28,constant score,0.12444444444444441,0.11608231636544142,0.0,-0.10356454528374665,-0.10126976257298236,-0.10399901322022631,-0.039234132867068505,,,,,,,,,,,,,,,
B,bolivia/tile104,225,28,control S2 patch variance,0.22924311859002133,0.22088099051101834,77.66855820452895,-0.20836321942932357,-0.2060684367185593,-0.20879768736580323,-0.14403280701264543,,,,,,,,,,,,,,,
B,bolivia/tile104,225,28,control NDWI level,0.011844346086406578,0.003482218007403578,-0.3275312607963743,0.009035553074291193,0.011330335785055483,0.008601085137811527,0.07336596549096934,,,,,,,,,,,,,,,
B,bolivia/tile104,225,28,dihedral consistency (8 transforms),0.01389480803579495,0.00553267995679195,0.035123206241308554,0.006985091124902821,0.009279873835667111,0.006550623188423156,0.07131550354158096,,0.9601074589127702,0.9054056047197637,0.6783034632487381,0.5602886641382214,,,,,,,,,,
B,bolivia/tile104,225,28,"boundary first, then confidence",0.018141415473598817,0.009779287394595817,1.211111111111111,0.002738483687098954,0.005033266397863244,0.0023040157506192885,0.0670688961037771,,0.9573788453434472,0.924365781710914,0.8293420495028117,0.5033407079646018,,,,,,,,,,
B,bolivia/tile104,225,28,combination conf+dihedral (prereg),0.015868374808434713,0.007506246729431712,0.5,0.005011524352263059,0.007306307063027349,0.004577056415783393,0.0693419367689412,,,,,,,,,,,,,,,
B,bolivia/tile105,225,16,confidence (baseline),0.010006620865769667,0.00725828546777252,-3.8105413415696887,0.0,-0.0014944813801981947,-0.005882888046122222,0.029309040319348466,,,,,,,,,,,,,,,
B,bolivia/tile105,225,16,tile-phase (aligned),0.008512139485571472,0.005763804087574325,0.04514945451881633,0.0014944813801981947,0.0,-0.004388406665924027,0.030803521699546657,,,,,,,,,,,,,,,
B,bolivia/tile105,225,16,boundary indicator,0.004123732819647446,0.0013753974216502989,0.08777777777777777,0.005882888046122222,0.004388406665924027,0.0,0.035191928365470686,,,,,,,,,,,,,,,
B,bolivia/tile105,225,16,control NDWI gradient,0.03931566118511813,0.036567325787120984,0.046550685556046606,-0.029309040319348466,-0.030803521699546657,-0.035191928365470686,0.0,,,,,,,,,,,,,,,
B,bolivia/tile105,225,16,constant score,0.07111111111111111,0.06836277571311396,0.0,-0.06110449024534144,-0.06259897162553964,-0.06698737829146366,-0.03179544992599297,,,,,,,,,,,,,,,
B,bolivia/tile105,225,16,control S2 patch variance,0.11588795973463956,0.1131396243366424,99.35904308847553,-0.10588133886886988,-0.10737582024906808,-0.1117642269149921,-0.07657229854952141,,,,,,,,,,,,,,,
B,bolivia/tile105,225,16,control NDWI level,0.004539706846073434,0.0017913714480762865,-0.35804001138523894,0.005466914019696234,0.003972432639498039,-0.00041597402642598764,0.0347759543390447,,,,,,,,,,,,,,,
B,bolivia/tile105,225,16,dihedral consistency (8 transforms),0.01086596624798296,0.008117630849985813,0.03915032024446797,-0.0008593453822132932,-0.002353826762411488,-0.006742233428335515,0.028449694937135173,,0.9576654024441632,0.8861135693215337,0.5916182224229956,0.45953961230509904,,,,,,,,,,
B,bolivia/tile105,225,16,"boundary first, then confidence",0.006871719447219006,0.004123384049221858,1.0244444444444443,0.003134901418550662,0.001640420038352467,-0.0027479866275715594,0.03244394173789913,,0.9402349346818378,0.9063274336283191,0.7647648342685481,0.4128044669195115,,,,,,,,,,
B,bolivia/tile105,225,16,combination conf+dihedral (prereg),0.009926107823890817,0.00717777242589367,0.49999999999999994,8.051304187885015e-05,-0.0014139683383193446,-0.0058023750042433715,0.029389553361227314,,,,,,,,,,,,,,,
B,bolivia/tile106,225,21,confidence (baseline),0.0160118224749072,0.011306975064949508,-4.9324814924266605,0.0,-0.005783720562252776,-0.009850664361370186,0.03599508160392933,,,,,,,,,,,,,,,
B,bolivia/tile106,225,21,tile-phase (aligned),0.010228101912654422,0.005523254502696732,0.05036193081096927,0.005783720562252776,0.0,-0.004066943799117411,0.04177880216618211,,,,,,,,,,,,,,,
B,bolivia/tile106,225,21,boundary indicator,0.006161158113537011,0.0014563107035793213,0.1322222222222222,0.009850664361370186,0.004066943799117411,0.0,0.045845745965299514,,,,,,,,,,,,,,,
B,bolivia/tile106,225,21,control NDWI gradient,0.05200690407883653,0.047302056668878836,0.03942710585220644,-0.03599508160392933,-0.04177880216618211,-0.045845745965299514,0.0,,,,,,,,,,,,,,,
B,bolivia/tile106,225,21,constant score,0.09333333333333334,0.08862848592337565,0.0,-0.07732151085842615,-0.08310523142067891,-0.08717217521979632,-0.04132642925449681,,,,,,,,,,,,,,,
B,bolivia/tile106,225,21,control S2 patch variance,0.1466127601408178,0.14190791273086012,93.51291996345932,-0.1306009376659106,-0.1363846582281634,-0.1404516020272808,-0.09460585606198128,,,,,,,,,,,,,,,
B,bolivia/tile106,225,21,control NDWI level,0.007003724139076076,0.0022988767291183864,-0.40454542778580405,0.009008098335831122,0.003224377773578346,-0.0008425660255390651,0.04500317993976045,,,,,,,,,,,,,,,
B,bolivia/tile106,225,21,dihedral consistency (8 transforms),0.015242224507478856,0.010537377097521165,0.030073599057339178,0.0007695979674283426,-0.005014122594824433,-0.009081066393941843,0.03676467957135767,,0.9667909818794771,0.8590655288664139,0.5667696955441196,0.6104456384323645,,,,,,,,,,
B,bolivia/tile106,225,21,"boundary first, then confidence",0.011089458678301837,0.0063846112683441465,1.1577777777777778,0.0049223637966053614,-0.0008613567656474141,-0.004928300564764825,0.04091744540053469,,0.902372524230932,0.9131184155077964,0.8085389220774678,0.5681047197640123,,,,,,,,,,
B,bolivia/tile106,225,21,combination conf+dihedral (prereg),0.014524068815555402,0.009819221405597711,0.5,0.0014877536593517968,-0.004295966902900979,-0.008362910702018389,0.037482835263281125,,,,,,,,,,,,,,,
B,bolivia/tile108,225,34,confidence (baseline),0.02881196297980134,0.016436489223756054,-3.4484349958764184,0.0,0.01954306344855105,0.032625634245840605,0.12019711253216621,,,,,,,,,,,,,,,
B,bolivia/tile108,225,34,tile-phase (aligned),0.04835502642835239,0.035979552672307104,0.08341166661153289,-0.01954306344855105,0.0,0.013082570797289556,0.10065404908361517,,,,,,,,,,,,,,,
B,bolivia/tile108,225,34,boundary indicator,0.061437597225641946,0.04906212346959666,0.16,-0.032625634245840605,-0.013082570797289556,0.0,0.08757147828632561,,,,,,,,,,,,,,,
B,bolivia/tile108,225,34,control NDWI gradient,0.14900907551196754,0.13663360175592226,0.059506433604872296,-0.12019711253216621,-0.10065404908361517,-0.08757147828632561,0.0,,,,,,,,,,,,,,,
B,bolivia/tile108,225,34,constant score,0.1511111111111111,0.13873563735506583,0.0,-0.12229914813130978,-0.10275608468275874,-0.08967351388546918,-0.00210203559914357,,,,,,,,,,,,,,,
B,bolivia/tile108,225,34,control S2 patch variance,0.2914047751468744,0.2790293013908291,105.88652819314586,-0.26259281216707303,-0.243049748718522,-0.22996717792123245,-0.14239569963490684,,,,,,,,,,,,,,,
B,bolivia/tile108,225,34,control NDWI level,0.02503600324584019,0.012660529489794903,-0.34000798525513776,0.003775959733961151,0.0233190231825122,0.03640159397980176,0.12397307226612736,,,,,,,,,,,,,,,
B,bolivia/tile108,225,34,dihedral consistency (8 transforms),0.027332071400884665,0.014956597644839378,0.040938962156344336,0.0014798915789166756,0.021022955027467725,0.03410552582475728,0.12167700411108288,,0.9390528866413823,0.6419774546986939,0.3588722055996415,0.34995469869363666,,,,,,,,,,
B,bolivia/tile108,225,34,"boundary first, then confidence",0.035757255314594116,0.02338178155854883,1.451111111111111,-0.006945292334792776,0.012597771113758274,0.02568034191104783,0.11325182019737343,,0.7664306784660768,0.8025073746312683,0.8479074507967329,0.43849557522123905,,,,,,,,,,
B,bolivia/tile108,225,34,combination conf+dihedral (prereg),0.026338855855534977,0.01396338209948969,0.5,0.0024731071242663633,0.022016170572817413,0.03509874137010697,0.12267021965643257,,,,,,,,,,,,,,,
B,bolivia/tile109,225,44,confidence (baseline),0.06777019519357701,0.04683061663384683,-2.9975059702661304,0.0,-0.00295275425608707,-0.011427515792372667,0.15607980767307877,,,,,,,,,,,,,,,
B,bolivia/tile109,225,44,tile-phase (aligned),0.06481744093748994,0.04387786237775976,0.08154590674857091,0.00295275425608707,0.0,-0.008474761536285597,0.15903256192916584,,,,,,,,,,,,,,,
B,bolivia/tile109,225,44,boundary indicator,0.05634267940120434,0.03540310084147416,0.19555555555555557,0.011427515792372667,0.008474761536285597,0.0,0.16750732346545144,,,,,,,,,,,,,,,
B,bolivia/tile109,225,44,control NDWI gradient,0.22385000286665577,0.2029104243069256,0.05814617272582603,-0.15607980767307877,-0.15903256192916584,-0.16750732346545144,0.0,,,,,,,,,,,,,,,
B,bolivia/tile109,225,44,constant score,0.19555555555555548,0.17461597699582532,0.0,-0.1277853603619785,-0.13073811461806556,-0.13921287615435116,0.028294447311100285,,,,,,,,,,,,,,,
B,bolivia/tile109,225,44,control S2 patch variance,0.3433721367016471,0.32243255814191696,100.7386127788477,-0.27560194150807016,-0.2785546957641572,-0.2870294573004428,-0.11952213383499136,,,,,,,,,,,,,,,
B,bolivia/tile109,225,44,control NDWI level,0.026604828393836523,0.005665249834106347,-0.2865544547255405,0.04116536679974048,0.03821261254365341,0.029737851007367814,0.19724517447281925,,,,,,,,,,,,,,,
B,bolivia/tile109,225,44,dihedral consistency (8 transforms),0.06525358027691411,0.04431400171718393,0.054144269619767635,0.0025166149166628987,-0.0004361393394241714,-0.008910900875709768,0.15859642258974166,,0.9076790981879477,0.7834671302149173,0.5765226551068691,0.2809555415086384,,,,,,,,,,
B,bolivia/tile109,225,44,"boundary first, then confidence",0.05709762623590411,0.036158047676173935,1.5133333333333334,0.010672568957672893,0.007719814701585823,-0.000754946834699774,0.16675237663075165,,0.886662452591656,0.8176949009692371,0.8359653949222652,0.17049410029498505,,,,,,,,,,
B,bolivia/tile109,225,44,combination conf+dihedral (prereg),0.06528118677324012,0.04434160821350994,0.5,0.002489008420336891,-0.0004637458357501789,-0.008938507372035776,0.15856881609341567,,,,,,,,,,,,,,,
B,bolivia/tile110,225,56,confidence (baseline),0.10306643023807932,0.06859467740373593,-2.3414343667692608,0.0,0.03148253908584214,0.047411292951472866,0.20806974341114504,,,,,,,,,,,,,,,
B,bolivia/tile110,225,56,tile-phase (aligned),0.13454896932392146,0.10007721648957807,0.10333230833574715,-0.03148253908584214,0.0,0.015928753865630724,0.1765872043253029,,,,,,,,,,,,,,,
B,bolivia/tile110,225,56,boundary indicator,0.1504777231895522,0.11600597035520879,0.23444444444444446,-0.047411292951472866,-0.015928753865630724,0.0,0.16065845045967217,,,,,,,,,,,,,,,
B,bolivia/tile110,225,56,control NDWI gradient,0.31113617364922436,0.27666442081488096,0.06578096864283298,-0.20806974341114504,-0.1765872043253029,-0.16065845045967217,0.0,,,,,,,,,,,,,,,
B,bolivia/tile110,225,56,constant score,0.24888888888888883,0.21441713605454543,0.0,-0.1458224586508095,-0.11433991956496736,-0.09841116569933664,0.06224728476033553,,,,,,,,,,,,,,,
B,bolivia/tile110,225,56,control S2 patch variance,0.37099720041620765,0.33652544758186426,83.62943298220758,-0.26793077017812833,-0.2364482310922862,-0.22051947722665546,-0.059861026766983294,,,,,,,,,,,,,,,
B,bolivia/tile110,225,56,control NDWI level,0.07223023642226492,0.03775848358792153,-0.23972212885766897,0.030836193815814393,0.062318732901656536,0.07824748676728727,0.23890593722695944,,,,,,,,,,,,,,,
B,bolivia/tile110,225,56,dihedral consistency (8 transforms),0.09821205061305685,0.06374029777871346,0.05930613487014651,0.00485437962502247,0.03633691871086461,0.05226567257649534,0.2129241230361675,,0.8885271807838185,0.5306489675516227,0.37766974020556765,0.1130941845764855,,,,,,,,,,
B,bolivia/tile110,225,56,"boundary first, then confidence",0.11608394950073811,0.08161219666639472,1.8066666666666666,-0.013017519262658789,0.018465019823183354,0.03439377368881408,0.19505222414848625,,0.7727475769068686,0.6058954909397385,0.7791774163410683,0.03198061525495153,,,,,,,,,,
B,bolivia/tile110,225,56,combination conf+dihedral (prereg),0.09793009289945083,0.06345834006510745,0.5,0.005136337338628477,0.03661887642447062,0.052547630290101344,0.2132060807497735,,,,,,,,,,,,,,,
B,bolivia/tile111,225,6,confidence (baseline),0.0013390807315206113,0.0009211515902598953,-4.4367887059847515,0.0,-0.0007367936895467256,-0.0009211515902598953,-0.00042738736653254324,,,,,,,,,,,,,,,
B,bolivia/tile111,225,6,tile-phase (aligned),0.0006022870419738857,0.00018435790071316964,0.029346156318271015,0.0007367936895467256,0.0,-0.00018435790071316964,0.0003094063230141824,,,,,,,,,,,,,,,
B,bolivia/tile111,225,6,boundary indicator,0.00041792914126071606,0.0,0.035555555555555556,0.0009211515902598953,0.00018435790071316964,0.0,0.000493764223727352,,,,,,,,,,,,,,,
B,bolivia/tile111,225,6,control NDWI gradient,0.0009116933649880681,0.000493764223727352,0.04521471696366204,0.00042738736653254324,-0.0003094063230141824,-0.000493764223727352,0.0,,,,,,,,,,,,,,,
B,bolivia/tile111,225,6,constant score,0.02666666666666667,0.026248737525405953,0.0,-0.025327585935146057,-0.026064379624692782,-0.026248737525405953,-0.0257549733016786,,,,,,,,,,,,,,,
B,bolivia/tile111,225,6,control S2 patch variance,0.012576536084302727,0.012158606943042011,89.39933219964927,-0.011237455352782116,-0.011974249042328841,-0.012158606943042011,-0.01166484271931466,,,,,,,,,,,,,,,
B,bolivia/tile111,225,6,control NDWI level,0.0005795503119527013,0.0001616211706919852,-0.36507302198752417,0.00075953041956791,2.2736730021184434e-05,-0.0001616211706919852,0.0003321430530353668,,,,,,,,,,,,,,,
B,bolivia/tile111,225,6,dihedral consistency (8 transforms),0.0010739654375938148,0.0006560362963330987,0.020071778224034158,0.00026511529392679654,-0.0004716783956199291,-0.0006560362963330987,-0.0001622720726057467,,0.9375126422250318,0.7733249051833126,0.29595954091245347,0.533196375895491,,,,,,,,,,
B,bolivia/tile111,225,6,"boundary first, then confidence",0.000742948902412294,0.0003250197611515779,0.7488888888888889,0.0005961318291083173,-0.00014066186043840828,-0.0003250197611515779,0.0001687444625757741,,0.9029782975136957,0.7997271386430678,0.5717066458908218,0.5797787610619471,,,,,,,,,,
B,bolivia/tile111,225,6,combination conf+dihedral (prereg),0.0011009905379855836,0.0006830613967248676,0.5,0.00023809019353502768,-0.0004987034960116979,-0.0006830613967248676,-0.00018929717299751556,,,,,,,,,,,,,,,
B,bolivia/tile112,225,46,confidence (baseline),0.07654216209524298,0.053599323984777944,-2.546953055858612,0.0,-0.01402535771220259,0.00022733247102491028,0.08687066252266033,,,,,,,,,,,,,,,
B,bolivia/tile112,225,46,tile-phase (aligned),0.06251680438304039,0.03957396627257535,0.08047746389121231,0.01402535771220259,0.0,0.014252690183227501,0.10089602023486292,,,,,,,,,,,,,,,
B,bolivia/tile112,225,46,boundary indicator,0.07676949456626789,0.053826656455802854,0.18444444444444444,-0.00022733247102491028,-0.014252690183227501,0.0,0.08664333005163542,,,,,,,,,,,,,,,
B,bolivia/tile112,225,46,control NDWI gradient,0.1634128246179033,0.14046998650743828,0.05999621194332756,-0.08687066252266033,-0.10089602023486292,-0.08664333005163542,0.0,,,,,,,,,,,,,,,
B,bolivia/tile112,225,46,constant score,0.20444444444444446,0.18150160633397944,0.0,-0.12790228234920148,-0.14192764006140407,-0.12767494987817657,-0.04103161982654116,,,,,,,,,,,,,,,
B,bolivia/tile112,225,46,control S2 patch variance,0.23884830593108536,0.21590546782062034,67.34625518903637,-0.1623061438358424,-0.176331501548045,-0.1620788113648175,-0.07543548131318206,,,,,,,,,,,,,,,
B,bolivia/tile112,225,46,control NDWI level,0.029214522253897295,0.006271684143432266,-0.22583574955257948,0.04732763984134568,0.03330228212914309,0.04755497231237059,0.134198302364006,,,,,,,,,,,,,,,
B,bolivia/tile112,225,46,dihedral consistency (8 transforms),0.09420845075250225,0.07126561264203722,0.05013908793477134,-0.017666288657259277,-0.03169164636946187,-0.017438956186234367,0.06920437386540106,,0.8797113358617782,0.654664981036663,0.410897742682834,0.22704171934260425,,,,,,,,,,
B,bolivia/tile112,225,46,"boundary first, then confidence",0.06154823760713989,0.038605399496674866,1.54,0.014993924488103078,0.0009685667759004868,0.015221256959127988,0.10186458701076341,,0.8063379688158452,0.7730952380952378,0.849072659519339,0.23569742941424357,,,,,,,,,,
B,bolivia/tile112,225,46,combination conf+dihedral (prereg),0.0830660545503822,0.060123216439917165,0.5,-0.006523892455139221,-0.020549250167341812,-0.006296559984114311,0.08034677006752111,,,,,,,,,,,,,,,
B,bolivia/tile113,225,15,confidence (baseline),0.009502117411893725,0.007080876634533486,-3.75223234878646,0.0,0.0002516979769561292,-0.0014051670392553756,0.03381395454842818,,,,,,,,,,,,,,,
B,bolivia/tile113,225,15,tile-phase (aligned),0.009753815388849854,0.007332574611489616,0.040241282213731515,-0.0002516979769561292,0.0,-0.0016568650162115048,0.03356225657147205,,,,,,,,,,,,,,,
B,bolivia/tile113,225,15,boundary indicator,0.00809695037263835,0.005675709595278111,0.08333333333333333,0.0014051670392553756,0.0016568650162115048,0.0,0.035219121587683554,,,,,,,,,,,,,,,
B,bolivia/tile113,225,15,control NDWI gradient,0.0433160719603219,0.040894831182961666,0.03769857165692825,-0.03381395454842818,-0.03356225657147205,-0.035219121587683554,0.0,,,,,,,,,,,,,,,
B,bolivia/tile113,225,15,constant score,0.06666666666666665,0.06424542588930642,0.0,-0.05716454925477293,-0.0569128512778168,-0.0585697162940283,-0.02335059470634475,,,,,,,,,,,,,,,
B,bolivia/tile113,225,15,control S2 patch variance,0.11306118626093258,0.11063994548357234,67.74580623809769,-0.10355906884903886,-0.10330737087208272,-0.10496423588829423,-0.06974511430061067,,,,,,,,,,,,,,,
B,bolivia/tile113,225,15,control NDWI level,0.0060322972663673135,0.003611056489007075,-0.28961867870474844,0.0034698201455264114,0.0037215181224825407,0.002064653106271036,0.037283774693954594,,,,,,,,,,,,,,,
B,bolivia/tile113,225,15,dihedral consistency (8 transforms),0.019555172974357042,0.017133932196996805,0.045111963314250006,-0.010053055562463319,-0.00980135758550719,-0.011458222601718695,0.02376089898596486,,0.9411588706278969,0.8940686894226716,0.5870506099951738,0.2994732406236831,,,,,,,,,,
B,bolivia/tile113,225,15,"boundary first, then confidence",0.00822941763157586,0.005808176854215622,0.98,0.0012726997803178645,0.0015243977572739938,-0.00013246725893751102,0.035086654328746046,,0.9875884955752215,0.9308396544458488,0.7387148390436032,0.2952254530130639,,,,,,,,,,
B,bolivia/tile113,225,15,combination conf+dihedral (prereg),0.013541725206449431,0.011120484429089193,0.5,-0.0040396077945557066,-0.0037879098175995773,-0.005444774833811082,0.02977434675387247,,,,,,,,,,,,,,,
B,bolivia/tile114,225,15,confidence (baseline),0.007051282977519183,0.004630042200158944,-6.019782386885749,0.0,-0.00020838356259027246,-0.0009012758772035459,-0.002631998435378322,,,,,,,,,,,,,,,
B,bolivia/tile114,225,15,tile-phase (aligned),0.00684289941492891,0.004421658637568672,0.06590605539408798,0.00020838356259027246,0.0,-0.0006928923146132734,-0.0024236148727880494,,,,,,,,,,,,,,,
B,bolivia/tile114,225,15,boundary indicator,0.006150007100315637,0.003728766322955398,0.15222222222222223,0.0009012758772035459,0.0006928923146132734,0.0,-0.001730722558174776,,,,,,,,,,,,,,,
B,bolivia/tile114,225,15,control NDWI gradient,0.004419284542140861,0.001998043764780622,0.05971962064561254,0.002631998435378322,0.0024236148727880494,0.001730722558174776,0.0,,,,,,,,,,,,,,,
B,bolivia/tile114,225,15,constant score,0.06666666666666665,0.06424542588930642,0.0,-0.05961538368914747,-0.05982376725173774,-0.060516659566351015,-0.062247382124525796,,,,,,,,,,,,,,,
B,bolivia/tile114,225,15,control S2 patch variance,0.008936819273804315,0.006515578496444076,132.51463917090192,-0.001885536296285132,-0.0020939198588754045,-0.002786812173488678,-0.004517534731663454,,,,,,,,,,,,,,,
B,bolivia/tile114,225,15,control NDWI level,0.005972918139270945,0.0035516773619107067,-0.4668944803172504,0.0010783648382482374,0.0008699812756579649,0.00017708896104469147,-0.0015536335971300845,,,,,,,,,,,,,,,
B,bolivia/tile114,225,15,dihedral consistency (8 transforms),0.007143742410637638,0.0047225016332774,0.012662392053753137,-9.245943311845563e-05,-0.0003008429957087281,-0.0009937353103220015,-0.0027244578684967775,,0.9267172355667929,0.7793699957859245,0.5347175732080883,0.8164264643910663,,,,,,,,,,
B,bolivia/tile114,225,15,"boundary first, then confidence",0.005371495527253633,0.002950254749893394,1.2377777777777779,0.00167978745026555,0.0014714038876752775,0.0007785115730620041,-0.000952210985112772,,0.8701401179941002,0.9188959123472401,0.8435904234924363,0.8072208175305522,,,,,,,,,,
B,bolivia/tile114,225,15,combination conf+dihedral (prereg),0.007076543274687027,0.004655302497326788,0.5,-2.526029716784419e-05,-0.00023364385975811666,-0.0009265361743713901,-0.002657258732546166,,,,,,,,,,,,,,,
B,bolivia/tile115,225,6,confidence (baseline),0.0011226423304312224,0.0007047131891705063,-6.244291240109337,0.0,0.00041567192137004455,-0.0004515299070011532,0.0013891023502406324,,,,,,,,,,,,,,,
B,bolivia/tile115,225,6,tile-phase (aligned),0.001538314251801267,0.0011203851105405509,0.049519916234082,-0.00041567192137004455,0.0,-0.0008672018283711978,0.0009734304288705879,,,,,,,,,,,,,,,
B,bolivia/tile115,225,6,boundary indicator,0.0006711124234300692,0.00025318328216935313,0.06888888888888889,0.0004515299070011532,0.0008672018283711978,0.0,0.0018406322572417856,,,,,,,,,,,,,,,
B,bolivia/tile115,225,6,control NDWI gradient,0.002511744680671855,0.0020938155394111388,0.042938990637771846,-0.0013891023502406324,-0.0009734304288705879,-0.0018406322572417856,0.0,,,,,,,,,,,,,,,
B,bolivia/tile115,225,6,constant score,0.02666666666666667,0.026248737525405953,0.0,-0.025544024336235448,-0.025128352414865402,-0.025995554243236598,-0.024154921985994813,,,,,,,,,,,,,,,
B,bolivia/tile115,225,6,control S2 patch variance,0.008824686600689281,0.008406757459428565,126.00062186454603,-0.007702044270258059,-0.007286372348888015,-0.008153574177259213,-0.006312941920017427,,,,,,,,,,,,,,,
B,bolivia/tile115,225,6,control NDWI level,0.003069979208715642,0.0026520500674549257,-0.5164076767059722,-0.0019473368782844194,-0.0015316649569143749,-0.0023988667852855726,-0.000558234528043787,,,,,,,,,,,,,,,
B,bolivia/tile115,225,6,dihedral consistency (8 transforms),0.0015782938119842018,0.0011603646707234857,0.0168225759406414,-0.0004556514815529794,-3.997956018293486e-05,-0.0009071813885541326,0.000933450868687653,,0.9572711117971021,0.6506784660766962,0.22555585095199288,0.835942899283607,,,,,,,,,,
B,bolivia/tile115,225,6,"boundary first, then confidence",0.0009321373376613262,0.0005142081964006101,0.98,0.00019050499276989622,0.0006061769141399408,-0.000261024914231257,0.0015796073430105286,,0.7230002754952982,0.777103028103437,0.7404174599767217,0.7004342342062593,,,,,,,,,,
B,bolivia/tile115,225,6,combination conf+dihedral (prereg),0.00135368194339502,0.0009357528021343038,0.5,-0.0002310396129637975,0.00018463230840624705,-0.0006825695199649507,0.001158062737276835,,,,,,,,,,,,,,,
B,bolivia/tile116,225,29,confidence (baseline),0.017153472839934517,0.008179533792353417,-3.895697002675798,0.0,0.004694333722986659,0.015978474476980982,0.15640820937752145,,,,,,,,,,,,,,,
B,bolivia/tile116,225,29,tile-phase (aligned),0.021847806562921176,0.012873867515340075,0.04368563159368932,-0.004694333722986659,0.0,0.011284140753994322,0.15171387565453479,,,,,,,,,,,,,,,
B,bolivia/tile116,225,29,boundary indicator,0.033131947316915496,0.024158008269334397,0.09888888888888889,-0.015978474476980982,-0.011284140753994322,0.0,0.14042973490054048,,,,,,,,,,,,,,,
B,bolivia/tile116,225,29,control NDWI gradient,0.17356168221745596,0.16458774316987487,0.04805555430398136,-0.15640820937752145,-0.15171387565453479,-0.14042973490054048,0.0,,,,,,,,,,,,,,,
B,bolivia/tile116,225,29,constant score,0.12888888888888886,0.11991494984130775,0.0,-0.11173541604895433,-0.10704108232596768,-0.09575694157197336,0.04467279332856712,,,,,,,,,,,,,,,
B,bolivia/tile116,225,29,control S2 patch variance,0.28817554607733403,0.27920160702975294,90.41548235588039,-0.2710220732373995,-0.26632773951441285,-0.25504359876041854,-0.11461386385987807,,,,,,,,,,,,,,,
B,bolivia/tile116,225,29,control NDWI level,0.011833522616647158,0.002859583569066057,-0.32726589683964513,0.0053199502232873595,0.010014283946274018,0.02129842470026834,0.16172815960080883,,,,,,,,,,,,,,,
B,bolivia/tile116,225,29,dihedral consistency (8 transforms),0.02087056040606805,0.01189662135848695,0.040680761500997406,-0.0037170875661335333,0.0009772461568531253,0.012261386910847447,0.15269112181138791,,0.951171512852928,0.8564327855035818,0.6229809449494176,0.28800884955752204,,,,,,,,,,
B,bolivia/tile116,225,29,"boundary first, then confidence",0.018008610338785536,0.009034671291204435,1.1488888888888888,-0.0008551374988510184,0.00383919622413564,0.015123336978129962,0.15555307187867043,,0.9547134428992833,0.9251917404129797,0.8080601208268435,0.3312947745469868,,,,,,,,,,
B,bolivia/tile116,225,29,combination conf+dihedral (prereg),0.01757838873750303,0.00860444968992193,0.5,-0.00042491589756851397,0.004269417825418145,0.015553558579412466,0.15598329347995293,,,,,,,,,,,,,,,
B,bolivia/tile117,225,30,confidence (baseline),0.03557535274934173,0.02596692699622108,-2.849646312130822,0.0,-0.009073714817814365,-0.012229232129466316,0.031271578237306114,,,,,,,,,,,,,,,
B,bolivia/tile117,225,30,tile-phase (aligned),0.026501637931527367,0.016893212178406714,0.08188603639201675,0.009073714817814365,0.0,-0.003155517311651951,0.04034529305512048,,,,,,,,,,,,,,,
B,bolivia/tile117,225,30,boundary indicator,0.023346120619875416,0.013737694866754763,0.1922222222222222,0.012229232129466316,0.003155517311651951,0.0,0.04350081036677243,,,,,,,,,,,,,,,
B,bolivia/tile117,225,30,control NDWI gradient,0.06684693098664785,0.05723850523352719,0.06758089995371917,-0.031271578237306114,-0.04034529305512048,-0.04350081036677243,0.0,,,,,,,,,,,,,,,
B,bolivia/tile117,225,30,constant score,0.1333333333333333,0.12372490758021265,0.0,-0.09775798058399157,-0.10683169540180594,-0.10998721271345789,-0.06648640234668546,,,,,,,,,,,,,,,
B,bolivia/tile117,225,30,control S2 patch variance,0.10407232606062168,0.09446390030750103,79.7889271180173,-0.06849697331127995,-0.07757068812909432,-0.08072620544074627,-0.037225395073973835,,,,,,,,,,,,,,,
B,bolivia/tile117,225,30,control NDWI level,0.021647711567987313,0.01203928581486666,-0.22463618302092353,0.013927641181354419,0.004853926363540054,0.0016984090518881029,0.045199219418660536,,,,,,,,,,,,,,,
B,bolivia/tile117,225,30,dihedral consistency (8 transforms),0.031127822114339825,0.021519396361219172,0.04663053685702228,0.004447530635001907,-0.004626184182812458,-0.007781701494464409,0.03571910887230802,,0.9167488411293716,0.7443615676359036,0.5239132176883597,0.18955962916139904,,,,,,,,,,
B,bolivia/tile117,225,30,"boundary first, then confidence",0.029578686458880152,0.0199702607057595,1.6377777777777778,0.00599666629046158,-0.0030770485273527853,-0.006232565839004736,0.0372682445277677,,0.816289506953224,0.7636114622840293,0.8297246395698138,0.20559839865149596,,,,,,,,,,
B,bolivia/tile117,225,30,combination conf+dihedral (prereg),0.03161849970949591,0.022010073956375255,0.5,0.003956853039845824,-0.005116861777968541,-0.008272379089620491,0.03522843127715194,,,,,,,,,,,,,,,
B,bolivia/tile118,225,35,confidence (baseline),0.08197135178885229,0.06884624409668391,-2.5410032320684857,0.0,-0.031323934548174386,-0.016971846708709645,-0.02263886414286634,,,,,,,,,,,,,,,
B,bolivia/tile118,225,35,tile-phase (aligned),0.0506474172406779,0.037522309548509526,0.07965322720869962,0.031323934548174386,0.0,0.01435208783946474,0.008685070405308047,,,,,,,,,,,,,,,
B,bolivia/tile118,225,35,boundary indicator,0.06499950508014264,0.051874397387974266,0.15222222222222223,0.016971846708709645,-0.01435208783946474,0.0,-0.005667017434156693,,,,,,,,,,,,,,,
B,bolivia/tile118,225,35,control NDWI gradient,0.05933248764598595,0.04620737995381757,0.06023572165470277,0.02263886414286634,-0.008685070405308047,0.005667017434156693,0.0,,,,,,,,,,,,,,,
B,bolivia/tile118,225,35,constant score,0.1555555555555555,0.14243044786338713,0.0,-0.07358420376670322,-0.10490813831487761,-0.09055605047541286,-0.09622306790956955,,,,,,,,,,,,,,,
B,bolivia/tile118,225,35,control S2 patch variance,0.12416222304329892,0.11103711535113055,58.02974554686953,-0.042190871254446635,-0.07351480580262101,-0.05916271796315628,-0.06482973539731297,,,,,,,,,,,,,,,
B,bolivia/tile118,225,35,control NDWI level,0.020833427270545133,0.007708319578376758,-0.18515080428461175,0.06113792451830716,0.02981398997013277,0.04416607780959751,0.03849906037544082,,,,,,,,,,,,,,,
B,bolivia/tile118,225,35,dihedral consistency (8 transforms),0.06797571755322737,0.054850609861058996,0.05341620419316718,0.013995634235624915,-0.01732830031254947,-0.00297621247308473,-0.008643229907241423,,0.8457216603455543,0.5942878213232196,0.39510631277970054,-0.12541824694479556,,,,,,,,,,
B,bolivia/tile118,225,35,"boundary first, then confidence",0.06674793993308206,0.05362283224091369,1.4155555555555555,0.015223411855770225,-0.01610052269240416,-0.0017484348529394206,-0.007415452287096114,,0.7773693636746739,0.7626506531816264,0.8401698085408028,0.0797450484618626,,,,,,,,,,
B,bolivia/tile118,225,35,combination conf+dihedral (prereg),0.07232667690181083,0.05920156920964245,0.5000000000000001,0.00964467488704146,-0.021679259661132926,-0.007327171821668185,-0.012994189255824878,,,,,,,,,,,,,,,
B,bolivia/tile119,225,49,confidence (baseline),0.08202591637325969,0.055891616570292596,-2.7806183395120834,0.0,-0.014313803747942402,-0.025497020266800917,0.03468650003820893,,,,,,,,,,,,,,,
B,bolivia/tile119,225,49,tile-phase (aligned),0.06771211262531729,0.041577812822350194,0.08936609423926307,0.014313803747942402,0.0,-0.011183216518858514,0.049000303786151334,,,,,,,,,,,,,,,
B,bolivia/tile119,225,49,boundary indicator,0.056528896106458774,0.03039459630349168,0.23222222222222222,0.025497020266800917,0.011183216518858514,0.0,0.06018352030500985,,,,,,,,,,,,,,,
B,bolivia/tile119,225,49,control NDWI gradient,0.11671241641146862,0.09057811660850153,0.07679976014969574,-0.03468650003820893,-0.049000303786151334,-0.06018352030500985,0.0,,,,,,,,,,,,,,,
B,bolivia/tile119,225,49,constant score,0.21777777777777774,0.19164347797481063,0.0,-0.13575186140451803,-0.15006566515246045,-0.16124888167131896,-0.1010653613663091,,,,,,,,,,,,,,,
B,bolivia/tile119,225,49,control S2 patch variance,0.27640205711857113,0.250267757315604,105.13190508692259,-0.19437614074531143,-0.20868994449325384,-0.21987316101211235,-0.1596896407071025,,,,,,,,,,,,,,,
B,bolivia/tile119,225,49,control NDWI level,0.03744241340954044,0.011308113606573342,-0.25276973448782775,0.044583502963719254,0.030269699215776852,0.019086482696918337,0.07927000300192819,,,,,,,,,,,,,,,
B,bolivia/tile119,225,49,dihedral consistency (8 transforms),0.10269763561248837,0.07656333580952128,0.05285781104919604,-0.020671719239228684,-0.034985522987171086,-0.0461687395060296,0.014014780798980248,,0.917707543194269,0.6592541087231355,0.5077953413202233,0.2827149178255376,,,,,,,,,,
B,bolivia/tile119,225,49,"boundary first, then confidence",0.06748720168891567,0.041352901885948576,1.771111111111111,0.01453871468434402,0.00022491093640161774,-0.010958305582456897,0.04922521472255295,,0.8830941845764851,0.7608933839022329,0.8118976465876048,0.3145627897176569,,,,,,,,,,
B,bolivia/tile119,225,49,combination conf+dihedral (prereg),0.09154530914774098,0.06541100934477388,0.5,-0.009519392774481286,-0.02383319652242369,-0.0350164130412822,0.025167107263727645,,,,,,,,,,,,,,,
B,bolivia/tile120,225,13,confidence (baseline),0.003259613284185591,0.0014291699880249462,-6.969992498556773,0.0,0.0007617806481131392,0.00020338276287639291,5.3100305063972716e-05,,,,,,,,,,,,,,,
B,bolivia/tile120,225,13,tile-phase (aligned),0.00402139393229873,0.0021909506361380855,0.05518597922816601,-0.0007617806481131392,0.0,-0.0005583978852367463,-0.0007086803430491665,,,,,,,,,,,,,,,
B,bolivia/tile120,225,13,boundary indicator,0.003462996047061984,0.0016325527509013392,0.13333333333333333,-0.00020338276287639291,0.0005583978852367463,0.0,-0.0001502824578124202,,,,,,,,,,,,,,,
B,bolivia/tile120,225,13,control NDWI gradient,0.0033127135892495638,0.001482270293088919,0.052463870093985635,-5.3100305063972716e-05,0.0007086803430491665,0.0001502824578124202,0.0,,,,,,,,,,,,,,,
B,bolivia/tile120,225,13,constant score,0.05777777777777779,0.05594733448161714,0.0,-0.054518164493592196,-0.05375638384547906,-0.05431478173071581,-0.05446506418852822,,,,,,,,,,,,,,,
B,bolivia/tile120,225,13,control S2 patch variance,0.005998676769614984,0.0041682334734543395,137.80221628597585,-0.002739063485429393,-0.001977282837316254,-0.0025356807225530003,-0.0026859631803654205,,,,,,,,,,,,,,,
B,bolivia/tile120,225,13,control NDWI level,0.004073626516052179,0.002243183219891534,-0.5010069833082,-0.0008140132318665877,-5.2232583753448504e-05,-0.0006106304689901948,-0.000760912926802615,,,,,,,,,,,,,,,
B,bolivia/tile120,225,13,dihedral consistency (8 transforms),0.003483176512285641,0.0016527332161249964,0.009844486758985214,-0.0002235632281000501,0.0005382174200130891,-2.018046522365719e-05,-0.0001704629230360774,,0.912671723556679,0.7447229245680572,0.5936455442344194,0.8319152970922881,,,,,,,,,,
B,bolivia/tile120,225,13,"boundary first, then confidence",0.003168771880488563,0.0013383285843279183,1.1577777777777778,9.084140369702799e-05,0.0008526220518101672,0.0002942241665734209,0.0001439417087610007,,0.9012294563843232,0.8647260851243151,0.8238943400763339,0.7828592498946483,,,,,,,,,,
B,bolivia/tile120,225,13,combination conf+dihedral (prereg),0.003183929169274831,0.0013534858731141862,0.5,7.568411491076007e-05,0.0008374647630238993,0.000279066877787153,0.00012878441997473278,,,,,,,,,,,,,,,
B,bolivia/tile121,225,12,confidence (baseline),0.0037415747207537125,0.002175033945732771,-5.32468613213963,0.0,0.00019068777579503296,-0.001687423836707223,0.0033606211723244766,,,,,,,,,,,,,,,
B,bolivia/tile121,225,12,tile-phase (aligned),0.0039322624965487454,0.002365721721527804,0.043077236888445135,-0.00019068777579503296,0.0,-0.001878111612502256,0.0031699333965294436,,,,,,,,,,,,,,,
B,bolivia/tile121,225,12,boundary indicator,0.0020541508840464895,0.000487610109025548,0.09,0.001687423836707223,0.001878111612502256,0.0,0.0050480450090317,,,,,,,,,,,,,,,
B,bolivia/tile121,225,12,control NDWI gradient,0.007102195893078189,0.005535655118057248,0.047607168994333045,-0.0033606211723244766,-0.0031699333965294436,-0.0050480450090317,0.0,,,,,,,,,,,,,,,
B,bolivia/tile121,225,12,constant score,0.05333333333333334,0.051766792558312395,0.0,-0.049591758612579626,-0.04940107083678459,-0.05127918244928685,-0.04623113744025515,,,,,,,,,,,,,,,
B,bolivia/tile121,225,12,control S2 patch variance,0.038420010854451556,0.036853470079430614,120.20058506268192,-0.034678436133697844,-0.03448774835790281,-0.03636585997040507,-0.03131781496137337,,,,,,,,,,,,,,,
B,bolivia/tile121,225,12,control NDWI level,0.0035662038426219275,0.001999663067600986,-0.44220500790325656,0.00017537087813178495,0.0003660586539268179,-0.001512052958575438,0.0035359920504562615,,,,,,,,,,,,,,,
B,bolivia/tile121,225,12,dihedral consistency (8 transforms),0.004115012841718422,0.0025484720666974804,0.018545428047202425,-0.0003734381209647094,-0.00018275034516967645,-0.0020608619576719324,0.002987183051359767,,0.9534397387273492,0.8570522545301307,0.3895947770574998,0.706115676359039,,,,,,,,,,
B,bolivia/tile121,225,12,"boundary first, then confidence",0.0026908797949684537,0.0011243390199475122,0.9711111111111111,0.0010506949257852588,0.0012413827015802918,-0.0006367289109219642,0.004411316098109736,,0.8036788874841977,0.8538737884534348,0.7371431794104626,0.6153065739570158,,,,,,,,,,
B,bolivia/tile121,225,12,combination conf+dihedral (prereg),0.00398406261985754,0.002417521844836599,0.5,-0.00024248789910382785,-5.180012330879488e-05,-0.0019299117358110508,0.0031181332732206487,,,,,,,,,,,,,,,
B,bolivia/tile122,225,60,confidence (baseline),0.13190914514238009,0.09209787083592852,-3.7941290442148845,0.0,0.019974100741374512,0.014749790687870495,-0.01697244549127211,,,,,,,,,,,,,,,
B,bolivia/tile122,225,60,tile-phase (aligned),0.1518832458837546,0.11207197157730303,0.10822230331019253,-0.019974100741374512,0.0,-0.0052243100535040166,-0.03694654623264662,,,,,,,,,,,,,,,
B,bolivia/tile122,225,60,boundary indicator,0.14665893583025058,0.10684766152379901,0.29777777777777775,-0.014749790687870495,0.0052243100535040166,0.0,-0.031722236179142604,,,,,,,,,,,,,,,
B,bolivia/tile122,225,60,control NDWI gradient,0.11493669965110798,0.07512542534465641,0.07999533415925725,0.01697244549127211,0.03694654623264662,0.031722236179142604,0.0,,,,,,,,,,,,,,,
B,bolivia/tile122,225,60,constant score,0.2666666666666666,0.22685539236021504,0.0,-0.13475752152428652,-0.11478342078291201,-0.12000773083641603,-0.15172996701555863,,,,,,,,,,,,,,,
B,bolivia/tile122,225,60,control S2 patch variance,0.3450585820437986,0.305247307737347,144.4318010127885,-0.21314943690141847,-0.19317533616004395,-0.19839964621354797,-0.23012188239269057,,,,,,,,,,,,,,,
B,bolivia/tile122,225,60,control NDWI level,0.057307361686611616,0.017496087380160043,-0.3447372345098908,0.07460178345576848,0.094575884197143,0.08935157414363898,0.05762933796449637,,,,,,,,,,,,,,,
B,bolivia/tile122,225,60,dihedral consistency (8 transforms),0.14107010900490022,0.10125883469844865,0.04039001005536799,-0.009160963862520133,0.010813136878854379,0.005588826825350363,-0.026133409353792242,,0.9579266750948171,0.7192077538980189,0.5267859257093757,0.6859376316898442,,,,,,,,,,
B,bolivia/tile122,225,60,"boundary first, then confidence",0.13022154585066217,0.09041027154421061,2.046666666666667,0.0016875992917179117,0.021661700033092424,0.016437389979588407,-0.015284846199554197,,0.8900115887062786,0.7630541508638851,0.7260506670995662,0.6696955330804888,,,,,,,,,,
B,bolivia/tile122,225,60,combination conf+dihedral (prereg),0.13638929827461185,0.09657802396816029,0.5000000000000001,-0.004480153132231768,0.015493947609142744,0.010269637555638728,-0.021452598623503877,,,,,,,,,,,,,,,
B,bolivia/tile123,225,15,confidence (baseline),0.011064947721550897,0.008643706944190659,-3.877877880864673,0.0,-0.006100905209107248,-0.00733803207671342,-0.006233993938627039,,,,,,,,,,,,,,,
B,bolivia/tile123,225,15,tile-phase (aligned),0.004964042512443649,0.0025428017350834107,0.06320004706439149,0.006100905209107248,0.0,-0.0012371268676061712,-0.0001330887295197909,,,,,,,,,,,,,,,
B,bolivia/tile123,225,15,boundary indicator,0.003726915644837478,0.0013056748674772395,0.10777777777777778,0.00733803207671342,0.0012371268676061712,0.0,0.0011040381380863803,,,,,,,,,,,,,,,
B,bolivia/tile123,225,15,control NDWI gradient,0.004830953782923858,0.00240971300556362,0.058187557417672585,0.006233993938627039,0.0001330887295197909,-0.0011040381380863803,0.0,,,,,,,,,,,,,,,
B,bolivia/tile123,225,15,constant score,0.06666666666666665,0.06424542588930642,0.0,-0.05560171894511576,-0.06170262415422301,-0.06293975102182918,-0.061835712883742795,,,,,,,,,,,,,,,
B,bolivia/tile123,225,15,control S2 patch variance,0.020293379671507475,0.017872138894147238,101.12395052246717,-0.00922843194995658,-0.015329337159063827,-0.01656646402667,-0.015462425888583618,,,,,,,,,,,,,,,
B,bolivia/tile123,225,15,control NDWI level,0.004446706207962751,0.0020254654306025126,-0.3456599807791125,0.006618241513588146,0.0005173363044808981,-0.0007197905631252731,0.00038424757496110726,,,,,,,,,,,,,,,
B,bolivia/tile123,225,15,dihedral consistency (8 transforms),0.011947684665006848,0.00952644388764661,0.03138317367765315,-0.0008827369434559508,-0.006983642152563199,-0.00822076902016937,-0.00711673088208299,,0.9640655288664135,0.7712705436156759,0.2664794913331337,0.5195143278550358,,,,,,,,,,
B,bolivia/tile123,225,15,"boundary first, then confidence",0.005334254018898767,0.0029130132415385286,1.0955555555555556,0.00573069370265213,-0.0003702115064551179,-0.0016073383740612891,-0.0005033002359749088,,0.7488211125158024,0.869834597555836,0.7871132797901202,0.5960756426464394,,,,,,,,,,
B,bolivia/tile123,225,15,combination conf+dihedral (prereg),0.011144272505162688,0.00872303172780245,0.5,-7.932478361179045e-05,-0.006180229992719039,-0.00741735686032521,-0.0063133187222388296,,,,,,,,,,,,,,,
B,bolivia/tile124,225,21,confidence (baseline),0.010315130602666872,0.005610283192709182,-3.156304369568825,0.0,0.0050499587770797836,-0.001446271144110646,0.11721947845042285,,,,,,,,,,,,,,,
B,bolivia/tile124,225,21,tile-phase (aligned),0.015365089379746654,0.010660241969788965,0.04612891606821601,-0.0050499587770797836,0.0,-0.0064962299211904296,0.11216951967334307,,,,,,,,,,,,,,,
B,bolivia/tile124,225,21,boundary indicator,0.008868859458556226,0.004164012048598536,0.11444444444444445,0.001446271144110646,0.0064962299211904296,0.0,0.11866574959453349,,,,,,,,,,,,,,,
B,bolivia/tile124,225,21,control NDWI gradient,0.12753460905308972,0.12282976164313203,0.03464403970747792,-0.11721947845042285,-0.11216951967334307,-0.11866574959453349,0.0,,,,,,,,,,,,,,,
B,bolivia/tile124,225,21,constant score,0.09333333333333334,0.08862848592337565,0.0,-0.08301820273066647,-0.07796824395358667,-0.08446447387477711,0.03420127571975638,,,,,,,,,,,,,,,
B,bolivia/tile124,225,21,control S2 patch variance,0.15434457640764018,0.1496397289976825,49.123428452578196,-0.14402944580497332,-0.13897948702789353,-0.14547571694908396,-0.026809967354550462,,,,,,,,,,,,,,,
B,bolivia/tile124,225,21,control NDWI level,0.019601889469563764,0.014897042059606073,-0.24386803378880328,-0.00928675886689689,-0.0042368000898171075,-0.010733030011007536,0.10793271958352596,,,,,,,,,,,,,,,
B,bolivia/tile124,225,21,dihedral consistency (8 transforms),0.011978687621343593,0.007273840211385903,0.04615323994923124,-0.0016635570186767212,0.0033864017584030624,-0.003109828162787367,0.11555592143174613,,0.9318078381795201,0.9054614412136534,0.7289394541084033,-0.1829867256637168,,,,,,,,,,
B,bolivia/tile124,225,21,"boundary first, then confidence",0.009589333939968943,0.004884486530011253,1.1488888888888888,0.0007257966626979286,0.005775755439777712,-0.0007204744814127174,0.11794527511312078,,0.9889928360724822,0.9003581963758954,0.8134368343834071,-0.25807838179519604,,,,,,,,,,
B,bolivia/tile124,225,21,combination conf+dihedral (prereg),0.009129794795761767,0.004424947385804077,0.5,0.0011853358069051044,0.006235294583984888,-0.0002609353372055416,0.11840481425732795,,,,,,,,,,,,,,,
B,bolivia/tile125,225,28,confidence (baseline),0.02563835646845881,0.017276228389455812,-2.1789959590302574,0.0,0.023348171046527852,0.027772731895105623,0.1778363856742453,,,,,,,,,,,,,,,
B,bolivia/tile125,225,28,tile-phase (aligned),0.048986527514986666,0.040624399435983664,0.060897127435956565,-0.023348171046527852,0.0,0.0044245608485777715,0.15448821462771745,,,,,,,,,,,,,,,
B,bolivia/tile125,225,28,boundary indicator,0.05341108836356444,0.045048960284561436,0.11222222222222222,-0.027772731895105623,-0.0044245608485777715,0.0,0.1500636537791397,,,,,,,,,,,,,,,
B,bolivia/tile125,225,28,control NDWI gradient,0.2034747421427041,0.19511261406370112,0.046328214655450686,-0.1778363856742453,-0.15448821462771745,-0.1500636537791397,0.0,,,,,,,,,,,,,,,
B,bolivia/tile125,225,28,constant score,0.12444444444444441,0.11608231636544142,0.0,-0.09880608797598561,-0.07545791692945775,-0.07103335608087999,0.0790302976982597,,,,,,,,,,,,,,,
B,bolivia/tile125,225,28,control S2 patch variance,0.19964909647833828,0.1912869683993353,63.54474441359324,-0.17401074000987948,-0.15066256896335162,-0.14623800811477386,0.0038256456643658288,,,,,,,,,,,,,,,
B,bolivia/tile125,225,28,control NDWI level,0.027598631030999903,0.0192365029519969,-0.21500963057953767,-0.001960274562541088,0.021387896483986764,0.025812457332564535,0.1758761111117042,,,,,,,,,,,,,,,
B,bolivia/tile125,225,28,dihedral consistency (8 transforms),0.0350457507849309,0.026683622705927897,0.06525449009657475,-0.009407394316472084,0.013940776730055768,0.01836533757863354,0.16842899135777323,,0.8485903919089758,0.7576812052254529,0.4975475945788137,-0.3227001685630003,,,,,,,,,,
B,bolivia/tile125,225,28,"boundary first, then confidence",0.02748428450455088,0.019122156425547883,1.1577777777777778,-0.0018459280360920705,0.02150224301043578,0.025926803859013553,0.17599045763815324,,0.8917298777918248,0.8324957859249892,0.8139555588657807,-0.3044321533923304,,,,,,,,,,
B,bolivia/tile125,225,28,combination conf+dihedral (prereg),0.027008916850141042,0.01864678877113804,0.5,-0.0013705603816822273,0.021977610664845625,0.026402171513423396,0.17646582529256308,,,,,,,,,,,,,,,
B,bolivia/tile127,225,17,confidence (baseline),0.00812253809021742,0.005025842787160185,-5.415459578302172,0.0,-0.002330909341106996,-0.0034852371396069236,-0.001541923480019797,,,,,,,,,,,,,,,
B,bolivia/tile127,225,17,tile-phase (aligned),0.005791628749110425,0.0026949334460531892,0.07211990287860519,0.002330909341106996,0.0,-0.0011543277984999278,0.0007889858610871988,,,,,,,,,,,,,,,
B,bolivia/tile127,225,17,boundary indicator,0.004637300950610497,0.0015406056475532615,0.1622222222222222,0.0034852371396069236,0.0011543277984999278,0.0,0.0019433136595871266,,,,,,,,,,,,,,,
B,bolivia/tile127,225,17,control NDWI gradient,0.006580614610197624,0.003483919307140388,0.06710263167504531,0.001541923480019797,-0.0007889858610871988,-0.0019433136595871266,0.0,,,,,,,,,,,,,,,
B,bolivia/tile127,225,17,constant score,0.07555555555555556,0.07245886025249831,0.0,-0.06743301746533813,-0.06976392680644512,-0.07091825460494505,-0.06897494094535793,,,,,,,,,,,,,,,
B,bolivia/tile127,225,17,control S2 patch variance,0.012475567154498924,0.009378871851441688,150.10071538772777,-0.004353029064281503,-0.006683938405388499,-0.007838266203888427,-0.0058949525443013,,,,,,,,,,,,,,,
B,bolivia/tile127,225,17,control NDWI level,0.00604496462993331,0.0029482693268760747,-0.4542691244443517,0.0020775734602841104,-0.0002533358808228855,-0.0014076636793228132,0.0005356499802643133,,,,,,,,,,,,,,,
B,bolivia/tile127,225,17,dihedral consistency (8 transforms),0.011525364186277656,0.00842866888322042,0.016713919754385846,-0.0034028260960602356,-0.0057337354371672315,-0.006888063235667159,-0.004944749576080033,,0.9230267593763168,0.6955415086388546,0.35880207468158093,0.7616761483354405,,,,,,,,,,
B,bolivia/tile127,225,17,"boundary first, then confidence",0.006097747240628266,0.0030010519375710306,1.2733333333333334,0.0020247908495891545,-0.0003061184915178414,-0.0014604462900177691,0.0004828673695693574,,0.7314032869785071,0.8990254951538135,0.8530788606751757,0.7853655710071639,,,,,,,,,,
B,bolivia/tile127,225,17,combination conf+dihedral (prereg),0.009329785877207387,0.006233090574150151,0.5,-0.001207247786989966,-0.003538157128096962,-0.00469248492659689,-0.002749171267009763,,,,,,,,,,,,,,,
B,bolivia/tile128,225,19,confidence (baseline),0.006955819387245263,0.003098198485224382,-5.452374910381105,0.0,0.00437457094865271,0.006923070488919799,0.043388454746939434,,,,,,,,,,,,,,,
B,bolivia/tile128,225,19,tile-phase (aligned),0.011330390335897972,0.007472769433877091,0.05464500834782181,-0.00437457094865271,0.0,0.002548499540267089,0.03901388379828673,,,,,,,,,,,,,,,
B,bolivia/tile128,225,19,boundary indicator,0.01387888987616506,0.01002126897414418,0.13,-0.006923070488919799,-0.002548499540267089,0.0,0.03646538425801964,,,,,,,,,,,,,,,
B,bolivia/tile128,225,19,control NDWI gradient,0.0503442741341847,0.04648665323216382,0.05560269897854122,-0.043388454746939434,-0.03901388379828673,-0.03646538425801964,0.0,,,,,,,,,,,,,,,
B,bolivia/tile128,225,19,constant score,0.08444444444444445,0.08058682354242357,0.0,-0.07748862505719918,-0.07311405410854648,-0.07056555456827938,-0.03410017031025975,,,,,,,,,,,,,,,
B,bolivia/tile128,225,19,control S2 patch variance,0.125635197825474,0.12177757692345312,126.44022537883936,-0.11867937843822873,-0.11430480748957603,-0.11175630794930894,-0.0752909236912893,,,,,,,,,,,,,,,
B,bolivia/tile128,225,19,control NDWI level,0.006635691731483629,0.0027780708294627477,-0.4226146740319871,0.00032012765576163414,0.004694698604414344,0.007243198144681433,0.04370858240270107,,,,,,,,,,,,,,,
B,bolivia/tile128,225,19,dihedral consistency (8 transforms),0.00810359829202647,0.00424597739000559,0.019363880240335776,-0.0011477789047812082,0.003226792043871501,0.00577529158413859,0.04224067584215823,,0.9344953645174886,0.7853898019384743,0.5045262306773707,0.7634755583649389,,,,,,,,,,
B,bolivia/tile128,225,19,"boundary first, then confidence",0.008394859021120657,0.004537238119099776,1.22,-0.001439039633875394,0.0029355313147773152,0.005484030855044404,0.04194941511306404,,0.7878329119258319,0.8943857985672145,0.8206412208377603,0.7121765697429419,,,,,,,,,,
B,bolivia/tile128,225,19,combination conf+dihedral (prereg),0.00715244548840203,0.003294824586381149,0.5,-0.00019662610115676708,0.004177944847495943,0.006726444387763032,0.04319182864578267,,,,,,,,,,,,,,,
B,bolivia/tile130,225,8,confidence (baseline),0.004312689795949578,0.003594070263163829,-3.771703871621026,0.0,-0.0035323409860473715,-0.003594070263163829,-0.0031819936799843155,,,,,,,,,,,,,,,
B,bolivia/tile130,225,8,tile-phase (aligned),0.0007803488099022059,6.172927711645723e-05,0.039475208571303586,0.0035323409860473715,0.0,-6.172927711645723e-05,0.0003503473060630563,,,,,,,,,,,,,,,
B,bolivia/tile130,225,8,boundary indicator,0.0007186195327857487,0.0,0.057777777777777775,0.003594070263163829,6.172927711645723e-05,0.0,0.0004120765831795135,,,,,,,,,,,,,,,
B,bolivia/tile130,225,8,control NDWI gradient,0.0011306961159652622,0.0004120765831795135,0.04724053285168341,0.0031819936799843155,-0.0003503473060630563,-0.0004120765831795135,0.0,,,,,,,,,,,,,,,
B,bolivia/tile130,225,8,constant score,0.035555555555555556,0.034836936022769806,0.0,-0.031242865759605977,-0.03477520674565335,-0.034836936022769806,-0.03442485943959029,,,,,,,,,,,,,,,
B,bolivia/tile130,225,8,control S2 patch variance,0.010074962414809718,0.00935634288202397,86.29254153266295,-0.005762272618860141,-0.009294613604907513,-0.00935634288202397,-0.008944266298844455,,,,,,,,,,,,,,,
B,bolivia/tile130,225,8,control NDWI level,0.0007186195327857487,0.0,-0.33488310452319686,0.003594070263163829,6.172927711645723e-05,0.0,0.0004120765831795135,,,,,,,,,,,,,,,
B,bolivia/tile130,225,8,dihedral consistency (8 transforms),0.003908702615949546,0.003190083083163797,0.032672600068795465,0.000403987180000032,-0.0031283538060473395,-0.003190083083163797,-0.0027780064999842835,,0.9347376738305945,0.764453223767383,0.18350232595588814,0.38301411715128514,,,,,,,,,,
B,bolivia/tile130,225,8,"boundary first, then confidence",0.0013731746818682522,0.0006545551490825035,0.8022222222222222,0.0029395151140813253,-0.0005928258719660463,-0.0006545551490825035,-0.00024247856590299001,,0.836675094816687,0.8611093552465232,0.6188314753749976,0.44718921196797284,,,,,,,,,,
B,bolivia/tile130,225,8,combination conf+dihedral (prereg),0.003697605860396933,0.002978986327611184,0.5,0.0006150839355526447,-0.002917257050494727,-0.002978986327611184,-0.002566909744431671,,,,,,,,,,,,,,,
B,bolivia/tile131,225,10,confidence (baseline),0.009184224218464652,0.008082988181021943,-3.6760227229860094,0.0,-0.006432079993950119,-0.007477980218345146,-0.004470006407864815,,,,,,,,,,,,,,,
B,bolivia/tile131,225,10,tile-phase (aligned),0.002752144224514533,0.001650908187071825,0.07054734241236778,0.006432079993950119,0.0,-0.001045900224395028,0.001962073586085303,,,,,,,,,,,,,,,
B,bolivia/tile131,225,10,boundary indicator,0.001706244000119505,0.0006050079626767971,0.10111111111111111,0.007477980218345146,0.001045900224395028,0.0,0.003007973810480331,,,,,,,,,,,,,,,
B,bolivia/tile131,225,10,control NDWI gradient,0.004714217810599836,0.003612981773157128,0.05370475624063581,0.004470006407864815,-0.001962073586085303,-0.003007973810480331,0.0,,,,,,,,,,,,,,,
B,bolivia/tile131,225,10,constant score,0.04444444444444444,0.04334320840700173,0.0,-0.035260220225979785,-0.04169230021992991,-0.042738200444324935,-0.0397302266338446,,,,,,,,,,,,,,,
B,bolivia/tile131,225,10,control S2 patch variance,0.013942277758574389,0.01284104172113168,81.06923786561114,-0.004758053540109736,-0.011190133534059855,-0.012236033758454883,-0.009228059947974552,,,,,,,,,,,,,,,
B,bolivia/tile131,225,10,control NDWI level,0.003342207950160231,0.002240971912717523,-0.296904016564178,0.005842016268304421,-0.0005900637256456981,-0.001635963950040726,0.001372009860439605,,,,,,,,,,,,,,,
B,bolivia/tile131,225,10,dihedral consistency (8 transforms),0.013533023357458988,0.01243178732001628,0.04158502874614593,-0.004348799138994337,-0.010780879132944456,-0.011826779357339483,-0.008818805546859152,,0.9133470290771176,0.553970712178677,0.21184485784267865,0.17181099873577757,,,,,,,,,,
B,bolivia/tile131,225,10,"boundary first, then confidence",0.004449327787389876,0.003348091749947168,1.06,0.004734896431074775,-0.0016971835628753428,-0.0027430837872703707,0.00026489002320996026,,0.7857100716392752,0.830363463969659,0.7688268620593038,0.4547102823430257,,,,,,,,,,
B,bolivia/tile131,225,10,combination conf+dihedral (prereg),0.010849905466394047,0.009748669428951338,0.5,-0.0016656812479293945,-0.008097761241879513,-0.00914366146627454,-0.00613568765579421,,,,,,,,,,,,,,,
B,bolivia/tile132,225,8,confidence (baseline),0.009301969842709763,0.008583350309924015,-4.252782541778353,0.0,-0.006638511999189027,-0.008138065239764462,-0.007671994696367123,,,,,,,,,,,,,,,
B,bolivia/tile132,225,8,tile-phase (aligned),0.0026634578435207365,0.0019448383107349878,0.05943875902203015,0.006638511999189027,0.0,-0.0014995532405754335,-0.0010334826971780961,,,,,,,,,,,,,,,
B,bolivia/tile132,225,8,boundary indicator,0.001163904602945303,0.0004452850701595543,0.06666666666666667,0.008138065239764462,0.0014995532405754335,0.0,0.0004660705433973374,,,,,,,,,,,,,,,
B,bolivia/tile132,225,8,control NDWI gradient,0.0016299751463426403,0.0009113556135568917,0.0658555180477332,0.007671994696367123,0.0010334826971780961,-0.0004660705433973374,0.0,,,,,,,,,,,,,,,
B,bolivia/tile132,225,8,constant score,0.035555555555555556,0.034836936022769806,0.0,-0.026253585712845792,-0.032892097712034815,-0.03439165095261025,-0.03392558040921292,,,,,,,,,,,,,,,
B,bolivia/tile132,225,8,control S2 patch variance,0.011840135290866343,0.011121515758080595,155.4321530490331,-0.0025381654481565798,-0.009176677447345608,-0.010676230687921041,-0.010210160144523703,,,,,,,,,,,,,,,
B,bolivia/tile132,225,8,control NDWI level,0.003268952097649,0.0025503325648632514,-0.40317132339280554,0.006033017745060764,-0.0006054942541282636,-0.002105047494703697,-0.0016389769513063597,,,,,,,,,,,,,,,
B,bolivia/tile132,225,8,dihedral consistency (8 transforms),0.011766198093313857,0.011047578560528109,0.03412144990966933,-0.0024642282506040936,-0.009102740249793122,-0.010602293490368555,-0.010136222946971217,,0.9514664981036667,0.719440581542351,0.2113155053712462,0.3647018541930048,,,,,,,,,,
B,bolivia/tile132,225,8,"boundary first, then confidence",0.002853208424403414,0.0021345888916176657,0.9533333333333334,0.0064487614183063495,-0.00018975058088267793,-0.0016893038214581115,-0.001223233278060774,,0.8112895069532229,0.8782975136957442,0.7219962622968421,0.5745164348925408,,,,,,,,,,
B,bolivia/tile132,225,8,combination conf+dihedral (prereg),0.010167565791807097,0.00944894625902135,0.5,-0.000865595949097334,-0.007504107948286361,-0.009003661188861796,-0.008537590645464457,,,,,,,,,,,,,,,
B,bolivia/tile133,225,16,confidence (baseline),0.008158537042907376,0.005410201644910229,-4.710180997583601,0.0,0.0006174018089890737,-0.0038539812019706423,0.007705323896819941,,,,,,,,,,,,,,,
B,bolivia/tile133,225,16,tile-phase (aligned),0.00877593885189645,0.006027603453899303,0.06291420994526965,-0.0006174018089890737,0.0,-0.004471383010959716,0.0070879220878308676,,,,,,,,,,,,,,,
B,bolivia/tile133,225,16,boundary indicator,0.004304555840936734,0.001556220442939587,0.12666666666666668,0.0038539812019706423,0.004471383010959716,0.0,0.011559305098790584,,,,,,,,,,,,,,,
B,bolivia/tile133,225,16,control NDWI gradient,0.015863860939727317,0.01311552554173017,0.0622257797654528,-0.007705323896819941,-0.0070879220878308676,-0.011559305098790584,0.0,,,,,,,,,,,,,,,
B,bolivia/tile133,225,16,constant score,0.07111111111111111,0.06836277571311396,0.0,-0.06295257406820373,-0.06233517225921466,-0.06680655527017437,-0.05524725017138379,,,,,,,,,,,,,,,
B,bolivia/tile133,225,16,control S2 patch variance,0.047555942380395316,0.04480760698239817,127.46996424666234,-0.03939740533748794,-0.03878000352849886,-0.043251386539458585,-0.031692081440668,,,,,,,,,,,,,,,
B,bolivia/tile133,225,16,control NDWI level,0.004573812848468069,0.0018254774504709221,-0.40185957827584534,0.003584724194439307,0.004202126003428381,-0.0002692570075313351,0.011290048091259249,,,,,,,,,,,,,,,
B,bolivia/tile133,225,16,dihedral consistency (8 transforms),0.012464732409328274,0.009716397011331127,0.022833909872683255,-0.004306195366420898,-0.003688793557431824,-0.00816017656839154,0.0033991285303990437,,0.9572187104930477,0.8119679730299206,0.4546579072252112,0.7522482090181206,,,,,,,,,,
B,bolivia/tile133,225,16,"boundary first, then confidence",0.006092182030112985,0.0033438466321158377,1.1755555555555555,0.0020663550127943916,0.0026837568217834653,-0.0017876261891762507,0.009771678909614332,,0.8539833544037079,0.8959850400337127,0.8174956426195011,0.7230646860514116,,,,,,,,,,
B,bolivia/tile133,225,16,combination conf+dihedral (prereg),0.009544711657715633,0.006796376259718486,0.5,-0.0013861746148082568,-0.0007687728058191831,-0.0052401558167788995,0.0063191492820116844,,,,,,,,,,,,,,,
B,bolivia/tile134,225,16,confidence (baseline),0.00823592954447293,0.005487594146475783,-5.700313136047787,0.0,-0.0016637409659849907,-0.0026606450037433547,-0.002183968038761337,,,,,,,,,,,,,,,
B,bolivia/tile134,225,16,tile-phase (aligned),0.0065721885784879395,0.0038238531804907923,0.07902882803165186,0.0016637409659849907,0.0,-0.000996904037758364,-0.0005202270727763464,,,,,,,,,,,,,,,
B,bolivia/tile134,225,16,boundary indicator,0.0055752845407295755,0.0028269491427324283,0.18666666666666668,0.0026606450037433547,0.000996904037758364,0.0,0.00047667696498201757,,,,,,,,,,,,,,,
B,bolivia/tile134,225,16,control NDWI gradient,0.006051961505711593,0.003303626107714446,0.07238313329937501,0.002183968038761337,0.0005202270727763464,-0.00047667696498201757,0.0,,,,,,,,,,,,,,,
B,bolivia/tile134,225,16,constant score,0.07111111111111111,0.06836277571311396,0.0,-0.06287518156663817,-0.06453892253262317,-0.06553582657038153,-0.0650591496053995,,,,,,,,,,,,,,,
B,bolivia/tile134,225,16,control S2 patch variance,0.011303636938362806,0.00855530154036566,166.2988505187886,-0.0030677073938898767,-0.004731448359874867,-0.005728352397633231,-0.005251675432651214,,,,,,,,,,,,,,,
B,bolivia/tile134,225,16,control NDWI level,0.00668076583316358,0.003932430435166433,-0.4645927304776823,0.00155516371130935,-0.00010857725467564071,-0.0011054812924340047,-0.0006288043274519871,,,,,,,,,,,,,,,
B,bolivia/tile134,225,16,dihedral consistency (8 transforms),0.008800881933066178,0.006052546535069031,0.01597752507869801,-0.0005649523885932484,-0.002228693354578239,-0.003225597392336603,-0.0027489204273545855,,0.9225105351875263,0.7512368310155919,0.46167939475296466,0.8125758533501903,,,,,,,,,,
B,bolivia/tile134,225,16,"boundary first, then confidence",0.006276477400144725,0.0035281420021475774,1.4777777777777779,0.0019594521443282056,0.0002957111783432149,-0.0007011928594151491,-0.0002245158944331315,,0.7370016856300041,0.8907016434892547,0.8878865298855342,0.8101611883691531,,,,,,,,,,
B,bolivia/tile134,225,16,combination conf+dihedral (prereg),0.008469153246689804,0.005720817848692657,0.5000000000000001,-0.00023322370221687434,-0.001896964668201865,-0.002893868705960229,-0.0024171917409782115,,,,,,,,,,,,,,,
B,bolivia/tile136,225,21,confidence (baseline),0.015983004725584435,0.011278157315626744,-3.5218892822000716,0.0,0.004486974487654543,-0.005912461854029488,0.12718736889149912,,,,,,,,,,,,,,,
B,bolivia/tile136,225,21,tile-phase (aligned),0.020469979213238978,0.015765131803281287,0.05005422120571085,-0.004486974487654543,0.0,-0.01039943634168403,0.12270039440384456,,,,,,,,,,,,,,,
B,bolivia/tile136,225,21,boundary indicator,0.010070542871554946,0.005365695461597256,0.12777777777777777,0.005912461854029488,0.01039943634168403,0.0,0.13309983074552859,,,,,,,,,,,,,,,
B,bolivia/tile136,225,21,control NDWI gradient,0.14317037361708354,0.13846552620712585,0.049731420637479005,-0.12718736889149912,-0.12270039440384456,-0.13309983074552859,0.0,,,,,,,,,,,,,,,
B,bolivia/tile136,225,21,constant score,0.09333333333333334,0.08862848592337565,0.0,-0.0773503286077489,-0.07286335412009436,-0.0832627904617784,0.0498370402837502,,,,,,,,,,,,,,,
B,bolivia/tile136,225,21,control S2 patch variance,0.1853375454080786,0.1806326979981209,82.95812391669608,-0.16935454068249417,-0.1648675661948396,-0.17526700253652364,-0.04216717179099505,,,,,,,,,,,,,,,
B,bolivia/tile136,225,21,control NDWI level,0.016918236480879353,0.012213389070921662,-0.272834050226153,-0.0009352317552949185,0.0035517427323596244,-0.006847693609324406,0.1262521371362042,,,,,,,,,,,,,,,
B,bolivia/tile136,225,21,dihedral consistency (8 transforms),0.02094081527031689,0.016235967860359198,0.0467105772572783,-0.004957810544732454,-0.0004708360570779106,-0.01087027239876194,0.12222955834676666,,0.9315655288664134,0.8578771597134428,0.6794501880846959,0.11556679308891696,,,,,,,,,,
B,bolivia/tile136,225,21,"boundary first, then confidence",0.013809192745788025,0.009104345335830336,1.211111111111111,0.0021738119797964084,0.006660786467450951,-0.0037386498742330793,0.1293611808712955,,0.9589801938474506,0.8964159292035401,0.8258838222115066,0.10659713442899288,,,,,,,,,,
B,bolivia/tile136,225,21,combination conf+dihedral (prereg),0.017642437188216176,0.012937589778258485,0.5000000000000001,-0.0016594324626317408,0.002827542025022802,-0.0075718943166612285,0.12552793642886736,,,,,,,,,,,,,,,
B,bolivia/tile137,225,16,confidence (baseline),0.009738899100998299,0.006990563703001152,-5.225040160020193,0.0,-0.000533798806491171,0.0005185763610610367,0.01245568619353462,,,,,,,,,,,,,,,
B,bolivia/tile137,225,16,tile-phase (aligned),0.009205100294507128,0.006456764896509981,0.04942602149664809,0.000533798806491171,0.0,0.0010523751675522077,0.01298948500002579,,,,,,,,,,,,,,,
B,bolivia/tile137,225,16,boundary indicator,0.010257475462059336,0.007509140064062189,0.09222222222222222,-0.0005185763610610367,-0.0010523751675522077,0.0,0.011937109832473583,,,,,,,,,,,,,,,
B,bolivia/tile137,225,16,control NDWI gradient,0.022194585294532918,0.01944624989653577,0.06027074166720883,-0.01245568619353462,-0.01298948500002579,-0.011937109832473583,0.0,,,,,,,,,,,,,,,
B,bolivia/tile137,225,16,constant score,0.07111111111111111,0.06836277571311396,0.0,-0.06137221201011281,-0.061906010816603976,-0.06085363564905177,-0.04891652581657818,,,,,,,,,,,,,,,
B,bolivia/tile137,225,16,control S2 patch variance,0.08192466159561058,0.07917632619761343,99.76560820481824,-0.07218576249461228,-0.07271956130110345,-0.07166718613355125,-0.059730076301077656,,,,,,,,,,,,,,,
B,bolivia/tile137,225,16,control NDWI level,0.004018043861294515,0.0012697084632973675,-0.365919168333553,0.005720855239703785,0.005187056433212614,0.006239431600764822,0.018176541433238404,,,,,,,,,,,,,,,
B,bolivia/tile137,225,16,dihedral consistency (8 transforms),0.00942683938770539,0.006678503989708243,0.02538979682060825,0.00031205971329290906,-0.00022173909319826192,0.0008306360743539458,0.012767745906827528,,0.9705257058575644,0.8984049726085129,0.5835361388689214,0.7912652760219132,,,,,,,,,,
B,bolivia/tile137,225,16,"boundary first, then confidence",0.008237815054989737,0.005489479656992591,1.0777777777777777,0.0015010840460085613,0.0009672852395173903,0.002019660407069598,0.01395677023954318,,0.9455573114201433,0.9227307206068264,0.7816563925938037,0.7533059418457647,,,,,,,,,,
B,bolivia/tile137,225,16,combination conf+dihedral (prereg),0.009194147785947964,0.006445812387950818,0.5,0.0005447513150503343,1.0952508559163368e-05,0.001063327676111371,0.013000437508584954,,,,,,,,,,,,,,,
B,bolivia/tile138,225,9,confidence (baseline),0.011303171686324703,0.010403531967054095,-2.611541008816825,0.0,-0.009102566484167922,-0.010197438333771291,-0.0034610192451474484,,,,,,,,,,,,,,,
B,bolivia/tile138,225,9,tile-phase (aligned),0.00220060520215678,0.0013009654828861732,0.0601207767199311,0.009102566484167922,0.0,-0.0010948718496033689,0.005641547239020474,,,,,,,,,,,,,,,
B,bolivia/tile138,225,9,boundary indicator,0.0011057333525534112,0.0002060936332828043,0.051111111111111114,0.010197438333771291,0.0010948718496033689,0.0,0.006736419088623843,,,,,,,,,,,,,,,
B,bolivia/tile138,225,9,control NDWI gradient,0.007842152441177254,0.006942512721906647,0.04962179465307565,0.0034610192451474484,-0.005641547239020474,-0.006736419088623843,0.0,,,,,,,,,,,,,,,
B,bolivia/tile138,225,9,constant score,0.04,0.03910036028072939,0.0,-0.028696828313675295,-0.03779939479784322,-0.038894266647446586,-0.03215784755882274,,,,,,,,,,,,,,,
B,bolivia/tile138,225,9,control S2 patch variance,0.026754929874766145,0.02585529015549554,78.15214186907859,-0.015451758188441444,-0.024554324672609366,-0.025649196522212734,-0.018912777433588893,,,,,,,,,,,,,,,
B,bolivia/tile138,225,9,control NDWI level,0.0034991044257390146,0.0025994647064684078,-0.2533866093719888,0.007804067260585688,-0.0012984992235822346,-0.0023933710731856035,0.00434304801543824,,,,,,,,,,,,,,,
B,bolivia/tile138,225,9,dihedral consistency (8 transforms),0.010548256667122152,0.009648616947851544,0.049554989154114285,0.0007549150192025511,-0.008347651464965371,-0.00944252331456874,-0.0027061042259448973,,0.8207701222081754,0.5332490518331228,0.2241127600206689,0.24160661609776668,,,,,,,,,,
B,bolivia/tile138,225,9,"boundary first, then confidence",0.002145270301158971,0.001245630581888364,0.8466666666666667,0.009157901385165732,5.533490099780911e-05,-0.0010395369486055597,0.005696882140018283,,0.8199431099873574,0.750859671302149,0.6550038519630367,0.26606300042140746,,,,,,,,,,
B,bolivia/tile138,225,9,combination conf+dihedral (prereg),0.010406138804574964,0.009506499085304357,0.5000000000000001,0.0008970328817497382,-0.008205533602418184,-0.009300405452021553,-0.0025639863633977102,,,,,,,,,,,,,,,
B,bolivia/tile139,225,41,confidence (baseline),0.08128355123731726,0.06316503351110261,-3.2138302918275197,0.0,-0.02375367441651803,-0.04122332242525573,0.024367852674792356,,,,,,,,,,,,,,,
B,bolivia/tile139,225,41,tile-phase (aligned),0.057529876820799235,0.03941135909458458,0.10004217869537468,0.02375367441651803,0.0,-0.017469648008737702,0.04812152709131039,,,,,,,,,,,,,,,
B,bolivia/tile139,225,41,boundary indicator,0.04006022881206153,0.02194171108584688,0.23666666666666666,0.04122332242525573,0.017469648008737702,0.0,0.06559117510004808,,,,,,,,,,,,,,,
B,bolivia/tile139,225,41,control NDWI gradient,0.10565140391210961,0.08753288618589497,0.07173740567792738,-0.024367852674792356,-0.04812152709131039,-0.06559117510004808,0.0,,,,,,,,,,,,,,,
B,bolivia/tile139,225,41,constant score,0.18222222222222226,0.1641037044960076,0.0,-0.100938670984905,-0.12469234540142303,-0.14216199341016073,-0.07657081831011264,,,,,,,,,,,,,,,
B,bolivia/tile139,225,41,control S2 patch variance,0.20406869254585788,0.18595017481964324,140.27074611204387,-0.12278514130854062,-0.14653881572505867,-0.16400846373379635,-0.09841728863374827,,,,,,,,,,,,,,,
B,bolivia/tile139,225,41,control NDWI level,0.03539951297468773,0.017280995248473076,-0.35459555857326275,0.04588403826262954,0.022130363846111507,0.004660715837373805,0.0702518909374219,,,,,,,,,,,,,,,
B,bolivia/tile139,225,41,dihedral consistency (8 transforms),0.08128099100258779,0.06316247327637314,0.04651549753412837,2.560234729470645e-06,-0.02375111418178856,-0.04122076219052626,0.024370412909521827,,0.9431868942267174,0.538451327433628,0.2614792336601159,0.2161757269279393,,,,,,,,,,
B,bolivia/tile139,225,41,"boundary first, then confidence",0.05161233340471158,0.03349381567849693,1.788888888888889,0.029671217832605686,0.005917543416087655,-0.011552104592650048,0.05403907050739804,,0.6906321112515798,0.6932184997892962,0.7945108973566879,0.3217446270543614,,,,,,,,,,
B,bolivia/tile139,225,41,combination conf+dihedral (prereg),0.08035028616125582,0.06223176843504117,0.5,0.0009332650760614444,-0.022820409340456586,-0.04029005734919429,0.0253011177508538,,,,,,,,,,,,,,,
B,bolivia/tile140,225,15,confidence (baseline),0.011170579153960058,0.00874933837659982,-3.794262056350708,0.0,-0.005823455318557411,-0.007531381802050851,-0.005972167222882459,,,,,,,,,,,,,,,
B,bolivia/tile140,225,15,tile-phase (aligned),0.005347123835402647,0.0029258830580424083,0.05348128525158649,0.005823455318557411,0.0,-0.00170792648349344,-0.0001487119043250473,,,,,,,,,,,,,,,
B,bolivia/tile140,225,15,boundary indicator,0.003639197351909207,0.0012179565745489684,0.10555555555555556,0.007531381802050851,0.00170792648349344,0.0,0.0015592145791683927,,,,,,,,,,,,,,,
B,bolivia/tile140,225,15,control NDWI gradient,0.0051984119310776,0.002777171153717361,0.05756579890891515,0.005972167222882459,0.0001487119043250473,-0.0015592145791683927,0.0,,,,,,,,,,,,,,,
B,bolivia/tile140,225,15,constant score,0.06666666666666665,0.06424542588930642,0.0,-0.0554960875127066,-0.06131954283126401,-0.06302746931475744,-0.061468254735589055,,,,,,,,,,,,,,,
B,bolivia/tile140,225,15,control S2 patch variance,0.03017910573810958,0.02775786496074934,104.05293869356414,-0.01900852658414952,-0.024831981902706933,-0.02653990838620037,-0.02498069380703198,,,,,,,,,,,,,,,
B,bolivia/tile140,225,15,control NDWI level,0.0045334941678641105,0.002112253390503872,-0.347976793154643,0.006637084986095948,0.0008136296675385363,-0.0008942968159549036,0.000664917763213489,,,,,,,,,,,,,,,
B,bolivia/tile140,225,15,dihedral consistency (8 transforms),0.017824976615007676,0.015403735837647438,0.028845159795536247,-0.006654397461047618,-0.01247785277960503,-0.01418577926309847,-0.012626564683930076,,0.9167751790981878,0.632315634218289,0.23744926068009004,0.3201021913190055,,,,,,,,,,
B,bolivia/tile140,225,15,"boundary first, then confidence",0.005846555116419328,0.0034253143390590894,1.068888888888889,0.00532402403754073,-0.0004994312810166811,-0.002207357764510121,-0.0006481431853417284,,0.7201085124315213,0.8193973872734932,0.7798300429271735,0.509124525916561,,,,,,,,,,
B,bolivia/tile140,225,15,combination conf+dihedral (prereg),0.013452237103471583,0.011030996326111344,0.5,-0.0022816579495115244,-0.008105113268068936,-0.009813039751562376,-0.008253825172393984,,,,,,,,,,,,,,,
B,bolivia/tile141,225,8,confidence (baseline),0.0027953764565774243,0.002076756923791676,-5.550486663447486,0.0,-0.0008113355751396256,-0.0019845884153142286,0.00047801682101722334,,,,,,,,,,,,,,,
B,bolivia/tile141,225,8,tile-phase (aligned),0.001984040881437799,0.0012654213486520502,0.0473290806344125,0.0008113355751396256,0.0,-0.0011732528401746031,0.001289352396156849,,,,,,,,,,,,,,,
B,bolivia/tile141,225,8,boundary indicator,0.0008107880412631959,9.216850847744722e-05,0.08444444444444445,0.0019845884153142286,0.0011732528401746031,0.0,0.002462605236331452,,,,,,,,,,,,,,,
B,bolivia/tile141,225,8,control NDWI gradient,0.0032733932775946477,0.0025547737448088992,0.05475030978393089,-0.00047801682101722334,-0.001289352396156849,-0.002462605236331452,0.0,,,,,,,,,,,,,,,
B,bolivia/tile141,225,8,constant score,0.035555555555555556,0.034836936022769806,0.0,-0.03276017909897813,-0.03357151467411776,-0.03474476751429236,-0.03228216227796091,,,,,,,,,,,,,,,
B,bolivia/tile141,225,8,control S2 patch variance,0.011930326140843417,0.011211706608057669,129.18906414539416,-0.009134949684265993,-0.009946285259405618,-0.01111953809958022,-0.00865693286324877,,,,,,,,,,,,,,,
B,bolivia/tile141,225,8,control NDWI level,0.0016184212732422343,0.0008998017404564856,-0.44282579788186743,0.0011769551833351903,0.00036561960819556463,-0.0008076332319790384,0.0016549720043524136,,,,,,,,,,,,,,,
B,bolivia/tile141,225,8,dihedral consistency (8 transforms),0.0030400264203025323,0.002321406887516784,0.01586873630680202,-0.00024464996372510796,-0.0010559855388647336,-0.0022292383790393365,0.00023336685729211538,,0.9578350189633376,0.8096175726927939,0.36910888568196815,0.7523156342182887,,,,,,,,,,
B,bolivia/tile141,225,8,"boundary first, then confidence",0.0015216657623201607,0.0008030462295344121,0.9711111111111111,0.0012737106942572638,0.0004623751191176382,-0.0007108777210569648,0.0017517275152744872,,0.8494869363674671,0.860849136114623,0.7341987817373731,0.6937779182469448,,,,,,,,,,
B,bolivia/tile141,225,8,combination conf+dihedral (prereg),0.002753669324886573,0.0020350497921008247,0.5,4.1707131690851135e-05,-0.0007696284434487745,-0.0019428812836233774,0.0005197239527080745,,,,,,,,,,,,,,,
B,bolivia/tile142,225,15,confidence (baseline),0.011989296335849357,0.009568055558489118,-4.848655660748482,0.0,-0.008271789176367476,-0.008868643004411215,-0.006878828753769459,,,,,,,,,,,,,,,
B,bolivia/tile142,225,15,tile-phase (aligned),0.0037175071594818814,0.0012962663821216428,0.0589764015438656,0.008271789176367476,0.0,-0.0005968538280437395,0.0013929604225980164,,,,,,,,,,,,,,,
B,bolivia/tile142,225,15,boundary indicator,0.003120653331438142,0.0006994125540779033,0.11555555555555555,0.008868643004411215,0.0005968538280437395,0.0,0.001989814250641756,,,,,,,,,,,,,,,
B,bolivia/tile142,225,15,control NDWI gradient,0.005110467582079898,0.0026892268047196593,0.06034324263505522,0.006878828753769459,-0.0013929604225980164,-0.001989814250641756,0.0,,,,,,,,,,,,,,,
B,bolivia/tile142,225,15,constant score,0.06666666666666665,0.06424542588930642,0.0,-0.05467737033081729,-0.06294915950718477,-0.06354601333522851,-0.06155619908458675,,,,,,,,,,,,,,,
B,bolivia/tile142,225,15,control S2 patch variance,0.008909745245269935,0.006488504467909696,137.5345192256979,0.0030795510905794223,-0.005192238085788054,-0.005789091913831793,-0.003799277663190037,,,,,,,,,,,,,,,
B,bolivia/tile142,225,15,control NDWI level,0.01586437064732232,0.013443129869962081,-0.4121501771860071,-0.003875074311472963,-0.012146863487840439,-0.012743717315884178,-0.010753903065242421,,,,,,,,,,,,,,,
B,bolivia/tile142,225,15,dihedral consistency (8 transforms),0.015100439086861804,0.012679198309501566,0.021356620455820423,-0.0031111427510124474,-0.011382931927379924,-0.011979785755423663,-0.009989971504781908,,0.9520248630425624,0.6823198482932998,0.1047296898418541,0.6844353139485887,,,,,,,,,,
B,bolivia/tile142,225,15,"boundary first, then confidence",0.004597648232606884,0.002176407455246645,1.068888888888889,0.007391648103242473,-0.0008801410731250022,-0.0014769949011687418,0.0005128193494730142,,0.545402444163506,0.8897471554993679,0.7770815190418581,0.593809523809524,,,,,,,,,,
B,bolivia/tile142,225,15,combination conf+dihedral (prereg),0.013240266642346493,0.010819025864986254,0.5,-0.0012509703064971355,-0.009522759482864612,-0.01011961331090835,-0.008129799060266594,,,,,,,,,,,,,,,
B,bolivia/tile143,225,9,confidence (baseline),0.004601084522778457,0.00370144480350785,-3.6725821479823852,0.0,-0.0031990353474915176,-0.00370144480350785,0.024067899750941375,,,,,,,,,,,,,,,
B,bolivia/tile143,225,9,tile-phase (aligned),0.001402049175286939,0.0005024094560163322,0.04716323145962734,0.0031990353474915176,0.0,-0.0005024094560163322,0.027266935098432893,,,,,,,,,,,,,,,
B,bolivia/tile143,225,9,boundary indicator,0.0008996397192706069,0.0,0.06444444444444444,0.00370144480350785,0.0005024094560163322,0.0,0.027769344554449224,,,,,,,,,,,,,,,
B,bolivia/tile143,225,9,control NDWI gradient,0.02866898427371983,0.027769344554449224,0.05314899890547651,-0.024067899750941375,-0.027266935098432893,-0.027769344554449224,0.0,,,,,,,,,,,,,,,
B,bolivia/tile143,225,9,constant score,0.04,0.03910036028072939,0.0,-0.03539891547722154,-0.03859795082471306,-0.03910036028072939,-0.011331015726280168,,,,,,,,,,,,,,,
B,bolivia/tile143,225,9,control S2 patch variance,0.061155827761685815,0.060256188042415205,88.50253276535317,-0.05655474323890736,-0.059753778586398874,-0.060256188042415205,-0.03248684348796598,,,,,,,,,,,,,,,
B,bolivia/tile143,225,9,control NDWI level,0.002846237525601857,0.00194659780633125,-0.3340102202664136,0.0017548469971766,-0.0014441883503149178,-0.00194659780633125,0.025822746748117974,,,,,,,,,,,,,,,
B,bolivia/tile143,225,9,dihedral consistency (8 transforms),0.002955833093179518,0.002056193373908911,0.03194324341203254,0.0016452514295989388,-0.001553783917892579,-0.002056193373908911,0.025713151180540312,,0.9346628739991573,0.7929098187947746,0.4611604145183957,0.26893173198482934,,,,,,,,,,
B,bolivia/tile143,225,9,"boundary first, then confidence",0.0028033410766164883,0.0019037013573458814,0.8911111111111111,0.0017977434461619686,-0.0014012919013295492,-0.0019037013573458814,0.02586564319710334,,0.9565244416350615,0.8753329119258325,0.6841991359068237,0.23026759376316902,,,,,,,,,,
B,bolivia/tile143,225,9,combination conf+dihedral (prereg),0.003335711132024705,0.002436071412754098,0.5,0.001265373390753752,-0.0019336619567377658,-0.002436071412754098,0.025333273141695124,,,,,,,,,,,,,,,
B,bolivia/tile144,225,23,confidence (baseline),0.025284119933439732,0.01964489899899635,-3.193736369477378,0.0,-0.012051157839850998,-0.01804853337953156,-0.012895997851032643,,,,,,,,,,,,,,,
B,bolivia/tile144,225,23,tile-phase (aligned),0.013232962093588737,0.007593741159145352,0.08769311748807215,0.012051157839850998,0.0,-0.005997375539680564,-0.0008448400111816454,,,,,,,,,,,,,,,
B,bolivia/tile144,225,23,boundary indicator,0.007235586553908172,0.0015963656194647874,0.14444444444444443,0.01804853337953156,0.005997375539680564,0.0,0.005152535528498919,,,,,,,,,,,,,,,
B,bolivia/tile144,225,23,control NDWI gradient,0.012388122082407091,0.006748901147963706,0.06667067534366392,0.012895997851032643,0.0008448400111816454,-0.005152535528498919,0.0,,,,,,,,,,,,,,,
B,bolivia/tile144,225,23,constant score,0.10222222222222223,0.09658300128777884,0.0,-0.07693810228878249,-0.0889892601286335,-0.09498663566831406,-0.08983410013981513,,,,,,,,,,,,,,,
B,bolivia/tile144,225,23,control S2 patch variance,0.06908320403895137,0.06344398310450798,90.12556904418987,-0.04379908410551163,-0.05585024194536263,-0.061847617485043194,-0.056695081956544276,,,,,,,,,,,,,,,
B,bolivia/tile144,225,23,control NDWI level,0.009066149372465549,0.0034269284380221638,-0.27573959586514063,0.016217970560974185,0.004166812721123188,-0.0018305628185573764,0.0033219727099415425,,,,,,,,,,,,,,,
B,bolivia/tile144,225,23,dihedral consistency (8 transforms),0.022827418305773794,0.01718819737133041,0.042810363080999295,0.0024567016276659387,-0.009594456212185059,-0.015591831751865622,-0.010439296223366704,,0.9257893293798599,0.6960313948588283,0.38035438167025853,0.5137579013906449,,,,,,,,,,
B,bolivia/tile144,225,23,"boundary first, then confidence",0.014263940013445102,0.008624719079001718,1.3000000000000003,0.01102017991999463,-0.0010309779198563662,-0.00702835345953693,-0.0018758179310380116,,0.7829205601877008,0.8672892962494734,0.8329643474185517,0.5843415507796035,,,,,,,,,,
B,bolivia/tile144,225,23,combination conf+dihedral (prereg),0.02282691933668624,0.017187698402242855,0.5,0.0024572005967534935,-0.009593957243097504,-0.015591332782778067,-0.01043879725427915,,,,,,,,,,,,,,,
B,bolivia/tile145,225,5,confidence (baseline),0.0008080426096599099,0.0005099707173736503,-5.660533317724863,0.0,0.00016418798151668986,-0.0005099707173736503,0.0005649431418329434,,,,,,,,,,,,,,,
B,bolivia/tile145,225,5,tile-phase (aligned),0.0009722305911765999,0.0006741586988903401,0.02437853293276728,-0.00016418798151668986,0.0,-0.0006741586988903401,0.0004007551603162536,,,,,,,,,,,,,,,
B,bolivia/tile145,225,5,boundary indicator,0.0002980718922862597,0.0,0.03333333333333333,0.0005099707173736503,0.0006741586988903401,0.0,0.0010749138592065937,,,,,,,,,,,,,,,
B,bolivia/tile145,225,5,control NDWI gradient,0.0013729857514928534,0.0010749138592065937,0.04987164469915863,-0.0005649431418329434,-0.0004007551603162536,-0.0010749138592065937,0.0,,,,,,,,,,,,,,,
B,bolivia/tile145,225,5,constant score,0.02222222222222222,0.02192415032993596,0.0,-0.021414179612562312,-0.02124999163104562,-0.02192415032993596,-0.020849236470729365,,,,,,,,,,,,,,,
B,bolivia/tile145,225,5,control S2 patch variance,0.03230060471466494,0.03200253282237868,119.41746239197494,-0.03149256210500503,-0.03132837412348834,-0.03200253282237868,-0.030927618963172084,,,,,,,,,,,,,,,
B,bolivia/tile145,225,5,control NDWI level,0.0005206807496148698,0.00022260885732861008,-0.4238310599305927,0.0002873618600450402,0.00045154984156173006,-0.00022260885732861008,0.0008523050018779837,,,,,,,,,,,,,,,
B,bolivia/tile145,225,5,dihedral consistency (8 transforms),0.0022789614807832807,0.001980889588497021,0.01917009480257952,-0.0014709188711233708,-0.001306730889606681,-0.001980889588497021,-0.0009059757292904274,,0.9497608512431525,0.8424062368310152,0.47964531797322213,0.7562547408343873,,,,,,,,,,
B,bolivia/tile145,225,5,"boundary first, then confidence",0.0006422743370054629,0.0003442024447192032,0.7222222222222222,0.0001657682726544471,0.00032995625417113695,-0.0003442024447192032,0.0007307114144873906,,0.9947798145806993,0.8431742520016855,0.5442573817691244,0.7356026127265062,,,,,,,,,,
B,bolivia/tile145,225,5,combination conf+dihedral (prereg),0.0012880572274930734,0.0009899853352068138,0.5,-0.0004800146178331635,-0.00031582663631647364,-0.0009899853352068138,8.492852399977994e-05,,,,,,,,,,,,,,,
B,bolivia/tile147,225,5,confidence (baseline),0.0006426586764295181,0.00034458678414325843,-4.9352608707216055,0.0,0.00034053467049242994,0.00014422513321042267,0.000579222496326577,,,,,,,,,,,,,,,
B,bolivia/tile147,225,5,tile-phase (aligned),0.000983193346921948,0.0006851214546356884,0.0354391873966799,-0.00034053467049242994,0.0,-0.00019630953728200728,0.00023868782583414696,,,,,,,,,,,,,,,
B,bolivia/tile147,225,5,boundary indicator,0.0007868838096399409,0.0004888119173536811,0.06,-0.00014422513321042267,0.00019630953728200728,0.0,0.00043499736311615423,,,,,,,,,,,,,,,
B,bolivia/tile147,225,5,control NDWI gradient,0.001221881172756095,0.0009238092804698353,0.05233960492738681,-0.000579222496326577,-0.00023868782583414696,-0.00043499736311615423,0.0,,,,,,,,,,,,,,,
B,bolivia/tile147,225,5,constant score,0.02222222222222222,0.02192415032993596,0.0,-0.021579563545792702,-0.021239028875300273,-0.02143533841258228,-0.021000341049466124,,,,,,,,,,,,,,,
B,bolivia/tile147,225,5,control S2 patch variance,0.005594795703328806,0.005296723811042546,122.8030541510913,-0.004952137026899288,-0.004611602356406858,-0.004807911893688865,-0.004372914530572711,,,,,,,,,,,,,,,
B,bolivia/tile147,225,5,control NDWI level,0.0007872366173974208,0.000489164725111161,-0.40252175106933086,-0.00014457794096790262,0.00019595672952452733,-3.528077574799487e-07,0.0004346445553586743,,,,,,,,,,,,,,,
B,bolivia/tile147,225,5,dihedral consistency (8 transforms),0.0012042271127351762,0.0009061552204489166,0.01511765456794011,-0.0005615684363056582,-0.0002210337658132282,-0.00041734330309523547,1.7654060020918768e-05,,0.931217867678045,0.6967878213232199,0.19078624855706794,0.5469479561736195,,,,,,,,,,
B,bolivia/tile147,225,5,"boundary first, then confidence",0.0003383845208341824,4.031262854792267e-05,0.8466666666666667,0.00030427415559533576,0.0006448088260877657,0.00044849928880575843,0.0008834966519219126,,0.7872882427307206,0.8380288664138216,0.6551991865567308,0.5805509903076272,,,,,,,,,,
B,bolivia/tile147,225,5,combination conf+dihedral (prereg),0.0007497005485311908,0.0004516286562449311,0.5,-0.00010704187210167266,0.00023349279839075728,3.7183261108750005e-05,0.00047218062422490424,,,,,,,,,,,,,,,
B,bolivia/tile148,225,34,confidence (baseline),0.03378333467598169,0.021407860919936406,-3.6278921124670243,0.0,-0.004964318093748185,-0.008777021602455914,0.004364005310938585,,,,,,,,,,,,,,,
B,bolivia/tile148,225,34,tile-phase (aligned),0.028819016582233507,0.01644354282618822,0.08625981155162056,0.004964318093748185,0.0,-0.0038127035087077293,0.00932832340468677,,,,,,,,,,,,,,,
B,bolivia/tile148,225,34,boundary indicator,0.025006313073525778,0.012630839317480491,0.20444444444444446,0.008777021602455914,0.0038127035087077293,0.0,0.013141026913394499,,,,,,,,,,,,,,,
B,bolivia/tile148,225,34,control NDWI gradient,0.03814733998692028,0.02577186623087499,0.07046442367524877,-0.004364005310938585,-0.00932832340468677,-0.013141026913394499,0.0,,,,,,,,,,,,,,,
B,bolivia/tile148,225,34,constant score,0.1511111111111111,0.13873563735506583,0.0,-0.11732777643512943,-0.12229209452887761,-0.12610479803758534,-0.11296377112419084,,,,,,,,,,,,,,,
B,bolivia/tile148,225,34,control S2 patch variance,0.10301253600713071,0.09063706225108542,127.69700576476701,-0.06922920133114902,-0.0741935194248972,-0.07800622293360493,-0.06486519602021043,,,,,,,,,,,,,,,
B,bolivia/tile148,225,34,control NDWI level,0.019911801784644117,0.00753632802859883,-0.36680023853047233,0.013871532891337576,0.00890721479758939,0.005094511288881661,0.01823553820227616,,,,,,,,,,,,,,,
B,bolivia/tile148,225,34,dihedral consistency (8 transforms),0.03166176568138112,0.019286291925335833,0.03605756875318346,0.002121568994600573,-0.0028427490991476123,-0.006655452607855342,0.006485574305539157,,0.9528539823008852,0.7070322376738307,0.4572330259092851,0.6017509481668776,,,,,,,,,,
B,bolivia/tile148,225,34,"boundary first, then confidence",0.0294364587531809,0.01706098499713561,1.5666666666666667,0.004346875922800794,-0.000617442170947391,-0.00443014567965512,0.008710881233739379,,0.8017509481668773,0.8464148756847867,0.8534459038745374,0.6307248209018121,,,,,,,,,,
B,bolivia/tile148,225,34,combination conf+dihedral (prereg),0.03176025364156668,0.01938477988552139,0.5,0.0020230810344150155,-0.0029412370593331696,-0.006753940568040899,0.0063870863453536,,,,,,,,,,,,,,,
B,bolivia/tile149,225,9,confidence (baseline),0.0039476926568843855,0.0030480529376137786,-5.439416787889269,0.0,-0.0007646055128563505,-0.0014701441275296995,-0.00029140618198776266,,,,,,,,,,,,,,,
B,bolivia/tile149,225,9,tile-phase (aligned),0.003183087144028035,0.002283447424757428,0.0687693285374553,0.0007646055128563505,0.0,-0.000705538614673349,0.00047319933086858784,,,,,,,,,,,,,,,
B,bolivia/tile149,225,9,boundary indicator,0.002477548529354686,0.001577908810084079,0.14,0.0014701441275296995,0.000705538614673349,0.0,0.0011787379455419369,,,,,,,,,,,,,,,
B,bolivia/tile149,225,9,control NDWI gradient,0.003656286474896623,0.002756646755626016,0.06710991026021541,0.00029140618198776266,-0.00047319933086858784,-0.0011787379455419369,0.0,,,,,,,,,,,,,,,
B,bolivia/tile149,225,9,constant score,0.04,0.03910036028072939,0.0,-0.03605230734311561,-0.03681691285597197,-0.03752245147064531,-0.03634371352510338,,,,,,,,,,,,,,,
B,bolivia/tile149,225,9,control S2 patch variance,0.00793661584732747,0.007036976128056862,157.24085685304397,-0.003988923190443083,-0.004753528703299434,-0.005459067317972783,-0.004280329372430846,,,,,,,,,,,,,,,
B,bolivia/tile149,225,9,control NDWI level,0.0033281877291730416,0.0024285480099024348,-0.4589527735631331,0.0006195049277113438,-0.00014510058514500667,-0.0008506391998183557,0.00032809874572358117,,,,,,,,,,,,,,,
B,bolivia/tile149,225,9,dihedral consistency (8 transforms),0.004934087610251541,0.004034447890980935,0.019069216784943516,-0.0009863949533671563,-0.0017510004662235068,-0.002456539080896856,-0.001277801135354919,,0.9465865992414663,0.7414686051411717,0.33734782257398255,0.8181710914454278,,,,,,,,,,
B,bolivia/tile149,225,9,"boundary first, then confidence",0.0027070623024458658,0.0018074225831752589,1.2555555555555555,0.0012406303544385197,0.0004760248415821692,-0.00022951377309117981,0.000949224172450757,,0.7233122629582805,0.8653171091445426,0.8422771629750757,0.7580878634639697,,,,,,,,,,
B,bolivia/tile149,225,9,combination conf+dihedral (prereg),0.004231003762975154,0.003331364043704547,0.5,-0.0002833111060907686,-0.0010479166189471191,-0.0017534552336204681,-0.0005747172880785313,,,,,,,,,,,,,,,
B,bolivia/tile151,225,9,confidence (baseline),0.0023817027909098644,0.0014820630716392575,-5.071547148227691,0.0,-0.0007536071909948652,-0.0013896067885681045,4.2443365766273253e-05,,,,,,,,,,,,,,,
B,bolivia/tile151,225,9,tile-phase (aligned),0.0016280955999149992,0.0007284558806443923,0.036300084155324534,0.0007536071909948652,0.0,-0.0006359995975732393,0.0007960505567611385,,,,,,,,,,,,,,,
B,bolivia/tile151,225,9,boundary indicator,0.0009920960023417599,9.245628307115298e-05,0.09222222222222222,0.0013896067885681045,0.0006359995975732393,0.0,0.0014320501543343778,,,,,,,,,,,,,,,
B,bolivia/tile151,225,9,control NDWI gradient,0.0024241461566761376,0.0015245064374055308,0.050439624298743865,-4.2443365766273253e-05,-0.0007960505567611385,-0.0014320501543343778,0.0,,,,,,,,,,,,,,,
B,bolivia/tile151,225,9,constant score,0.04,0.03910036028072939,0.0,-0.037618297209090136,-0.038371904400085,-0.03900790399765824,-0.03757585384332386,,,,,,,,,,,,,,,
B,bolivia/tile151,225,9,control S2 patch variance,0.010489093061957106,0.009589453342686498,122.43902486334315,-0.008107390271047241,-0.008860997462042107,-0.009496997059615346,-0.008064946905280968,,,,,,,,,,,,,,,
B,bolivia/tile151,225,9,control NDWI level,0.0022062869268435264,0.0013066472075729195,-0.42152583106233366,0.00017541586406633796,-0.0005781913269285273,-0.0012141909245017666,0.0002178592298326112,,,,,,,,,,,,,,,
B,bolivia/tile151,225,9,dihedral consistency (8 transforms),0.0030667153325152387,0.002167075613244632,0.01511319021843115,-0.0006850125416053743,-0.0014386197326002395,-0.0020746193301734786,-0.000642569175839101,,0.893352296670881,0.651662452591656,0.308821427049401,0.5828729456384324,,,,,,,,,,
B,bolivia/tile151,225,9,"boundary first, then confidence",0.001973783585167852,0.001074143865897245,0.988888888888889,0.0004079192057420125,-0.00034568798525285273,-0.000981687582826092,0.00045036257150828573,,0.7922429414243575,0.823873788453435,0.7440150455960981,0.630056890012642,,,,,,,,,,
B,bolivia/tile151,225,9,combination conf+dihedral (prereg),0.002649741712365858,0.001750101993095251,0.5,-0.0002680389214559935,-0.0010216461124508587,-0.001657645710024098,-0.00022559555568972024,,,,,,,,,,,,,,,
B,bolivia/tile152,225,4,confidence (baseline),0.002373678481365062,0.0021752618178512385,-4.774193901220958,0.0,0.0011362915546122708,-0.0020441100245504346,-0.001770614161196567,,,,,,,,,,,,,,,
B,bolivia/tile152,225,4,tile-phase (aligned),0.003509970035977333,0.0033115533724635093,0.02559287805045541,-0.0011362915546122708,0.0,-0.003180401579162706,-0.0029069057158088375,,,,,,,,,,,,,,,
B,bolivia/tile152,225,4,boundary indicator,0.0003295684568146271,0.00013115179330080366,0.024444444444444446,0.0020441100245504346,0.003180401579162706,0.0,0.00027349586335386795,,,,,,,,,,,,,,,
B,bolivia/tile152,225,4,control NDWI gradient,0.0006030643201684951,0.0004046476566546716,0.05418919453313649,0.001770614161196567,0.0029069057158088375,-0.00027349586335386795,0.0,,,,,,,,,,,,,,,
B,bolivia/tile152,225,4,constant score,0.017777777777777778,0.017579361114263954,0.0,-0.015404099296412715,-0.014267807741800444,-0.01744820932096315,-0.01717471345760928,,,,,,,,,,,,,,,
B,bolivia/tile152,225,4,control S2 patch variance,0.005708937881933422,0.005510521218419598,115.11831387271933,-0.00333525940056836,-0.002198967845956089,-0.0053793694251187945,-0.005105873561764927,,,,,,,,,,,,,,,
B,bolivia/tile152,225,4,control NDWI level,0.00039998809837131944,0.00020157143485749599,-0.36279831254280076,0.0019736903829937424,0.003109981937606013,-7.041964155669232e-05,0.00020307622179717563,,,,,,,,,,,,,,,
B,bolivia/tile152,225,4,dihedral consistency (8 transforms),0.003216313290949393,0.0030178966274355696,0.020528750307239534,-0.0008426348095843311,0.00029365674502793973,-0.0028867448341347657,-0.002613248970780898,,0.925150653181626,0.828542983565108,0.21324912713319003,0.2978876949009691,,,,,,,,,,
B,bolivia/tile152,225,4,"boundary first, then confidence",0.0004606980388533819,0.00026228137533955843,0.6688888888888889,0.00191298044251168,0.0030492719971239508,-0.00013112958203875477,0.00014236628131511318,,0.9441635061104089,0.8565170670037928,0.481643409462456,0.2879066582385164,,,,,,,,,,
B,bolivia/tile152,225,4,combination conf+dihedral (prereg),0.0027318327405006556,0.002533416076986832,0.5,-0.0003581542591355935,0.0007781372954766773,-0.002402264283686028,-0.00212876842033216,,,,,,,,,,,,,,,
B,bolivia/tile153,225,26,confidence (baseline),0.019116324975485682,0.011910250881130152,-4.0096853392654,0.0,-0.0061487431999064385,-0.00813389151297029,0.005535170883164721,,,,,,,,,,,,,,,
B,bolivia/tile153,225,26,tile-phase (aligned),0.012967581775579244,0.005761507681223714,0.055533470467974744,0.0061487431999064385,0.0,-0.0019851483130638517,0.01168391408307116,,,,,,,,,,,,,,,
B,bolivia/tile153,225,26,boundary indicator,0.010982433462515392,0.003776359368159862,0.12333333333333334,0.00813389151297029,0.0019851483130638517,0.0,0.013669062396135011,,,,,,,,,,,,,,,
B,bolivia/tile153,225,26,control NDWI gradient,0.024651495858650403,0.017445421764294873,0.05366349375914739,-0.005535170883164721,-0.01168391408307116,-0.013669062396135011,0.0,,,,,,,,,,,,,,,
B,bolivia/tile153,225,26,constant score,0.11555555555555558,0.10834948146120005,0.0,-0.0964392305800699,-0.10258797377997633,-0.10457312209304019,-0.09090405969690518,,,,,,,,,,,,,,,
B,bolivia/tile153,225,26,control S2 patch variance,0.11009020683728303,0.1028841327429275,95.09450839790733,-0.09097388186179735,-0.09712262506170379,-0.09910777337476764,-0.08543871097863262,,,,,,,,,,,,,,,
B,bolivia/tile153,225,26,control NDWI level,0.00926365402381049,0.0020575799294549595,-0.36016290553218644,0.009852670951675193,0.003703927751768754,0.0017187794387049024,0.015387841834839914,,,,,,,,,,,,,,,
B,bolivia/tile153,225,26,dihedral consistency (8 transforms),0.02245271323912804,0.01524663914477251,0.030724596584105812,-0.003336388263642357,-0.009485131463548796,-0.011470279776612647,0.002198782619522364,,0.9527128107880313,0.8564401601348499,0.6713308479061253,0.7274146649810364,,,,,,,,,,
B,bolivia/tile153,225,26,"boundary first, then confidence",0.015188902294795453,0.007982828200439922,1.228888888888889,0.00392742268069023,-0.002221320519216209,-0.0042064688322800605,0.00946259356385495,,0.942789717656974,0.9032005899705009,0.8396410375510079,0.737590602612726,,,,,,,,,,
B,bolivia/tile153,225,26,combination conf+dihedral (prereg),0.019761585446307323,0.012555511351951792,0.5,-0.0006452604708216403,-0.006794003670728079,-0.00877915198379193,0.004889910412343081,,,,,,,,,,,,,,,
B,bolivia/tile154,225,15,confidence (baseline),0.0121184614420435,0.009697220664683261,-5.508591521581014,0.0,-0.0056975227657758195,-0.0023224017811231956,-0.004730344880166603,,,,,,,,,,,,,,,
B,bolivia/tile154,225,15,tile-phase (aligned),0.00642093867626768,0.0039996978989074415,0.02971136812819168,0.0056975227657758195,0.0,0.003375120984652624,0.0009671778856092167,,,,,,,,,,,,,,,
B,bolivia/tile154,225,15,boundary indicator,0.009796059660920304,0.007374818883560065,0.056666666666666664,0.0023224017811231956,-0.003375120984652624,0.0,-0.0024079430990434072,,,,,,,,,,,,,,,
B,bolivia/tile154,225,15,control NDWI gradient,0.007388116561876897,0.004966875784516658,0.04035667950181494,0.004730344880166603,-0.0009671778856092167,0.0024079430990434072,0.0,,,,,,,,,,,,,,,
B,bolivia/tile154,225,15,constant score,0.06666666666666665,0.06424542588930642,0.0,-0.054548205224623156,-0.06024572799039897,-0.05687060700574635,-0.05927855010478976,,,,,,,,,,,,,,,
B,bolivia/tile154,225,15,control S2 patch variance,0.05721592800842623,0.054794687231065994,97.82799081604092,-0.045097466566382735,-0.05079498933215855,-0.04741986834750593,-0.04982781144654934,,,,,,,,,,,,,,,
B,bolivia/tile154,225,15,control NDWI level,0.0030309415565025364,0.0006097007791422979,-0.4237985157317395,0.009087519885540962,0.0033899971197651436,0.0067651181044177675,0.00435717500537436,,,,,,,,,,,,,,,
B,bolivia/tile154,225,15,dihedral consistency (8 transforms),0.01406937831470649,0.011648137537346252,0.014213121826323914,-0.001950916872662991,-0.00764843963843881,-0.0042733186537861866,-0.006681261752829594,,0.9172745469869374,0.8215054782975141,0.5036289098093084,0.6029087652760222,,,,,,,,,,
B,bolivia/tile154,225,15,"boundary first, then confidence",0.009345683014950546,0.006924442237590308,0.8466666666666667,0.002772778427092953,-0.0029247443386828664,0.00045037664596975745,-0.0019575664530736498,,0.9559428992836075,0.8727433628318587,0.6567412822098148,0.6417572692793936,,,,,,,,,,
B,bolivia/tile154,225,15,combination conf+dihedral (prereg),0.01289242888018983,0.010471188102829591,0.5,-0.0007739674381463304,-0.00647149020392215,-0.003096369219269526,-0.005504312318312933,,,,,,,,,,,,,,,
B,bolivia/tile155,225,54,confidence (baseline),0.0897094587388508,0.05774904301371153,-5.144644957383473,0.0,0.03567475884160237,0.062260488360980915,0.05529118057595675,,,,,,,,,,,,,,,
B,bolivia/tile155,225,54,tile-phase (aligned),0.12538421758045318,0.0934238018553139,0.05114681236115656,-0.03567475884160237,0.0,0.026585729519378543,0.019616421734354378,,,,,,,,,,,,,,,
B,bolivia/tile155,225,54,boundary indicator,0.15196994709983172,0.12000953137469245,0.10222222222222223,-0.062260488360980915,-0.026585729519378543,0.0,-0.006969307785024165,,,,,,,,,,,,,,,
B,bolivia/tile155,225,54,control NDWI gradient,0.14500063931480756,0.11304022358966828,0.05647966629921154,-0.05529118057595675,-0.019616421734354378,0.006969307785024165,0.0,,,,,,,,,,,,,,,
B,bolivia/tile155,225,54,constant score,0.24000000000000007,0.2080395842748608,0.0,-0.15029054126114927,-0.1146157824195469,-0.08803005290016835,-0.09499936068519252,,,,,,,,,,,,,,,
B,bolivia/tile155,225,54,control S2 patch variance,0.24570321478884366,0.2137427990637044,94.73171399431928,-0.15599375604999285,-0.12031899720839048,-0.09373326768901194,-0.1007025754740361,,,,,,,,,,,,,,,
B,bolivia/tile155,225,54,control NDWI level,0.039723847359792015,0.007763431634652741,-0.3070852945718826,0.04998561137905879,0.08566037022066117,0.11224609974003971,0.10527679195501555,,,,,,,,,,,,,,,
B,bolivia/tile155,225,54,dihedral consistency (8 transforms),0.09561574945953703,0.06365533373439776,0.02168934400224114,-0.0059062907206862275,0.029768468120916144,0.05635419764029469,0.04938488985527052,,0.9747250316055619,0.8564338390223344,0.4856930164209105,0.492887694900969,,,,,,,,,,
B,bolivia/tile155,225,54,"boundary first, then confidence",0.08998334360486018,0.05802292787972091,1.1933333333333334,-0.00027388486600937734,0.035400873975592995,0.06198660349497154,0.05501729570994737,,0.857044879898862,0.8876970080067426,0.8246109031045121,0.42366519174041306,,,,,,,,,,
B,bolivia/tile155,225,54,combination conf+dihedral (prereg),0.0921458348366284,0.06018541911148913,0.5,-0.0024363760977775956,0.033238382743824776,0.05982411226320332,0.052854804478179154,,,,,,,,,,,,,,,
B,bolivia/tile156,225,12,confidence (baseline),0.003659678459445563,0.0020931376844246217,-5.870453448428048,0.0,-0.001015608096989778,-0.0008469352091146289,-0.0007288865550343013,,,,,,,,,,,,,,,
B,bolivia/tile156,225,12,tile-phase (aligned),0.002644070362455785,0.0010775295874348436,0.0486727880900758,0.001015608096989778,0.0,0.0001686728878751492,0.0002867215419554768,,,,,,,,,,,,,,,
B,bolivia/tile156,225,12,boundary indicator,0.0028127432503309343,0.0012462024753099928,0.1111111111111111,0.0008469352091146289,-0.0001686728878751492,0.0,0.0001180486540803276,,,,,,,,,,,,,,,
B,bolivia/tile156,225,12,control NDWI gradient,0.002930791904411262,0.0013642511293903204,0.05654192292873425,0.0007288865550343013,-0.0002867215419554768,-0.0001180486540803276,0.0,,,,,,,,,,,,,,,
B,bolivia/tile156,225,12,constant score,0.05333333333333334,0.051766792558312395,0.0,-0.04967365487388777,-0.05068926297087755,-0.0505205900830024,-0.050402541428922074,,,,,,,,,,,,,,,
B,bolivia/tile156,225,12,control S2 patch variance,0.004170852401094727,0.0026043116260737855,145.28462211068734,-0.0005111739416491638,-0.0015267820386389418,-0.0013581091507637926,-0.001240060496683465,,,,,,,,,,,,,,,
B,bolivia/tile156,225,12,control NDWI level,0.0032403845309265837,0.0016738437559056423,-0.4903023203538986,0.0004192939285189794,-0.0005963141684707986,-0.00042764128059564945,-0.00030959262651532185,,,,,,,,,,,,,,,
B,bolivia/tile156,225,12,dihedral consistency (8 transforms),0.004090931633489267,0.0025243908584683256,0.014013825952719747,-0.00043125317404370386,-0.001446861271033482,-0.0012781883831583327,-0.0011601397290780051,,0.9034576485461437,0.8445828065739573,0.5266710736329113,0.8533944374209858,,,,,,,,,,
B,bolivia/tile156,225,12,"boundary first, then confidence",0.0028407080920633604,0.0012741673170424189,1.06,0.0008189703673822028,-0.00019663772960757525,-2.796484173242606e-05,9.008381234790154e-05,,0.8341740412979346,0.9073851664559631,0.7812209575952664,0.7824209860935519,,,,,,,,,,
B,bolivia/tile156,225,12,combination conf+dihedral (prereg),0.003853846415317481,0.0022873056402965396,0.49999999999999994,-0.00019416795587191794,-0.001209776052861696,-0.0010411031649865468,-0.0009230545109062192,,,,,,,,,,,,,,,
B,bolivia/tile159,225,3,confidence (baseline),0.0008170698670264478,0.0006981978239391581,-6.389403326643838,0.0,-1.9437915112216443e-05,-0.000303883666355611,-4.53423434366285e-05,,,,,,,,,,,,,,,
B,bolivia/tile159,225,3,tile-phase (aligned),0.0007976319519142314,0.0006787599088269417,0.027999722160117622,1.9437915112216443e-05,0.0,-0.00028444575124339456,-2.590442832441206e-05,,,,,,,,,,,,,,,
B,bolivia/tile159,225,3,boundary indicator,0.0005131862006708368,0.0003943141575835471,0.05,0.000303883666355611,0.00028444575124339456,0.0,0.0002585413229189825,,,,,,,,,,,,,,,
B,bolivia/tile159,225,3,control NDWI gradient,0.0007717275235898193,0.0006528554805025296,0.041655783998855625,4.53423434366285e-05,2.590442832441206e-05,-0.0002585413229189825,0.0,,,,,,,,,,,,,,,
B,bolivia/tile159,225,3,constant score,0.013333333333333334,0.013214461290246044,0.0,-0.012516263466306887,-0.012535701381419103,-0.012820147132662498,-0.012561605809743515,,,,,,,,,,,,,,,
B,bolivia/tile159,225,3,control S2 patch variance,0.0015164062339717164,0.0013975341908844267,165.44182854611185,-0.0006993363669452686,-0.000718774282057485,-0.0010032200333008796,-0.0007446787103818971,,,,,,,,,,,,,,,
B,bolivia/tile159,225,3,control NDWI level,0.0007968730310109783,0.0006780009879236886,-0.5033077782389316,2.019683601546952e-05,7.589209032530771e-07,-0.0002836868303401415,-2.5145507421158982e-05,,,,,,,,,,,,,,,
B,bolivia/tile159,225,3,dihedral consistency (8 transforms),0.0007151287776267829,0.0005962567345394932,0.006910734290237694,0.0001019410893996649,8.250317428744845e-05,-0.0002019425769559461,5.6598745963036393e-05,,0.9265844922039613,0.7933702064896748,0.40774192953407956,0.6948725242309313,,,,,,,,,,
B,bolivia/tile159,225,3,"boundary first, then confidence",0.0007309764097170476,0.0006121043666297578,0.8022222222222222,8.609345730940029e-05,6.665554219718384e-05,-0.00021779020904621072,4.0751113872771784e-05,,0.9235756426464383,0.8107195533080483,0.6194612247419206,0.66283607248209,,,,,,,,,,
B,bolivia/tile159,225,3,combination conf+dihedral (prereg),0.0008177224578118659,0.0006988504147245762,0.5,-6.525907854180567e-07,-2.00905058976345e-05,-0.00030453625714102906,-4.599493422204656e-05,,,,,,,,,,,,,,,
B,bolivia/tile163,225,8,confidence (baseline),0.002296912511606961,0.0015782929788212125,-7.507332413726383,0.0,3.783016514063552e-05,0.00040949339827931115,-0.0006124080115759536,,,,,,,,,,,,,,,
B,bolivia/tile163,225,8,tile-phase (aligned),0.0023347426767475967,0.001616123143961848,0.03918770527831536,-3.783016514063552e-05,0.0,0.0003716632331386756,-0.0006502381767165891,,,,,,,,,,,,,,,
B,bolivia/tile163,225,8,boundary indicator,0.002706405909886272,0.0019877863771005236,0.1,-0.00040949339827931115,-0.0003716632331386756,0.0,-0.0010219014098552647,,,,,,,,,,,,,,,
B,bolivia/tile163,225,8,control NDWI gradient,0.0016845045000310076,0.0009658849672452589,0.046538165930653144,0.0006124080115759536,0.0006502381767165891,0.0010219014098552647,0.0,,,,,,,,,,,,,,,
B,bolivia/tile163,225,8,constant score,0.035555555555555556,0.034836936022769806,0.0,-0.03325864304394859,-0.03322081287880796,-0.03284914964566928,-0.03387105105552455,,,,,,,,,,,,,,,
B,bolivia/tile163,225,8,control S2 patch variance,0.004960982591463082,0.004242363058677333,113.8058850150047,-0.00266407007985612,-0.0026262399147154846,-0.002254576681576809,-0.003276478091432074,,,,,,,,,,,,,,,
B,bolivia/tile163,225,8,control NDWI level,0.0012702719661634833,0.0005516524333777347,-0.4227942207564397,0.0010266405454434778,0.0010644707105841133,0.001436133943722789,0.00041423253386752425,,,,,,,,,,,,,,,
B,bolivia/tile163,225,8,dihedral consistency (8 transforms),0.0023310421651608977,0.001612422632375149,0.007952101601072677,-3.4129653553936594e-05,3.700511586698929e-06,0.00037536374472537455,-0.0006465376651298902,,0.9045701643489255,0.8189412136536026,0.511233366677089,0.8078202697008012,,,,,,,,,,
B,bolivia/tile163,225,8,"boundary first, then confidence",0.001742213335785732,0.0010235938029999833,1.1666666666666667,0.0005546991758212292,0.0005925293409618647,0.0009641925741005403,-5.770883575472439e-05,,0.8745627897176566,0.898134218289085,0.8289290972392781,0.7473714707121784,,,,,,,,,,
B,bolivia/tile163,225,8,combination conf+dihedral (prereg),0.002302890029868471,0.0015842704970827225,0.5,-5.977518261509988e-06,3.1852646879125535e-05,0.00040351588001780116,-0.0006183855298374636,,,,,,,,,,,,,,,
B,bolivia/tile166,223,3,confidence (baseline),0.0007911418649341304,0.0006701247766603934,-6.812352648230411,0.0,-0.0005475395440701354,-0.0006087875244945394,-0.0006497415724206869,,,,,,,,,,,,,,,
B,bolivia/tile166,223,3,tile-phase (aligned),0.00024360232086399498,0.00012258523259025801,0.011840779733782891,0.0005475395440701354,0.0,-6.124798042440413e-05,-0.00010220202835055153,,,,,,,,,,,,,,,
B,bolivia/tile166,223,3,boundary indicator,0.00018235434043959085,6.133725216585388e-05,0.020179372197309416,0.0006087875244945394,6.124798042440413e-05,0.0,-4.09540479261474e-05,,,,,,,,,,,,,,,
B,bolivia/tile166,223,3,control NDWI gradient,0.00014140029251344345,2.0383204239706485e-05,0.024632120946981008,0.0006497415724206869,0.00010220202835055153,4.09540479261474e-05,0.0,,,,,,,,,,,,,,,
B,bolivia/tile166,223,3,constant score,0.013452914798206282,0.013331897709932546,0.0,-0.012661772933272152,-0.013209312477342288,-0.013270560457766692,-0.013311514505692838,,,,,,,,,,,,,,,
B,bolivia/tile166,223,3,control S2 patch variance,0.0003272279948430988,0.00020621090656936186,85.29211356719566,0.0004639138700910315,-8.362567397910385e-05,-0.00014487365440350798,-0.00018582770232965538,,,,,,,,,,,,,,,
B,bolivia/tile166,223,3,control NDWI level,0.0003661824644665245,0.0002451653761927875,-0.5526331739093362,0.00042495940046760584,-0.0001225801436025295,-0.00018382812402693364,-0.00022478217195308104,,,,,,,,,,,,,,,
B,bolivia/tile166,223,3,dihedral consistency (8 transforms),0.0007990232642595426,0.0006780061759858057,0.009367628809468034,-7.88139932541231e-06,-0.0005554209433955477,-0.0006166689238199518,-0.0006576229717460992,,0.9245080682860953,0.7823445642952372,0.3046020513341677,0.6246158474297491,,,,,,,,,,
B,bolivia/tile166,223,3,"boundary first, then confidence",0.00032683483074382065,0.0002058177424700837,0.6238989429852658,0.00046430703419030967,-8.323250987982568e-05,-0.0001444804903042298,-0.0001854345382303772,,0.9812566009314897,0.8131049050331566,0.42010335012006006,0.6415769949962782,,,,,,,,,,
B,bolivia/tile166,223,3,combination conf+dihedral (prereg),0.0007599773585466275,0.0006389602702728905,0.5,3.116450638750287e-05,-0.0005163750376826325,-0.0005776230181070366,-0.0006185770660331841,,,,,,,,,,,,,,,
B,bolivia/tile168,225,13,confidence (baseline),0.004494949626315526,0.0026645063301548814,-6.865455111397638,0.0,0.000639383908444321,0.0008306726670183591,0.004242415411019297,,,,,,,,,,,,,,,
B,bolivia/tile168,225,13,tile-phase (aligned),0.005134333534759847,0.0033038902385992023,0.03250051255471792,-0.000639383908444321,0.0,0.00019128875857403818,0.003603031502574976,,,,,,,,,,,,,,,
B,bolivia/tile168,225,13,boundary indicator,0.005325622293333885,0.0034951789971732405,0.08222222222222222,-0.0008306726670183591,-0.00019128875857403818,0.0,0.003411742744000938,,,,,,,,,,,,,,,
B,bolivia/tile168,225,13,control NDWI gradient,0.008737365037334823,0.006906921741174178,0.026229955691235173,-0.004242415411019297,-0.003603031502574976,-0.003411742744000938,0.0,,,,,,,,,,,,,,,
B,bolivia/tile168,225,13,constant score,0.05777777777777779,0.05594733448161714,0.0,-0.053282828151462264,-0.052643444243017944,-0.0524521554844439,-0.04904041274044296,,,,,,,,,,,,,,,
B,bolivia/tile168,225,13,control S2 patch variance,0.018199488484999884,0.016369045188839238,62.93149908090792,-0.013704538858684357,-0.013065154950240035,-0.012873866191665997,-0.00946212344766506,,,,,,,,,,,,,,,
B,bolivia/tile168,225,13,control NDWI level,0.028212372994268216,0.02638192969810757,-0.3844171435634304,-0.02371742336795269,-0.023078039459508367,-0.02288675070093433,-0.019475007956933393,,,,,,,,,,,,,,,
B,bolivia/tile168,225,13,dihedral consistency (8 transforms),0.004092937213366473,0.0022624939172058286,0.011969171416973647,0.00040201241294905276,0.0010413963213933737,0.0012326850799674119,0.00464442782396835,,0.9624452170248626,0.8937926675094814,0.6897778310937058,0.7921323219553302,,,,,,,,,,
B,bolivia/tile168,225,13,"boundary first, then confidence",0.004494949626315526,0.0026645063301548814,1.0422222222222222,0.0,0.000639383908444321,0.0008306726670183591,0.004242415411019297,,0.9736873156342184,0.9272692793931723,0.7761028037432307,0.8422281921618204,,,,,,,,,,
B,bolivia/tile168,225,13,combination conf+dihedral (prereg),0.004226728794251622,0.002396285498090977,0.5,0.0002682208320639043,0.0009076047405082253,0.0010988934990822635,0.004510636243083201,,,,,,,,,,,,,,,
B,bolivia/tile171,225,5,confidence (baseline),0.00054331343990796,0.0002452415476217003,-6.5473724291059705,0.0,-0.00012375100529563764,0.000588298814413368,0.00039050160492346805,,,,,,,,,,,,,,,
B,bolivia/tile171,225,5,tile-phase (aligned),0.0004195624346123224,0.00012149054232606267,0.022160290484474293,0.00012375100529563764,0.0,0.0007120498197090057,0.0005142526102191057,,,,,,,,,,,,,,,
B,bolivia/tile171,225,5,boundary indicator,0.001131612254321328,0.0008335403620350684,0.057777777777777775,-0.000588298814413368,-0.0007120498197090057,0.0,-0.00019779720948990003,,,,,,,,,,,,,,,
B,bolivia/tile171,225,5,control NDWI gradient,0.0009338150448314281,0.0006357431525451684,0.023210011589356642,-0.00039050160492346805,-0.0005142526102191057,0.00019779720948990003,0.0,,,,,,,,,,,,,,,
B,bolivia/tile171,225,5,constant score,0.02222222222222222,0.02192415032993596,0.0,-0.02167890878231426,-0.021802659787609896,-0.02109060996790089,-0.021288407177390792,,,,,,,,,,,,,,,
B,bolivia/tile171,225,5,control S2 patch variance,0.0013323978615498021,0.0010343259692635425,76.91020978620078,-0.0007890844216418421,-0.0009128354269374798,-0.00020078560722847408,-0.0003985828167183741,,,,,,,,,,,,,,,
B,bolivia/tile171,225,5,control NDWI level,0.005800863396919651,0.0055027915046333906,-0.45854698416136935,-0.005257549957011691,-0.005381300962307328,-0.004669251142598322,-0.004867048352088222,,,,,,,,,,,,,,,
B,bolivia/tile171,225,5,dihedral consistency (8 transforms),0.0006228482424437621,0.00032477635015750237,0.006966931105521831,-7.953480253580206e-05,-0.0002032858078314397,0.0005087640118775661,0.000310966802387666,,0.9202760219131898,0.7997376738305946,0.4972439680703595,0.3028487147071219,,,,,,,,,,
B,bolivia/tile171,225,5,"boundary first, then confidence",0.00054331343990796,0.0002452415476217003,0.8911111111111111,0.0,-0.00012375100529563764,0.000588298814413368,0.00039050160492346805,,0.9005762747576906,0.8924367888748415,0.6903369590682474,0.3874504846186262,,,,,,,,,,
B,bolivia/tile171,225,5,combination conf+dihedral (prereg),0.0005636219603030305,0.0002655500680167708,0.5,-2.0308520395070483e-05,-0.00014405952569070812,0.0005679902940182975,0.00037019308452839757,,,,,,,,,,,,,,,
B,bolivia/tile174,111,11,confidence (baseline),0.020373734110235926,0.01484768871687226,-5.417829039934519,0.0,-0.0040838572255489265,0.019760065293408242,0.0026085860035502707,,,,,,,,,,,,,,,
B,bolivia/tile174,111,11,tile-phase (aligned),0.016289876884687,0.010763831491323334,0.06187965585972101,0.0040838572255489265,0.0,0.02384392251895717,0.006692443229099197,,,,,,,,,,,,,,,
B,bolivia/tile174,111,11,boundary indicator,0.040133799403644164,0.0346077540102805,0.0945945945945946,-0.019760065293408242,-0.02384392251895717,0.0,-0.01715147928985797,,,,,,,,,,,,,,,
B,bolivia/tile174,111,11,control NDWI gradient,0.022982320113786196,0.01745627472042253,0.077440183357847,-0.0026085860035502707,-0.006692443229099197,0.01715147928985797,0.0,,,,,,,,,,,,,,,
B,bolivia/tile174,111,11,constant score,0.09909909909909913,0.09357305370573546,0.0,-0.0787253649888632,-0.08280922221441213,-0.058965299695454956,-0.07611677898531292,,,,,,,,,,,,,,,
B,bolivia/tile174,111,11,control S2 patch variance,0.07595123032629361,0.07042518493292994,211.0441573727672,-0.05557749621605768,-0.05966135344160661,-0.03581743092264944,-0.05296891021250741,,,,,,,,,,,,,,,
B,bolivia/tile174,111,11,control NDWI level,0.024983502210473154,0.01945745681710949,-0.40925506378256765,-0.0046097681002372284,-0.008693625325786155,0.015150297193171014,-0.0020011820966869577,,,,,,,,,,,,,,,
B,bolivia/tile174,111,11,dihedral consistency (8 transforms),0.020567085016974077,0.015041039623610412,0.024958406797678263,-0.0001933509067381517,-0.004277208132287078,0.01956671438667009,0.002415235096812119,,0.96002106002106,0.7571428571428569,0.23330930891693447,0.585749385749386,,,,,,,,,,
B,bolivia/tile174,111,11,"boundary first, then confidence",0.017785856252440595,0.01225981085907693,1.1871380308880308,0.00258787785779533,-0.0014959793677535964,0.022347943151203573,0.005196463861345601,,0.7095559845559848,0.8019480519480514,0.8377388056405604,0.5708230958230959,,,,,,,,,,
B,bolivia/tile174,111,11,combination conf+dihedral (prereg),0.01992949331919956,0.014403447925835894,0.49999999999999994,0.0004442407910363669,-0.0036396164345125596,0.02020430608444461,0.0030528267945866376,,,,,,,,,,,,,,,
B,bolivia/tile175,117,8,confidence (baseline),0.007333885861525627,0.004649720651169238,-5.86228887978782,0.0,-0.00037871072166515383,-0.000647929083829487,0.0013068260475819146,,,,,,,,,,,,,,,
B,bolivia/tile175,117,8,tile-phase (aligned),0.006955175139860473,0.004271009929504084,0.03814957346464955,0.00037871072166515383,0.0,-0.00026921836216433313,0.0016855367692470685,,,,,,,,,,,,,,,
B,bolivia/tile175,117,8,boundary indicator,0.00668595677769614,0.004001791567339751,0.1111111111111111,0.000647929083829487,0.00026921836216433313,0.0,0.0019547551314114016,,,,,,,,,,,,,,,
B,bolivia/tile175,117,8,control NDWI gradient,0.008640711909107542,0.0059565466987511525,0.04858720159654798,-0.0013068260475819146,-0.0016855367692470685,-0.0019547551314114016,0.0,,,,,,,,,,,,,,,
B,bolivia/tile175,117,8,constant score,0.06837606837606836,0.06569190316571197,0.0,-0.06104218251454273,-0.061420893236207884,-0.06169011159837222,-0.059735356466960814,,,,,,,,,,,,,,,
B,bolivia/tile175,117,8,control S2 patch variance,0.01938517416950667,0.01670100895915028,45.33241181659105,-0.012051288307981042,-0.012429999029646196,-0.012699217391810529,-0.010744462260399127,,,,,,,,,,,,,,,
B,bolivia/tile175,117,8,control NDWI level,0.007046283619307912,0.004362118408951522,-0.3055897600309393,0.000287602242217716,-9.110847944743782e-05,-0.00036032684161177095,0.0015944282897996306,,,,,,,,,,,,,,,
B,bolivia/tile175,117,8,dihedral consistency (8 transforms),0.00823526113386973,0.005551095923513341,0.021346811426163684,-0.0009013752723441033,-0.001280085994009257,-0.0015493043561735902,0.00040545077523781135,,0.9535359438924604,0.8920034767492392,0.798626457785274,0.7319905887994727,,,,,,,,,,
B,bolivia/tile175,117,8,"boundary first, then confidence",0.007152991727663969,0.004468826517307579,1.075587606837607,0.00018089413386165876,-0.00019781658780349508,-0.0004670349499678282,0.0014877201814435734,,0.9851938437560881,0.8899878613496378,0.8536649712099224,0.682259587285888,,,,,,,,,,
B,bolivia/tile175,117,8,combination conf+dihedral (prereg),0.007378824796314893,0.004694659585958504,0.5,-4.49389347892664e-05,-0.00042364965645442024,-0.0006928680186187534,0.0012618871127926482,,,,,,,,,,,,,,,
B,bolivia/tile177,225,15,confidence (baseline),0.0159620108319497,0.01354077005458946,-6.401592764854431,0.0,-0.008251455822949075,-0.007902649635768639,-0.004549744718519393,,,,,,,,,,,,,,,
B,bolivia/tile177,225,15,tile-phase (aligned),0.007710555009000624,0.0052893142316403855,0.043054990381060636,0.008251455822949075,0.0,0.0003488061871804362,0.003701711104429682,,,,,,,,,,,,,,,
B,bolivia/tile177,225,15,boundary indicator,0.00805936119618106,0.005638120418820822,0.09666666666666666,0.007902649635768639,-0.0003488061871804362,0.0,0.0033529049172492456,,,,,,,,,,,,,,,
B,bolivia/tile177,225,15,control NDWI gradient,0.011412266113430306,0.008991025336070067,0.06270308149210674,0.004549744718519393,-0.003701711104429682,-0.0033529049172492456,0.0,,,,,,,,,,,,,,,
B,bolivia/tile177,225,15,constant score,0.06666666666666665,0.06424542588930642,0.0,-0.05070465583471696,-0.05895611165766603,-0.05860730547048559,-0.05525440055323635,,,,,,,,,,,,,,,
B,bolivia/tile177,225,15,control S2 patch variance,0.014358611755037257,0.011937370977677018,127.07503408882117,0.0016033990769124418,-0.006648056746036633,-0.006299250558856197,-0.002946345641606951,,,,,,,,,,,,,,,
B,bolivia/tile177,225,15,control NDWI level,0.01805688420682686,0.01563564342946662,-0.42283903457940103,-0.0020948733748771594,-0.010346329197826234,-0.009997523010645798,-0.006644618093396552,,,,,,,,,,,,,,,
B,bolivia/tile177,225,15,dihedral consistency (8 transforms),0.015773514593040463,0.013352273815680224,0.012861501868527638,0.00018849623890923595,-0.008062959584039839,-0.007714153396859403,-0.004361248479610157,,0.9744332069110833,0.845588916982722,0.5571128583550856,0.8442056468605148,,,,,,,,,,
B,bolivia/tile177,225,15,"boundary first, then confidence",0.007656707813147986,0.0052354670357877475,1.1488888888888888,0.008305303018801714,5.384719585263802e-05,0.0004026533830330742,0.00375555830028232,,0.8890929203539827,0.8842456805731146,0.8178108766850113,0.8648040455120104,,,,,,,,,,
B,bolivia/tile177,225,15,combination conf+dihedral (prereg),0.015754602620960775,0.013333361843600537,0.5,0.00020740821098892345,-0.008044047611960151,-0.007695241424779715,-0.0043423365075304695,,,,,,,,,,,,,,,
B,bolivia/tile178,196,7,confidence (baseline),0.004649843026401874,0.003913406990462792,-5.642912634781429,0.0,-0.0012401843856730131,-0.0018170276311162432,0.0023617102863663485,,,,,,,,,,,,,,,
B,bolivia/tile178,196,7,tile-phase (aligned),0.00340965864072886,0.002673222604789779,0.0461353658774804,0.0012401843856730131,0.0,-0.00057684324544323,0.0036018946720393617,,,,,,,,,,,,,,,
B,bolivia/tile178,196,7,boundary indicator,0.00283281539528563,0.002096379359346549,0.11352040816326531,0.0018170276311162432,0.00057684324544323,0.0,0.004178737917482592,,,,,,,,,,,,,,,
B,bolivia/tile178,196,7,control NDWI gradient,0.007011553312768222,0.0062751172768291405,0.0692689220759491,-0.0023617102863663485,-0.0036018946720393617,-0.004178737917482592,0.0,,,,,,,,,,,,,,,
B,bolivia/tile178,196,7,constant score,0.035714285714285705,0.03497784967834663,0.0,-0.031064442687883834,-0.03230462707355685,-0.03288147031900008,-0.028702732401517488,,,,,,,,,,,,,,,
B,bolivia/tile178,196,7,control S2 patch variance,0.019158159021399973,0.01842172298546089,92.29106056677742,-0.014508315994998099,-0.01574850038067111,-0.016325343626114344,-0.012146605708631752,,,,,,,,,,,,,,,
B,bolivia/tile178,196,7,control NDWI level,0.005191765787364767,0.004455329751425686,-0.312084286623186,-0.0005419227609628936,-0.0017821071466359068,-0.002358950392079137,0.001819787525403455,,,,,,,,,,,,,,,
B,bolivia/tile178,196,7,dihedral consistency (8 transforms),0.005588181322106538,0.004851745286167456,0.020817181812329794,-0.0009383382957046642,-0.0021785226813776774,-0.0027553659268209074,0.0014233719906616843,,0.9600793695064902,0.8744575221732585,0.6474125999863046,0.7570559969399714,,,,,,,,,,
B,bolivia/tile178,196,7,"boundary first, then confidence",0.0036569662491859477,0.0029205302132468665,1.1805302478134112,0.0009928767772159255,-0.00024730760845708766,-0.0008241508539003177,0.003354587063582274,,0.9370048370773527,0.9107618994493542,0.832036003805469,0.7371976826654132,,,,,,,,,,
B,bolivia/tile178,196,7,combination conf+dihedral (prereg),0.004957799740186618,0.004221363704247537,0.5000000000000001,-0.0003079567137847447,-0.0015481410994577578,-0.002124984344900988,0.002053753572581604,,,,,,,,,,,,,,,
B,bolivia/tile180,225,13,confidence (baseline),0.003877392651886845,0.0020469493557262004,-6.810343138376871,0.0,-3.362316885816051e-05,0.0008610640374888201,0.0031502927276648492,,,,,,,,,,,,,,,
B,bolivia/tile180,225,13,tile-phase (aligned),0.0038437694830286847,0.00201332618686804,0.03592868691102517,3.362316885816051e-05,0.0,0.0008946872063469806,0.0031839158965230097,,,,,,,,,,,,,,,
B,bolivia/tile180,225,13,boundary indicator,0.004738456689375665,0.0029080133932150205,0.09222222222222222,-0.0008610640374888201,-0.0008946872063469806,0.0,0.002289228690176029,,,,,,,,,,,,,,,
B,bolivia/tile180,225,13,control NDWI gradient,0.007027685379551694,0.00519724208339105,0.06233805223566999,-0.0031502927276648492,-0.0031839158965230097,-0.002289228690176029,0.0,,,,,,,,,,,,,,,
B,bolivia/tile180,225,13,constant score,0.05777777777777779,0.05594733448161714,0.0,-0.053900385125890946,-0.053934008294749106,-0.05303932108840212,-0.050750092398226095,,,,,,,,,,,,,,,
B,bolivia/tile180,225,13,control S2 patch variance,0.008544906954029274,0.006714463657868629,82.09226297693382,-0.0046675143021424285,-0.0047011374710005886,-0.0038064502646536083,-0.0015172215744775792,,,,,,,,,,,,,,,
B,bolivia/tile180,225,13,control NDWI level,0.010962983903315748,0.009132540607155102,-0.38675434803775943,-0.007085591251428902,-0.0071192144202870625,-0.0062245272139400815,-0.003935298523764052,,,,,,,,,,,,,,,
B,bolivia/tile180,225,13,dihedral consistency (8 transforms),0.00330599132367422,0.0014755480275135753,0.010439413703744422,0.0005714013282126251,0.0005377781593544646,0.0014324653657014452,0.0037216940558774743,,0.9269047619047622,0.8174620733249048,0.6903438567925353,0.8049051833122628,,,,,,,,,,
B,bolivia/tile180,225,13,"boundary first, then confidence",0.003635453249922563,0.0018050099537619182,1.0333333333333334,0.00024193940196428221,0.0002083162331061217,0.0011030034394531023,0.0033922321296291314,,0.962841340075854,0.802416772018542,0.7711486734797011,0.7767699115044244,,,,,,,,,,
B,bolivia/tile180,225,13,combination conf+dihedral (prereg),0.0035514307283938205,0.0017209874322331757,0.49999999999999994,0.0003259619234930247,0.0002923387546348642,0.0011870259609818449,0.003476254651157874,,,,,,,,,,,,,,,
B,bolivia/tile181,225,10,confidence (baseline),0.0028787338341324424,0.0017774977966897344,-6.318304174873564,0.0,0.003848668785425541,0.017510723253931253,-0.00015808506918137946,,,,,,,,,,,,,,,
B,bolivia/tile181,225,10,tile-phase (aligned),0.006727402619557983,0.005626166582115275,0.03893447346168816,-0.003848668785425541,0.0,0.013662054468505713,-0.00400675385460692,,,,,,,,,,,,,,,
B,bolivia/tile181,225,10,boundary indicator,0.020389457088063695,0.019288221050620988,0.07888888888888888,-0.017510723253931253,-0.013662054468505713,0.0,-0.01766880832311263,,,,,,,,,,,,,,,
B,bolivia/tile181,225,10,control NDWI gradient,0.002720648764951063,0.001619412727508355,0.05600418549645415,0.00015808506918137946,0.00400675385460692,0.01766880832311263,0.0,,,,,,,,,,,,,,,
B,bolivia/tile181,225,10,constant score,0.04444444444444444,0.04334320840700173,0.0,-0.041565710610312,-0.03771704182488646,-0.024054987356380744,-0.04172379567949338,,,,,,,,,,,,,,,
B,bolivia/tile181,225,10,control S2 patch variance,0.006677426954346671,0.005576190916903963,145.63981119076792,-0.003798693120214229,4.9975665211312095e-05,0.013712030133717024,-0.003956778189395608,,,,,,,,,,,,,,,
B,bolivia/tile181,225,10,control NDWI level,0.00447705373321554,0.0033758176957728323,-0.4801996106544076,-0.0015983198990830979,0.002250348886342443,0.015912403354848156,-0.0017564049682644773,,,,,,,,,,,,,,,
B,bolivia/tile181,225,10,dihedral consistency (8 transforms),0.002965993108732701,0.0018647570712899929,0.009719823447925996,-8.725927460025845e-05,0.0037614095108252825,0.017423463979330995,-0.0002453443437816379,,0.950100084281501,0.8434544879898863,0.45984474098774614,0.8985714285714285,,,,,,,,,,
B,bolivia/tile181,225,10,"boundary first, then confidence",0.006540946408445973,0.005439710371003265,1.1044444444444443,-0.0036622125743135305,0.00018645621111201046,0.013848510679617723,-0.00382029764349491,,0.8616192583227981,0.8797250316055625,0.7962833841979617,0.8363284871470713,,,,,,,,,,
B,bolivia/tile181,225,10,combination conf+dihedral (prereg),0.002952473882766276,0.001851237845323568,0.5,-7.37400486338336e-05,0.0037749287367917074,0.01743698320529742,-0.00023182511781521305,,,,,,,,,,,,,,,
B,bolivia/tile182,159,23,confidence (baseline),0.028991750757241724,0.017531024008050684,-4.614705151356991,0.0,-0.0022663319998998815,0.021374439768168288,0.032022185739915165,,,,,,,,,,,,,,,
B,bolivia/tile182,159,23,tile-phase (aligned),0.026725418757341843,0.015264692008150803,0.059273764197754895,0.0022663319998998815,0.0,0.02364077176806817,0.03428851773981505,,,,,,,,,,,,,,,
B,bolivia/tile182,159,23,boundary indicator,0.05036619052541001,0.03890546377621897,0.15330188679245282,-0.021374439768168288,-0.02364077176806817,0.0,0.010647745971746878,,,,,,,,,,,,,,,
B,bolivia/tile182,159,23,control NDWI gradient,0.06101393649715689,0.04955320974796585,0.06306664112828814,-0.032022185739915165,-0.03428851773981505,-0.010647745971746878,0.0,,,,,,,,,,,,,,,
B,bolivia/tile182,159,23,constant score,0.14465408805031446,0.13319336130112341,0.0,-0.11566233729307274,-0.1179286692929726,-0.09428789752490443,-0.08364015155315757,,,,,,,,,,,,,,,
B,bolivia/tile182,159,23,control S2 patch variance,0.08733584617443998,0.07587511942524894,121.53853493292313,-0.058344095417198254,-0.060610427417098135,-0.036969655649029966,-0.026321909677283088,,,,,,,,,,,,,,,
B,bolivia/tile182,159,23,control NDWI level,0.0560115786372081,0.04455085188801706,-0.4463241911699623,-0.027019827879966374,-0.029286159879866255,-0.005645388111798086,0.005002357859948792,,,,,,,,,,,,,,,
B,bolivia/tile182,159,23,dihedral consistency (8 transforms),0.0236128847613019,0.01215215801211086,0.027670779784161336,0.005378865995939824,0.003112533996039942,0.02675330576410811,0.03740105173585499,,0.9715488416527346,0.8970503940769039,0.7153082310606474,0.7941067590160014,,,,,,,,,,
B,bolivia/tile182,159,23,"boundary first, then confidence",0.0339333984748948,0.02247267172570376,1.4791666666666667,-0.004941647717653076,-0.007207979717552958,0.01643279205051521,0.02708053802226209,,0.9403272032481486,0.9135240028660138,0.878427773422323,0.7261852161452114,,,,,,,,,,
B,bolivia/tile182,159,23,combination conf+dihedral (prereg),0.025659736874075176,0.014199010124884136,0.5,0.0033320138831665486,0.001065681883266667,0.024706453651334837,0.035354199623081714,,,,,,,,,,,,,,,
B,bolivia/tile183,225,16,confidence (baseline),0.006619660078956261,0.003871324680959114,-6.422268514235815,0.0,0.00028236316008423525,-0.0011984518656668547,6.122643793547754e-05,,,,,,,,,,,,,,,
B,bolivia/tile183,225,16,tile-phase (aligned),0.006902023239040497,0.004153687841043349,0.04594155443533964,-0.00028236316008423525,0.0,-0.00148081502575109,-0.0002211367221487577,,,,,,,,,,,,,,,
B,bolivia/tile183,225,16,boundary indicator,0.005421208213289406,0.0026728728152922592,0.1,0.0011984518656668547,0.00148081502575109,0.0,0.0012596783036023323,,,,,,,,,,,,,,,
B,bolivia/tile183,225,16,control NDWI gradient,0.006680886516891738,0.0039325511188945915,0.0559940125559331,-6.122643793547754e-05,0.0002211367221487577,-0.0012596783036023323,0.0,,,,,,,,,,,,,,,
B,bolivia/tile183,225,16,constant score,0.07111111111111111,0.06836277571311396,0.0,-0.06449145103215484,-0.06420908787207061,-0.0656899028978217,-0.06443022459421936,,,,,,,,,,,,,,,
B,bolivia/tile183,225,16,control S2 patch variance,0.06824084470216776,0.06549250930417061,129.03351631741165,-0.0616211846232115,-0.06133882146312726,-0.06281963648887835,-0.061559958185276015,,,,,,,,,,,,,,,
B,bolivia/tile183,225,16,control NDWI level,0.003701220213960784,0.0009528848159636367,-0.4733213250960049,0.0029184398649954773,0.0032008030250797125,0.0017199879993286225,0.002979666302930955,,,,,,,,,,,,,,,
B,bolivia/tile183,225,16,dihedral consistency (8 transforms),0.0076049694535839695,0.004856634055586822,0.014778952423769927,-0.000985309374627708,-0.0007029462145434727,-0.0021837612402945627,-0.0009240829366922304,,0.9644521702486307,0.86459228824273,0.5947383171820666,0.9120058997050152,,,,,,,,,,
B,bolivia/tile183,225,16,"boundary first, then confidence",0.005387427464141861,0.0026390920661447143,1.14,0.0012322326148143997,0.001514595774898635,3.378074914754496e-05,0.0012934590527498772,,0.9068647281921614,0.8995691108301734,0.8097832528227554,0.8741919511167304,,,,,,,,,,
B,bolivia/tile183,225,16,combination conf+dihedral (prereg),0.00680880178110171,0.004060466383104562,0.5,-0.00018914170214544843,9.322145793878682e-05,-0.0013875935678123032,-0.0001279152642099709,,,,,,,,,,,,,,,
B,bolivia/tile184,225,20,confidence (baseline),0.010813528403493908,0.006543134355905706,-6.039768477413389,0.0,0.0010090075992195777,0.022584118481690375,0.018942123540765306,,,,,,,,,,,,,,,
B,bolivia/tile184,225,20,tile-phase (aligned),0.011822536002713485,0.007552141955125284,0.03507019629310687,-0.0010090075992195777,0.0,0.0215751108824708,0.01793311594154573,,,,,,,,,,,,,,,
B,bolivia/tile184,225,20,boundary indicator,0.03339764688518428,0.029127252837596082,0.07666666666666666,-0.022584118481690375,-0.0215751108824708,0.0,-0.0036419949409250696,,,,,,,,,,,,,,,
B,bolivia/tile184,225,20,control NDWI gradient,0.029755651944259214,0.025485257896671012,0.05612854601712862,-0.018942123540765306,-0.01793311594154573,0.0036419949409250696,0.0,,,,,,,,,,,,,,,
B,bolivia/tile184,225,20,constant score,0.08888888888888888,0.08461849484130067,0.0,-0.07807536048539497,-0.07706635288617539,-0.05549124200370459,-0.05913323694462966,,,,,,,,,,,,,,,
B,bolivia/tile184,225,20,control S2 patch variance,0.12173026320302598,0.11745986915543777,132.2461068400626,-0.11091673479953207,-0.10990772720031249,-0.08833261631784169,-0.09197461125876676,,,,,,,,,,,,,,,
B,bolivia/tile184,225,20,control NDWI level,0.005948772084949463,0.0016783780373612611,-0.4287879442725951,0.004864756318544445,0.0058737639177640225,0.02744887480023482,0.02380687985930975,,,,,,,,,,,,,,,
B,bolivia/tile184,225,20,dihedral consistency (8 transforms),0.010643008947444675,0.006372614899856474,0.016223990607724975,0.00017051945604923228,0.00117952705526881,0.02275463793773961,0.01911264299681454,,0.9722545301306361,0.865967130214918,0.5318055565961566,0.8673209018120526,,,,,,,,,,
B,bolivia/tile184,225,20,"boundary first, then confidence",0.01226601964289696,0.007995625595308756,0.9355555555555556,-0.0014524912394030505,-0.0004434836401834728,0.021131627242287326,0.017489632301362256,,0.9521649810366632,0.9039749262536872,0.7168325548765974,0.8403466076696169,,,,,,,,,,
B,bolivia/tile184,225,20,combination conf+dihedral (prereg),0.010581260737588907,0.006310866690000705,0.5,0.00023226766590500082,0.0012412752651245786,0.022816386147595378,0.01917439120667031,,,,,,,,,,,,,,,
B,bolivia/tile186,224,12,confidence (baseline),0.011461915861148479,0.009881237451066482,-5.553292016099606,0.0,0.001629573536493109,-0.0006431440208147805,-0.0009373596839350271,,,,,,,,,,,,,,,
B,bolivia/tile186,224,12,tile-phase (aligned),0.013091489397641588,0.011510810987559591,0.04749544921664243,-0.001629573536493109,0.0,-0.0022727175573078896,-0.0025669332204281362,,,,,,,,,,,,,,,
B,bolivia/tile186,224,12,boundary indicator,0.010818771840333698,0.009238093430251702,0.09821428571428571,0.0006431440208147805,0.0022727175573078896,0.0,-0.00029421566312024666,,,,,,,,,,,,,,,
B,bolivia/tile186,224,12,control NDWI gradient,0.010524556177213451,0.008943877767131455,0.06771217466061484,0.0009373596839350271,0.0025669332204281362,0.00029421566312024666,0.0,,,,,,,,,,,,,,,
B,bolivia/tile186,224,12,constant score,0.05357142857142857,0.05199075016134657,0.0,-0.042109512710280086,-0.04047993917378698,-0.042752656731094865,-0.04304687239421512,,,,,,,,,,,,,,,
B,bolivia/tile186,224,12,control S2 patch variance,0.0293803204014631,0.027799641991381102,95.06512984768652,-0.01791840454031462,-0.01628883100382151,-0.0185615485611294,-0.018855764224249647,,,,,,,,,,,,,,,
B,bolivia/tile186,224,12,control NDWI level,0.0070056598508807895,0.005424981440798792,-0.38115170865921766,0.00445625601026769,0.006085829546760799,0.0038131119894529095,0.003518896326332663,,,,,,,,,,,,,,,
B,bolivia/tile186,224,12,dihedral consistency (8 transforms),0.011108503532827607,0.00952782512274561,0.012322207160147107,0.00035341232832087136,0.0019829858648139805,-0.0002897316924939091,-0.0005839473556141558,,0.9632319026265211,0.8273222293401661,0.4693766681557855,0.6962395900064059,,,,,,,,,,
B,bolivia/tile186,224,12,"boundary first, then confidence",0.00934965101972279,0.007768972609640793,1.1708585778061225,0.0021122648414256887,0.0037418383779187978,0.0014691208206109082,0.0011749051574906615,,0.833447576339953,0.872216527866752,0.8211657787724437,0.6420969464018794,,,,,,,,,,
B,bolivia/tile186,224,12,combination conf+dihedral (prereg),0.010999921146460786,0.009419242736378789,0.5,0.000461994714687693,0.002091568251180802,-0.00018114930612708746,-0.0004753649692473341,,,,,,,,,,,,,,,
B,bolivia/tile187,225,8,confidence (baseline),0.001580353495116163,0.0008617339623304143,-7.684655297597249,0.0,-7.182706494416203e-05,0.001517592576123749,0.00016143057125055094,,,,,,,,,,,,,,,
B,bolivia/tile187,225,8,tile-phase (aligned),0.001508526430172001,0.0007899068973862523,0.03174092214042604,7.182706494416203e-05,0.0,0.0015894196410679111,0.00023325763619471297,,,,,,,,,,,,,,,
B,bolivia/tile187,225,8,boundary indicator,0.0030979460712399123,0.0023793265384541634,0.06777777777777778,-0.001517592576123749,-0.0015894196410679111,0.0,-0.0013561620048731981,,,,,,,,,,,,,,,
B,bolivia/tile187,225,8,control NDWI gradient,0.001741784066366714,0.0010231645335809652,0.048424712582620925,-0.00016143057125055094,-0.00023325763619471297,0.0013561620048731981,0.0,,,,,,,,,,,,,,,
B,bolivia/tile187,225,8,constant score,0.035555555555555556,0.034836936022769806,0.0,-0.03397520206043939,-0.03404702912538355,-0.03245760948431564,-0.03381377148918884,,,,,,,,,,,,,,,
B,bolivia/tile187,225,8,control S2 patch variance,0.010326197122728684,0.009607577589942936,115.56318648045476,-0.00874584362761252,-0.008817670692556684,-0.007228251051488772,-0.00858441305636197,,,,,,,,,,,,,,,
B,bolivia/tile187,225,8,control NDWI level,0.0010463641942894768,0.00032774466150372814,-0.4877240030034386,0.0005339893008266862,0.00046216223588252414,0.0020515818769504353,0.0006954198720772371,,,,,,,,,,,,,,,
B,bolivia/tile187,225,8,dihedral consistency (8 transforms),0.0012129002135210954,0.0004942806807353467,0.007567682362162789,0.0003674532815950676,0.00029562621665090555,0.0018850458577188167,0.0005288838528456185,,0.9435998735777502,0.8331405394016016,0.5313963852157092,0.8299157184997887,,,,,,,,,,
B,bolivia/tile187,225,8,"boundary first, then confidence",0.001155103829321268,0.00043648429653551923,0.9,0.00042524966579489507,0.00035342260085073304,0.0019428422419186442,0.000586680237045446,,0.9665686894226723,0.8681142014327855,0.6890013985695391,0.8340855457227137,,,,,,,,,,
B,bolivia/tile187,225,8,combination conf+dihedral (prereg),0.0013105012759595514,0.0005918817431738027,0.5,0.0002698522191566116,0.00019802515421244956,0.0017874447952803607,0.0004312827904071625,,,,,,,,,,,,,,,
B,bolivia/tile188,225,29,confidence (baseline),0.022043377464780467,0.013069438417199366,-5.015584114657508,0.0,0.0035713944731077894,0.015043000926356258,0.029039592818914023,,,,,,,,,,,,,,,
B,bolivia/tile188,225,29,tile-phase (aligned),0.025614771937888258,0.016640832890307156,0.05961155306374874,-0.0035713944731077894,0.0,0.011471606453248469,0.025468198345806235,,,,,,,,,,,,,,,
B,bolivia/tile188,225,29,boundary indicator,0.03708637839113672,0.028112439343555624,0.1511111111111111,-0.015043000926356258,-0.011471606453248469,0.0,0.013996591892557766,,,,,,,,,,,,,,,
B,bolivia/tile188,225,29,control NDWI gradient,0.05108297028369449,0.04210903123611339,0.07968845198095645,-0.029039592818914023,-0.025468198345806235,-0.013996591892557766,0.0,,,,,,,,,,,,,,,
B,bolivia/tile188,225,29,constant score,0.12888888888888886,0.11991494984130775,0.0,-0.10684551142410839,-0.1032741169510006,-0.09180251049775212,-0.07780591860519437,,,,,,,,,,,,,,,
B,bolivia/tile188,225,29,control S2 patch variance,0.05803039706140783,0.04905645801382673,80.32634818601186,-0.03598701959662736,-0.03241562512351957,-0.020944018670271104,-0.006947426777713338,,,,,,,,,,,,,,,
B,bolivia/tile188,225,29,control NDWI level,0.017169109126098578,0.008195170078517477,-0.2852691899750858,0.004874268338681889,0.008445662811789678,0.019917269265038146,0.03391386115759591,,,,,,,,,,,,,,,
B,bolivia/tile188,225,29,dihedral consistency (8 transforms),0.021475320732518507,0.012501381684937406,0.032473247883495385,0.0005680567322619602,0.00413945120536975,0.015611057658618218,0.029607649551175987,,0.9658670459334171,0.903370206489676,0.7289849283511972,0.5502581120943956,,,,,,,,,,
B,bolivia/tile188,225,29,"boundary first, then confidence",0.022347974796343904,0.013374035748762803,1.3888888888888888,-0.00030459733156343663,0.0032667971415443527,0.014738403594792822,0.02873499548735059,,0.929609144542773,0.9221860514117161,0.8634479604952555,0.5565191740412982,,,,,,,,,,
B,bolivia/tile188,225,29,combination conf+dihedral (prereg),0.021746364901651927,0.012772425854070827,0.5,0.0002970125631285396,0.003868407036236329,0.015340013489484798,0.029336605382042566,,,,,,,,,,,,,,,
B,bolivia/tile189,46,29,confidence (baseline),0.6485020818460435,0.37918230569106304,-2.117844625659611,0.0,-0.10733400271465421,0.025809344854482497,-0.08429669524998318,,,,,,,,,,,,,,,
B,bolivia/tile189,46,29,tile-phase (aligned),0.5411680791313893,0.27184830297640883,0.10056640837865416,0.10733400271465421,0.0,0.1331433475691367,0.02303730746467103,,,,,,,,,,,,,,,
B,bolivia/tile189,46,29,boundary indicator,0.674311426700526,0.40499165054554553,0.14402173913043478,-0.025809344854482497,-0.1331433475691367,0.0,-0.11010604010446567,,,,,,,,,,,,,,,
B,bolivia/tile189,46,29,control NDWI gradient,0.5642053865960603,0.29488561044107986,0.06355447377094729,0.08429669524998318,-0.02303730746467103,0.11010604010446567,0.0,,,,,,,,,,,,,,,
B,bolivia/tile189,46,29,constant score,0.6304347826086957,0.3611150064537152,0.0,0.018067299237347845,-0.08926670347730636,0.04387664409183034,-0.06622939601263533,,,,,,,,,,,,,,,
B,bolivia/tile189,46,29,control S2 patch variance,0.5500368938049989,0.2807171176500184,120.69823737512918,0.09846518804104465,-0.00886881467360956,0.12427453289552715,0.014168492791061471,,,,,,,,,,,,,,,
B,bolivia/tile189,46,29,control NDWI level,0.6484156386983195,0.37909586254333905,-0.5770717014161578,8.644314772399131e-05,-0.10724755956693022,0.025895788002206488,-0.08421025210225919,,,,,,,,,,,,,,,
B,bolivia/tile189,46,29,dihedral consistency (8 transforms),0.6110144269405717,0.34169465078559125,0.06641490352669042,0.03748765490547179,-0.06984634780918242,0.06329699975995429,-0.04680904034451139,,0.7573851372186244,0.6687018193031141,0.5029594835409348,-0.0004946532477664563,,,,,,,,,,
B,bolivia/tile189,46,29,"boundary first, then confidence",0.6290767036860205,0.35975692753104005,1.6644992236024847,0.019425378160022988,-0.08790862455463122,0.045234723014505485,-0.06487131708996019,,0.8933086648165282,0.8061054579093428,0.8287448785587347,0.09033604937334895,,,,,,,,,,
B,bolivia/tile189,46,29,combination conf+dihedral (prereg),0.6418622864924058,0.37254251033742536,0.5,0.006639795353637679,-0.10069420736101653,0.032449140208120175,-0.0776568998963455,,,,,,,,,,,,,,,
B,bolivia/tile190,190,29,confidence (baseline),0.026582656416171697,0.013891093313151585,-4.720060721824043,0.0,0.007613336243747784,0.012465260563064517,0.010548516139740512,,,,,,,,,,,,,,,
B,bolivia/tile190,190,29,tile-phase (aligned),0.03419599265991948,0.02150442955689937,0.08289940725429149,-0.007613336243747784,0.0,0.004851924319316733,0.0029351798959927275,,,,,,,,,,,,,,,
B,bolivia/tile190,190,29,boundary indicator,0.039047916979236215,0.026356353876216102,0.2131578947368421,-0.012465260563064517,-0.004851924319316733,0.0,-0.0019167444233240058,,,,,,,,,,,,,,,
B,bolivia/tile190,190,29,control NDWI gradient,0.03713117255591221,0.024439609452892096,0.07535530390895982,-0.010548516139740512,-0.0029351798959927275,0.0019167444233240058,0.0,,,,,,,,,,,,,,,
B,bolivia/tile190,190,29,constant score,0.15263157894736842,0.13994001584434831,0.0,-0.12604892253119673,-0.11843558628744895,-0.11358366196813222,-0.11550040639145621,,,,,,,,,,,,,,,
B,bolivia/tile190,190,29,control S2 patch variance,0.10559269906932817,0.09290113596630806,150.24966024378702,-0.07901004265315648,-0.07139670640940869,-0.06654478209009196,-0.06846152651341596,,,,,,,,,,,,,,,
B,bolivia/tile190,190,29,control NDWI level,0.02523759681956053,0.012546033716540419,-0.358889336751905,0.0013450595966111659,0.00895839584035895,0.013810320159675683,0.011893575736351678,,,,,,,,,,,,,,,
B,bolivia/tile190,190,29,dihedral consistency (8 transforms),0.020387775598732796,0.007696212495712684,0.029109041465084088,0.006194880817438901,0.013808217061186685,0.01866014138050342,0.016743396957179413,,0.9643086774527938,0.8056292563870396,0.643583072806935,0.8084058313322571,,,,,,,,,,
B,bolivia/tile190,190,29,"boundary first, then confidence",0.028878629741950986,0.016187066638930873,1.6462406015037594,-0.0022959733257792887,0.0053173629179684954,0.010169287237285229,0.008252542813961223,,0.9287328268314757,0.859934303472468,0.8335796934736482,0.7648589186753972,,,,,,,,,,
B,bolivia/tile190,190,29,combination conf+dihedral (prereg),0.022877161095865003,0.01018559799284489,0.5,0.003705495320306694,0.011318831564054478,0.01617075588337121,0.014254011460047206,,,,,,,,,,,,,,,
B,bolivia/tile191,225,9,confidence (baseline),0.0027624083996332744,0.0018627686803626676,-6.81083868516816,0.0,4.636276820115578e-05,-0.0017082760357983065,0.0010205838383678272,,,,,,,,,,,,,,,
B,bolivia/tile191,225,9,tile-phase (aligned),0.0028087711678344302,0.0019091314485638233,0.038202524257519854,-4.636276820115578e-05,0.0,-0.0017546388039994623,0.0009742210701666715,,,,,,,,,,,,,,,
B,bolivia/tile191,225,9,boundary indicator,0.001054132363834968,0.00015449264456436108,0.09444444444444444,0.0017082760357983065,0.0017546388039994623,0.0,0.0027288598741661337,,,,,,,,,,,,,,,
B,bolivia/tile191,225,9,control NDWI gradient,0.0037829922380011017,0.002883352518730495,0.058427435737161776,-0.0010205838383678272,-0.0009742210701666715,-0.0027288598741661337,0.0,,,,,,,,,,,,,,,
B,bolivia/tile191,225,9,constant score,0.04,0.03910036028072939,0.0,-0.03723759160036672,-0.037191228832165565,-0.03894586763616503,-0.0362170077619989,,,,,,,,,,,,,,,
B,bolivia/tile191,225,9,control S2 patch variance,0.016537553156927405,0.0156379134376568,105.91061955219239,-0.013775144757294132,-0.013728781989092977,-0.015483420793092438,-0.012754560918926305,,,,,,,,,,,,,,,
B,bolivia/tile191,225,9,control NDWI level,0.0012734880718379073,0.0003738483525673004,-0.40550731258405626,0.0014889203277953672,0.001535283095996523,-0.00021935570800293933,0.0025095041661631944,,,,,,,,,,,,,,,
B,bolivia/tile191,225,9,dihedral consistency (8 transforms),0.003862937900410719,0.002963298181140112,0.012962456766254037,-0.0011005295007774445,-0.0010541667325762887,-0.002808805536575751,-7.994566240961728e-05,,0.9165676359039188,0.8526348504003378,0.575920437035993,0.7947903497682259,,,,,,,,,,
B,bolivia/tile191,225,9,"boundary first, then confidence",0.002500784960198612,0.001601145240928005,1.14,0.0002616234394346626,0.00030798620763581837,-0.001446652596363644,0.0012822072778024898,,0.8969447956173616,0.841173619890434,0.8143892860693723,0.7558723135271803,,,,,,,,,,
B,bolivia/tile191,225,9,combination conf+dihedral (prereg),0.0033303220644033795,0.0024306823451327726,0.5,-0.000567913664770105,-0.0005215508965689493,-0.0022761897005684115,0.0004526701735977222,,,,,,,,,,,,,,,
B,bolivia/tile192,225,26,confidence (baseline),0.024924111660626996,0.017718037566271466,-5.23928431669871,0.0,-0.004530139138183929,0.0014328504946380764,0.004064727078163247,,,,,,,,,,,,,,,
B,bolivia/tile192,225,26,tile-phase (aligned),0.020393972522443068,0.013187898428087538,0.052961551827261755,0.004530139138183929,0.0,0.005962989632822005,0.008594866216347176,,,,,,,,,,,,,,,
B,bolivia/tile192,225,26,boundary indicator,0.026356962155265073,0.019150888060909543,0.13111111111111112,-0.0014328504946380764,-0.005962989632822005,0.0,0.002631876583525171,,,,,,,,,,,,,,,
B,bolivia/tile192,225,26,control NDWI gradient,0.028988838738790244,0.021782764644434714,0.07988905570205306,-0.004064727078163247,-0.008594866216347176,-0.002631876583525171,0.0,,,,,,,,,,,,,,,
B,bolivia/tile192,225,26,constant score,0.11555555555555558,0.10834948146120005,0.0,-0.09063144389492858,-0.0951615830331125,-0.0891985934002905,-0.08656671681676534,,,,,,,,,,,,,,,
B,bolivia/tile192,225,26,control S2 patch variance,0.05786308634011499,0.05065701224575946,61.61778817372802,-0.032938974679487996,-0.03746911381767193,-0.031506124184849923,-0.02887424760132475,,,,,,,,,,,,,,,
B,bolivia/tile192,225,26,control NDWI level,0.015470895427083868,0.008264821332728338,-0.273227192519391,0.009453216233543128,0.004923077095359199,0.010886066728181204,0.013517943311706375,,,,,,,,,,,,,,,
B,bolivia/tile192,225,26,dihedral consistency (8 transforms),0.019604859904387734,0.012398785810032203,0.03661802575253306,0.005319251756239263,0.0007891126180553341,0.006752102250877339,0.00938397883440251,,0.96549199325748,0.929660766961652,0.7417337936451801,0.7799863042562156,,,,,,,,,,
B,bolivia/tile192,225,26,"boundary first, then confidence",0.020492046649531383,0.013285972555175853,1.2733333333333334,0.004432065011095613,-9.807412708831564e-05,0.005864915505733689,0.00849679208925886,,0.9645048461862628,0.9303171091445426,0.8466527393271821,0.7525769068689422,,,,,,,,,,
B,bolivia/tile192,225,26,combination conf+dihedral (prereg),0.021513357399038695,0.014307283304683165,0.5,0.0034107542615883016,-0.001119384876595627,0.004843604756226378,0.007475481339751549,,,,,,,,,,,,,,,
B,bolivia/tile193,92,14,confidence (baseline),0.03712744032917375,0.024088679249665075,-3.5361406816088636,0.0,-0.0020500952475383874,0.022928676643942512,-0.012618879267939925,,,,,,,,,,,,,,,
B,bolivia/tile193,92,14,tile-phase (aligned),0.03507734508163536,0.022038584002126688,0.06738053779016533,0.0020500952475383874,0.0,0.0249787718914809,-0.010568784020401538,,,,,,,,,,,,,,,
B,bolivia/tile193,92,14,boundary indicator,0.06005611697311626,0.04701735589360759,0.1644021739130435,-0.022928676643942512,-0.0249787718914809,0.0,-0.03554755591188244,,,,,,,,,,,,,,,
B,bolivia/tile193,92,14,control NDWI gradient,0.024508561061233825,0.01146979998172515,0.059742052435536167,0.012618879267939925,0.010568784020401538,0.03554755591188244,0.0,,,,,,,,,,,,,,,
B,bolivia/tile193,92,14,constant score,0.15217391304347827,0.13913515196396958,0.0,-0.11504647271430452,-0.1170965679618429,-0.092117796070362,-0.12766535198224443,,,,,,,,,,,,,,,
B,bolivia/tile193,92,14,control S2 patch variance,0.1529262946723416,0.1398875335928329,166.4591389457907,-0.11579885434316783,-0.11784894959070621,-0.09287017769922531,-0.12841773361110775,,,,,,,,,,,,,,,
B,bolivia/tile193,92,14,control NDWI level,0.027682215703669518,0.014643454624160843,-0.4420211557469281,0.009445224625504232,0.007395129377965845,0.032373901269446746,-0.003173654642435693,,,,,,,,,,,,,,,
B,bolivia/tile193,92,14,dihedral consistency (8 transforms),0.02900967394432107,0.015970912864812392,0.0377406455806087,0.008117766384852683,0.0060676711373142955,0.031046443028795195,-0.004501112883087242,,0.9621010125918963,0.852719510503522,0.684623049033005,0.7540495969668483,,,,,,,,,,
B,bolivia/tile193,92,14,"boundary first, then confidence",0.04005050823205855,0.027011747152549878,1.625194099378882,-0.002923067902884803,-0.0049731631504231905,0.02000560874105771,-0.015541947170824728,,0.913120540049011,0.9164650216543627,0.884495202392154,0.721606584159179,,,,,,,,,,
B,bolivia/tile193,92,14,combination conf+dihedral (prereg),0.031225437713667564,0.01818667663415889,0.5,0.005902002615506184,0.0038519073679677968,0.028830679259448697,-0.006716876652433741,,,,,,,,,,,,,,,
B,bolivia/tile194,225,9,confidence (baseline),0.004405618306288046,0.0035059785870174393,-6.436824208630456,0.0,-0.002026817749712947,-0.0032221580411353665,-0.002530264511484984,,,,,,,,,,,,,,,
B,bolivia/tile194,225,9,tile-phase (aligned),0.0023788005565750993,0.0014791608373044924,0.037636772141736906,0.002026817749712947,0.0,-0.0011953402914224196,-0.0005034467617720372,,,,,,,,,,,,,,,
B,bolivia/tile194,225,9,boundary indicator,0.0011834602651526797,0.0002838205458820728,0.06777777777777778,0.0032221580411353665,0.0011953402914224196,0.0,0.0006918935296503824,,,,,,,,,,,,,,,
B,bolivia/tile194,225,9,control NDWI gradient,0.001875353794803062,0.0009757140755324552,0.05081668648927626,0.002530264511484984,0.0005034467617720372,-0.0006918935296503824,0.0,,,,,,,,,,,,,,,
B,bolivia/tile194,225,9,constant score,0.04,0.03910036028072939,0.0,-0.03559438169371195,-0.0376211994434249,-0.03881653973484732,-0.038124646205196934,,,,,,,,,,,,,,,
B,bolivia/tile194,225,9,control S2 patch variance,0.019237103532516498,0.018337463813245893,137.83145824698101,-0.014831485226228453,-0.0168583029759414,-0.01805364326736382,-0.017361749737713438,,,,,,,,,,,,,,,
B,bolivia/tile194,225,9,control NDWI level,0.0011683270774476456,0.0002686873581770387,-0.47404826339359835,0.0032372912288404004,0.0012104734791274537,1.5133187705034098e-05,0.0007070267173554165,,,,,,,,,,,,,,,
B,bolivia/tile194,225,9,dihedral consistency (8 transforms),0.003583063634515301,0.002683423915244694,0.008816391556740402,0.0008225546717727452,-0.0012042630779402017,-0.0023996033693626214,-0.001707709839712239,,0.9548830594184573,0.7860208596713024,0.4342906728152573,0.8489285714285715,,,,,,,,,,
B,bolivia/tile194,225,9,"boundary first, then confidence",0.0025722159119241795,0.0016725761926535726,0.9711111111111111,0.0018334023943638667,-0.0001934153553490802,-0.0013887556467714998,-0.0006968621171211174,,0.8949336283185841,0.8405488832701218,0.735558180171065,0.8187052254530132,,,,,,,,,,
B,bolivia/tile194,225,9,combination conf+dihedral (prereg),0.00399873003922048,0.003099090319949873,0.5,0.0004068882670675662,-0.0016199294826453807,-0.0028152697740678003,-0.002123376244417418,,,,,,,,,,,,,,,
B,bolivia/tile195,225,19,confidence (baseline),0.008662334386439824,0.004804713484418943,-6.403028765651915,0.0,3.760541895178257e-05,0.0059845056681215765,0.008901868565844564,,,,,,,,,,,,,,,
B,bolivia/tile195,225,19,tile-phase (aligned),0.008699939805391606,0.004842318903370725,0.03715171183324451,-3.760541895178257e-05,0.0,0.005946900249169794,0.008864263146892782,,,,,,,,,,,,,,,
B,bolivia/tile195,225,19,boundary indicator,0.0146468400545614,0.01078921915254052,0.08888888888888889,-0.0059845056681215765,-0.005946900249169794,0.0,0.0029173628977229877,,,,,,,,,,,,,,,
B,bolivia/tile195,225,19,control NDWI gradient,0.017564202952284388,0.013706582050263507,0.0739707261132328,-0.008901868565844564,-0.008864263146892782,-0.0029173628977229877,0.0,,,,,,,,,,,,,,,
B,bolivia/tile195,225,19,constant score,0.08444444444444445,0.08058682354242357,0.0,-0.07578211005800463,-0.07574450463905284,-0.06979760438988304,-0.06688024149216006,,,,,,,,,,,,,,,
B,bolivia/tile195,225,19,control S2 patch variance,0.05752387481451284,0.05366625391249196,98.45273291147839,-0.048861540428073016,-0.04882393500912124,-0.04287703475995144,-0.03995967186222846,,,,,,,,,,,,,,,
B,bolivia/tile195,225,19,control NDWI level,0.004933429125563812,0.0010758082235429313,-0.35445714898650155,0.0037289052608760116,0.003766510679827794,0.009713410928997588,0.012630773826720575,,,,,,,,,,,,,,,
B,bolivia/tile195,225,19,dihedral consistency (8 transforms),0.007607463042272366,0.003749842140251485,0.012514255446052024,0.0010548713441674577,0.0010924767631192403,0.007039377012289034,0.009956739910012022,,0.9340402444163509,0.873025705857564,0.7004024259227392,0.7134639696586602,,,,,,,,,,
B,bolivia/tile195,225,19,"boundary first, then confidence",0.00882936134655632,0.0049717404445354385,1.1133333333333333,-0.00016702696011649566,-0.0001294215411647131,0.005817478708005081,0.008734841605728069,,0.9723851664559627,0.9022039612305095,0.7987523437290489,0.628175305520439,,,,,,,,,,
B,bolivia/tile195,225,19,combination conf+dihedral (prereg),0.00804463335289184,0.004187012450870959,0.5,0.0006177010335479838,0.0006553064524997664,0.00660220670166956,0.009519569599392548,,,,,,,,,,,,,,,
B,bolivia/tile196,225,13,confidence (baseline),0.004605557946135301,0.002775114649974656,-7.157133524947696,0.0,0.0014735987836141107,0.04917167093983721,0.003284212377056498,,,,,,,,,,,,,,,
B,bolivia/tile196,225,13,tile-phase (aligned),0.0060791567297494116,0.004248713433588767,0.014034354059015944,-0.0014735987836141107,0.0,0.0476980721562231,0.0018106135934423872,,,,,,,,,,,,,,,
B,bolivia/tile196,225,13,boundary indicator,0.05377722888597251,0.05194678558981186,0.03111111111111111,-0.04917167093983721,-0.0476980721562231,0.0,-0.04588745856278071,,,,,,,,,,,,,,,
B,bolivia/tile196,225,13,control NDWI gradient,0.007889770323191799,0.006059327027031154,0.05642033947013422,-0.003284212377056498,-0.0018106135934423872,0.04588745856278071,0.0,,,,,,,,,,,,,,,
B,bolivia/tile196,225,13,constant score,0.05777777777777779,0.05594733448161714,0.0,-0.053172219831642484,-0.05169862104802837,-0.004000548891805282,-0.04988800745458599,,,,,,,,,,,,,,,
B,bolivia/tile196,225,13,control S2 patch variance,0.008563016515238763,0.006732573219078118,26.601036302558605,-0.003957458569103462,-0.0024838597854893512,0.045214212370733746,-0.000673246192046964,,,,,,,,,,,,,,,
B,bolivia/tile196,225,13,control NDWI level,0.005505426743086504,0.003674983446925859,-0.4042599765803023,-0.0008998687969512028,0.0005737299866629079,0.048271802142886004,0.002384343580105295,,,,,,,,,,,,,,,
B,bolivia/tile196,225,13,dihedral consistency (8 transforms),0.00466510631447053,0.002834663018309885,0.005698397500366102,-5.954836833522905e-05,0.0014140504152788816,0.04911212257150198,0.003224664008721269,,0.7904150863885376,0.6682574799831437,0.4110452182621295,0.5914085545722717,,,,,,,,,,
B,bolivia/tile196,225,13,"boundary first, then confidence",0.007074501224303253,0.005244057928142608,0.6866666666666666,-0.0024689432781679517,-0.000995344494553841,0.046702727661669254,0.0008152690988885462,,0.9824178255372945,0.6644205646860515,0.5040865148284542,0.4224662873999157,,,,,,,,,,
B,bolivia/tile196,225,13,combination conf+dihedral (prereg),0.004475206523775252,0.0026447632276146073,0.5000000000000001,0.00013035142236004875,0.0016039502059741594,0.04930202236219725,0.0034145637994165466,,,,,,,,,,,,,,,
B,bolivia/tile197,154,42,confidence (baseline),0.07876156355523281,0.03675380216829319,-4.805158440555845,0.0,0.007415380937750224,0.12648337633993656,0.004482608861782422,,,,,,,,,,,,,,,
B,bolivia/tile197,154,42,tile-phase (aligned),0.08617694449298303,0.04416918310604341,0.058813234733660666,-0.007415380937750224,0.0,0.11906799540218634,-0.0029327720759678017,,,,,,,,,,,,,,,
B,bolivia/tile197,154,42,boundary indicator,0.20524493989516937,0.16323717850822975,0.11931818181818182,-0.12648337633993656,-0.11906799540218634,0.0,-0.12200076747815414,,,,,,,,,,,,,,,
B,bolivia/tile197,154,42,control NDWI gradient,0.08324417241701523,0.04123641103007561,0.1010895411733894,-0.004482608861782422,0.0029327720759678017,0.12200076747815414,0.0,,,,,,,,,,,,,,,
B,bolivia/tile197,154,42,constant score,0.2727272727272727,0.23071951134033308,0.0,-0.1939657091720399,-0.1865503282342897,-0.06748233283210334,-0.18948310031025747,,,,,,,,,,,,,,,
B,bolivia/tile197,154,42,control S2 patch variance,0.14347266880308615,0.10146490741614653,101.4687613258523,-0.06471110524785334,-0.057295724310103116,0.06177227109208322,-0.06022849638607092,,,,,,,,,,,,,,,
B,bolivia/tile197,154,42,control NDWI level,0.20644182618815776,0.16443406480121814,-0.32014334388228854,-0.12768026263292495,-0.12026488169517473,-0.0011968862929883917,-0.12319765377114253,,,,,,,,,,,,,,,
B,bolivia/tile197,154,42,dihedral consistency (8 transforms),0.07463355604206892,0.0326257946551293,0.026416019494458202,0.004128007513163889,0.011543388450914113,0.13061138385310045,0.008610616374946312,,0.958178696698621,0.8776542875214608,0.6144633540704764,0.6415157265252143,,,,,,,,,,
B,bolivia/tile197,154,42,"boundary first, then confidence",0.09936942518880908,0.05736166380186945,1.3653177179962894,-0.020607861633576266,-0.013192480695826042,0.1058755147063603,-0.016125252771793844,,0.8943920090030151,0.8983185062881461,0.8434591346861587,0.5862851885622287,,,,,,,,,,
B,bolivia/tile197,154,42,combination conf+dihedral (prereg),0.07518497664049323,0.033177215253553605,0.5,0.0035765869147395823,0.010991967852489806,0.13005996325467614,0.008059195776522005,,,,,,,,,,,,,,,
B,bolivia/tile199,200,10,confidence (baseline),0.002299036660588847,0.0009028801434245218,-6.863534263670444,0.0,0.00011214929625275125,0.04770096333941115,0.0010760796782880405,,,,,,,,,,,,,,,
B,bolivia/tile199,200,10,tile-phase (aligned),0.0024111859568415983,0.001015029439677273,0.011981729691822238,-0.00011214929625275125,0.0,0.0475888140431584,0.0009639303820352892,,,,,,,,,,,,,,,
B,bolivia/tile199,200,10,boundary indicator,0.05,0.048603843482835675,0.0,-0.04770096333941115,-0.0475888140431584,0.0,-0.046624883661123113,,,,,,,,,,,,,,,
B,bolivia/tile199,200,10,control NDWI gradient,0.0033751163388768875,0.0019789598217125623,0.039417825847960664,-0.0010760796782880405,-0.0009639303820352892,0.046624883661123113,0.0,,,,,,,,,,,,,,,
B,bolivia/tile199,200,10,constant score,0.05,0.048603843482835675,0.0,-0.04770096333941115,-0.0475888140431584,0.0,-0.046624883661123113,,,,,,,,,,,,,,,
B,bolivia/tile199,200,10,control S2 patch variance,0.0026746155736523058,0.0012784590564879805,29.431678284707104,-0.0003755789130634587,-0.00026342961681070746,0.04732538442634769,0.0007005007652245818,,,,,,,,,,,,,,,
B,bolivia/tile199,200,10,control NDWI level,0.005396396472825875,0.00400023995566155,-0.37361884671853646,-0.003097359812237028,-0.002985210515984277,0.04460360352717412,-0.0020212801339489876,,,,,,,,,,,,,,,
B,bolivia/tile199,200,10,dihedral consistency (8 transforms),0.0019782260033263817,0.0005820694861620565,0.009619835936064192,0.0003208106572624653,0.00043295995351521656,0.048021773996673615,0.0013968903355505058,,0.8914257856446411,0.8700682517062929,nan,0.5114407860196505,,,,,,,,,,
B,bolivia/tile199,200,10,"boundary first, then confidence",0.002299036660588847,0.0009028801434245218,0.4527232142857143,0.0,0.00011214929625275125,0.04770096333941115,0.0010760796782880405,,1.0,0.8421945548638722,nan,0.39514437860946544,,,,,,,,,,
B,bolivia/tile199,200,10,combination conf+dihedral (prereg),0.001920389481215254,0.0005242329640509288,0.5,0.000378647179373593,0.0004907964756263442,0.048079610518784746,0.0014547268576616335,,,,,,,,,,,,,,,
B,bolivia/tile200,225,43,confidence (baseline),0.05942863526176725,0.03945378585671014,-4.465261393917931,0.0,0.0007888665633174474,0.045057675358475394,-0.0020017275151149733,,,,,,,,,,,,,,,
B,bolivia/tile200,225,43,tile-phase (aligned),0.060217501825084695,0.040242652420027586,0.07391753840716976,-0.0007888665633174474,0.0,0.044268808795157946,-0.0027905940784324207,,,,,,,,,,,,,,,
B,bolivia/tile200,225,43,boundary indicator,0.10448631062024263,0.08451146121518553,0.18444444444444444,-0.045057675358475394,-0.044268808795157946,0.0,-0.04705940287359037,,,,,,,,,,,,,,,
B,bolivia/tile200,225,43,control NDWI gradient,0.05742690774665227,0.037452058341595165,0.10069776497545331,0.0020017275151149733,0.0027905940784324207,0.04705940287359037,0.0,,,,,,,,,,,,,,,
B,bolivia/tile200,225,43,constant score,0.19111111111111112,0.171136261706054,0.0,-0.13168247584934387,-0.13089360928602642,-0.08662480049086847,-0.13368420336445885,,,,,,,,,,,,,,,
B,bolivia/tile200,225,43,control S2 patch variance,0.07914925762180625,0.059174408216749144,62.02381890129818,-0.019720622360039006,-0.01893175579672156,0.025337052998436388,-0.02172234987515398,,,,,,,,,,,,,,,
B,bolivia/tile200,225,43,control NDWI level,0.04091714829864301,0.0209422988935859,-0.23275816141730768,0.018511486963124237,0.019300353526441685,0.06356916232159963,0.016509759448009264,,,,,,,,,,,,,,,
B,bolivia/tile200,225,43,dihedral consistency (8 transforms),0.06037022641557075,0.04039537701051364,0.04250599212795755,-0.0009415911538035032,-0.0001527245904860558,0.04411608420467189,-0.0029433186689184765,,0.9537673830594184,0.8912389380530973,0.768021370620026,0.5854108723135268,,,,,,,,,,
B,bolivia/tile200,225,43,"boundary first, then confidence",0.06717667959617703,0.047201830191119926,1.5222222222222221,-0.007748044334409787,-0.00695917777109234,0.037309631024065606,-0.00974977184952476,,0.9418468183733674,0.8987747576906877,0.8823773532710306,0.5690571007163927,,,,,,,,,,
B,bolivia/tile200,225,43,combination conf+dihedral (prereg),0.059499560570828884,0.039524711165771775,0.5,-7.092530906163685e-05,0.0007179412542558106,0.04498675004941376,-0.00207265282417661,,,,,,,,,,,,,,,
B,bolivia/tile206,225,73,confidence (baseline),0.08940760130818445,0.02920981367347191,-4.934516134262085,0.0,0.010127071797066317,0.21878011142536588,0.22127630692077993,,,,,,,,,,,,,,,
B,bolivia/tile206,225,73,tile-phase (aligned),0.09953467310525077,0.03933688547053823,0.036944870638771034,-0.010127071797066317,0.0,0.20865303962829956,0.2111492351237136,,,,,,,,,,,,,,,
B,bolivia/tile206,225,73,boundary indicator,0.30818771273355033,0.2479899250988378,0.06,-0.21878011142536588,-0.20865303962829956,0.0,0.0024961954954140497,,,,,,,,,,,,,,,
B,bolivia/tile206,225,73,control NDWI gradient,0.3106839082289644,0.25048612059425185,0.05087716929136134,-0.22127630692077993,-0.2111492351237136,-0.0024961954954140497,0.0,,,,,,,,,,,,,,,
B,bolivia/tile206,225,73,constant score,0.3244444444444444,0.26424665680973186,0.0,-0.23503684313625994,-0.22490977133919363,-0.016256731710894062,-0.013760536215480013,,,,,,,,,,,,,,,
B,bolivia/tile206,225,73,control S2 patch variance,0.21034638138515788,0.15014859375044534,35.948629397489874,-0.12093878007697342,-0.1108117082799071,0.09784133134839246,0.10033752684380651,,,,,,,,,,,,,,,
B,bolivia/tile206,225,73,control NDWI level,0.2350252013334177,0.17482741369870516,-0.09854309745542963,-0.14561760002523325,-0.13549052822816693,0.07316251140013263,0.07565870689554668,,,,,,,,,,,,,,,
B,bolivia/tile206,225,73,dihedral consistency (8 transforms),0.08884082979872068,0.02864304216400814,0.01907117762167925,0.0005667715094637704,0.010693843306530088,0.21934688293482965,0.2218430784302437,,0.9570332911925822,0.8799768225874421,0.4004553421727421,0.30516540244416335,,,,,,,,,,
B,bolivia/tile206,225,73,"boundary first, then confidence",0.1079665438581373,0.04776875622342475,0.8644444444444445,-0.018558942549952842,-0.008431870752886525,0.20022116887541305,0.2027173643708271,,0.9179456384323639,0.8818120522545299,0.6692470875106458,0.355262326169406,,,,,,,,,,
B,bolivia/tile206,225,73,combination conf+dihedral (prereg),0.088010485647206,0.027812698012493454,0.5,0.0013971156609784569,0.011524187458044774,0.22017722708634435,0.2226734225817584,,,,,,,,,,,,,,,
B,bolivia/tile207,225,71,confidence (baseline),0.11338505766934431,0.05663515107299703,-4.2050501917468175,0.0,0.013185199829895737,0.15088277166286806,0.06865551885961646,,,,,,,,,,,,,,,
B,bolivia/tile207,225,71,tile-phase (aligned),0.12657025749924006,0.06982035090289276,0.06391808805031664,-0.013185199829895737,0.0,0.13769757183297232,0.055470319029720716,,,,,,,,,,,,,,,
B,bolivia/tile207,225,71,boundary indicator,0.2642678293322124,0.20751792273586508,0.14555555555555555,-0.15088277166286806,-0.13769757183297232,0.0,-0.0822272528032516,,,,,,,,,,,,,,,
B,bolivia/tile207,225,71,control NDWI gradient,0.18204057652896077,0.12529066993261348,0.04817944167992669,-0.06865551885961646,-0.055470319029720716,0.0822272528032516,0.0,,,,,,,,,,,,,,,
B,bolivia/tile207,225,71,constant score,0.31555555555555553,0.25880564895920827,0.0,-0.20217049788621125,-0.1889852980563155,-0.05128772622334318,-0.1335149790265948,,,,,,,,,,,,,,,
B,bolivia/tile207,225,71,control S2 patch variance,0.1783248159404557,0.12157490934410842,46.15427872377868,-0.0649397582711114,-0.05175455844121565,0.08594301339175667,0.0037157605885050626,,,,,,,,,,,,,,,
B,bolivia/tile207,225,71,control NDWI level,0.2162440488490006,0.1594941422526533,-0.12575194421026933,-0.10285899117965627,-0.08967379134976053,0.04802378048321179,-0.03420347232003981,,,,,,,,,,,,,,,
B,bolivia/tile207,225,71,dihedral consistency (8 transforms),0.11066254876457303,0.05391264216822574,0.028518794930908673,0.002722508904771284,0.01590770873466702,0.15360528056763934,0.07137802776438773,,0.9676885798567213,0.8917351453855876,0.6477291194460575,0.4110145385587861,,,,,,,,,,
B,bolivia/tile207,225,71,"boundary first, then confidence",0.1422499154504128,0.0855000088540655,1.38,-0.028864857781068474,-0.015679657951172737,0.12201791388179958,0.03979066107854798,,0.9139591234723978,0.9047692793931736,0.8695171817102688,0.42299515381373776,,,,,,,,,,
B,bolivia/tile207,225,71,combination conf+dihedral (prereg),0.11084014201373558,0.0540902354173883,0.5,0.002544915655608729,0.015730115485504466,0.15342768731847678,0.07120043451522517,,,,,,,,,,,,,,,
B,bolivia/tile208,225,41,confidence (baseline),0.047156525424056996,0.029038007697842344,-4.121110789775848,0.0,0.011160681752473714,0.05322081296900097,0.04149885036842785,,,,,,,,,,,,,,,
B,bolivia/tile208,225,41,tile-phase (aligned),0.05831720717653071,0.04019868945031606,0.0674899723580327,-0.011160681752473714,0.0,0.042060131216527255,0.030338168615954134,,,,,,,,,,,,,,,
B,bolivia/tile208,225,41,boundary indicator,0.10037733839305796,0.08225882066684331,0.15777777777777777,-0.05322081296900097,-0.042060131216527255,0.0,-0.011721962600573121,,,,,,,,,,,,,,,
B,bolivia/tile208,225,41,control NDWI gradient,0.08865537579248484,0.07053685806627019,0.043256769648111544,-0.04149885036842785,-0.030338168615954134,0.011721962600573121,0.0,,,,,,,,,,,,,,,
B,bolivia/tile208,225,41,constant score,0.18222222222222226,0.1641037044960076,0.0,-0.13506569679816527,-0.12390501504569155,-0.0818448838291643,-0.09356684642973742,,,,,,,,,,,,,,,
B,bolivia/tile208,225,41,control S2 patch variance,0.17374902208570725,0.1556305043594926,62.986517082650565,-0.12659249666165026,-0.11543181490917655,-0.07337168369264929,-0.08509364629322241,,,,,,,,,,,,,,,
B,bolivia/tile208,225,41,control NDWI level,0.07581704324229781,0.057698525516083156,-0.21669435081449961,-0.028660517818240812,-0.017499836065767098,0.024560295150760157,0.012838332550187036,,,,,,,,,,,,,,,
B,bolivia/tile208,225,41,dihedral consistency (8 transforms),0.05114473889190272,0.03302622116568807,0.033266197680835226,-0.003988213467845725,0.007172468284627989,0.049232599501155244,0.03751063690058212,,0.9611009270965023,0.7618468183733668,0.49009215194256267,0.45310682680151687,,,,,,,,,,
B,bolivia/tile208,225,41,"boundary first, then confidence",0.056801500353465824,0.03868298262725117,1.451111111111111,-0.009644974929408828,0.0015157068230648857,0.04357583803959214,0.03185387543901902,,0.7972008006742517,0.8447155499367889,0.8625387068838699,0.5511188369152971,,,,,,,,,,
B,bolivia/tile208,225,41,combination conf+dihedral (prereg),0.048791563727158316,0.030673046000943664,0.5,-0.0016350383031013202,0.009525643449372394,0.05158577466589965,0.03986381206532653,,,,,,,,,,,,,,,
B,bolivia/tile209,225,40,confidence (baseline),0.053808669837125254,0.036582020070128035,-4.236089430650075,0.0,0.007077132006687525,0.018794231182823577,0.043542119963862536,,,,,,,,,,,,,,,
B,bolivia/tile209,225,40,tile-phase (aligned),0.06088580184381278,0.04365915207681556,0.08128674606096563,-0.007077132006687525,0.0,0.011717099176136052,0.03646498795717501,,,,,,,,,,,,,,,
B,bolivia/tile209,225,40,boundary indicator,0.07260290101994883,0.05537625125295161,0.20333333333333334,-0.018794231182823577,-0.011717099176136052,0.0,0.02474788878103896,,,,,,,,,,,,,,,
B,bolivia/tile209,225,40,control NDWI gradient,0.09735078980098778,0.08012414003399057,0.05316450779911948,-0.043542119963862536,-0.03646498795717501,-0.02474788878103896,0.0,,,,,,,,,,,,,,,
B,bolivia/tile209,225,40,constant score,0.17777777777777776,0.16055112801078053,0.0,-0.1239691079406525,-0.11689197593396497,-0.10517487675782891,-0.08042698797678996,,,,,,,,,,,,,,,
B,bolivia/tile209,225,40,control S2 patch variance,0.13078599926674112,0.11355934949974389,71.97259606208858,-0.07697732942961585,-0.06990019742292833,-0.05818309824679228,-0.03343520946575332,,,,,,,,,,,,,,,
B,bolivia/tile209,225,40,control NDWI level,0.04275558256673619,0.025528932799738974,-0.2460990031049472,0.011053087270389061,0.018130219277076587,0.02984731845321264,0.0545952072342516,,,,,,,,,,,,,,,
B,bolivia/tile209,225,40,dihedral consistency (8 transforms),0.05388828927609333,0.03666163950909611,0.03787830311145323,-7.961943896807322e-05,0.006997512567719452,0.018714611743855504,0.04346250052489446,,0.9470248630425623,0.7780351875263385,0.5540868201053113,0.43096080910240214,,,,,,,,,,
B,bolivia/tile209,225,40,"boundary first, then confidence",0.04942823066696222,0.032201580899965,1.7177777777777778,0.004380439170163036,0.011457571176850562,0.023174670352986614,0.04792255913402557,,0.8064538558786346,0.8178782132321958,0.8245462352895366,0.5552833965444586,,,,,,,,,,
B,bolivia/tile209,225,40,combination conf+dihedral (prereg),0.05235407082829634,0.03512742106129912,0.5,0.0014545990088289176,0.008531731015516443,0.020248830191652495,0.04499671897269145,,,,,,,,,,,,,,,
B,bolivia/tile210,225,64,confidence (baseline),0.08343811060137948,0.037856298807980054,-3.872804159985648,0.0,-0.005634637134406109,0.16776221644188363,0.19313570439864844,,,,,,,,,,,,,,,
B,bolivia/tile210,225,64,tile-phase (aligned),0.07780347346697337,0.032221661673573945,0.026077275328570976,0.005634637134406109,0.0,0.17339685357628976,0.19877034153305456,,,,,,,,,,,,,,,
B,bolivia/tile210,225,64,boundary indicator,0.2512003270432631,0.2056185152498637,0.03222222222222222,-0.16776221644188363,-0.17339685357628976,0.0,0.025373487956764806,,,,,,,,,,,,,,,
B,bolivia/tile210,225,64,control NDWI gradient,0.2765738150000279,0.2309920032066285,0.024739365239069767,-0.19313570439864844,-0.19877034153305456,-0.025373487956764806,0.0,,,,,,,,,,,,,,,
B,bolivia/tile210,225,64,constant score,0.28444444444444444,0.23886263265104501,0.0,-0.20100633384306496,-0.20664097097747108,-0.03324411740118133,-0.007870629444416521,,,,,,,,,,,,,,,
B,bolivia/tile210,225,64,control S2 patch variance,0.1358483233214997,0.09026651152810028,20.02504054058582,-0.052410212720120225,-0.058044849854526334,0.11535200372176341,0.14072549167852821,,,,,,,,,,,,,,,
B,bolivia/tile210,225,64,control NDWI level,0.42952197747262616,0.38394016567922673,-0.06898953279250371,-0.3460838668712467,-0.3517185040056528,-0.17832165042936304,-0.15294816247259824,,,,,,,,,,,,,,,
B,bolivia/tile210,225,64,dihedral consistency (8 transforms),0.09079124385348016,0.045209432060080726,0.023807396282079733,-0.0073531332521006715,-0.01298777038650678,0.16040908318978297,0.18578257114654778,,0.9476432785503585,0.907402022756005,0.45149771936983596,0.24319848293299612,,,,,,,,,,
B,bolivia/tile210,225,64,"boundary first, then confidence",0.08538255305342582,0.03980074126002639,0.7133333333333334,-0.0019444424520463355,-0.007579079586452445,0.1658177739898373,0.1911912619466021,,0.9959292035398232,0.9289728192161821,0.5346767098040575,0.21075642646439105,,,,,,,,,,
B,bolivia/tile210,225,64,combination conf+dihedral (prereg),0.08528774716129492,0.03970593536789549,0.5,-0.0018496365599154352,-0.007484273694321544,0.1659125798819682,0.191286067838733,,,,,,,,,,,,,,,
B,bolivia/tile211,225,112,confidence (baseline),0.36309544030187074,0.21010070472500278,-2.5405682775709364,0.0,-0.010309380856602213,0.0984084479764131,-0.01499431117181843,,,,,,,,,,,,,,,
B,bolivia/tile211,225,112,tile-phase (aligned),0.35278605944526853,0.19979132386840057,0.07241534337632603,0.010309380856602213,0.0,0.10871782883301531,-0.004684930315216218,,,,,,,,,,,,,,,
B,bolivia/tile211,225,112,boundary indicator,0.46150388827828387,0.3085091527014159,0.15888888888888889,-0.0984084479764131,-0.10871782883301531,0.0,-0.11340275914823153,,,,,,,,,,,,,,,
B,bolivia/tile211,225,112,control NDWI gradient,0.3481011291300523,0.19510639355318435,0.03614339016023556,0.01499431117181843,0.004684930315216218,0.11340275914823153,0.0,,,,,,,,,,,,,,,
B,bolivia/tile211,225,112,constant score,0.49777777777777765,0.3447830422009097,0.0,-0.13468233747590694,-0.14499171833250915,-0.03627388949949384,-0.14967664864772537,,,,,,,,,,,,,,,
B,bolivia/tile211,225,112,control S2 patch variance,0.43203266589740125,0.27903793032053326,45.1143576015347,-0.06893722559553048,-0.07924660645213269,0.029471222380882622,-0.08393153676734891,,,,,,,,,,,,,,,
B,bolivia/tile211,225,112,control NDWI level,0.29336267867193705,0.1403679430950691,-0.16998846668776502,0.06973276162993369,0.05942338077333148,0.1681412096063468,0.05473845045811526,,,,,,,,,,,,,,,
B,bolivia/tile211,225,112,dihedral consistency (8 transforms),0.3610571607822774,0.20806242520540943,0.05115862650363447,0.0020382795195933445,-0.008271101337008868,0.10044672749600644,-0.012956031652225086,,0.9111694058154228,0.8081616097766539,0.541095518411394,0.3156068268015169,,,,,,,,,,
B,bolivia/tile211,225,112,"boundary first, then confidence",0.3570445090860562,0.20404977350918826,1.5044444444444445,0.0060509312158145145,-0.004258449640787698,0.10445937919222761,-0.008943379956003916,,0.8612368310155918,0.8550294985250738,0.8574528215260337,0.3490286557100716,,,,,,,,,,
B,bolivia/tile211,225,112,combination conf+dihedral (prereg),0.36160354028034525,0.20860880470347729,0.5,0.001491900021525494,-0.008817480835076719,0.0999003479979386,-0.013502411150292937,,,,,,,,,,,,,,,
B,bolivia/tile212,225,99,confidence (baseline),0.20941978249542767,0.09314237967928814,-3.8034344001611076,0.0,0.028259700885286898,0.17682645925945145,0.07439815083333266,,,,,,,,,,,,,,,
B,bolivia/tile212,225,99,tile-phase (aligned),0.23767948338071457,0.12140208056457504,0.055252427049595605,-0.028259700885286898,0.0,0.14856675837416455,0.046138449948045765,,,,,,,,,,,,,,,
B,bolivia/tile212,225,99,boundary indicator,0.3862462417548791,0.2699688389387396,0.13555555555555557,-0.17682645925945145,-0.14856675837416455,0.0,-0.10242830842611877,,,,,,,,,,,,,,,
B,bolivia/tile212,225,99,control NDWI gradient,0.2838179333287603,0.1675405305126208,0.03712426801807403,-0.07439815083333266,-0.046138449948045765,0.10242830842611877,0.0,,,,,,,,,,,,,,,
B,bolivia/tile212,225,99,constant score,0.4400000000000001,0.3237225971838606,0.0,-0.23058021750457247,-0.20232051661928557,-0.05375375824512102,-0.1561820666712398,,,,,,,,,,,,,,,
B,bolivia/tile212,225,99,control S2 patch variance,0.5940298155577591,0.4777524127416196,45.99531549826236,-0.3846100330623315,-0.3563503321770446,-0.20778357380288004,-0.3102118822289988,,,,,,,,,,,,,,,
B,bolivia/tile212,225,99,control NDWI level,0.12843418254607258,0.012156779729933051,-0.20251361567368684,0.08098559994935509,0.10924530083464198,0.2578120592088065,0.15538375078268774,,,,,,,,,,,,,,,
B,bolivia/tile212,225,99,dihedral consistency (8 transforms),0.22807699955821142,0.11179959674207189,0.035421388949891684,-0.018657217062783754,0.009602483822503144,0.15816924219666767,0.05574093377054891,,0.9398546144121366,0.9052096502317738,0.6759942569101516,0.5221460176991148,,,,,,,,,,
B,bolivia/tile212,225,99,"boundary first, then confidence",0.22053914681025716,0.10426174399411763,1.2377777777777779,-0.011119364314829489,0.01714033657045741,0.16570709494462194,0.06327878651850317,,0.9424041297935108,0.9129593341761487,0.8431356103259686,0.4838980193847451,,,,,,,,,,
B,bolivia/tile212,225,99,combination conf+dihedral (prereg),0.21740678967889823,0.1011293868627587,0.5,-0.007987007183470562,0.020272693701816336,0.1688394520759809,0.0664111436498621,,,,,,,,,,,,,,,
B,bolivia/tile213,225,80,confidence (baseline),0.145122795683806,0.07192601309773498,-3.820138545036316,0.0,0.013977618940214154,0.1551809515246722,0.11972583088813467,,,,,,,,,,,,,,,
B,bolivia/tile213,225,80,tile-phase (aligned),0.15910041462402016,0.08590363203794914,0.04032214495625037,-0.013977618940214154,0.0,0.14120333258445805,0.10574821194792051,,,,,,,,,,,,,,,
B,bolivia/tile213,225,80,boundary indicator,0.30030374720847824,0.2271069646224072,0.08,-0.1551809515246722,-0.14120333258445805,0.0,-0.03545512063653755,,,,,,,,,,,,,,,
B,bolivia/tile213,225,80,control NDWI gradient,0.2648486265719407,0.19165184398586965,0.03215844420254612,-0.11972583088813467,-0.10574821194792051,0.03545512063653755,0.0,,,,,,,,,,,,,,,
B,bolivia/tile213,225,80,constant score,0.3555555555555555,0.2823587729694845,0.0,-0.21043275987174948,-0.19645514093153532,-0.05525180834707727,-0.09070692898361482,,,,,,,,,,,,,,,
B,bolivia/tile213,225,80,control S2 patch variance,0.24793896193233841,0.1747421793462674,30.071560393797228,-0.10281616624853242,-0.08883854730831826,0.0523647852761398,0.01690966463960225,,,,,,,,,,,,,,,
B,bolivia/tile213,225,80,control NDWI level,0.17167164177820307,0.09847485919213204,-0.10780975028436941,-0.02654884609439706,-0.012571227154182907,0.12863210543027515,0.09317698479373761,,,,,,,,,,,,,,,
B,bolivia/tile213,225,80,dihedral consistency (8 transforms),0.14122592827885483,0.0680291456927838,0.0354824995321946,0.003896867404951182,0.017874486345165336,0.15907781892962342,0.12362269829308585,,0.9639643910661604,0.9478792667509479,0.6701935531797549,0.2959702907711756,,,,,,,,,,
B,bolivia/tile213,225,80,"boundary first, then confidence",0.1489333806700725,0.07573659808400147,1.051111111111111,-0.003810584986266491,0.010167033953947663,0.15137036653840574,0.11591524590186818,,0.9608533501896327,0.9514043404972607,0.775317172420945,0.24739359460598384,,,,,,,,,,
B,bolivia/tile213,225,80,combination conf+dihedral (prereg),0.14271505978928234,0.06951827720321131,0.5,0.0024077358945236715,0.016385354834737825,0.1575886874191959,0.12213356678265834,,,,,,,,,,,,,,,
B,bolivia/tile214,225,37,confidence (baseline),0.041383955798817436,0.026689281029600748,-4.106847980817159,0.0,0.011050290599424369,0.029331838376851986,0.011880503446115749,,,,,,,,,,,,,,,
B,bolivia/tile214,225,37,tile-phase (aligned),0.052434246398241804,0.037739571629025116,0.06962934615019346,-0.011050290599424369,0.0,0.018281547777427617,0.0008302128466913805,,,,,,,,,,,,,,,
B,bolivia/tile214,225,37,boundary indicator,0.07071579417566942,0.056021119406452734,0.15444444444444444,-0.029331838376851986,-0.018281547777427617,0.0,-0.017451334930736237,,,,,,,,,,,,,,,
B,bolivia/tile214,225,37,control NDWI gradient,0.053264459244933185,0.0385697844757165,0.05102672666633329,-0.011880503446115749,-0.0008302128466913805,0.017451334930736237,0.0,,,,,,,,,,,,,,,
B,bolivia/tile214,225,37,constant score,0.16444444444444445,0.14974976967522777,0.0,-0.12306048864562702,-0.11201019804620266,-0.09372865026877503,-0.11117998519951128,,,,,,,,,,,,,,,
B,bolivia/tile214,225,37,control S2 patch variance,0.0991651801186117,0.08447050534939501,86.06315201327499,-0.05778122431979427,-0.0467309337203699,-0.02844938594294228,-0.04590072087367852,,,,,,,,,,,,,,,
B,bolivia/tile214,225,37,control NDWI level,0.06859976495938645,0.053905090190169765,-0.26850430328193825,-0.027215809160569017,-0.01616551856114465,0.002116029216282969,-0.015335305714453268,,,,,,,,,,,,,,,
B,bolivia/tile214,225,37,dihedral consistency (8 transforms),0.04558569228719984,0.03089101751798315,0.022023424699954275,-0.0042017364883824015,0.006848554111041967,0.025130101888469585,0.0076787669577333476,,0.9428339654445846,0.7349831436999584,0.4608700085384785,0.5646786767804464,,,,,,,,,,
B,bolivia/tile214,225,37,"boundary first, then confidence",0.04409250170539843,0.029397826936181745,1.3977777777777778,-0.0027085459065809975,0.008341744692843371,0.02662329247027099,0.009171957539534752,,0.7775526759376317,0.8728107880320279,0.8476895962707472,0.6635429835651077,,,,,,,,,,
B,bolivia/tile214,225,37,combination conf+dihedral (prereg),0.04232346191521093,0.02762878714599424,0.5,-0.0009395061163934917,0.010110784483030877,0.028392332260458494,0.010940997329722257,,,,,,,,,,,,,,,
B,bolivia/tile215,225,46,confidence (baseline),0.08056226621626489,0.057619428105799855,-3.2279700982570647,0.0,-0.016656411826404774,-0.020430456329037117,0.0015318160892652116,,,,,,,,,,,,,,,
B,bolivia/tile215,225,46,tile-phase (aligned),0.06390585438986011,0.04096301627939508,0.058959748906523196,0.016656411826404774,0.0,-0.0037740445026323427,0.018188227915669986,,,,,,,,,,,,,,,
B,bolivia/tile215,225,46,boundary indicator,0.060131809887227765,0.03718897177676274,0.1322222222222222,0.020430456329037117,0.0037740445026323427,0.0,0.021962272418302328,,,,,,,,,,,,,,,
B,bolivia/tile215,225,46,control NDWI gradient,0.0820940823055301,0.05915124419506507,0.03318077027371428,-0.0015318160892652116,-0.018188227915669986,-0.021962272418302328,0.0,,,,,,,,,,,,,,,
B,bolivia/tile215,225,46,constant score,0.20444444444444446,0.18150160633397944,0.0,-0.12388217822817958,-0.14053859005458436,-0.1443126345572167,-0.12235036213891437,,,,,,,,,,,,,,,
B,bolivia/tile215,225,46,control S2 patch variance,0.2632882818654263,0.24034544375496128,71.11208435538194,-0.1827260156491614,-0.1993824274755662,-0.20315647197819853,-0.1811941995598962,,,,,,,,,,,,,,,
B,bolivia/tile215,225,46,control NDWI level,0.03366918391469616,0.010726345804231128,-0.3069266787909222,0.04689308230156873,0.030236670475163954,0.02646262597253161,0.04842489839083394,,,,,,,,,,,,,,,
B,bolivia/tile215,225,46,dihedral consistency (8 transforms),0.09262843745817166,0.06968559934770663,0.0368942920812535,-0.012066171241906773,-0.028722583068311547,-0.03249662757094389,-0.010534355152641561,,0.9345912347239775,0.8033691529709228,0.5615668957727312,0.4448135271807837,,,,,,,,,,
B,bolivia/tile215,225,46,"boundary first, then confidence",0.05315259114269302,0.030209753032227993,1.3444444444444446,0.027409675073571862,0.010753263247167088,0.006979218744534745,0.028941491162837073,,0.8810113780025282,0.8934576485461444,0.8546090230052745,0.5715360303413404,,,,,,,,,,
B,bolivia/tile215,225,46,combination conf+dihedral (prereg),0.08554333659095367,0.06260049848048864,0.49999999999999994,-0.004981070374688784,-0.021637482201093558,-0.0254115267037259,-0.0034492542854235725,,,,,,,,,,,,,,,
B,bolivia/tile216,225,30,confidence (baseline),0.019246854107647204,0.009638428354526551,-7.273401616017024,0.0,0.020539685175388532,0.06972067554008253,0.02583742540054558,,,,,,,,,,,,,,,
B,bolivia/tile216,225,30,tile-phase (aligned),0.039786539283035736,0.030178113529915084,0.04978802799919625,-0.020539685175388532,0.0,0.049180990364694,0.005297740225157048,,,,,,,,,,,,,,,
B,bolivia/tile216,225,30,boundary indicator,0.08896752964772973,0.07935910389460908,0.11555555555555555,-0.06972067554008253,-0.049180990364694,0.0,-0.04388325013953695,,,,,,,,,,,,,,,
B,bolivia/tile216,225,30,control NDWI gradient,0.045084279508192784,0.03547585375507213,0.03647245919757217,-0.02583742540054558,-0.005297740225157048,0.04388325013953695,0.0,,,,,,,,,,,,,,,
B,bolivia/tile216,225,30,constant score,0.1333333333333333,0.12372490758021265,0.0,-0.1140864792256861,-0.09354679405029756,-0.04436580368560357,-0.08824905382514052,,,,,,,,,,,,,,,
B,bolivia/tile216,225,30,control S2 patch variance,0.05122680777452298,0.04161838202140233,54.55373477686389,-0.031979953666875775,-0.011440268491487243,0.037740721873206755,-0.006142528266330195,,,,,,,,,,,,,,,
B,bolivia/tile216,225,30,control NDWI level,0.0300600014716234,0.020451575718502746,-0.2895211865032713,-0.010813147363976195,0.009726537811412337,0.05890752817610634,0.015024278036569385,,,,,,,,,,,,,,,
B,bolivia/tile216,225,30,dihedral consistency (8 transforms),0.028083354683412286,0.018474928930291633,0.028314298248066937,-0.008836500575765082,0.01170318459962345,0.060884174964317445,0.017000924824780498,,0.9174968394437418,0.8426359039190896,0.5839851806980347,0.6992951959544876,,,,,,,,,,
B,bolivia/tile216,225,30,"boundary first, then confidence",0.034473174619554396,0.024864748866433743,1.211111111111111,-0.015226320511907192,0.00531336466348134,0.05449435502817534,0.010611104888638388,,0.900012642225031,0.9240233881163094,0.8310884670385364,0.7869637589549094,,,,,,,,,,
B,bolivia/tile216,225,30,combination conf+dihedral (prereg),0.02271783282458771,0.013109407071467058,0.5,-0.0034709787169405065,0.017068706458448026,0.06624969682314202,0.022366446683605073,,,,,,,,,,,,,,,
B,bolivia/tile217,225,48,confidence (baseline),0.09780570982967912,0.07276029342429619,-5.01488047281901,0.0,-0.02258284556687823,0.041549518446407585,-0.04064966365742491,,,,,,,,,,,,,,,
B,bolivia/tile217,225,48,tile-phase (aligned),0.07522286426280089,0.050177447857417956,0.042116849664679545,0.02258284556687823,0.0,0.06413236401328581,-0.01806681809054668,,,,,,,,,,,,,,,
B,bolivia/tile217,225,48,boundary indicator,0.1393552282760867,0.11430981187070377,0.07888888888888888,-0.041549518446407585,-0.06413236401328581,0.0,-0.0821991821038325,,,,,,,,,,,,,,,
B,bolivia/tile217,225,48,control NDWI gradient,0.05715604617225422,0.032110629766871276,0.045404171489710314,0.04064966365742491,0.01806681809054668,0.0821991821038325,0.0,,,,,,,,,,,,,,,
B,bolivia/tile217,225,48,constant score,0.21333333333333335,0.1882879169279504,0.0,-0.11552762350365423,-0.13811046907053245,-0.07397810505724664,-0.15617728716107915,,,,,,,,,,,,,,,
B,bolivia/tile217,225,48,control S2 patch variance,0.08362180870691513,0.05857639230153219,60.20788062300557,0.014183901122763992,-0.008398944444114237,0.05573341956917158,-0.026465762534660917,,,,,,,,,,,,,,,
B,bolivia/tile217,225,48,control NDWI level,0.04171469028615444,0.0166692738807715,-0.2937783623488147,0.05609101954352469,0.03350817397664646,0.09764053798993227,0.015441355886099777,,,,,,,,,,,,,,,
B,bolivia/tile217,225,48,dihedral consistency (8 transforms),0.0898014598067117,0.06475604340132876,0.023099599998473018,0.008004250022967424,-0.014578595543910805,0.04955376846937501,-0.032645413634457485,,0.9587631689844077,0.8953592498946484,0.48943745609657924,0.2824388959123472,,,,,,,,,,
B,bolivia/tile217,225,48,"boundary first, then confidence",0.08408498116426509,0.059039564758882154,0.9711111111111111,0.013720728665414031,-0.008862116901464198,0.055270247111821616,-0.026928934992010878,,0.9158659924146655,0.911630847029077,0.736923603391281,0.2905056890012642,,,,,,,,,,
B,bolivia/tile217,225,48,combination conf+dihedral (prereg),0.09296022273364284,0.0679148063282599,0.5,0.004845487096036286,-0.017737358470841944,0.04639500554244387,-0.03580417656138862,,,,,,,,,,,,,,,
B,bolivia/tile218,225,60,confidence (baseline),0.09211619501927928,0.05230492071282771,-3.3269233519501156,0.0,-0.009528953764828929,0.10794248907667287,0.011216516051681648,,,,,,,,,,,,,,,
B,bolivia/tile218,225,60,tile-phase (aligned),0.08258724125445036,0.04277596694799878,0.0582903018083501,0.009528953764828929,0.0,0.1174714428415018,0.020745469816510577,,,,,,,,,,,,,,,
B,bolivia/tile218,225,60,boundary indicator,0.20005868409595215,0.16024740978950058,0.10666666666666667,-0.10794248907667287,-0.1174714428415018,0.0,-0.09672597302499122,,,,,,,,,,,,,,,
B,bolivia/tile218,225,60,control NDWI gradient,0.10333271107096093,0.06352143676450936,0.028276749370191666,-0.011216516051681648,-0.020745469816510577,0.09672597302499122,0.0,,,,,,,,,,,,,,,
B,bolivia/tile218,225,60,constant score,0.2666666666666666,0.22685539236021504,0.0,-0.17455047164738732,-0.18407942541221625,-0.06660798257071446,-0.16333395559570568,,,,,,,,,,,,,,,
B,bolivia/tile218,225,60,control S2 patch variance,0.27285677645088086,0.2330455021444293,41.62363356932863,-0.18074058143160157,-0.1902695351964305,-0.0727980923549287,-0.16952406537991993,,,,,,,,,,,,,,,
B,bolivia/tile218,225,60,control NDWI level,0.0789829863435215,0.03917171203706992,-0.21904721098265467,0.01313320867575779,0.0036042549109288613,0.12107569775243066,0.024349724727439438,,,,,,,,,,,,,,,
B,bolivia/tile218,225,60,dihedral consistency (8 transforms),0.08189128862634693,0.04208001431989535,0.04442704429513671,0.01022490639293236,0.0006959526281034301,0.11816739546960522,0.021441422444614007,,0.936688790560472,0.8651927939317318,0.5157825596717215,0.6231573957016434,,,,,,,,,,
B,bolivia/tile218,225,60,"boundary first, then confidence",0.10147644286987015,0.061665168563418575,1.1488888888888888,-0.009360247850590864,-0.018889201615419793,0.098582241226082,0.0018562682010907841,,0.9133196375895496,0.8935598398651496,0.8091453199516068,0.6221017699115046,,,,,,,,,,
B,bolivia/tile218,225,60,combination conf+dihedral (prereg),0.0848316055428872,0.045020331236435625,0.5,0.0072845894763920865,-0.0022443642884368425,0.11522707855306497,0.018501105528073734,,,,,,,,,,,,,,,
B,bolivia/tile219,225,67,confidence (baseline),0.15213770718864664,0.10193871511489365,-2.8449514385064445,0.0,-0.008659493526353867,0.051954371557751525,0.2674296982300661,,,,,,,,,,,,,,,
B,bolivia/tile219,225,67,tile-phase (aligned),0.14347821366229277,0.09327922158853978,0.06567480120083524,0.008659493526353867,0.0,0.06061386508410539,0.27608919175642,,,,,,,,,,,,,,,
B,bolivia/tile219,225,67,boundary indicator,0.20409207874639815,0.15389308667264517,0.1688888888888889,-0.051954371557751525,-0.06061386508410539,0.0,0.21547532667231462,,,,,,,,,,,,,,,
B,bolivia/tile219,225,67,control NDWI gradient,0.4195674054187128,0.3693684133449598,0.02902624810971281,-0.2674296982300661,-0.27608919175642,-0.21547532667231462,0.0,,,,,,,,,,,,,,,
B,bolivia/tile219,225,67,constant score,0.29777777777777775,0.24757878570402475,0.0,-0.1456400705891311,-0.15429956411548496,-0.09368569903137958,0.12178962764093504,,,,,,,,,,,,,,,
B,bolivia/tile219,225,67,control S2 patch variance,0.553351598776978,0.503152606703225,51.59770783229849,-0.4012138915883314,-0.40987338511468524,-0.34925952003057986,-0.13378419335826525,,,,,,,,,,,,,,,
B,bolivia/tile219,225,67,control NDWI level,0.05892569876524296,0.00872670669148997,-0.2303977289075637,0.09321200842340369,0.08455251489704982,0.1451663799811552,0.36064170665346984,,,,,,,,,,,,,,,
B,bolivia/tile219,225,67,dihedral consistency (8 transforms),0.1969053604238605,0.14670636835010753,0.05907425641286156,-0.04476765323521388,-0.05342714676156775,0.007186718322537644,0.22266204499485226,,0.8700084281500209,0.768593552465233,0.6170880924696852,0.16951538137378847,,,,,,,,,,
B,bolivia/tile219,225,67,"boundary first, then confidence",0.14744439301646503,0.09724540094271204,1.451111111111111,0.004693314172181606,-0.003966179354172261,0.05664768572993313,0.27212301240224773,,0.9208364938895918,0.8626337968815844,0.8604932571228805,0.1426274757690687,,,,,,,,,,
B,bolivia/tile219,225,67,combination conf+dihedral (prereg),0.17370677931993303,0.12350778724618004,0.5,-0.021569072131286393,-0.03022856565764026,0.03038529942646513,0.24586062609877973,,,,,,,,,,,,,,,
B,bolivia/tile220,225,123,confidence (baseline),0.29985081147452125,0.11061672179110207,-4.069469834036298,0.0,-0.013706033806991813,0.2535397446977189,0.27109026872323405,,,,,,,,,,,,,,,
B,bolivia/tile220,225,123,tile-phase (aligned),0.28614477766752944,0.09691068798411026,0.043038737314863185,0.013706033806991813,0.0,0.26724577850471065,0.2847963025302258,,,,,,,,,,,,,,,
B,bolivia/tile220,225,123,boundary indicator,0.5533905561722401,0.36415646648882094,0.06555555555555556,-0.2535397446977189,-0.26724577850471065,0.0,0.017550524025515157,,,,,,,,,,,,,,,
B,bolivia/tile220,225,123,control NDWI gradient,0.5709410801977552,0.3817069905143361,0.026287121054206355,-0.27109026872323405,-0.2847963025302258,-0.017550524025515157,0.0,,,,,,,,,,,,,,,
B,bolivia/tile220,225,123,constant score,0.5466666666666667,0.3574325769832476,0.0,-0.24681585519214552,-0.2605218889991373,0.006723889505573344,0.0242744135310885,,,,,,,,,,,,,,,
B,bolivia/tile220,225,123,control S2 patch variance,0.7942392641201204,0.6050051744367012,37.51253754864322,-0.49438845264559916,-0.5080944864525909,-0.24084870794788027,-0.2232981839223651,,,,,,,,,,,,,,,
B,bolivia/tile220,225,123,control NDWI level,0.19912275421807382,0.009888664534654645,-0.21081336837126452,0.10072805725644743,0.08702202344945562,0.3542678019541663,0.37181832597968145,,,,,,,,,,,,,,,
B,bolivia/tile220,225,123,dihedral consistency (8 transforms),0.29269773494426166,0.10346364526084248,0.03262411415953668,0.0071530765302595944,-0.006552957276732219,0.26069282122797843,0.2782433452534936,,0.9412526337968814,0.9337420986093551,0.5364667232486366,0.30712178676780444,,,,,,,,,,
B,bolivia/tile220,225,123,"boundary first, then confidence",0.31180944912950176,0.12257535944608258,0.9266666666666666,-0.011958637654980508,-0.02566467146197232,0.24158110704273836,0.25913163106825354,,0.967078592498947,0.9165539401601344,0.7131555267541229,0.25186472819216177,,,,,,,,,,
B,bolivia/tile220,225,123,combination conf+dihedral (prereg),0.2929463292218907,0.1037122395384715,0.5,0.006904482252630573,-0.00680155155436124,0.2604442269503494,0.27799475097586457,,,,,,,,,,,,,,,
B,bolivia/tile221,225,46,confidence (baseline),0.1177853465929997,0.09484250848253467,-2.8297277635998195,0.0,-0.0048365332356593155,-0.03457035917897312,-0.04245963527610096,,,,,,,,,,,,,,,
B,bolivia/tile221,225,46,tile-phase (aligned),0.11294881335734039,0.09000597524687536,0.07024900071646294,0.0048365332356593155,0.0,-0.029733825943313807,-0.03762310204044164,,,,,,,,,,,,,,,
B,bolivia/tile221,225,46,boundary indicator,0.08321498741402658,0.06027214930356155,0.14555555555555555,0.03457035917897312,0.029733825943313807,0.0,-0.007889276097127834,,,,,,,,,,,,,,,
B,bolivia/tile221,225,46,control NDWI gradient,0.07532571131689875,0.052382873206433714,0.033450464848233795,0.04245963527610096,0.03762310204044164,0.007889276097127834,0.0,,,,,,,,,,,,,,,
B,bolivia/tile221,225,46,constant score,0.20444444444444446,0.18150160633397944,0.0,-0.08665909785144477,-0.09149563108710408,-0.12122945703041789,-0.12911873312754574,,,,,,,,,,,,,,,
B,bolivia/tile221,225,46,control S2 patch variance,0.1406400898161227,0.11769725170565766,48.59767711829773,-0.02285474322312299,-0.027691276458782305,-0.05742510240209611,-0.06531437849922395,,,,,,,,,,,,,,,
B,bolivia/tile221,225,46,control NDWI level,0.03054513551304089,0.007602297402575859,-0.2522676057586284,0.08724021107995882,0.0824036778442995,0.05266985190098569,0.04478057580385786,,,,,,,,,,,,,,,
B,bolivia/tile221,225,46,dihedral consistency (8 transforms),0.07969578813201281,0.056752950021547774,0.04824550005532526,0.0380895584609869,0.03325302522532758,0.003519199282013774,-0.00437007681511406,,0.9022102823430255,0.8314138221660352,0.6439985595310851,0.23852085967130204,,,,,,,,,,
B,bolivia/tile221,225,46,"boundary first, then confidence",0.08403569998774714,0.061092861877282106,1.3622222222222222,0.033749646605252565,0.02891311336959325,-0.0008207125737205584,-0.008709988670848393,,0.8650611040876531,0.8277433628318588,0.8600578725808732,0.2932954066582382,,,,,,,,,,
B,bolivia/tile221,225,46,combination conf+dihedral (prereg),0.09545978648213281,0.07251694837166778,0.5,0.022325560110866893,0.017489026875207578,-0.01224479906810623,-0.020134075165234064,,,,,,,,,,,,,,,
B,bolivia/tile222,225,42,confidence (baseline),0.04619065757849641,0.027156117303692343,-4.247444829146067,0.0,0.030549682012995107,0.05658656116480855,0.0934833062152821,,,,,,,,,,,,,,,
B,bolivia/tile222,225,42,tile-phase (aligned),0.07674033959149151,0.05770579931668745,0.058783465177920234,-0.030549682012995107,0.0,0.026036879151813443,0.06293362420228699,,,,,,,,,,,,,,,
B,bolivia/tile222,225,42,boundary indicator,0.10277721874330496,0.08374267846850089,0.18555555555555556,-0.05658656116480855,-0.026036879151813443,0.0,0.03689674505047355,,,,,,,,,,,,,,,
B,bolivia/tile222,225,42,control NDWI gradient,0.1396739637937785,0.12063942351897444,0.043361869152598195,-0.0934833062152821,-0.06293362420228699,-0.03689674505047355,0.0,,,,,,,,,,,,,,,
B,bolivia/tile222,225,42,constant score,0.18666666666666668,0.16763212639186262,0.0,-0.14047600908817026,-0.10992632707517516,-0.08388944792336173,-0.046992702872888176,,,,,,,,,,,,,,,
B,bolivia/tile222,225,42,control S2 patch variance,0.26581570627179424,0.24678116599699018,106.89282011719718,-0.21962504869329785,-0.18907536668030273,-0.1630384875284893,-0.12614174247801574,,,,,,,,,,,,,,,
B,bolivia/tile222,225,42,control NDWI level,0.04168584834952094,0.022651308074716874,-0.314796380913608,0.004504809228975469,0.035054491241970576,0.06109137039378402,0.09798811544425756,,,,,,,,,,,,,,,
B,bolivia/tile222,225,42,dihedral consistency (8 transforms),0.04107271987502198,0.022038179600217915,0.038097657280401716,0.0051179377034744275,0.035667619716469534,0.06170449886828298,0.09860124391875652,,0.9482680151706699,0.7880488832701221,0.6209628648281363,0.3897903497682255,,,,,,,,,,
B,bolivia/tile222,225,42,"boundary first, then confidence",0.05662027845014832,0.037585738175344253,1.5933333333333333,-0.010429620871651911,0.020120061141343196,0.04615694029315664,0.0830536853436302,,0.893944374209861,0.8768141592920353,0.8640813198114216,0.5355931310577325,,,,,,,,,,
B,bolivia/tile222,225,42,combination conf+dihedral (prereg),0.043895954799177114,0.02486141452437305,0.5,0.0022947027793192923,0.0328443847923144,0.05888126394412784,0.0957780089946014,,,,,,,,,,,,,,,
B,bolivia/tile223,225,32,confidence (baseline),0.0231247570548588,0.012178864337629408,-5.560273815260993,0.0,0.012376162797642337,0.07482291160105956,0.013034783489689061,,,,,,,,,,,,,,,
B,bolivia/tile223,225,32,tile-phase (aligned),0.03550091985250114,0.024555027135271745,0.07284529830067994,-0.012376162797642337,0.0,0.06244674880341722,0.0006586206920467241,,,,,,,,,,,,,,,
B,bolivia/tile223,225,32,boundary indicator,0.09794766865591836,0.08700177593868896,0.16555555555555557,-0.07482291160105956,-0.06244674880341722,0.0,-0.061788128111370494,,,,,,,,,,,,,,,
B,bolivia/tile223,225,32,control NDWI gradient,0.03615954054454786,0.02521364782731847,0.06832758713299834,-0.013034783489689061,-0.0006586206920467241,0.061788128111370494,0.0,,,,,,,,,,,,,,,
B,bolivia/tile223,225,32,constant score,0.14222222222222222,0.13127632950499282,0.0,-0.11909746516736341,-0.10672130236972108,-0.04427455356630386,-0.10606268167767435,,,,,,,,,,,,,,,
B,bolivia/tile223,225,32,control S2 patch variance,0.07432156815962303,0.06337567544239364,124.83074825025795,-0.051196811104764234,-0.0388206483071219,0.02362610049629532,-0.03816202761507517,,,,,,,,,,,,,,,
B,bolivia/tile223,225,32,control NDWI level,0.022395833378350858,0.011449940661121465,-0.3559880668393727,0.0007289236765079428,0.01310508647415028,0.0755518352775675,0.013763707166197004,,,,,,,,,,,,,,,
B,bolivia/tile223,225,32,dihedral consistency (8 transforms),0.024258086303696063,0.01331219358646667,0.02001131550173644,-0.0011333292488372622,0.011242833548805075,0.0736895823522223,0.011901454240851799,,0.9396755162241891,0.7237642225031605,0.40221637963707985,0.5311367467340914,,,,,,,,,,
B,bolivia/tile223,225,32,"boundary first, then confidence",0.044889165804218104,0.03394327308698871,1.4866666666666666,-0.021764408749359303,-0.009388245951716966,0.05305850285170025,-0.008729625259670241,,0.7451095659502734,0.8472998314369994,0.8751102912107251,0.6714686051411713,,,,,,,,,,
B,bolivia/tile223,225,32,combination conf+dihedral (prereg),0.022915962287631948,0.011970069570402555,0.5,0.00020879476722685322,0.01258495756486919,0.0750317063682864,0.013243578256915915,,,,,,,,,,,,,,,
B,bolivia/tile224,197,42,confidence (baseline),0.0707149497546754,0.04563520687946635,-4.8956456686639545,0.0,-0.01447728799173844,0.045874625847860555,0.05772713471702678,,,,,,,,,,,,,,,
B,bolivia/tile224,197,42,tile-phase (aligned),0.056237661762936965,0.031157918887727912,0.04664017637416811,0.01447728799173844,0.0,0.060351913839598995,0.07220442270876522,,,,,,,,,,,,,,,
B,bolivia/tile224,197,42,boundary indicator,0.11658957560253595,0.0915098327273269,0.11230964467005077,-0.045874625847860555,-0.060351913839598995,0.0,0.011852508869166223,,,,,,,,,,,,,,,
B,bolivia/tile224,197,42,control NDWI gradient,0.1284420844717022,0.10336234159649313,0.03509459823301791,-0.05772713471702678,-0.07220442270876522,-0.011852508869166223,0.0,,,,,,,,,,,,,,,
B,bolivia/tile224,197,42,constant score,0.2131979695431472,0.18811822666793815,0.0,-0.1424830197884718,-0.15696030778021025,-0.09660839394061124,-0.08475588507144502,,,,,,,,,,,,,,,
B,bolivia/tile224,197,42,control S2 patch variance,0.12582451332227862,0.10074477044706956,71.34778284985914,-0.05510956356760321,-0.06958685155934165,-0.009234937719742653,0.00261757114942357,,,,,,,,,,,,,,,
B,bolivia/tile224,197,42,control NDWI level,0.04102309247394777,0.015943349598738714,-0.23909753990470917,0.029691857280727638,0.015214569288989198,0.07556648312858819,0.08741899199775441,,,,,,,,,,,,,,,
B,bolivia/tile224,197,42,dihedral consistency (8 transforms),0.07082276265578148,0.04574301978057243,0.028976920581266,-0.00010781290110607744,-0.014585100892844517,0.04576681294675448,0.0576193218159207,,0.9601254438092722,0.875210721113549,0.6442368297410823,0.16526813771193744,,,,,,,,,,
B,bolivia/tile224,197,42,"boundary first, then confidence",0.06582070588290762,0.04074096300769856,1.1617340464104422,0.004894243871767789,-0.00958304411997065,0.050768869719628344,0.06262137858879457,,0.9055655487852732,0.9277128479448994,0.8281208373034591,0.23470172563718605,,,,,,,,,,
B,bolivia/tile224,197,42,combination conf+dihedral (prereg),0.06917801824311512,0.044098275367906066,0.5000000000000001,0.0015369315115602855,-0.012940356480178154,0.04741155735942084,0.05926406622858706,,,,,,,,,,,,,,,
B,bolivia/tile225,204,91,confidence (baseline),0.15081634827449736,0.03086638629881336,-5.322494362572245,0.0,0.032712473439843515,0.2758556153210109,0.19278042159655878,,,,,,,,,,,,,,,
B,bolivia/tile225,204,91,tile-phase (aligned),0.18352882171434087,0.06357885973865687,0.055102778505699335,-0.032712473439843515,0.0,0.24314314188116734,0.16006794815671527,,,,,,,,,,,,,,,
B,bolivia/tile225,204,91,boundary indicator,0.4266719635955082,0.3067220016198242,0.0704656862745098,-0.2758556153210109,-0.24314314188116734,0.0,-0.08307519372445207,,,,,,,,,,,,,,,
B,bolivia/tile225,204,91,control NDWI gradient,0.34359676987105614,0.22364680789537214,0.07386408080028493,-0.19278042159655878,-0.16006794815671527,0.08307519372445207,0.0,,,,,,,,,,,,,,,
B,bolivia/tile225,204,91,constant score,0.44607843137254916,0.32612846939686513,0.0,-0.2952620830980518,-0.2625496096582083,-0.019406467777040914,-0.10248166150149299,,,,,,,,,,,,,,,
B,bolivia/tile225,204,91,control S2 patch variance,0.27748279852222046,0.15753283654653646,74.27558652787398,-0.1266664502477231,-0.09395397680787959,0.14918916507328775,0.06611397134883568,,,,,,,,,,,,,,,
B,bolivia/tile225,204,91,control NDWI level,0.21683528512391234,0.09688532314822834,-0.20864082571166395,-0.06601893684941498,-0.03330646340957147,0.20983667847159587,0.1267614847471438,,,,,,,,,,,,,,,
B,bolivia/tile225,204,91,dihedral consistency (8 transforms),0.1432435551485659,0.023293593172881905,0.03559202546120881,0.007572793125931454,0.04028526656577497,0.2834284084469423,0.20035321472249024,,0.9589585203299142,0.8624831261352315,0.34602469814290754,0.32145083432868504,,,,,,,,,,
B,bolivia/tile225,204,91,"boundary first, then confidence",0.19007647215362453,0.07012651017794053,0.9659051120448178,-0.03926012387912717,-0.006547650439283653,0.2365954914418837,0.15352029771743161,,0.8377748408025957,0.8623276392138015,0.7480140060328171,0.3108183559378334,,,,,,,,,,
B,bolivia/tile225,204,91,combination conf+dihedral (prereg),0.14650524426528255,0.026555282289598553,0.5,0.004311104009214806,0.03702357744905832,0.28016671933022563,0.1970915256057736,,,,,,,,,,,,,,,
B,bolivia/tile226,187,51,confidence (baseline),0.09104888022659643,0.049196647295518155,-3.1840193107485133,0.0,0.04290228695717007,0.10356618845168206,0.11218470841023384,,,,,,,,,,,,,,,
B,bolivia/tile226,187,51,tile-phase (aligned),0.1339511671837665,0.09209893425268822,0.0814810451979246,-0.04290228695717007,0.0,0.06066390149451198,0.06928242145306376,,,,,,,,,,,,,,,
B,bolivia/tile226,187,51,boundary indicator,0.1946150686782785,0.1527628357472002,0.21122994652406418,-0.10356618845168206,-0.06066390149451198,0.0,0.008618519958551785,,,,,,,,,,,,,,,
B,bolivia/tile226,187,51,control NDWI gradient,0.20323358863683028,0.161381355705752,0.06603207368952393,-0.11218470841023384,-0.06928242145306376,-0.008618519958551785,0.0,,,,,,,,,,,,,,,
B,bolivia/tile226,187,51,constant score,0.2727272727272727,0.23087503979619442,0.0,-0.18167839250067627,-0.1387761055435062,-0.07811220404899422,-0.06949368409044243,,,,,,,,,,,,,,,
B,bolivia/tile226,187,51,control S2 patch variance,0.37063675370187443,0.3287845207707962,97.44073335222866,-0.279587873475278,-0.23668558651810795,-0.17602168502359597,-0.16740316506504418,,,,,,,,,,,,,,,
B,bolivia/tile226,187,51,control NDWI level,0.05283546107637735,0.010983228145299069,-0.22185484652951817,0.038213419150219086,0.08111570610738916,0.14177960760190114,0.15039812756045293,,,,,,,,,,,,,,,
B,bolivia/tile226,187,51,dihedral consistency (8 transforms),0.10479853193080045,0.06294629899972218,0.04695359392383915,-0.013749651704204023,0.029152635252966047,0.08981653674747803,0.09843505670602981,,0.9210761986207102,0.623374526075483,0.3938673662026203,0.16986041936584964,,,,,,,,,,
B,bolivia/tile226,187,51,"boundary first, then confidence",0.11706861751238534,0.07521638458130706,1.8467341482047366,-0.0260197372857889,0.01688254967138117,0.07754645116589315,0.08616497112444493,,0.7696387346353022,0.7213654164479794,0.7849174938241034,0.29294866383565965,,,,,,,,,,
B,bolivia/tile226,187,51,combination conf+dihedral (prereg),0.09605175053111133,0.05419951760003305,0.5,-0.005002870304514892,0.03789941665265518,0.09856331814716715,0.10718183810571894,,,,,,,,,,,,,,,
B,bolivia/tile227,163,22,confidence (baseline),0.030713711412988023,0.02075234870362625,-2.4565873084806955,0.0,-0.002869368973081432,-0.009399712660575989,0.06207681704535963,,,,,,,,,,,,,,,
B,bolivia/tile227,163,22,tile-phase (aligned),0.027844342439906595,0.01788297973054482,0.07075217444156125,0.002869368973081432,0.0,-0.006530343687494557,0.06494618601844107,,,,,,,,,,,,,,,
B,bolivia/tile227,163,22,boundary indicator,0.021313998752412036,0.011352636043050262,0.12883435582822086,0.009399712660575989,0.006530343687494557,0.0,0.07147652970593563,,,,,,,,,,,,,,,
B,bolivia/tile227,163,22,control NDWI gradient,0.09279052845834766,0.08282916574898588,0.04546470339690859,-0.06207681704535963,-0.06494618601844107,-0.07147652970593563,0.0,,,,,,,,,,,,,,,
B,bolivia/tile227,163,22,constant score,0.13496932515337426,0.1250079624440125,0.0,-0.10425561374038625,-0.10712498271346768,-0.11365532640096224,-0.04217879669502661,,,,,,,,,,,,,,,
B,bolivia/tile227,163,22,control S2 patch variance,0.19898116607702585,0.18901980336766408,96.1453121150108,-0.16826745466403784,-0.17113682363711927,-0.17766716732461382,-0.1061906376186782,,,,,,,,,,,,,,,
B,bolivia/tile227,163,22,control NDWI level,0.020645234063007025,0.010683871353645251,-0.24967096311097192,0.010068477349981,0.007199108376899568,0.000668764689405011,0.07214529439534063,,,,,,,,,,,,,,,
B,bolivia/tile227,163,22,dihedral consistency (8 transforms),0.029133798054056668,0.019172435344694892,0.06266874372589536,0.001579913358931359,-0.001289455614150073,-0.00781979930164463,0.06365673040429098,,0.9024417953790989,0.787639727113018,0.6236992026928777,0.17156023298474302,,,,,,,,,,
B,bolivia/tile227,163,22,"boundary first, then confidence",0.023334446333798872,0.013373083624437098,1.2549572743207713,0.007379265079189153,0.004509896106107721,-0.002020447581386836,0.06945608212454879,,0.952427663335938,0.7715929306532332,0.8106721010388154,0.11757582811001936,,,,,,,,,,
B,bolivia/tile227,163,22,combination conf+dihedral (prereg),0.02798389269645175,0.018022529987089975,0.5,0.0027298187165362767,-0.00013955025654515535,-0.006669893944039712,0.06480663576189591,,,,,,,,,,,,,,,
B,bolivia/tile229,225,24,confidence (baseline),0.010388133936221084,0.004248777131816197,-5.70221615129047,0.0,0.003856567122098432,0.06194923569539288,-0.0002762214657835299,,,,,,,,,,,,,,,
B,bolivia/tile229,225,24,tile-phase (aligned),0.014244701058319516,0.00810534425391463,0.03142997750006746,-0.003856567122098432,0.0,0.058092668573294454,-0.004132788587881962,,,,,,,,,,,,,,,
B,bolivia/tile229,225,24,boundary indicator,0.07233736963161397,0.06619801282720908,0.052222222222222225,-0.06194923569539288,-0.058092668573294454,0.0,-0.06222545716117641,,,,,,,,,,,,,,,
B,bolivia/tile229,225,24,control NDWI gradient,0.010111912470437554,0.003972555666032667,0.04944139331753484,0.0002762214657835299,0.004132788587881962,0.06222545716117641,0.0,,,,,,,,,,,,,,,
B,bolivia/tile229,225,24,constant score,0.10666666666666667,0.10052730986226179,0.0,-0.09627853273044559,-0.09242196560834716,-0.034329297035052705,-0.09655475419622912,,,,,,,,,,,,,,,
B,bolivia/tile229,225,24,control S2 patch variance,0.020978588200220135,0.014839231395815248,146.6314349095577,-0.010590454263999051,-0.006733887141900619,0.05135878143139383,-0.01086667572978258,,,,,,,,,,,,,,,
B,bolivia/tile229,225,24,control NDWI level,0.020377459681644793,0.014238102877239906,-0.4521119038802347,-0.00998932574542371,-0.006132758623325277,0.05195990994996917,-0.010265547211207239,,,,,,,,,,,,,,,
B,bolivia/tile229,225,24,dihedral consistency (8 transforms),0.010354093290073358,0.004214736485668471,0.01400752127562656,3.404064614772641e-05,0.0038906077682461584,0.061983276341540605,-0.0002421808196358035,,0.9426906868942271,0.7811662452591661,0.46342870309219525,0.6206026127265064,,,,,,,,,,
B,bolivia/tile229,225,24,"boundary first, then confidence",0.016393213223085328,0.010253856418680441,0.837777777777778,-0.006005079286864244,-0.002148512164765812,0.055944156408528636,-0.006281300752647774,,0.9462821323219557,0.7993763168984414,0.6491214232301818,0.5972134428992836,,,,,,,,,,
B,bolivia/tile229,225,24,combination conf+dihedral (prereg),0.010112921153308148,0.003973564348903261,0.5,0.00027521278291293624,0.004131779905011368,0.06222444847830582,-1.0086828705936635e-06,,,,,,,,,,,,,,,
B,bolivia/tile230,214,14,confidence (baseline),0.007313785901503572,0.004973001546388473,-4.2447681081629245,0.0,-0.002757932095550606,0.0064434004282421355,0.008274041585512037,,,,,,,,,,,,,,,
B,bolivia/tile230,214,14,tile-phase (aligned),0.004555853805952966,0.002215069450837867,0.027990784164247887,0.002757932095550606,0.0,0.009201332523792741,0.011031973681062644,,,,,,,,,,,,,,,
B,bolivia/tile230,214,14,boundary indicator,0.013757186329745708,0.011416401974630608,0.04147196261682243,-0.0064434004282421355,-0.009201332523792741,0.0,0.0018306411572699029,,,,,,,,,,,,,,,
B,bolivia/tile230,214,14,control NDWI gradient,0.01558782748701561,0.013247043131900511,0.027574323869549597,-0.008274041585512037,-0.011031973681062644,-0.0018306411572699029,0.0,,,,,,,,,,,,,,,
B,bolivia/tile230,214,14,constant score,0.06542056074766357,0.06307977639254847,0.0,-0.058106774846159996,-0.0608647069417106,-0.051663374417917865,-0.04983273326064796,,,,,,,,,,,,,,,
B,bolivia/tile230,214,14,control S2 patch variance,0.1131632357375889,0.11082245138247379,74.46069587730591,-0.10584944983608532,-0.10860738193163592,-0.09940604940784319,-0.09757540825057329,,,,,,,,,,,,,,,
B,bolivia/tile230,214,14,control NDWI level,0.003785795288189711,0.001445010933074612,-0.3285278233592514,0.003527990613313861,0.0007700585177632551,0.009971391041555996,0.011802032198825899,,,,,,,,,,,,,,,
B,bolivia/tile230,214,14,dihedral consistency (8 transforms),0.008326430683666996,0.0059856463285518965,0.025718324535960718,-0.0010126447821634235,-0.0037705768777140294,0.005430755646078712,0.007261396803348615,,0.926919744942159,0.9016037542359127,0.4626001796795182,0.5473855959053605,,,,,,,,,,
B,bolivia/tile230,214,14,"boundary first, then confidence",0.0058814585001558915,0.0035406741450407925,0.7733227636849132,0.0014323274013476805,-0.0013256046942029254,0.007875727829589816,0.009706368986859719,,0.9866018103841478,0.9142023626217199,0.6092923177746665,0.5310388739741205,,,,,,,,,,
B,bolivia/tile230,214,14,combination conf+dihedral (prereg),0.007512130120657948,0.005171345765542849,0.5,-0.00019834421915437567,-0.0029562763147049816,0.00624505620908776,0.008075697366357663,,,,,,,,,,,,,,,
B,bolivia/tile231,60,5,confidence (baseline),0.006807852055139324,0.002544536328651861,-2.3994266271591185,0.0,0.004807599434585552,0.001593889442198738,0.03163043544674383,,,,,,,,,,,,,,,
B,bolivia/tile231,60,5,tile-phase (aligned),0.011615451489724876,0.007352135763237413,0.07135786399400483,-0.004807599434585552,0.0,-0.0032137099923868137,0.026822836012158277,,,,,,,,,,,,,,,
B,bolivia/tile231,60,5,boundary indicator,0.008401741497338062,0.004138425770850599,0.175,-0.001593889442198738,0.0032137099923868137,0.0,0.03003654600454509,,,,,,,,,,,,,,,
B,bolivia/tile231,60,5,control NDWI gradient,0.038438287501883155,0.03417497177539569,0.05731250107865195,-0.03163043544674383,-0.026822836012158277,-0.03003654600454509,0.0,,,,,,,,,,,,,,,
B,bolivia/tile231,60,5,constant score,0.0833333333333333,0.07907001760684584,0.0,-0.07652548127819399,-0.07171788184360843,-0.07493159183599525,-0.04489504583145015,,,,,,,,,,,,,,,
B,bolivia/tile231,60,5,control S2 patch variance,0.08353533729132877,0.07927202156484131,103.10233977465597,-0.07672748523618945,-0.0719198858016039,-0.07513359579399072,-0.04509704978944562,,,,,,,,,,,,,,,
B,bolivia/tile231,60,5,control NDWI level,0.031850322747414915,0.02758700702092745,-0.18093360326908448,-0.025042470692275588,-0.020234871257690037,-0.02344858125007685,0.00658796475446824,,,,,,,,,,,,,,,
B,bolivia/tile231,60,5,dihedral consistency (8 transforms),0.016729483662681975,0.012466167936194511,0.07088331977526346,-0.00992163160754265,-0.005114032172957098,-0.008327742165343911,0.02170880383920118,,0.8552931369824949,0.45518199499861073,0.2658982721928577,0.19344262295081974,,,,,,,,,,
B,bolivia/tile231,60,5,"boundary first, then confidence",0.0064677160007175554,0.002204400274230092,1.595610119047619,0.00034013605442176874,0.00514773548900732,0.0019340254966205067,0.0319705715011656,,0.7834398444012224,0.7766601833842737,0.8481488285612403,0.5507085301472632,,,,,,,,,,
B,bolivia/tile231,60,5,combination conf+dihedral (prereg),0.009707825521066759,0.005444509794579296,0.5000000000000001,-0.002899973465927435,0.0019076259686581169,-0.0013060840237286968,0.028730461980816396,,,,,,,,,,,,,,,
B,bolivia/tile232,157,36,confidence (baseline),0.08186385698699429,0.05256905682030434,-4.038939208456665,0.0,-0.006145464672186518,0.022969546251889225,0.05284499460678101,,,,,,,,,,,,,,,
B,bolivia/tile232,157,36,tile-phase (aligned),0.07571839231480777,0.04642359214811782,0.04927685162597792,0.006145464672186518,0.0,0.029115010924075743,0.058990459278967525,,,,,,,,,,,,,,,
B,bolivia/tile232,157,36,boundary indicator,0.10483340323888352,0.07553860307219357,0.12738853503184713,-0.022969546251889225,-0.029115010924075743,0.0,0.02987544835489178,,,,,,,,,,,,,,,
B,bolivia/tile232,157,36,control NDWI gradient,0.1347088515937753,0.10541405142708535,0.04378196942006404,-0.05284499460678101,-0.058990459278967525,-0.02987544835489178,0.0,,,,,,,,,,,,,,,
B,bolivia/tile232,157,36,constant score,0.22929936305732485,0.2000045628906349,0.0,-0.14743550607033057,-0.1535809707425171,-0.12446595981844133,-0.09459051146354955,,,,,,,,,,,,,,,
B,bolivia/tile232,157,36,control S2 patch variance,0.4741538997450198,0.44485909957832986,105.75710341385094,-0.39229004275802554,-0.39843550743021205,-0.3693204965061363,-0.33944504815124454,,,,,,,,,,,,,,,
B,bolivia/tile232,157,36,control NDWI level,0.03387711679813894,0.004582316631448997,-0.2650751864902128,0.04798674018885535,0.04184127551666883,0.07095628644074457,0.10083173479563635,,,,,,,,,,,,,,,
B,bolivia/tile232,157,36,dihedral consistency (8 transforms),0.11319570584905987,0.08390090568236992,0.03645812970085656,-0.03133184886206558,-0.0374773135342521,-0.008362302610176356,0.021513145744715426,,0.9221714349506015,0.8206079174393293,0.6032427632162023,0.3944269066416937,,,,,,,,,,
B,bolivia/tile232,157,36,"boundary first, then confidence",0.07279671553189557,0.04350191536520562,1.3666685623293904,0.009067141455098723,0.0029216767829122053,0.03203668770698795,0.06191213606187973,,0.9480987850333977,0.9106171583797972,0.8458799854757871,0.48976674377787033,,,,,,,,,,
B,bolivia/tile232,157,36,combination conf+dihedral (prereg),0.09499994538122411,0.06570514521453416,0.5,-0.01313608839422982,-0.019281553066416338,0.009833457857659406,0.03970890621255119,,,,,,,,,,,,,,,
B,bolivia/tile233,224,20,confidence (baseline),0.016651729799900483,0.012342545273529291,-4.922024294201817,0.0,3.294112091357243e-05,-0.003823200359426784,0.030770457408680722,,,,,,,,,,,,,,,
B,bolivia/tile233,224,20,tile-phase (aligned),0.016684670920814056,0.012375486394442864,0.03717304721353847,-3.294112091357243e-05,0.0,-0.0038561414803403565,0.03073751628776715,,,,,,,,,,,,,,,
B,bolivia/tile233,224,20,boundary indicator,0.0128285294404737,0.008519344914102507,0.08370535714285714,0.003823200359426784,0.0038561414803403565,0.0,0.03459365776810751,,,,,,,,,,,,,,,
B,bolivia/tile233,224,20,control NDWI gradient,0.047422187208581205,0.043113002682210015,0.03422229227924375,-0.030770457408680722,-0.03073751628776715,-0.03459365776810751,0.0,,,,,,,,,,,,,,,
B,bolivia/tile233,224,20,constant score,0.08928571428571427,0.08497652975934308,0.0,-0.07263398448581379,-0.07260104336490023,-0.07645718484524058,-0.04186352707713307,,,,,,,,,,,,,,,
B,bolivia/tile233,224,20,control S2 patch variance,0.24066063909606367,0.23635145456969248,83.27686464074773,-0.22400890929616318,-0.22397596817524962,-0.22783210965558998,-0.19323845188748245,,,,,,,,,,,,,,,
B,bolivia/tile233,224,20,control NDWI level,0.008803815206941623,0.004494630680570431,-0.30570745026496293,0.00784791459295886,0.007880855713872432,0.004024714233532076,0.03861837200163958,,,,,,,,,,,,,,,
B,bolivia/tile233,224,20,dihedral consistency (8 transforms),0.023232335335166526,0.018923150808795336,0.03218923571594701,-0.006580605535266045,-0.006547664414352472,-0.010403805894692829,0.02418985187341468,,0.9728496690155887,0.930262652146061,0.6624193375148942,0.6741319666880207,,,,,,,,,,
B,bolivia/tile233,224,20,"boundary first, then confidence",0.013463370777792704,0.009154186251421512,1.0364716198979593,0.003188359022107779,0.0032213001430213516,-0.0006348413373190049,0.033958816430788505,,0.9889525944907114,0.952459961563101,0.769356447285241,0.6377898782831523,,,,,,,,,,
B,bolivia/tile233,224,20,combination conf+dihedral (prereg),0.019425556515280974,0.015116371988909782,0.5,-0.002773826715380491,-0.0027408855944669186,-0.006597027074807275,0.02799663069330023,,,,,,,,,,,,,,,
B,bolivia/tile234,225,3,confidence (baseline),0.00034092478874867715,0.00022205274566138743,-7.94174446688758,0.0,6.222731742448539e-05,0.008756612819327046,-1.7674824928197712e-05,,,,,,,,,,,,,,,
B,bolivia/tile234,225,3,tile-phase (aligned),0.00040315210617316254,0.0002842800630858728,0.0052807569308828935,-6.222731742448539e-05,0.0,0.00869438550190256,-7.99021423526831e-05,,,,,,,,,,,,,,,
B,bolivia/tile234,225,3,boundary indicator,0.009097537608075723,0.008978665564988433,0.005555555555555556,-0.008756612819327046,-0.00869438550190256,0.0,-0.008774287644255243,,,,,,,,,,,,,,,
B,bolivia/tile234,225,3,control NDWI gradient,0.00032324996382047944,0.00020437792073318972,0.018727492876839228,1.7674824928197712e-05,7.99021423526831e-05,0.008774287644255243,0.0,,,,,,,,,,,,,,,
B,bolivia/tile234,225,3,constant score,0.013333333333333334,0.013214461290246044,0.0,-0.012992408544584657,-0.012930181227160172,-0.0042357957252576114,-0.013010083369512855,,,,,,,,,,,,,,,
B,bolivia/tile234,225,3,control S2 patch variance,0.004209591763360528,0.004090719720273238,58.65514575791207,-0.0038686669746118506,-0.0038064396571873653,0.004887945844715195,-0.0038863417995400485,,,,,,,,,,,,,,,
B,bolivia/tile234,225,3,control NDWI level,0.00034215554144834603,0.00022328349836105632,-0.4915343876742223,-1.230752699668883e-06,6.099656472481651e-05,0.008755382066627376,-1.8905577627866595e-05,,,,,,,,,,,,,,,
B,bolivia/tile234,225,3,dihedral consistency (8 transforms),0.00021988631836174287,0.00010101427527445315,0.0030601681770955715,0.00012103847038693428,0.00018326578781141967,0.00887765128971398,0.00010336364545873657,,0.8550505689001265,0.7293152128107879,0.22627407454366769,0.5177855035819638,,,,,,,,,,
B,bolivia/tile234,225,3,"boundary first, then confidence",0.0004230414257020355,0.0003041693826147458,0.5355555555555556,-8.211663695335835e-05,-1.9889319528872964e-05,0.008674496182373688,-9.979146188155607e-05,,0.9998251158870629,0.7580141171512846,0.2288838139766788,0.42412873999157175,,,,,,,,,,
B,bolivia/tile234,225,3,combination conf+dihedral (prereg),0.0002799471908731561,0.0001610751477858664,0.5,6.0977597875521046e-05,0.00012320491530000644,0.008817590417202566,4.3302772947323334e-05,,,,,,,,,,,,,,,
B,bolivia/tile235,198,22,confidence (baseline),0.03651160626660486,0.02981644511891254,-4.645500764401272,0.0,0.0080678681138639,0.03524339295858636,-0.012318441793925782,,,,,,,,,,,,,,,
B,bolivia/tile235,198,22,tile-phase (aligned),0.04457947438046876,0.03788431323277644,0.04692764159650746,-0.0080678681138639,0.0,0.027175524844722465,-0.020386309907789682,,,,,,,,,,,,,,,
B,bolivia/tile235,198,22,boundary indicator,0.07175499922519123,0.0650598380774989,0.08838383838383838,-0.03524339295858636,-0.027175524844722465,0.0,-0.04756183475251215,,,,,,,,,,,,,,,
B,bolivia/tile235,198,22,control NDWI gradient,0.024193164472679076,0.017498003324986758,0.05084814453360783,0.012318441793925782,0.020386309907789682,0.04756183475251215,0.0,,,,,,,,,,,,,,,
B,bolivia/tile235,198,22,constant score,0.11111111111111113,0.10441594996341881,0.0,-0.07459950484450627,-0.06653163673064237,-0.039356111885919906,-0.08691794663843205,,,,,,,,,,,,,,,
B,bolivia/tile235,198,22,control S2 patch variance,0.055657966777101844,0.04896280562940952,131.69186861510144,-0.019146360510496983,-0.011078492396633083,0.016097032448089382,-0.031464802304422765,,,,,,,,,,,,,,,
B,bolivia/tile235,198,22,control NDWI level,0.060977761560990745,0.054282600413298424,-0.3130070053629875,-0.024466155294385884,-0.016398287180521984,0.010777237664200481,-0.036784597088311666,,,,,,,,,,,,,,,
B,bolivia/tile235,198,22,dihedral consistency (8 transforms),0.03678120645402473,0.030086045306332413,0.025571770574047012,-0.00026960018741987307,0.007798267926444027,0.034973792771166495,-0.012588041981345655,,0.9675086708732095,0.8393784025495887,0.4214483012173082,0.2363617812180425,,,,,,,,,,
B,bolivia/tile235,198,22,"boundary first, then confidence",0.038534335198199925,0.03183917405050761,1.0331439393939394,-0.00202272893159507,0.00604513918226883,0.033220664026991295,-0.014341170725520852,,0.8314368334519859,0.9092741047183323,0.7639037831577961,0.3923980771415917,,,,,,,,,,
B,bolivia/tile235,198,22,combination conf+dihedral (prereg),0.035916652527779924,0.029221491380087606,0.5,0.000594953738824934,0.008662821852688834,0.0358383466974113,-0.011723488055100848,,,,,,,,,,,,,,,
B,bolivia/tile236,54,7,confidence (baseline),0.02688572976891067,0.016902913928794883,-2.8110595764937223,0.0,0.001510535638778978,0.013080879818077824,0.002031365865726713,,,,,,,,,,,,,,,
B,bolivia/tile236,54,7,tile-phase (aligned),0.028396265407689646,0.01841344956757386,0.04014044116182184,-0.001510535638778978,0.0,0.011570344179298846,0.0005208302269477348,,,,,,,,,,,,,,,
B,bolivia/tile236,54,7,boundary indicator,0.03996660958698849,0.029983793746872708,0.09259259259259259,-0.013080879818077824,-0.011570344179298846,0.0,-0.011049513952351112,,,,,,,,,,,,,,,
B,bolivia/tile236,54,7,control NDWI gradient,0.02891709563463738,0.018934279794521596,0.024297179432525635,-0.002031365865726713,-0.0005208302269477348,0.011049513952351112,0.0,,,,,,,,,,,,,,,
B,bolivia/tile236,54,7,constant score,0.12962962962962965,0.11964681378951386,0.0,-0.10274389986071898,-0.10123336422194,-0.08966302004264115,-0.10071253399499226,,,,,,,,,,,,,,,
B,bolivia/tile236,54,7,control S2 patch variance,0.07464890309027027,0.06466608725015448,56.645741840447876,-0.0477631733213596,-0.046252637682580616,-0.034682293503281766,-0.04573180745563288,,,,,,,,,,,,,,,
B,bolivia/tile236,54,7,control NDWI level,0.011140558290918012,0.001157742450802227,-0.25927824801083926,0.015745171477992655,0.017255707116771636,0.02882605129607048,0.017776537343719367,,,,,,,,,,,,,,,
B,bolivia/tile236,54,7,dihedral consistency (8 transforms),0.02202775347755675,0.012044937637440967,0.04320470501530777,0.004857976291353917,0.006368511930132895,0.01793885610943174,0.0068893421570806294,,0.857137411854393,0.7490375452639604,0.7039473827615904,0.33257099294835135,,,,,,,,,,
B,bolivia/tile236,54,7,"boundary first, then confidence",0.02678023423845171,0.016797418398335925,0.9304728835978837,0.0001054955304589586,0.0016160311692379366,0.013186375348536783,0.0021368613961856714,,0.9968744044215744,0.8630074328187537,0.7817286860759294,0.40796645702306084,,,,,,,,,,
B,bolivia/tile236,54,7,combination conf+dihedral (prereg),0.023767186884909575,0.01378437104479379,0.5000000000000001,0.003118542884001093,0.004629078522780071,0.016199422702078917,0.005149908749727806,,,,,,,,,,,,,,,
B,bolivia/tile238,222,7,confidence (baseline),0.006304751455410297,0.005731415180231423,-5.386425680136895,0.0,-0.0007046834012168195,0.013953109123441616,-0.005096584978728039,,,,,,,,,,,,,,,
B,bolivia/tile238,222,7,tile-phase (aligned),0.0056000680541934775,0.005026731779014603,0.022384231266957474,0.0007046834012168195,0.0,0.014657792524658438,-0.0043919015775112195,,,,,,,,,,,,,,,
B,bolivia/tile238,222,7,boundary indicator,0.020257860578851913,0.01968452430367304,0.02364864864864865,-0.013953109123441616,-0.014657792524658438,0.0,-0.019049694102169657,,,,,,,,,,,,,,,
B,bolivia/tile238,222,7,control NDWI gradient,0.0012081664766822578,0.0006348302015033837,0.036858525264098684,0.005096584978728039,0.0043919015775112195,0.019049694102169657,0.0,,,,,,,,,,,,,,,
B,bolivia/tile238,222,7,constant score,0.031531531531531536,0.030958195256352662,0.0,-0.02522678007612124,-0.02593146347733806,-0.011273670952679622,-0.03032336505484928,,,,,,,,,,,,,,,
B,bolivia/tile238,222,7,control S2 patch variance,0.001535059491488897,0.0009617232163100229,95.33488184429066,0.0047696919639214,0.00406500856270458,0.018722801087363017,-0.0003268930148066392,,,,,,,,,,,,,,,
B,bolivia/tile238,222,7,control NDWI level,0.016592724222739903,0.01601938794756103,-0.36649170050238045,-0.010287972767329606,-0.010992656168546427,0.003665136356112011,-0.015384557746057646,,,,,,,,,,,,,,,
B,bolivia/tile238,222,7,dihedral consistency (8 transforms),0.006664058614614739,0.006090722339435865,0.016484184340033854,-0.00035930715920444185,-0.0010639905604212614,0.013593801964237175,-0.005455892137932481,,0.9524664773939372,0.7113537862680575,0.10544223995636505,0.6434612889374166,,,,,,,,,,
B,bolivia/tile238,222,7,"boundary first, then confidence",0.006520966787969638,0.005947630512790764,0.6617197554697555,-0.0002162153325593408,-0.0009208987337761603,0.013736893790882276,-0.00531280031128738,,0.8724663019044445,0.8023253454538081,0.47278143647046683,0.684161689437342,,,,,,,,,,
B,bolivia/tile238,222,7,combination conf+dihedral (prereg),0.006302882503931205,0.005729546228752331,0.5,1.8689514790920514e-06,-0.0007028144497377275,0.013954978074920708,-0.005094716027248947,,,,,,,,,,,,,,,
B,bolivia/tile239,225,3,confidence (baseline),0.001115151150760468,0.0009962791076731782,-4.804165080123478,0.0,-0.0003712795252730455,0.012218182182572866,-0.0009962791076731782,,,,,,,,,,,,,,,
B,bolivia/tile239,225,3,tile-phase (aligned),0.0007438716254874224,0.0006249995824001327,0.013292992915440765,0.0003712795252730455,0.0,0.012589461707845912,-0.0006249995824001327,,,,,,,,,,,,,,,
B,bolivia/tile239,225,3,boundary indicator,0.013333333333333334,0.013214461290246044,0.0,-0.012218182182572866,-0.012589461707845912,0.0,-0.013214461290246044,,,,,,,,,,,,,,,
B,bolivia/tile239,225,3,control NDWI gradient,0.00011887204308728971,0.0,0.030921428263505944,0.0009962791076731782,0.0006249995824001327,0.013214461290246044,0.0,,,,,,,,,,,,,,,
B,bolivia/tile239,225,3,constant score,0.013333333333333334,0.013214461290246044,0.0,-0.012218182182572866,-0.012589461707845912,0.0,-0.013214461290246044,,,,,,,,,,,,,,,
B,bolivia/tile239,225,3,control S2 patch variance,0.0002799471908731561,0.0001610751477858664,93.4922835229561,0.0008352039598873119,0.0004639244346142663,0.013053386142460177,-0.0001610751477858664,,,,,,,,,,,,,,,
B,bolivia/tile239,225,3,control NDWI level,0.0027404883298801806,0.002621616286792891,-0.36572481558273445,-0.0016253371791197127,-0.001996616704392758,0.010592845003453154,-0.002621616286792891,,,,,,,,,,,,,,,
B,bolivia/tile239,225,3,dihedral consistency (8 transforms),0.00019877418543997284,7.990214235268313e-05,0.01385434369354496,0.0009163769653204951,0.0005450974400474496,0.013134559147893361,-7.990214235268313e-05,,0.9283417614833535,0.7479298356510743,nan,0.4787189211967976,,,,,,,,,,
B,bolivia/tile239,225,3,"boundary first, then confidence",0.001115151150760468,0.0009962791076731782,0.5,0.0,-0.0003712795252730455,0.012218182182572866,-0.0009962791076731782,,1.0,0.7757195533080484,nan,0.41526232616940567,,,,,,,,,,
B,bolivia/tile239,225,3,combination conf+dihedral (prereg),0.0006024841397451544,0.00048361209665786467,0.5,0.0005126670110153135,0.000141387485742268,0.01273084919358818,-0.00048361209665786467,,,,,,,,,,,,,,,
B,bolivia/tile240,135,33,confidence (baseline),0.1229325467856581,0.08936905655865385,-1.9968831850422752,0.0,-0.013267904786215215,0.0444620849018981,0.08583359944245858,,,,,,,,,,,,,,,
B,bolivia/tile240,135,33,tile-phase (aligned),0.10966464199944288,0.07610115177243863,0.07830702542430824,0.013267904786215215,0.0,0.05772998968811331,0.0991015042286738,,,,,,,,,,,,,,,
B,bolivia/tile240,135,33,boundary indicator,0.1673946316875562,0.13383114146055194,0.1814814814814815,-0.0444620849018981,-0.05772998968811331,0.0,0.04137151454056048,,,,,,,,,,,,,,,
B,bolivia/tile240,135,33,control NDWI gradient,0.20876614622811668,0.17520265600111243,0.0408541266598679,-0.08583359944245858,-0.0991015042286738,-0.04137151454056048,0.0,,,,,,,,,,,,,,,
B,bolivia/tile240,135,33,constant score,0.24444444444444444,0.2108809542174402,0.0,-0.12151189765878634,-0.13477980244500154,-0.07704981275688824,-0.03567829821632776,,,,,,,,,,,,,,,
B,bolivia/tile240,135,33,control S2 patch variance,0.3131307702564361,0.2795672800294319,89.80416685898149,-0.19019822347077803,-0.20346612825699323,-0.14573613856887993,-0.10436462402831945,,,,,,,,,,,,,,,
B,bolivia/tile240,135,33,control NDWI level,0.09005091413623369,0.05648742390922944,-0.24314063650702297,0.03288163264942441,0.019613727863209196,0.07734371755132251,0.11871523209188299,,,,,,,,,,,,,,,
B,bolivia/tile240,135,33,dihedral consistency (8 transforms),0.10298506064465435,0.0694215704176501,0.06534029181024784,0.01994748614100375,0.006679581354788536,0.06440957104290185,0.10578108558346233,,0.8541556921275976,0.7755438493805487,0.6124599939371063,0.22765096088186518,,,,,,,,,,
B,bolivia/tile240,135,33,"boundary first, then confidence",0.12714197491295998,0.09357848468595573,1.5610119047619049,-0.0042094281273018785,-0.017477332913517094,0.04025265677459622,0.0816241713151567,,0.8906253048483077,0.7275875524339093,0.8736325140461498,0.10553116769095705,,,,,,,,,,
B,bolivia/tile240,135,33,combination conf+dihedral (prereg),0.10920584570663598,0.07564235547963173,0.5,0.013726701079022116,0.00045879629280690115,0.05818878598092021,0.0995603005214807,,,,,,,,,,,,,,,
B,bolivia/tile241,149,15,confidence (baseline),0.06368509520367018,0.058101572665434205,-4.247255767151813,0.0,-0.020267156906973033,0.0006487000453108127,-0.04517667161365813,,,,,,,,,,,,,,,
B,bolivia/tile241,149,15,tile-phase (aligned),0.04341793829669714,0.03783441575846117,0.03423455643071871,0.020267156906973033,0.0,0.020915856952283846,-0.0249095147066851,,,,,,,,,,,,,,,
B,bolivia/tile241,149,15,boundary indicator,0.06433379524898099,0.05875027271074502,0.05956375838926174,-0.0006487000453108127,-0.020915856952283846,0.0,-0.045825371658968946,,,,,,,,,,,,,,,
B,bolivia/tile241,149,15,control NDWI gradient,0.018508423590012042,0.012924901051776074,0.032202648948025714,0.04517667161365813,0.0249095147066851,0.045825371658968946,0.0,,,,,,,,,,,,,,,
B,bolivia/tile241,149,15,constant score,0.1006711409395973,0.09508761840136133,0.0,-0.03698604573592713,-0.05725320264290016,-0.036337345690616314,-0.08216271734958526,,,,,,,,,,,,,,,
B,bolivia/tile241,149,15,control S2 patch variance,0.060740726433532205,0.055157203895296235,82.27796198614787,0.00294436877013797,-0.017322788136835063,0.0035930688154487828,-0.04223230284352016,,,,,,,,,,,,,,,
B,bolivia/tile241,149,15,control NDWI level,0.0520598402409779,0.04647631770274193,-0.2796312197263729,0.011625254962692275,-0.008641901944280758,0.012273955008003087,-0.03355141665096586,,,,,,,,,,,,,,,
B,bolivia/tile241,149,15,dihedral consistency (8 transforms),0.051977632027981495,0.046394109489745525,0.025548970724273184,0.01170746317568868,-0.008559693731284353,0.012356163220999493,-0.03346920843796945,,0.893781969889352,0.844375113368402,0.5642564428610216,0.48538363867222917,,,,,,,,,,
B,bolivia/tile241,149,15,"boundary first, then confidence",0.06461755448578956,0.059034031947553585,1.0205237296260785,-0.00093245928211938,-0.021199616189092413,-0.0002837592368085673,-0.04610913089577751,,0.9631198984219115,0.8910828949755121,0.6960443346398022,0.3750625793578818,,,,,,,,,,
B,bolivia/tile241,149,15,combination conf+dihedral (prereg),0.05798856927999224,0.05240504674175627,0.5,0.005696525923677934,-0.0145706309832951,0.006345225968988746,-0.0394801456899802,,,,,,,,,,,,,,,
B,bolivia/tile242,69,16,confidence (baseline),0.09572991724941156,0.06481507537564549,-3.6935476159703904,0.0,0.021648127433352926,0.13615414072160284,-0.027442650770643444,,,,,,,,,,,,,,,
B,bolivia/tile242,69,16,tile-phase (aligned),0.1173780446827645,0.08646320280899841,0.029898766483909087,-0.021648127433352926,0.0,0.11450601328824991,-0.04909077820399637,,,,,,,,,,,,,,,
B,bolivia/tile242,69,16,boundary indicator,0.2318840579710144,0.20096921609724833,0.0,-0.13615414072160284,-0.11450601328824991,0.0,-0.1635967914922463,,,,,,,,,,,,,,,
B,bolivia/tile242,69,16,control NDWI gradient,0.06828726647876812,0.03737242460500204,0.03302345126596816,0.027442650770643444,0.04909077820399637,0.1635967914922463,0.0,,,,,,,,,,,,,,,
B,bolivia/tile242,69,16,constant score,0.2318840579710144,0.20096921609724833,0.0,-0.13615414072160284,-0.11450601328824991,0.0,-0.1635967914922463,,,,,,,,,,,,,,,
B,bolivia/tile242,69,16,control S2 patch variance,0.24165290738990558,0.2107380655161395,95.35104131131288,-0.145922990140494,-0.12427486270714108,-0.009768849418891168,-0.17336564091113746,,,,,,,,,,,,,,,
B,bolivia/tile242,69,16,control NDWI level,0.07158478067587028,0.0406699388021042,-0.247161732801648,0.02414513657354129,0.045793264006894215,0.16029927729514412,-0.0032975141971021554,,,,,,,,,,,,,,,
B,bolivia/tile242,69,16,dihedral consistency (8 transforms),0.11113222919733622,0.08021738732357014,0.034753228940130415,-0.015402311947924657,0.006245815485428269,0.12075182877367818,-0.0428449627185681,,0.9217756667884542,0.7983193277310929,nan,0.08717573986116187,,,,,,,,,,
B,bolivia/tile242,69,16,"boundary first, then confidence",0.09572991724941156,0.06481507537564549,0.64550983436853,0.0,0.021648127433352926,0.13615414072160284,-0.027442650770643444,,1.0,0.8132626963829008,nan,0.15688710266715386,,,,,,,,,,
B,bolivia/tile242,69,16,combination conf+dihedral (prereg),0.1013691928724003,0.07045435099863423,0.4999999999999999,-0.005639275622988743,0.016008851810364183,0.1305148650986141,-0.03308192639363219,,,,,,,,,,,,,,,
B,bolivia/tile243,225,8,confidence (baseline),0.005082145476608792,0.004363525943823043,-7.1239978730678555,0.0,-0.001778449055248029,-0.0034285484648529842,-0.0020001384925484172,,,,,,,,,,,,,,,
B,bolivia/tile243,225,8,tile-phase (aligned),0.003303696421360763,0.0025850768885750143,0.05929344802150202,0.001778449055248029,0.0,-0.0016500994096049556,-0.00022168943730038835,,,,,,,,,,,,,,,
B,bolivia/tile243,225,8,boundary indicator,0.0016535970117558074,0.0009349774789700587,0.1411111111111111,0.0034285484648529842,0.0016500994096049556,0.0,0.0014284099723045672,,,,,,,,,,,,,,,
B,bolivia/tile243,225,8,control NDWI gradient,0.0030820069840603744,0.002363387451274626,0.07326629624938984,0.0020001384925484172,0.00022168943730038835,-0.0014284099723045672,0.0,,,,,,,,,,,,,,,
B,bolivia/tile243,225,8,constant score,0.035555555555555556,0.034836936022769806,0.0,-0.03047341007894676,-0.03225185913419479,-0.033901958543799744,-0.03247354857149518,,,,,,,,,,,,,,,
B,bolivia/tile243,225,8,control S2 patch variance,0.0073338058731319275,0.006615186340346179,103.49050736301741,-0.0022516603965231355,-0.004030109451771164,-0.00568020886137612,-0.004251798889071553,,,,,,,,,,,,,,,
B,bolivia/tile243,225,8,control NDWI level,0.002749350702824996,0.0020307311700392475,-0.39911771398186147,0.0023327947737837957,0.0005543457185357668,-0.0010957536910691887,0.0003326562812353785,,,,,,,,,,,,,,,
B,bolivia/tile243,225,8,dihedral consistency (8 transforms),0.0037928688321822303,0.003074249299396482,0.01257452718872931,0.0012892766444265614,-0.0004891724108214675,-0.002139271820426423,-0.0007108618481218559,,0.9595206489675507,0.8683881163084708,0.6433770985496771,0.8891519174041291,,,,,,,,,,
B,bolivia/tile243,225,8,"boundary first, then confidence",0.003857158308385811,0.0031385387756000622,1.3977777777777776,0.001224987168222981,-0.0005534618870250479,-0.0022035612966300033,-0.0007751513243254363,,0.8870701643489255,0.9040139064475349,0.8767792213118484,0.8467646439106613,,,,,,,,,,
B,bolivia/tile243,225,8,combination conf+dihedral (prereg),0.004277925369514915,0.0035593058367291664,0.5,0.0008042201070938768,-0.0009742289481541521,-0.0026243283577591075,-0.0011959183854545405,,,,,,,,,,,,,,,
B,bolivia/tile244,225,22,confidence (baseline),0.01096669594218216,0.005805608677480254,-7.021475698947906,0.0,-0.0006412691568357075,0.006747514987935343,0.0003031186134399254,,,,,,,,,,,,,,,
B,bolivia/tile244,225,22,tile-phase (aligned),0.010325426785346453,0.005164339520644546,0.031157567029281887,0.0006412691568357075,0.0,0.007388784144771051,0.0009443877702756329,,,,,,,,,,,,,,,
B,bolivia/tile244,225,22,boundary indicator,0.017714210930117505,0.012553123665415597,0.08222222222222222,-0.006747514987935343,-0.007388784144771051,0.0,-0.006444396374495418,,,,,,,,,,,,,,,
B,bolivia/tile244,225,22,control NDWI gradient,0.011269814555622086,0.006108727290920179,0.04622379798097081,-0.0003031186134399254,-0.0009443877702756329,0.006444396374495418,0.0,,,,,,,,,,,,,,,
B,bolivia/tile244,225,22,constant score,0.09777777777777774,0.09261669051307583,0.0,-0.08681108183559558,-0.08745235099243129,-0.08006356684766024,-0.08650796322215565,,,,,,,,,,,,,,,
B,bolivia/tile244,225,22,control S2 patch variance,0.02610117427324503,0.02094008700854312,63.86805425833912,-0.015134478331062868,-0.015775747487898575,-0.008386963343127524,-0.014831359717622943,,,,,,,,,,,,,,,
B,bolivia/tile244,225,22,control NDWI level,0.04190537374683624,0.03674428648213433,-0.2778313459208714,-0.03093867780465408,-0.03157994696148979,-0.024191162816718736,-0.030635559191214155,,,,,,,,,,,,,,,
B,bolivia/tile244,225,22,dihedral consistency (8 transforms),0.010301029458136435,0.005139942193434528,0.011082188977912261,0.0006656664840457259,2.4397327210018416e-05,0.007413181471981069,0.0009687850974856513,,0.9413369152970918,0.8674325747998316,0.6450703767907388,0.649769279393173,,,,,,,,,,
B,bolivia/tile244,225,22,"boundary first, then confidence",0.009938952475892436,0.004777865211190529,1.0333333333333334,0.001027743466289725,0.00038647430945401746,0.007775258454225068,0.0013308620797296503,,0.9426906868942259,0.9112052254530117,0.7682721928472257,0.6707616940581541,,,,,,,,,,
B,bolivia/tile244,225,22,combination conf+dihedral (prereg),0.010376019956345645,0.005214932691643738,0.5,0.0005906759858365154,-5.0593170999192055e-05,0.007338190973771859,0.0008937945992764408,,,,,,,,,,,,,,,
B,bolivia/tile245,225,7,confidence (baseline),0.0028872783728763167,0.002329197715771535,-7.026549095180299,0.0,-0.0006346392893697393,-5.48206792396126e-05,0.00017858256973418305,,,,,,,,,,,,,,,
B,bolivia/tile245,225,7,tile-phase (aligned),0.0022526390835065774,0.0016945584264017955,0.04986655696713165,0.0006346392893697393,0.0,0.0005798186101301267,0.0008132218591039224,,,,,,,,,,,,,,,
B,bolivia/tile245,225,7,boundary indicator,0.002832457693636704,0.002274377036531922,0.11666666666666667,5.48206792396126e-05,-0.0005798186101301267,0.0,0.00023340324897379566,,,,,,,,,,,,,,,
B,bolivia/tile245,225,7,control NDWI gradient,0.0030658609426104998,0.002507780285505718,0.07575187734147533,-0.00017858256973418305,-0.0008132218591039224,-0.00023340324897379566,0.0,,,,,,,,,,,,,,,
B,bolivia/tile245,225,7,constant score,0.031111111111111103,0.03055303045400632,0.0,-0.028223832738234787,-0.028858472027604526,-0.0282786534174744,-0.028045250168500603,,,,,,,,,,,,,,,
B,bolivia/tile245,225,7,control S2 patch variance,0.00386178465648594,0.003303703999381158,84.66472897511863,-0.0009745062836096232,-0.0016091455729793625,-0.0010293269628492358,-0.0007959237138754401,,,,,,,,,,,,,,,
B,bolivia/tile245,225,7,control NDWI level,0.0028947838644941045,0.0023367032073893226,-0.3298268926578565,-7.50549161778781e-06,-0.0006421447809875271,-6.232617085740041e-05,0.00017107707811639524,,,,,,,,,,,,,,,
B,bolivia/tile245,225,7,dihedral consistency (8 transforms),0.0031218097371466685,0.0025637290800418866,0.011369044729257843,-0.0002345313642703518,-0.0008691706536400911,-0.0002893520435099644,-5.594879453616874e-05,,0.9346892119679724,0.853195322376738,0.664809201956099,0.6358902233459753,,,,,,,,,,
B,bolivia/tile245,225,7,"boundary first, then confidence",0.0024348637878960164,0.0018767831307912345,1.211111111111111,0.00045241458498030025,-0.00018222470438943907,0.00039759390574068765,0.0006309971547144833,,0.957708596713022,0.8981373788453438,0.8409525527268259,0.6018721028234305,,,,,,,,,,
B,bolivia/tile245,225,7,combination conf+dihedral (prereg),0.0028804959830244967,0.002322415325919715,0.5,6.782389851819979e-06,-0.0006278568995179193,-4.803828938779262e-05,0.00018536495958600303,,,,,,,,,,,,,,,
B,bolivia/tile246,225,77,confidence (baseline),0.24981000027277656,0.18236400621779258,-2.088604878452089,0.0,0.0691588110583986,0.05370474365583433,-0.061864702313754974,,,,,,,,,,,,,,,
B,bolivia/tile246,225,77,tile-phase (aligned),0.31896881133117516,0.2515228172761912,0.09535502680680819,-0.0691588110583986,0.0,-0.015454067402564275,-0.13102351337215357,,,,,,,,,,,,,,,
B,bolivia/tile246,225,77,boundary indicator,0.3035147439286109,0.23606874987362692,0.2411111111111111,-0.05370474365583433,0.015454067402564275,0.0,-0.1155694459695893,,,,,,,,,,,,,,,
B,bolivia/tile246,225,77,control NDWI gradient,0.18794529795902157,0.12049930390403761,0.032972183985548305,0.061864702313754974,0.13102351337215357,0.1155694459695893,0.0,,,,,,,,,,,,,,,
B,bolivia/tile246,225,77,constant score,0.34222222222222226,0.2747762281672383,0.0,-0.0924122219494457,-0.0232534108910471,-0.038707478293611375,-0.15427692426320067,,,,,,,,,,,,,,,
B,bolivia/tile246,225,77,control S2 patch variance,0.5696602901176878,0.5022142960627038,110.45706355330593,-0.31985028984491126,-0.25069147878651266,-0.26614554618907693,-0.3817149921586662,,,,,,,,,,,,,,,
B,bolivia/tile246,225,77,control NDWI level,0.40000182044468574,0.33255582638970177,-0.09339423241881703,-0.15019182017190918,-0.08103300911351058,-0.09648707651607485,-0.21205652248566415,,,,,,,,,,,,,,,
B,bolivia/tile246,225,77,dihedral consistency (8 transforms),0.29919355381286367,0.2317475597578797,0.07364402949085666,-0.04938355354008711,0.019775257518311495,0.00432119011574722,-0.11124825585384208,,0.7922060682680153,0.7295016856300038,0.5102734482259574,0.16321428571428565,,,,,,,,,,
B,bolivia/tile246,225,77,"boundary first, then confidence",0.27594272934731956,0.2084967352923356,1.9222222222222223,-0.026132729074543004,0.0430260819838556,0.027572014581291326,-0.08799743138829798,,0.8660640539401601,0.7908565107458914,0.8028787968441229,0.1705278128950697,,,,,,,,,,
B,bolivia/tile246,225,77,combination conf+dihedral (prereg),0.2727700784456837,0.2053240843906997,0.5,-0.022960078172907128,0.04619873288549148,0.030744665482927203,-0.0848247804866621,,,,,,,,,,,,,,,
B,bolivia/tile247,209,73,confidence (baseline),0.14641053730368944,0.07589429780295066,-3.8758344503395867,0.0,0.017669383579302367,0.12148322078286532,0.18745559013654328,,,,,,,,,,,,,,,
B,bolivia/tile247,209,73,tile-phase (aligned),0.1640799208829918,0.09356368138225303,0.05541593689285859,-0.017669383579302367,0.0,0.10381383720356295,0.16978620655724092,,,,,,,,,,,,,,,
B,bolivia/tile247,209,73,boundary indicator,0.26789375808655475,0.19737751858581598,0.14832535885167464,-0.12148322078286532,-0.10381383720356295,0.0,0.06597236935367795,,,,,,,,,,,,,,,
B,bolivia/tile247,209,73,control NDWI gradient,0.3338661274402327,0.26334988793949393,0.04668878806693636,-0.18745559013654328,-0.16978620655724092,-0.06597236935367795,0.0,,,,,,,,,,,,,,,
B,bolivia/tile247,209,73,constant score,0.34928229665071786,0.2787660571499791,0.0,-0.20287175934702845,-0.18520237576772608,-0.08138853856416312,-0.015416169210485164,,,,,,,,,,,,,,,
B,bolivia/tile247,209,73,control S2 patch variance,0.48453406691325257,0.4140178274125138,89.54173347356274,-0.33812352960956316,-0.3204541460302608,-0.21664030882669782,-0.15066793947301987,,,,,,,,,,,,,,,
B,bolivia/tile247,209,73,control NDWI level,0.1558320253556347,0.08531578585489592,-0.18842479978296028,-0.00942148805194526,0.008247895527357108,0.11206173273092006,0.17803410208459802,,,,,,,,,,,,,,,
B,bolivia/tile247,209,73,dihedral consistency (8 transforms),0.16029081473351353,0.08977457523277475,0.04313755809015714,-0.01388027742982409,0.0037891061494782774,0.10760294335304123,0.17357531270671916,,0.9559322256690674,0.905255271044745,0.7719427173797657,0.30806824754193174,,,,,,,,,,
B,bolivia/tile247,209,73,"boundary first, then confidence",0.15420233116073834,0.08368609165999956,1.361820745044429,-0.007791793857048895,0.009877589722253471,0.11369142692581642,0.17966379627949436,,0.9647247489352754,0.9265931436984065,0.8527718987617814,0.29031626268468386,,,,,,,,,,
B,bolivia/tile247,209,73,combination conf+dihedral (prereg),0.15313773662122876,0.08262149712048998,0.5,-0.0067271993175393174,0.01094218426176305,0.114756021465326,0.18072839081900394,,,,,,,,,,,,,,,
B,bolivia/tile248,214,22,confidence (baseline),0.012681693366817336,0.0069665823274460475,-6.381591576978425,0.0,0.004051324395748957,0.021418488968592237,0.0016023505123818347,,,,,,,,,,,,,,,
B,bolivia/tile248,214,22,tile-phase (aligned),0.016733017762566294,0.011017906723195005,0.052713271405298946,-0.004051324395748957,0.0,0.01736716457284328,-0.0024489738833671226,,,,,,,,,,,,,,,
B,bolivia/tile248,214,22,boundary indicator,0.034100182335409575,0.028385071296038285,0.1302570093457944,-0.021418488968592237,-0.01736716457284328,0.0,-0.019816138456210403,,,,,,,,,,,,,,,
B,bolivia/tile248,214,22,control NDWI gradient,0.01428404387919917,0.008568932839827882,0.07881749403964547,-0.0016023505123818347,0.0024489738833671226,0.019816138456210403,0.0,,,,,,,,,,,,,,,
B,bolivia/tile248,214,22,constant score,0.10280373831775698,0.09708862727838569,0.0,-0.09012204495093964,-0.08607072055519069,-0.0687035559823474,-0.08851969443855781,,,,,,,,,,,,,,,
B,bolivia/tile248,214,22,control S2 patch variance,0.029813695488390045,0.024098584449018755,66.19642633704923,-0.017132002121572707,-0.01308067772582375,0.00428648684701953,-0.015529651609190873,,,,,,,,,,,,,,,
B,bolivia/tile248,214,22,control NDWI level,0.008612266843038266,0.002897155803666978,-0.3370844361809095,0.00406942652377907,0.008120750919528026,0.025487915492371307,0.005671777036160904,,,,,,,,,,,,,,,
B,bolivia/tile248,214,22,dihedral consistency (8 transforms),0.00987298077371702,0.004157869734345731,0.01821288272652981,0.002808712593100317,0.006860036988849274,0.024227201561692554,0.0044110631054821514,,0.9672808421929084,0.9276960611746985,0.8057099157107244,0.8708915085820284,,,,,,,,,,
B,bolivia/tile248,214,22,"boundary first, then confidence",0.015694314175063763,0.009979203135692474,1.3226176568758343,-0.003012620808246426,0.0010387035875025312,0.018405868160345812,-0.0014102702958645914,,0.9859479415068986,0.9310400984476742,0.8576975116494996,0.8121498388286684,,,,,,,,,,
B,bolivia/tile248,214,22,combination conf+dihedral (prereg),0.011146265746769371,0.0054311547073980825,0.5,0.001535427620047965,0.005586752015796922,0.022953916588640204,0.0031377781324297997,,,,,,,,,,,,,,,
B,bolivia/tile249,225,13,confidence (baseline),0.0036188258747660764,0.0017883825786054316,-5.852168765465419,0.0,0.0014781309226790575,0.014690885091397946,0.020937060286197507,,,,,,,,,,,,,,,
B,bolivia/tile249,225,13,tile-phase (aligned),0.005096956797445134,0.003266513501284489,0.025076280790090097,-0.0014781309226790575,0.0,0.01321275416871889,0.01945892936351845,,,,,,,,,,,,,,,
B,bolivia/tile249,225,13,boundary indicator,0.018309710966164024,0.016479267670003378,0.052222222222222225,-0.014690885091397946,-0.01321275416871889,0.0,0.0062461751947995615,,,,,,,,,,,,,,,
B,bolivia/tile249,225,13,control NDWI gradient,0.024555886160963585,0.02272544286480294,0.06853661182801303,-0.020937060286197507,-0.01945892936351845,-0.0062461751947995615,0.0,,,,,,,,,,,,,,,
B,bolivia/tile249,225,13,constant score,0.05777777777777779,0.05594733448161714,0.0,-0.05415895190301171,-0.05268082098033265,-0.039468066811613765,-0.0332218916168142,,,,,,,,,,,,,,,
B,bolivia/tile249,225,13,control S2 patch variance,0.014134399644147812,0.012303956347987168,41.31825183868302,-0.010515573769381736,-0.00903744284670268,0.00417531132201621,0.010421486516815771,,,,,,,,,,,,,,,
B,bolivia/tile249,225,13,control NDWI level,0.003660988210499729,0.0018305449143390844,-0.2491077200115207,-4.2162335733652787e-05,0.0014359685869454047,0.014648722755664294,0.020894897950463856,,,,,,,,,,,,,,,
B,bolivia/tile249,225,13,dihedral consistency (8 transforms),0.004720498290079726,0.002890054993919081,0.016525218569570118,-0.0011016724153136495,0.000376458507365408,0.013589212676084296,0.019835387870883858,,0.9078171091445434,0.8449652338811632,0.5079217569542315,0.3582680151706699,,,,,,,,,,
B,bolivia/tile249,225,13,"boundary first, then confidence",0.004546219033016423,0.002715775736855778,0.82,-0.0009273931582503463,0.0005507377644287112,0.0137634919331476,0.02000966712794716,,0.926289506953224,0.873914875684788,0.6359988783733123,0.33459650231774113,,,,,,,,,,
B,bolivia/tile249,225,13,combination conf+dihedral (prereg),0.003963908059032427,0.002133464762871782,0.5,-0.00034508218426635047,0.001133048738412707,0.014345802907131597,0.02059197810193116,,,,,,,,,,,,,,,
B,bolivia/tile250,225,8,confidence (baseline),0.0021605694462944265,0.0014419499135086779,-6.0430640151765616,0.0,-0.0004241662444521275,-0.00048304026971620825,0.004286316333563434,,,,,,,,,,,,,,,
B,bolivia/tile250,225,8,tile-phase (aligned),0.001736403201842299,0.0010177836690565504,0.021676693622422236,0.0004241662444521275,0.0,-5.887402526408075e-05,0.004710482578015562,,,,,,,,,,,,,,,
B,bolivia/tile250,225,8,boundary indicator,0.0016775291765782183,0.0009589096437924696,0.04666666666666667,0.00048304026971620825,5.887402526408075e-05,0.0,0.004769356603279642,,,,,,,,,,,,,,,
B,bolivia/tile250,225,8,control NDWI gradient,0.006446885779857861,0.005728266247072112,0.054718358659993846,-0.004286316333563434,-0.004710482578015562,-0.004769356603279642,0.0,,,,,,,,,,,,,,,
B,bolivia/tile250,225,8,constant score,0.035555555555555556,0.034836936022769806,0.0,-0.03339498610926113,-0.03381915235371326,-0.033878026378977334,-0.029108669775697694,,,,,,,,,,,,,,,
B,bolivia/tile250,225,8,control S2 patch variance,0.003416631310521268,0.0026980117777355194,31.837971635207772,-0.0012560618642268415,-0.001680228108678969,-0.0017391021339430498,0.0030302544693365926,,,,,,,,,,,,,,,
B,bolivia/tile250,225,8,control NDWI level,0.0038382169033863212,0.003119597370600573,-0.2792705226991475,-0.001677647457091895,-0.0021018137015440226,-0.002160687726808103,0.002608668876471539,,,,,,,,,,,,,,,
B,bolivia/tile250,225,8,dihedral consistency (8 transforms),0.0021991219793915996,0.001480502446605851,0.009927502415569809,-3.8552533097173033e-05,-0.00046271877754930054,-0.0005215928028133813,0.004247763800466261,,0.8499705014749261,0.8383217446270537,0.5151347504455341,0.34590497260851244,,,,,,,,,,
B,bolivia/tile250,225,8,"boundary first, then confidence",0.001484309737345739,0.0007656902045599903,0.8022222222222222,0.0006762597089486875,0.00025209346449656003,0.00019321943923247928,0.004962576042512122,,0.9649631268436569,0.8842193426042981,0.6208944583973175,0.36145069532237684,,,,,,,,,,
B,bolivia/tile250,225,8,combination conf+dihedral (prereg),0.0021073770149301597,0.001388757482144411,0.5,5.319243136426687e-05,-0.00037097381308786063,-0.0004298478383519414,0.004339508764927701,,,,,,,,,,,,,,,
B,bolivia/tile251,208,51,confidence (baseline),0.07772423869078993,0.0442651968482739,-3.653222858475951,0.0,0.021206493618338942,0.10361405863290504,0.23372238905500903,,,,,,,,,,,,,,,
B,bolivia/tile251,208,51,tile-phase (aligned),0.09893073230912887,0.06547169046661284,0.06319247052558169,-0.021206493618338942,0.0,0.0824075650145661,0.2125158954366701,,,,,,,,,,,,,,,
B,bolivia/tile251,208,51,boundary indicator,0.18133829732369497,0.14787925548117895,0.16346153846153846,-0.10361405863290504,-0.0824075650145661,0.0,0.13010833042210398,,,,,,,,,,,,,,,
B,bolivia/tile251,208,51,control NDWI gradient,0.31144662774579895,0.27798758590328293,0.05419532458175621,-0.23372238905500903,-0.2125158954366701,-0.13010833042210398,0.0,,,,,,,,,,,,,,,
B,bolivia/tile251,208,51,constant score,0.24519230769230763,0.2117332658497916,0.0,-0.1674680690015177,-0.14626157538317874,-0.06385401036861266,0.06625432005349133,,,,,,,,,,,,,,,
B,bolivia/tile251,208,51,control S2 patch variance,0.43903199286633965,0.4055729510238236,82.84386453876886,-0.3613077541755497,-0.3401012605572108,-0.25769369554264465,-0.1275853651205407,,,,,,,,,,,,,,,
B,bolivia/tile251,208,51,control NDWI level,0.060151712971665515,0.02669267112914949,-0.17307891180977047,0.01757252571912441,0.038779019337463354,0.12118658435202945,0.25129491477413346,,,,,,,,,,,,,,,
B,bolivia/tile251,208,51,dihedral consistency (8 transforms),0.08867958088831569,0.05522053904579967,0.045887395099603406,-0.010955342197525766,0.010251151420813176,0.09265871643537928,0.22276704685748328,,0.9312807710977045,0.8483501624233886,0.641452086925824,0.11770895008881294,,,,,,,,,,
B,bolivia/tile251,208,51,"boundary first, then confidence",0.10248021528347898,0.06902117344096295,1.5006653502747251,-0.02475597659268905,-0.003549482974350107,0.078858082040216,0.20896641246231998,,0.9008430547332145,0.8901241778816145,0.8517033605532278,0.20558027022557904,,,,,,,,,,
B,bolivia/tile251,208,51,combination conf+dihedral (prereg),0.08130352200037777,0.047844480157861746,0.5,-0.003579283309587844,0.0176272103087511,0.1000347753233172,0.23014310574542118,,,,,,,,,,,,,,,
B,bolivia/tile252,214,14,confidence (baseline),0.007804355186818815,0.005463570831703716,-5.116489223648455,0.0,0.005146824795953396,0.007131360487889743,0.015402454207881697,,,,,,,,,,,,,,,
B,bolivia/tile252,214,14,tile-phase (aligned),0.012951179982772211,0.010610395627657112,0.04743209036721021,-0.005146824795953396,0.0,0.0019845356919363476,0.010255629411928303,,,,,,,,,,,,,,,
B,bolivia/tile252,214,14,boundary indicator,0.014935715674708559,0.01259493131959346,0.125,-0.007131360487889743,-0.0019845356919363476,0.0,0.008271093719991955,,,,,,,,,,,,,,,
B,bolivia/tile252,214,14,control NDWI gradient,0.023206809394700514,0.020866025039585415,0.050389014679251554,-0.015402454207881697,-0.010255629411928303,-0.008271093719991955,0.0,,,,,,,,,,,,,,,
B,bolivia/tile252,214,14,constant score,0.06542056074766357,0.06307977639254847,0.0,-0.057616205560844756,-0.052469380764891355,-0.05048484507295501,-0.042213751352963055,,,,,,,,,,,,,,,
B,bolivia/tile252,214,14,control S2 patch variance,0.10632913107075936,0.10398834671564426,98.47755332347104,-0.09852477588394054,-0.09337795108798715,-0.09139341539605081,-0.08312232167605885,,,,,,,,,,,,,,,
B,bolivia/tile252,214,14,control NDWI level,0.00996730701254957,0.007626522657434472,-0.26460214066380144,-0.0021629518257307552,0.0029838729702226403,0.004968408662158988,0.013239502382150943,,,,,,,,,,,,,,,
B,bolivia/tile252,214,14,dihedral consistency (8 transforms),0.010155434332241588,0.007814649977126489,0.027798441497814366,-0.0023510791454227726,0.002795745650530623,0.0047802813424669705,0.013051375062458926,,0.9663943233406088,0.9197896354436113,0.7259036160386334,0.49019043624931496,,,,,,,,,,
B,bolivia/tile252,214,14,"boundary first, then confidence",0.008314199039497223,0.005973414684382124,1.2072972296395195,-0.0005098438526784073,0.004636980943274988,0.006621516635211336,0.014892610355203291,,0.983513688083729,0.94508603457301,0.8279603788637038,0.5035592384998969,,,,,,,,,,
B,bolivia/tile252,214,14,combination conf+dihedral (prereg),0.008573229754613873,0.006232445399498774,0.5,-0.0007688745677950576,0.004377950228158338,0.0063624859200946855,0.01463357964008664,,,,,,,,,,,,,,,
B,bolivia/tile253,141,16,confidence (baseline),0.02155513109238405,0.01445707619894843,-3.3788574088549783,0.0,0.0015330146313559737,0.0056341308684480194,0.01896528761355867,,,,,,,,,,,,,,,
B,bolivia/tile253,141,16,tile-phase (aligned),0.023088145723740024,0.015990090830304404,0.08064215762648237,-0.0015330146313559737,0.0,0.004101116237092046,0.017432272982202696,,,,,,,,,,,,,,,
B,bolivia/tile253,141,16,boundary indicator,0.02718926196083207,0.02009120706739645,0.20035460992907803,-0.0056341308684480194,-0.004101116237092046,0.0,0.01333115674511065,,,,,,,,,,,,,,,
B,bolivia/tile253,141,16,control NDWI gradient,0.040520418705942716,0.0334223638125071,0.08053938218518887,-0.01896528761355867,-0.017432272982202696,-0.01333115674511065,0.0,,,,,,,,,,,,,,,
B,bolivia/tile253,141,16,constant score,0.11347517730496451,0.10637712241152888,0.0,-0.09192004621258046,-0.09038703158122448,-0.08628591534413244,-0.07295475859902179,,,,,,,,,,,,,,,
B,bolivia/tile253,141,16,control S2 patch variance,0.06513035036837347,0.05803229547493786,77.32200033387018,-0.043575219275989424,-0.04204220464463346,-0.03794108840754141,-0.024609931662430758,,,,,,,,,,,,,,,
B,bolivia/tile253,141,16,control NDWI level,0.05280691352387696,0.04570885863044134,-0.17095064306507843,-0.03125178243149292,-0.02971876780013694,-0.025617651563044894,-0.012286494817934243,,,,,,,,,,,,,,,
B,bolivia/tile253,141,16,dihedral consistency (8 transforms),0.029656179747393978,0.022558124853958358,0.052654824015917256,-0.008101048655009928,-0.006568034023653954,-0.0024669177865619084,0.010864238958548742,,0.9167344492486834,0.8669763260413549,0.6008680564600595,0.39182756111134903,,,,,,,,,,
B,bolivia/tile253,141,16,"boundary first, then confidence",0.022252662317426997,0.015154607423991377,1.6610942249240122,-0.0006975312250429473,0.0008354834063130263,0.004936599643405072,0.018267756388515723,,0.9017894601652467,0.8444325527633884,0.8616557585409996,0.37395436448478125,,,,,,,,,,
B,bolivia/tile253,141,16,combination conf+dihedral (prereg),0.023889535173146383,0.016791480279710762,0.5,-0.0023344040807623326,-0.0008013894494063589,0.003299726787685687,0.016630883532796337,,,,,,,,,,,,,,,
B,bolivia/tile254,164,4,confidence (baseline),0.0006020519447877385,0.0002279543166507359,-6.298885406880844,0.0,0.0013036575873693998,0.0005839861333282897,0.0009513914554428666,,,,,,,,,,,,,,,
B,bolivia/tile254,164,4,tile-phase (aligned),0.0019057095321571382,0.0015316119040201357,0.04211129162197766,-0.0013036575873693998,0.0,-0.0007196714540411101,-0.00035226613192653323,,,,,,,,,,,,,,,
B,bolivia/tile254,164,4,boundary indicator,0.0011860380781160281,0.0008119404499790255,0.1173780487804878,-0.0005839861333282897,0.0007196714540411101,0.0,0.0003674053221145769,,,,,,,,,,,,,,,
B,bolivia/tile254,164,4,control NDWI gradient,0.001553443400230605,0.0011793457720936024,0.058120287031048004,-0.0009513914554428666,0.00035226613192653323,-0.0003674053221145769,0.0,,,,,,,,,,,,,,,
B,bolivia/tile254,164,4,constant score,0.02439024390243902,0.024016146274302017,0.0,-0.02378819195765128,-0.022484534370281882,-0.02320420582432299,-0.022836800502208415,,,,,,,,,,,,,,,
B,bolivia/tile254,164,4,control S2 patch variance,0.0030469719138217586,0.002672874285684756,53.631055249715736,-0.00244491996903402,-0.0011412623816646201,-0.0018609338357057303,-0.0014935285135911534,,,,,,,,,,,,,,,
B,bolivia/tile254,164,4,control NDWI level,0.0009913390732311839,0.0006172414450941813,-0.37968956467319664,-0.0003892871284434454,0.0009143704589259544,0.00019469900488484427,0.0005621043269994211,,,,,,,,,,,,,,,
B,bolivia/tile254,164,4,dihedral consistency (8 transforms),0.0012245378449235668,0.0008504402167865642,0.017969755761208857,-0.0006224859001358284,0.0006811716872335714,-3.849976680753869e-05,0.0003289055553070382,,0.9481615496578828,0.9002516561696562,0.7483697156988347,0.7980330009658151,,,,,,,,,,
B,bolivia/tile254,164,4,"boundary first, then confidence",0.0006020519447877385,0.0002279543166507359,1.113866506968641,0.0,0.0013036575873693998,0.0005839861333282897,0.0009513914554428666,,0.969610817134384,0.9030810876987735,0.8355037543290176,0.8015153782324211,,,,,,,,,,
B,bolivia/tile254,164,4,combination conf+dihedral (prereg),0.0005854823667936341,0.00021138473865663147,0.5,1.6569577994104425e-05,0.0013202271653635041,0.000600555711322394,0.0009679610334369709,,,,,,,,,,,,,,,
B,bolivia/tile255,225,11,confidence (baseline),0.003023632148536639,0.001700127958296507,-7.876652074919806,0.0,9.472175393966708e-05,0.02076360598074801,-0.0006253834809485915,,,,,,,,,,,,,,,
B,bolivia/tile255,225,11,tile-phase (aligned),0.0031183539024763063,0.0017948497122361742,0.0053829297428435695,-9.472175393966708e-05,0.0,0.020668884226808345,-0.0007201052348882585,,,,,,,,,,,,,,,
B,bolivia/tile255,225,11,boundary indicator,0.02378723812928465,0.02246373393904452,0.008888888888888889,-0.02076360598074801,-0.020668884226808345,0.0,-0.0213889894616966,,,,,,,,,,,,,,,
B,bolivia/tile255,225,11,control NDWI gradient,0.0023982486675880477,0.0010747444773479156,0.042449305798136314,0.0006253834809485915,0.0007201052348882585,0.0213889894616966,0.0,,,,,,,,,,,,,,,
B,bolivia/tile255,225,11,constant score,0.04888888888888887,0.04756538469864874,0.0,-0.04586525674035223,-0.045770534986412564,-0.02510165075960422,-0.046490640221300825,,,,,,,,,,,,,,,
B,bolivia/tile255,225,11,control S2 patch variance,0.0026701176128155145,0.0013466134225753824,23.86558575720501,0.00035351453572112466,0.00044823628966079174,0.021117120516469138,-0.0002718689452274668,,,,,,,,,,,,,,,
B,bolivia/tile255,225,11,control NDWI level,0.0037943984759576106,0.0024708942857174787,-0.371492367810605,-0.0007707663274209716,-0.0006760445734813045,0.01999283965332704,-0.001396149808369563,,,,,,,,,,,,,,,
B,bolivia/tile255,225,11,dihedral consistency (8 transforms),0.002384143122201497,0.001060638931961365,0.002238432447730803,0.000639489026335142,0.0007342107802748091,0.021403095007083154,1.4105545386550525e-05,,0.8389738727349348,0.7897271386430678,0.28937253193132667,0.598992836072482,,,,,,,,,,
B,bolivia/tile255,225,11,"boundary first, then confidence",0.0019442661366510655,0.0006207619464109334,0.58,0.0010793660118855737,0.0011740877658252408,0.021842971992633586,0.0004539825309369822,,0.9811399072903508,0.7286672987779181,0.3394425414382432,0.5249062368310156,,,,,,,,,,
B,bolivia/tile255,225,11,combination conf+dihedral (prereg),0.002467939005300449,0.001144434815060317,0.5,0.0005556931432361902,0.0006504148971758572,0.0213192991239842,-6.96903377124013e-05,,,,,,,,,,,,,,,
B,bolivia/tile256,29,6,confidence (baseline),0.13694734143746465,0.11037260314453373,-1.7116038038812835,0.0,-0.030039287715449628,-0.06855915274823854,-0.06396343934962395,,,,,,,,,,,,,,,
B,bolivia/tile256,29,6,tile-phase (aligned),0.10690805372201502,0.0803333154290841,0.07915210845912325,0.030039287715449628,0.0,-0.03851986503278891,-0.033924151634174324,,,,,,,,,,,,,,,
B,bolivia/tile256,29,6,boundary indicator,0.06838818868922611,0.04181345039629519,0.23275862068965517,0.06855915274823854,0.03851986503278891,0.0,0.004595713398614587,,,,,,,,,,,,,,,
B,bolivia/tile256,29,6,control NDWI gradient,0.0729839020878407,0.04640916379490978,0.02932039649861261,0.06396343934962395,0.033924151634174324,-0.004595713398614587,0.0,,,,,,,,,,,,,,,
B,bolivia/tile256,29,6,constant score,0.20689655172413796,0.18032181343120704,0.0,-0.06994921028667331,-0.09998849800212294,-0.13850836303491185,-0.13391264963629726,,,,,,,,,,,,,,,
B,bolivia/tile256,29,6,control S2 patch variance,0.06645355046378593,0.03987881217085501,119.04573185394243,0.07049379097367872,0.040454503258229094,0.0019346382254401828,0.00653035162405477,,,,,,,,,,,,,,,
B,bolivia/tile256,29,6,control NDWI level,0.0988018220572685,0.07222708376433759,-0.16080142361196056,0.03814551938019614,0.008106231664746513,-0.030413633368042398,-0.02581791996942781,,,,,,,,,,,,,,,
B,bolivia/tile256,29,6,dihedral consistency (8 transforms),0.0644125445063829,0.03783780621345198,0.08651064564313354,0.07253479693108175,0.042495509215632124,0.003975644182843213,0.0085713575814578,,0.8408866995073888,0.48275862068965525,0.5988499542340652,0.4862068965517241,,,,,,,,,,
B,bolivia/tile256,29,6,"boundary first, then confidence",0.10235386977502747,0.07577913148209656,2.3078817733990147,0.034593471662437175,0.004554183946987547,-0.033965681085801364,-0.029369967687186777,,0.9443349753694583,0.5674876847290642,0.7521737893215003,0.46108374384236456,,,,,,,,,,
B,bolivia/tile256,29,6,combination conf+dihedral (prereg),0.07994561260510703,0.05337087431217612,0.5,0.057001728832357615,0.026962441116907987,-0.011557423915880924,-0.006961710517266337,,,,,,,,,,,,,,,
B,bolivia/tile257,129,11,confidence (baseline),0.007604457409838918,0.0035312610686069716,-3.92247516425081,0.0,-0.0010513816493207826,0.009397844372637264,0.03516060914711952,,,,,,,,,,,,,,,
B,bolivia/tile257,129,11,tile-phase (aligned),0.006553075760518136,0.002479879419286189,0.03697608993659446,0.0010513816493207826,0.0,0.010449226021958045,0.0362119907964403,,,,,,,,,,,,,,,
B,bolivia/tile257,129,11,boundary indicator,0.017002301782476182,0.012929105441244235,0.0755813953488372,-0.009397844372637264,-0.010449226021958045,0.0,0.025762764774482253,,,,,,,,,,,,,,,
B,bolivia/tile257,129,11,control NDWI gradient,0.042765066556958435,0.03869187021572649,0.03533942715795508,-0.03516060914711952,-0.0362119907964403,-0.025762764774482253,0.0,,,,,,,,,,,,,,,
B,bolivia/tile257,129,11,constant score,0.08527131782945738,0.08119812148822543,0.0,-0.07766686041961846,-0.07871824206893924,-0.0682690160469812,-0.04250625127249894,,,,,,,,,,,,,,,
B,bolivia/tile257,129,11,control S2 patch variance,0.15291329931494896,0.14884010297371703,193.443229733229,-0.14530884190511006,-0.14636022355443085,-0.1359109975324728,-0.11014823275799054,,,,,,,,,,,,,,,
B,bolivia/tile257,129,11,control NDWI level,0.010076185319533195,0.006002988978301248,-0.12593641906033895,-0.0024717279096942765,-0.003523109559015059,0.006926116462942987,0.03268888123742524,,,,,,,,,,,,,,,
B,bolivia/tile257,129,11,dihedral consistency (8 transforms),0.008785206189804617,0.00471200984857267,0.030168602075888017,-0.0011807487799656985,-0.002232130429286481,0.008217095592671565,0.03397986036715382,,0.8969700357781755,0.7546847048300538,0.573214672891115,-0.04022249552772809,,,,,,,,,,
B,bolivia/tile257,129,11,"boundary first, then confidence",0.008035471616342738,0.003962275275110791,0.9874031007751939,-0.00043101420650381965,-0.0014823958558246022,0.008966830166133444,0.0347295949406157,,0.9634894901610019,0.8050033542039357,0.6973655597369922,0.12278063506261185,,,,,,,,,,
B,bolivia/tile257,129,11,combination conf+dihedral (prereg),0.007560852864550379,0.0034876565233184324,0.5,4.360454528853919e-05,-0.0010077771040322434,0.009441448917925803,0.03520421369240806,,,,,,,,,,,,,,,
B,bolivia/tile260,225,15,confidence (baseline),0.01820264220344419,0.015781401426083953,-5.825969768497679,0.0,-0.008736729045791387,-0.010788711912056648,-0.0026209426101931506,,,,,,,,,,,,,,,
B,bolivia/tile260,225,15,tile-phase (aligned),0.009465913157652805,0.007044672380292567,0.05850412059975497,0.008736729045791387,0.0,-0.002051982866265261,0.006115786435598236,,,,,,,,,,,,,,,
B,bolivia/tile260,225,15,boundary indicator,0.007413930291387544,0.004992689514027306,0.13333333333333333,0.010788711912056648,0.002051982866265261,0.0,0.008167769301863498,,,,,,,,,,,,,,,
B,bolivia/tile260,225,15,control NDWI gradient,0.015581699593251041,0.013160458815890803,0.09332481261554597,0.0026209426101931506,-0.006115786435598236,-0.008167769301863498,0.0,,,,,,,,,,,,,,,
B,bolivia/tile260,225,15,constant score,0.06666666666666665,0.06424542588930642,0.0,-0.04846402446322246,-0.05720075350901385,-0.05925273637527911,-0.051084967073415616,,,,,,,,,,,,,,,
B,bolivia/tile260,225,15,control S2 patch variance,0.01970043980583887,0.01727919902847863,111.49156821768234,-0.001497797602394678,-0.010234526648186065,-0.012286509514451326,-0.0041187402125878285,,,,,,,,,,,,,,,
B,bolivia/tile260,225,15,control NDWI level,0.02864493421581964,0.0262236934384594,-0.3447615061291141,-0.010442292012375447,-0.019179021058166833,-0.021231003924432095,-0.013063234622568597,,,,,,,,,,,,,,,
B,bolivia/tile260,225,15,dihedral consistency (8 transforms),0.01823238280815224,0.015811142030792,0.022443524561842624,-2.9740604708047846e-05,-0.008766469650499435,-0.010818452516764696,-0.0026506832149011984,,0.9650242309313111,0.8639454277286133,0.5766555859523624,0.745218078381795,,,,,,,,,,
B,bolivia/tile260,225,15,"boundary first, then confidence",0.011161172371025443,0.008739931593665205,1.3622222222222222,0.007041469832418748,-0.0016952592133726383,-0.003747242079637899,0.004420527222225598,,0.8601253687315632,0.8883923303834805,0.8651296704894942,0.6808175305520436,,,,,,,,,,
B,bolivia/tile260,225,15,combination conf+dihedral (prereg),0.01793712241567724,0.015515881638317,0.5000000000000001,0.0002655197877669529,-0.008471209258024434,-0.010523192124289694,-0.0023554228224261977,,,,,,,,,,,,,,,
B,bolivia/tile261,205,18,confidence (baseline),0.014701216496352804,0.010514519566751005,-5.069757435089205,0.0,-0.002216409221070909,-0.0016262105370961795,0.009655422430904026,,,,,,,,,,,,,,,
B,bolivia/tile261,205,18,tile-phase (aligned),0.012484807275281895,0.008298110345680097,0.06416435213376666,0.002216409221070909,0.0,0.0005901986839747294,0.011871831651974935,,,,,,,,,,,,,,,
B,bolivia/tile261,205,18,boundary indicator,0.013075005959256624,0.008888309029654826,0.14390243902439023,0.0016262105370961795,-0.0005901986839747294,0.0,0.011281632968000206,,,,,,,,,,,,,,,
B,bolivia/tile261,205,18,control NDWI gradient,0.02435663892725683,0.020169941997655032,0.07930567165775665,-0.009655422430904026,-0.011871831651974935,-0.011281632968000206,0.0,,,,,,,,,,,,,,,
B,bolivia/tile261,205,18,constant score,0.08780487804878048,0.08361818111917868,0.0,-0.07310366155242767,-0.07532007077349859,-0.07472987208952385,-0.06344823912152364,,,,,,,,,,,,,,,
B,bolivia/tile261,205,18,control S2 patch variance,0.03481471380547029,0.030628016875868493,83.04421479864321,-0.02011349730911749,-0.022329906530188397,-0.021739707846213666,-0.010458074878213462,,,,,,,,,,,,,,,
B,bolivia/tile261,205,18,control NDWI level,0.022891552186318755,0.018704855256716956,-0.28237212860144933,-0.00819033568996595,-0.01040674491103686,-0.00981654622706213,0.0014650867409380756,,,,,,,,,,,,,,,
B,bolivia/tile261,205,18,dihedral consistency (8 transforms),0.014767697386879334,0.010581000457277535,0.03579132270836165,-6.648089052652996e-05,-0.002282890111597439,-0.0016926914276227095,0.009588941540377496,,0.9556629661099579,0.8645902689752196,0.6375454338970324,0.5469682829324011,,,,,,,,,,
B,bolivia/tile261,205,18,"boundary first, then confidence",0.011416516644179024,0.007229819714577226,1.409647212543554,0.0032846998521737798,0.0010682906311028709,0.0016584893150776003,0.012940122283077806,,0.8821189285565044,0.8785780947472529,0.8663722763430083,0.5984287724087984,,,,,,,,,,
B,bolivia/tile261,205,18,combination conf+dihedral (prereg),0.013860234803346071,0.009673537873744273,0.5,0.0008409816930067329,-0.001375427528064176,-0.0007852288440894466,0.01049640412391076,,,,,,,,,,,,,,,
B,bolivia/tile262,102,8,confidence (baseline),0.01303186662447045,0.009489247365136087,-4.138996632367957,0.0,0.004156646220519301,0.011811620743092662,0.03674300411207556,,,,,,,,,,,,,,,
B,bolivia/tile262,102,8,tile-phase (aligned),0.01718851284498975,0.013645893585655388,0.06223905550523698,-0.004156646220519301,0.0,0.0076549745225733615,0.032586357891556256,,,,,,,,,,,,,,,
B,bolivia/tile262,102,8,boundary indicator,0.024843487367563113,0.02130086810822875,0.1568627450980392,-0.011811620743092662,-0.0076549745225733615,0.0,0.024931383368982898,,,,,,,,,,,,,,,
B,bolivia/tile262,102,8,control NDWI gradient,0.04977487073654601,0.04623225147721165,0.071605459193955,-0.03674300411207556,-0.032586357891556256,-0.024931383368982898,0.0,,,,,,,,,,,,,,,
B,bolivia/tile262,102,8,constant score,0.07843137254901958,0.07488875328968522,0.0,-0.06539950592454913,-0.06124285970402983,-0.05358788518145648,-0.028656501812473575,,,,,,,,,,,,,,,
B,bolivia/tile262,102,8,control S2 patch variance,0.016058674024116926,0.012516054764782562,83.07631748881369,-0.003026807399646475,0.0011298388208728256,0.008784813343446187,0.033716196712429085,,,,,,,,,,,,,,,
B,bolivia/tile262,102,8,control NDWI level,0.03587154052531287,0.03232892126597851,-0.22243752322359045,-0.02283967390084242,-0.01868302768032312,-0.011028053157749757,0.01390333021123314,,,,,,,,,,,,,,,
B,bolivia/tile262,102,8,dihedral consistency (8 transforms),0.016311419679239072,0.012768800419904709,0.03724351192381708,-0.0032795530547686212,0.0008770931657506795,0.008532067688324041,0.03346345105730694,,0.9154203255848142,0.8035069069442636,0.5601703468924701,0.42073270719419176,,,,,,,,,,
B,bolivia/tile262,102,8,"boundary first, then confidence",0.016638077297571826,0.013095458038237463,1.405768557422969,-0.0036062106731013753,0.0005504355474179254,0.008205410069991287,0.03313679343897419,,0.884309390390781,0.8524859910319982,0.8672443781863692,0.426850851847035,,,,,,,,,,
B,bolivia/tile262,102,8,combination conf+dihedral (prereg),0.013604238298689942,0.010061619039355579,0.5,-0.0005723716742194913,0.0035842745462998093,0.01123924906887317,0.036170632437856065,,,,,,,,,,,,,,,
B,bolivia/tile263,168,4,confidence (baseline),0.0028621254534820974,0.0025056826290922067,-3.051319109719424,0.0,-0.0018203098605980086,-0.0025056826290922067,0.00913439444723304,,,,,,,,,,,,,,,
B,bolivia/tile263,168,4,tile-phase (aligned),0.0010418155928840888,0.0006853727684941981,0.05039251556480026,0.0018203098605980086,0.0,-0.0006853727684941981,0.010954704307831048,,,,,,,,,,,,,,,
B,bolivia/tile263,168,4,boundary indicator,0.00035644282438989066,0.0,0.03422619047619048,0.0025056826290922067,0.0006853727684941981,0.0,0.011640077076325247,,,,,,,,,,,,,,,
B,bolivia/tile263,168,4,control NDWI gradient,0.011996519900715137,0.011640077076325247,0.040431662403813164,-0.00913439444723304,-0.010954704307831048,-0.011640077076325247,0.0,,,,,,,,,,,,,,,
B,bolivia/tile263,168,4,constant score,0.023809523809523808,0.023453080985133917,0.0,-0.02094739835604171,-0.022767708216639718,-0.023453080985133917,-0.01181300390880867,,,,,,,,,,,,,,,
B,bolivia/tile263,168,4,control S2 patch variance,0.0404388178733826,0.04008237504899271,75.15142363455422,-0.037576692419900505,-0.039397002280498514,-0.04008237504899271,-0.028442297972667462,,,,,,,,,,,,,,,
B,bolivia/tile263,168,4,control NDWI level,0.002472021372370731,0.0021155785479808403,-0.1538903463695464,0.0003901040811113664,-0.0014302057794866423,-0.0021155785479808403,0.009524498528344406,,,,,,,,,,,,,,,
B,bolivia/tile263,168,4,dihedral consistency (8 transforms),0.0031295178735927013,0.0027730750492028105,0.04803879020073509,-0.00026739242011060383,-0.0020877022807086125,-0.0027730750492028105,0.008867002027122437,,0.9111008751727313,0.8189824914836427,0.4427953344793815,-0.14817701874357797,,,,,,,,,,
B,bolivia/tile263,168,4,"boundary first, then confidence",0.0008407758102595795,0.0004843329858696888,0.8533428996598639,0.0020213496432225178,0.00020103978262450933,-0.0004843329858696888,0.011155744090455558,,0.9421469824509897,0.8484139076032212,0.606065308212711,-0.1323616503257222,,,,,,,,,,
B,bolivia/tile263,168,4,combination conf+dihedral (prereg),0.0026254106653761386,0.002268967840986248,0.5,0.0002367147881059588,-0.0015835950724920498,-0.002268967840986248,0.009371109235338999,,,,,,,,,,,,,,,
B,bolivia/tile264,139,7,confidence (baseline),0.0029773546968010754,0.0015067613117675596,-3.4403516298575365,0.0,-0.0004933514848826557,-0.0015067613117675596,0.013553857241741303,,,,,,,,,,,,,,,
B,bolivia/tile264,139,7,tile-phase (aligned),0.0024840032119184197,0.001013409826884904,0.0505841878090362,0.0004933514848826557,0.0,-0.001013409826884904,0.01404720872662396,,,,,,,,,,,,,,,
B,bolivia/tile264,139,7,boundary indicator,0.0014705933850335158,0.0,0.08093525179856115,0.0015067613117675596,0.001013409826884904,0.0,0.015060618553508863,,,,,,,,,,,,,,,
B,bolivia/tile264,139,7,control NDWI gradient,0.01653121193854238,0.015060618553508863,0.028590005072729578,-0.013553857241741303,-0.01404720872662396,-0.015060618553508863,0.0,,,,,,,,,,,,,,,
B,bolivia/tile264,139,7,constant score,0.05035971223021584,0.04888911884518232,0.0,-0.047382357533414764,-0.04787570901829742,-0.04888911884518232,-0.03382850029167346,,,,,,,,,,,,,,,
B,bolivia/tile264,139,7,control S2 patch variance,0.07937014880741253,0.07789955542237902,214.70916187740633,-0.07639279411061145,-0.07688614559549412,-0.07789955542237902,-0.06283893686887015,,,,,,,,,,,,,,,
B,bolivia/tile264,139,7,control NDWI level,0.022426645383436507,0.020956051998402992,-0.10207217382992362,-0.019449290686635434,-0.019942642171518088,-0.020956051998402992,-0.005895433444894129,,,,,,,,,,,,,,,
B,bolivia/tile264,139,7,dihedral consistency (8 transforms),0.0051238079781978805,0.003653214593164365,0.049063637629888364,-0.0021464532813968056,-0.002639804766279461,-0.003653214593164365,0.011407403960344498,,0.8134411725278161,0.7632467938692528,0.37286771111694866,0.18515572635059652,,,,,,,,,,
B,bolivia/tile264,139,7,"boundary first, then confidence",0.002342998749187032,0.0008724053641535163,1.0660971223021583,0.0006343559476140433,0.00014100446273138762,-0.0008724053641535163,0.014188213189355347,,0.8931721703382633,0.859091112203405,0.7575520106735945,0.27498547745654406,,,,,,,,,,
B,bolivia/tile264,139,7,combination conf+dihedral (prereg),0.0023617431133598804,0.0008911497283263646,0.5,0.0006156115834411949,0.00012226009855853927,-0.0008911497283263646,0.014169468825182498,,,,,,,,,,,,,,,
B,bolivia/tile265,115,22,confidence (baseline),0.07397670536608256,0.05355577441558849,-3.294970435163249,0.0,-0.002098001981991976,-0.024378597391151773,0.06177648619703193,,,,,,,,,,,,,,,
B,bolivia/tile265,115,22,tile-phase (aligned),0.07187870338409058,0.05145777243359651,0.09739453243389068,0.002098001981991976,0.0,-0.022280595409159797,0.06387448817902391,,,,,,,,,,,,,,,
B,bolivia/tile265,115,22,boundary indicator,0.049598107974930784,0.029177177024436715,0.2608695652173913,0.024378597391151773,0.022280595409159797,0.0,0.0861550835881837,,,,,,,,,,,,,,,
B,bolivia/tile265,115,22,control NDWI gradient,0.1357531915631145,0.11533226061262042,0.061397650876053055,-0.06177648619703193,-0.06387448817902391,-0.0861550835881837,0.0,,,,,,,,,,,,,,,
B,bolivia/tile265,115,22,constant score,0.19130434782608693,0.17088341687559286,0.0,-0.11732764246000438,-0.11942564444199635,-0.14170623985115616,-0.05555115626297244,,,,,,,,,,,,,,,
B,bolivia/tile265,115,22,control S2 patch variance,0.17327443503986287,0.1528535040893688,182.32745866425887,-0.09929772967378031,-0.10139573165577229,-0.12367632706493208,-0.03752124347674837,,,,,,,,,,,,,,,
B,bolivia/tile265,115,22,control NDWI level,0.09952872194143614,0.07910779099094206,-0.15839662150909764,-0.025552016575353574,-0.02765001855734555,-0.04993061396650535,0.03622446962167836,,,,,,,,,,,,,,,
B,bolivia/tile265,115,22,dihedral consistency (8 transforms),0.07263322741389003,0.05221229646339596,0.0543879077921662,0.0013434779521925289,-0.0007545240297994471,-0.023035119438959244,0.06311996414922447,,0.9316026197427604,0.7700939004182119,0.6238617002545804,-0.02426418369762485,,,,,,,,,,
B,bolivia/tile265,115,22,"boundary first, then confidence",0.052998743427132074,0.032577812476638005,1.8796583850931678,0.020977961938950483,0.018879959956958507,-0.0034006354522012894,0.08275444813598241,,0.9392093426970732,0.8054604276808968,0.7674579050798239,0.10886135879428716,,,,,,,,,,
B,bolivia/tile265,115,22,combination conf+dihedral (prereg),0.07265677089403413,0.052235839943540065,0.5,0.001319934472048423,-0.000778067509943553,-0.02305866291910335,0.06309642066908036,,,,,,,,,,,,,,,
B,bolivia/tile266,148,46,confidence (baseline),0.2942353486122884,0.2389208114092215,-2.6672416963690035,0.0,0.01824040272893057,-0.03127788101989781,-0.036907486159137415,,,,,,,,,,,,,,,
B,bolivia/tile266,148,46,tile-phase (aligned),0.31247575134121897,0.25716121413815207,0.09389908645912451,-0.01824040272893057,0.0,-0.049518283748828384,-0.055147888888067986,,,,,,,,,,,,,,,
B,bolivia/tile266,148,46,boundary indicator,0.2629574675923906,0.2076429303893237,0.24239864864864866,0.03127788101989781,0.049518283748828384,0.0,-0.005629605139239602,,,,,,,,,,,,,,,
B,bolivia/tile266,148,46,control NDWI gradient,0.257327862453151,0.20201332525008409,0.036369117170692807,0.036907486159137415,0.055147888888067986,0.005629605139239602,0.0,,,,,,,,,,,,,,,
B,bolivia/tile266,148,46,constant score,0.3108108108108108,0.2554962736077439,0.0,-0.016575462198522406,0.0016649405304081655,-0.04785334321842022,-0.05348294835765982,,,,,,,,,,,,,,,
B,bolivia/tile266,148,46,control S2 patch variance,0.46031876643710806,0.40500422923404117,149.85227297652483,-0.16608341782481967,-0.1478430150958891,-0.19736129884471748,-0.20299090398395708,,,,,,,,,,,,,,,
B,bolivia/tile266,148,46,control NDWI level,0.22052732903814046,0.16521279183507356,-0.0974096491524964,0.07370801957414794,0.09194842230307851,0.042430138554250124,0.03680053341501052,,,,,,,,,,,,,,,
B,bolivia/tile266,148,46,dihedral consistency (8 transforms),0.38416365850527573,0.32884912130220884,0.06364832575884459,-0.08992830989298733,-0.07168790716405676,-0.12120619091288515,-0.12683579605212475,,0.8755964566127552,0.6373543794445041,0.4533465931626049,0.25317894253656476,,,,,,,,,,
B,bolivia/tile266,148,46,"boundary first, then confidence",0.32280361781970424,0.26748908061663734,1.9881756756756757,-0.028568269207415842,-0.01032786647848527,-0.059846150227313655,-0.06547575536655326,,0.7651858131244522,0.7633682168677368,0.8693427201345798,0.27614876895797325,,,,,,,,,,
B,bolivia/tile266,148,46,combination conf+dihedral (prereg),0.33584857140923646,0.28053403420616957,0.5,-0.04161322279694807,-0.023372820068017497,-0.07289110381684588,-0.07852070895608548,,,,,,,,,,,,,,,
B,bolivia/tile267,225,10,confidence (baseline),0.0022534228341652422,0.0011521867967225342,-7.481240091721217,0.0,0.0005806423614691972,-0.0002637626090507294,0.005621907648267175,,,,,,,,,,,,,,,
B,bolivia/tile267,225,10,tile-phase (aligned),0.0028340651956344394,0.0017328291581917314,0.01842174257978008,-0.0005806423614691972,0.0,-0.0008444049705199266,0.005041265286797977,,,,,,,,,,,,,,,
B,bolivia/tile267,225,10,boundary indicator,0.001989660225114513,0.0008884241876718048,0.04666666666666667,0.0002637626090507294,0.0008444049705199266,0.0,0.005885670257317904,,,,,,,,,,,,,,,
B,bolivia/tile267,225,10,control NDWI gradient,0.007875330482432417,0.006774094444989709,0.05371662528362848,-0.005621907648267175,-0.005041265286797977,-0.005885670257317904,0.0,,,,,,,,,,,,,,,
B,bolivia/tile267,225,10,constant score,0.04444444444444444,0.04334320840700173,0.0,-0.0421910216102792,-0.04161037924881,-0.042454784219329925,-0.036569113962012026,,,,,,,,,,,,,,,
B,bolivia/tile267,225,10,control S2 patch variance,0.003785722738456591,0.002684486701013883,30.18844887706777,-0.0015322999042913488,-0.0009516575428221517,-0.0017960625133420782,0.004089607743975826,,,,,,,,,,,,,,,
B,bolivia/tile267,225,10,control NDWI level,0.003988709649007514,0.0028874736115648064,-0.38990392030553483,-0.0017352868148422722,-0.001154644453373075,-0.0019990494238930016,0.0038866208334249024,,,,,,,,,,,,,,,
B,bolivia/tile267,225,10,dihedral consistency (8 transforms),0.0020097394095322852,0.0009085033720895772,0.011894524906567514,0.00024368342463295702,0.0008243257861021542,-2.007918441777239e-05,0.005865591072900132,,0.879162452591656,0.8464559629161396,0.5021385455984457,0.7118067846607666,,,,,,,,,,
B,bolivia/tile267,225,10,"boundary first, then confidence",0.0020663571327991124,0.0009651210953564044,0.7666666666666667,0.00018706570136612982,0.000767708062835327,-7.669690768459959e-05,0.005808973349633304,,0.9775052675937624,0.859976822587442,0.589357841522343,0.6390876527602191,,,,,,,,,,
B,bolivia/tile267,225,10,combination conf+dihedral (prereg),0.0021192415683959844,0.0010180055309532763,0.4999999999999999,0.00013418126576925787,0.000714823627238455,-0.00012958134328147153,0.005756088914036433,,,,,,,,,,,,,,,
B,bolivia/tile268,155,25,confidence (baseline),0.02652613603073133,0.01223795269866381,-5.238655135900744,0.0,0.015106671511718111,0.05163685345842795,0.14822598722403,,,,,,,,,,,,,,,
B,bolivia/tile268,155,25,tile-phase (aligned),0.04163280754244944,0.02734462421038192,0.0474106491738982,-0.015106671511718111,0.0,0.036530181946709844,0.1331193157123119,,,,,,,,,,,,,,,
B,bolivia/tile268,155,25,boundary indicator,0.07816298948915928,0.06387480615709176,0.10967741935483871,-0.05163685345842795,-0.036530181946709844,0.0,0.09658913376560205,,,,,,,,,,,,,,,
B,bolivia/tile268,155,25,control NDWI gradient,0.17475212325476133,0.1604639399226938,0.04928946256132209,-0.14822598722403,-0.1331193157123119,-0.09658913376560205,0.0,,,,,,,,,,,,,,,
B,bolivia/tile268,155,25,constant score,0.1612903225806452,0.1470021392485777,0.0,-0.13476418654991387,-0.11965751503819577,-0.08312733309148593,0.01346180067411612,,,,,,,,,,,,,,,
B,bolivia/tile268,155,25,control S2 patch variance,0.033589759552012446,0.019301576219944928,63.153015462628275,-0.007063623521281117,0.008043047990436994,0.04457322993714684,0.14116236370274887,,,,,,,,,,,,,,,
B,bolivia/tile268,155,25,control NDWI level,0.018577055066339693,0.004288871734272174,-0.32590712775252095,0.007949080964391637,0.023055752476109748,0.05958593442281959,0.15617506818842164,,,,,,,,,,,,,,,
B,bolivia/tile268,155,25,dihedral consistency (8 transforms),0.031221420215682298,0.01693323688361478,0.03303760897345661,-0.004695284184950969,0.010411387326767142,0.04694156927347698,0.14353070303907903,,0.9497470271663819,0.8797943991492384,0.7013813790600286,0.3291289355805484,,,,,,,,,,
B,bolivia/tile268,155,25,"boundary first, then confidence",0.03348309652307944,0.01919491319101192,1.088392857142857,-0.006956960492348108,0.008149711019370003,0.04467989296607984,0.1412690267316819,,0.9746028165383003,0.9120009023234832,0.8233882951065205,0.36349779253005027,,,,,,,,,,
B,bolivia/tile268,155,25,combination conf+dihedral (prereg),0.028297515303149563,0.014009331971082045,0.5,-0.0017713792724182338,0.013335292239299877,0.049865474186009714,0.14645460795161178,,,,,,,,,,,,,,,
B,bolivia/tile271,217,15,confidence (baseline),0.016825117440061182,0.01421997177209019,-4.746308847918488,0.0,-0.006498391806596084,-0.010524009831261564,0.010603662087792324,,,,,,,,,,,,,,,
B,bolivia/tile271,217,15,tile-phase (aligned),0.010326725633465098,0.007721579965494106,0.04884516333707572,0.006498391806596084,0.0,-0.00402561802466548,0.01710205389438841,,,,,,,,,,,,,,,
B,bolivia/tile271,217,15,boundary indicator,0.006301107608799618,0.0036959619408286257,0.08294930875576037,0.010524009831261564,0.00402561802466548,0.0,0.02112767191905389,,,,,,,,,,,,,,,
B,bolivia/tile271,217,15,control NDWI gradient,0.027428779527853504,0.024823633859882514,0.05565829656322209,-0.010603662087792324,-0.01710205389438841,-0.02112767191905389,0.0,,,,,,,,,,,,,,,
B,bolivia/tile271,217,15,constant score,0.06912442396313366,0.06651927829516267,0.0,-0.052299306523072485,-0.058797698329668566,-0.06282331635433405,-0.04169564443528016,,,,,,,,,,,,,,,
B,bolivia/tile271,217,15,control S2 patch variance,0.06543841204954119,0.0628332663815702,136.080769113374,-0.048613294609480016,-0.0551116864160761,-0.05913730444074158,-0.038009632521687695,,,,,,,,,,,,,,,
B,bolivia/tile271,217,15,control NDWI level,0.020813079449183303,0.018207933781212313,-0.2572603452511978,-0.003987962009122123,-0.010486353815718207,-0.014511971840383686,0.006615700078670201,,,,,,,,,,,,,,,
B,bolivia/tile271,217,15,dihedral consistency (8 transforms),0.01706225173446248,0.014457106066491488,0.029261491596699264,-0.00023713429440129843,-0.006735526100997383,-0.010761144125662862,0.010366527793391025,,0.9652909896325114,0.855329603479944,0.5318495730293863,0.17641642826608805,,,,,,,,,,
B,bolivia/tile271,217,15,"boundary first, then confidence",0.008092878194571766,0.005487732526600774,1.0231443383805137,0.008732239245489416,0.002233847438893332,-0.001791770585772148,0.019335901333281738,,0.9152139498395805,0.9239737031243399,0.7581061302983866,0.30237296654875856,,,,,,,,,,
B,bolivia/tile271,217,15,combination conf+dihedral (prereg),0.01695477408206049,0.014349628414089497,0.5,-0.0001296566419993067,-0.006628048448595391,-0.01065366647326087,0.010474005445793017,,,,,,,,,,,,,,,
B,bolivia/tile272,210,35,confidence (baseline),0.07032334559747494,0.05519517706151873,-3.0260667013270512,0.0,-0.012118841327565445,0.014353981671115179,0.056632870430318616,,,,,,,,,,,,,,,
B,bolivia/tile272,210,35,tile-phase (aligned),0.058204504269909495,0.04307633573395329,0.07547183961585341,0.012118841327565445,0.0,0.026472822998680624,0.06875171175788405,,,,,,,,,,,,,,,
B,bolivia/tile272,210,35,boundary indicator,0.08467732726859012,0.06954915873263391,0.12380952380952381,-0.014353981671115179,-0.026472822998680624,0.0,0.04227888875920344,,,,,,,,,,,,,,,
B,bolivia/tile272,210,35,control NDWI gradient,0.12695621602779356,0.11182804749183735,0.06542104801398504,-0.056632870430318616,-0.06875171175788405,-0.04227888875920344,0.0,,,,,,,,,,,,,,,
B,bolivia/tile272,210,35,constant score,0.1666666666666667,0.15153849813071052,0.0,-0.09634332106919179,-0.10846216239675724,-0.08198933939807661,-0.03971045063887317,,,,,,,,,,,,,,,
B,bolivia/tile272,210,35,control S2 patch variance,0.20416938403279888,0.18904121549684266,130.49126404075827,-0.13384603843532394,-0.14596487976288938,-0.11949205676420875,-0.07721316800500531,,,,,,,,,,,,,,,
B,bolivia/tile272,210,35,control NDWI level,0.07941089411152476,0.06428272557556855,-0.17270289116070608,-0.009087548514049817,-0.021206389841615263,0.005266433157065362,0.0475453219162688,,,,,,,,,,,,,,,
B,bolivia/tile272,210,35,dihedral consistency (8 transforms),0.0715448038992519,0.05641663536329569,0.06324668171655504,-0.0012214583017769592,-0.013340299629342404,0.01313252336933822,0.05541141212854166,,0.8677819062952509,0.6468296981143076,0.42216426146102826,0.050174769107171203,,,,,,,,,,
B,bolivia/tile272,210,35,"boundary first, then confidence",0.0628680923625049,0.047739923826548694,1.2974914965986395,0.0074552532349700384,-0.004663588092595407,0.021809234906085218,0.06408812366528865,,0.8058342754775777,0.7621131674511575,0.8444370583089281,0.03153100329453534,,,,,,,,,,
B,bolivia/tile272,210,35,combination conf+dihedral (prereg),0.06909048920397881,0.053962320668022604,0.5,0.001232856393496129,-0.010885984934069316,0.015586838064611308,0.057865726823814745,,,,,,,,,,,,,,,
B,bolivia/tile273,46,8,confidence (baseline),0.05460380336313392,0.03664377819462669,-2.9850149232408274,0.0,0.010938858208340882,-0.011530398557242475,0.03788380832987835,,,,,,,,,,,,,,,
B,bolivia/tile273,46,8,tile-phase (aligned),0.0655426615714748,0.047582636402967574,0.10949365563852631,-0.010938858208340882,0.0,-0.022469256765583357,0.02694495012153747,,,,,,,,,,,,,,,
B,bolivia/tile273,46,8,boundary indicator,0.043073404805891446,0.025113379637384216,0.26358695652173914,0.011530398557242475,0.022469256765583357,0.0,0.04941420688712082,,,,,,,,,,,,,,,
B,bolivia/tile273,46,8,control NDWI gradient,0.09248761169301227,0.07452758652450504,0.07890686999575482,-0.03788380832987835,-0.02694495012153747,-0.04941420688712082,0.0,,,,,,,,,,,,,,,
B,bolivia/tile273,46,8,constant score,0.17391304347826084,0.1559530183097536,0.0,-0.11930924011512692,-0.10837038190678604,-0.1308396386723694,-0.08142543178524857,,,,,,,,,,,,,,,
B,bolivia/tile273,46,8,control S2 patch variance,0.17117113351311875,0.15321110834461152,198.59822351853583,-0.11656733014998483,-0.10562847194164394,-0.1280977287072273,-0.07868352182010648,,,,,,,,,,,,,,,
B,bolivia/tile273,46,8,control NDWI level,0.08408039405841515,0.06612036888990792,-0.147450650846505,-0.029476590695281232,-0.01853773248694035,-0.041006989252523704,0.00840721763459712,,,,,,,,,,,,,,,
B,bolivia/tile273,46,8,dihedral consistency (8 transforms),0.05826350908236164,0.04030348391385441,0.06970234457454037,-0.0036597057192277183,0.007279152489113164,-0.015190104276470193,0.034224102610650634,,0.8921985815602836,0.38748072772124564,0.39956945694959634,0.3022510021584953,,,,,,,,,,
B,bolivia/tile273,46,8,"boundary first, then confidence",0.04841530388052063,0.0304552787120134,2.2670807453416146,0.006188499482613293,0.017127357690954175,-0.005341899074629182,0.04407230781249165,,0.87813752698119,0.38550724637681144,0.800207449492734,0.323095898859081,,,,,,,,,,
B,bolivia/tile273,46,8,combination conf+dihedral (prereg),0.05442235356546472,0.0364623283969575,0.49999999999999994,0.00018144979766919478,0.011120308006010077,-0.01134894875957328,0.03806525812754755,,,,,,,,,,,,,,,
B,bolivia/tile274,220,21,confidence (baseline),0.01905456508478584,0.01412988535971391,-4.666367626461116,0.0,-0.006466814241342124,0.00321888194509096,0.050574055525059766,,,,,,,,,,,,,,,
B,bolivia/tile274,220,21,tile-phase (aligned),0.012587750843443716,0.007663071118371786,0.06476258615507091,0.006466814241342124,0.0,0.009685696186433085,0.05704086976640189,,,,,,,,,,,,,,,
B,bolivia/tile274,220,21,boundary indicator,0.0222734470298768,0.01734876730480487,0.12045454545454545,-0.00321888194509096,-0.009685696186433085,0.0,0.0473551735799688,,,,,,,,,,,,,,,
B,bolivia/tile274,220,21,control NDWI gradient,0.0696286206098456,0.06470394088477367,0.06298177773221267,-0.050574055525059766,-0.05704086976640189,-0.0473551735799688,0.0,,,,,,,,,,,,,,,
B,bolivia/tile274,220,21,constant score,0.09545454545454546,0.09052986572947352,0.0,-0.07639998036975962,-0.08286679461110173,-0.07318109842466866,-0.025825924844699852,,,,,,,,,,,,,,,
B,bolivia/tile274,220,21,control S2 patch variance,0.018887575961120097,0.013962896236048166,100.39430113650837,0.00016698912366574364,-0.00629982511767638,0.003385871068756704,0.0507410446487255,,,,,,,,,,,,,,,
B,bolivia/tile274,220,21,control NDWI level,0.026767979051109753,0.021843299326037822,-0.24967137929527514,-0.007713413966323912,-0.014180228207666037,-0.004494532021232952,0.042860641558735854,,,,,,,,,,,,,,,
B,bolivia/tile274,220,21,dihedral consistency (8 transforms),0.013402093504048019,0.008477413778976088,0.047677449373283956,0.005652471580737822,-0.0008143426606043022,0.008871353525828782,0.056226527105797584,,0.9527540952198486,0.8928418881682374,0.6543881541103211,0.3326327178059653,,,,,,,,,,
B,bolivia/tile274,220,21,"boundary first, then confidence",0.017189390084051254,0.012264710358979324,1.1975040584415584,0.0018651750007345862,-0.004601639240607538,0.005084056945825546,0.05243923052579435,,0.9346928655550738,0.8943644590703412,0.8224127435925436,0.3313873877935119,,,,,,,,,,
B,bolivia/tile274,220,21,combination conf+dihedral (prereg),0.014824109903421076,0.009899430178349145,0.4999999999999999,0.0042304551813647645,-0.0022363590599773593,0.007449337126455725,0.05480451070642453,,,,,,,,,,,,,,,
B,bolivia/tile275,168,15,confidence (baseline),0.01049417651907082,0.006118801143470132,-4.415544688524235,0.0,-0.0028159377352799985,0.010705490885185687,0.02846941997861592,,,,,,,,,,,,,,,
B,bolivia/tile275,168,15,tile-phase (aligned),0.007678238783790822,0.0033028634081901332,0.05087098889093579,0.0028159377352799985,0.0,0.013521428620465684,0.03128535771389592,,,,,,,,,,,,,,,
B,bolivia/tile275,168,15,boundary indicator,0.021199667404256505,0.01682429202865582,0.11904761904761904,-0.010705490885185687,-0.013521428620465684,0.0,0.017763929093430234,,,,,,,,,,,,,,,
B,bolivia/tile275,168,15,control NDWI gradient,0.03896359649768674,0.03458822112208605,0.04262018607901067,-0.02846941997861592,-0.03128535771389592,-0.017763929093430234,0.0,,,,,,,,,,,,,,,
B,bolivia/tile275,168,15,constant score,0.08928571428571429,0.0849103389101136,0.0,-0.07879153776664347,-0.08160747550192346,-0.06808604688145778,-0.050322117788027546,,,,,,,,,,,,,,,
B,bolivia/tile275,168,15,control S2 patch variance,0.012468600375970217,0.008093225000369528,67.475762476228,-0.0019744238568993964,-0.004790361592179395,0.00873106702828629,0.026494996121716526,,,,,,,,,,,,,,,
B,bolivia/tile275,168,15,control NDWI level,0.020068753920462062,0.015693378544861372,-0.32916416551504807,-0.00957457740139124,-0.012390515136671238,0.0011309134837944462,0.01889484257722468,,,,,,,,,,,,,,,
B,bolivia/tile275,168,15,dihedral consistency (8 transforms),0.011753166424914327,0.007377791049313638,0.040925131975026965,-0.0012589899058435064,-0.004074927641123505,0.00944650097934218,0.027210430072772414,,0.922677046583081,0.8765115584553632,0.5715319472783842,0.6329133786526696,,,,,,,,,,
B,bolivia/tile275,168,15,"boundary first, then confidence",0.013564399818811348,0.00918902444321066,1.2068186649659862,-0.003070223299740528,-0.005886161035020526,0.007635267585445159,0.025399196678875392,,0.8837068044806424,0.8766203856024223,0.8499609751252198,0.5834577674743501,,,,,,,,,,
B,bolivia/tile275,168,15,combination conf+dihedral (prereg),0.009737483299751472,0.005362107924150783,0.5,0.0007566932193193484,-0.00205924451596065,0.011462184104505035,0.02922611319793527,,,,,,,,,,,,,,,
B,bolivia/tile277,185,5,confidence (baseline),0.0019387313774133065,0.00149725314523912,-5.7837521889725245,0.0,-0.0005779288316235703,-0.0006023388725786803,0.006639162984401254,,,,,,,,,,,,,,,
B,bolivia/tile277,185,5,tile-phase (aligned),0.0013608025457897363,0.0009193243136155498,0.03327465254464482,0.0005779288316235703,0.0,-2.4410040955110063e-05,0.007217091816024824,,,,,,,,,,,,,,,
B,bolivia/tile277,185,5,boundary indicator,0.0013363925048346262,0.0008949142726604397,0.06891891891891892,0.0006023388725786803,2.4410040955110063e-05,0.0,0.007241501856979934,,,,,,,,,,,,,,,
B,bolivia/tile277,185,5,control NDWI gradient,0.00857789436181456,0.008136416129640374,0.047780202855170845,-0.006639162984401254,-0.007217091816024824,-0.007241501856979934,0.0,,,,,,,,,,,,,,,
B,bolivia/tile277,185,5,constant score,0.02702702702702703,0.026585548794852844,0.0,-0.025088295649613724,-0.025666224481237294,-0.025690634522192404,-0.01844913266521247,,,,,,,,,,,,,,,
B,bolivia/tile277,185,5,control S2 patch variance,0.011965941593894207,0.01152446336172002,57.18725754571799,-0.0100272102164809,-0.010605139048104471,-0.010629549089059581,-0.003388047232079647,,,,,,,,,,,,,,,
B,bolivia/tile277,185,5,control NDWI level,0.0017811430572416919,0.0013396648250675054,-0.2900318460555579,0.00015758832017161465,-0.0004203405114519556,-0.00044475055240706567,0.006796751304572868,,,,,,,,,,,,,,,
B,bolivia/tile277,185,5,dihedral consistency (8 transforms),0.0014809919996974933,0.0010395137675233068,0.018929830961801723,0.00045773937771581325,-0.00012018945390775701,-0.00014459949486286708,0.007096902362117067,,0.9504245479701295,0.8988211212615144,0.6179149296185323,0.657577423145446,,,,,,,,,,
B,bolivia/tile277,185,5,"boundary first, then confidence",0.0016179251521981576,0.0011764469200239711,0.8889478764478765,0.0003208062252151489,-0.00025712260640842134,-0.0002815326473635314,0.006959969209616402,,0.9806754861453316,0.8724309161896827,0.7092484663079426,0.6066885258329856,,,,,,,,,,
B,bolivia/tile277,185,5,combination conf+dihedral (prereg),0.0015475103522512579,0.0011060321200770714,0.5,0.00039122102516204863,-0.00018670780646152163,-0.0002111178474166317,0.007030384009563302,,,,,,,,,,,,,,,
B,bolivia/tile278,224,27,confidence (baseline),0.028147464893824168,0.0203035614414526,-5.1463298845504015,0.0,-0.008399652760433227,0.02368902747297958,0.0012648719106543235,,,,,,,,,,,,,,,
B,bolivia/tile278,224,27,tile-phase (aligned),0.01974781213339094,0.011903908681019374,0.04630691695306106,0.008399652760433227,0.0,0.03208868023341281,0.00966452467108755,,,,,,,,,,,,,,,
B,bolivia/tile278,224,27,boundary indicator,0.05183649236680375,0.04399258891443218,0.08705357142857142,-0.02368902747297958,-0.03208868023341281,0.0,-0.022424155562325257,,,,,,,,,,,,,,,
B,bolivia/tile278,224,27,control NDWI gradient,0.02941233680447849,0.021568433352106925,0.058400439510092945,-0.0012648719106543235,-0.00966452467108755,0.022424155562325257,0.0,,,,,,,,,,,,,,,
B,bolivia/tile278,224,27,constant score,0.12053571428571426,0.11269181083334269,0.0,-0.09238824939189008,-0.10078790215232332,-0.06869922191891051,-0.09112337748123576,,,,,,,,,,,,,,,
B,bolivia/tile278,224,27,control S2 patch variance,0.09141186582245285,0.08356796237008128,128.60849028380682,-0.06326440092862867,-0.07166405368906191,-0.0395753734556491,-0.061999529017974356,,,,,,,,,,,,,,,
B,bolivia/tile278,224,27,control NDWI level,0.04054535293669832,0.03270144948432675,-0.31336898679519404,-0.012397888042874151,-0.02079754080330738,0.011291139430105429,-0.011133016132219828,,,,,,,,,,,,,,,
B,bolivia/tile278,224,27,dihedral consistency (8 transforms),0.02646515763007048,0.018621254177698915,0.023803455354390785,0.0016823072637536865,-0.006717345496679541,0.025371334736733267,0.00294717917440801,,0.9624919923126204,0.851382660687594,0.5414902220038631,0.4087625453768956,,,,,,,,,,
B,bolivia/tile278,224,27,"boundary first, then confidence",0.02175544208325843,0.013911538630886865,1.0367307079081634,0.006392022810565737,-0.0020076299498674906,0.030081050283545317,0.00765689472122006,,0.921487294469358,0.8907986333546872,0.7660678120962806,0.45840273329062614,,,,,,,,,,
B,bolivia/tile278,224,27,combination conf+dihedral (prereg),0.026834799718625544,0.018990896266253977,0.5,0.001312665175198624,-0.007086987585234603,0.025001692648178205,0.0025775370858529476,,,,,,,,,,,,,,,
B,bolivia/tile279,222,57,confidence (baseline),0.1451924646573283,0.10840243083280837,-2.801350750767433,0.0,0.02205533650626379,0.034577313451073705,0.0872895872836355,,,,,,,,,,,,,,,
B,bolivia/tile279,222,57,tile-phase (aligned),0.16724780116359209,0.13045776733907216,0.05967454133005467,-0.02205533650626379,0.0,0.012521976944809915,0.06523425077737172,,,,,,,,,,,,,,,
B,bolivia/tile279,222,57,boundary indicator,0.179769778108402,0.14297974428388208,0.11148648648648649,-0.034577313451073705,-0.012521976944809915,0.0,0.0527122738325618,,,,,,,,,,,,,,,
B,bolivia/tile279,222,57,control NDWI gradient,0.2324820519409638,0.19569201811644388,0.03820090442060121,-0.0872895872836355,-0.06523425077737172,-0.0527122738325618,0.0,,,,,,,,,,,,,,,
B,bolivia/tile279,222,57,constant score,0.25675675675675674,0.21996672293223682,0.0,-0.11156429209942845,-0.08950895559316466,-0.07698697864835474,-0.02427470481579294,,,,,,,,,,,,,,,
B,bolivia/tile279,222,57,control S2 patch variance,0.4530469365997267,0.4162569027752068,77.43623764647847,-0.30785447194239846,-0.28579913543613467,-0.2732771584913247,-0.22056488465876295,,,,,,,,,,,,,,,
B,bolivia/tile279,222,57,control NDWI level,0.137383826243809,0.10059379241928906,-0.14593403175055122,0.007808638413519309,0.0298639749197831,0.04238595186459301,0.09509822569715481,,,,,,,,,,,,,,,
B,bolivia/tile279,222,57,dihedral consistency (8 transforms),0.17308964653019965,0.13629961270567972,0.04959726906621949,-0.02789718187287135,-0.005841845366607562,0.006680131578202353,0.059392405410764154,,0.888326164770374,0.8041032733725957,0.5933210934569619,0.15804638516324107,,,,,,,,,,
B,bolivia/tile279,222,57,"boundary first, then confidence",0.13839822390828166,0.10160819008376173,1.2530365186615184,0.006794240749046637,0.028849577255310427,0.04137155420012034,0.09408382803268214,,0.9154787764653238,0.8605988249881685,0.8304122857484774,0.24154428559598667,,,,,,,,,,
B,bolivia/tile279,222,57,combination conf+dihedral (prereg),0.15679586311270405,0.12000582928818412,0.5,-0.011603398455375752,0.010451938050888038,0.022973914995697953,0.07568618882825975,,,,,,,,,,,,,,,
B,bolivia/tile280,92,9,confidence (baseline),0.04670234598269261,0.04122359847295781,-3.4915520088828127,0.0,-0.01310876716133818,-0.016775137532974167,0.0744902939249461,,,,,,,,,,,,,,,
B,bolivia/tile280,92,9,tile-phase (aligned),0.03359357882135443,0.028114831311619633,0.07255951419147491,0.01310876716133818,0.0,-0.003666370371635988,0.08759906108628429,,,,,,,,,,,,,,,
B,bolivia/tile280,92,9,boundary indicator,0.02992720844971844,0.024448460939983645,0.15625,0.016775137532974167,0.003666370371635988,0.0,0.09126543145792027,,,,,,,,,,,,,,,
B,bolivia/tile280,92,9,control NDWI gradient,0.12119263990763872,0.11571389239790392,0.060101620340975395,-0.0744902939249461,-0.08759906108628429,-0.09126543145792027,0.0,,,,,,,,,,,,,,,
B,bolivia/tile280,92,9,constant score,0.09782608695652174,0.09234733944678694,0.0,-0.05112374097382913,-0.06423250813516732,-0.06789887850680329,0.023366552951116976,,,,,,,,,,,,,,,
B,bolivia/tile280,92,9,control S2 patch variance,0.06945671049942344,0.06397796298968864,123.97497341998225,-0.022754364516730824,-0.035863131678069,-0.03952950204970499,0.05173592940821528,,,,,,,,,,,,,,,
B,bolivia/tile280,92,9,control NDWI level,0.05005755406118542,0.04457880655145063,-0.14808015133261943,-0.003355208078492815,-0.016463975239830994,-0.020130345611466982,0.07113508584645328,,,,,,,,,,,,,,,
B,bolivia/tile280,92,9,dihedral consistency (8 transforms),0.05229597586913313,0.04681722835939833,0.056286526299632184,-0.005593629886440521,-0.0187023970477787,-0.022368767419414688,0.06889666403850558,,0.918453215788419,0.7425519781761016,0.52068424545143,-0.12932509285945476,,,,,,,,,,
B,bolivia/tile280,92,9,"boundary first, then confidence",0.04158122172229235,0.03610247421255756,1.3982434006211177,0.005121124260400255,-0.007987642900937925,-0.011654013272573913,0.07961141818534637,,0.8510549758796607,0.8334232387528323,0.8623604372137585,-0.09578780266017287,,,,,,,,,,
B,bolivia/tile280,92,9,combination conf+dihedral (prereg),0.0526899443887701,0.04721119687903531,0.5,-0.005987598406077495,-0.019096365567415674,-0.022762735939051662,0.06850269551886862,,,,,,,,,,,,,,,
B,bolivia/tile281,171,20,confidence (baseline),0.024297806035763907,0.016833383136789108,-4.283789380949143,0.0,-0.005069510488496794,0.011481091899826438,0.015907431220707584,,,,,,,,,,,,,,,
B,bolivia/tile281,171,20,tile-phase (aligned),0.019228295547267113,0.011763872648292314,0.06014596405008478,0.005069510488496794,0.0,0.016550602388323232,0.020976941709204378,,,,,,,,,,,,,,,
B,bolivia/tile281,171,20,boundary indicator,0.035778897935590345,0.028314475036615546,0.1118421052631579,-0.011481091899826438,-0.016550602388323232,0.0,0.004426339320881146,,,,,,,,,,,,,,,
B,bolivia/tile281,171,20,control NDWI gradient,0.04020523725647149,0.03274081435749669,0.07745329452797377,-0.015907431220707584,-0.020976941709204378,-0.004426339320881146,0.0,,,,,,,,,,,,,,,
B,bolivia/tile281,171,20,constant score,0.11695906432748537,0.10949464142851058,0.0,-0.09266125829172148,-0.09773076878021826,-0.08118016639189503,-0.07675382707101389,,,,,,,,,,,,,,,
B,bolivia/tile281,171,20,control S2 patch variance,0.042105664186944884,0.03464124128797008,64.85920406838167,-0.017807858151180973,-0.022877368639677768,-0.0063267662513545354,-0.0019004269304733895,,,,,,,,,,,,,,,
B,bolivia/tile281,171,20,control NDWI level,0.02446183787554626,0.01699741497657146,-0.22569416121744515,-0.00016403183978235328,-0.005233542328279148,0.011317060060044085,0.01574339938092523,,,,,,,,,,,,,,,
B,bolivia/tile281,171,20,dihedral consistency (8 transforms),0.025224381093142734,0.017759958194167935,0.03734743736705554,-0.0009265750573788263,-0.005996085545875621,0.010554516842447612,0.014980856163328757,,0.952307581539348,0.8775553795569639,0.6283469278127385,0.4441116471068235,,,,,,,,,,
B,bolivia/tile281,171,20,"boundary first, then confidence",0.02343505625234836,0.01597063335337356,1.2290100250626568,0.0008627497834155472,-0.004206760705081247,0.012343841683241985,0.01677018100412313,,0.9242710058319539,0.9143806849545204,0.8508358063623042,0.5317661458708332,,,,,,,,,,
B,bolivia/tile281,171,20,combination conf+dihedral (prereg),0.023647303462760165,0.016182880563785366,0.5,0.0006505025730037424,-0.004419007915493052,0.01213159447283018,0.016557933793711326,,,,,,,,,,,,,,,
B,bolivia/tile282,125,4,confidence (baseline),0.0011809653349891403,0.0005357618765875548,-5.53164421081543,0.0,0.0002714301289589375,-0.00013683150529602553,0.01604708940285383,,,,,,,,,,,,,,,
B,bolivia/tile282,125,4,tile-phase (aligned),0.0014523954639480779,0.0008071920055464923,0.030029720268939856,-0.0002714301289589375,0.0,-0.00040826163425496304,0.015775659273894894,,,,,,,,,,,,,,,
B,bolivia/tile282,125,4,boundary indicator,0.0010441338296931148,0.00039893037129152924,0.052,0.00013683150529602553,0.00040826163425496304,0.0,0.01618392090814986,,,,,,,,,,,,,,,
B,bolivia/tile282,125,4,control NDWI gradient,0.01722805473784297,0.016582851279441386,0.03605512420369474,-0.01604708940285383,-0.015775659273894894,-0.01618392090814986,0.0,,,,,,,,,,,,,,,
B,bolivia/tile282,125,4,constant score,0.032000000000000015,0.03135479654159843,0.0,-0.030819034665010875,-0.030547604536051938,-0.0309558661703069,-0.014771945262157044,,,,,,,,,,,,,,,
B,bolivia/tile282,125,4,control S2 patch variance,0.0031038637424358625,0.0024586602840342767,61.21069247099048,-0.001922898407446722,-0.0016514682784877844,-0.0020597299127427474,0.01412419099540711,,,,,,,,,,,,,,,
B,bolivia/tile282,125,4,control NDWI level,0.002526515577989675,0.0018813121195880892,-0.33931258061255243,-0.0013455502430005345,-0.001074120114041597,-0.00148238174829656,0.014701539159853297,,,,,,,,,,,,,,,
B,bolivia/tile282,125,4,dihedral consistency (8 transforms),0.002055597308678366,0.0014103938502767804,0.021477869045716944,-0.0008746319736892257,-0.0006032018447302881,-0.0010114634789852512,0.015172457429164605,,0.9539723502304153,0.8910967741935486,0.4782447460089902,0.5050506912442397,,,,,,,,,,
B,bolivia/tile282,125,4,"boundary first, then confidence",0.0009086002484458985,0.0002633967900443129,0.7066071428571428,0.00027236508654324186,0.0005437952155021794,0.00013553358124721634,0.016319454489397072,,0.9556927803379418,0.8749677419354842,0.6606566811839837,0.4730629800307223,,,,,,,,,,
B,bolivia/tile282,125,4,combination conf+dihedral (prereg),0.0013915024511539271,0.0007462989927523415,0.49999999999999994,-0.00021053711616478678,6.0893012794150736e-05,-0.0003473686214608123,0.015836552286689044,,,,,,,,,,,,,,,
B,bolivia/tile283,166,13,confidence (baseline),0.008432007735110107,0.005046796810496492,-6.877377958541893,0.0,-0.000342332022587398,-0.0003947566213144543,0.0059526241104657495,,,,,,,,,,,,,,,
B,bolivia/tile283,166,13,tile-phase (aligned),0.008089675712522709,0.004704464787909094,0.03241123793017082,0.000342332022587398,0.0,-5.242459872705635e-05,0.0062949561330531475,,,,,,,,,,,,,,,
B,bolivia/tile283,166,13,boundary indicator,0.008037251113795652,0.004652040189182038,0.09563253012048192,0.0003947566213144543,5.242459872705635e-05,0.0,0.006347380731780204,,,,,,,,,,,,,,,
B,bolivia/tile283,166,13,control NDWI gradient,0.014384631845575856,0.010999420920962242,0.04722096816284935,-0.0059526241104657495,-0.0062949561330531475,-0.006347380731780204,0.0,,,,,,,,,,,,,,,
B,bolivia/tile283,166,13,constant score,0.07831325301204818,0.07492804208743456,0.0,-0.06988124527693806,-0.07022357729952547,-0.07027600189825252,-0.06392862116647231,,,,,,,,,,,,,,,
B,bolivia/tile283,166,13,control S2 patch variance,0.029392178513503252,0.026006967588889637,75.12680582435304,-0.020960170778393145,-0.021302502800980543,-0.0213549273997076,-0.015007546667927396,,,,,,,,,,,,,,,
B,bolivia/tile283,166,13,control NDWI level,0.008208160709896849,0.004822949785283234,-0.32793518908539937,0.0002238470252132578,-0.00011848499737414017,-0.00017090959610119652,0.006176471135679007,,,,,,,,,,,,,,,
B,bolivia/tile283,166,13,dihedral consistency (8 transforms),0.009192922407515182,0.005807711482901568,0.015133204229889625,-0.0007609146724050758,-0.0011032466949924737,-0.00115567129371953,0.005191709438060674,,0.9596093683388974,0.9226764433892346,0.707952601174656,0.739680332653423,,,,,,,,,,
B,bolivia/tile283,166,13,"boundary first, then confidence",0.007455598481527116,0.004070387556913501,0.954415877796902,0.0009764092535829907,0.0006340772309955927,0.0005816526322685363,0.00692903336404874,,0.9905240996648542,0.9145909713978396,0.7649317408541356,0.6778010244571104,,,,,,,,,,
B,bolivia/tile283,166,13,combination conf+dihedral (prereg),0.008728869663228724,0.0053436587386151094,0.5,-0.0002968619281186174,-0.0006391939507060154,-0.0006916185494330717,0.005655762182347132,,,,,,,,,,,,,,,
B,bolivia/tile284,188,6,confidence (baseline),0.00113510904489176,0.000535595746043514,-4.240710270690157,0.0,-6.40231121664368e-05,-0.000535595746043514,0.03251305012042761,,,,,,,,,,,,,,,
B,bolivia/tile284,188,6,tile-phase (aligned),0.0010710859327253232,0.0004715726338770772,0.03666270036000184,6.40231121664368e-05,0.0,-0.0004715726338770772,0.03257707323259404,,,,,,,,,,,,,,,
B,bolivia/tile284,188,6,boundary indicator,0.000599513298848246,0.0,0.057180851063829786,0.000535595746043514,0.0004715726338770772,0.0,0.03304864586647112,,,,,,,,,,,,,,,
B,bolivia/tile284,188,6,control NDWI gradient,0.033648159165319366,0.03304864586647112,0.04112212654831581,-0.03251305012042761,-0.03257707323259404,-0.03304864586647112,0.0,,,,,,,,,,,,,,,
B,bolivia/tile284,188,6,constant score,0.031914893617021274,0.031315380318173026,0.0,-0.03077978457212951,-0.03084380768429595,-0.031315380318173026,0.0017332655482980922,,,,,,,,,,,,,,,
B,bolivia/tile284,188,6,control S2 patch variance,0.035690185278852274,0.035090671980004026,108.83350864453267,-0.034555076233960515,-0.03461909934612695,-0.035090671980004026,-0.0020420261135329076,,,,,,,,,,,,,,,
B,bolivia/tile284,188,6,control NDWI level,0.006591996612946123,0.005992483314097877,-0.20176024059049033,-0.005456887568054363,-0.005520910680220799,-0.005992483314097877,0.027056162552373243,,,,,,,,,,,,,,,
B,bolivia/tile284,188,6,dihedral consistency (8 transforms),0.0028500651462203806,0.0022505518473721346,0.033617086990914764,-0.0017149561013286205,-0.0017789792134950575,-0.0022505518473721346,0.030798094019098984,,0.8863984020429573,0.8374447135398321,0.44364856054901314,0.3442037034027022,,,,,,,,,,
B,bolivia/tile284,188,6,"boundary first, then confidence",0.0008939167084518118,0.00029440340960356574,0.9360989741641337,0.00024119233643994827,0.00017716922427351146,-0.00029440340960356574,0.032754242456867554,,0.9119588518837578,0.8712008336539,0.7159883116943766,0.19719996315741023,,,,,,,,,,
B,bolivia/tile284,188,6,combination conf+dihedral (prereg),0.0015862145830955786,0.0009867012842473327,0.5,-0.0004511055382038187,-0.0005151286503702555,-0.0009867012842473327,0.032061944582223785,,,,,,,,,,,,,,,
B,bolivia/tile285,131,15,confidence (baseline),0.018077642424867674,0.010820623421884522,-3.8020513296582314,0.0,0.0011478754273144438,-0.007325930455407612,0.19584381641186138,,,,,,,,,,,,,,,
B,bolivia/tile285,131,15,tile-phase (aligned),0.019225517852182118,0.011968498849198966,0.06498555510177345,-0.0011478754273144438,0.0,-0.008473805882722056,0.19469594098454696,,,,,,,,,,,,,,,
B,bolivia/tile285,131,15,boundary indicator,0.010751711969460061,0.0034946929664769096,0.15267175572519084,0.007325930455407612,0.008473805882722056,0.0,0.203169746867269,,,,,,,,,,,,,,,
B,bolivia/tile285,131,15,control NDWI gradient,0.21392145883672906,0.2066644398337459,0.06774030714836898,-0.19584381641186138,-0.19469594098454696,-0.203169746867269,0.0,,,,,,,,,,,,,,,
B,bolivia/tile285,131,15,constant score,0.11450381679389313,0.10724679779090998,0.0,-0.09642617436902545,-0.09527829894171101,-0.10375210482443308,0.09941764204283593,,,,,,,,,,,,,,,
B,bolivia/tile285,131,15,control S2 patch variance,0.01481974742680603,0.007562728423822877,76.22381840496729,0.0032578949980616445,0.004405770425376088,-0.004068035457345968,0.19910171140992303,,,,,,,,,,,,,,,
B,bolivia/tile285,131,15,control NDWI level,0.020437232837923314,0.013180213834940162,-0.22250773955367636,-0.00235959041305564,-0.0012117149857411962,-0.009685520868463252,0.19348422599880574,,,,,,,,,,,,,,,
B,bolivia/tile285,131,15,dihedral consistency (8 transforms),0.019924455142057727,0.012667436139074575,0.04298047698213975,-0.0018468127171900536,-0.0006989372898756098,-0.009172743172597666,0.19399700369467132,,0.9463727112582075,0.884642075481771,0.7689087190270535,-0.04131746116478947,,,,,,,,,,
B,bolivia/tile285,131,15,"boundary first, then confidence",0.017594992980246898,0.010337973977263746,1.366037350054526,0.0004826494446207759,0.0016305248719352197,-0.006843281010786836,0.19632646585648217,,0.9669513692414458,0.9037153686008653,0.860756172365011,-0.059461912133667895,,,,,,,,,,
B,bolivia/tile285,131,15,combination conf+dihedral (prereg),0.01787464323326655,0.010617624230283399,0.5,0.0002029991916011227,0.0013508746189155665,-0.0071229312638064896,0.19604681560346252,,,,,,,,,,,,,,,
B,bolivia/tile286,225,6,confidence (baseline),0.0014877682928185207,0.0010698391515578047,-5.932409931023916,0.0,0.0008127888933334346,-0.0007403185091198842,0.013275854059428386,,,,,,,,,,,,,,,
B,bolivia/tile286,225,6,tile-phase (aligned),0.0023005571861519553,0.0018826280448912393,0.01912166710524212,-0.0008127888933334346,0.0,-0.0015531074024533187,0.012463065166094951,,,,,,,,,,,,,,,
B,bolivia/tile286,225,6,boundary indicator,0.0007474497836986366,0.0003295206424379205,0.02,0.0007403185091198842,0.0015531074024533187,0.0,0.01401617256854827,,,,,,,,,,,,,,,
B,bolivia/tile286,225,6,control NDWI gradient,0.014763622352246906,0.01434569321098619,0.03219327986043464,-0.013275854059428386,-0.012463065166094951,-0.01401617256854827,0.0,,,,,,,,,,,,,,,
B,bolivia/tile286,225,6,constant score,0.02666666666666667,0.026248737525405953,0.0,-0.02517889837384815,-0.02436610948051471,-0.02591921688296803,-0.011903044314419763,,,,,,,,,,,,,,,
B,bolivia/tile286,225,6,control S2 patch variance,0.001155038359921712,0.0007371092186609959,31.706089372662472,0.00033272993289680877,0.0011455188262302434,-0.0004075885762230754,0.013608583992325195,,,,,,,,,,,,,,,
B,bolivia/tile286,225,6,control NDWI level,0.0006228580603344938,0.00020492891907377775,-0.3692711869851128,0.0008649102324840269,0.0016776991258174614,0.00012459172336414274,0.014140764291912413,,,,,,,,,,,,,,,
B,bolivia/tile286,225,6,dihedral consistency (8 transforms),0.000868652031486245,0.0004507228902255289,0.01263870748794741,0.0006191162613322758,0.0014319051546657104,-0.00012120224778760841,0.01389497032076066,,0.907829751369575,0.8050906026127266,0.3684798514934175,0.5076295828065729,,,,,,,,,,
B,bolivia/tile286,225,6,"boundary first, then confidence",0.0006797534009088641,0.00026182425964814805,0.6422222222222222,0.0008080148919096566,0.0016208037852430911,6.769638278977244e-05,0.014083868951338042,,0.9936030341340077,0.8094174041297936,0.4451855482219959,0.4592741255794354,,,,,,,,,,
B,bolivia/tile286,225,6,combination conf+dihedral (prereg),0.0010315148685612356,0.0006135857273005195,0.5,0.0004562534242572851,0.0012690423175907197,-0.00028406508486259906,0.01373210748368567,,,,,,,,,,,,,,,
B,bolivia/tile287,207,8,confidence (baseline),0.0038469863894148924,0.002997169048708578,-5.367511519919271,0.0,-0.0010807148274881882,-0.0018850904340133984,0.00916864259185317,,,,,,,,,,,,,,,
B,bolivia/tile287,207,8,tile-phase (aligned),0.0027662715619267042,0.0019164542212203898,0.03550407985945323,0.0010807148274881882,0.0,-0.0008043756065252102,0.010249357419341357,,,,,,,,,,,,,,,
B,bolivia/tile287,207,8,boundary indicator,0.001961895955401494,0.0011120786146951796,0.08454106280193237,0.0018850904340133984,0.0008043756065252102,0.0,0.011053733025866569,,,,,,,,,,,,,,,
B,bolivia/tile287,207,8,control NDWI gradient,0.013015628981268063,0.012165811640561748,0.04945084399961965,-0.00916864259185317,-0.010249357419341357,-0.011053733025866569,0.0,,,,,,,,,,,,,,,
B,bolivia/tile287,207,8,constant score,0.038647342995169094,0.03779752565446278,0.0,-0.0348003566057542,-0.035881071433242394,-0.0366854470397676,-0.025631714013901033,,,,,,,,,,,,,,,
B,bolivia/tile287,207,8,control S2 patch variance,0.017091103347716827,0.016241286007010514,50.58450939871249,-0.013244116958301936,-0.014324831785790124,-0.015129207392315335,-0.004075474366448766,,,,,,,,,,,,,,,
B,bolivia/tile287,207,8,control NDWI level,0.002407973242213516,0.0015581559015072017,-0.29498348741303426,0.0014390131472013764,0.00035829831971318817,-0.00044607728681202207,0.010607655739054547,,,,,,,,,,,,,,,
B,bolivia/tile287,207,8,dihedral consistency (8 transforms),0.0032319221449136344,0.00238210480420732,0.022553624107623595,0.000615064244501258,-0.0004656505829869302,-0.0012700261895121404,0.009783706836354428,,0.9670043618967207,0.9031182690954755,0.6861225331661629,0.43924732928531984,,,,,,,,,,
B,bolivia/tile287,207,8,"boundary first, then confidence",0.0038469863894148924,0.002997169048708578,1.034010524499655,0.0,-0.0010807148274881882,-0.0018850904340133984,0.00916864259185317,,0.9717464363412022,0.9234327477784636,0.7766681177680147,0.44126457122446994,,,,,,,,,,
B,bolivia/tile287,207,8,combination conf+dihedral (prereg),0.003702194254043426,0.0028523769133371115,0.5000000000000001,0.00014479213537146656,-0.0009359226921167216,-0.0017402982986419319,0.009313434727224637,,,,,,,,,,,,,,,
B,bolivia/tile288,51,16,confidence (baseline),0.1651004539127817,0.10669087912344155,-2.230327802545884,0.0,0.06550385832377531,-0.0041816098326997175,-0.02442497311402747,,,,,,,,,,,,,,,
B,bolivia/tile288,51,16,tile-phase (aligned),0.230604312236557,0.17219473744721686,0.09300690097734332,-0.06550385832377531,0.0,-0.06968546815647503,-0.08992883143780278,,,,,,,,,,,,,,,
B,bolivia/tile288,51,16,boundary indicator,0.16091884408008197,0.10250926929074183,0.20833333333333334,0.0041816098326997175,0.06968546815647503,0.0,-0.020243363281327753,,,,,,,,,,,,,,,
B,bolivia/tile288,51,16,control NDWI gradient,0.14067548079875422,0.08226590600941408,0.025832517067220027,0.02442497311402747,0.08992883143780278,0.020243363281327753,0.0,,,,,,,,,,,,,,,
B,bolivia/tile288,51,16,constant score,0.3137254901960784,0.25531591540673826,0.0,-0.1486250362832967,-0.0831211779595214,-0.15280664611599643,-0.17305000939732418,,,,,,,,,,,,,,,
B,bolivia/tile288,51,16,control S2 patch variance,0.6616438921707106,0.6032343173813705,249.28213455108923,-0.4965434382579289,-0.4310395799341536,-0.5007250480906287,-0.5209684113719564,,,,,,,,,,,,,,,
B,bolivia/tile288,51,16,control NDWI level,0.24734585645722096,0.18893628166788082,-0.062054130848567444,-0.08224540254443927,-0.016741544220663956,-0.08642701237713898,-0.10667037565846674,,,,,,,,,,,,,,,
B,bolivia/tile288,51,16,dihedral consistency (8 transforms),0.21919790468320577,0.16078832989386563,0.06865269427790362,-0.05409745077042408,0.011406407553351233,-0.058279060603123795,-0.07852242388445155,,0.8208144796380091,0.6184615384615384,0.3451681795395456,0.3626244343891402,,,,,,,,,,
B,bolivia/tile288,51,16,"boundary first, then confidence",0.14923942396670623,0.09082984917736608,2.112044817927171,0.015861029946075467,0.08136488826985078,0.01167942011337575,-0.008563943167952004,,0.8757466063348416,0.715022624434389,0.8058420989438743,0.5770135746606335,,,,,,,,,,
B,bolivia/tile288,51,16,combination conf+dihedral (prereg),0.19169243756188503,0.1332828627725449,0.5,-0.02659198364910334,0.03891187467467197,-0.030773593481803058,-0.05101695676313081,,,,,,,,,,,,,,,
B,bolivia/tile290,225,7,confidence (baseline),0.0031645651512149154,0.0026064844941101335,-5.800484925376044,0.0,0.0009216543620470022,0.0013281510514134049,-0.0005188599674030058,,,,,,,,,,,,,,,
B,bolivia/tile290,225,7,tile-phase (aligned),0.004086219513261918,0.0035281388561571357,0.03870565553391417,-0.0009216543620470022,0.0,0.0004064966893664026,-0.001440514329450008,,,,,,,,,,,,,,,
B,bolivia/tile290,225,7,boundary indicator,0.00449271620262832,0.003934635545523538,0.0811111111111111,-0.0013281510514134049,-0.0004064966893664026,0.0,-0.0018470110188164106,,,,,,,,,,,,,,,
B,bolivia/tile290,225,7,control NDWI gradient,0.0026457051838119096,0.0020876245267071277,0.06839377579573881,0.0005188599674030058,0.001440514329450008,0.0018470110188164106,0.0,,,,,,,,,,,,,,,
B,bolivia/tile290,225,7,constant score,0.031111111111111103,0.03055303045400632,0.0,-0.027946545959896187,-0.027024891597849186,-0.026618394908482782,-0.02846540592729919,,,,,,,,,,,,,,,
B,bolivia/tile290,225,7,control S2 patch variance,0.01920384730407891,0.018645766646974128,107.49527024095114,-0.016039282152863994,-0.015117627790816993,-0.01471113110145059,-0.016558142120267,,,,,,,,,,,,,,,
B,bolivia/tile290,225,7,control NDWI level,0.0011082969244067397,0.0005502162673019579,-0.3125078758974737,0.0020562682268081755,0.0029779225888551778,0.0033844192782215804,0.0015374082594051697,,,,,,,,,,,,,,,
B,bolivia/tile290,225,7,dihedral consistency (8 transforms),0.004133336692662471,0.0035752560355576894,0.019999563824068093,-0.0009687715414475558,-4.7117179400553606e-05,0.000359379509965849,-0.0014876315088505616,,0.9609987357774966,0.869423725242309,0.5165973308229554,0.7660356089338398,,,,,,,,,,
B,bolivia/tile290,225,7,"boundary first, then confidence",0.0020965039289029394,0.0015384232717981575,0.9977777777777778,0.001068061222311976,0.0019897155843589783,0.002396212273725381,0.0005492012549089703,,0.9348988621997475,0.9154624947324059,0.7483975579861192,0.7551769911504423,,,,,,,,,,
B,bolivia/tile290,225,7,combination conf+dihedral (prereg),0.0035589181518690346,0.0030008374947642527,0.5,-0.0003943530006541192,0.000527301361392883,0.0009337980507592857,-0.000913212968057125,,,,,,,,,,,,,,,
B,bolivia/tile291,225,19,confidence (baseline),0.007826905650913962,0.003969284748893081,-5.297913840148184,0.0,0.0068638980418387185,0.020034944935981062,0.018017725626561523,,,,,,,,,,,,,,,
B,bolivia/tile291,225,19,tile-phase (aligned),0.01469080369275268,0.0108331827907318,0.05894412246184301,-0.0068638980418387185,0.0,0.013171046894142346,0.011153827584722803,,,,,,,,,,,,,,,
B,bolivia/tile291,225,19,boundary indicator,0.027861850586895026,0.024004229684874145,0.15777777777777777,-0.020034944935981062,-0.013171046894142346,0.0,-0.0020172193094195427,,,,,,,,,,,,,,,
B,bolivia/tile291,225,19,control NDWI gradient,0.025844631277475483,0.021987010375454603,0.06671051426497279,-0.018017725626561523,-0.011153827584722803,0.0020172193094195427,0.0,,,,,,,,,,,,,,,
B,bolivia/tile291,225,19,constant score,0.08444444444444445,0.08058682354242357,0.0,-0.07661753879353049,-0.06975364075169177,-0.05658259385754942,-0.05859981316696897,,,,,,,,,,,,,,,
B,bolivia/tile291,225,19,control S2 patch variance,0.022567269332198322,0.01870964843017744,60.851818682490766,-0.01474036368128436,-0.007876465639445641,0.005294581254696704,0.0032773619452771616,,,,,,,,,,,,,,,
B,bolivia/tile291,225,19,control NDWI level,0.006416198560862996,0.0025585776588421152,-0.26062415223675334,0.001410707090050966,0.008274605131889684,0.02144565202603203,0.019428432716612487,,,,,,,,,,,,,,,
B,bolivia/tile291,225,19,dihedral consistency (8 transforms),0.00801436843860758,0.004156747536586699,0.023857801462614184,-0.00018746278769361802,0.0066764352541451005,0.019847482148287444,0.017830262838867905,,0.942273493468184,0.8531942688579853,0.6733580705818643,0.7211715128529286,,,,,,,,,,
B,bolivia/tile291,225,19,"boundary first, then confidence",0.00994143922407587,0.00608381832205499,1.46,-0.0021145335731619086,0.00474936446867681,0.017920411362819154,0.015903192053399615,,0.8776201011378002,0.9016687737041723,0.8784592884646553,0.7564664981036667,,,,,,,,,,
B,bolivia/tile291,225,19,combination conf+dihedral (prereg),0.007642732497720762,0.003785111595699881,0.5,0.00018417315319320003,0.007048071195031919,0.020219118089174263,0.01820189877975472,,,,,,,,,,,,,,,
B,bolivia/tile292,177,12,confidence (baseline),0.006892729403509304,0.004349625084680373,-6.141585971002525,0.0,0.0014410484550396088,0.0011672992199452219,0.010620322462815931,,,,,,,,,,,,,,,
B,bolivia/tile292,177,12,tile-phase (aligned),0.008333777858548913,0.005790673539719982,0.04256336835667773,-0.0014410484550396088,0.0,-0.0002737492350943869,0.009179274007776322,,,,,,,,,,,,,,,
B,bolivia/tile292,177,12,boundary indicator,0.008060028623454526,0.005516924304625595,0.10310734463276836,-0.0011672992199452219,0.0002737492350943869,0.0,0.00945302324287071,,,,,,,,,,,,,,,
B,bolivia/tile292,177,12,control NDWI gradient,0.017513051866325235,0.014969947547496304,0.05416493508980984,-0.010620322462815931,-0.009179274007776322,-0.00945302324287071,0.0,,,,,,,,,,,,,,,
B,bolivia/tile292,177,12,constant score,0.06779661016949154,0.06525350585066261,0.0,-0.06090388076598224,-0.05946283231094263,-0.05973658154603702,-0.05028355830316631,,,,,,,,,,,,,,,
B,bolivia/tile292,177,12,control S2 patch variance,0.0173073814791666,0.014764277160337668,46.030225179901954,-0.010414652075657295,-0.008973603620617686,-0.009247352855712073,0.00020567038715863656,,,,,,,,,,,,,,,
B,bolivia/tile292,177,12,control NDWI level,0.004577581112928632,0.0020344767940997013,-0.3100051252115892,0.002315148290580672,0.0037561967456202806,0.0034824475105258938,0.012935470753396603,,,,,,,,,,,,,,,
B,bolivia/tile292,177,12,dihedral consistency (8 transforms),0.006435249756960721,0.00389214543813179,0.01932701123186527,0.0004574796465485831,0.0018985281015881919,0.001624778866493805,0.011077802109364515,,0.9353975866068803,0.8815507002995105,0.6986619125000213,0.7188912068696871,,,,,,,,,,
B,bolivia/tile292,177,12,"boundary first, then confidence",0.005926583293444544,0.0033834789746156127,1.0502673527037933,0.0009661461100647604,0.002407194565104369,0.0021334453300099823,0.011586468572880692,,0.9652165821228857,0.8593363168920211,0.8144924025457826,0.6950277869150467,,,,,,,,,,
B,bolivia/tile292,177,12,combination conf+dihedral (prereg),0.006682833129478038,0.0041397288106491065,0.5,0.00020989627403126664,0.0016509447290708754,0.0013771954939764885,0.010830218736847197,,,,,,,,,,,,,,,
B,bolivia/tile293,157,8,confidence (baseline),0.010667327804729829,0.009184545948006217,-4.277476397479416,0.0,-0.0035412928354488374,0.004041645702417124,0.015696177512974533,,,,,,,,,,,,,,,
B,bolivia/tile293,157,8,tile-phase (aligned),0.00712603496928099,0.00564325311255738,0.05868628179019756,0.0035412928354488374,0.0,0.007582938537865962,0.01923747034842337,,,,,,,,,,,,,,,
B,bolivia/tile293,157,8,boundary indicator,0.014708973507146953,0.013226191650423342,0.10429936305732485,-0.004041645702417124,-0.007582938537865962,0.0,0.011654531810557409,,,,,,,,,,,,,,,
B,bolivia/tile293,157,8,control NDWI gradient,0.02636350531770436,0.02488072346098075,0.053767207142566435,-0.015696177512974533,-0.01923747034842337,-0.011654531810557409,0.0,,,,,,,,,,,,,,,
B,bolivia/tile293,157,8,constant score,0.050955414012738856,0.049472632156015245,0.0,-0.04028808620800903,-0.043829379043457864,-0.036246440505591906,-0.024591908695034494,,,,,,,,,,,,,,,
B,bolivia/tile293,157,8,control S2 patch variance,0.03269309494194016,0.031210313085216546,59.098276545188426,-0.022025767137210328,-0.025567059972659165,-0.017984121434793204,-0.006329589624235795,,,,,,,,,,,,,,,
B,bolivia/tile293,157,8,control NDWI level,0.01253715032335651,0.0110543684666329,-0.2215754946149748,-0.0018698225186266817,-0.005411115354075519,0.0021718231837904427,0.013826354994347851,,,,,,,,,,,,,,,
B,bolivia/tile293,157,8,dihedral consistency (8 transforms),0.009668355758189733,0.008185573901466122,0.03188349910038353,0.0009989720465400954,-0.002542320788908742,0.00504061774895722,0.01669514955951463,,0.9531440904495816,0.7994405819931906,0.4216275522031158,0.30800550735243953,,,,,,,,,,
B,bolivia/tile293,157,8,"boundary first, then confidence",0.008774883633230592,0.007292101776506982,1.0951717470427662,0.0018924441714992359,-0.0016488486639496015,0.00593408987391636,0.017588621684473768,,0.8059929669620869,0.8606509591351975,0.8106549230811952,0.3729618764690925,,,,,,,,,,
B,bolivia/tile293,157,8,combination conf+dihedral (prereg),0.009660220405708875,0.008177438548985264,0.5,0.0010071073990209536,-0.002534185436427884,0.005048753101438078,0.016703284911995485,,,,,,,,,,,,,,,
B,bolivia/tile294,179,25,confidence (baseline),0.03128072042191019,0.020649555737903016,-3.7235458018726475,0.0,0.0017843675762513334,-0.008333779450501962,0.09797199406046149,,,,,,,,,,,,,,,
B,bolivia/tile294,179,25,tile-phase (aligned),0.033065087998161526,0.02243392331415435,0.07746876727119927,-0.0017843675762513334,0.0,-0.010118147026753295,0.09618762648421016,,,,,,,,,,,,,,,
B,bolivia/tile294,179,25,boundary indicator,0.02294694097140823,0.012315776287401055,0.210195530726257,0.008333779450501962,0.010118147026753295,0.0,0.10630577351096346,,,,,,,,,,,,,,,
B,bolivia/tile294,179,25,control NDWI gradient,0.1292527144823717,0.1186215497983645,0.07935128995200014,-0.09797199406046149,-0.09618762648421016,-0.10630577351096346,0.0,,,,,,,,,,,,,,,
B,bolivia/tile294,179,25,constant score,0.13966480446927373,0.12903363978526655,0.0,-0.10838408404736354,-0.1065997164711122,-0.1167178634978655,-0.010412089986902046,,,,,,,,,,,,,,,
B,bolivia/tile294,179,25,control S2 patch variance,0.06607767699118977,0.055446512307182595,61.99079413795554,-0.03479695656927958,-0.033012588993028245,-0.04313073601978154,0.06317503749118192,,,,,,,,,,,,,,,
B,bolivia/tile294,179,25,control NDWI level,0.0479979951336237,0.03736683044961652,-0.19087555913627818,-0.016717274711713505,-0.014932907135462171,-0.025051054162215466,0.08125471934874798,,,,,,,,,,,,,,,
B,bolivia/tile294,179,25,dihedral consistency (8 transforms),0.03252685730198927,0.021895692617982097,0.04998564250907385,-0.001246136880079081,0.0005382306961722524,-0.009579916330581043,0.0967258571803824,,0.9442470654698386,0.8495721130709517,0.7913614923427678,0.3344652982654364,,,,,,,,,,
B,bolivia/tile294,179,25,"boundary first, then confidence",0.029284279304190336,0.01865311462018316,1.6224561053471669,0.0019964411177198563,0.0037808086939711896,-0.006337338332782105,0.09996843517818135,,0.9571087816207399,0.8793421630782754,0.877775621095076,0.33064674743163214,,,,,,,,,,
B,bolivia/tile294,179,25,combination conf+dihedral (prereg),0.030153697498070186,0.01952253281406301,0.5,0.0011270229238400063,0.0029113905000913397,-0.007206756526661955,0.0990990169843015,,,,,,,,,,,,,,,
B,bolivia/tile295,160,7,confidence (baseline),0.003828434920133053,0.0027207060000458425,-5.816836413647979,0.0,0.00028547010392967727,-0.0003320756418802055,0.026034241558388016,,,,,,,,,,,,,,,
B,bolivia/tile295,160,7,tile-phase (aligned),0.00411390502406273,0.0030061761039755198,0.037921826659419365,-0.00028547010392967727,0.0,-0.0006175457458098828,0.02574877145445834,,,,,,,,,,,,,,,
B,bolivia/tile295,160,7,boundary indicator,0.0034963592782528475,0.002388630358165637,0.07734375,0.0003320756418802055,0.0006175457458098828,0.0,0.02636631720026822,,,,,,,,,,,,,,,
B,bolivia/tile295,160,7,control NDWI gradient,0.029862676478521068,0.028754947558433858,0.05164183239369953,-0.026034241558388016,-0.02574877145445834,-0.02636631720026822,0.0,,,,,,,,,,,,,,,
B,bolivia/tile295,160,7,constant score,0.043750000000000004,0.042642271079912794,0.0,-0.03992156507986695,-0.03963609497593727,-0.040253640721747155,-0.013887323521478936,,,,,,,,,,,,,,,
B,bolivia/tile295,160,7,control S2 patch variance,0.0039352552879472515,0.002827526367860041,52.5211020959454,-0.00010682036781419846,0.0001786497361154788,-0.00043889600969440395,0.025927421190573816,,,,,,,,,,,,,,,
B,bolivia/tile295,160,7,control NDWI level,0.006165191196712049,0.005057462276624838,-0.2944784534992639,-0.0023367562765789955,-0.0020512861726493183,-0.002668831918459201,0.023697485281809018,,,,,,,,,,,,,,,
B,bolivia/tile295,160,7,dihedral consistency (8 transforms),0.002723267130109247,0.0016155382100220364,0.020025337818572096,0.0011051677900238061,0.0013906378939534834,0.0007730921481436006,0.02713940934841182,,0.9690818000703156,0.8610043361068793,0.5714754899495518,0.1025166998710887,,,,,,,,,,
B,bolivia/tile295,160,7,"boundary first, then confidence",0.0029344029282071375,0.001826674008119927,0.8743303571428571,0.0008940319919259155,0.0011795020958555928,0.00056195635004571,0.02692827355031393,,0.9394204851752025,0.9115287706551028,0.7344790964246299,0.1577434665416618,,,,,,,,,,
B,bolivia/tile295,160,7,combination conf+dihedral (prereg),0.00304160309053179,0.0019338741704445794,0.5,0.0007868318296012631,0.0010723019335309404,0.0004547561877210576,0.026821073387989277,,,,,,,,,,,,,,,
B,bolivia/tile296,72,8,confidence (baseline),0.013111776212226882,0.005928887201955924,-5.33947448598014,0.0,0.009759002541064172,0.046008299725911035,0.2360272567190197,,,,,,,,,,,,,,,
B,bolivia/tile296,72,8,tile-phase (aligned),0.022870778753291056,0.015687889743020097,0.05827305332028724,-0.009759002541064172,0.0,0.03624929718484686,0.2262682541779555,,,,,,,,,,,,,,,
B,bolivia/tile296,72,8,boundary indicator,0.059120075938137916,0.05193718692786696,0.10416666666666667,-0.046008299725911035,-0.03624929718484686,0.0,0.19001895699310867,,,,,,,,,,,,,,,
B,bolivia/tile296,72,8,control NDWI gradient,0.24913903293124656,0.2419561439209756,0.05483355371858524,-0.2360272567190197,-0.2262682541779555,-0.19001895699310867,0.0,,,,,,,,,,,,,,,
B,bolivia/tile296,72,8,constant score,0.11111111111111113,0.10392822210084017,0.0,-0.09799933489888425,-0.08824033235782007,-0.05199103517297321,0.13802792182013546,,,,,,,,,,,,,,,
B,bolivia/tile296,72,8,control S2 patch variance,0.00988126116877182,0.002698372158500862,85.92304580640457,0.0032305150434550622,0.012989517584519234,0.0492388147693661,0.23925777176247476,,,,,,,,,,,,,,,
B,bolivia/tile296,72,8,control NDWI level,0.008475163479628761,0.001292274469357803,-0.2565655808989906,0.004636612732598121,0.014395615273662295,0.050644912458509155,0.2406638694516178,,,,,,,,,,,,,,,
B,bolivia/tile296,72,8,dihedral consistency (8 transforms),0.011882221233233327,0.004699332222962369,0.023493591704815724,0.0012295549789935554,0.010988557520057729,0.04723785470490459,0.23725681169801324,,0.9468776127082126,0.7925268506013251,0.4908098807302861,0.19801916521962828,,,,,,,,,,
B,bolivia/tile296,72,8,"boundary first, then confidence",0.0218487904979108,0.01466590148763984,1.0775669642857144,-0.008737014285683915,0.0010219882553802566,0.03727128544022712,0.2272902424333358,,0.8065148884172612,0.8133320470769821,0.8431725481632291,0.24191266319377444,,,,,,,,,,
B,bolivia/tile296,72,8,combination conf+dihedral (prereg),0.011982111457964906,0.004799222447693948,0.5,0.0011296647542619765,0.01088866729532615,0.04713796448017301,0.23715692147328166,,,,,,,,,,,,,,,
B,bolivia/tile297,84,3,confidence (baseline),0.10210047410487225,0.10124326228097137,-3.6592965644030344,0.0,-0.00351612610315144,-0.0763956082848748,0.006251883664858335,,,,,,,,,,,,,,,
B,bolivia/tile297,84,3,tile-phase (aligned),0.0985843480017208,0.09772713617781993,0.03091509621507222,0.00351612610315144,0.0,-0.07287948218172335,0.009768009768009775,,,,,,,,,,,,,,,
B,bolivia/tile297,84,3,boundary indicator,0.025704865819997463,0.024847653996096584,0.020833333333333332,0.0763956082848748,0.07287948218172335,0.0,0.08264749194973312,,,,,,,,,,,,,,,
B,bolivia/tile297,84,3,control NDWI gradient,0.10835235776973058,0.1074951459458297,0.025474701396760585,-0.006251883664858335,-0.009768009768009775,-0.08264749194973312,0.0,,,,,,,,,,,,,,,
B,bolivia/tile297,84,3,constant score,0.035714285714285705,0.034857073890384824,0.0,0.06638618839058655,0.06287006228743511,-0.01000941989428824,0.07263807205544488,,,,,,,,,,,,,,,
B,bolivia/tile297,84,3,control S2 patch variance,0.0008572118239008798,0.0,29.651062254957743,0.10124326228097137,0.09772713617781993,0.024847653996096584,0.1074951459458297,,,,,,,,,,,,,,,
B,bolivia/tile297,84,3,control NDWI level,0.0008572118239008798,0.0,-0.3162997424281462,0.10124326228097137,0.09772713617781993,0.024847653996096584,0.1074951459458297,,,,,,,,,,,,,,,
B,bolivia/tile297,84,3,dihedral consistency (8 transforms),0.07757951081350237,0.07672229898960149,0.02307568859915981,0.02452096329136988,0.02100483718821844,-0.05187464499350491,0.030772846956228214,,0.7801154196618406,0.8227801964159163,0.31338895530790467,0.4289359117140834,,,,,,,,,,
B,bolivia/tile297,84,3,"boundary first, then confidence",0.10166489084612641,0.10080767902222554,0.6295705782312926,0.0004355832587458336,-0.0030805428444056066,-0.07596002502612895,0.006687466923604168,,0.9829907866761163,0.8191758631163308,0.44627312883209563,0.31791029664878,,,,,,,,,,
B,bolivia/tile297,84,3,combination conf+dihedral (prereg),0.08946608531202954,0.08860887348812867,0.5,0.012634388792842705,0.009118262689691264,-0.06376121949203209,0.01888627245770104,,,,,,,,,,,,,,,
B,bolivia/tile298,158,28,confidence (baseline),0.03786708858316393,0.020585286081242767,-4.099725382991984,0.0,0.020287261470096216,0.08438356600693755,0.007230245848379724,,,,,,,,,,,,,,,
B,bolivia/tile298,158,28,tile-phase (aligned),0.05815435005326014,0.040872547551338984,0.08588712416899455,-0.020287261470096216,0.0,0.06409630453684134,-0.013057015621716492,,,,,,,,,,,,,,,
B,bolivia/tile298,158,28,boundary indicator,0.12225065459010148,0.10496885208818033,0.1906645569620253,-0.08438356600693755,-0.06409630453684134,0.0,-0.07715332015855783,,,,,,,,,,,,,,,
B,bolivia/tile298,158,28,control NDWI gradient,0.04509733443154365,0.02781553192962249,0.09737301042356006,-0.007230245848379724,0.013057015621716492,0.07715332015855783,0.0,,,,,,,,,,,,,,,
B,bolivia/tile298,158,28,constant score,0.1772151898734177,0.15993338737149654,0.0,-0.13934810129025377,-0.11906083982015755,-0.05496453528331621,-0.13211785544187404,,,,,,,,,,,,,,,
B,bolivia/tile298,158,28,control S2 patch variance,0.12549642165099859,0.10821461914907743,123.7242607477122,-0.08762933306783466,-0.06734207159773845,-0.0032457670608971034,-0.08039908721945493,,,,,,,,,,,,,,,
B,bolivia/tile298,158,28,control NDWI level,0.032658878065442216,0.015377075563521057,-0.2500259128605659,0.0052082105177217106,0.025495471987817927,0.08959177652465927,0.012438456366101434,,,,,,,,,,,,,,,
B,bolivia/tile298,158,28,dihedral consistency (8 transforms),0.04068651369687069,0.023404711194949527,0.03955137567510651,-0.0028194251137067597,0.017467836356389457,0.0815641408932308,0.004410820734672964,,0.9569398152303386,0.82238624556749,0.5369195661096005,0.7227664031374034,,,,,,,,,,
B,bolivia/tile298,158,28,"boundary first, then confidence",0.06868478194579326,0.05140297944387211,1.6583126130198913,-0.03081769336262934,-0.010530431892533124,0.05356587264430822,-0.023587447514249616,,0.8193194281967687,0.879727819958348,0.857113073877913,0.6053176422624467,,,,,,,,,,
B,bolivia/tile298,158,28,combination conf+dihedral (prereg),0.038477261705061154,0.021195459203139994,0.5,-0.000610173121897227,0.01967708834819899,0.08377339288504033,0.006620072726482497,,,,,,,,,,,,,,,
B,bolivia/tile299,225,14,confidence (baseline),0.010441044707641822,0.00832573452975447,-5.90431625061565,0.0,-0.0003570224047852351,-0.0048426070587809945,0.004043832143794796,,,,,,,,,,,,,,,
B,bolivia/tile299,225,14,tile-phase (aligned),0.010084022302856587,0.007968712124969236,0.055377287361512165,0.0003570224047852351,0.0,-0.004485584653995759,0.004400854548580031,,,,,,,,,,,,,,,
B,bolivia/tile299,225,14,boundary indicator,0.0055984376488608266,0.0034831274709734763,0.13444444444444445,0.0048426070587809945,0.004485584653995759,0.0,0.00888643920257579,,,,,,,,,,,,,,,
B,bolivia/tile299,225,14,control NDWI gradient,0.014484876851436616,0.012369566673549267,0.06365050790232303,-0.004043832143794796,-0.004400854548580031,-0.00888643920257579,0.0,,,,,,,,,,,,,,,
B,bolivia/tile299,225,14,constant score,0.06222222222222221,0.060106912044334854,0.0,-0.05178117751458038,-0.05213819991936562,-0.056623784573361376,-0.04773734537078558,,,,,,,,,,,,,,,
B,bolivia/tile299,225,14,control S2 patch variance,0.026125804926056123,0.024010494748168774,82.98428856007051,-0.015684760218414303,-0.016041782623199538,-0.0205273672771953,-0.011640928074619507,,,,,,,,,,,,,,,
B,bolivia/tile299,225,14,control NDWI level,0.007448280163339644,0.0053329699854522935,-0.30869684384117696,0.0029927645443021773,0.002635742139516942,-0.0018498425144788172,0.0070365966880969735,,,,,,,,,,,,,,,
B,bolivia/tile299,225,14,dihedral consistency (8 transforms),0.010277723367163675,0.008162413189276324,0.024030420269876535,0.00016332134047814667,-0.00019370106430708842,-0.004679285718302848,0.004207153484272943,,0.9520048461862608,0.8967551622418876,0.6672632936296379,0.7662031184155076,,,,,,,,,,
B,bolivia/tile299,225,14,"boundary first, then confidence",0.007713023484736593,0.005597713306849243,1.2822222222222222,0.002728021222905228,0.002370998818119993,-0.0021145858358757666,0.006771853366700024,,0.9325094816687736,0.925292878213232,0.8463186519124856,0.7970585756426464,,,,,,,,,,
B,bolivia/tile299,225,14,combination conf+dihedral (prereg),0.009845388052979426,0.007730077875092076,0.5,0.0005956566546623946,0.00023863424987715948,-0.0042469504041186,0.004639488798457191,,,,,,,,,,,,,,,
B,bolivia/tile300,225,19,confidence (baseline),0.007812081926215762,0.003954461024194882,-6.837927374309964,0.0,0.005087369965794735,0.019010225410957735,0.005441885550563259,,,,,,,,,,,,,,,
B,bolivia/tile300,225,19,tile-phase (aligned),0.012899451892010498,0.009041830989989617,0.0366856435894038,-0.005087369965794735,0.0,0.013922855445163,0.0003545155847685232,,,,,,,,,,,,,,,
B,bolivia/tile300,225,19,boundary indicator,0.026822307337173498,0.022964686435152617,0.08888888888888889,-0.019010225410957735,-0.013922855445163,0.0,-0.013568339860394477,,,,,,,,,,,,,,,
B,bolivia/tile300,225,19,control NDWI gradient,0.013253967476779021,0.00939634657475814,0.05844272004609831,-0.005441885550563259,-0.0003545155847685232,0.013568339860394477,0.0,,,,,,,,,,,,,,,
B,bolivia/tile300,225,19,constant score,0.08444444444444445,0.08058682354242357,0.0,-0.07663236251822869,-0.07154499255243395,-0.057622137107270946,-0.07119047696766542,,,,,,,,,,,,,,,
B,bolivia/tile300,225,19,control S2 patch variance,0.014977160721096606,0.011119539819075725,53.616662658580104,-0.0071650787948808435,-0.002077708829086108,0.011845146616076892,-0.0017231932443175849,,,,,,,,,,,,,,,
B,bolivia/tile300,225,19,control NDWI level,0.011772006897365435,0.007914385995344555,-0.2635154445842652,-0.003959924971149673,0.0011274449946450625,0.015050300439808062,0.0014819605794135857,,,,,,,,,,,,,,,
B,bolivia/tile300,225,19,dihedral consistency (8 transforms),0.007116436063261239,0.0032588151612403583,0.014234272791274837,0.0006956458629545233,0.005783015828749259,0.019705871273912257,0.006137531413517782,,0.9074273072060686,0.8589032869785086,0.5663488172189975,0.7093352296670877,,,,,,,,,,
B,bolivia/tile300,225,19,"boundary first, then confidence",0.009402207576833563,0.005544586674812682,0.9977777777777778,-0.0015901256506178005,0.003497244315176935,0.017420099760339935,0.003851759899945458,,0.9393594605983987,0.8711799410029497,0.7463924890757503,0.6391150442477871,,,,,,,,,,
B,bolivia/tile300,225,19,combination conf+dihedral (prereg),0.007298994282520522,0.003441373380499641,0.5,0.0005130876436952405,0.0056004576094899755,0.019523313054652977,0.005954973194258499,,,,,,,,,,,,,,,
B,bolivia/tile301,225,14,confidence (baseline),0.006832538681079479,0.004717228503192129,-7.082808070050346,0.0,0.002829004702342086,0.020889010444701137,0.004352695134425126,,,,,,,,,,,,,,,
B,bolivia/tile301,225,14,tile-phase (aligned),0.009661543383421565,0.007546233205534215,0.047159890729089965,-0.002829004702342086,0.0,0.01806000574235905,0.0015236904320830398,,,,,,,,,,,,,,,
B,bolivia/tile301,225,14,boundary indicator,0.027721549125780613,0.025606238947893264,0.12222222222222222,-0.020889010444701137,-0.01806000574235905,0.0,-0.01653631531027601,,,,,,,,,,,,,,,
B,bolivia/tile301,225,14,control NDWI gradient,0.011185233815504604,0.009069923637617255,0.060263400465959446,-0.004352695134425126,-0.0015236904320830398,0.01653631531027601,0.0,,,,,,,,,,,,,,,
B,bolivia/tile301,225,14,constant score,0.06222222222222221,0.060106912044334854,0.0,-0.05538968354114272,-0.05256067883880064,-0.034500673096441586,-0.051036988406717596,,,,,,,,,,,,,,,
B,bolivia/tile301,225,14,control S2 patch variance,0.010911578382860141,0.008796268204972792,59.88041279747262,-0.004079039701780663,-0.0012500349994385767,0.016809970742920472,0.00027365543264446304,,,,,,,,,,,,,,,
B,bolivia/tile301,225,14,control NDWI level,0.01008934840510955,0.007974038227222199,-0.3080453529935136,-0.0032568097240300697,-0.0004278050216879837,0.017632200720671065,0.001095885410395056,,,,,,,,,,,,,,,
B,bolivia/tile301,225,14,dihedral consistency (8 transforms),0.006704830077620012,0.004589519899732662,0.01558894823803712,0.0001277086034594671,0.002956713305801553,0.021016719048160604,0.004480403737884593,,0.9133786346396957,0.8323777918246937,0.6764709665365753,0.738123683101559,,,,,,,,,,
B,bolivia/tile301,225,14,"boundary first, then confidence",0.010517667060081112,0.008402356882193762,1.22,-0.0036851283790016332,-0.0008561236766595473,0.0172038820656995,0.0006675667554234925,,0.9231458069953643,0.8702296670880744,0.8397036537730985,0.6992319848293299,,,,,,,,,,
B,bolivia/tile301,225,14,combination conf+dihedral (prereg),0.006659269978755128,0.004543959800867778,0.5,0.0001732687023243513,0.0030022734046664373,0.021062279147025485,0.004525963836749477,,,,,,,,,,,,,,,
B,bolivia/tile302,161,9,confidence (baseline),0.014961038968921274,0.01319540902666589,-3.9920754886191823,0.0,0.0004341070509523495,-0.012242827678949167,0.050033603811749684,,,,,,,,,,,,,,,
B,bolivia/tile302,161,9,tile-phase (aligned),0.015395146019873624,0.01362951607761824,0.04987414310893633,-0.0004341070509523495,0.0,-0.012676934729901517,0.049599496760797335,,,,,,,,,,,,,,,
B,bolivia/tile302,161,9,boundary indicator,0.002718211289972107,0.0009525813477167233,0.10093167701863354,0.012242827678949167,0.012676934729901517,0.0,0.06227643149069885,,,,,,,,,,,,,,,
B,bolivia/tile302,161,9,control NDWI gradient,0.06499464278067096,0.06322901283841557,0.056509812788982906,-0.050033603811749684,-0.049599496760797335,-0.06227643149069885,0.0,,,,,,,,,,,,,,,
B,bolivia/tile302,161,9,constant score,0.055900621118012424,0.05413499117575704,0.0,-0.04093958214909115,-0.0405054750981388,-0.05318240982804032,0.009094021662658533,,,,,,,,,,,,,,,
B,bolivia/tile302,161,9,control S2 patch variance,0.010519506333265583,0.008753876391010199,52.202792430929186,0.004441532635655691,0.004875639686608041,-0.007801295043293475,0.05447513644740538,,,,,,,,,,,,,,,
B,bolivia/tile302,161,9,control NDWI level,0.015855778652424043,0.014090148710168659,-0.23036202457990593,-0.0008947396835027686,-0.00046063263255041904,-0.013137567362451936,0.04913886412824692,,,,,,,,,,,,,,,
B,bolivia/tile302,161,9,dihedral consistency (8 transforms),0.011770594364682896,0.010004964422427511,0.03626231894006241,0.0031904446042383787,0.0036245516551907282,-0.009052383074710789,0.05322404841598806,,0.9377501725327815,0.8807884748102139,0.5642384474839384,0.3765873015873016,,,,,,,,,,
B,bolivia/tile302,161,9,"boundary first, then confidence",0.008219928754666877,0.006454298812411494,1.09472049689441,0.006741110214254396,0.007175217265206746,-0.00550171746469477,0.05677471402600408,,0.8935731538992409,0.8772803082585688,0.8221631102247676,0.2695594662985968,,,,,,,,,,
B,bolivia/tile302,161,9,combination conf+dihedral (prereg),0.013223035341102614,0.01145740539884723,0.5,0.00173800362781866,0.0021721106787710096,-0.010504824051130507,0.051771607439568344,,,,,,,,,,,,,,,
B,bolivia/tile303,21,3,confidence (baseline),0.019222659824163584,0.005151768309663048,-3.9854948194254014,0.0,0.005777310924369745,0.024194891631866423,0.024439091876066667,,,,,,,,,,,,,,,
B,bolivia/tile303,21,3,tile-phase (aligned),0.02499997074853333,0.010929079234032793,0.07854849676784527,-0.005777310924369745,0.0,0.018417580707496675,0.01866178095169692,,,,,,,,,,,,,,,
B,bolivia/tile303,21,3,boundary indicator,0.043417551456030004,0.02934665994152947,0.20833333333333334,-0.024194891631866423,-0.018417580707496675,0.0,0.00024420024420024333,,,,,,,,,,,,,,,
B,bolivia/tile303,21,3,control NDWI gradient,0.04366175170023025,0.029590860185729713,0.07796553792059052,-0.024439091876066667,-0.01866178095169692,-0.00024420024420024333,0.0,,,,,,,,,,,,,,,
B,bolivia/tile303,21,3,constant score,0.14285714285714285,0.12878625134264232,0.0,-0.12363448303297928,-0.11785717210860953,-0.09943959140111286,-0.09919539115691262,,,,,,,,,,,,,,,
B,bolivia/tile303,21,3,control S2 patch variance,0.03320102894959153,0.019130137435090996,76.44172289165259,-0.013978369125427948,-0.008201058201058204,0.010216522506438473,0.010460722750638717,,,,,,,,,,,,,,,
B,bolivia/tile303,21,3,control NDWI level,0.028174573923136503,0.014103682408635966,-0.24568022846924398,-0.008951914098972918,-0.0031746031746031737,0.015242977532893503,0.015487177777093747,,,,,,,,,,,,,,,
B,bolivia/tile303,21,3,dihedral consistency (8 transforms),0.014070891514500536,0.0,0.04193293438930552,0.005151768309663048,0.010929079234032793,0.02934665994152947,0.029590860185729713,,0.9519480519480519,0.8948051948051948,0.7854190708679774,0.6493506493506492,,,,,,,,,,
B,bolivia/tile303,21,3,"boundary first, then confidence",0.019222659824163584,0.005151768309663048,1.3633078231292517,0.0,0.005777310924369745,0.024194891631866423,0.024439091876066667,,0.9870129870129868,0.9272727272727272,0.8488037678152174,0.7597402597402596,,,,,,,,,,
B,bolivia/tile303,21,3,combination conf+dihedral (prereg),0.014070891514500536,0.0,0.5,0.005151768309663048,0.010929079234032793,0.02934665994152947,0.029590860185729713,,,,,,,,,,,,,,,
B,bolivia/tile304,118,23,confidence (baseline),0.05302059767319086,0.03183064529811574,-3.467314068796271,0.0,0.012981370576732466,0.027616784442536256,0.14238797066532402,,,,,,,,,,,,,,,
B,bolivia/tile304,118,23,tile-phase (aligned),0.06600196824992333,0.044812015874848204,0.06288713826383543,-0.012981370576732466,0.0,0.01463541386580379,0.12940660008859156,,,,,,,,,,,,,,,
B,bolivia/tile304,118,23,boundary indicator,0.08063738211572712,0.059447429740651994,0.15148305084745764,-0.027616784442536256,-0.01463541386580379,0.0,0.11477118622278777,,,,,,,,,,,,,,,
B,bolivia/tile304,118,23,control NDWI gradient,0.1954085683385149,0.17421861596343977,0.031141067661791137,-0.14238797066532402,-0.12940660008859156,-0.11477118622278777,0.0,,,,,,,,,,,,,,,
B,bolivia/tile304,118,23,constant score,0.19491525423728803,0.1737253018622129,0.0,-0.14189465656409717,-0.1289132859873647,-0.11427787212156092,0.0004933141012268549,,,,,,,,,,,,,,,
B,bolivia/tile304,118,23,control S2 patch variance,0.028930407726562024,0.007740455351486902,57.024373135331636,0.024090189946628836,0.0370715605233613,0.05170697438916509,0.16647816061195286,,,,,,,,,,,,,,,
B,bolivia/tile304,118,23,control NDWI level,0.02445890634064244,0.0032689539655673186,-0.2990042657302304,0.02856169133254842,0.041543061909280886,0.056178475775084676,0.17094966199787245,,,,,,,,,,,,,,,
B,bolivia/tile304,118,23,dihedral consistency (8 transforms),0.04439838185691949,0.023208429481844366,0.042179721130859264,0.008622215816271372,0.02160358639300384,0.03623900025880763,0.1510101864815954,,0.8936085516344744,0.7944919819296694,0.7085776533023135,0.466245950792312,,,,,,,,,,
B,bolivia/tile304,118,23,"boundary first, then confidence",0.05382428059208578,0.03263432821701066,1.3164346246973369,-0.0008036829188949185,0.012177687657837548,0.026813101523641338,0.14158428774642912,,0.8901318023950135,0.8951351074980184,0.8670080727279308,0.5245253251235307,,,,,,,,,,
B,bolivia/tile304,118,23,combination conf+dihedral (prereg),0.04716989967745076,0.02597994730237564,0.5000000000000001,0.0058506979957400965,0.018832068572472563,0.03346748243827635,0.1482386686610641,,,,,,,,,,,,,,,
B,bolivia/tile306,225,20,confidence (baseline),0.007550698891072151,0.003280304843483949,-7.11868748082055,0.0,0.0031925613445203177,0.017580986733585782,0.004197420586066525,,,,,,,,,,,,,,,
B,bolivia/tile306,225,20,tile-phase (aligned),0.010743260235592468,0.0064728661880042665,0.054700642189956045,-0.0031925613445203177,0.0,0.014388425389065464,0.001004859241546207,,,,,,,,,,,,,,,
B,bolivia/tile306,225,20,boundary indicator,0.02513168562465793,0.02086129157706973,0.1388888888888889,-0.017580986733585782,-0.014388425389065464,0.0,-0.013383566147519257,,,,,,,,,,,,,,,
B,bolivia/tile306,225,20,control NDWI gradient,0.011748119477138675,0.0074777254295504735,0.06073487916374969,-0.004197420586066525,-0.001004859241546207,0.013383566147519257,0.0,,,,,,,,,,,,,,,
B,bolivia/tile306,225,20,constant score,0.08888888888888888,0.08461849484130067,0.0,-0.08133818999781672,-0.0781456286532964,-0.06375720326423094,-0.0771407694117502,,,,,,,,,,,,,,,
B,bolivia/tile306,225,20,control S2 patch variance,0.01885715698047365,0.014586762932885449,86.25015984456635,-0.0113064580894015,-0.008113896744881183,0.00627452864418428,-0.007109037503334976,,,,,,,,,,,,,,,
B,bolivia/tile306,225,20,control NDWI level,0.007093386352596664,0.002822992305008462,-0.34183514396789183,0.00045731253847548694,0.0036498738829958046,0.018038299272061267,0.0046547331245420116,,,,,,,,,,,,,,,
B,bolivia/tile306,225,20,dihedral consistency (8 transforms),0.008335691995236549,0.004065297947648347,0.015040037141164551,-0.0007849931041643979,0.0024075682403559198,0.01679599362942138,0.0034124274819021267,,0.9147661188369155,0.879011799410029,0.7833186455853852,0.8418615676359034,,,,,,,,,,
B,bolivia/tile306,225,20,"boundary first, then confidence",0.009288263816374894,0.005017869768786693,1.3622222222222222,-0.0017375649253027437,0.001454996419217574,0.015843421808283038,0.002459855660763781,,0.9709439528023596,0.8720143278550351,0.8607395213051108,0.7858291192583226,,,,,,,,,,
B,bolivia/tile306,225,20,combination conf+dihedral (prereg),0.007854501062064447,0.0035841070144762453,0.5,-0.00030380217099229643,0.0028887591735280212,0.017277184562593483,0.003893618415074228,,,,,,,,,,,,,,,
B,bolivia/tile307,225,9,confidence (baseline),0.004644933252250488,0.0037452935329798814,-6.872131556140052,0.0,0.001099461630123626,0.007581184314435755,-0.0021516538567863813,,,,,,,,,,,,,,,
B,bolivia/tile307,225,9,tile-phase (aligned),0.005744394882374114,0.004844755163103507,0.04574266545804575,-0.001099461630123626,0.0,0.006481722684312128,-0.0032511154869100073,,,,,,,,,,,,,,,
B,bolivia/tile307,225,9,boundary indicator,0.012226117566686243,0.011326477847415636,0.10333333333333333,-0.007581184314435755,-0.006481722684312128,0.0,-0.009732838171222136,,,,,,,,,,,,,,,
B,bolivia/tile307,225,9,control NDWI gradient,0.002493279395464107,0.0015936396761935,0.05604732764679317,0.0021516538567863813,0.0032511154869100073,0.009732838171222136,0.0,,,,,,,,,,,,,,,
B,bolivia/tile307,225,9,constant score,0.04,0.03910036028072939,0.0,-0.03535506674774951,-0.03425560511762588,-0.027773882433313756,-0.037506720604535894,,,,,,,,,,,,,,,
B,bolivia/tile307,225,9,control S2 patch variance,0.005728527463115442,0.004828887743844835,88.00323749143824,-0.0010835942108649538,1.586741925867219e-05,0.0064975901035708005,-0.003235248067651335,,,,,,,,,,,,,,,
B,bolivia/tile307,225,9,control NDWI level,0.0020080461795097472,0.0011084064602391403,-0.36460018002565864,0.002636887072740741,0.003736348702864367,0.010218071387176494,0.0004852332159543597,,,,,,,,,,,,,,,
B,bolivia/tile307,225,9,dihedral consistency (8 transforms),0.004761716257814929,0.0038620765385443223,0.014255879353521676,-0.00011678300556444091,0.000982678624559185,0.007464401308871313,-0.0022684368623508222,,0.953714707121786,0.8393984407922459,0.4397171912956567,0.7456278971765699,,,,,,,,,,
B,bolivia/tile307,225,9,"boundary first, then confidence",0.0043678775035981,0.003468237784327493,1.2022222222222223,0.00027705574865238836,0.0013765173787760143,0.007858240063088143,-0.001874598108133993,,0.8204814580699543,0.8763485040033707,0.8281741730339127,0.8044195111672988,,,,,,,,,,
B,bolivia/tile307,225,9,combination conf+dihedral (prereg),0.004551067654994929,0.003651427935724322,0.5,9.386559725555951e-05,0.0011933272273791855,0.007675049911691314,-0.002057788259530822,,,,,,,,,,,,,,,
B,bolivia/tile308,225,27,confidence (baseline),0.017848534634201312,0.010075656892078726,-5.817380729648802,0.0,0.012998855265747317,0.06663039238533669,0.010877118759718963,,,,,,,,,,,,,,,
B,bolivia/tile308,225,27,tile-phase (aligned),0.03084738989994863,0.023074512157826042,0.05204430909430812,-0.012998855265747317,0.0,0.053631537119589366,-0.0021217365060283537,,,,,,,,,,,,,,,
B,bolivia/tile308,225,27,boundary indicator,0.08447892701953799,0.07670604927741541,0.12111111111111111,-0.06663039238533669,-0.053631537119589366,0.0,-0.055753273625617716,,,,,,,,,,,,,,,
B,bolivia/tile308,225,27,control NDWI gradient,0.028725653393920275,0.02095277565179769,0.06586626767590774,-0.010877118759718963,0.0021217365060283537,0.055753273625617716,0.0,,,,,,,,,,,,,,,
B,bolivia/tile308,225,27,constant score,0.12000000000000004,0.11222712225787745,0.0,-0.10215146536579872,-0.0891526101000514,-0.035521072980462046,-0.09127434660607976,,,,,,,,,,,,,,,
B,bolivia/tile308,225,27,control S2 patch variance,0.03462122665070556,0.02684834890858297,48.670227087364765,-0.016772692016504245,-0.003773836750756928,0.04985770036883244,-0.005895573256785282,,,,,,,,,,,,,,,
B,bolivia/tile308,225,27,control NDWI level,0.012417802319984284,0.004644924577861697,-0.2717769373550926,0.005430732314217029,0.018429587579964345,0.07206112469955371,0.01630785107393599,,,,,,,,,,,,,,,
B,bolivia/tile308,225,27,dihedral consistency (8 transforms),0.020641644332223864,0.012868766590101277,0.02567202693230178,-0.0027931096980225514,0.010205745567724765,0.06383728268731413,0.008084009061696412,,0.9617646439106612,0.8683817951959538,0.619092031409873,0.6806278971765695,,,,,,,,,,
B,bolivia/tile308,225,27,"boundary first, then confidence",0.033056958605198604,0.025284080863076017,1.291111111111111,-0.015208423970997292,-0.002209568705249975,0.051421968414339395,-0.004331305211278329,,0.894661820480404,0.8881763590391907,0.8453568670620484,0.6761736198904331,,,,,,,,,,
B,bolivia/tile308,225,27,combination conf+dihedral (prereg),0.01894539267460967,0.011172514932487082,0.5,-0.0010968580404083564,0.01190199722533896,0.06553353434492833,0.009780260719310607,,,,,,,,,,,,,,,
B,bolivia/tile309,225,20,confidence (baseline),0.012394186694946489,0.008123792647358286,-6.460340085956785,0.0,0.0018067483629911792,0.07993257152963948,0.016602002403513852,,,,,,,,,,,,,,,
B,bolivia/tile309,225,20,tile-phase (aligned),0.014200935057937666,0.009930541010349465,0.02298956209068112,-0.0018067483629911792,0.0,0.07812582316664829,0.014795254040522673,,,,,,,,,,,,,,,
B,bolivia/tile309,225,20,boundary indicator,0.09232675822458597,0.08805636417699776,0.028888888888888888,-0.07993257152963948,-0.07812582316664829,0.0,-0.06333056912612563,,,,,,,,,,,,,,,
B,bolivia/tile309,225,20,control NDWI gradient,0.02899618909846034,0.024725795050872138,0.05960280563325831,-0.016602002403513852,-0.014795254040522673,0.06333056912612563,0.0,,,,,,,,,,,,,,,
B,bolivia/tile309,225,20,constant score,0.08888888888888888,0.08461849484130067,0.0,-0.07649470219394239,-0.0746879538309512,0.0034378693356970913,-0.059892699790428536,,,,,,,,,,,,,,,
B,bolivia/tile309,225,20,control S2 patch variance,0.0210266038168242,0.016756209769236,49.193718961748985,-0.008632417121877713,-0.0068256687588865335,0.07130015440776176,0.00796958528163614,,,,,,,,,,,,,,,
B,bolivia/tile309,225,20,control NDWI level,0.011866541671215106,0.007596147623626904,-0.2720213103538263,0.0005276450237313825,0.0023343933867225617,0.08046021655337086,0.017129647427245234,,,,,,,,,,,,,,,
B,bolivia/tile309,225,20,dihedral consistency (8 transforms),0.01465024448206336,0.010379850434475157,0.01815895461509677,-0.0022560577871168705,-0.00044930942412569133,0.0776765137425226,0.014345944616396981,,0.9529056047197638,0.9048651495996628,0.3543144707636489,0.5118973872734933,,,,,,,,,,
B,bolivia/tile309,225,20,"boundary first, then confidence",0.017349351151553137,0.013078957103964936,0.6777777777777778,-0.00495516445660665,-0.0031484160936154706,0.07497740707303283,0.011646837946907202,,0.9680257058575642,0.9075126422250323,0.4927003518158763,0.4808438685208597,,,,,,,,,,
B,bolivia/tile309,225,20,combination conf+dihedral (prereg),0.013349244452392797,0.009078850404804596,0.5,-0.0009550577574463093,0.0008516906055448699,0.07897751377219317,0.015646944646067543,,,,,,,,,,,,,,,
B,bolivia/tile310,202,19,confidence (baseline),0.009483831697520404,0.004682220739914819,-6.734627619238183,0.0,0.0025794685032292358,0.07574638184030509,0.029575856082759103,,,,,,,,,,,,,,,
B,bolivia/tile310,202,19,tile-phase (aligned),0.01206330020074964,0.007261689243144054,0.01626418066306731,-0.0025794685032292358,0.0,0.07316691333707587,0.026996387579529865,,,,,,,,,,,,,,,
B,bolivia/tile310,202,19,boundary indicator,0.0852302135378255,0.08042860258021992,0.017945544554455444,-0.07574638184030509,-0.07316691333707587,0.0,-0.046170525757545995,,,,,,,,,,,,,,,
B,bolivia/tile310,202,19,control NDWI gradient,0.0390596877802795,0.03425807682267392,0.0530266694245641,-0.029575856082759103,-0.026996387579529865,0.046170525757545995,0.0,,,,,,,,,,,,,,,
B,bolivia/tile310,202,19,constant score,0.09405940594059406,0.08925779498298847,0.0,-0.08457557424307365,-0.08199610573984442,-0.008829192402768554,-0.05499971816031455,,,,,,,,,,,,,,,
B,bolivia/tile310,202,19,control S2 patch variance,0.025783734945350318,0.02098212398774473,32.63293801468787,-0.016299903247829914,-0.013720434744600676,0.059446478592475184,0.013275952834929189,,,,,,,,,,,,,,,
B,bolivia/tile310,202,19,control NDWI level,0.011125622034682512,0.0063240110770769265,-0.3057542179706017,-0.0016417903371621079,0.0009376781660671279,0.07410459150314298,0.027934065745596995,,,,,,,,,,,,,,,
B,bolivia/tile310,202,19,dihedral consistency (8 transforms),0.009530626870309764,0.004729015912704178,0.011772427757487004,-4.6795172789359726e-05,0.002532673330439876,0.07569958666751574,0.02952906090996974,,0.9520011996788235,0.899056636051077,0.3246366181879383,0.5489906464361602,,,,,,,,,,
B,bolivia/tile310,202,19,"boundary first, then confidence",0.013056544579560323,0.008254933621954737,0.5935952970297029,-0.003572712882039918,-0.0009932443788106824,0.07217366895826519,0.026003143200719184,,0.9859445396050524,0.8771523060695154,0.4398367644544405,0.5030898281358168,,,,,,,,,,
B,bolivia/tile310,202,19,combination conf+dihedral (prereg),0.00932960527969789,0.004527994322092304,0.5,0.0001542264178225148,0.0027336949210517505,0.07590060825812761,0.029730082500581616,,,,,,,,,,,,,,,
B,bolivia/tile312,213,3,confidence (baseline),0.00015502211531079918,2.2356360384529416e-05,-5.106831190171936,0.0,0.00017885696685347374,-3.5318104872882625e-08,0.003933440124496593,,,,,,,,,,,,,,,
B,bolivia/tile312,213,3,tile-phase (aligned),0.0003338790821642729,0.00020121332723800316,0.013409327817020474,-0.00017885696685347374,0.0,-0.00017889228495834663,0.003754583157643119,,,,,,,,,,,,,,,
B,bolivia/tile312,213,3,boundary indicator,0.0001549867972059263,2.2321042279656534e-05,0.020539906103286387,3.5318104872882625e-08,0.00017889228495834663,0.0,0.0039334754426014655,,,,,,,,,,,,,,,
B,bolivia/tile312,213,3,control NDWI gradient,0.004088462239807392,0.003955796484881122,0.03402130396810026,-0.003933440124496593,-0.003754583157643119,-0.0039334754426014655,0.0,,,,,,,,,,,,,,,
B,bolivia/tile312,213,3,constant score,0.014084507042253523,0.013951841287327254,0.0,-0.013929484926942725,-0.01375062796008925,-0.013929520245047598,-0.009996044802446131,,,,,,,,,,,,,,,
B,bolivia/tile312,213,3,control S2 patch variance,0.0002442376617055717,0.00011157190677930193,18.86061042319097,-8.921554639477252e-05,8.964142045870123e-05,-8.92508644996454e-05,0.0038442245781018206,,,,,,,,,,,,,,,
B,bolivia/tile312,213,3,control NDWI level,0.00013266575492626976,0.0,-0.3998302589270723,2.2356360384529416e-05,0.00020121332723800316,2.2321042279656534e-05,0.003955796484881122,,,,,,,,,,,,,,,
B,bolivia/tile312,213,3,dihedral consistency (8 transforms),0.0003122798171709579,0.00017961406224468814,0.009765494207112651,-0.00015725770186015873,2.159926499331502e-05,-0.0001572930199650316,0.0037761824226364344,,0.7473878715779064,0.533742217012177,0.2554694645121897,-0.14677839564276857,,,,,,,,,,
B,bolivia/tile312,213,3,"boundary first, then confidence",0.00015502211531079918,2.2356360384529416e-05,0.6091549295774648,0.0,0.00017885696685347374,-3.5318104872882625e-08,0.003933440124496593,,0.9471812358900357,0.5923788188485525,0.4294839960150974,-0.25653001060498054,,,,,,,,,,
B,bolivia/tile312,213,3,combination conf+dihedral (prereg),0.00019973584999674428,6.707009507047452e-05,0.5,-4.47137346859451e-05,0.00013414323216752864,-4.474905279081798e-05,0.0038887263898106476,,,,,,,,,,,,,,,
B,bolivia/tile313,83,6,confidence (baseline),0.005738734177222976,0.0026268733224193417,-4.117304274116654,0.0,0.0013175616090328256,-0.0007059000710149463,0.045289037949569635,,,,,,,,,,,,,,,
B,bolivia/tile313,83,6,tile-phase (aligned),0.007056295786255802,0.003944434931452167,0.047236681328833956,-0.0013175616090328256,0.0,-0.002023461680047772,0.04397147634053681,,,,,,,,,,,,,,,
B,bolivia/tile313,83,6,boundary indicator,0.00503283410620803,0.0019209732514043954,0.09337349397590361,0.0007059000710149463,0.002023461680047772,0.0,0.04599493802058458,,,,,,,,,,,,,,,
B,bolivia/tile313,83,6,control NDWI gradient,0.05102777212679261,0.04791591127198898,0.03495307665536793,-0.045289037949569635,-0.04397147634053681,-0.04599493802058458,0.0,,,,,,,,,,,,,,,
B,bolivia/tile313,83,6,constant score,0.07228915662650602,0.06917729577170238,0.0,-0.06655042244928304,-0.06523286084025022,-0.06725632252029799,-0.021261384499713404,,,,,,,,,,,,,,,
B,bolivia/tile313,83,6,control S2 patch variance,0.009180618965792765,0.00606875811098913,47.95343212888327,-0.003441884788569788,-0.0021243231795369626,-0.004147784859584735,0.04184715316099985,,,,,,,,,,,,,,,
B,bolivia/tile313,83,6,control NDWI level,0.004599116861402831,0.0014872560065991966,-0.3042595008105818,0.001139617315820145,0.0024571789248529706,0.0004337172448051988,0.04642865526538978,,,,,,,,,,,,,,,
B,bolivia/tile313,83,6,dihedral consistency (8 transforms),0.009029768143645221,0.005917907288841586,0.033540285363546515,-0.0032910339664222444,-0.001973472357389419,-0.003996934037437191,0.04199800398314739,,0.9047269216237777,0.8337391377356119,0.6781889840791122,0.3647621846270098,,,,,,,,,,
B,bolivia/tile313,83,6,"boundary first, then confidence",0.005381731099063102,0.0022698702442594675,0.9646622203098107,0.00035700307815987424,0.0016745646871926998,-0.00034889699285507204,0.04564604102772951,,0.9784224004030055,0.8368456404013267,0.7928814705422055,0.37962302170353907,,,,,,,,,,
B,bolivia/tile313,83,6,combination conf+dihedral (prereg),0.007235359754188902,0.004123498899385267,0.5,-0.0014966255769659257,-0.00017906396793310013,-0.002202525647980872,0.043792412372603715,,,,,,,,,,,,,,,
B,bolivia/tile314,225,9,confidence (baseline),0.001081482951022955,0.0001818432317523481,-8.285422066317665,0.0,-1.9099679361437617e-05,0.02203851587152137,0.001467890739227102,,,,,,,,,,,,,,,
B,bolivia/tile314,225,9,tile-phase (aligned),0.0010623832716615174,0.0001627435523909105,0.005013094919450951,1.9099679361437617e-05,0.0,0.022057615550882807,0.0014869904185885396,,,,,,,,,,,,,,,
B,bolivia/tile314,225,9,boundary indicator,0.023119998822544324,0.022220359103273718,0.0077777777777777776,-0.02203851587152137,-0.022057615550882807,0.0,-0.020570625132294268,,,,,,,,,,,,,,,
B,bolivia/tile314,225,9,control NDWI gradient,0.002549373690250057,0.00164973397097945,0.023323198504382532,-0.001467890739227102,-0.0014869904185885396,0.020570625132294268,0.0,,,,,,,,,,,,,,,
B,bolivia/tile314,225,9,constant score,0.04,0.03910036028072939,0.0,-0.038918517048977044,-0.03893761672833848,-0.016880001177455674,-0.03745062630974994,,,,,,,,,,,,,,,
B,bolivia/tile314,225,9,control S2 patch variance,0.0010638764975680942,0.00016423677829748734,14.74728284307449,1.760645345486077e-05,-1.4932259065768456e-06,0.02205612232497623,0.0014854971926819627,,,,,,,,,,,,,,,
B,bolivia/tile314,225,9,control NDWI level,0.0009406971617617413,4.105744249113439e-05,-0.4114506794182329,0.00014078578926121372,0.0001216861098997761,0.022179301660782583,0.0016086765284883157,,,,,,,,,,,,,,,
B,bolivia/tile314,225,9,dihedral consistency (8 transforms),0.0010616416811816852,0.0001620019619110783,0.005608006215928375,1.9841269841269814e-05,7.415904798321968e-07,0.02205835714136264,0.0014877320090683718,,0.7777043826380103,0.7183554572271389,0.274843389983929,0.4511283185840709,,,,,,,,,,
B,bolivia/tile314,225,9,"boundary first, then confidence",0.0011838938548459227,0.0002842541355753158,0.5533333333333333,-0.00010241090382296768,-0.0001215105831844053,0.021936104967698402,0.0013654798354041343,,0.9999410029498526,0.7175969237252421,0.2790770638826047,0.2696175726927939,,,,,,,,,,
B,bolivia/tile314,225,9,combination conf+dihedral (prereg),0.001081482951022955,0.0001818432317523481,0.5,0.0,-1.9099679361437617e-05,0.02203851587152137,0.001467890739227102,,,,,,,,,,,,,,,
B,bolivia/tile315,225,13,confidence (baseline),0.0033205239610402896,0.0014900806648796448,-8.32957832707299,0.0,0.0015073009948766859,0.029210961530578023,0.000907555854151673,,,,,,,,,,,,,,,
B,bolivia/tile315,225,13,tile-phase (aligned),0.0048278249559169754,0.0029973816597563306,0.017709633915255835,-0.0015073009948766859,0.0,0.02770366053570134,-0.0005997451407250129,,,,,,,,,,,,,,,
B,bolivia/tile315,225,13,boundary indicator,0.032531485491618314,0.03070104219545767,0.042222222222222223,-0.029210961530578023,-0.02770366053570134,0.0,-0.02830340567642635,,,,,,,,,,,,,,,
B,bolivia/tile315,225,13,control NDWI gradient,0.004228079815191963,0.002397636519031318,0.039913358234356384,-0.000907555854151673,0.0005997451407250129,0.02830340567642635,0.0,,,,,,,,,,,,,,,
B,bolivia/tile315,225,13,constant score,0.05777777777777779,0.05594733448161714,0.0,-0.0544572538167375,-0.05294995282186081,-0.025246292286159475,-0.053549697962585824,,,,,,,,,,,,,,,
B,bolivia/tile315,225,13,control S2 patch variance,0.005207200508868434,0.003376757212707789,35.734657639174486,-0.0018866765478281443,-0.00037937555295145843,0.02732428498274988,-0.0009791206936764713,,,,,,,,,,,,,,,
B,bolivia/tile315,225,13,control NDWI level,0.0030711385089049106,0.0012406952127442658,-0.40430676702877855,0.000249385452135379,0.0017566864470120649,0.029460346982713402,0.001156941306287052,,,,,,,,,,,,,,,
B,bolivia/tile315,225,13,dihedral consistency (8 transforms),0.003604575629676249,0.0017741323335156043,0.007239417897868003,-0.00028405166863595954,0.0012232493262407263,0.028926909861942064,0.0006235041855157135,,0.8337178676780449,0.6738885377159707,0.47060119418833696,0.5751938474504845,,,,,,,,,,
B,bolivia/tile315,225,13,"boundary first, then confidence",0.00524625801947516,0.0034158147233145156,0.7577777777777778,-0.0019257340584348708,-0.00041843306355818493,0.027285227472143153,-0.0010181782042831978,,0.9565560471976401,0.7008375474083431,0.5807613072784584,0.5011072482090178,,,,,,,,,,
B,bolivia/tile315,225,13,combination conf+dihedral (prereg),0.003485083549170618,0.0016546402530099734,0.5,-0.0001645595881303286,0.0013427414067463572,0.029046401942447696,0.0007429962660213444,,,,,,,,,,,,,,,
B,bolivia/tile317,225,4,confidence (baseline),0.00044142310861816734,0.00024300644510434388,-7.360148847368029,0.0,0.00010859737117066993,0.00490055958358441,6.487620367397401e-05,,,,,,,,,,,,,,,
B,bolivia/tile317,225,4,tile-phase (aligned),0.0005500204797888373,0.0003516038162750138,0.012511138017321679,-0.00010859737117066993,0.0,0.00479196221241374,-4.372116749669591e-05,,,,,,,,,,,,,,,
B,bolivia/tile317,225,4,boundary indicator,0.005341982692202577,0.005143566028688753,0.027777777777777776,-0.00490055958358441,-0.00479196221241374,0.0,-0.004835683379910435,,,,,,,,,,,,,,,
B,bolivia/tile317,225,4,control NDWI gradient,0.0005062993122921414,0.0003078826487783179,0.04303729861744479,-6.487620367397401e-05,4.372116749669591e-05,0.004835683379910435,0.0,,,,,,,,,,,,,,,
B,bolivia/tile317,225,4,constant score,0.017777777777777778,0.017579361114263954,0.0,-0.01733635466915961,-0.01722775729798894,-0.012435795085575201,-0.017271478465485636,,,,,,,,,,,,,,,
B,bolivia/tile317,225,4,control S2 patch variance,0.0010020927698977695,0.000803676106383946,23.34596465742153,-0.0005606696612796022,-0.00045207229010893224,0.004339889922304807,-0.0004957934576056281,,,,,,,,,,,,,,,
B,bolivia/tile317,225,4,control NDWI level,0.0002584775360252367,6.0060872511413235e-05,-0.4222648155037688,0.00018294557259293065,0.0002915429437636006,0.00508350515617734,0.00024782177626690466,,,,,,,,,,,,,,,
B,bolivia/tile317,225,4,dihedral consistency (8 transforms),0.00037979437192483113,0.00018137770841100768,0.00555076664159262,6.16287366933362e-05,0.00017022610786400613,0.0049621883202777455,0.00012650494036731022,,0.8548630425621578,0.6893657817109142,0.4584540027414904,0.20093447113358626,,,,,,,,,,
B,bolivia/tile317,225,4,"boundary first, then confidence",0.0007353473873878764,0.0005369307238740528,0.6777777777777778,-0.00029392427876970896,-0.00018532690759903904,0.004606635304814701,-0.00022904807509573495,,0.9959386852085969,0.7458491361146231,0.49295966373735595,0.16729772439949434,,,,,,,,,,
B,bolivia/tile317,225,4,combination conf+dihedral (prereg),0.0003998093481925693,0.00020139268467874583,0.5,4.1613760425598056e-05,0.00015021113159626798,0.004942173344010007,0.00010648996409957207,,,,,,,,,,,,,,,
B,bolivia/tile319,225,20,confidence (baseline),0.011726941183231612,0.00745654713564341,-5.571315434608195,0.0,0.003106837024995317,0.008011741648429199,0.0037370001564550137,,,,,,,,,,,,,,,
B,bolivia/tile319,225,20,tile-phase (aligned),0.01483377820822693,0.010563384160638727,0.057021284941228156,-0.003106837024995317,0.0,0.0049049046234338825,0.0006301631314596969,,,,,,,,,,,,,,,
B,bolivia/tile319,225,20,boundary indicator,0.01973868283166081,0.015468288784072609,0.13777777777777778,-0.008011741648429199,-0.0049049046234338825,0.0,-0.004274741491974186,,,,,,,,,,,,,,,
B,bolivia/tile319,225,20,control NDWI gradient,0.015463941339686624,0.011193547292098423,0.08600218628894175,-0.0037370001564550137,-0.0006301631314596969,0.004274741491974186,0.0,,,,,,,,,,,,,,,
B,bolivia/tile319,225,20,constant score,0.08888888888888888,0.08461849484130067,0.0,-0.07716194770565726,-0.07405511068066195,-0.06915020605722806,-0.07342494754920224,,,,,,,,,,,,,,,
B,bolivia/tile319,225,20,control S2 patch variance,0.033991768010778085,0.029721373963189884,79.30805142745605,-0.022264826827546474,-0.019157989802551158,-0.014253085179117275,-0.01852782667109146,,,,,,,,,,,,,,,
B,bolivia/tile319,225,20,control NDWI level,0.00884461644297309,0.004574222395384888,-0.30672094995597454,0.0028823247402585215,0.005989161765253838,0.010894066388687722,0.006619324896713535,,,,,,,,,,,,,,,
B,bolivia/tile319,225,20,dihedral consistency (8 transforms),0.009998933981824982,0.00572853993423678,0.022029093522626983,0.0017280072014066294,0.004834844226401946,0.00973974884983583,0.005465007357861643,,0.9344669195111668,0.8202338811630845,0.6911453603072687,0.7816803624104504,,,,,,,,,,
B,bolivia/tile319,225,20,"boundary first, then confidence",0.01325127340690732,0.008980879359319117,1.3711111111111112,-0.001524332223675707,0.0015825048013196098,0.006487409424753492,0.0022126679327793067,,0.9000094816687736,0.8820227560050569,0.8655372713835422,0.7429509060261266,,,,,,,,,,
B,bolivia/tile319,225,20,combination conf+dihedral (prereg),0.010492917133519622,0.00622252308593142,0.5,0.00123402404971199,0.004340861074707307,0.00924576569814119,0.004971024206167004,,,,,,,,,,,,,,,
B,bolivia/tile320,214,8,confidence (baseline),0.0021423213146061436,0.001347491477618736,-6.644584392972082,0.0,0.0008273661154641486,0.015441675641984592,-0.0003748736717105486,,,,,,,,,,,,,,,
B,bolivia/tile320,214,8,tile-phase (aligned),0.0029696874300702922,0.0021748575930828845,0.02106171969470966,-0.0008273661154641486,0.0,0.014614309526520444,-0.0012022397871746973,,,,,,,,,,,,,,,
B,bolivia/tile320,214,8,boundary indicator,0.017583996956590735,0.016789167119603328,0.038551401869158876,-0.015441675641984592,-0.014614309526520444,0.0,-0.015816549313695142,,,,,,,,,,,,,,,
B,bolivia/tile320,214,8,control NDWI gradient,0.001767447642895595,0.0009726178059081874,0.04868945272663507,0.0003748736717105486,0.0012022397871746973,0.015816549313695142,0.0,,,,,,,,,,,,,,,
B,bolivia/tile320,214,8,constant score,0.03738317757009345,0.03658834773310604,0.0,-0.035240856255487306,-0.03441349014002316,-0.019799180613502713,-0.03561572992719785,,,,,,,,,,,,,,,
B,bolivia/tile320,214,8,control S2 patch variance,0.003068293752371856,0.0022734639153844482,35.22200443450358,-0.0009259724377657123,-9.860632230156369e-05,0.01451570320421888,-0.001300846109476261,,,,,,,,,,,,,,,
B,bolivia/tile320,214,8,control NDWI level,0.0031951712205841826,0.002400341383596775,-0.3303342150058351,-0.001052849905978039,-0.0002254837905138903,0.014388825736006553,-0.0014277235776885876,,,,,,,,,,,,,,,
B,bolivia/tile320,214,8,dihedral consistency (8 transforms),0.0019121002297216069,0.0011172703927341994,0.01111412575485098,0.00023022108488453654,0.0010575872003486851,0.01567189672686913,-0.00014465258682601204,,0.934286177836416,0.8152918379654143,0.5252658094790348,0.5364583939192643,,,,,,,,,,
B,bolivia/tile320,214,8,"boundary first, then confidence",0.003240326319976818,0.0024454964829894103,0.7483311081441923,-0.0010980050053706744,-0.00027063888990652577,0.014343670636613917,-0.001472878677081223,,0.9919013319211073,0.8129555424264777,0.5929301341376476,0.5108730190313799,,,,,,,,,,
B,bolivia/tile320,214,8,combination conf+dihedral (prereg),0.001934364497860045,0.0011395346608726372,0.5,0.00020795681674609873,0.0010353229322102473,0.01564963245873069,-0.00016691685496444985,,,,,,,,,,,,,,,
B,bolivia/tile321,200,10,confidence (baseline),0.00605148819705251,0.004655331679888185,-5.997813389152288,0.0,-0.0012025591395158223,0.009630202994970007,0.007430934810383157,,,,,,,,,,,,,,,
B,bolivia/tile321,200,10,tile-phase (aligned),0.004848929057536688,0.003452772540372363,0.03629602352641086,0.0012025591395158223,0.0,0.01083276213448583,0.00863349394989898,,,,,,,,,,,,,,,
B,bolivia/tile321,200,10,boundary indicator,0.015681691192022517,0.014285534674858193,0.08125,-0.009630202994970007,-0.01083276213448583,0.0,-0.00219926818458685,,,,,,,,,,,,,,,
B,bolivia/tile321,200,10,control NDWI gradient,0.013482423007435667,0.012086266490271343,0.04833013375495986,-0.007430934810383157,-0.00863349394989898,0.00219926818458685,0.0,,,,,,,,,,,,,,,
B,bolivia/tile321,200,10,constant score,0.05,0.048603843482835675,0.0,-0.04394851180294749,-0.04515107094246331,-0.03431830880797748,-0.03651757699256433,,,,,,,,,,,,,,,
B,bolivia/tile321,200,10,control S2 patch variance,0.006359907664446833,0.004963751147282508,38.24344633784116,-0.0003084194673943228,-0.001510978606910145,0.009321783527575685,0.007122515342988835,,,,,,,,,,,,,,,
B,bolivia/tile321,200,10,control NDWI level,0.00400410542714232,0.0026079489099779946,-0.28451276676186327,0.0020473827699101907,0.0008448236303943684,0.011677585764880198,0.009478317580293348,,,,,,,,,,,,,,,
B,bolivia/tile321,200,10,dihedral consistency (8 transforms),0.005348195673956635,0.00395203915679231,0.017688258862654037,0.0007032925230958751,-0.0004992666164199471,0.010333495518065883,0.008134227333479033,,0.9305497637440934,0.865640141003525,0.6315157232287794,0.49241731043276116,,,,,,,,,,
B,bolivia/tile321,200,10,"boundary first, then confidence",0.007419354115808894,0.006023197598644569,0.9793303571428572,-0.0013678659187563837,-0.002570425058272206,0.008262337076213624,0.006063068891626774,,0.968929723243081,0.8737868446711162,0.7575748773897057,0.4987069676741922,,,,,,,,,,
B,bolivia/tile321,200,10,combination conf+dihedral (prereg),0.005526662817374303,0.0041305063002099775,0.5,0.0005248253796782077,-0.0006777337598376145,0.010155028374648215,0.007955760190061365,,,,,,,,,,,,,,,
B,bolivia/tile322,225,5,confidence (baseline),0.0003786988077238117,8.062691543755197e-05,-7.302312480608622,0.0,0.00018119734421059592,0.004952928592023759,0.000865012695224698,,,,,,,,,,,,,,,
B,bolivia/tile322,225,5,tile-phase (aligned),0.0005598961519344076,0.0002618242596481479,0.009942274210576823,-0.00018119734421059592,0.0,0.004771731247813163,0.0006838153510141021,,,,,,,,,,,,,,,
B,bolivia/tile322,225,5,boundary indicator,0.00533162739974757,0.00503355550746131,0.02,-0.004952928592023759,-0.004771731247813163,0.0,-0.0040879158967990605,,,,,,,,,,,,,,,
B,bolivia/tile322,225,5,control NDWI gradient,0.0012437115029485097,0.00094563961066225,0.035248565156560566,-0.000865012695224698,-0.0006838153510141021,0.0040879158967990605,0.0,,,,,,,,,,,,,,,
B,bolivia/tile322,225,5,constant score,0.02222222222222222,0.02192415032993596,0.0,-0.021843523414498408,-0.021662326070287813,-0.01689059482247465,-0.02097851071927371,,,,,,,,,,,,,,,
B,bolivia/tile322,225,5,control S2 patch variance,0.0009541711406933996,0.00065609924840714,15.119267393728379,-0.0005754723329695879,-0.00039427498875899207,0.0043774562590541705,0.00028954036225511005,,,,,,,,,,,,,,,
B,bolivia/tile322,225,5,control NDWI level,0.000458782950258495,0.00016071105797223532,-0.38999275988563,-8.008414253468334e-05,0.00010111320167591258,0.004872844449489075,0.0007849285526900147,,,,,,,,,,,,,,,
B,bolivia/tile322,225,5,dihedral consistency (8 transforms),0.00047880297027851505,0.00018073107799225534,0.005921451416385632,-0.00010010416255470337,8.109318165589255e-05,0.004852824429469055,0.0007649085326699946,,0.716965865992415,0.5901337968815844,0.3618046503006624,0.2736040876527601,,,,,,,,,,
B,bolivia/tile322,225,5,"boundary first, then confidence",0.0005646799115546539,0.0002666080192683942,0.6244444444444445,-0.00018598110383084225,-4.783759620246328e-06,0.004766947488192916,0.0006790315913938558,,0.9523535608933842,0.6763485040033709,0.4184194727679244,0.1725021070375052,,,,,,,,,,
B,bolivia/tile322,225,5,combination conf+dihedral (prereg),0.0004589617004372452,0.00016088980815098547,0.5,-8.02628927134335e-05,0.00010093445149716242,0.004872665699310325,0.0007847498025112645,,,,,,,,,,,,,,,
B,bolivia/tile323,225,10,confidence (baseline),0.0023194948934708343,0.0012182588560281263,-6.636417036321428,0.0,0.0018818543417324115,0.02580355324534496,0.0030850471259849482,,,,,,,,,,,,,,,
B,bolivia/tile323,225,10,tile-phase (aligned),0.004201349235203246,0.003100113197760538,0.025169660054582182,-0.0018818543417324115,0.0,0.023921698903612548,0.0012031927842525367,,,,,,,,,,,,,,,
B,bolivia/tile323,225,10,boundary indicator,0.028123048138815793,0.027021812101373086,0.05,-0.02580355324534496,-0.023921698903612548,0.0,-0.02271850611936001,,,,,,,,,,,,,,,
B,bolivia/tile323,225,10,control NDWI gradient,0.0054045420194557825,0.0043033059820130745,0.0667046070753115,-0.0030850471259849482,-0.0012031927842525367,0.02271850611936001,0.0,,,,,,,,,,,,,,,
B,bolivia/tile323,225,10,constant score,0.04444444444444444,0.04334320840700173,0.0,-0.04212494955097361,-0.04024309520924119,-0.016321396305628646,-0.03903990242498866,,,,,,,,,,,,,,,
B,bolivia/tile323,225,10,control S2 patch variance,0.0052889787607968974,0.004187742723354189,33.84213177118205,-0.002969483867326063,-0.0010876295255936516,0.022834069378018896,0.00011556325865888506,,,,,,,,,,,,,,,
B,bolivia/tile323,225,10,control NDWI level,0.002250636507886952,0.001149400470444244,-0.36563940067796075,6.88583855838823e-05,0.0019507127273162938,0.025872411630928842,0.0031539055115688305,,,,,,,,,,,,,,,
B,bolivia/tile323,225,10,dihedral consistency (8 transforms),0.003003917651159597,0.0019026816137168892,0.011239143878515784,-0.0006844227576887629,0.0011974315840436486,0.025119130487656197,0.0024006243682961853,,0.8727739148756851,0.8158975979772439,0.5545596932469448,0.632915086388538,,,,,,,,,,
B,bolivia/tile323,225,10,"boundary first, then confidence",0.005039645601469784,0.003938409564027076,0.8288888888888889,-0.00272015070799895,-0.0008382963662665385,0.02308340253734601,0.0003648964179859982,,0.9600516224188791,0.7810988200589972,0.6436231935123956,0.48245364517488426,,,,,,,,,,
B,bolivia/tile323,225,10,combination conf+dihedral (prereg),0.002544239774700241,0.0014430037372575328,0.5,-0.00022474488122940653,0.001657109460503005,0.02557880836411555,0.0028603022447555417,,,,,,,,,,,,,,,
B,bolivia/tile324,225,10,confidence (baseline),0.0038650911168210986,0.0027638550793783905,-6.293589106798172,0.0,0.0027388285112972493,0.0035492204076048,0.004990731045417189,,,,,,,,,,,,,,,
B,bolivia/tile324,225,10,tile-phase (aligned),0.006603919628118348,0.00550268359067564,0.05052764974358272,-0.0027388285112972493,0.0,0.0008103918963075505,0.00225190253411994,,,,,,,,,,,,,,,
B,bolivia/tile324,225,10,boundary indicator,0.007414311524425898,0.00631307548698319,0.12,-0.0035492204076048,-0.0008103918963075505,0.0,0.0014415106378123897,,,,,,,,,,,,,,,
B,bolivia/tile324,225,10,control NDWI gradient,0.008855822162238288,0.00775458612479558,0.07613419385444208,-0.004990731045417189,-0.00225190253411994,-0.0014415106378123897,0.0,,,,,,,,,,,,,,,
B,bolivia/tile324,225,10,constant score,0.04444444444444444,0.04334320840700173,0.0,-0.040579353327623344,-0.03784052481632609,-0.03703013292001854,-0.035588622282206155,,,,,,,,,,,,,,,
B,bolivia/tile324,225,10,control S2 patch variance,0.014359415999168984,0.013258179961726277,86.20181863919639,-0.010494324882347887,-0.007755496371050637,-0.0069451044747430865,-0.005503593836930697,,,,,,,,,,,,,,,
B,bolivia/tile324,225,10,control NDWI level,0.0025403327435461753,0.0014390967061034673,-0.3684381811031813,0.0013247583732749232,0.0040635868845721726,0.004873978780879723,0.006315489418692113,,,,,,,,,,,,,,,
B,bolivia/tile324,225,10,dihedral consistency (8 transforms),0.0033728983945471927,0.0022716623571044847,0.014720019380474696,0.0004921927222739059,0.003231021233571155,0.004041413129878706,0.005482923767691095,,0.8895143278550363,0.8351517067003794,0.7124046574341966,0.7761788874841974,,,,,,,,,,
B,bolivia/tile324,225,10,"boundary first, then confidence",0.0037935315682539996,0.0026922955308112916,1.308888888888889,7.155954856709898e-05,0.0028103880598643483,0.003620779956171899,0.0050622905939842885,,0.9200010535187524,0.8799504846186266,0.8634644176552159,0.709385798567214,,,,,,,,,,
B,bolivia/tile324,225,10,combination conf+dihedral (prereg),0.003639823388051298,0.00253858735060859,0.5,0.0002252677287698005,0.00296409624006705,0.0037744881363746003,0.00521599877418699,,,,,,,,,,,,,,,
B,bolivia/tile325,225,14,confidence (baseline),0.00848930774963318,0.00637399757174583,-4.842064499325223,0.0,-0.0003631333626299034,0.0005765118034041835,0.00017336042829677913,,,,,,,,,,,,,,,
B,bolivia/tile325,225,14,tile-phase (aligned),0.008126174387003277,0.006010864209115926,0.06506100090634492,0.0003631333626299034,0.0,0.0009396451660340869,0.0005364937909266825,,,,,,,,,,,,,,,
B,bolivia/tile325,225,14,boundary indicator,0.009065819553037363,0.006950509375150013,0.16,-0.0005765118034041835,-0.0009396451660340869,0.0,-0.00040315137510740437,,,,,,,,,,,,,,,
B,bolivia/tile325,225,14,control NDWI gradient,0.008662668177929959,0.006547358000042609,0.08945400088319765,-0.00017336042829677913,-0.0005364937909266825,0.00040315137510740437,0.0,,,,,,,,,,,,,,,
B,bolivia/tile325,225,14,constant score,0.06222222222222221,0.060106912044334854,0.0,-0.05373291447258902,-0.05409604783521893,-0.05315640266918484,-0.053559554044292246,,,,,,,,,,,,,,,
B,bolivia/tile325,225,14,control S2 patch variance,0.0205057255237867,0.01839041534589935,86.76572926400911,-0.01201641777415352,-0.012379551136783424,-0.011439905970749339,-0.011843057345856743,,,,,,,,,,,,,,,
B,bolivia/tile325,225,14,control NDWI level,0.004998087754654073,0.0028827775767667225,-0.28211831706562274,0.003491219994979107,0.003128086632349204,0.004067731798383291,0.0036645804232758863,,,,,,,,,,,,,,,
B,bolivia/tile325,225,14,dihedral consistency (8 transforms),0.008308528788449357,0.006193218610562007,0.030264083363993752,0.000180778961183823,-0.0001823544014460804,0.0007572907645880065,0.0003541393894806021,,0.9581890012642226,0.8452960387694907,0.565097077765194,0.6981405394016019,,,,,,,,,,
B,bolivia/tile325,225,14,"boundary first, then confidence",0.007090089511292911,0.0049747793334055605,1.5222222222222221,0.0013992182383402692,0.0010360848757103658,0.0019757300417444527,0.0015725786666370483,,0.850515170670038,0.9057996207332484,0.890253429174616,0.6719553308048882,,,,,,,,,,
B,bolivia/tile325,225,14,combination conf+dihedral (prereg),0.007998305889455402,0.005882995711568052,0.5000000000000001,0.0004910018601777776,0.00012786849754787416,0.001067513663581961,0.0006643622884745567,,,,,,,,,,,,,,,
B,bolivia/tile326,225,8,confidence (baseline),0.0018556174938538946,0.001136997961068146,-6.536812003718482,0.0,0.001006318047956179,0.029220511572866086,0.005107362420885258,,,,,,,,,,,,,,,
B,bolivia/tile326,225,8,tile-phase (aligned),0.0028619355418100737,0.002143316009024325,0.024791064696231237,-0.001006318047956179,0.0,0.028214193524909906,0.004101044372929079,,,,,,,,,,,,,,,
B,bolivia/tile326,225,8,boundary indicator,0.03107612906671998,0.03035750953393423,0.044444444444444446,-0.029220511572866086,-0.028214193524909906,0.0,-0.024113149151980828,,,,,,,,,,,,,,,
B,bolivia/tile326,225,8,control NDWI gradient,0.006962979914739153,0.006244360381953404,0.06533278664499823,-0.005107362420885258,-0.004101044372929079,0.024113149151980828,0.0,,,,,,,,,,,,,,,
B,bolivia/tile326,225,8,constant score,0.035555555555555556,0.034836936022769806,0.0,-0.033699938061701656,-0.032693620013745484,-0.004479426488835574,-0.028592575640816402,,,,,,,,,,,,,,,
B,bolivia/tile326,225,8,control S2 patch variance,0.00892964481064005,0.008211025277854302,36.610547156357434,-0.007074027316786156,-0.0060677092688299775,0.02214648425607993,-0.0019666648959008985,,,,,,,,,,,,,,,
B,bolivia/tile326,225,8,control NDWI level,0.0011903054499711738,0.00047168591718542516,-0.3290656295038947,0.0006653120438827207,0.0016716300918388997,0.029885823616748807,0.005772674464767979,,,,,,,,,,,,,,,
B,bolivia/tile326,225,8,dihedral consistency (8 transforms),0.001498329098914915,0.0007797095661291663,0.009795768310626347,0.0003572883949389796,0.0013636064428951585,0.029577799967805064,0.005464650815824238,,0.8819321533923301,0.8270554150863887,0.4516045637796727,0.6395849136114617,,,,,,,,,,
B,bolivia/tile326,225,8,"boundary first, then confidence",0.0050527571272457154,0.0043341375944599666,0.7755555555555556,-0.0031971396333918206,-0.0021908215854356417,0.026023371939474266,0.0019102227874934373,,0.9656858407079648,0.8447029077117567,0.5975768945517311,0.6493320691108302,,,,,,,,,,
B,bolivia/tile326,225,8,combination conf+dihedral (prereg),0.0016822565274175218,0.0009636369946317731,0.5,0.00017336096643637278,0.0011796790143925517,0.02939387253930246,0.005280723387321631,,,,,,,,,,,,,,,
B,bolivia/tile327,225,37,confidence (baseline),0.03905924642397358,0.02436457165475689,-3.9165310740470884,0.0,0.0067947720992352564,0.025317751871632065,0.010268207398739751,,,,,,,,,,,,,,,
B,bolivia/tile327,225,37,tile-phase (aligned),0.045854018523208834,0.031159343753992146,0.07567489693073892,-0.0067947720992352564,0.0,0.018522979772396808,0.0034734352995044945,,,,,,,,,,,,,,,
B,bolivia/tile327,225,37,boundary indicator,0.06437699829560564,0.049682323526388954,0.17777777777777778,-0.025317751871632065,-0.018522979772396808,0.0,-0.015049544472892314,,,,,,,,,,,,,,,
B,bolivia/tile327,225,37,control NDWI gradient,0.04932745382271333,0.03463277905349664,0.09461572263049782,-0.010268207398739751,-0.0034734352995044945,0.015049544472892314,0.0,,,,,,,,,,,,,,,
B,bolivia/tile327,225,37,constant score,0.16444444444444445,0.14974976967522777,0.0,-0.12538519802047088,-0.11859042592123561,-0.1000674461488388,-0.11511699062173113,,,,,,,,,,,,,,,
B,bolivia/tile327,225,37,control S2 patch variance,0.12798928568863768,0.113294610919421,82.2793865340466,-0.08893003926466411,-0.08213526716542885,-0.06361228739303204,-0.07866183186592436,,,,,,,,,,,,,,,
B,bolivia/tile327,225,37,control NDWI level,0.018796503086533002,0.004101828317316316,-0.24302142077803998,0.020262743337440575,0.02705751543667583,0.04558049520907264,0.030530950736180326,,,,,,,,,,,,,,,
B,bolivia/tile327,225,37,dihedral consistency (8 transforms),0.04056216047303429,0.025867485703817604,0.04592977562456831,-0.0015029140490607149,0.005291858050174542,0.02381483782257135,0.008765293349679036,,0.9529119258322799,0.8694268857985668,0.6786617252185073,0.7396123050990305,,,,,,,,,,
B,bolivia/tile327,225,37,"boundary first, then confidence",0.04304627652893673,0.02835160175972004,1.54,-0.003987030104963152,0.0028077419942721046,0.021330721766668913,0.006281177293776599,,0.9232522123893806,0.8924410029498522,0.8699483948448631,0.7003402865571006,,,,,,,,,,
B,bolivia/tile327,225,37,combination conf+dihedral (prereg),0.03876555309943342,0.024070878330216733,0.5,0.0002936933245401563,0.007088465423775413,0.02561144519617222,0.010561900723279907,,,,,,,,,,,,,,,
B,bolivia/tile328,225,8,confidence (baseline),0.0010039708250150962,0.0002853512922293476,-7.264979433483548,0.0,4.0163100203024875e-05,0.005029150353725391,0.0007713341440225003,,,,,,,,,,,,,,,
B,bolivia/tile328,225,8,tile-phase (aligned),0.0010441339252181211,0.00032551439243237246,0.010753346437991746,-4.0163100203024875e-05,0.0,0.004988987253522365,0.0007311710438194755,,,,,,,,,,,,,,,
B,bolivia/tile328,225,8,boundary indicator,0.006033121178740487,0.005314501645954738,0.03111111111111111,-0.005029150353725391,-0.004988987253522365,0.0,-0.00425781620970289,,,,,,,,,,,,,,,
B,bolivia/tile328,225,8,control NDWI gradient,0.0017753049690375966,0.001056685436251848,0.040134939959488844,-0.0007713341440225003,-0.0007311710438194755,0.00425781620970289,0.0,,,,,,,,,,,,,,,
B,bolivia/tile328,225,8,constant score,0.035555555555555556,0.034836936022769806,0.0,-0.03455158473054046,-0.034511421630337435,-0.02952243437681507,-0.03378025058651796,,,,,,,,,,,,,,,
B,bolivia/tile328,225,8,control S2 patch variance,0.0016842545300043126,0.000965634997218564,17.8196219797315,-0.0006802837049892164,-0.0006401206047861915,0.004348866648736174,9.105043903328397e-05,,,,,,,,,,,,,,,
B,bolivia/tile328,225,8,control NDWI level,0.0008633348986683884,0.00014471536588263974,-0.32764868558199817,0.00014063592634670785,0.00018079902654973272,0.005169786280072098,0.0009119700703692082,,,,,,,,,,,,,,,
B,bolivia/tile328,225,8,dihedral consistency (8 transforms),0.0009634764548524464,0.00024485692206669774,0.007122609926615647,4.049437016264985e-05,8.065747036567472e-05,0.00506964472388804,0.0008118285141851502,,0.7513948588284872,0.696670880741677,0.4556613595969787,0.2831131479140327,,,,,,,,,,
B,bolivia/tile328,225,8,"boundary first, then confidence",0.0012133971318253384,0.0004947775990395897,0.66,-0.0002094263068102421,-0.00016926320660721724,0.004819724046915148,0.0005619078372122582,,0.9868499789296246,0.7409376316898436,0.47007042059866416,0.0838579856721449,,,,,,,,,,
B,bolivia/tile328,225,8,combination conf+dihedral (prereg),0.0009833041745763238,0.00026468464179057517,0.5,2.0666650438772418e-05,6.082975064179729e-05,0.005049817004164163,0.0007920007944612728,,,,,,,,,,,,,,,
B,bolivia/tile330,225,14,confidence (baseline),0.005107003423145164,0.0029916932452578133,-5.470063104099697,0.0,0.001949207728840486,0.005910584740195028,0.0010128007915622926,,,,,,,,,,,,,,,
B,bolivia/tile330,225,14,tile-phase (aligned),0.0070562111519856495,0.004940900974098299,0.034407605506429614,-0.001949207728840486,0.0,0.003961377011354542,-0.0009364069372781933,,,,,,,,,,,,,,,
B,bolivia/tile330,225,14,boundary indicator,0.011017588163340192,0.008902277985452841,0.08222222222222222,-0.005910584740195028,-0.003961377011354542,0.0,-0.004897783948632735,,,,,,,,,,,,,,,
B,bolivia/tile330,225,14,control NDWI gradient,0.006119804214707456,0.004004494036820106,0.05860204839772432,-0.0010128007915622926,0.0009364069372781933,0.004897783948632735,0.0,,,,,,,,,,,,,,,
B,bolivia/tile330,225,14,constant score,0.06222222222222221,0.060106912044334854,0.0,-0.05711521879907704,-0.055166011070236554,-0.05120463405888201,-0.05610241800751475,,,,,,,,,,,,,,,
B,bolivia/tile330,225,14,control S2 patch variance,0.07214625700702905,0.0700309468291417,107.78436534887844,-0.06703925358388388,-0.0650900458550434,-0.06112866884368885,-0.0660264527923216,,,,,,,,,,,,,,,
B,bolivia/tile330,225,14,control NDWI level,0.004906453226157751,0.002791143048270401,-0.3890036437948616,0.00020055019698741235,0.0021497579258278983,0.00611113493718244,0.001213350988549705,,,,,,,,,,,,,,,
B,bolivia/tile330,225,14,dihedral consistency (8 transforms),0.006440706104189208,0.004325395926301857,0.018569071807489512,-0.001333702681044044,0.0006155050477964418,0.004576882059150984,-0.00032090188948175145,,0.950956595027391,0.8714117151285281,0.6058215402398405,0.8658322798145801,,,,,,,,,,
B,bolivia/tile330,225,14,"boundary first, then confidence",0.005472374522961462,0.0033570643450741115,1.0155555555555555,-0.0003653710998162982,0.0015838366290241877,0.0055452136403787294,0.0006474296917459944,,0.9516487568478713,0.912118626211547,0.7571786926426707,0.8522239780868103,,,,,,,,,,
B,bolivia/tile330,225,14,combination conf+dihedral (prereg),0.005469341946855905,0.003354031768968555,0.5,-0.0003623385237107417,0.0015868692051297442,0.005548246216484286,0.0006504622678515509,,,,,,,,,,,,,,,
B,bolivia/tile331,225,8,confidence (baseline),0.001736887784202183,0.0010182682514164342,-5.57440811726782,0.0,0.0017947743431594308,0.020606078173307354,0.0017011982395257314,,,,,,,,,,,,,,,
B,bolivia/tile331,225,8,tile-phase (aligned),0.003531662127361614,0.002813042594575865,0.032187280920156304,-0.0017947743431594308,0.0,0.018811303830147924,-9.357610363369944e-05,,,,,,,,,,,,,,,
B,bolivia/tile331,225,8,boundary indicator,0.02234296595750954,0.02162434642472379,0.07111111111111111,-0.020606078173307354,-0.018811303830147924,0.0,-0.018904879933781624,,,,,,,,,,,,,,,
B,bolivia/tile331,225,8,control NDWI gradient,0.0034380860237279145,0.0027194664909421656,0.06500473819359584,-0.0017011982395257314,9.357610363369944e-05,0.018904879933781624,0.0,,,,,,,,,,,,,,,
B,bolivia/tile331,225,8,constant score,0.035555555555555556,0.034836936022769806,0.0,-0.033818667771353374,-0.03202389342819394,-0.013212589598046016,-0.03211746953182764,,,,,,,,,,,,,,,
B,bolivia/tile331,225,8,control S2 patch variance,0.01883417801073081,0.01811555847794506,93.4505627440254,-0.017097290226528623,-0.015302515883369193,0.003508787946778731,-0.015396091987002893,,,,,,,,,,,,,,,
B,bolivia/tile331,225,8,control NDWI level,0.0024970008524199225,0.0017783813196341738,-0.3376223310757784,-0.0007601130682177396,0.0010346612749416912,0.019845965105089618,0.0009410851713079918,,,,,,,,,,,,,,,
B,bolivia/tile331,225,8,dihedral consistency (8 transforms),0.00233568138652528,0.0016170618537395315,0.014297632457358607,-0.0005987936023230972,0.0011959807408363336,0.02000728457098426,0.0011024046372026342,,0.9346776232616943,0.8521523388116308,0.48040389829745284,0.7015686894226714,,,,,,,,,,
B,bolivia/tile331,225,8,"boundary first, then confidence",0.005053584413585725,0.0043349648807999765,0.9177777777777778,-0.0033166966293835423,-0.0015219222862241115,0.017289381543923815,-0.001615498389857811,,0.9346807838179522,0.8984502739148755,0.7056080359771157,0.7278065739570164,,,,,,,,,,
B,bolivia/tile331,225,8,combination conf+dihedral (prereg),0.0017795053700184157,0.001060885837232667,0.5,-4.2617585816232765e-05,0.001752156757343198,0.020563460587491124,0.0016585806537094986,,,,,,,,,,,,,,,
B,bolivia/tile333,225,3,confidence (baseline),0.00011887204308728971,0.0,-7.352817338307698,0.0,0.0,0.013214461290246044,0.0,,,,,,,,,,,,,,,
B,bolivia/tile333,225,3,tile-phase (aligned),0.00011887204308728971,0.0,0.0017033948388578007,0.0,0.0,0.013214461290246044,0.0,,,,,,,,,,,,,,,
B,bolivia/tile333,225,3,boundary indicator,0.013333333333333334,0.013214461290246044,0.0,-0.013214461290246044,-0.013214461290246044,0.0,-0.013214461290246044,,,,,,,,,,,,,,,
B,bolivia/tile333,225,3,control NDWI gradient,0.00011887204308728971,0.0,0.028546268647574154,0.0,0.0,0.013214461290246044,0.0,,,,,,,,,,,,,,,
B,bolivia/tile333,225,3,constant score,0.013333333333333334,0.013214461290246044,0.0,-0.013214461290246044,-0.013214461290246044,0.0,-0.013214461290246044,,,,,,,,,,,,,,,
B,bolivia/tile333,225,3,control S2 patch variance,0.00011887204308728971,0.0,10.49172020145117,0.0,0.0,0.013214461290246044,0.0,,,,,,,,,,,,,,,
B,bolivia/tile333,225,3,control NDWI level,0.00021915495582074321,0.0001002829127334535,-0.42399910775361616,-0.0001002829127334535,-0.0001002829127334535,0.013114178377512591,-0.0001002829127334535,,,,,,,,,,,,,,,
B,bolivia/tile333,225,3,dihedral consistency (8 transforms),0.00011887204308728971,0.0,0.0015167050972700559,0.0,0.0,0.013214461290246044,0.0,,0.6658944374209865,0.5394563843236408,nan,-0.40902654867256644,,,,,,,,,,
B,bolivia/tile333,225,3,"boundary first, then confidence",0.00011887204308728971,0.0,0.5,0.0,0.0,0.013214461290246044,0.0,,0.9999999999999998,0.6236841550779609,nan,-0.3765623683101562,,,,,,,,,,
B,bolivia/tile333,225,3,combination conf+dihedral (prereg),0.00011887204308728971,0.0,0.5,0.0,0.0,0.013214461290246044,0.0,,,,,,,,,,,,,,,
B,bolivia/tile335,225,17,confidence (baseline),0.006843057709032266,0.00374636240597503,-5.923548280530506,0.0,0.004559862288154695,0.033175487496237034,0.004882452157577274,,,,,,,,,,,,,,,
B,bolivia/tile335,225,17,tile-phase (aligned),0.01140291999718696,0.008306224694129725,0.032982151921019574,-0.004559862288154695,0.0,0.028615625208082335,0.00032258986942257893,,,,,,,,,,,,,,,
B,bolivia/tile335,225,17,boundary indicator,0.0400185452052693,0.03692184990221206,0.07111111111111111,-0.033175487496237034,-0.028615625208082335,0.0,-0.028293035338659758,,,,,,,,,,,,,,,
B,bolivia/tile335,225,17,control NDWI gradient,0.01172550986660954,0.008628814563552304,0.06422332709445289,-0.004882452157577274,-0.00032258986942257893,0.028293035338659758,0.0,,,,,,,,,,,,,,,
B,bolivia/tile335,225,17,constant score,0.07555555555555556,0.07245886025249831,0.0,-0.06871249784652328,-0.06415263555836859,-0.03553701035028625,-0.06383004568894601,,,,,,,,,,,,,,,
B,bolivia/tile335,225,17,control S2 patch variance,0.03510618239039634,0.032009487087339104,62.158522832348325,-0.028263124681364073,-0.023703262393209378,0.004912362814872957,-0.0233806725237868,,,,,,,,,,,,,,,
B,bolivia/tile335,225,17,control NDWI level,0.0067526063150289105,0.003655911011971675,-0.3056965328803166,9.045139400335519e-05,0.00465031368215805,0.03326593889024039,0.004972903551580629,,,,,,,,,,,,,,,
B,bolivia/tile335,225,17,dihedral consistency (8 transforms),0.007544009993374131,0.004447314690316896,0.01640732864370673,-0.0007009522843418655,0.0038589100038128295,0.03247453521189517,0.0041814998732354084,,0.943912768647282,0.9142119679730294,0.6309659157904616,0.8263190054782973,,,,,,,,,,
B,bolivia/tile335,225,17,"boundary first, then confidence",0.01096043548191799,0.007863740178860754,0.9622222222222222,-0.0041173777728857235,0.0004424845152689715,0.029058109723351308,0.0007650743846915505,,0.9786356932153387,0.9186736198904331,0.7317073892576579,0.8023345975558361,,,,,,,,,,
B,bolivia/tile335,225,17,combination conf+dihedral (prereg),0.007006354556929068,0.003909659253871833,0.49999999999999994,-0.00016329684789680252,0.0043965654402578925,0.033012190648340226,0.004719155309680471,,,,,,,,,,,,,,,
B,bolivia/tile336,225,11,confidence (baseline),0.004856251882916251,0.003532747692676119,-5.740793779028786,0.0,0.0005799899981456282,-0.0013543831010560323,0.003695945631831104,,,,,,,,,,,,,,,
B,bolivia/tile336,225,11,tile-phase (aligned),0.005436241881061879,0.004112737690821747,0.027178325620427334,-0.0005799899981456282,0.0,-0.0019343730992016604,0.0031159556336854757,,,,,,,,,,,,,,,
B,bolivia/tile336,225,11,boundary indicator,0.003501868781860219,0.0021783645916200866,0.06777777777777778,0.0013543831010560323,0.0019343730992016604,0.0,0.005050328732887136,,,,,,,,,,,,,,,
B,bolivia/tile336,225,11,control NDWI gradient,0.008552197514747355,0.007228693324507223,0.05717879254515203,-0.003695945631831104,-0.0031159556336854757,-0.005050328732887136,0.0,,,,,,,,,,,,,,,
B,bolivia/tile336,225,11,constant score,0.04888888888888887,0.04756538469864874,0.0,-0.04403263700597262,-0.04345264700782699,-0.04538702010702865,-0.04033669137414152,,,,,,,,,,,,,,,
B,bolivia/tile336,225,11,control S2 patch variance,0.011346646984834816,0.010023142794594684,58.41474632680652,-0.006490395101918565,-0.005910405103772937,-0.007844778202974597,-0.002794449470087461,,,,,,,,,,,,,,,
B,bolivia/tile336,225,11,control NDWI level,0.012126889705455531,0.010803385515215399,-0.295346181962657,-0.00727063782253928,-0.0066906478243936515,-0.008625020923595312,-0.003574692190708176,,,,,,,,,,,,,,,
B,bolivia/tile336,225,11,dihedral consistency (8 transforms),0.003661133679834832,0.0023376294895946998,0.016268420866444002,0.001195118203081419,0.0017751082012270472,-0.00015926489797461318,0.004891063834912523,,0.9426453855878634,0.8747756005056894,0.5992043856913215,0.7673261694058154,,,,,,,,,,
B,bolivia/tile336,225,11,"boundary first, then confidence",0.003943711845001118,0.0026202076547609853,0.9266666666666666,0.0009125400379151336,0.0014925300360607617,-0.0004418430631408987,0.0046084856697462375,,0.9528929624947322,0.8842994100294984,0.7124188837717759,0.7419753476611881,,,,,,,,,,
B,bolivia/tile336,225,11,combination conf+dihedral (prereg),0.004034228658109784,0.0027107244678696513,0.5,0.0008220232248064676,0.0014020132229520957,-0.0005323598762495647,0.0045179688566375715,,,,,,,,,,,,,,,
B,bolivia/tile338,225,9,confidence (baseline),0.0034278567308257753,0.0025282170115551684,-6.7349122566647,0.0,0.0008801286889118056,0.001725257497100196,0.0006153008375427353,,,,,,,,,,,,,,,
B,bolivia/tile338,225,9,tile-phase (aligned),0.004307985419737581,0.003408345700466974,0.058620541757330405,-0.0008801286889118056,0.0,0.0008451288081883905,-0.0002648278513690703,,,,,,,,,,,,,,,
B,bolivia/tile338,225,9,boundary indicator,0.005153114227925971,0.0042534745086553645,0.14888888888888888,-0.001725257497100196,-0.0008451288081883905,0.0,-0.0011099566595574608,,,,,,,,,,,,,,,
B,bolivia/tile338,225,9,control NDWI gradient,0.004043157568368511,0.0031435178490979037,0.06188541844433429,-0.0006153008375427353,0.0002648278513690703,0.0011099566595574608,0.0,,,,,,,,,,,,,,,
B,bolivia/tile338,225,9,constant score,0.04,0.03910036028072939,0.0,-0.036572143269174226,-0.035692014580262416,-0.034846885772074024,-0.03595684243163149,,,,,,,,,,,,,,,
B,bolivia/tile338,225,9,control S2 patch variance,0.010494374234503986,0.009594734515233379,126.9493233726778,-0.007066517503678211,-0.006186388814766405,-0.005341260006578015,-0.006451216666135476,,,,,,,,,,,,,,,
B,bolivia/tile338,225,9,control NDWI level,0.006705510442929189,0.005805870723658582,-0.41342073568978294,-0.0032776537121034137,-0.002397525023191608,-0.0015523962150032176,-0.0026623528745606784,,,,,,,,,,,,,,,
B,bolivia/tile338,225,9,dihedral consistency (8 transforms),0.0033270037100793875,0.0024273639908087806,0.009685462325699822,0.00010085302074638782,0.0009809817096581934,0.001826110517846584,0.0007161538582891231,,0.9490107458912765,0.8328792667509489,0.6065225823018225,0.8255109565950279,,,,,,,,,,
B,bolivia/tile338,225,9,"boundary first, then confidence",0.0027950414710769993,0.0018954017518063924,1.4244444444444444,0.000632815259748776,0.0015129439486605816,0.002358072756848972,0.0012481160972915113,,0.877209228824273,0.9330552043826379,0.8921056837125629,0.8286630847029082,,,,,,,,,,
B,bolivia/tile338,225,9,combination conf+dihedral (prereg),0.0032399391532504534,0.0023402994339798465,0.5,0.0001879175775753219,0.0010680462664871275,0.001913175074675518,0.0008032184151180572,,,,,,,,,,,,,,,
B,bolivia/tile339,219,23,confidence (baseline),0.016548990990453965,0.010590813065891064,-6.033225887442288,0.0,-0.0008230118994923298,0.005455570311810334,0.01982014373793393,,,,,,,,,,,,,,,
B,bolivia/tile339,219,23,tile-phase (aligned),0.015725979090961635,0.009767801166398735,0.04913276789279506,0.0008230118994923298,0.0,0.006278582211302664,0.02064315563742626,,,,,,,,,,,,,,,
B,bolivia/tile339,219,23,boundary indicator,0.0220045613022643,0.0160463833777014,0.1267123287671233,-0.005455570311810334,-0.006278582211302664,0.0,0.014364573426123597,,,,,,,,,,,,,,,
B,bolivia/tile339,219,23,control NDWI gradient,0.036369134728387896,0.030410956803824996,0.05463828681051311,-0.01982014373793393,-0.02064315563742626,-0.014364573426123597,0.0,,,,,,,,,,,,,,,
B,bolivia/tile339,219,23,constant score,0.10502283105022835,0.09906465312566545,0.0,-0.08847384005977439,-0.08929685195926672,-0.08301826974796406,-0.06865369632184046,,,,,,,,,,,,,,,
B,bolivia/tile339,219,23,control S2 patch variance,0.0684157863148088,0.062457608390245896,102.07692606235857,-0.05186679532435483,-0.05268980722384716,-0.046411225012544494,-0.0320466515864209,,,,,,,,,,,,,,,
B,bolivia/tile339,219,23,control NDWI level,0.010041233151912896,0.004083055227349996,-0.382121986008762,0.0065077578385410685,0.005684745939048739,0.011963328150351404,0.026327901576475,,,,,,,,,,,,,,,
B,bolivia/tile339,219,23,dihedral consistency (8 transforms),0.013776891341574197,0.007818713417011298,0.02354112652132385,0.002772099648879766,0.0019490877493874362,0.0082276699606901,0.022592243386813697,,0.9639185622722125,0.9169787608395134,0.7531967256186017,0.7361991157014405,,,,,,,,,,
B,bolivia/tile339,219,23,"boundary first, then confidence",0.015070244968082428,0.00911206704351953,1.187438845401174,0.0014787460223715347,0.0006557341228792049,0.006934316334181869,0.021298889760305466,,0.9819781324619832,0.9350988837730071,0.8279956009200978,0.725736058587635,,,,,,,,,,
B,bolivia/tile339,219,23,combination conf+dihedral (prereg),0.014669106306655294,0.008710928382092396,0.5000000000000001,0.0018798846837986688,0.001056872784306339,0.007335454995609003,0.0217000284217326,,,,,,,,,,,,,,,
B,bolivia/tile340,134,27,confidence (baseline),0.09546763026706176,0.07289829643561804,-3.642543820302878,0.0,-0.014070630200640297,0.0382006937808472,0.049130147370180954,,,,,,,,,,,,,,,
B,bolivia/tile340,134,27,tile-phase (aligned),0.08139700006642146,0.058827666234977746,0.09531896374592994,0.014070630200640297,0.0,0.0522713239814875,0.06320077757082125,,,,,,,,,,,,,,,
B,bolivia/tile340,134,27,boundary indicator,0.13366832404790896,0.11109899021646524,0.23227611940298507,-0.0382006937808472,-0.0522713239814875,0.0,0.010929453589333754,,,,,,,,,,,,,,,
B,bolivia/tile340,134,27,control NDWI gradient,0.1445977776372427,0.122028443805799,0.06976864945317374,-0.049130147370180954,-0.06320077757082125,-0.010929453589333754,0.0,,,,,,,,,,,,,,,
B,bolivia/tile340,134,27,constant score,0.20149253731343283,0.17892320348198912,0.0,-0.10602490704637108,-0.12009553724701137,-0.06782421326552387,-0.05689475967619012,,,,,,,,,,,,,,,
B,bolivia/tile340,134,27,control S2 patch variance,0.15588742428249103,0.1333180904510473,124.62313082787188,-0.06041979401542927,-0.07449042421606956,-0.022219100234582068,-0.011289646645248314,,,,,,,,,,,,,,,
B,bolivia/tile340,134,27,control NDWI level,0.07371588834762574,0.051146554516182025,-0.18941585331631486,0.02175174191943602,0.007681111718795722,0.05995243570028322,0.07088188928961697,,,,,,,,,,,,,,,
B,bolivia/tile340,134,27,dihedral consistency (8 transforms),0.08708139071493572,0.064512056883492,0.05454649959194366,0.008386239552126043,-0.005684390648514254,0.04658693333297324,0.057516386922307,,0.9365977131884442,0.7255177745358415,0.6032826845589245,0.19237396975024626,,,,,,,,,,
B,bolivia/tile340,134,27,"boundary first, then confidence",0.10017652944362387,0.07760719561218016,1.8111673773987207,-0.004708899176562115,-0.01877952937720241,0.033491794604285086,0.04442124819361884,,0.9282784074614395,0.7820920460354863,0.7844552945471693,0.13541066596840362,,,,,,,,,,
B,bolivia/tile340,134,27,combination conf+dihedral (prereg),0.0898627396690585,0.06729340583761478,0.5,0.005604890598003259,-0.008465739602637037,0.04380558437885046,0.054735037968184214,,,,,,,,,,,,,,,
B,bolivia/tile341,225,34,confidence (baseline),0.026918267283452917,0.01454279352740763,-5.58946585562494,0.0,0.004247100558077477,0.04487273789478353,0.027703340615769137,,,,,,,,,,,,,,,
B,bolivia/tile341,225,34,tile-phase (aligned),0.031165367841530393,0.018789894085485107,0.06155543855874485,-0.004247100558077477,0.0,0.04062563733670605,0.02345624005769166,,,,,,,,,,,,,,,
B,bolivia/tile341,225,34,boundary indicator,0.07179100517823644,0.05941553142219116,0.14444444444444443,-0.04487273789478353,-0.04062563733670605,0.0,-0.01716939727901439,,,,,,,,,,,,,,,
B,bolivia/tile341,225,34,control NDWI gradient,0.054621607899222054,0.04224613414317677,0.05552070687847311,-0.027703340615769137,-0.02345624005769166,0.01716939727901439,0.0,,,,,,,,,,,,,,,
B,bolivia/tile341,225,34,constant score,0.1511111111111111,0.13873563735506583,0.0,-0.1241928438276582,-0.11994574326958073,-0.07932010593287467,-0.09648950321188907,,,,,,,,,,,,,,,
B,bolivia/tile341,225,34,control S2 patch variance,0.06432680869564737,0.051951334939602085,63.97827362098503,-0.037408541412194456,-0.03316144085411698,0.007464196482589072,-0.009705200796425319,,,,,,,,,,,,,,,
B,bolivia/tile341,225,34,control NDWI level,0.024360767412750728,0.011985293656705441,-0.2690721149039232,0.0025574998707021887,0.0068046004287796655,0.04743023776548572,0.030260840486471326,,,,,,,,,,,,,,,
B,bolivia/tile341,225,34,dihedral consistency (8 transforms),0.031136561891141692,0.018761088135096405,0.03221480041956966,-0.004218294607688775,2.8805950388701568e-05,0.04065444328709475,0.023485046008080362,,0.9606373788453443,0.8887821323219554,0.7240060666818586,0.6706215760640537,,,,,,,,,,
B,bolivia/tile341,225,34,"boundary first, then confidence",0.034207995591626995,0.02183252183558171,1.4333333333333333,-0.007289728308174079,-0.003042627750096602,0.03758300958660945,0.020413612307595058,,0.9526917404129799,0.9058322798145801,0.8652239619850665,0.6807427307206065,,,,,,,,,,
B,bolivia/tile341,225,34,combination conf+dihedral (prereg),0.028531073966297227,0.01615560021025194,0.5,-0.0016128066828443102,0.0026342938752331665,0.04325993121193922,0.026090533932924827,,,,,,,,,,,,,,,
B,bolivia/tile342,225,16,confidence (baseline),0.006741929867114377,0.003993594469117229,-6.301494707398945,0.0,-0.0011133071673037685,0.014476425660186766,0.016869410629326148,,,,,,,,,,,,,,,
B,bolivia/tile342,225,16,tile-phase (aligned),0.005628622699810608,0.0028802873018134605,0.029821942784559116,0.0011133071673037685,0.0,0.015589732827490535,0.017982717796629914,,,,,,,,,,,,,,,
B,bolivia/tile342,225,16,boundary indicator,0.02121835552730114,0.018470020129303995,0.07111111111111111,-0.014476425660186766,-0.015589732827490535,0.0,0.0023929849691393806,,,,,,,,,,,,,,,
B,bolivia/tile342,225,16,control NDWI gradient,0.023611340496440522,0.020863005098443375,0.036677297172197865,-0.016869410629326148,-0.017982717796629914,-0.0023929849691393806,0.0,,,,,,,,,,,,,,,
B,bolivia/tile342,225,16,constant score,0.07111111111111111,0.06836277571311396,0.0,-0.06436918124399672,-0.0654824884113005,-0.04989275558380996,-0.04749977061467058,,,,,,,,,,,,,,,
B,bolivia/tile342,225,16,control S2 patch variance,0.009679870370819616,0.00693153497282247,63.69651783013912,-0.0029379405037052407,-0.00405124767100901,0.011538485156481525,0.013931470125620906,,,,,,,,,,,,,,,
B,bolivia/tile342,225,16,control NDWI level,0.007694239341791308,0.004945903943794161,-0.34192202835273244,-0.0009523094746769316,-0.0020656166419807,0.013524116185509834,0.015917101154649213,,,,,,,,,,,,,,,
B,bolivia/tile342,225,16,dihedral consistency (8 transforms),0.006820022385488895,0.004071686987491748,0.018414047174434622,-7.809251837451875e-05,-0.0011913996856782873,0.014398333141812247,0.01679131811095163,,0.9405341340075845,0.9003065739570155,0.6334996340174437,0.6985018963337546,,,,,,,,,,
B,bolivia/tile342,225,16,"boundary first, then confidence",0.007744984466199457,0.004996649068202311,0.9444444444444444,-0.0010030545990850816,-0.00211636176638885,0.013473371061101684,0.015866356030241065,,0.982207121786768,0.9084228824273068,0.7213807649074411,0.6852928782132318,,,,,,,,,,
B,bolivia/tile342,225,16,combination conf+dihedral (prereg),0.0064749629268001105,0.0037266275288029634,0.5,0.0002669669403142657,-0.0008463402269895028,0.014743392600501032,0.017136377569640412,,,,,,,,,,,,,,,
B,bolivia/tile343,225,10,confidence (baseline),0.003548752423207326,0.002447516385764618,-6.578557252354092,0.0,0.0017582172055442282,0.0005849582602121249,0.012081538007200816,,,,,,,,,,,,,,,
B,bolivia/tile343,225,10,tile-phase (aligned),0.005306969628751554,0.004205733591308846,0.027783504097428198,-0.0017582172055442282,0.0,-0.0011732589453321033,0.010323320801656589,,,,,,,,,,,,,,,
B,bolivia/tile343,225,10,boundary indicator,0.004133710683419451,0.003032474645976743,0.08,-0.0005849582602121249,0.0011732589453321033,0.0,0.011496579746988691,,,,,,,,,,,,,,,
B,bolivia/tile343,225,10,control NDWI gradient,0.01563029043040814,0.014529054392965434,0.05018465165276216,-0.012081538007200816,-0.010323320801656589,-0.011496579746988691,0.0,,,,,,,,,,,,,,,
B,bolivia/tile343,225,10,constant score,0.04444444444444444,0.04334320840700173,0.0,-0.040895692021237114,-0.03913747481569289,-0.04031073376102499,-0.028814154014036298,,,,,,,,,,,,,,,
B,bolivia/tile343,225,10,control S2 patch variance,0.005583281140015243,0.004482045102572535,39.86809399247961,-0.002034528716807917,-0.00027631151126368894,-0.0014495704565957923,0.0100470092903929,,,,,,,,,,,,,,,
B,bolivia/tile343,225,10,control NDWI level,0.0021784753275373267,0.0010772392900946187,-0.2942542299411673,0.0013702770956699993,0.0031284943012142275,0.001955235355882124,0.013451815102870815,,,,,,,,,,,,,,,
B,bolivia/tile343,225,10,dihedral consistency (8 transforms),0.002556458576234225,0.001455222538791517,0.013889383268283886,0.000992293846973101,0.002750511052517329,0.0015772521071852259,0.013073831854173917,,0.8968942267172357,0.8349778761061948,0.7045976091233511,0.5618225874420563,,,,,,,,,,
B,bolivia/tile343,225,10,"boundary first, then confidence",0.0032083101944231965,0.0021070741569804885,0.9711111111111111,0.0003404422287841295,0.0020986594343283577,0.0009254004889962543,0.012421980235984946,,0.9921639275179095,0.8683438685208598,0.7397305496198598,0.45975242309313075,,,,,,,,,,
B,bolivia/tile343,225,10,combination conf+dihedral (prereg),0.0028801140651717495,0.0017788780277290415,0.5,0.0006686383580355765,0.0024268555635798047,0.0012535966182477013,0.012750176365236392,,,,,,,,,,,,,,,
B,bolivia/tile344,225,9,confidence (baseline),0.0024915012885379302,0.0015918615692673234,-6.198349924352434,0.0,-8.58206908905001e-05,0.004170512987392933,0.002135031249903782,,,,,,,,,,,,,,,
B,bolivia/tile344,225,9,tile-phase (aligned),0.00240568059764743,0.0015060408783768233,0.0270094812452266,8.58206908905001e-05,0.0,0.004256333678283434,0.002220851940794282,,,,,,,,,,,,,,,
B,bolivia/tile344,225,9,boundary indicator,0.006662014275930864,0.005762374556660257,0.052222222222222225,-0.004170512987392933,-0.004256333678283434,0.0,-0.0020354817374891514,,,,,,,,,,,,,,,
B,bolivia/tile344,225,9,control NDWI gradient,0.004626532538441712,0.0037268928191711054,0.053465539361814966,-0.002135031249903782,-0.002220851940794282,0.0020354817374891514,0.0,,,,,,,,,,,,,,,
B,bolivia/tile344,225,9,constant score,0.04,0.03910036028072939,0.0,-0.03750849871146207,-0.03759431940235257,-0.03333798572406914,-0.03537346746155828,,,,,,,,,,,,,,,
B,bolivia/tile344,225,9,control S2 patch variance,0.027287724713727587,0.02638808499445698,109.15377498946876,-0.024796223425189657,-0.02488204411608016,-0.020625710437796724,-0.022661192175285876,,,,,,,,,,,,,,,
B,bolivia/tile344,225,9,control NDWI level,0.003121270903464425,0.002221631184193818,-0.42963885555919407,-0.0006297696149264948,-0.0007155903058169949,0.0035407433724664386,0.0015052616349772873,,,,,,,,,,,,,,,
B,bolivia/tile344,225,9,dihedral consistency (8 transforms),0.002229836442173211,0.0013301967229026042,0.01429199675455796,0.0002616648463647192,0.0001758441554742191,0.004432177833757652,0.0023966960962685012,,0.9544353139485876,0.8055488832701225,0.4918240830232919,0.8469058154235145,,,,,,,,,,
B,bolivia/tile344,225,9,"boundary first, then confidence",0.0025387695475339693,0.0016391298282633624,0.8822222222222222,-4.7268258996039075e-05,-0.00013308894988653917,0.004123244728396895,0.002087762990907743,,0.9498345975558364,0.8143162663295418,0.6819762325003736,0.8315665823851668,,,,,,,,,,
B,bolivia/tile344,225,9,combination conf+dihedral (prereg),0.002347670250963681,0.001448030531693074,0.5,0.00014383103757424935,5.801034668374925e-05,0.004314344024967182,0.0022788622874780314,,,,,,,,,,,,,,,
B,bolivia/tile345,225,47,confidence (baseline),0.08575474090417654,0.061773098040759415,-2.923461985455619,0.0,-0.0046039710112807525,-0.0061898486682534365,0.033098270411995874,,,,,,,,,,,,,,,
B,bolivia/tile345,225,47,tile-phase (aligned),0.08115076989289578,0.05716912702947866,0.10464365711797857,0.0046039710112807525,0.0,-0.001585877656972684,0.037702241423276626,,,,,,,,,,,,,,,
B,bolivia/tile345,225,47,boundary indicator,0.0795648922359231,0.05558324937250598,0.26555555555555554,0.0061898486682534365,0.001585877656972684,0.0,0.03928811908024931,,,,,,,,,,,,,,,
B,bolivia/tile345,225,47,control NDWI gradient,0.1188530113161724,0.09487136845275529,0.09258806349322321,-0.033098270411995874,-0.037702241423276626,-0.03928811908024931,0.0,,,,,,,,,,,,,,,
B,bolivia/tile345,225,47,constant score,0.2088888888888889,0.1849072460254718,0.0,-0.12313414798471237,-0.12773811899599313,-0.12932399665296582,-0.0900358775727165,,,,,,,,,,,,,,,
B,bolivia/tile345,225,47,control S2 patch variance,0.12939762544973876,0.10541598258632165,92.3771196080634,-0.043642884545562234,-0.04824685555684299,-0.04983273321381567,-0.01054461413356636,,,,,,,,,,,,,,,
B,bolivia/tile345,225,47,control NDWI level,0.12382508690803944,0.09984344404462231,-0.1834353585564385,-0.038070346003862894,-0.04267431701514365,-0.04426019467211633,-0.00497207559186702,,,,,,,,,,,,,,,
B,bolivia/tile345,225,47,dihedral consistency (8 transforms),0.07518991768201712,0.0512082748186,0.05846270116311239,0.010564823222159417,0.005960852210878664,0.00437497455390598,0.04366309363415529,,0.903509270965024,0.6431142014327856,0.5262375735613734,0.35119574378423973,,,,,,,,,,
B,bolivia/tile345,225,47,"boundary first, then confidence",0.07126033787110929,0.04727869500769217,1.8777777777777778,0.014494403033067246,0.009890432021786494,0.00830455436481381,0.04759267344506312,,0.8739412136536033,0.7217751790981881,0.7680243687219518,0.4229351032448375,,,,,,,,,,
B,bolivia/tile345,225,47,combination conf+dihedral (prereg),0.07843521291536067,0.054453570051943546,0.5,0.007319527988815869,0.0027155569775351163,0.0011296793205624323,0.04041779840081174,,,,,,,,,,,,,,,
B,bolivia/tile346,225,5,confidence (baseline),0.0006851236095558507,0.000387051717269591,-7.357817685074276,0.0,8.853220558867488e-05,0.001158598364837187,4.8483940110915645e-05,,,,,,,,,,,,,,,
B,bolivia/tile346,225,5,tile-phase (aligned),0.0007736558151445256,0.0004755839228582659,0.0516764995374332,-8.853220558867488e-05,0.0,0.001070066159248512,-4.0048265477759235e-05,,,,,,,,,,,,,,,
B,bolivia/tile346,225,5,boundary indicator,0.0018437219743930376,0.001545650082106778,0.12777777777777777,-0.001158598364837187,-0.001070066159248512,0.0,-0.0011101144247262712,,,,,,,,,,,,,,,
B,bolivia/tile346,225,5,control NDWI gradient,0.0007336075496667664,0.00043553565738050666,0.05693145357008647,-4.8483940110915645e-05,4.0048265477759235e-05,0.0011101144247262712,0.0,,,,,,,,,,,,,,,
B,bolivia/tile346,225,5,constant score,0.02222222222222222,0.02192415032993596,0.0,-0.02153709861266637,-0.021448566407077693,-0.02037850024782918,-0.021488614672555455,,,,,,,,,,,,,,,
B,bolivia/tile346,225,5,control S2 patch variance,0.0018263560228449838,0.0015282841305587242,122.33751669890566,-0.0011412324132891332,-0.0010527002077004583,1.7365951548053765e-05,-0.0010927484731782175,,,,,,,,,,,,,,,
B,bolivia/tile346,225,5,control NDWI level,0.0008654598340542707,0.0005673879417680109,-0.39693963728090237,-0.00018033622449841992,-9.180401890974504e-05,0.000978262140338767,-0.00013185228438750428,,,,,,,,,,,,,,,
B,bolivia/tile346,225,5,dihedral consistency (8 transforms),0.0005207889788659509,0.00022271708657969116,0.0073656147503586705,0.00016433463068989986,0.00025286683627857474,0.0013229329955270867,0.0002128185708008155,,0.8967751790981876,0.7389380530973455,0.5300729022659231,0.8134249894648128,,,,,,,,,,
B,bolivia/tile346,225,5,"boundary first, then confidence",0.0006022412749010055,0.0003041693826147458,1.308888888888889,8.288233465484523e-05,0.0001714145402435201,0.001241480699492032,0.00013136627476576087,,0.8233881163084703,0.920661609776654,0.8752624253439174,0.7389664981036662,,,,,,,,,,
B,bolivia/tile346,225,5,combination conf+dihedral (prereg),0.0005727216561495803,0.0002746497638633206,0.5,0.00011240195340627042,0.0002009341589949453,0.0012710003182434574,0.00016088589351718606,,,,,,,,,,,,,,,
B,bolivia/tile347,225,10,confidence (baseline),0.0026538327051198753,0.0015525966676771673,-7.31137261390686,0.0,0.0007092517187707315,0.009119510686672352,-0.000676521090976726,,,,,,,,,,,,,,,
B,bolivia/tile347,225,10,tile-phase (aligned),0.0033630844238906068,0.0022618483864478988,0.01789133669218548,-0.0007092517187707315,0.0,0.00841025896790162,-0.0013857728097474574,,,,,,,,,,,,,,,
B,bolivia/tile347,225,10,boundary indicator,0.011773343391792226,0.010672107354349519,0.044444444444444446,-0.009119510686672352,-0.00841025896790162,0.0,-0.009796031777649077,,,,,,,,,,,,,,,
B,bolivia/tile347,225,10,control NDWI gradient,0.0019773116141431494,0.0008760755767004413,0.035273070061388696,0.000676521090976726,0.0013857728097474574,0.009796031777649077,0.0,,,,,,,,,,,,,,,
B,bolivia/tile347,225,10,constant score,0.04444444444444444,0.04334320840700173,0.0,-0.041790611739324565,-0.041081360020553834,-0.03267110105265221,-0.04246713283030129,,,,,,,,,,,,,,,
B,bolivia/tile347,225,10,control S2 patch variance,0.021827738896293487,0.02072650285885078,74.78907446481291,-0.019173906191173613,-0.01846465447240288,-0.010054395504501261,-0.019850427282150338,,,,,,,,,,,,,,,
B,bolivia/tile347,225,10,control NDWI level,0.0017393740487889637,0.0006381380113462556,-0.4911821811324104,0.0009144586563309116,0.001623710375101643,0.010033969343003263,0.0002379375653541857,,,,,,,,,,,,,,,
B,bolivia/tile347,225,10,dihedral consistency (8 transforms),0.0034521708579660685,0.0023509348205233605,0.007435285154505335,-0.0007983381528461932,-8.908643407546171e-05,0.008321172533826159,-0.0014748592438229191,,0.8785514117151287,0.8206321112515805,0.5545955998684886,0.7787968815844922,,,,,,,,,,
B,bolivia/tile347,225,10,"boundary first, then confidence",0.0028779962834636643,0.0017767602460209563,0.7488888888888889,-0.00022416357834378897,0.0004850881404269425,0.008895347108328563,-0.0009006846693205149,,0.9963959123472402,0.8703339654445849,0.571556328097461,0.7627201854193005,,,,,,,,,,
B,bolivia/tile347,225,10,combination conf+dihedral (prereg),0.0030440494587342768,0.0019428134212915687,0.5,-0.00039021675361440144,0.00031903496515633,0.00872929393305795,-0.0010667378445911274,,,,,,,,,,,,,,,
B,bolivia/tile349,225,4,confidence (baseline),0.0003397435673361993,0.00014132690382237582,-7.849504635069105,0.0,0.00020864743618548049,0.0001028136805221595,0.00034546893468797506,,,,,,,,,,,,,,,
B,bolivia/tile349,225,4,tile-phase (aligned),0.0005483910035216798,0.0003499743400078563,0.017017590486700807,-0.00020864743618548049,0.0,-0.00010583375566332098,0.00013682149850249457,,,,,,,,,,,,,,,
B,bolivia/tile349,225,4,boundary indicator,0.0004425572478583588,0.00024414058434453533,0.044444444444444446,-0.0001028136805221595,0.00010583375566332098,0.0,0.00024265525416581555,,,,,,,,,,,,,,,
B,bolivia/tile349,225,4,control NDWI gradient,0.0006852125020241743,0.0004867958385103509,0.03857376362393362,-0.00034546893468797506,-0.00013682149850249457,-0.00024265525416581555,0.0,,,,,,,,,,,,,,,
B,bolivia/tile349,225,4,constant score,0.017777777777777778,0.017579361114263954,0.0,-0.01743803421044158,-0.0172293867742561,-0.01733522052991942,-0.017092565275753605,,,,,,,,,,,,,,,
B,bolivia/tile349,225,4,control S2 patch variance,0.0024598445838404097,0.002261427920326586,89.51344590357623,-0.0021201010165042104,-0.0019114535803187297,-0.0020172873359820508,-0.0017746320818162352,,,,,,,,,,,,,,,
B,bolivia/tile349,225,4,control NDWI level,0.00021852727185972594,2.0110608345902484e-05,-0.4664642281647953,0.00012121629547647334,0.0003298637316619538,0.00022402997599863284,0.00046668523016444837,,,,,,,,,,,,,,,
B,bolivia/tile349,225,4,dihedral consistency (8 transforms),0.0004825660261085492,0.00028414936259472576,0.0046154385492587205,-0.00014282245877234994,6.582497741313055e-05,-4.0008778250190434e-05,0.00020264647591562512,,0.9089211967973033,0.8397903497682258,0.5420730882527965,0.6483491361146225,,,,,,,,,,
B,bolivia/tile349,225,4,"boundary first, then confidence",0.0003397435673361993,0.00014132690382237582,0.7844444444444445,0.0,0.00020864743618548049,0.0001028136805221595,0.00034546893468797506,,0.98557627475769,0.8628455541508637,0.6061131796895773,0.6339348925410876,,,,,,,,,,
B,bolivia/tile349,225,4,combination conf+dihedral (prereg),0.0003802436116804997,0.00018182694816667625,0.5,-4.050004434430043e-05,0.00016814739184118006,6.231363617785907e-05,0.0003049688903436746,,,,,,,,,,,,,,,
B,bolivia/tile350,225,4,confidence (baseline),0.0007091360524111391,0.0005107193888973156,-7.019901220798492,0.0,-0.0002481686750531246,-0.0003387464915550851,0.00013904075427677819,,,,,,,,,,,,,,,
B,bolivia/tile350,225,4,tile-phase (aligned),0.0004609673773580144,0.00026255071384419096,0.021970121304152095,0.0002481686750531246,0.0,-9.05778165019605e-05,0.0003872094293299028,,,,,,,,,,,,,,,
B,bolivia/tile350,225,4,boundary indicator,0.0003703895608560539,0.00017197289734223047,0.06333333333333334,0.0003387464915550851,9.05778165019605e-05,0.0,0.0004777872458318633,,,,,,,,,,,,,,,
B,bolivia/tile350,225,4,control NDWI gradient,0.0008481768066879172,0.0006497601431740938,0.04311308678978536,-0.00013904075427677819,-0.0003872094293299028,-0.0004777872458318633,0.0,,,,,,,,,,,,,,,
B,bolivia/tile350,225,4,constant score,0.017777777777777778,0.017579361114263954,0.0,-0.017068641725366637,-0.017316810400419762,-0.017407388216921723,-0.01692960097108986,,,,,,,,,,,,,,,
B,bolivia/tile350,225,4,control S2 patch variance,0.0016767960091973336,0.0014783793456835102,89.55054545777556,-0.0009676599567861946,-0.001215828631839319,-0.0013064064483412797,-0.0008286192025094164,,,,,,,,,,,,,,,
B,bolivia/tile350,225,4,control NDWI level,0.0003599531020835613,0.00016153643856973787,-0.3895943573543266,0.0003491829503275777,0.0001010142752744531,1.0436458772492604e-05,0.0004882237046043559,,,,,,,,,,,,,,,
B,bolivia/tile350,225,4,dihedral consistency (8 transforms),0.000665594593063846,0.00046717792955002256,0.00818316669048929,4.3541459347293027e-05,-0.0002046272157058316,-0.0002952050322077921,0.0001825822136240712,,0.863279603876949,0.8023367045933418,0.6099926141442054,0.5969532237673829,,,,,,,,,,
B,bolivia/tile350,225,4,"boundary first, then confidence",0.0007091360524111391,0.0005107193888973156,0.9177777777777778,0.0,-0.0002481686750531246,-0.0003387464915550851,0.00013904075427677819,,0.9897408343868519,0.8214096080910244,0.7075140164533972,0.5754477454698691,,,,,,,,,,
B,bolivia/tile350,225,4,combination conf+dihedral (prereg),0.00069543384202828,0.0004970171785144565,0.5,1.3702210382859122e-05,-0.0002344664646702655,-0.000325044281172226,0.0001527429646596373,,,,,,,,,,,,,,,
B,bolivia/tile351,225,12,confidence (baseline),0.005639654194248327,0.004073113419227385,-6.337899179061254,0.0,-0.0011787470560349466,-0.0018247490803206747,0.0005526204601811573,,,,,,,,,,,,,,,
B,bolivia/tile351,225,12,tile-phase (aligned),0.00446090713821338,0.0028943663631924386,0.02541478515787781,0.0011787470560349466,0.0,-0.0006460020242857281,0.0017313675162161039,,,,,,,,,,,,,,,
B,bolivia/tile351,225,12,boundary indicator,0.003814905113927652,0.0022483643389067105,0.07444444444444444,0.0018247490803206747,0.0006460020242857281,0.0,0.002377369540501832,,,,,,,,,,,,,,,
B,bolivia/tile351,225,12,control NDWI gradient,0.006192274654429484,0.0046257338794085424,0.051180391222236235,-0.0005526204601811573,-0.0017313675162161039,-0.002377369540501832,0.0,,,,,,,,,,,,,,,
B,bolivia/tile351,225,12,constant score,0.05333333333333334,0.051766792558312395,0.0,-0.04769367913908501,-0.04887242619511996,-0.049518428219405684,-0.04714105867890385,,,,,,,,,,,,,,,
B,bolivia/tile351,225,12,control S2 patch variance,0.03856380782240513,0.03699726704738419,87.12210265457911,-0.0329241536281568,-0.03410290068419175,-0.034748902708477476,-0.03237153316797564,,,,,,,,,,,,,,,
B,bolivia/tile351,225,12,control NDWI level,0.0021062047998716667,0.0005396640248507252,-0.41319723282708737,0.00353344939437666,0.0023547023383417133,0.0017087003140559853,0.004086069854557817,,,,,,,,,,,,,,,
B,bolivia/tile351,225,12,dihedral consistency (8 transforms),0.006498873300680502,0.00493233252565956,0.010940633604057236,-0.0008592191064321752,-0.002037966162467122,-0.00268396818675285,-0.0003065986462510179,,0.9323493468183741,0.8700568900126412,0.6054864372698661,0.8158575642646437,,,,,,,,,,
B,bolivia/tile351,225,12,"boundary first, then confidence",0.004511657013915207,0.0029451162388942657,0.9622222222222222,0.0011279971803331195,-5.074987570182713e-05,-0.0006967518999875552,0.0016806176405142767,,0.969353139485883,0.8736293721028237,0.7328035489061661,0.7667709650231773,,,,,,,,,,
B,bolivia/tile351,225,12,combination conf+dihedral (prereg),0.0061605097244248844,0.004593968949403943,0.5,-0.0005208555301765578,-0.0016996025862115044,-0.0023456046104972325,3.176493000459947e-05,,,,,,,,,,,,,,,
B,bolivia/tile352,225,23,confidence (baseline),0.021904264307619818,0.016265043373176434,-3.9004787815941704,0.0,-0.0026233443114477353,-0.012861522670642046,0.010138879767081069,,,,,,,,,,,,,,,
B,bolivia/tile352,225,23,tile-phase (aligned),0.019280919996172083,0.013641699061728699,0.06806583128869534,0.0026233443114477353,0.0,-0.01023817835919431,0.012762224078528804,,,,,,,,,,,,,,,
B,bolivia/tile352,225,23,boundary indicator,0.009042741636977773,0.0034035207025343876,0.15,0.012861522670642046,0.01023817835919431,0.0,0.023000402437723114,,,,,,,,,,,,,,,
B,bolivia/tile352,225,23,control NDWI gradient,0.03204314407470089,0.026403923140257503,0.07551456597489199,-0.010138879767081069,-0.012762224078528804,-0.023000402437723114,0.0,,,,,,,,,,,,,,,
B,bolivia/tile352,225,23,constant score,0.10222222222222223,0.09658300128777884,0.0,-0.08031795791460242,-0.08294130222605015,-0.09317948058524446,-0.07017907814752133,,,,,,,,,,,,,,,
B,bolivia/tile352,225,23,control S2 patch variance,0.11028021967833783,0.10464099874389445,106.41881836054402,-0.08837595537071802,-0.09099929968216575,-0.10123747804136006,-0.07823707560363694,,,,,,,,,,,,,,,
B,bolivia/tile352,225,23,control NDWI level,0.009584125070384697,0.003944904135941312,-0.27674490561482024,0.012320139237235121,0.009696794925787386,-0.0005413834334069244,0.02245901900431619,,,,,,,,,,,,,,,
B,bolivia/tile352,225,23,dihedral consistency (8 transforms),0.014311508345799263,0.008672287411355877,0.03523199884639729,0.007592755961820557,0.0049694116503728215,-0.00526876670882149,0.017731635728901626,,0.9532975136957436,0.8283723135271804,0.6474690137877506,0.6505499367888747,,,,,,,,,,
B,bolivia/tile352,225,23,"boundary first, then confidence",0.017957127666498554,0.01231790673205517,1.38,0.003947136641121264,0.0013237923296735288,-0.008914386029520781,0.014086016408202333,,0.8986188369152979,0.881926885798568,0.8641235078221029,0.6975558364938899,,,,,,,,,,
B,bolivia/tile352,225,23,combination conf+dihedral (prereg),0.016791695482569098,0.011152474548125714,0.5,0.00511256882505072,0.0024892245136029847,-0.007748953845591326,0.015251448592131789,,,,,,,,,,,,,,,
B,bolivia/tile353,225,33,confidence (baseline),0.036003013155368725,0.02435390399280546,-3.81349757499165,0.0,-0.010041529608128175,-0.009090063175771731,0.027471601081574433,,,,,,,,,,,,,,,
B,bolivia/tile353,225,33,tile-phase (aligned),0.02596148354724055,0.014312374384677284,0.09115457170914548,0.010041529608128175,0.0,0.0009514664323564438,0.037513130689702606,,,,,,,,,,,,,,,
B,bolivia/tile353,225,33,boundary indicator,0.026912949979596992,0.015263840817033728,0.21888888888888888,0.009090063175771731,-0.0009514664323564438,0.0,0.036561664257346166,,,,,,,,,,,,,,,
B,bolivia/tile353,225,33,control NDWI gradient,0.06347461423694316,0.05182550507437989,0.07583837041776424,-0.027471601081574433,-0.037513130689702606,-0.036561664257346166,0.0,,,,,,,,,,,,,,,
B,bolivia/tile353,225,33,constant score,0.1466666666666667,0.13501755750410344,0.0,-0.11066365351129798,-0.12070518311942616,-0.1197537166870697,-0.08319205242972355,,,,,,,,,,,,,,,
B,bolivia/tile353,225,33,control S2 patch variance,0.10088066601836004,0.08923155685579678,103.1012718790962,-0.06487765286299133,-0.0749191824711195,-0.07396771603876305,-0.03740605178141689,,,,,,,,,,,,,,,
B,bolivia/tile353,225,33,control NDWI level,0.0501569242097443,0.03850781504718103,-0.22033692310469377,-0.014153911054375572,-0.024195440662503745,-0.023243974230147305,0.013317690027198861,,,,,,,,,,,,,,,
B,bolivia/tile353,225,33,dihedral consistency (8 transforms),0.04016883888148564,0.028519729718922374,0.038858920266599546,-0.004165825726116915,-0.01420735533424509,-0.013255888901888646,0.02330577535545752,,0.9522850821744627,0.7614759797724393,0.5042087934340913,0.5102855035819638,,,,,,,,,,
B,bolivia/tile353,225,33,"boundary first, then confidence",0.031938769722120744,0.020289660559557478,1.771111111111111,0.004064243433247981,-0.005977286174880194,-0.00502581974252375,0.031535844514822414,,0.8177402022755997,0.7862684365781706,0.8288388522518376,0.42045933417614795,,,,,,,,,,
B,bolivia/tile353,225,33,combination conf+dihedral (prereg),0.036688572445988214,0.025039463283424948,0.5,-0.0006855592906194891,-0.010727088898747664,-0.00977562246639122,0.026786041790954944,,,,,,,,,,,,,,,
B,bolivia/tile355,225,4,confidence (baseline),0.00034048838127941083,0.00014207171776558738,-7.005476735697853,0.0,-6.144480232803535e-05,-0.00014207171776558738,0.0032286423076263483,,,,,,,,,,,,,,,
B,bolivia/tile355,225,4,tile-phase (aligned),0.0002790435789513755,8.062691543755203e-05,0.014458231681281986,6.144480232803535e-05,0.0,-8.062691543755203e-05,0.003290087109954384,,,,,,,,,,,,,,,
B,bolivia/tile355,225,4,boundary indicator,0.00019841666351382345,0.0,0.024444444444444446,0.00014207171776558738,8.062691543755203e-05,0.0,0.003370714025391936,,,,,,,,,,,,,,,
B,bolivia/tile355,225,4,control NDWI gradient,0.0035691306889057595,0.003370714025391936,0.024193326452117775,-0.0032286423076263483,-0.003290087109954384,-0.003370714025391936,0.0,,,,,,,,,,,,,,,
B,bolivia/tile355,225,4,constant score,0.017777777777777778,0.017579361114263954,0.0,-0.017437289396498367,-0.0174987341988264,-0.017579361114263954,-0.014208647088872019,,,,,,,,,,,,,,,
B,bolivia/tile355,225,4,control S2 patch variance,0.00795844830291794,0.007760031639404117,73.68223900884823,-0.00761795992163853,-0.007679404723966565,-0.007760031639404117,-0.004389317614012182,,,,,,,,,,,,,,,
B,bolivia/tile355,225,4,control NDWI level,0.0002794109187682566,8.099425525443313e-05,-0.4772351825069503,6.107746251115425e-05,-3.673398168811009e-07,-8.099425525443313e-05,0.003289719770137503,,,,,,,,,,,,,,,
B,bolivia/tile355,225,4,dihedral consistency (8 transforms),0.0002790435789513755,8.062691543755203e-05,0.006583082897494832,6.144480232803535e-05,0.0,-8.062691543755203e-05,0.003290087109954384,,0.9016087231352723,0.7798388116308478,0.35309774033391994,0.68192793931732,,,,,,,,,,
B,bolivia/tile355,225,4,"boundary first, then confidence",0.00025874931208176615,6.0332648567942696e-05,0.66,8.173906919764468e-05,2.029426686960933e-05,-6.0332648567942696e-05,0.0033103813768239933,,0.9895796460176992,0.7961430678466076,0.47015382386874005,0.6314759797724401,,,,,,,,,,
B,bolivia/tile355,225,4,combination conf+dihedral (prereg),0.0002994309387882766,0.00010101427527445315,0.49999999999999994,4.1057442491134225e-05,-2.0387359836901127e-05,-0.00010101427527445315,0.003269699750117483,,,,,,,,,,,,,,,
B,bolivia/tile356,225,6,confidence (baseline),0.003517765059089403,0.0030998359178286868,-3.466182592842314,0.0,-0.0025992060196916595,-0.0030592469609396168,0.0033085125207999435,,,,,,,,,,,,,,,
B,bolivia/tile356,225,6,tile-phase (aligned),0.0009185590393977431,0.000500629898137027,0.03496000902242182,0.0025992060196916595,0.0,-0.00046004094124795706,0.005907718540491603,,,,,,,,,,,,,,,
B,bolivia/tile356,225,6,boundary indicator,0.00045851809814978603,4.058895688906997e-05,0.03666666666666667,0.0030592469609396168,0.00046004094124795706,0.0,0.00636775948173956,,,,,,,,,,,,,,,
B,bolivia/tile356,225,6,control NDWI gradient,0.006826277579889346,0.00640834843862863,0.018326812737184364,-0.0033085125207999435,-0.005907718540491603,-0.00636775948173956,0.0,,,,,,,,,,,,,,,
B,bolivia/tile356,225,6,constant score,0.02666666666666667,0.026248737525405953,0.0,-0.023148901607577266,-0.025748107627268927,-0.026208148568516883,-0.01984038908677732,,,,,,,,,,,,,,,
B,bolivia/tile356,225,6,control S2 patch variance,0.011703203541025976,0.01128527439976526,36.231161049353446,-0.008185438481936574,-0.010784644501628233,-0.011244685442876191,-0.00487692596113663,,,,,,,,,,,,,,,
B,bolivia/tile356,225,6,control NDWI level,0.0036350851771875547,0.0032171560359268384,-0.30075055392909966,-0.00011732011809815167,-0.002716526137789811,-0.0031765670790377684,0.003191192402701792,,,,,,,,,,,,,,,
B,bolivia/tile356,225,6,dihedral consistency (8 transforms),0.0037458683295566076,0.0033279391882958913,0.04432906650252537,-0.00022810327046720452,-0.002827309290158864,-0.0032873502314068213,0.003080409250332739,,0.9138643067846607,0.8970048461862621,0.3279376418103072,0.3776548672566373,,,,,,,,,,
B,bolivia/tile356,225,6,"boundary first, then confidence",0.0011889978265788722,0.0007710686853181561,0.7488888888888889,0.0023287672325105306,-0.0002704387871811291,-0.0007304797284290862,0.005637279753310474,,0.9735766961651918,0.9297766540244421,0.5713459407619561,0.3996238938053099,,,,,,,,,,
B,bolivia/tile356,225,6,combination conf+dihedral (prereg),0.00303173069164002,0.0026138015503793036,0.5,0.0004860343674493832,-0.0021131716522422763,-0.0025732125934902336,0.0037945468882493267,,,,,,,,,,,,,,,
B,bolivia/tile358,225,42,confidence (baseline),0.04359482153993181,0.02456028126512775,-4.482761106689771,0.0,-0.004830957022395159,0.041851631175633806,0.10712020347140669,,,,,,,,,,,,,,,
B,bolivia/tile358,225,42,tile-phase (aligned),0.038763864517536654,0.01972932424273259,0.04785251079577493,0.004830957022395159,0.0,0.046682588198028965,0.11195116049380184,,,,,,,,,,,,,,,
B,bolivia/tile358,225,42,boundary indicator,0.08544645271556563,0.06641191244076156,0.10333333333333333,-0.041851631175633806,-0.046682588198028965,0.0,0.06526857229577288,,,,,,,,,,,,,,,
B,bolivia/tile358,225,42,control NDWI gradient,0.1507150250113385,0.13168048473653443,0.026632650980111337,-0.10712020347140669,-0.11195116049380184,-0.06526857229577288,0.0,,,,,,,,,,,,,,,
B,bolivia/tile358,225,42,constant score,0.18666666666666668,0.16763212639186262,0.0,-0.14307184512673488,-0.14790280214913004,-0.10122021395110106,-0.03595164165532819,,,,,,,,,,,,,,,
B,bolivia/tile358,225,42,control S2 patch variance,0.288764132337427,0.2697295920626229,58.71372088537571,-0.24516931079749518,-0.2500002678198903,-0.20331767962186137,-0.1380491073260885,,,,,,,,,,,,,,,
B,bolivia/tile358,225,42,control NDWI level,0.02663992938559311,0.007605389110789045,-0.28018556852270216,0.016954892154338704,0.012123935131943545,0.05880652332997251,0.12407509562574538,,,,,,,,,,,,,,,
B,bolivia/tile358,225,42,dihedral consistency (8 transforms),0.026690808157433736,0.007656267882629672,0.03790115825916776,0.016904013382498077,0.012073056360102918,0.058755644558131884,0.12402421685390476,,0.9443447113358625,0.9033912768647285,0.6476476204089271,0.22951748841129369,,,,,,,,,,
B,bolivia/tile358,225,42,"boundary first, then confidence",0.046336080261945765,0.0273015399871417,1.1666666666666667,-0.002741258722013952,-0.007572215744409111,0.039110372453619854,0.10437894474939273,,0.96190792246102,0.9324462705436154,0.8172714881658664,0.283365992414665,,,,,,,,,,
B,bolivia/tile358,225,42,combination conf+dihedral (prereg),0.032965361822781945,0.013930821547977881,0.5,0.010629459717149868,0.005798502694754709,0.052481090892783674,0.11774966318855655,,,,,,,,,,,,,,,
B,bolivia/tile360,225,43,confidence (baseline),0.0717535873911231,0.051778737986066,-3.5612619502014584,0.0,-0.0066277839386062465,0.011393269448322724,0.04877217657078002,,,,,,,,,,,,,,,
B,bolivia/tile360,225,43,tile-phase (aligned),0.06512580345251685,0.04515095404745975,0.0510999303621227,0.0066277839386062465,0.0,0.01802105338692897,0.05539996050938627,,,,,,,,,,,,,,,
B,bolivia/tile360,225,43,boundary indicator,0.08314685683944582,0.06317200743438872,0.1111111111111111,-0.011393269448322724,-0.01802105338692897,0.0,0.0373789071224573,,,,,,,,,,,,,,,
B,bolivia/tile360,225,43,control NDWI gradient,0.12052576396190312,0.10055091455684602,0.02540675141635088,-0.04877217657078002,-0.05539996050938627,-0.0373789071224573,0.0,,,,,,,,,,,,,,,
B,bolivia/tile360,225,43,constant score,0.19111111111111112,0.171136261706054,0.0,-0.119357523719988,-0.12598530765859425,-0.10796425427166528,-0.07058534714920799,,,,,,,,,,,,,,,
B,bolivia/tile360,225,43,control S2 patch variance,0.28928092976687647,0.26930608036181936,43.948558911850334,-0.21752734237575336,-0.2241551263143596,-0.20613407292743063,-0.16875516580497335,,,,,,,,,,,,,,,
B,bolivia/tile360,225,43,control NDWI level,0.03241074547129253,0.012435896066235425,-0.27492140814724536,0.039342841919830576,0.03271505798122433,0.0507361113681533,0.0881150184906106,,,,,,,,,,,,,,,
B,bolivia/tile360,225,43,dihedral consistency (8 transforms),0.06689135229582659,0.046916502890769485,0.042035073954143125,0.004862235095296513,-0.0017655488433097333,0.016255504543619237,0.053634411666076534,,0.9362136536030341,0.8848651495996627,0.6708534945542309,0.43316160977665386,,,,,,,,,,
B,bolivia/tile360,225,43,"boundary first, then confidence",0.058227043138220254,0.038252193733163145,1.1755555555555555,0.013526544252902853,0.006898760314296606,0.024919813701225577,0.062298720823682874,,0.9483617783396551,0.9137010113780027,0.8213574764304113,0.43551411715128513,,,,,,,,,,
B,bolivia/tile360,225,43,combination conf+dihedral (prereg),0.06788197244034092,0.04790712303528381,0.5,0.0038716149507821845,-0.002756168987824062,0.015264884399104908,0.052643791521562205,,,,,,,,,,,,,,,
B,bolivia/tile362,225,42,confidence (baseline),0.05434974554117013,0.03531520526636606,-3.5325730480088127,0.0,-0.0011373598300740695,0.055206738889391725,0.19009836697841706,,,,,,,,,,,,,,,
B,bolivia/tile362,225,42,tile-phase (aligned),0.05321238571109606,0.034177845436291994,0.05603724020943951,0.0011373598300740695,0.0,0.056344098719465795,0.19123572680849113,,,,,,,,,,,,,,,
B,bolivia/tile362,225,42,boundary indicator,0.10955648443056185,0.09052194415575779,0.11777777777777777,-0.055206738889391725,-0.056344098719465795,0.0,0.13489162808902533,,,,,,,,,,,,,,,
B,bolivia/tile362,225,42,control NDWI gradient,0.24444811251958717,0.22541357224478312,0.02672267430810623,-0.19009836697841706,-0.19123572680849113,-0.13489162808902533,0.0,,,,,,,,,,,,,,,
B,bolivia/tile362,225,42,constant score,0.18666666666666668,0.16763212639186262,0.0,-0.13231692112549656,-0.13345428095557063,-0.07711018223610483,0.0577814458529205,,,,,,,,,,,,,,,
B,bolivia/tile362,225,42,control S2 patch variance,0.280514640209452,0.26148009993464794,41.01784005068885,-0.22616489466828188,-0.22730225449835595,-0.17095815577889015,-0.03606652768986482,,,,,,,,,,,,,,,
B,bolivia/tile362,225,42,control NDWI level,0.046823814757076844,0.02778927448227278,-0.2701383494874202,0.0075259307840932835,0.006388570954019214,0.06273266967348501,0.19762429776251034,,,,,,,,,,,,,,,
B,bolivia/tile362,225,42,dihedral consistency (8 transforms),0.05014552888819847,0.031110988613394404,0.03491910404066503,0.00420421665297166,0.00306685682289759,0.059410955542363385,0.19430258363138872,,0.9503487147071221,0.8516729877791829,0.5897089305231222,0.20699852507374644,,,,,,,,,,
B,bolivia/tile362,225,42,"boundary first, then confidence",0.05913746978660131,0.040102929511797246,1.211111111111111,-0.0047877242454311825,-0.005925084075505252,0.05041901464396054,0.18531064273298586,,0.9183860092709656,0.9262642225031609,0.8300242174803527,0.3343889591234726,,,,,,,,,,
B,bolivia/tile362,225,42,combination conf+dihedral (prereg),0.05173033557172517,0.032695795296921105,0.5000000000000001,0.002619409969444958,0.0014820501393708885,0.05782614885883668,0.19271777694786202,,,,,,,,,,,,,,,
B,bolivia/tile364,225,38,confidence (baseline),0.04249030385384496,0.02697544709463002,-2.5913293688827093,0.0,0.03373090236492887,0.07274273243328458,0.11356530793958092,,,,,,,,,,,,,,,
B,bolivia/tile364,225,38,tile-phase (aligned),0.07622120621877383,0.06070634945955889,0.0836848102344407,-0.03373090236492887,0.0,0.0390118300683557,0.07983440557465205,,,,,,,,,,,,,,,
B,bolivia/tile364,225,38,boundary indicator,0.11523303628712954,0.09971817952791459,0.16666666666666666,-0.07274273243328458,-0.0390118300683557,0.0,0.04082257550629634,,,,,,,,,,,,,,,
B,bolivia/tile364,225,38,control NDWI gradient,0.15605561179342586,0.14054075503421093,0.025789113834603736,-0.11356530793958092,-0.07983440557465205,-0.04082257550629634,0.0,,,,,,,,,,,,,,,
B,bolivia/tile364,225,38,constant score,0.1688888888888889,0.15337403212967396,0.0,-0.12639858503504395,-0.09266768267011508,-0.05365585260175937,-0.01283327709546303,,,,,,,,,,,,,,,
B,bolivia/tile364,225,38,control S2 patch variance,0.14291419945082545,0.12739934269161052,36.4478045961134,-0.1004238955969805,-0.06669299323205163,-0.027681163163695927,0.013141412342600411,,,,,,,,,,,,,,,
B,bolivia/tile364,225,38,control NDWI level,0.08835590440762231,0.07284104764840736,-0.16852518567004526,-0.04586560055377734,-0.012134698188848471,0.02687713187950723,0.06769970738580357,,,,,,,,,,,,,,,
B,bolivia/tile364,225,38,dihedral consistency (8 transforms),0.05119111307750922,0.035676256318294276,0.0489786179524122,-0.008700809223664258,0.025030093141264614,0.06404192320962032,0.10486449871591666,,0.8917614833544039,0.6786040876527598,0.4111189044085097,0.06858723135271812,,,,,,,,,,
B,bolivia/tile364,225,38,"boundary first, then confidence",0.06322055014982177,0.047705693390606825,1.548888888888889,-0.020730246295976806,0.013000656068952066,0.052012486137307766,0.09283506164360411,,0.7425611040876522,0.7579456384323638,0.85955932790826,0.22563632532659075,,,,,,,,,,
B,bolivia/tile364,225,38,combination conf+dihedral (prereg),0.04376549465780034,0.028250637898585396,0.5,-0.001275190803955377,0.032455711560973495,0.0714675416293292,0.11229011713562553,,,,,,,,,,,,,,,
B,bolivia/tile366,189,29,confidence (baseline),0.060968168228152896,0.04813822095087686,-2.549081244481304,0.0,0.000615415280102033,-0.012908920962321213,0.05485228423912697,,,,,,,,,,,,,,,
B,bolivia/tile366,189,29,tile-phase (aligned),0.06158358350825492,0.04875363623097889,0.08205342106274748,-0.000615415280102033,0.0,-0.013524336242423246,0.054236868959024936,,,,,,,,,,,,,,,
B,bolivia/tile366,189,29,boundary indicator,0.048059247265831675,0.035229299988555646,0.167989417989418,0.012908920962321213,0.013524336242423246,0.0,0.06776120520144818,,,,,,,,,,,,,,,
B,bolivia/tile366,189,29,control NDWI gradient,0.11582045246727986,0.10299050519000383,0.03385549982726609,-0.05485228423912697,-0.054236868959024936,-0.06776120520144818,0.0,,,,,,,,,,,,,,,
B,bolivia/tile366,189,29,constant score,0.1534391534391535,0.14060920616187744,0.0,-0.09247098521100058,-0.09185556993089855,-0.1053799061733218,-0.037618700971873614,,,,,,,,,,,,,,,
B,bolivia/tile366,189,29,control S2 patch variance,0.13648029001867618,0.12365034274140015,55.112955151215154,-0.07551212179052329,-0.07489670651042125,-0.0884210427528445,-0.020659837551396318,,,,,,,,,,,,,,,
B,bolivia/tile366,189,29,control NDWI level,0.031142049665561153,0.01831210238828512,-0.20772378381622708,0.02982611856259174,0.030441533842693772,0.016917197600270526,0.0846784028017187,,,,,,,,,,,,,,,
B,bolivia/tile366,189,29,dihedral consistency (8 transforms),0.0687974253448273,0.05596747806755127,0.051414528788035374,-0.007829257116674412,-0.007213841836572379,-0.020738178078995625,0.04702302712245256,,0.8364119518654798,0.6188076574414763,0.26093856995483194,-0.003098170959313181,,,,,,,,,,
B,bolivia/tile366,189,29,"boundary first, then confidence",0.046348720048419986,0.033518772771143956,1.5605394935752077,0.014619448179732902,0.015234863459834935,0.0017105272174116892,0.06947173241885987,,0.6568353507883186,0.7528982029541941,0.840135838644915,0.14647256438969758,,,,,,,,,,
B,bolivia/tile366,189,29,combination conf+dihedral (prereg),0.06336971976167954,0.050539772484403514,0.5,-0.002401551533526655,-0.0017861362534246222,-0.015310472495847868,0.052450732705600314,,,,,,,,,,,,,,,
B,bolivia/tile367,180,5,confidence (baseline),0.0018325573019143332,0.0013661165669854554,-6.414075807564789,0.0,-0.00040610668444400326,-0.0003980508614451707,0.00032040391100832556,,,,,,,,,,,,,,,
B,bolivia/tile367,180,5,tile-phase (aligned),0.00142645061747033,0.0009600098825414522,0.04195988851155966,0.00040610668444400326,0.0,8.05582299883258e-06,0.0007265105954523288,,,,,,,,,,,,,,,
B,bolivia/tile367,180,5,boundary indicator,0.0014345064404691626,0.0009680657055402848,0.08333333333333333,0.0003980508614451707,-8.05582299883258e-06,0.0,0.0007184547724534962,,,,,,,,,,,,,,,
B,bolivia/tile367,180,5,control NDWI gradient,0.0021529612129226588,0.001686520477993781,0.056149164448832854,-0.00032040391100832556,-0.0007265105954523288,-0.0007184547724534962,0.0,,,,,,,,,,,,,,,
B,bolivia/tile367,180,5,constant score,0.027777777777777783,0.027311337042848906,0.0,-0.02594522047586345,-0.026351327160307456,-0.02634327133730862,-0.025624816564855126,,,,,,,,,,,,,,,
B,bolivia/tile367,180,5,control S2 patch variance,0.008013639710096545,0.007547198975167668,162.98770002511998,-0.006181082408182212,-0.006587189092626216,-0.006579133269627383,-0.0058606784971738865,,,,,,,,,,,,,,,
B,bolivia/tile367,180,5,control NDWI level,0.0023270642832911833,0.0018606235483623055,-0.42522373670680724,-0.00049450698137685,-0.0009006136658208533,-0.0008925578428220207,-0.00017410307036852448,,,,,,,,,,,,,,,
B,bolivia/tile367,180,5,dihedral consistency (8 transforms),0.002530199920747339,0.002063759185818461,0.017830189253133236,-0.0006976426188330055,-0.0011037493032770088,-0.0010956934802781762,-0.00037723870782467995,,0.9507947776165929,0.880189717789644,0.5667276994438193,0.8715948023087143,,,,,,,,,,
B,bolivia/tile367,180,5,"boundary first, then confidence",0.0014153587671773928,0.000948918032248515,1.0432043650793652,0.0004171985347369404,1.1091850292937154e-05,1.9147673291769734e-05,0.000737602445745266,,0.8879286397728323,0.9094210726668516,0.7942299637889175,0.8470631809623753,,,,,,,,,,
B,bolivia/tile367,180,5,combination conf+dihedral (prereg),0.0020998517095393433,0.0016334109746104655,0.49999999999999994,-0.0002672944076250101,-0.0006734010920690133,-0.0006653452690701808,5.310950338331547e-05,,,,,,,,,,,,,,,
B,bolivia/tile369,52,3,confidence (baseline),0.0030413363570280186,0.0007931057038199898,-6.294674286475549,0.0,0.01251901516970326,0.0598583658710912,0.019018124484120182,,,,,,,,,,,,,,,
B,bolivia/tile369,52,3,tile-phase (aligned),0.01556035152673128,0.01331212087352325,0.05900237330248414,-0.01251901516970326,0.0,0.04733935070138794,0.0064991093144169225,,,,,,,,,,,,,,,
B,bolivia/tile369,52,3,boundary indicator,0.06289970222811922,0.060651471574911194,0.14903846153846154,-0.0598583658710912,-0.04733935070138794,0.0,-0.040840241386971024,,,,,,,,,,,,,,,
B,bolivia/tile369,52,3,control NDWI gradient,0.022059460841148203,0.019811230187940173,0.06630136511144243,-0.019018124484120182,-0.0064991093144169225,0.040840241386971024,0.0,,,,,,,,,,,,,,,
B,bolivia/tile369,52,3,constant score,0.057692307692307675,0.05544407703909965,0.0,-0.05465097133527966,-0.0421319561655764,0.005207394535811545,-0.03563284685115947,,,,,,,,,,,,,,,
B,bolivia/tile369,52,3,control S2 patch variance,0.00852730063645694,0.006279069983248912,123.96725838261395,-0.005485964279428922,0.0070330508902743385,0.05437240159166228,0.013532160204691262,,,,,,,,,,,,,,,
B,bolivia/tile369,52,3,control NDWI level,0.004645641923273588,0.002397411270065559,-0.2865570282426506,-0.001604305566245569,0.010914709603457692,0.05825406030484563,0.017413818917874614,,,,,,,,,,,,,,,
B,bolivia/tile369,52,3,dihedral consistency (8 transforms),0.003425951741643403,0.001177721088435374,0.010599284726175448,-0.0003846153846153843,0.012134399785087877,0.05947375048647582,0.0186335090995048,,0.9446768547767438,0.8663877742679075,0.7100220047558479,0.8529838640826434,,,,,,,,,,
B,bolivia/tile369,52,3,"boundary first, then confidence",0.025950811560741156,0.023702580907533126,1.2208962912087915,-0.022909475203713135,-0.010390460034009875,0.03694889066737807,-0.003891350719592953,,0.9183812857508749,0.8739861692136942,0.8800905165669322,0.7925382054127897,,,,,,,,,,
B,bolivia/tile369,52,3,combination conf+dihedral (prereg),0.003233644049335711,0.000985413396127682,0.5,-0.00019230769230769214,0.012326707477395569,0.05966605817878351,0.018825816791812493,,,,,,,,,,,,,,,
B,bolivia/tile370,190,9,confidence (baseline),0.002619904821913583,0.001355445745323335,-8.053524331042642,0.0,0.0012073633656194778,0.002574847528277187,0.003336347770975318,,,,,,,,,,,,,,,
B,bolivia/tile370,190,9,tile-phase (aligned),0.0038272681875330607,0.0025628091109428128,0.02957715451083411,-0.0012073633656194778,0.0,0.0013674841626577093,0.00212898440535584,,,,,,,,,,,,,,,
B,bolivia/tile370,190,9,boundary indicator,0.00519475235019077,0.003930293273600522,0.07434210526315789,-0.002574847528277187,-0.0013674841626577093,0.0,0.0007615002426981307,,,,,,,,,,,,,,,
B,bolivia/tile370,190,9,control NDWI gradient,0.005956252592888901,0.004691793516298653,0.04140906979441401,-0.003336347770975318,-0.00212898440535584,-0.0007615002426981307,0.0,,,,,,,,,,,,,,,
B,bolivia/tile370,190,9,constant score,0.04736842105263158,0.04610396197604133,0.0,-0.044748516230717995,-0.04354115286509852,-0.04217366870244081,-0.041412168459742674,,,,,,,,,,,,,,,
B,bolivia/tile370,190,9,control S2 patch variance,0.0027373292543663784,0.0014728701777761304,92.44016667625388,-0.00011742443245279545,0.0010899389331666823,0.0024574230958243916,0.0032189233385225224,,,,,,,,,,,,,,,
B,bolivia/tile370,190,9,control NDWI level,0.00503128279996686,0.003766823723376612,-0.4181877868610404,-0.002411377978053277,-0.0012040146124337992,0.00016346955022391012,0.0009249697929220408,,,,,,,,,,,,,,,
B,bolivia/tile370,190,9,dihedral consistency (8 transforms),0.002557640013251775,0.001293180936661527,0.00650906921256903,6.22648086618079e-05,0.0012696281742812857,0.002637112336938995,0.0033986125796371257,,0.9351205238226449,0.8164031369873198,0.5893077052254962,0.4943449373870976,,,,,,,,,,
B,bolivia/tile370,190,9,"boundary first, then confidence",0.0024554182864896476,0.0011909592098993996,0.9263627819548873,0.00016448653542393537,0.0013718499010434131,0.0027393340637011225,0.003500834306399253,,0.9714259470666192,0.9044032419617979,0.7463177358707238,0.5093562877525399,,,,,,,,,,
B,bolivia/tile370,190,9,combination conf+dihedral (prereg),0.0025742955762098033,0.0013098364996195553,0.5,4.5609245703779645e-05,0.0012529726113232574,0.0026204567739809667,0.0033819570166790974,,,,,,,,,,,,,,,
B,bolivia/tile371,143,21,confidence (baseline),0.02258359280103467,0.01071811550698155,-7.2393634502704325,0.0,0.0013359150407061086,0.033470466235461016,0.011840857200453518,,,,,,,,,,,,,,,
B,bolivia/tile371,143,21,tile-phase (aligned),0.023919507841740777,0.01205403054768766,0.044640128051628224,-0.0013359150407061086,0.0,0.03213455119475491,0.01050494215974741,,,,,,,,,,,,,,,
B,bolivia/tile371,143,21,boundary indicator,0.056054059036495685,0.04418858174244257,0.10576923076923077,-0.033470466235461016,-0.03213455119475491,0.0,-0.0216296090350075,,,,,,,,,,,,,,,
B,bolivia/tile371,143,21,control NDWI gradient,0.03442445000148819,0.02255897270743507,0.04598334748647657,-0.011840857200453518,-0.01050494215974741,0.0216296090350075,0.0,,,,,,,,,,,,,,,
B,bolivia/tile371,143,21,constant score,0.14685314685314685,0.13498766955909372,0.0,-0.12426955405211217,-0.12293363901140605,-0.09079908781665115,-0.11242869685165865,,,,,,,,,,,,,,,
B,bolivia/tile371,143,21,control S2 patch variance,0.05756475757068033,0.045699280276627216,82.93546582717606,-0.03498116476964566,-0.03364524972893956,-0.0015106985341846457,-0.023140307569192147,,,,,,,,,,,,,,,
B,bolivia/tile371,143,21,control NDWI level,0.016527421898745554,0.004661944604692436,-0.39295888913244637,0.0060561709022891146,0.007392085942995223,0.039526637137750134,0.017897028102742633,,,,,,,,,,,,,,,
B,bolivia/tile371,143,21,dihedral consistency (8 transforms),0.02246665905682893,0.010601181762775812,0.015638646683678068,0.00011693374420573832,0.001452848784911847,0.033587399979666754,0.011957790944659256,,0.9704151482320499,0.9201918973045733,0.6831456196142447,0.7210266259562036,,,,,,,,,,
B,bolivia/tile371,143,21,"boundary first, then confidence",0.024248356819527275,0.012382879525474157,0.9751186313686313,-0.0016647640184926059,-0.00032884897778649724,0.031805702216968414,0.010176093181960912,,0.9731319150333235,0.927139761646804,0.7860096993988819,0.7127121704586497,,,,,,,,,,
B,bolivia/tile371,143,21,combination conf+dihedral (prereg),0.022379006014550142,0.010513528720497024,0.5,0.00020458678648452647,0.0015405018271906351,0.033675053021945546,0.012045443986938045,,,,,,,,,,,,,,,
B,bolivia/tile372,68,5,confidence (baseline),0.01854465492275351,0.015234659620903576,-4.682164257063585,0.0,-0.004560042104219807,0.007348430820334956,-0.00594757016386393,,,,,,,,,,,,,,,
B,bolivia/tile372,68,5,tile-phase (aligned),0.013984612818533703,0.01067461751668377,0.038267973304113294,0.004560042104219807,0.0,0.011908472924554762,-0.0013875280596441237,,,,,,,,,,,,,,,
B,bolivia/tile372,68,5,boundary indicator,0.025893085743088465,0.022583090441238532,0.07169117647058823,-0.007348430820334956,-0.011908472924554762,0.0,-0.013296000984198886,,,,,,,,,,,,,,,
B,bolivia/tile372,68,5,control NDWI gradient,0.01259708475888958,0.009287089457039646,0.048791704932292665,0.00594757016386393,0.0013875280596441237,0.013296000984198886,0.0,,,,,,,,,,,,,,,
B,bolivia/tile372,68,5,constant score,0.07352941176470586,0.07021941646285593,0.0,-0.05498475684195235,-0.05954479894617216,-0.047636326021617395,-0.06093232700581628,,,,,,,,,,,,,,,
B,bolivia/tile372,68,5,control S2 patch variance,0.020188092728672467,0.016878097426822534,136.98817475347715,-0.0016434378059189576,-0.006203479910138764,0.005704993014415998,-0.007591007969782888,,,,,,,,,,,,,,,
B,bolivia/tile372,68,5,control NDWI level,0.0035434220058648733,0.00023342670401493935,-0.2949041184681827,0.015001232916888638,0.010441190812668831,0.022349663737223593,0.009053662753024706,,,,,,,,,,,,,,,
B,bolivia/tile372,68,5,dihedral consistency (8 transforms),0.022423534825989695,0.01911353952413976,0.019184277645014364,-0.0038788799032361855,-0.008438922007455992,0.0034695509170987703,-0.009826450067100116,,0.9386570981410084,0.8223460701607055,0.390154577299456,0.06336603427873413,,,,,,,,,,
B,bolivia/tile372,68,5,"boundary first, then confidence",0.016403933762746233,0.0130939384608963,1.0212710084033614,0.0021407211600072765,-0.00241932094421253,0.009489151980342232,-0.003806849003856654,,0.8971637973813797,0.9067832194526091,0.7305541071152698,0.23918769324731842,,,,,,,,,,
B,bolivia/tile372,68,5,combination conf+dihedral (prereg),0.01969727636530962,0.016387281063459685,0.5000000000000001,-0.0011526214425561093,-0.005712663546775916,0.0061958093777788464,-0.00710019160642004,,,,,,,,,,,,,,,
B,bolivia/tile374,221,26,confidence (baseline),0.030985020129824462,0.023510287027261954,-4.291127212986148,0.0,0.005716384596239198,-0.0022190693549051198,0.03615920565770241,,,,,,,,,,,,,,,
B,bolivia/tile374,221,26,tile-phase (aligned),0.03670140472606366,0.029226671623501153,0.07976503016463407,-0.005716384596239198,0.0,-0.007935453951144318,0.030442821061463215,,,,,,,,,,,,,,,
B,bolivia/tile374,221,26,boundary indicator,0.028765950774919342,0.021291217672356835,0.1578054298642534,0.0022190693549051198,0.007935453951144318,0.0,0.03837827501260753,,,,,,,,,,,,,,,
B,bolivia/tile374,221,26,control NDWI gradient,0.06714422578752688,0.05966949268496437,0.0691303035840747,-0.03615920565770241,-0.030442821061463215,-0.03837827501260753,0.0,,,,,,,,,,,,,,,
B,bolivia/tile374,221,26,constant score,0.11764705882352941,0.1101723257209669,0.0,-0.08666203869370495,-0.08094565409746575,-0.08888110804861006,-0.05050283303600253,,,,,,,,,,,,,,,
B,bolivia/tile374,221,26,control S2 patch variance,0.1267228630529803,0.1192481299504178,137.92321000684984,-0.09573784292315585,-0.09002145832691665,-0.09795691227806096,-0.05957863726545343,,,,,,,,,,,,,,,
B,bolivia/tile374,221,26,control NDWI level,0.015635980890994775,0.008161247788432267,-0.2860155782367371,0.015349039238829687,0.021065423835068885,0.013129969883924567,0.0515082448965321,,,,,,,,,,,,,,,
B,bolivia/tile374,221,26,dihedral consistency (8 transforms),0.03692279712174619,0.029448064019183682,0.03550145233221303,-0.0059377769919217276,-0.00022139239568252922,-0.008156846346826847,0.030221428665780686,,0.9547933783227908,0.8512146041557814,0.6266227356154879,0.684388584388585,,,,,,,,,,
B,bolivia/tile374,221,26,"boundary first, then confidence",0.022993845541396083,0.015519112438833575,1.482587265675501,0.00799117458842838,0.013707559184667577,0.005772105233523259,0.04415038024613079,,0.9057211468976182,0.8646391764038828,0.8515800408817372,0.7060013118836657,,,,,,,,,,
B,bolivia/tile374,221,26,combination conf+dihedral (prereg),0.03296757392229044,0.02549284081972793,0.5,-0.0019825537924659763,0.003733830803773222,-0.004201623147371096,0.03417665186523644,,,,,,,,,,,,,,,
B,bolivia/tile375,213,23,confidence (baseline),0.02409364735766163,0.017788655666969213,-3.6699855708180458,0.0,-0.0007554003753273836,0.0011101836616065723,0.029779341794551672,,,,,,,,,,,,,,,
B,bolivia/tile375,213,23,tile-phase (aligned),0.023338246982334245,0.01703325529164183,0.09058090583370222,0.0007554003753273836,0.0,0.0018655840369339559,0.030534742169879055,,,,,,,,,,,,,,,
B,bolivia/tile375,213,23,boundary indicator,0.0252038310192682,0.018898839328575785,0.1942488262910798,-0.0011101836616065723,-0.0018655840369339559,0.0,0.0286691581329451,,,,,,,,,,,,,,,
B,bolivia/tile375,213,23,control NDWI gradient,0.0538729891522133,0.047567997461520885,0.07887519103773018,-0.029779341794551672,-0.030534742169879055,-0.0286691581329451,0.0,,,,,,,,,,,,,,,
B,bolivia/tile375,213,23,constant score,0.10798122065727697,0.10167622896658456,0.0,-0.08388757329961534,-0.08464297367494272,-0.08277738963800876,-0.05410823150506367,,,,,,,,,,,,,,,
B,bolivia/tile375,213,23,control S2 patch variance,0.10376081796488412,0.0974558262741917,163.05764714743648,-0.07966717060722249,-0.08042257098254987,-0.07855698694561591,-0.04988782881267082,,,,,,,,,,,,,,,
B,bolivia/tile375,213,23,control NDWI level,0.017109107491624538,0.010804115800932122,-0.2618510242256168,0.006984539866037091,0.006229139490709707,0.008094723527643663,0.03676388166058876,,,,,,,,,,,,,,,
B,bolivia/tile375,213,23,dihedral consistency (8 transforms),0.02417065649957418,0.017865664808881764,0.043855895416864674,-7.700914191255057e-05,-0.0008324095172399341,0.0010331745196940217,0.02970233265263912,,0.9506731803268921,0.7468340283279653,0.47658125291599457,0.5391825472319012,,,,,,,,,,
B,bolivia/tile375,213,23,"boundary first, then confidence",0.023706731977819744,0.017401740287127328,1.7383257880617033,0.0003869153798418852,-0.0003684849954854984,0.0014970990414484575,0.030166257174393557,,0.8234419743642607,0.7888354638499314,0.8151941918887338,0.5416425550304123,,,,,,,,,,
B,bolivia/tile375,213,23,combination conf+dihedral (prereg),0.02311308157307594,0.016808089882383526,0.5,0.0009805657845856873,0.00022516540925830372,0.0020907494461922596,0.03075990757913736,,,,,,,,,,,,,,,
B,bolivia/tile376,64,12,confidence (baseline),0.02797868867688111,0.007729337996140978,-5.111199429258704,0.0,0.01067631204832633,0.03863851013826153,0.01865883103466595,,,,,,,,,,,,,,,
B,bolivia/tile376,64,12,tile-phase (aligned),0.03865500072520744,0.018405650044467307,0.07144093492382808,-0.01067631204832633,0.0,0.0279621980899352,0.007982518986339622,,,,,,,,,,,,,,,
B,bolivia/tile376,64,12,boundary indicator,0.06661719881514264,0.046367848134402506,0.162109375,-0.03863851013826153,-0.0279621980899352,0.0,-0.019979679103595577,,,,,,,,,,,,,,,
B,bolivia/tile376,64,12,control NDWI gradient,0.04663751971154706,0.02638816903080693,0.0698951869647462,-0.01865883103466595,-0.007982518986339622,0.019979679103595577,0.0,,,,,,,,,,,,,,,
B,bolivia/tile376,64,12,constant score,0.1875,0.16725064931925987,0.0,-0.1595213113231189,-0.14884499927479256,-0.12088280118485736,-0.14086248028845294,,,,,,,,,,,,,,,
B,bolivia/tile376,64,12,control S2 patch variance,0.046128932890117075,0.025879582209376945,154.76815560740312,-0.018150244213235966,-0.007473932164909637,0.02048826592502556,0.0005085868214299849,,,,,,,,,,,,,,,
B,bolivia/tile376,64,12,control NDWI level,0.026522279534877097,0.0062729288541369665,-0.33690224572837024,0.0014564091420040115,0.01213272119033034,0.04009491928026554,0.020115240176669963,,,,,,,,,,,,,,,
B,bolivia/tile376,64,12,dihedral consistency (8 transforms),0.02560957976188321,0.0053602290811430794,0.022033641230621015,0.0023691089149978986,0.013045420963324228,0.04100761905325943,0.02102793994966385,,0.9803113553113554,0.829349816849817,0.6099226082549082,0.7873168498168498,,,,,,,,,,
B,bolivia/tile376,64,12,"boundary first, then confidence",0.03364097552814311,0.013391624847402979,1.5573381696428572,-0.005662286851262001,0.0050140251970643285,0.03297622328699953,0.01299654418340395,,0.8885989010989012,0.9087454212454213,0.8504990953319952,0.8054945054945056,,,,,,,,,,
B,bolivia/tile376,64,12,combination conf+dihedral (prereg),0.02643947410798532,0.006190123427245189,0.5,0.0015392145688957887,0.012215526617222118,0.04017772470715732,0.02019804560356174,,,,,,,,,,,,,,,
B,bolivia/tile379,180,6,confidence (baseline),0.0025345663765078447,0.0018803148267309414,-7.980229061841965,0.0,-0.001195419024534992,-0.0008465519717916047,-0.0003798026209381202,,,,,,,,,,,,,,,
B,bolivia/tile379,180,6,tile-phase (aligned),0.0013391473519728527,0.0006848958021959495,0.02168272861972582,0.001195419024534992,0.0,0.00034886705274338723,0.0008156164035968718,,,,,,,,,,,,,,,
B,bolivia/tile379,180,6,boundary indicator,0.00168801440471624,0.0010337628549393367,0.04583333333333333,0.0008465519717916047,-0.00034886705274338723,0.0,0.00046674935085348453,,,,,,,,,,,,,,,
B,bolivia/tile379,180,6,control NDWI gradient,0.0021547637555697245,0.0015005122057928212,0.03601866826172544,0.0003798026209381202,-0.0008156164035968718,-0.00046674935085348453,0.0,,,,,,,,,,,,,,,
B,bolivia/tile379,180,6,constant score,0.033333333333333326,0.03267908178355642,0.0,-0.030798766956825478,-0.03199418598136047,-0.031645318928617085,-0.031178569577763597,,,,,,,,,,,,,,,
B,bolivia/tile379,180,6,control S2 patch variance,0.00166225268065835,0.0010080011308814466,107.36606119033333,0.0008723136958494948,-0.0003231053286854972,2.5761724057890047e-05,0.0004925110749113746,,,,,,,,,,,,,,,
B,bolivia/tile379,180,6,control NDWI level,0.009954568892662068,0.009300317342885165,-0.4375339311801759,-0.007420002516154224,-0.008615421540689215,-0.008266554487945828,-0.007799805137092344,,,,,,,,,,,,,,,
B,bolivia/tile379,180,6,dihedral consistency (8 transforms),0.0031528477086286578,0.0024985961588517543,0.0076174743638400995,-0.0006182813321208129,-0.0018137003566558048,-0.0014648333039124176,-0.000998083953058933,,0.8623681800878629,0.7078222578886182,0.4907562731163707,0.6370505262508104,,,,,,,,,,
B,bolivia/tile379,180,6,"boundary first, then confidence",0.001498752978267398,0.0008445014284904947,0.7663690476190477,0.0010358133982404467,-0.00015960562629454525,0.00018926142644884198,0.0006560107773023265,,0.9866024671543367,0.7500601870428105,0.6096862726468563,0.5238206940543436,,,,,,,,,,
B,bolivia/tile379,180,6,combination conf+dihedral (prereg),0.0025791180748581,0.0019248665250811965,0.5,-4.455169835025511e-05,-0.001239970722885247,-0.0008911036701418598,-0.0004243543192883753,,,,,,,,,,,,,,,
B,bolivia/tile380,98,3,confidence (baseline),0.0008427597012428279,0.00021370390261367714,-8.113047789554207,0.0,0.0003211621633911182,0.011298269076411205,0.0015284774210631074,,,,,,,,,,,,,,,
B,bolivia/tile380,98,3,tile-phase (aligned),0.001163921864633946,0.0005348660660047953,0.0186461524175758,-0.0003211621633911182,0.0,0.010977106913020087,0.0012073152576719893,,,,,,,,,,,,,,,
B,bolivia/tile380,98,3,boundary indicator,0.012141028777654033,0.011511972979024883,0.03188775510204082,-0.011298269076411205,-0.010977106913020087,0.0,-0.009769791655348099,,,,,,,,,,,,,,,
B,bolivia/tile380,98,3,control NDWI gradient,0.0023712371223059353,0.0017421813236767846,0.03518570271681819,-0.0015284774210631074,-0.0012073152576719893,0.009769791655348099,0.0,,,,,,,,,,,,,,,
B,bolivia/tile380,98,3,constant score,0.030612244897959183,0.02998318909933003,0.0,-0.029769485196716353,-0.029448323033325237,-0.018471216120305146,-0.028241007775653245,,,,,,,,,,,,,,,
B,bolivia/tile380,98,3,control S2 patch variance,0.00543430190391632,0.00480524610528717,79.1138932310764,-0.004591542202673492,-0.004270380039282374,0.006706726873737713,-0.003063064781610385,,,,,,,,,,,,,,,
B,bolivia/tile380,98,3,control NDWI level,0.0021506018836382383,0.0015215460850090876,-0.4226445592698235,-0.0013078421823954104,-0.0009866800190042923,0.009990426894015796,0.000220635238667697,,,,,,,,,,,,,,,
B,bolivia/tile380,98,3,dihedral consistency (8 transforms),0.001168446454649533,0.0005393906560203822,0.00947542837618631,-0.000325686753406705,-4.524590015586843e-06,0.0109725823230045,0.0012027906676564024,,0.8369769651065674,0.8143309807521883,0.45295638686794865,0.8011845787987169,,,,,,,,,,
B,bolivia/tile380,98,3,"boundary first, then confidence",0.0016173097703100943,0.0009882539716809435,0.5552569241982507,-0.0007745500690672664,-0.0004533879056761482,0.010523719007343939,0.000753927351995841,,0.9977430522349524,0.7630714891392357,0.5001711597180297,0.6239312969798976,,,,,,,,,,
B,bolivia/tile380,98,3,combination conf+dihedral (prereg),0.000954742552035856,0.00032568675340670524,0.5,-0.0001119828507930281,0.00020917931259809008,0.011186286225618177,0.0014164945702700793,,,,,,,,,,,,,,,
B,bolivia/tile381,106,4,confidence (baseline),0.004025079589986575,0.003126525017129224,-4.806014736868301,0.0,-0.002659405586631817,-0.0029415364742030803,0.010729530221992831,,,,,,,,,,,,,,,
B,bolivia/tile381,106,4,tile-phase (aligned),0.0013656740033547582,0.0004671194304974068,0.031526497988553906,0.002659405586631817,0.0,-0.000282130887571263,0.013388935808624648,,,,,,,,,,,,,,,
B,bolivia/tile381,106,4,boundary indicator,0.0010835431157834952,0.0001849885429261438,0.03773584905660377,0.0029415364742030803,0.000282130887571263,0.0,0.01367106669619591,,,,,,,,,,,,,,,
B,bolivia/tile381,106,4,control NDWI gradient,0.014754609811979406,0.013856055239122055,0.05489096428229572,-0.010729530221992831,-0.013388935808624648,-0.01367106669619591,0.0,,,,,,,,,,,,,,,
B,bolivia/tile381,106,4,constant score,0.03773584905660377,0.03683729448374642,0.0,-0.03371076946661719,-0.036370175053249014,-0.03665230594082027,-0.022981239244624363,,,,,,,,,,,,,,,
B,bolivia/tile381,106,4,control S2 patch variance,0.13449686045012554,0.1335983058772682,151.0316962534141,-0.13047178086013897,-0.1331311864467708,-0.13341331733434206,-0.11974225063814614,,,,,,,,,,,,,,,
B,bolivia/tile381,106,4,control NDWI level,0.0011733474412355563,0.0002747928683782049,-0.30427911668575686,0.0028517321487510194,0.00019232656211920192,-8.98043254520611e-05,0.013581262370743849,,,,,,,,,,,,,,,
B,bolivia/tile381,106,4,dihedral consistency (8 transforms),0.004179416211336979,0.003280861638479628,0.020608770307417045,-0.000154336621350404,-0.002813742207982221,-0.0030958730955534842,0.010575193600642427,,0.9395621835403173,0.8767060483159939,0.39705982363272446,0.559795450537824,,,,,,,,,,
B,bolivia/tile381,106,4,"boundary first, then confidence",0.001449090093985055,0.0005505355211277037,0.7004716981132074,0.00257598949600152,-8.341609063029689e-05,-0.0003655469782015599,0.013305519717994352,,0.9612262891402371,0.8932110738846768,0.5486548241199809,0.5702345265385295,,,,,,,,,,
B,bolivia/tile381,106,4,combination conf+dihedral (prereg),0.003998592610537451,0.0031000380376800998,0.5000000000000001,2.648697944912428e-05,-0.0026329186071826927,-0.002915049494753956,0.010756017201441955,,,,,,,,,,,,,,,
B,bolivia/tile382,80,5,confidence (baseline),0.014630935504427997,0.012246855872367853,-6.875129501521587,0.0,0.004358839168346451,0.021745544925337174,0.00490271150580239,,,,,,,,,,,,,,,
B,bolivia/tile382,80,5,tile-phase (aligned),0.018989774672774448,0.016605695040714304,0.03213935540677539,-0.004358839168346451,0.0,0.017386705756990722,0.000543872337455939,,,,,,,,,,,,,,,
B,bolivia/tile382,80,5,boundary indicator,0.03637648042976517,0.033992400797705026,0.084375,-0.021745544925337174,-0.017386705756990722,0.0,-0.016842833419534783,,,,,,,,,,,,,,,
B,bolivia/tile382,80,5,control NDWI gradient,0.019533647010230387,0.017149567378170243,0.05703331120701631,-0.00490271150580239,-0.000543872337455939,0.016842833419534783,0.0,,,,,,,,,,,,,,,
B,bolivia/tile382,80,5,constant score,0.0625,0.060115920367939855,0.0,-0.047869064495572,-0.04351022532722555,-0.02612351957023483,-0.04296635298976961,,,,,,,,,,,,,,,
B,bolivia/tile382,80,5,control S2 patch variance,0.04683854712751679,0.044454467495456645,111.23014939834505,-0.03220761162308879,-0.027848772454742342,-0.01046206669775162,-0.027304900117286403,,,,,,,,,,,,,,,
B,bolivia/tile382,80,5,control NDWI level,0.007178630901491384,0.004794551269431239,-0.36714563203241485,0.007452304602936614,0.011811143771283065,0.029197849528273787,0.012355016108739004,,,,,,,,,,,,,,,
B,bolivia/tile382,80,5,dihedral consistency (8 transforms),0.016899095082737115,0.01451501545067697,0.007993689990291842,-0.002268159578309118,0.002090679590037333,0.019477385347028055,0.002634551927493272,,0.9612751992498829,0.8733473980309422,0.5107087218957881,0.7169948429442103,,,,,,,,,,
B,bolivia/tile382,80,5,"boundary first, then confidence",0.015444096975729061,0.013060017343668916,0.83359375,-0.0008131614713010639,0.0035456776970453872,0.02093238345403611,0.004089550034501326,,0.9135021097046413,0.9026019690576655,0.7563961845639665,0.7110876699484295,,,,,,,,,,
B,bolivia/tile382,80,5,combination conf+dihedral (prereg),0.015505933668972877,0.013121854036912732,0.5,-0.0008749981645448796,0.0034838410038015716,0.020870546760792294,0.004027713341257511,,,,,,,,,,,,,,,
B,bolivia/tile385,221,41,confidence (baseline),0.057073129337837626,0.038269730130173374,-4.547518978561212,0.0,-0.0017537314318319952,0.0013070726134993202,0.031865675535995536,,,,,,,,,,,,,,,
B,bolivia/tile385,221,41,tile-phase (aligned),0.05531939790600563,0.03651599869834138,0.07930967397791952,0.0017537314318319952,0.0,0.0030608040453313154,0.03361940696782753,,,,,,,,,,,,,,,
B,bolivia/tile385,221,41,boundary indicator,0.058380201951336946,0.039576802743672694,0.17873303167420815,-0.0013070726134993202,-0.0030608040453313154,0.0,0.030558602922496216,,,,,,,,,,,,,,,
B,bolivia/tile385,221,41,control NDWI gradient,0.08893880487383317,0.07013540566616891,0.06842837472232305,-0.031865675535995536,-0.03361940696782753,-0.030558602922496216,0.0,,,,,,,,,,,,,,,
B,bolivia/tile385,221,41,constant score,0.18552036199095023,0.166716962783286,0.0,-0.12844723265311261,-0.1302009640849446,-0.1271401600396133,-0.09658155711711708,,,,,,,,,,,,,,,
B,bolivia/tile385,221,41,control S2 patch variance,0.37065048364873654,0.35184708444107227,150.03671039921718,-0.3135773543108989,-0.3153310857427309,-0.31227028169739957,-0.28171167877490333,,,,,,,,,,,,,,,
B,bolivia/tile385,221,41,control NDWI level,0.023767266770619074,0.004963867562954822,-0.3058310345418381,0.033305862567218555,0.03155213113538656,0.03461293518071787,0.06517153810321409,,,,,,,,,,,,,,,
B,bolivia/tile385,221,41,dihedral consistency (8 transforms),0.06430856455678184,0.04550516534911759,0.0362504257920377,-0.007235435218944215,-0.00898916665077621,-0.005928362605444895,0.02463024031705132,,0.957059157059157,0.8607824607824609,0.6787960110760612,0.7675853558206494,,,,,,,,,,
B,bolivia/tile385,221,41,"boundary first, then confidence",0.053774114760174706,0.034970715552510453,1.4908896250808015,0.0032990145776629204,0.0015452831458309252,0.004606087191162241,0.035164690113658456,,0.9323690617808268,0.885013396778103,0.8690656701165039,0.7195726372196964,,,,,,,,,,
B,bolivia/tile385,221,41,combination conf+dihedral (prereg),0.06030026402426391,0.04149686481659966,0.5,-0.0032271346864262834,-0.004980866118258279,-0.0019200620729269632,0.028638540849569252,,,,,,,,,,,,,,,
B,bolivia/tile386,122,9,confidence (baseline),0.02626314162564591,0.023171125934129115,-4.880141190329536,0.0,-0.015045073497374536,-0.018189322856968282,-0.0003752414670066123,,,,,,,,,,,,,,,
B,bolivia/tile386,122,9,tile-phase (aligned),0.011218068128271372,0.008126052436754579,0.07031131670600353,0.015045073497374536,0.0,-0.0031442493595937454,0.014669832030367924,,,,,,,,,,,,,,,
B,bolivia/tile386,122,9,boundary indicator,0.008073818768677627,0.004981803077160833,0.18135245901639344,0.018189322856968282,0.0031442493595937454,0.0,0.01781408138996167,,,,,,,,,,,,,,,
B,bolivia/tile386,122,9,control NDWI gradient,0.025887900158639298,0.022795884467122503,0.07914312928914553,0.0003752414670066123,-0.014669832030367924,-0.01781408138996167,0.0,,,,,,,,,,,,,,,
B,bolivia/tile386,122,9,constant score,0.07377049180327867,0.07067847611176188,0.0,-0.047507350177632766,-0.0625524236750073,-0.06569667303460106,-0.04788259164463938,,,,,,,,,,,,,,,
B,bolivia/tile386,122,9,control S2 patch variance,0.02204712059391003,0.018955104902393237,140.81014621487773,0.004216021031735878,-0.010829052465638658,-0.013973301825232404,0.003840779564729266,,,,,,,,,,,,,,,
B,bolivia/tile386,122,9,control NDWI level,0.05339161445609032,0.05029959876457353,-0.2534894046593431,-0.027128472830444415,-0.04217354632781895,-0.0453177956874127,-0.027503714297451028,,,,,,,,,,,,,,,
B,bolivia/tile386,122,9,dihedral consistency (8 transforms),0.015282968514671981,0.012190952823155188,0.03039953655451293,0.010980173110973927,-0.004064900386400609,-0.007209149745994355,0.010604931643967315,,0.9634328086947037,0.8052151040410281,0.5756743268873423,0.6910326778379557,,,,,,,,,,
B,bolivia/tile386,122,9,"boundary first, then confidence",0.01545310357959989,0.012361087888083096,1.5880049765807962,0.010810038046046019,-0.004235035451328518,-0.007379284810922263,0.010434796579039406,,0.8342679457142763,0.8859761880371815,0.8584903509043201,0.6138470231742009,,,,,,,,,,
B,bolivia/tile386,122,9,combination conf+dihedral (prereg),0.020097036970314175,0.017005021278797383,0.5,0.006166104655331732,-0.008878968842042805,-0.01202321820163655,0.00579086318832512,,,,,,,,,,,,,,,
B,bolivia/tile387,98,11,confidence (baseline),0.012074306502865532,0.004954355770507383,-6.5474225042425855,0.0,0.007185437276074844,0.010489601642064698,0.007768645615025751,,,,,,,,,,,,,,,
B,bolivia/tile387,98,11,tile-phase (aligned),0.019259743778940377,0.012139793046582227,0.054829922679216124,-0.007185437276074844,0.0,0.003304164365989855,0.0005832083389509073,,,,,,,,,,,,,,,
B,bolivia/tile387,98,11,boundary indicator,0.02256390814493023,0.015443957412572082,0.16709183673469388,-0.010489601642064698,-0.003304164365989855,0.0,-0.0027209560270389475,,,,,,,,,,,,,,,
B,bolivia/tile387,98,11,control NDWI gradient,0.019842952117891284,0.012723001385533134,0.05783898216231683,-0.007768645615025751,-0.0005832083389509073,0.0027209560270389475,0.0,,,,,,,,,,,,,,,
B,bolivia/tile387,98,11,constant score,0.11224489795918367,0.10512494722682553,0.0,-0.10017059145631814,-0.0929851541802433,-0.08968098981425345,-0.0924019458412924,,,,,,,,,,,,,,,
B,bolivia/tile387,98,11,control S2 patch variance,0.029735091490873784,0.022615140758515635,139.63202718986588,-0.01766078498800825,-0.010475347711933407,-0.007171183345943553,-0.0098921393729825,,,,,,,,,,,,,,,
B,bolivia/tile387,98,11,control NDWI level,0.012747368105784779,0.00562741737342663,-0.3682186203190796,-0.0006730616029192466,0.006512375673155597,0.009816540039145453,0.007095584012106504,,,,,,,,,,,,,,,
B,bolivia/tile387,98,11,dihedral consistency (8 transforms),0.013371027977370378,0.006251077245012229,0.01477965552264638,-0.0012967214745048458,0.005888715801569998,0.009192880167559852,0.006471924140520905,,0.9465473162085828,0.8567666991820155,0.7854940966193547,0.784761139694865,,,,,,,,,,
B,bolivia/tile387,98,11,"boundary first, then confidence",0.012074306502865532,0.004954355770507383,1.316144314868805,0.0,0.007185437276074844,0.010489601642064698,0.007768645615025751,,0.9735541826852573,0.9128716153752974,0.8946613992294515,0.7909326804761269,,,,,,,,,,
B,bolivia/tile387,98,11,combination conf+dihedral (prereg),0.012571068538697374,0.0054511178063392255,0.49999999999999994,-0.0004967620358318423,0.0066886752402430015,0.009992839606232855,0.007271883579193909,,,,,,,,,,,,,,,
B,bolivia/tile391,225,3,confidence (baseline),0.00019949895852484174,8.062691543755203e-05,-7.526015231079525,0.0,0.00010065025255033457,0.000298731772765721,7.97217781522714e-05,,,,,,,,,,,,,,,
B,bolivia/tile391,225,3,tile-phase (aligned),0.0003001492110751763,0.0001812771679878866,0.026851217517004342,-0.00010065025255033457,0.0,0.0001980815202153864,-2.0928474398063178e-05,,,,,,,,,,,,,,,
B,bolivia/tile391,225,3,boundary indicator,0.0004982307312905627,0.000379358688203273,0.06777777777777778,-0.000298731772765721,-0.0001980815202153864,0.0,-0.0002190099946134496,,,,,,,,,,,,,,,
B,bolivia/tile391,225,3,control NDWI gradient,0.00027922073667711314,0.00016034869358982342,0.042914938691949386,-7.97217781522714e-05,2.0928474398063178e-05,0.0002190099946134496,0.0,,,,,,,,,,,,,,,
B,bolivia/tile391,225,3,constant score,0.013333333333333334,0.013214461290246044,0.0,-0.013133834374808492,-0.013033184122258158,-0.01283510260204277,-0.01305411259665622,,,,,,,,,,,,,,,
B,bolivia/tile391,225,3,control S2 patch variance,0.00040256011489814405,0.00028368807181085434,76.4088181188883,-0.00020306115637330231,-0.00010241090382296774,9.567061639241867e-05,-0.00012333937822103092,,,,,,,,,,,,,,,
B,bolivia/tile391,225,3,control NDWI level,0.0018720306960080995,0.0017531586529208098,-0.3543166720648878,-0.0016725317374832577,-0.001571881484932923,-0.0013737999647175367,-0.0015928099593309863,,,,,,,,,,,,,,,
B,bolivia/tile391,225,3,dihedral consistency (8 transforms),0.0004016500021783942,0.0002827779590911045,0.008342306346623647,-0.00020215104365355248,-0.0001015007911032179,9.658072911216851e-05,-0.00012242926550128108,,0.9392225031605561,0.8530994521702486,0.42685905853337186,0.8525663716814159,,,,,,,,,,
B,bolivia/tile391,225,3,"boundary first, then confidence",0.0001792046916552324,6.0332648567942696e-05,0.98,2.029426686960933e-05,0.0001209445194199439,0.0003190260396353303,0.00010001604502188073,,0.8531679308891692,0.9021934260429837,0.7442181087087834,0.8252876106194691,,,,,,,,,,
B,bolivia/tile391,225,3,combination conf+dihedral (prereg),0.0002698984877504492,0.0001510264446631595,0.5,-7.039952922560747e-05,3.0250723324727103e-05,0.0002283322435401135,9.322248926663926e-06,,,,,,,,,,,,,,,
B,bolivia/tile392,196,10,confidence (baseline),0.003371120876776832,0.0019169354321371267,-5.006740840037867,0.0,0.010518409725353306,0.017667694580611723,0.0031166980099694114,,,,,,,,,,,,,,,
B,bolivia/tile392,196,10,tile-phase (aligned),0.013889530602130138,0.012435345157490433,0.07841510928520452,-0.010518409725353306,0.0,0.007149284855258417,-0.0074017117153838945,,,,,,,,,,,,,,,
B,bolivia/tile392,196,10,boundary indicator,0.021038815457388553,0.01958463001274885,0.19451530612244897,-0.017667694580611723,-0.007149284855258417,0.0,-0.014550996570642311,,,,,,,,,,,,,,,
B,bolivia/tile392,196,10,control NDWI gradient,0.0064878188867462435,0.005033633442106538,0.08794423532043286,-0.0031166980099694114,0.0074017117153838945,0.014550996570642311,0.0,,,,,,,,,,,,,,,
B,bolivia/tile392,196,10,constant score,0.05102040816326531,0.049566222718625604,0.0,-0.04764928728648848,-0.03713087756113517,-0.029981592705876754,-0.04453258927651907,,,,,,,,,,,,,,,
B,bolivia/tile392,196,10,control S2 patch variance,0.012549393178570956,0.01109520773393125,192.76975764742613,-0.009178272301794124,0.0013401374235591824,0.0084894222788176,-0.006061574291824712,,,,,,,,,,,,,,,
B,bolivia/tile392,196,10,control NDWI level,0.010911062593937277,0.009456877149297572,-0.3743400370831825,-0.007539941717160445,0.002978468008192861,0.010127752863451278,-0.0044232437071910335,,,,,,,,,,,,,,,
B,bolivia/tile392,196,10,dihedral consistency (8 transforms),0.004509823379702424,0.003055637935062718,0.025231928963913394,-0.0011387025029255915,0.009379707222427714,0.01652899207768613,0.00197799550704382,,0.9258436994477596,0.6378965487014802,0.32623768030260314,0.6322689638135616,,,,,,,,,,
B,bolivia/tile392,196,10,"boundary first, then confidence",0.007394361256906054,0.005940175812266349,1.6690506559766762,-0.004023240380129222,0.006495169345224084,0.0136444542004825,-0.0009065423701598106,,0.6940114272964167,0.801295731099937,0.8439714869269512,0.7059168532700081,,,,,,,,,,
B,bolivia/tile392,196,10,combination conf+dihedral (prereg),0.00365232148478909,0.0021981360401493845,0.5,-0.00028120060801225784,0.010237209117341047,0.017386493972599466,0.0028354974019571535,,,,,,,,,,,,,,,
B,bolivia/tile393,110,4,confidence (baseline),0.0029487576461001545,0.0021146586910592933,-4.693248327753761,0.0,0.0032493059628738875,-0.001245762956343024,0.002867563010130446,,,,,,,,,,,,,,,
B,bolivia/tile393,110,4,tile-phase (aligned),0.006198063608974042,0.005363964653933181,0.05568089033804426,-0.0032493059628738875,0.0,-0.004495068919216911,-0.00038174295274344145,,,,,,,,,,,,,,,
B,bolivia/tile393,110,4,boundary indicator,0.0017029946897571307,0.0008688957347162693,0.13522727272727272,0.001245762956343024,0.004495068919216911,0.0,0.00411332596647347,,,,,,,,,,,,,,,
B,bolivia/tile393,110,4,control NDWI gradient,0.005816320656230601,0.004982221701189739,0.051520898277233364,-0.002867563010130446,0.00038174295274344145,-0.00411332596647347,0.0,,,,,,,,,,,,,,,
B,bolivia/tile393,110,4,constant score,0.03636363636363636,0.0355295374085955,0.0,-0.033414878717536206,-0.030165572754662317,-0.03466064167387923,-0.030547315707405757,,,,,,,,,,,,,,,
B,bolivia/tile393,110,4,control S2 patch variance,0.055240217399439996,0.05440611844439913,149.8371933833458,-0.05229145975333984,-0.04904215379046595,-0.05353722270968286,-0.04942389674320939,,,,,,,,,,,,,,,
B,bolivia/tile393,110,4,control NDWI level,0.002404396719651615,0.0015702977646107534,-0.24510982981620089,0.0005443609264485399,0.0037936668893224276,-0.0007014020298944841,0.003411923936578986,,,,,,,,,,,,,,,
B,bolivia/tile393,110,4,dihedral consistency (8 transforms),0.002639024837799974,0.0018049258827591127,0.030677705751350003,0.00030973280830018054,0.003559038771174068,-0.0009360301480428434,0.0031772958184306263,,0.9493812411243608,0.7881838468994439,0.4939184152813428,0.43286071726438735,,,,,,,,,,
B,bolivia/tile393,110,4,"boundary first, then confidence",0.0029487576461001545,0.0021146586910592933,1.3296266233766232,0.0,0.0032493059628738875,-0.001245762956343024,0.002867563010130446,,0.8418501904740434,0.9363613822329422,0.8247639840443969,0.6076640443612916,,,,,,,,,,
B,bolivia/tile393,110,4,combination conf+dihedral (prereg),0.0026870420586861273,0.0018529431036452659,0.5,0.0002617155874140274,0.0035110215502879146,-0.0009840473689289966,0.003129278597544473,,,,,,,,,,,,,,,
B,bolivia/tile394,189,8,confidence (baseline),0.003555250695335623,0.0025347279254969166,-6.577390674876158,0.0,-0.0008474160878919098,-0.000733809532483068,0.0014643890277015632,,,,,,,,,,,,,,,
B,bolivia/tile394,189,8,tile-phase (aligned),0.002707834607443713,0.0016873118376050068,0.026469575355660045,0.0008474160878919098,0.0,0.00011360655540884178,0.0023118051155934733,,,,,,,,,,,,,,,
B,bolivia/tile394,189,8,boundary indicator,0.002821441162852555,0.0018009183930138486,0.06878306878306878,0.000733809532483068,-0.00011360655540884178,0.0,0.0021981985601846315,,,,,,,,,,,,,,,
B,bolivia/tile394,189,8,control NDWI gradient,0.005019639723037186,0.00399911695319848,0.03794349323280131,-0.0014643890277015632,-0.0023118051155934733,-0.0021981985601846315,0.0,,,,,,,,,,,,,,,
B,bolivia/tile394,189,8,constant score,0.04232804232804234,0.04130751955820363,0.0,-0.038772791632706714,-0.03962020772059862,-0.03950660116518978,-0.03730840260500515,,,,,,,,,,,,,,,
B,bolivia/tile394,189,8,control S2 patch variance,0.00547970277739366,0.004459180007554954,137.48917361211952,-0.0019244520820580376,-0.0027718681699499476,-0.002658261614541106,-0.0004600630543564743,,,,,,,,,,,,,,,
B,bolivia/tile394,189,8,control NDWI level,0.005828038753366742,0.004807515983528036,-0.29299671303930014,-0.0022727880580311194,-0.0031202041459230294,-0.0030065975905141876,-0.0008083990303295562,,,,,,,,,,,,,,,
B,bolivia/tile394,189,8,dihedral consistency (8 transforms),0.0020575898850061685,0.0010370671151674622,0.009930437611964644,0.0014976608103294544,0.0006502447224375446,0.0007638512778463864,0.0029620498380310174,,0.8838976874811145,0.8204091789758083,0.6073177641973552,0.49329351748164746,,,,,,,,,,
B,bolivia/tile394,189,8,"boundary first, then confidence",0.0032196801827265907,0.0021991574128878847,0.9393660241874526,0.0003355705126090319,-0.0005118455752828779,-0.0003982390198740361,0.0017999595403105952,,0.9387458006718922,0.8644341349828474,0.7539467656730046,0.42023142963792476,,,,,,,,,,
B,bolivia/tile394,189,8,combination conf+dihedral (prereg),0.0028509504291883924,0.001830427659349686,0.5,0.0007043002661472305,-0.00014311582174467933,-2.9509266335837545e-05,0.002168689293848794,,,,,,,,,,,,,,,
B,bolivia/tile396,127,7,confidence (baseline),0.0030813980966147314,0.0013172770595540676,-7.703740834720492,0.0,0.0014927289722962138,0.009367936235683605,0.012183585293121822,,,,,,,,,,,,,,,
B,bolivia/tile396,127,7,tile-phase (aligned),0.004574127068910945,0.0028100060318502814,0.020133876391201472,-0.0014927289722962138,0.0,0.00787520726338739,0.010690856320825608,,,,,,,,,,,,,,,
B,bolivia/tile396,127,7,boundary indicator,0.012449334332298336,0.010685213295237672,0.0531496062992126,-0.009367936235683605,-0.00787520726338739,0.0,0.0028156490574382173,,,,,,,,,,,,,,,
B,bolivia/tile396,127,7,control NDWI gradient,0.015264983389736553,0.013500862352675889,0.03322946261237173,-0.012183585293121822,-0.010690856320825608,-0.0028156490574382173,0.0,,,,,,,,,,,,,,,
B,bolivia/tile396,127,7,constant score,0.05511811023622047,0.05335398919915981,0.0,-0.05203671213960574,-0.05054398316730953,-0.04266877590392214,-0.03985312684648392,,,,,,,,,,,,,,,
B,bolivia/tile396,127,7,control S2 patch variance,0.01831679458699767,0.016552673549937006,114.47468586225999,-0.015235396490382939,-0.013742667518086725,-0.005867460254699334,-0.003051811197261117,,,,,,,,,,,,,,,
B,bolivia/tile396,127,7,control NDWI level,0.0021562669927399033,0.0003921459556792395,-0.477393819443362,0.000925131103874828,0.0024178600761710417,0.010293067339558433,0.01310871639699665,,,,,,,,,,,,,,,
B,bolivia/tile396,127,7,dihedral consistency (8 transforms),0.003981284062990524,0.00221716302592986,0.01024529793430272,-0.0008998859663757925,0.0005928430059204213,0.008468050269307812,0.011283699326746029,,0.9013345988001501,0.8949486782902142,0.6414718333022648,0.7694682695913013,,,,,,,,,,
B,bolivia/tile396,127,7,"boundary first, then confidence",0.004373506485567868,0.002609385448507204,0.7878937007874017,-0.0012921083889531366,0.00020062058334307728,0.008075827846730468,0.010891476904168685,,0.9840234814398204,0.9017036932883392,0.7003896831886639,0.7747117547806528,,,,,,,,,,
B,bolivia/tile396,127,7,combination conf+dihedral (prereg),0.003426267326018576,0.0016621462889579123,0.49999999999999994,-0.0003448692294038447,0.0011478597428923691,0.009023067006279759,0.011838716063717976,,,,,,,,,,,,,,,
B,bolivia/tile398,64,5,confidence (baseline),0.018094199425593965,0.01435267267279982,-6.31580117251724,0.0,0.007129548642651987,0.03561162673595546,0.02204477992286133,,,,,,,,,,,,,,,
B,bolivia/tile398,64,5,tile-phase (aligned),0.02522374806824595,0.021482221315451806,0.04788207299142755,-0.007129548642651987,0.0,0.02848207809330347,0.014915231280209343,,,,,,,,,,,,,,,
B,bolivia/tile398,64,5,boundary indicator,0.053705826161549425,0.049964299408755276,0.10546875,-0.03561162673595546,-0.02848207809330347,0.0,-0.013566846813094127,,,,,,,,,,,,,,,
B,bolivia/tile398,64,5,control NDWI gradient,0.0401389793484553,0.03639745259566115,0.0640657960134456,-0.02204477992286133,-0.014915231280209343,0.013566846813094127,0.0,,,,,,,,,,,,,,,
B,bolivia/tile398,64,5,constant score,0.078125,0.07438347324720586,0.0,-0.06003080057440604,-0.05290125193175405,-0.024419173838450582,-0.03798602065154471,,,,,,,,,,,,,,,
B,bolivia/tile398,64,5,control S2 patch variance,0.05415597175751588,0.05041444500472173,170.76048213644896,-0.03606177233192191,-0.028932223689269926,-0.00045014559596645576,-0.014016992409060583,,,,,,,,,,,,,,,
B,bolivia/tile398,64,5,control NDWI level,0.00585268401689165,0.002111157264097504,-0.3653295967662611,0.012241515408702316,0.019371064051354303,0.04785314214465777,0.034286295331563646,,,,,,,,,,,,,,,
B,bolivia/tile398,64,5,dihedral consistency (8 transforms),0.01928940943266038,0.015547882679866235,0.010912394014042093,-0.0011952100070664155,0.005934338635585571,0.03441641672888904,0.020849569915794914,,0.9538461538461542,0.7456501831501829,0.4545154878177178,0.6802655677655679,,,,,,,,,,
B,bolivia/tile398,64,5,"boundary first, then confidence",0.02247025912584085,0.018728732373046706,0.9836077008928572,-0.004376059700246886,0.0027534889424051003,0.03123556703570857,0.017668720222614443,,0.8057234432234432,0.8309523809523811,0.8230244780313334,0.6116300366300367,,,,,,,,,,
B,bolivia/tile398,64,5,combination conf+dihedral (prereg),0.01886300606628991,0.015121479313495764,0.5,-0.0007688066406959446,0.006360742001956042,0.03484282009525951,0.021275973282165385,,,,,,,,,,,,,,,
B,bolivia/tile402,110,13,confidence (baseline),0.011287087735165095,0.0034755487968740695,-8.571538490598853,0.0,-0.0011664266338257522,0.05145668746377646,-0.0012941322941602395,,,,,,,,,,,,,,,
B,bolivia/tile402,110,13,tile-phase (aligned),0.010120661101339343,0.0023091221630483173,0.016522469349448246,0.0011664266338257522,0.0,0.05262311409760222,-0.00012770566033448727,,,,,,,,,,,,,,,
B,bolivia/tile402,110,13,boundary indicator,0.06274377519894156,0.05493223626065053,0.02727272727272727,-0.05145668746377646,-0.05262311409760222,0.0,-0.052750819757936704,,,,,,,,,,,,,,,
B,bolivia/tile402,110,13,control NDWI gradient,0.009992955441004855,0.00218141650271383,0.022775132000984414,0.0012941322941602395,0.00012770566033448727,0.052750819757936704,0.0,,,,,,,,,,,,,,,
B,bolivia/tile402,110,13,constant score,0.11818181818181824,0.11037027924352721,0.0,-0.10689473044665314,-0.10806115708047889,-0.05543804298287668,-0.10818886274081338,,,,,,,,,,,,,,,
B,bolivia/tile402,110,13,control S2 patch variance,0.013166263141898133,0.005354724203607108,81.67112811854436,-0.0018791754067330382,-0.0030456020405587904,0.04957751205704342,-0.0031733077008932777,,,,,,,,,,,,,,,
B,bolivia/tile402,110,13,control NDWI level,0.011513355329719331,0.0037018163914283057,-0.5428449179257948,-0.0002262675945542362,-0.0013926942283799884,0.05123041986922223,-0.0015203998887144757,,,,,,,,,,,,,,,
B,bolivia/tile402,110,13,dihedral consistency (8 transforms),0.010767085642658077,0.0029555467043670515,0.00779889094497693,0.000520002092507018,-0.0006464245413187342,0.05197668955628348,-0.0007741302016532215,,0.6977841895273087,0.6818790433469334,0.45967529866023393,0.6687239366138452,,,,,,,,,,
B,bolivia/tile402,110,13,"boundary first, then confidence",0.011003932607085156,0.0031923936687941303,0.5004464285714285,0.00028315512807993923,-0.000883271505745813,0.0517398425918564,-0.0010109771660803003,,0.9995672069066563,0.8147465230034034,0.4745399483156175,0.5585420282667991,,,,,,,,,,
B,bolivia/tile402,110,13,combination conf+dihedral (prereg),0.010532794086405091,0.002721255148114066,0.5,0.0007542936487600037,-0.00041213298506574854,0.05221098111253646,-0.0005398386454002358,,,,,,,,,,,,,,,
B,bolivia/tile405,223,26,confidence (baseline),0.026390004737633428,0.01905144572846071,-5.255366388725059,0.0,-0.00023218418431865048,0.023650179765855546,0.0013385121574379863,,,,,,,,,,,,,,,
B,bolivia/tile405,223,26,tile-phase (aligned),0.026157820553314778,0.018819261544142058,0.061908836639145294,0.00023218418431865048,0.0,0.023882363950174196,0.0015706963417566368,,,,,,,,,,,,,,,
B,bolivia/tile405,223,26,boundary indicator,0.050040184503488974,0.042701625494316255,0.14573991031390135,-0.023650179765855546,-0.023882363950174196,0.0,-0.02231166760841756,,,,,,,,,,,,,,,
B,bolivia/tile405,223,26,control NDWI gradient,0.027728516895071414,0.020389957885898695,0.06745423628908127,-0.0013385121574379863,-0.0015706963417566368,0.02231166760841756,0.0,,,,,,,,,,,,,,,
B,bolivia/tile405,223,26,constant score,0.11659192825112107,0.10925336924194834,0.0,-0.09020192351348763,-0.09043410769780628,-0.06655174374763209,-0.08886341135604964,,,,,,,,,,,,,,,
B,bolivia/tile405,223,26,control S2 patch variance,0.05463574230348778,0.04729718329431506,108.07332453096744,-0.02824573756585435,-0.028477921750173,-0.004595557799998803,-0.026907225408416363,,,,,,,,,,,,,,,
B,bolivia/tile405,223,26,control NDWI level,0.03438996459080627,0.027051405581633547,-0.28660853610156944,-0.007999959853172839,-0.00823214403749149,0.015650219912682707,-0.006661447695734853,,,,,,,,,,,,,,,
B,bolivia/tile405,223,26,dihedral consistency (8 transforms),0.024023503940324917,0.016684944931152197,0.02472765181747927,0.0023665007973085114,0.002134316612989861,0.026016680563164057,0.0037050129547464977,,0.9707881728621641,0.8627341707498659,0.6301664235375792,0.6622162681579719,,,,,,,,,,
B,bolivia/tile405,223,26,"boundary first, then confidence",0.027766827066692087,0.020428268057519367,1.3678731582319028,-0.0013768223290586586,-0.001609006513377309,0.022273357436796887,-3.831017162067227e-05,,0.8894149194037091,0.9057019062624446,0.8629762480370291,0.6508182990806304,,,,,,,,,,
B,bolivia/tile405,223,26,combination conf+dihedral (prereg),0.024739845494863313,0.017401286485690594,0.5,0.0016501592427701148,0.0014179750584514643,0.02530033900862566,0.002988671400208101,,,,,,,,,,,,,,,
B,bolivia/tile406,126,25,confidence (baseline),0.036877873929434264,0.014960326146526187,-6.144439425260302,0.0,0.0022276062006366185,0.0969237176081638,0.0036912046898053483,,,,,,,,,,,,,,,
B,bolivia/tile406,126,25,tile-phase (aligned),0.03910548013007088,0.017187932347162805,0.027428663673942668,-0.0022276062006366185,0.0,0.09469611140752719,0.0014635984891687298,,,,,,,,,,,,,,,
B,bolivia/tile406,126,25,boundary indicator,0.13380159153759807,0.11188404375469,0.05357142857142857,-0.0969237176081638,-0.09469611140752719,0.0,-0.09323251291835846,,,,,,,,,,,,,,,
B,bolivia/tile406,126,25,control NDWI gradient,0.04056907861923961,0.018651530836331535,0.0460930998114185,-0.0036912046898053483,-0.0014635984891687298,0.09323251291835846,0.0,,,,,,,,,,,,,,,
B,bolivia/tile406,126,25,constant score,0.19841269841269848,0.1764951506297904,0.0,-0.16153482448326423,-0.1593072182826276,-0.06461110687510041,-0.15784361979345887,,,,,,,,,,,,,,,
B,bolivia/tile406,126,25,control S2 patch variance,0.21913489846975787,0.19721735068684978,124.60294870213659,-0.1822570245403236,-0.18002941833968697,-0.08533330693215979,-0.17856581985051825,,,,,,,,,,,,,,,
B,bolivia/tile406,126,25,control NDWI level,0.038864866369771336,0.01694731858686326,-0.4192175920892168,-0.0019869924403370723,0.00024061376029954618,0.09493672516782674,0.001704212249468276,,,,,,,,,,,,,,,
B,bolivia/tile406,126,25,dihedral consistency (8 transforms),0.033549360607637885,0.011631812824729807,0.014491074793994134,0.0033285133217963794,0.005556119522432998,0.10025223092996019,0.007019718011601728,,0.965888263967005,0.9161064866891637,0.5573154153497744,0.7899122609673794,,,,,,,,,,
B,bolivia/tile406,126,25,"boundary first, then confidence",0.041544275335353494,0.019626727552445416,0.7330994897959185,-0.004666401405919229,-0.002438795205282611,0.09225731620224457,-0.0009751967161138811,,0.9851578552680912,0.9335823022122235,0.6570115740361258,0.7605219347581547,,,,,,,,,,
B,bolivia/tile406,126,25,combination conf+dihedral (prereg),0.03482058958926335,0.012903041806355275,0.5,0.0020572843401709118,0.00428489054080753,0.09898100194833472,0.00574848902997626,,,,,,,,,,,,,,,
B,bolivia/tile407,174,4,confidence (baseline),0.002797838184431516,0.0024656232051058114,-5.884209692135625,0.0,0.0017417887164266582,0.004447888379457756,-0.002261771344378699,,,,,,,,,,,,,,,
B,bolivia/tile407,174,4,tile-phase (aligned),0.004539626900858174,0.00420741192153247,0.0178504614547725,-0.0017417887164266582,0.0,0.002706099663031098,-0.004003560060805357,,,,,,,,,,,,,,,
B,bolivia/tile407,174,4,boundary indicator,0.007245726563889272,0.0069135115845635675,0.02586206896551724,-0.004447888379457756,-0.002706099663031098,0.0,-0.006709659723836455,,,,,,,,,,,,,,,
B,bolivia/tile407,174,4,control NDWI gradient,0.0005360668400528173,0.00020385186072711253,0.03766522050915738,0.002261771344378699,0.004003560060805357,0.006709659723836455,0.0,,,,,,,,,,,,,,,
B,bolivia/tile407,174,4,constant score,0.022988505747126447,0.022656290767800742,0.0,-0.02019066756269493,-0.018448878846268273,-0.015742779183237174,-0.02245243890707363,,,,,,,,,,,,,,,
B,bolivia/tile407,174,4,control S2 patch variance,0.0009519579477477897,0.0006197429684220849,134.86937297573218,0.0018458802366837265,0.0035876689531103845,0.006293768616141482,-0.00041589110769497234,,,,,,,,,,,,,,,
B,bolivia/tile407,174,4,control NDWI level,0.006828145624642509,0.006495930645316804,-0.41924004110600555,-0.004030307440210993,-0.0022885187237843344,0.00041758093924676356,-0.006292078784589691,,,,,,,,,,,,,,,
B,bolivia/tile407,174,4,dihedral consistency (8 transforms),0.0029181790039147413,0.0025859640245890366,0.010492958726816184,-0.00012034081948322523,0.001621447896943433,0.004327547559974531,-0.002382112163861924,,0.9488778154275459,0.8825547424471072,0.2783386898953788,0.5049767931888722,,,,,,,,,,
B,bolivia/tile407,174,4,"boundary first, then confidence",0.0023637643603824014,0.0020315493810566967,0.6479115353037767,0.00043407382404911463,0.002175862540475773,0.004881962203506871,-0.0018276975203295842,,0.9588986018964097,0.8988057746518979,0.4552009557154143,0.48458669096500473,,,,,,,,,,
B,bolivia/tile407,174,4,combination conf+dihedral (prereg),0.002870610979590411,0.0025383960002647063,0.5,-7.277279515889492e-05,0.0016690159212677633,0.004375115584298862,-0.0023345441395375937,,,,,,,,,,,,,,,
B,bolivia/tile410,225,7,confidence (baseline),0.005194724573780145,0.004636643916675363,-5.2184145034684075,0.0,-0.002099151758629159,-0.002336422813406549,0.0011537472078429322,,,,,,,,,,,,,,,
B,bolivia/tile410,225,7,tile-phase (aligned),0.003095572815150986,0.0025374921580462043,0.03997276149865785,0.002099151758629159,0.0,-0.00023727105477738993,0.0032528989664720913,,,,,,,,,,,,,,,
B,bolivia/tile410,225,7,boundary indicator,0.0028583017603735963,0.0023002211032688144,0.09222222222222222,0.002336422813406549,0.00023727105477738993,0.0,0.0034901700212494812,,,,,,,,,,,,,,,
B,bolivia/tile410,225,7,control NDWI gradient,0.0063484717816230775,0.005790391124518296,0.037552926978056136,-0.0011537472078429322,-0.0032528989664720913,-0.0034901700212494812,0.0,,,,,,,,,,,,,,,
B,bolivia/tile410,225,7,constant score,0.031111111111111103,0.03055303045400632,0.0,-0.025916386537330957,-0.028015538295960117,-0.028252809350737505,-0.024762639329488023,,,,,,,,,,,,,,,
B,bolivia/tile410,225,7,control S2 patch variance,0.011285233331578817,0.010727152674474036,52.64207837550302,-0.0060905087577986725,-0.008189660516427832,-0.00842693157120522,-0.00493676154995574,,,,,,,,,,,,,,,
B,bolivia/tile410,225,7,control NDWI level,0.03308175199390808,0.0325236713368033,-0.19930716136809037,-0.027887027420127934,-0.029986179178757094,-0.030223450233534482,-0.026733280212285,,,,,,,,,,,,,,,
B,bolivia/tile410,225,7,dihedral consistency (8 transforms),0.004654113224960351,0.004096032567855569,0.02066028662736547,0.0005406113488197941,-0.001558540409809365,-0.001795811464586755,0.0016943585566627263,,0.9632975136957439,0.9069163506110416,0.6753009323134002,0.6782227138643071,,,,,,,,,,
B,bolivia/tile410,225,7,"boundary first, then confidence",0.004124402109981219,0.0035663214528764368,1.0244444444444445,0.0010703224637989266,-0.0010288292948302325,-0.0012661003496076224,0.002224069671641859,,0.9826949009692371,0.9293225874420568,0.7624285300473131,0.6884534344711338,,,,,,,,,,
B,bolivia/tile410,225,7,combination conf+dihedral (prereg),0.004778388124833004,0.004220307467728222,0.5,0.0004163364489471414,-0.0016828153096820177,-0.0019200863644594076,0.0015700836567900736,,,,,,,,,,,,,,,
B,bolivia/tile411,225,58,confidence (baseline),0.072584570841436,0.0354962851049099,-5.050763054556317,0.0,0.011849251667164065,0.12929425912878315,0.08486622822135033,,,,,,,,,,,,,,,
B,bolivia/tile411,225,58,tile-phase (aligned),0.08443382250860007,0.04734553677207397,0.03201058309768592,-0.011849251667164065,0.0,0.11744500746161908,0.07301697655418626,,,,,,,,,,,,,,,
B,bolivia/tile411,225,58,boundary indicator,0.20187882997021916,0.16479054423369305,0.043333333333333335,-0.12929425912878315,-0.11744500746161908,0.0,-0.04442803090743282,,,,,,,,,,,,,,,
B,bolivia/tile411,225,58,control NDWI gradient,0.15745079906278633,0.12036251332626023,0.04316436464270145,-0.08486622822135033,-0.07301697655418626,0.04442803090743282,0.0,,,,,,,,,,,,,,,
B,bolivia/tile411,225,58,constant score,0.2577777777777777,0.2206894920412516,0.0,-0.1851932069363417,-0.17334395526917762,-0.05589894780755855,-0.10032697871499137,,,,,,,,,,,,,,,
B,bolivia/tile411,225,58,control S2 patch variance,0.35134277036026446,0.31425448462373834,96.18373969572558,-0.2787581995188284,-0.26690894785166436,-0.1494639403900453,-0.1938919712974781,,,,,,,,,,,,,,,
B,bolivia/tile411,225,58,control NDWI level,0.06565824306138777,0.028569957324861672,-0.37101696636908615,0.00692632778004823,0.018775579447212296,0.13622058690883138,0.09179255600139856,,,,,,,,,,,,,,,
B,bolivia/tile411,225,58,dihedral consistency (8 transforms),0.06860060010978626,0.03151231437326016,0.024546894981968864,0.003983970731649744,0.01583322239881381,0.1332782298604329,0.08885019895300007,,0.96576380109566,0.8936493889591236,0.4731630028340703,0.5017014327855033,,,,,,,,,,
B,bolivia/tile411,225,58,"boundary first, then confidence",0.0716408406979502,0.03455255496142409,0.7844444444444445,0.0009437301434858103,0.012792981810649875,0.13023798927226896,0.08580995836483614,,0.9675726927939313,0.9106689844079224,0.6048434156169477,0.5135935524652339,,,,,,,,,,
B,bolivia/tile411,225,58,combination conf+dihedral (prereg),0.06942570309953625,0.03233741736301014,0.5,0.0031588677418997596,0.015008119409063825,0.1324531268706829,0.08802509596325009,,,,,,,,,,,,,,,
B,bolivia/tile412,225,3,confidence (baseline),0.0002392704725116024,0.00012039842942431267,-6.653895407848888,0.0,0.0003268542314146884,0.0002176010542212447,0.0013975251991564222,,,,,,,,,,,,,,,
B,bolivia/tile412,225,3,tile-phase (aligned),0.0005661247039262908,0.0004472526608390011,0.022722770082707736,-0.0003268542314146884,0.0,-0.00010925317719344375,0.0010706709677417337,,,,,,,,,,,,,,,
B,bolivia/tile412,225,3,boundary indicator,0.0004568715267328471,0.0003379994836455574,0.05555555555555555,-0.0002176010542212447,0.00010925317719344375,0.0,0.0011799241449351773,,,,,,,,,,,,,,,
B,bolivia/tile412,225,3,control NDWI gradient,0.0016367956716680245,0.0015179236285807348,0.028492901180630574,-0.0013975251991564222,-0.0010706709677417337,-0.0011799241449351773,0.0,,,,,,,,,,,,,,,
B,bolivia/tile412,225,3,constant score,0.013333333333333334,0.013214461290246044,0.0,-0.013094062860821732,-0.012767208629407042,-0.012876461806600487,-0.01169653766166531,,,,,,,,,,,,,,,
B,bolivia/tile412,225,3,control S2 patch variance,0.006656670504388653,0.0065377984613013635,39.06212044631313,-0.006417400031877051,-0.006090545800462362,-0.006199798977655806,-0.005019874832720629,,,,,,,,,,,,,,,
B,bolivia/tile412,225,3,control NDWI level,0.0035642864059652847,0.003445414362877995,-0.2521126887761609,-0.003325015933453682,-0.002998161702038994,-0.0031074148792324375,-0.0019274907342972602,,,,,,,,,,,,,,,
B,bolivia/tile412,225,3,dihedral consistency (8 transforms),0.00048227691761594624,0.00036340487452865653,0.009937562583646569,-0.00024300644510434386,8.38477863103446e-05,-2.5405390883099154e-05,0.0011545187540520784,,0.9091319005478308,0.8880235988200592,0.5679044240348252,0.6455910240202273,,,,,,,,,,
B,bolivia/tile412,225,3,"boundary first, then confidence",0.00021897620564199306,0.00010010416255470334,0.8377777777777777,2.029426686960933e-05,0.00034714849828429775,0.00023789532109085403,0.0014178194660260314,,0.977970922882428,0.8941624525916567,0.6516139531146764,0.5984270965023178,,,,,,,,,,
B,bolivia/tile412,225,3,combination conf+dihedral (prereg),0.0003811534184268481,0.0002622813753395584,0.5,-0.0001418829459152457,0.00018497128549944275,7.5718108305999e-05,0.0012556422532411765,,,,,,,,,,,,,,,
B,bolivia/tile414,225,30,confidence (baseline),0.04462118507624886,0.03501275932312821,-3.6152279953161877,0.0,-0.017268422964643572,0.013664466366651744,0.004418457118971535,,,,,,,,,,,,,,,
B,bolivia/tile414,225,30,tile-phase (aligned),0.02735276211160529,0.017744336358484637,0.06250096467336537,0.017268422964643572,0.0,0.030932889331295316,0.021686880083615107,,,,,,,,,,,,,,,
B,bolivia/tile414,225,30,boundary indicator,0.058285651442900606,0.04867722568977995,0.13777777777777778,-0.013664466366651744,-0.030932889331295316,0.0,-0.00924600924768021,,,,,,,,,,,,,,,
B,bolivia/tile414,225,30,control NDWI gradient,0.0490396421952204,0.039431216442099744,0.0437393208629646,-0.004418457118971535,-0.021686880083615107,0.00924600924768021,0.0,,,,,,,,,,,,,,,
B,bolivia/tile414,225,30,constant score,0.1333333333333333,0.12372490758021265,0.0,-0.08871214825708444,-0.10598057122172802,-0.0750476818904327,-0.08429369113811291,,,,,,,,,,,,,,,
B,bolivia/tile414,225,30,control S2 patch variance,0.08985877544270851,0.08025034968958786,81.93526403422936,-0.04523759036645965,-0.06250601333110323,-0.031573123999807905,-0.040819133247488114,,,,,,,,,,,,,,,
B,bolivia/tile414,225,30,control NDWI level,0.08049650319940133,0.07088807744628067,-0.27160339485338536,-0.035875318123152464,-0.053143741087796036,-0.02221085175650072,-0.03145686100418093,,,,,,,,,,,,,,,
B,bolivia/tile414,225,30,dihedral consistency (8 transforms),0.04042875405679837,0.030820328303677716,0.03937918445986321,0.004192431019450493,-0.013075991945193079,0.017856897386102237,0.008610888138422028,,0.9340044247787618,0.8026980615254938,0.5832097374752758,0.4534555415086391,,,,,,,,,,
B,bolivia/tile414,225,30,"boundary first, then confidence",0.042966173311024126,0.033357747557903474,1.3533333333333333,0.0016550117652247356,-0.015613411199418836,0.01531947813187648,0.00607346888419627,,0.911080910240203,0.8720027391487567,0.8619481294140555,0.43837231352718065,,,,,,,,,,
B,bolivia/tile414,225,30,combination conf+dihedral (prereg),0.04082164127416424,0.031213215521043586,0.49999999999999994,0.0037995438020846234,-0.013468879162558949,0.017464010168736367,0.008218000921056158,,,,,,,,,,,,,,,
B,bolivia/tile415,225,12,confidence (baseline),0.004015966992142744,0.0024494262171218025,-5.351893591218524,0.0,-0.0011041578189810932,-0.0009910648294720365,0.021717994323648897,,,,,,,,,,,,,,,
B,bolivia/tile415,225,12,tile-phase (aligned),0.002911809173161651,0.0013452683981407094,0.03295613813700281,0.0011041578189810932,0.0,0.00011309298950905669,0.02282215214262999,,,,,,,,,,,,,,,
B,bolivia/tile415,225,12,boundary indicator,0.0030249021626707075,0.001458361387649766,0.0811111111111111,0.0009910648294720365,-0.00011309298950905669,0.0,0.022709059153120933,,,,,,,,,,,,,,,
B,bolivia/tile415,225,12,control NDWI gradient,0.02573396131579164,0.024167420540770698,0.03569446040748819,-0.021717994323648897,-0.02282215214262999,-0.022709059153120933,0.0,,,,,,,,,,,,,,,
B,bolivia/tile415,225,12,constant score,0.05333333333333334,0.051766792558312395,0.0,-0.04931736634119059,-0.050421524160171684,-0.05030843117066263,-0.027599372017541698,,,,,,,,,,,,,,,
B,bolivia/tile415,225,12,control S2 patch variance,0.06172727925889219,0.06016073848387125,84.44963797551584,-0.05771131226674944,-0.058815470085730535,-0.05870237709622148,-0.03599331794310055,,,,,,,,,,,,,,,
B,bolivia/tile415,225,12,control NDWI level,0.005579343049303338,0.0040128022742823965,-0.3855474883950472,-0.001563376057160594,-0.002667533876141687,-0.0025544408866326304,0.020154618266488303,,,,,,,,,,,,,,,
B,bolivia/tile415,225,12,dihedral consistency (8 transforms),0.006823354490125055,0.005256813715104114,0.024048885161003758,-0.0028073874979823114,-0.003911545316963404,-0.003798452327454348,0.018910606825666584,,0.9608670459334188,0.886992203961231,0.4730936859965213,0.5556668773704172,,,,,,,,,,
B,bolivia/tile415,225,12,"boundary first, then confidence",0.0033124409065699682,0.0017459001315490268,1.0244444444444445,0.0007035260855727758,-0.0004006317334083174,-0.0002875387438992607,0.02242152040922167,,0.8893131057732829,0.9174641803624102,0.7656023408459361,0.5398556679308893,,,,,,,,,,
B,bolivia/tile415,225,12,combination conf+dihedral (prereg),0.00491289444621686,0.003346353671195918,0.5000000000000001,-0.0008969274540741156,-0.0020010852730552088,-0.001887992283546152,0.02082106686957478,,,,,,,,,,,,,,,
B,bolivia/tile416,119,14,confidence (baseline),0.04523860678720611,0.03753677682502861,-2.1345066297955873,0.0,-0.005892013180782571,0.019203778144912156,0.03142368747125618,,,,,,,,,,,,,,,
B,bolivia/tile416,119,14,tile-phase (aligned),0.03934659360642354,0.03164476364424604,0.05834718015213192,0.005892013180782571,0.0,0.025095791325694727,0.03731570065203875,,,,,,,,,,,,,,,
B,bolivia/tile416,119,14,boundary indicator,0.06444238493211828,0.056740554969940765,0.0819327731092437,-0.019203778144912156,-0.025095791325694727,0.0,0.012219909326344022,,,,,,,,,,,,,,,
B,bolivia/tile416,119,14,control NDWI gradient,0.0766622942584623,0.06896046429628479,0.023301609054452218,-0.03142368747125618,-0.03731570065203875,-0.012219909326344022,0.0,,,,,,,,,,,,,,,
B,bolivia/tile416,119,14,constant score,0.1176470588235294,0.10994522886135188,0.0,-0.07240845203632328,-0.07830046521710585,-0.05320467389141112,-0.0409847645650671,,,,,,,,,,,,,,,
B,bolivia/tile416,119,14,control S2 patch variance,0.108627367504925,0.10092553754274748,47.515708334776086,-0.06338876071771887,-0.06928077389850144,-0.044184982572806716,-0.031965073246462694,,,,,,,,,,,,,,,
B,bolivia/tile416,119,14,control NDWI level,0.034701859768918646,0.027000029806741137,-0.17820417300356345,0.010536747018287471,0.0046447338375049,0.029740525163199628,0.041960434489543647,,,,,,,,,,,,,,,
B,bolivia/tile416,119,14,dihedral consistency (8 transforms),0.040238924981357435,0.032537095019179924,0.06023629740107523,0.004999681805848685,-0.0008923313749338857,0.02420345995076084,0.036423369277104864,,0.786611593790058,0.6541375872382853,0.32457884143975363,0.05254949437402083,,,,,,,,,,
B,bolivia/tile416,119,14,"boundary first, then confidence",0.0394890515696236,0.0317872216074461,1.0816326530612244,0.005749555217582511,-0.00014245796320006,0.024953333362494667,0.03717324268883869,,0.8635878080045578,0.8513673265916535,0.769227320698261,0.029205241418601362,,,,,,,,,,
B,bolivia/tile416,119,14,combination conf+dihedral (prereg),0.04010378628749291,0.032401956325315395,0.5,0.0051348204997132135,-0.0007571926810693574,0.02433859864462537,0.03655850797096939,,,,,,,,,,,,,,,
B,bolivia/tile417,225,53,confidence (baseline),0.09414108055610393,0.06339727058695799,-2.9513659444782467,0.0,0.014630463192885246,0.06507574500297988,0.06822286009895698,,,,,,,,,,,,,,,
B,bolivia/tile417,225,53,tile-phase (aligned),0.10877154374898917,0.07802773377984323,0.06779941327252244,-0.014630463192885246,0.0,0.05044528181009464,0.05359239690607173,,,,,,,,,,,,,,,
B,bolivia/tile417,225,53,boundary indicator,0.1592168255590838,0.12847301558993787,0.16555555555555557,-0.06507574500297988,-0.05044528181009464,0.0,0.0031471150959770933,,,,,,,,,,,,,,,
B,bolivia/tile417,225,53,control NDWI gradient,0.1623639406550609,0.13162013068591497,0.03769954146693122,-0.06822286009895698,-0.05359239690607173,-0.0031471150959770933,0.0,,,,,,,,,,,,,,,
B,bolivia/tile417,225,53,constant score,0.23555555555555555,0.2048117455864096,0.0,-0.14141447499945162,-0.12678401180656637,-0.07633872999647173,-0.07319161490049464,,,,,,,,,,,,,,,
B,bolivia/tile417,225,53,control S2 patch variance,0.1799226620077507,0.14917885203860476,52.92380276248158,-0.08578158145164677,-0.07115111825876153,-0.020705836448666887,-0.017558721352689793,,,,,,,,,,,,,,,
B,bolivia/tile417,225,53,control NDWI level,0.21218873084895742,0.18144492087981148,-0.11719121862436405,-0.1180476502928535,-0.10341718709996825,-0.05297190528987361,-0.04982479019389652,,,,,,,,,,,,,,,
B,bolivia/tile417,225,53,dihedral consistency (8 transforms),0.09496317675523795,0.06421936678609202,0.053686282100760666,-0.000822096199134037,0.013808366993751209,0.06425364880384585,0.06740076389982294,,0.8626411715128529,0.7993826380109564,0.6503201012332762,0.31904445849136137,,,,,,,,,,
B,bolivia/tile417,225,53,"boundary first, then confidence",0.10843781381604654,0.07769400384690062,1.451111111111111,-0.014296733259942629,0.0003337299329426169,0.050779011743037256,0.05392612683901435,,0.8995248630425626,0.8810155920775387,0.8691165456635275,0.27394648124736637,,,,,,,,,,
B,bolivia/tile417,225,53,combination conf+dihedral (prereg),0.09155775129638934,0.0608139413272434,0.5,0.0025833292597145854,0.01721379245259983,0.06765907426269446,0.07080618935867156,,,,,,,,,,,,,,,
B,bolivia/tile418,225,65,confidence (baseline),0.1317157708318333,0.08462273495709544,-3.1874772086408405,0.0,-0.007634288474266893,0.08747575043906122,0.069488030107443,,,,,,,,,,,,,,,
B,bolivia/tile418,225,65,tile-phase (aligned),0.12408148235756641,0.07698844648282854,0.0544641654256298,0.007634288474266893,0.0,0.09511003891332812,0.0771223185817099,,,,,,,,,,,,,,,
B,bolivia/tile418,225,65,boundary indicator,0.21919152127089453,0.17209848539615666,0.12444444444444444,-0.08747575043906122,-0.09511003891332812,0.0,-0.017987720331618218,,,,,,,,,,,,,,,
B,bolivia/tile418,225,65,control NDWI gradient,0.2012038009392763,0.15411076506453844,0.038176270833948,-0.069488030107443,-0.0771223185817099,0.017987720331618218,0.0,,,,,,,,,,,,,,,
B,bolivia/tile418,225,65,constant score,0.28888888888888886,0.241795853014151,0.0,-0.15717311805705556,-0.16480740653132245,-0.06969736761799433,-0.08768508794961255,,,,,,,,,,,,,,,
B,bolivia/tile418,225,65,control S2 patch variance,0.2740080649667112,0.22691502909197334,51.896910202401635,-0.1422922941348779,-0.1499265826091448,-0.05481654369581668,-0.0728042640274349,,,,,,,,,,,,,,,
B,bolivia/tile418,225,65,control NDWI level,0.13870102613070728,0.09160799025596941,-0.18285352365384774,-0.006985255298873977,-0.01461954377314087,0.08049049514018725,0.06250277480856903,,,,,,,,,,,,,,,
B,bolivia/tile418,225,65,dihedral consistency (8 transforms),0.11425459580243742,0.06716155992769954,0.03898162437395917,0.017461175029395898,0.009826886555129005,0.10493692546845712,0.0869492051368389,,0.9227907711757268,0.8751380109565939,0.6862702645277499,0.23477033291192592,,,,,,,,,,
B,bolivia/tile418,225,65,"boundary first, then confidence",0.1301013858321951,0.08300834995745723,1.2733333333333334,0.001614384999638202,-0.006019903474628691,0.08909013543869942,0.07110241510708121,,0.9471028234302574,0.9151116729877791,0.8431726367551268,0.23971133586177812,,,,,,,,,,
B,bolivia/tile418,225,65,combination conf+dihedral (prereg),0.12080655426301581,0.07371351838827794,0.49999999999999994,0.010909216568817492,0.0032749280945506,0.09838496700787872,0.0803972466762605,,,,,,,,,,,,,,,
B,bolivia/tile419,225,4,confidence (baseline),0.005698396174917939,0.0054999795114041156,-6.244642501407199,0.0,-0.0023281140606554104,0.012079381602859839,-0.004326566222477327,,,,,,,,,,,,,,,
B,bolivia/tile419,225,4,tile-phase (aligned),0.0033702821142625287,0.003171865450748705,0.0028044131734511917,0.0023281140606554104,0.0,0.014407495663515249,-0.001998452161821916,,,,,,,,,,,,,,,
B,bolivia/tile419,225,4,boundary indicator,0.017777777777777778,0.017579361114263954,0.0,-0.012079381602859839,-0.014407495663515249,0.0,-0.016405947825337164,,,,,,,,,,,,,,,
B,bolivia/tile419,225,4,control NDWI gradient,0.0013718299524406125,0.001173413288926789,0.02577468697439334,0.004326566222477327,0.001998452161821916,0.016405947825337164,0.0,,,,,,,,,,,,,,,
B,bolivia/tile419,225,4,constant score,0.017777777777777778,0.017579361114263954,0.0,-0.012079381602859839,-0.014407495663515249,0.0,-0.016405947825337164,,,,,,,,,,,,,,,
B,bolivia/tile419,225,4,control S2 patch variance,0.003994466711479702,0.0037960500479658783,66.6324790327432,0.0017039294634382373,-0.0006241845972171731,0.013783311066298076,-0.002622636759039089,,,,,,,,,,,,,,,
B,bolivia/tile419,225,4,control NDWI level,0.006601031150178903,0.00640261448666508,-0.46694992821325415,-0.0009026349752609642,-0.0032307490359163747,0.011176746627598873,-0.00522920119773829,,,,,,,,,,,,,,,
B,bolivia/tile419,225,4,dihedral consistency (8 transforms),0.0058407433987790885,0.005642326735265265,0.0026519764564929774,-0.00014234722386114937,-0.00247046128451656,0.01193703437899869,-0.004468913446338476,,0.9039348925410866,0.770541508638854,nan,0.34590813316477015,,,,,,,,,,
B,bolivia/tile419,225,4,"boundary first, then confidence",0.005698396174917939,0.0054999795114041156,0.5,0.0,-0.0023281140606554104,0.012079381602859839,-0.004326566222477327,,1.0,0.8584702907711753,nan,0.28449957859249886,,,,,,,,,,
B,bolivia/tile419,225,4,combination conf+dihedral (prereg),0.005882942009547009,0.005684525346033186,0.5,-0.00018454583462907022,-0.0025126598952844807,0.011894835768230768,-0.004511112057106397,,,,,,,,,,,,,,,
B,bolivia/tile420,198,76,confidence (baseline),0.2562484527023212,0.1698167093904978,-2.7089499798085956,0.0,0.002945847275411917,0.14881930832997287,0.05702637783672343,,,,,,,,,,,,,,,
B,bolivia/tile420,198,76,tile-phase (aligned),0.25919429997773313,0.17276255666590973,0.08761828611030142,-0.002945847275411917,0.0,0.14587346105456095,0.05408053056131151,,,,,,,,,,,,,,,
B,bolivia/tile420,198,76,boundary indicator,0.4050677610322941,0.3186360177204707,0.2335858585858586,-0.14881930832997287,-0.14587346105456095,0.0,-0.09179293049324944,,,,,,,,,,,,,,,
B,bolivia/tile420,198,76,control NDWI gradient,0.31327483053904465,0.22684308722722124,0.053363259643305364,-0.05702637783672343,-0.05408053056131151,0.09179293049324944,0.0,,,,,,,,,,,,,,,
B,bolivia/tile420,198,76,constant score,0.3838383838383837,0.2974066405265603,0.0,-0.12758993113606248,-0.12464408386065057,0.02122937719391038,-0.07056355329933905,,,,,,,,,,,,,,,
B,bolivia/tile420,198,76,control S2 patch variance,0.3646872867448435,0.2782555434330201,76.81628834785937,-0.1084388340425223,-0.10549298676711039,0.04038047428745056,-0.05141245620579887,,,,,,,,,,,,,,,
B,bolivia/tile420,198,76,control NDWI level,0.2553957284525581,0.16896398514073468,-0.16868396127103014,0.000852724249763126,0.003798571525175043,0.149672032579736,0.057879102086486556,,,,,,,,,,,,,,,
B,bolivia/tile420,198,76,dihedral consistency (8 transforms),0.25068550297729764,0.16425375966547423,0.05570103212731839,0.00556294972502358,0.008508797000435497,0.15438225805499645,0.06258932756174701,,0.8832448660778123,0.6437672132389374,0.5953137870908579,0.227161805025744,,,,,,,,,,
B,bolivia/tile420,198,76,"boundary first, then confidence",0.29886099111655434,0.21242924780473094,1.807066197691198,-0.042612538414233125,-0.03966669113882121,0.10620676991573974,0.014413839422490304,,0.8889154277772501,0.7392871139268105,0.8105083319115649,0.26430645768451555,,,,,,,,,,
B,bolivia/tile420,198,76,combination conf+dihedral (prereg),0.25157039000149767,0.16513864668967426,0.5,0.004678062700823549,0.007623909976235466,0.15349737103079641,0.06170444053754698,,,,,,,,,,,,,,,
B,bolivia/tile421,156,26,confidence (baseline),0.05798201532259658,0.0427170468409483,-2.835241185166897,0.0,0.004724728599904492,-0.0010645537728227392,0.1142266290133574,,,,,,,,,,,,,,,
B,bolivia/tile421,156,26,tile-phase (aligned),0.06270674392250107,0.04744177544085279,0.061712180043403536,-0.004724728599904492,0.0,-0.005789282372727231,0.1095019004134529,,,,,,,,,,,,,,,
B,bolivia/tile421,156,26,boundary indicator,0.05691746154977384,0.04165249306812556,0.13060897435897437,0.0010645537728227392,0.005789282372727231,0.0,0.11529118278618013,,,,,,,,,,,,,,,
B,bolivia/tile421,156,26,control NDWI gradient,0.17220864433595395,0.1569436758543057,0.04633490357997136,-0.1142266290133574,-0.1095019004134529,-0.11529118278618013,0.0,,,,,,,,,,,,,,,
B,bolivia/tile421,156,26,constant score,0.16666666666666666,0.15140169818501836,0.0,-0.10868465134407007,-0.10395992274416557,-0.1097492051168928,0.0055419776692873235,,,,,,,,,,,,,,,
B,bolivia/tile421,156,26,control S2 patch variance,0.1983855005493561,0.18312053206770784,84.08270727098594,-0.14040348522675955,-0.13567875662685505,-0.14146803899958227,-0.026176856213402155,,,,,,,,,,,,,,,
B,bolivia/tile421,156,26,control NDWI level,0.03915458185877157,0.023889613377123288,-0.23833311008123503,0.01882743346382501,0.023552162063729502,0.01776287969100227,0.1330540624771824,,,,,,,,,,,,,,,
B,bolivia/tile421,156,26,dihedral consistency (8 transforms),0.06557124406240031,0.05030627558075203,0.056560233735348076,-0.007589228739803729,-0.002864500139899237,-0.008653782512626468,0.10663740027355366,,0.8630114902561996,0.7734191019582433,0.5261316666953052,0.174996443868439,,,,,,,,,,
B,bolivia/tile421,156,26,"boundary first, then confidence",0.0440793747969174,0.028814406315269117,1.341775412087912,0.013902640525679182,0.018627369125583673,0.012838086752856442,0.12812926953903658,,0.9047241232160076,0.8794582036003865,0.8569544470076034,0.2369995732642127,,,,,,,,,,
B,bolivia/tile421,156,26,combination conf+dihedral (prereg),0.058253811015325695,0.042988842533677414,0.5,-0.0002717956927291154,0.004452932907175376,-0.0013363494655518546,0.11395483332062828,,,,,,,,,,,,,,,
B,bolivia/tile422,90,20,confidence (baseline),0.06895693916782088,0.04097215210927714,-5.837496525049209,0.0,-0.009825953233077049,0.09407818970815802,0.021280792408530785,,,,,,,,,,,,,,,
B,bolivia/tile422,90,20,tile-phase (aligned),0.05913098593474383,0.03114619887620009,0.024980747151898363,0.009825953233077049,0.0,0.10390414294123507,0.031106745641607834,,,,,,,,,,,,,,,
B,bolivia/tile422,90,20,boundary indicator,0.1630351288759789,0.13505034181743517,0.04722222222222222,-0.09407818970815802,-0.10390414294123507,0.0,-0.07279739729962724,,,,,,,,,,,,,,,
B,bolivia/tile422,90,20,control NDWI gradient,0.09023773157635166,0.062252944517807926,0.048525775216185285,-0.021280792408530785,-0.031106745641607834,0.07279739729962724,0.0,,,,,,,,,,,,,,,
B,bolivia/tile422,90,20,constant score,0.22222222222222227,0.19423743516367853,0.0,-0.1532652830544014,-0.16309123628747843,-0.059187093346243363,-0.1319844906458706,,,,,,,,,,,,,,,
B,bolivia/tile422,90,20,control S2 patch variance,0.20082387794300766,0.17283909088446392,122.1028229272842,-0.1318669387751868,-0.14169289200826382,-0.037788749067028754,-0.110586146366656,,,,,,,,,,,,,,,
B,bolivia/tile422,90,20,control NDWI level,0.06552380493445303,0.0375390178759093,-0.406203001967283,0.0034331342333678433,-0.006392818999709206,0.09751132394152587,0.02471392664189863,,,,,,,,,,,,,,,
B,bolivia/tile422,90,20,dihedral consistency (8 transforms),0.07668197839363401,0.048697191335090276,0.014904093188063901,-0.007725039225813135,-0.017550992458890184,0.08635315048234489,0.01355575318271765,,0.9487179487179485,0.8605589167386917,0.562607771696935,0.7176770794748316,,,,,,,,,,
B,bolivia/tile422,90,20,"boundary first, then confidence",0.06896134833889672,0.040976561280352986,0.7260912698412699,-4.40917107584482e-06,-0.009830362404152894,0.09407378053708218,0.02127638323745494,,0.9974153187636333,0.8735481746717708,0.6097746732465272,0.6683870436679427,,,,,,,,,,
B,bolivia/tile422,90,20,combination conf+dihedral (prereg),0.07244992831073603,0.044465141252192295,0.5000000000000001,-0.003492989142915154,-0.013318942375992203,0.09058520056524287,0.01778780326561563,,,,,,,,,,,,,,,
B,bolivia/tile423,107,12,confidence (baseline),0.024725846204177927,0.017665523984091314,-5.35369053120925,0.0,0.0032233647783619125,0.03172865918561217,0.00964013361708068,,,,,,,,,,,,,,,
B,bolivia/tile423,107,12,tile-phase (aligned),0.02794921098253984,0.020888888762453227,0.041097496407699205,-0.0032233647783619125,0.0,0.028505294407250262,0.006416768838718768,,,,,,,,,,,,,,,
B,bolivia/tile423,107,12,boundary indicator,0.056454505389790105,0.04939418316970349,0.09228971962616822,-0.03172865918561217,-0.028505294407250262,0.0,-0.022088525568531494,,,,,,,,,,,,,,,
B,bolivia/tile423,107,12,control NDWI gradient,0.03436597982125861,0.027305657601171995,0.04902104483534587,-0.00964013361708068,-0.006416768838718768,0.022088525568531494,0.0,,,,,,,,,,,,,,,
B,bolivia/tile423,107,12,constant score,0.11214953271028037,0.10508921049019376,0.0,-0.08742368650610245,-0.08420032172774053,-0.055695027320490274,-0.07778355288902176,,,,,,,,,,,,,,,
B,bolivia/tile423,107,12,control S2 patch variance,0.08433639906126146,0.07727607684117485,139.7670406198365,-0.05961055285708354,-0.056387188078721624,-0.027881893671471362,-0.04997041924000285,,,,,,,,,,,,,,,
B,bolivia/tile423,107,12,control NDWI level,0.02019731292793256,0.013136990707845946,-0.31232368445463793,0.004528533276245368,0.007751898054607281,0.036257192461857546,0.014168666893326048,,,,,,,,,,,,,,,
B,bolivia/tile423,107,12,dihedral consistency (8 transforms),0.01602122292141719,0.008960900701330578,0.023079657098427322,0.008704623282760737,0.011927988061122649,0.04043328246837291,0.018344756899841417,,0.961353082936577,0.9138306001293122,0.6478641079090239,0.5490703187758385,,,,,,,,,,
B,bolivia/tile423,107,12,"boundary first, then confidence",0.0238856588904275,0.016825336670340887,1.0045894526034715,0.0008401873137504276,0.00406355209211234,0.032568846499362605,0.010480320930831108,,0.9760085424871177,0.9587276396481118,0.7819766452436955,0.6053116244440522,,,,,,,,,,
B,bolivia/tile423,107,12,combination conf+dihedral (prereg),0.01934176985339253,0.012281447633305916,0.5,0.005384076350785399,0.008607441129147311,0.03711273553639757,0.015024209967866079,,,,,,,,,,,,,,,
B,bolivia/tile424,50,9,confidence (baseline),0.1595053630627154,0.14044844856501565,-2.085149411559105,0.0,-0.0734011695912353,-0.08733679822786759,0.13418269340536565,,,,,,,,,,,,,,,
B,bolivia/tile424,50,9,tile-phase (aligned),0.08610419347148011,0.06704727897378035,0.0706406239233911,0.0734011695912353,0.0,-0.013935628636632294,0.20758386299660095,,,,,,,,,,,,,,,
B,bolivia/tile424,50,9,boundary indicator,0.07216856483484782,0.053111650337148056,0.1675,0.08733679822786759,0.013935628636632294,0.0,0.22151949163323326,,,,,,,,,,,,,,,
B,bolivia/tile424,50,9,control NDWI gradient,0.29368805646808105,0.2746311419703813,0.03947494995482712,-0.13418269340536565,-0.20758386299660095,-0.22151949163323326,0.0,,,,,,,,,,,,,,,
B,bolivia/tile424,50,9,constant score,0.18,0.16094308550230024,0.0,-0.020494636937284594,-0.09389580652851989,-0.10783143516515219,0.11368805646808106,,,,,,,,,,,,,,,
B,bolivia/tile424,50,9,control S2 patch variance,0.028796416599405922,0.009739502101706161,62.92994099762829,0.1307089464633095,0.05730777687207419,0.043372148235441894,0.26489163986867514,,,,,,,,,,,,,,,
B,bolivia/tile424,50,9,control NDWI level,0.24495843585461807,0.22590152135691832,-0.087661082149902,-0.08545307279190267,-0.15885424238313797,-0.17278987101977028,0.048729620613462976,,,,,,,,,,,,,,,
B,bolivia/tile424,50,9,dihedral consistency (8 transforms),0.1270186240196404,0.10796170952194063,0.06398478806950152,0.032486739043075016,-0.04091443054816028,-0.05485005918479258,0.16666943244844068,,0.8769747899159666,0.6264105642256901,0.7036525015199788,0.21238895558223286,,,,,,,,,,
B,bolivia/tile424,50,9,"boundary first, then confidence",0.14542644395228918,0.12636952945458943,1.8016964285714283,0.014078919110426219,-0.05932225048080908,-0.07325787911744137,0.14826161251579187,,0.9525570228091237,0.7998559423769507,0.8742411768609891,0.28441776710684274,,,,,,,,,,
B,bolivia/tile424,50,9,combination conf+dihedral (prereg),0.13854479488713817,0.1194878803894384,0.5,0.020960568175577246,-0.05244060141565805,-0.06637623005229035,0.15514326158094288,,,,,,,,,,,,,,,
B,bolivia/tile426,225,7,confidence (baseline),0.0016398317517325942,0.0010817510946278122,-6.517574773364597,0.0,0.0001784392127295682,0.02947127935937851,-0.00047446479097943523,,,,,,,,,,,,,,,
B,bolivia/tile426,225,7,tile-phase (aligned),0.0018182709644621623,0.0012601903073573804,0.01339094900624736,-0.0001784392127295682,0.0,0.02929284014664894,-0.0006529040037090034,,,,,,,,,,,,,,,
B,bolivia/tile426,225,7,boundary indicator,0.031111111111111103,0.03055303045400632,0.0,-0.02947127935937851,-0.02929284014664894,0.0,-0.029945744150357945,,,,,,,,,,,,,,,
B,bolivia/tile426,225,7,control NDWI gradient,0.0011653669607531588,0.000607286303648377,0.042350257741554584,0.00047446479097943523,0.0006529040037090034,0.029945744150357945,0.0,,,,,,,,,,,,,,,
B,bolivia/tile426,225,7,constant score,0.031111111111111103,0.03055303045400632,0.0,-0.02947127935937851,-0.02929284014664894,0.0,-0.029945744150357945,,,,,,,,,,,,,,,
B,bolivia/tile426,225,7,control S2 patch variance,0.008458067036274062,0.00789998637916928,108.74621285538207,-0.006818235284541468,-0.0066397960718119,0.02265304407483704,-0.007292700075520904,,,,,,,,,,,,,,,
B,bolivia/tile426,225,7,control NDWI level,0.001981520210429139,0.0014234395533243571,-0.4587599373151676,-0.00034168845869654487,-0.00016324924596697668,0.029129590900681963,-0.0008161532496759801,,,,,,,,,,,,,,,
B,bolivia/tile426,225,7,dihedral consistency (8 transforms),0.0010756125126073265,0.0005175318555025447,0.00983369649485111,0.0005642192391252676,0.0007426584518548358,0.030035498598503775,8.975444814583234e-05,,0.9650821744627065,0.9052697008006748,nan,0.7994121365360303,,,,,,,,,,
B,bolivia/tile426,225,7,"boundary first, then confidence",0.0016398317517325942,0.0010817510946278122,0.5,0.0,0.0001784392127295682,0.02947127935937851,-0.00047446479097943523,,1.0,0.9233185840707968,nan,0.7879487989886222,,,,,,,,,,
B,bolivia/tile426,225,7,combination conf+dihedral (prereg),0.0012939518867807409,0.000735871229675959,0.5,0.0003458798649518532,0.0005243190776814214,0.029817159224330363,-0.00012858492602758204,,,,,,,,,,,,,,,
B,bolivia/tile428,225,5,confidence (baseline),0.0005605352678078182,0.00026246337552155845,-6.8955079507827755,0.0,0.0005353554089646028,0.0216616869544144,0.0066922286639481245,,,,,,,,,,,,,,,
B,bolivia/tile428,225,5,tile-phase (aligned),0.0010958906767724208,0.0007978187844861612,0.011400016551389044,-0.0005353554089646028,0.0,0.021126331545449798,0.0061568732549835215,,,,,,,,,,,,,,,
B,bolivia/tile428,225,5,boundary indicator,0.02222222222222222,0.02192415032993596,0.0,-0.0216616869544144,-0.021126331545449798,0.0,-0.014969458290466277,,,,,,,,,,,,,,,
B,bolivia/tile428,225,5,control NDWI gradient,0.007252763931755943,0.006954692039469683,0.03153089140984665,-0.0066922286639481245,-0.0061568732549835215,0.014969458290466277,0.0,,,,,,,,,,,,,,,
B,bolivia/tile428,225,5,constant score,0.02222222222222222,0.02192415032993596,0.0,-0.0216616869544144,-0.021126331545449798,0.0,-0.014969458290466277,,,,,,,,,,,,,,,
B,bolivia/tile428,225,5,control S2 patch variance,0.024299485913009736,0.024001414020723477,83.20151653116937,-0.023738950645201918,-0.023203595236237315,-0.002077263690787517,-0.017046721981253794,,,,,,,,,,,,,,,
B,bolivia/tile428,225,5,control NDWI level,0.0003989008279258319,0.00010082893563957218,-0.46697859031628103,0.00016163443988198627,0.000696989848846589,0.021823321394296387,0.006853863103830111,,,,,,,,,,,,,,,
B,bolivia/tile428,225,5,dihedral consistency (8 transforms),0.0006435963526414134,0.00034552446035515373,0.007455983905618066,-8.306108483359528e-05,0.00045229432413100747,0.021578625869580807,0.006609167579114529,,0.9271649810366626,0.8167699115044246,nan,0.7808312262958281,,,,,,,,,,
B,bolivia/tile428,225,5,"boundary first, then confidence",0.0005605352678078182,0.00026246337552155845,0.5,0.0,0.0005353554089646028,0.0216616869544144,0.0066922286639481245,,1.0,0.8409091866835232,nan,0.7449030762747577,,,,,,,,,,
B,bolivia/tile428,225,5,combination conf+dihedral (prereg),0.0005198062424679613,0.00022173435018170163,0.5,4.072902533985682e-05,0.0005760844343044595,0.02170241597975426,0.006732957689287981,,,,,,,,,,,,,,,
B,bolivia/tile429,225,3,confidence (baseline),0.0003431802079659703,0.00022430816487868058,-6.440017849604288,0.0,0.0004156288770328036,-3.319166006036662e-06,0.00508294230582726,,,,,,,,,,,,,,,
B,bolivia/tile429,225,3,tile-phase (aligned),0.0007588090849987739,0.0006399370419114842,0.013015801112681705,-0.0004156288770328036,0.0,-0.0004189480430388403,0.004667313428794457,,,,,,,,,,,,,,,
B,bolivia/tile429,225,3,boundary indicator,0.00033986104195993363,0.00022098899887264392,0.014444444444444444,3.319166006036662e-06,0.0004189480430388403,0.0,0.005086261471833297,,,,,,,,,,,,,,,
B,bolivia/tile429,225,3,control NDWI gradient,0.00542612251379323,0.005307250470705941,0.03913913960054134,-0.00508294230582726,-0.004667313428794457,-0.005086261471833297,0.0,,,,,,,,,,,,,,,
B,bolivia/tile429,225,3,constant score,0.013333333333333334,0.013214461290246044,0.0,-0.012990153125367363,-0.01257452424833456,-0.0129934722913734,-0.007907210819540104,,,,,,,,,,,,,,,
B,bolivia/tile429,225,3,control S2 patch variance,0.017360304495649046,0.017241432452561756,99.03579629099526,-0.017017124287683077,-0.01660149541065027,-0.017020443453689114,-0.011934181981855816,,,,,,,,,,,,,,,
B,bolivia/tile429,225,3,control NDWI level,0.0002589264698075038,0.0001400544267202141,-0.48359255614698554,8.425373815846649e-05,0.0004998826151912701,8.093457215242983e-05,0.005167196043985726,,,,,,,,,,,,,,,
B,bolivia/tile429,225,3,dihedral consistency (8 transforms),0.0005689744478059694,0.00045010240471867965,0.010970143939735458,-0.00022579423983999907,0.00018983463719280454,-0.00022911340584603573,0.004857148065987261,,0.942459966287401,0.8209629161399075,0.3251138899011401,0.6816582385166459,,,,,,,,,,
B,bolivia/tile429,225,3,"boundary first, then confidence",0.0001792046916552324,6.0332648567942696e-05,0.58,0.00016397551631073789,0.0005796043933435415,0.00016065635030470122,0.005246917822137998,,0.9997345132743363,0.8402633796881585,0.3393385923093374,0.6975695322376742,,,,,,,,,,
B,bolivia/tile429,225,3,combination conf+dihedral (prereg),0.00042533891466507706,0.00030646687157778735,0.5,-8.215870669910677e-05,0.00033347017033369684,-8.547787270514343e-05,0.005000783599128153,,,,,,,,,,,,,,,
B,bolivia/tile431,225,4,confidence (baseline),0.00031881018459317944,0.00012039352107935599,-5.352326857248942,0.0,0.00010599245796699805,0.00463570447547459,0.004759143792817342,,,,,,,,,,,,,,,
B,bolivia/tile431,225,4,tile-phase (aligned),0.0004248026425601775,0.00022638597904635403,0.022790631479882802,-0.00010599245796699805,0.0,0.004529712017507592,0.004653151334850343,,,,,,,,,,,,,,,
B,bolivia/tile431,225,4,boundary indicator,0.00495451466006777,0.004756097996553946,0.024444444444444446,-0.00463570447547459,-0.004529712017507592,0.0,0.0001234393173427514,,,,,,,,,,,,,,,
B,bolivia/tile431,225,4,control NDWI gradient,0.005077953977410521,0.0048795373138966975,0.04274410935616602,-0.004759143792817342,-0.004653151334850343,-0.0001234393173427514,0.0,,,,,,,,,,,,,,,
B,bolivia/tile431,225,4,constant score,0.017777777777777778,0.017579361114263954,0.0,-0.017458967593184598,-0.0173529751352176,-0.012823263117710008,-0.012699823800367258,,,,,,,,,,,,,,,
B,bolivia/tile431,225,4,control S2 patch variance,0.02401951019610303,0.023821093532589207,97.14057529192839,-0.02370070001150985,-0.023594707553542853,-0.01906499553603526,-0.01894155621869251,,,,,,,,,,,,,,,
B,bolivia/tile431,225,4,control NDWI level,0.000605136653245023,0.00040671998973119955,-0.410011575358784,-0.00028632646865184357,-0.00018033401068484552,0.0043493780068227465,0.004472817324165498,,,,,,,,,,,,,,,
B,bolivia/tile431,225,4,dihedral consistency (8 transforms),0.00019841666351382345,0.0,0.015181036967987893,0.00012039352107935599,0.00022638597904635403,0.004756097996553946,0.0048795373138966975,,0.9590476190476189,0.8570933417614842,0.36468445517774617,0.6259882005899705,,,,,,,,,,
B,bolivia/tile431,225,4,"boundary first, then confidence",0.0006117260811860435,0.00041330941767222005,0.6688888888888889,-0.00029291589659286406,-0.00018692343862586601,0.004342788578881726,0.004466227896224477,,0.9804572271386429,0.8584597555836491,0.48165805464194283,0.6142477876106187,,,,,,,,,,
B,bolivia/tile431,225,4,combination conf+dihedral (prereg),0.00019841666351382345,0.0,0.5,0.00012039352107935599,0.00022638597904635403,0.004756097996553946,0.0048795373138966975,,,,,,,,,,,,,,,
B,bolivia/tile432,225,9,confidence (baseline),0.003922846298667917,0.0030232065793973097,-5.820146112971836,0.0,-0.00044750431407138917,0.00719609288105297,0.00720677298310444,,,,,,,,,,,,,,,
B,bolivia/tile432,225,9,tile-phase (aligned),0.0034753419845965274,0.0025757022653259205,0.017825205433748326,0.00044750431407138917,0.0,0.00764359719512436,0.00765427729717583,,,,,,,,,,,,,,,
B,bolivia/tile432,225,9,boundary indicator,0.011118939179720887,0.01021929946045028,0.017777777777777778,-0.00719609288105297,-0.00764359719512436,0.0,1.0680102051470464e-05,,,,,,,,,,,,,,,
B,bolivia/tile432,225,9,control NDWI gradient,0.011129619281772358,0.01022997956250175,0.03937977772339634,-0.00720677298310444,-0.00765427729717583,-1.0680102051470464e-05,0.0,,,,,,,,,,,,,,,
B,bolivia/tile432,225,9,constant score,0.04,0.03910036028072939,0.0,-0.03607715370133208,-0.03652465801540347,-0.028881060820279112,-0.02887038071822764,,,,,,,,,,,,,,,
B,bolivia/tile432,225,9,control S2 patch variance,0.04296226584181448,0.04206262612254387,94.8833845343011,-0.03903941954314656,-0.03948692385721795,-0.03184332666209359,-0.031832646560042116,,,,,,,,,,,,,,,
B,bolivia/tile432,225,9,control NDWI level,0.002921834544841978,0.002022194825571371,-0.35976824051731804,0.0010010117538259387,0.0005535074397545496,0.008197104634878908,0.008207784736930379,,,,,,,,,,,,,,,
B,bolivia/tile432,225,9,dihedral consistency (8 transforms),0.004173210219755016,0.0032735705004844095,0.012806555414317699,-0.0002503639210870998,-0.000697868235158489,0.006945728959965871,0.006956409062017341,,0.9650695322376739,0.93160029498525,0.41604116004354963,0.5958902233459753,,,,,,,,,,
B,bolivia/tile432,225,9,"boundary first, then confidence",0.00320143560806238,0.002301795888791773,0.66,0.0007214106906055368,0.0002739063765341476,0.007917503571658506,0.007928183673709977,,0.9957711757269275,0.9303782132321948,0.46999912969841895,0.5984049726085118,,,,,,,,,,
B,bolivia/tile432,225,9,combination conf+dihedral (prereg),0.003954413424469146,0.003054773705198539,0.5,-3.156712580122938e-05,-0.00047907143987261855,0.007164525755251741,0.0071752058573032115,,,,,,,,,,,,,,,
B,bolivia/tile434,225,9,confidence (baseline),0.0019501330289522104,0.0010504933096816035,-5.603542087078094,0.0,-5.345206551519359e-05,-0.000958882820615859,0.0153475682148673,,,,,,,,,,,,,,,
B,bolivia/tile434,225,9,tile-phase (aligned),0.0018966809634370168,0.00099704124416641,0.02583403284178025,5.345206551519359e-05,0.0,-0.0009054307551006654,0.015401020280382493,,,,,,,,,,,,,,,
B,bolivia/tile434,225,9,boundary indicator,0.0009912502083363514,9.16104890657445e-05,0.051111111111111114,0.000958882820615859,0.0009054307551006654,0.0,0.016306451035483158,,,,,,,,,,,,,,,
B,bolivia/tile434,225,9,control NDWI gradient,0.01729770124381951,0.016398061524548903,0.039747571868404684,-0.0153475682148673,-0.015401020280382493,-0.016306451035483158,0.0,,,,,,,,,,,,,,,
B,bolivia/tile434,225,9,constant score,0.04,0.03910036028072939,0.0,-0.038049866971047785,-0.038103319036562985,-0.03900874979166365,-0.02270229875618049,,,,,,,,,,,,,,,
B,bolivia/tile434,225,9,control S2 patch variance,0.0687314438272691,0.0678318041079985,116.32703814275534,-0.0667813107983169,-0.06683476286383208,-0.06774019361893276,-0.05143374258344959,,,,,,,,,,,,,,,
B,bolivia/tile434,225,9,control NDWI level,0.0012929234104696221,0.00039328369119901526,-0.3763447242813617,0.0006572096184825882,0.0006037575529673947,-0.00030167320213327076,0.016004777833349887,,,,,,,,,,,,,,,
B,bolivia/tile434,225,9,dihedral consistency (8 transforms),0.003006941728446594,0.002107302009175987,0.02415835946633605,-0.0010568086994943834,-0.001110260765009577,-0.002015691520110242,0.014290759515372916,,0.9704782975136954,0.9127897176569743,0.508045638562554,0.39537399915718496,,,,,,,,,,
B,bolivia/tile434,225,9,"boundary first, then confidence",0.0015027584418845666,0.0006031187226139597,0.8022222222222222,0.0004473745870676438,0.0003939225215524502,-0.0005115082335482152,0.01579494280193494,,0.9763158449220395,0.9143257479983142,0.6216030212255165,0.4319490096923722,,,,,,,,,,
B,bolivia/tile434,225,9,combination conf+dihedral (prereg),0.0022445034648668517,0.0013448637455962449,0.5,-0.00029437043591464137,-0.00034782250142983496,-0.0012532532565305004,0.015053197778952658,,,,,,,,,,,,,,,
B,bolivia/tile435,225,4,confidence (baseline),0.0004212210884161471,0.00022280442490232367,-7.288285356097751,0.0,0.0004128597796631949,0.01735655668936163,0.0012540885790803858,,,,,,,,,,,,,,,
B,bolivia/tile435,225,4,tile-phase (aligned),0.0008340808680793421,0.0006356642045655186,0.007740216341788053,-0.0004128597796631949,0.0,0.016943696909698436,0.0008412287994171909,,,,,,,,,,,,,,,
B,bolivia/tile435,225,4,boundary indicator,0.017777777777777778,0.017579361114263954,0.0,-0.01735655668936163,-0.016943696909698436,0.0,-0.016102468110281244,,,,,,,,,,,,,,,
B,bolivia/tile435,225,4,control NDWI gradient,0.001675309667496533,0.0014768930039827095,0.03197482452263204,-0.0012540885790803858,-0.0008412287994171909,0.016102468110281244,0.0,,,,,,,,,,,,,,,
B,bolivia/tile435,225,4,constant score,0.017777777777777778,0.017579361114263954,0.0,-0.01735655668936163,-0.016943696909698436,0.0,-0.016102468110281244,,,,,,,,,,,,,,,
B,bolivia/tile435,225,4,control S2 patch variance,0.005893608944000241,0.005695192280486417,91.1596532134838,-0.005472387855584094,-0.005059528075920899,0.011884168833777537,-0.004218299276503707,,,,,,,,,,,,,,,
B,bolivia/tile435,225,4,control NDWI level,0.0003995351013429799,0.00020111843782915647,-0.5144858732811685,2.16859870731672e-05,0.0004345457667363621,0.0173782426764348,0.001275774566153553,,,,,,,,,,,,,,,
B,bolivia/tile435,225,4,dihedral consistency (8 transforms),0.0005425379243157415,0.00034412126080191806,0.0045673863298119005,-0.00012131683589959439,0.0002915429437636005,0.017235239853462037,0.0011327717431807915,,0.9529509060261275,0.8317983565107451,nan,0.7764791403286978,,,,,,,,,,
B,bolivia/tile435,225,4,"boundary first, then confidence",0.0004212210884161471,0.00022280442490232367,0.5,0.0,0.0004128597796631949,0.01735655668936163,0.0012540885790803858,,1.0,0.8420353982300884,nan,0.7574504846186262,,,,,,,,,,
B,bolivia/tile435,225,4,combination conf+dihedral (prereg),0.0004306719089134793,0.00023225524539965584,0.5,-9.450820497332172e-06,0.00040340895916586274,0.017347105868864298,0.0012446377585830536,,,,,,,,,,,,,,,
B,bolivia/tile437,225,9,confidence (baseline),0.0026587611187565766,0.0017591213994859697,-7.2856649086210465,0.0,-0.00020061005821006214,-0.00022610687064546957,0.0014803721597224538,,,,,,,,,,,,,,,
B,bolivia/tile437,225,9,tile-phase (aligned),0.0024581510605465144,0.0015585113412759075,0.016321375166226063,0.00020061005821006214,0.0,-2.549681243540743e-05,0.001680982217932516,,,,,,,,,,,,,,,
B,bolivia/tile437,225,9,boundary indicator,0.002432654248111107,0.0015330145288405001,0.035555555555555556,0.00022610687064546957,2.549681243540743e-05,0.0,0.0017064790303679233,,,,,,,,,,,,,,,
B,bolivia/tile437,225,9,control NDWI gradient,0.00413913327847903,0.0032394935592084235,0.02870951119686367,-0.0014803721597224538,-0.001680982217932516,-0.0017064790303679233,0.0,,,,,,,,,,,,,,,
B,bolivia/tile437,225,9,constant score,0.04,0.03910036028072939,0.0,-0.037341238881243424,-0.03754184893945348,-0.03756734575188889,-0.035860866721520966,,,,,,,,,,,,,,,
B,bolivia/tile437,225,9,control S2 patch variance,0.029626610226487025,0.02872697050721642,78.73450964141152,-0.026967849107730448,-0.02716845916594051,-0.02719395597837592,-0.025487476948007997,,,,,,,,,,,,,,,
B,bolivia/tile437,225,9,control NDWI level,0.0026935029883427527,0.0017938632690721458,-0.5146945196647223,-3.4741869586176095e-05,-0.00023535192779623824,-0.00026084874023164567,0.0014456302901362777,,,,,,,,,,,,,,,
B,bolivia/tile437,225,9,dihedral consistency (8 transforms),0.0027775388324568794,0.0018778991131862726,0.008345569227167289,-0.00011877771370030288,-0.000319387771910365,-0.00034488458434577245,0.001361594446022151,,0.936331647703329,0.8237220817530553,0.5517472455260254,0.7444816687737038,,,,,,,,,,
B,bolivia/tile437,225,9,"boundary first, then confidence",0.0018734649977306974,0.0009738252784600905,0.7488888888888889,0.0007852961210258792,0.0005846860628158171,0.0005591892503804096,0.0022656682807483328,,0.9988495575221238,0.8607153392330381,0.5722344485865204,0.7429024441635063,,,,,,,,,,
B,bolivia/tile437,225,9,combination conf+dihedral (prereg),0.002612689258700726,0.001713049539430119,0.5,4.6071860055850716e-05,-0.00015453819815421143,-0.00018003501058961886,0.0015264440197783045,,,,,,,,,,,,,,,
B,bolivia/tile438,225,4,confidence (baseline),0.0007990602788644546,0.0006006436153506312,-6.12121261437734,0.0,0.00019643398481399054,0.016978717498913325,0.006582051569945036,,,,,,,,,,,,,,,
B,bolivia/tile438,225,4,tile-phase (aligned),0.0009954942636784452,0.0007970776001646218,0.012514969242112987,-0.00019643398481399054,0.0,0.01678228351409933,0.006385617585131046,,,,,,,,,,,,,,,
B,bolivia/tile438,225,4,boundary indicator,0.017777777777777778,0.017579361114263954,0.0,-0.016978717498913325,-0.01678228351409933,0.0,-0.010396665928968287,,,,,,,,,,,,,,,
B,bolivia/tile438,225,4,control NDWI gradient,0.007381111848809491,0.007182695185295667,0.046542851159278927,-0.006582051569945036,-0.006385617585131046,0.010396665928968287,0.0,,,,,,,,,,,,,,,
B,bolivia/tile438,225,4,constant score,0.017777777777777778,0.017579361114263954,0.0,-0.016978717498913325,-0.01678228351409933,0.0,-0.010396665928968287,,,,,,,,,,,,,,,
B,bolivia/tile438,225,4,control S2 patch variance,0.030079401416312025,0.0298809847527982,105.61609894779589,-0.02928034113744757,-0.02908390715263358,-0.012301623638534247,-0.022698289567502535,,,,,,,,,,,,,,,
B,bolivia/tile438,225,4,control NDWI level,0.0010393369458189996,0.0008409202823051762,-0.40116859193973714,-0.00024027666695454497,-4.384268214055443e-05,0.016738440831958776,0.006341774902990491,,,,,,,,,,,,,,,
B,bolivia/tile438,225,4,dihedral consistency (8 transforms),0.0004428354367384065,0.00024441877322458304,0.01232362036351939,0.0003562248421260482,0.0005526588269400387,0.01733494234103937,0.006938276412071084,,0.9598240623683097,0.8580541508638851,nan,0.5571934260429834,,,,,,,,,,
B,bolivia/tile438,225,4,"boundary first, then confidence",0.0007990602788644546,0.0006006436153506312,0.5,0.0,0.00019643398481399054,0.016978717498913325,0.006582051569945036,,1.0,0.845757479983144,nan,0.536961651917404,,,,,,,,,,
B,bolivia/tile438,225,4,combination conf+dihedral (prereg),0.0006290179230588011,0.00043060125954497765,0.5,0.00017004235580565357,0.0003664763406196441,0.017148759854718976,0.0067520939257506895,,,,,,,,,,,,,,,
B,bolivia/tile440,225,10,confidence (baseline),0.002533588943395981,0.001432352905953273,-6.230327484342787,0.0,-0.001266289347536029,0.041910855501048457,0.0003056756491513395,,,,,,,,,,,,,,,
B,bolivia/tile440,225,10,tile-phase (aligned),0.001267299595859952,0.00016606355841724402,0.006924645485337856,0.001266289347536029,0.0,0.04317714484858449,0.0015719649966873684,,,,,,,,,,,,,,,
B,bolivia/tile440,225,10,boundary indicator,0.04444444444444444,0.04334320840700173,0.0,-0.041910855501048457,-0.04317714484858449,0.0,-0.04160517985189712,,,,,,,,,,,,,,,
B,bolivia/tile440,225,10,control NDWI gradient,0.0028392645925473204,0.0017380285551046124,0.03956063561350015,-0.0003056756491513395,-0.0015719649966873684,0.04160517985189712,0.0,,,,,,,,,,,,,,,
B,bolivia/tile440,225,10,constant score,0.04444444444444444,0.04334320840700173,0.0,-0.041910855501048457,-0.04317714484858449,0.0,-0.04160517985189712,,,,,,,,,,,,,,,
B,bolivia/tile440,225,10,control S2 patch variance,0.02197975288135322,0.020878516843910514,104.85711035204741,-0.019446163937957242,-0.02071245328549327,0.022464691563091218,-0.0191404882888059,,,,,,,,,,,,,,,
B,bolivia/tile440,225,10,control NDWI level,0.0014801842928350542,0.0003789482553923462,-0.38029553986554515,0.0010534046505609267,-0.0002128846969751022,0.04296426015160939,0.0013590802997122662,,,,,,,,,,,,,,,
B,bolivia/tile440,225,10,dihedral consistency (8 transforms),0.001788357319587291,0.000687121282144583,0.008046786225188245,0.0007452316238086899,-0.000521057723727339,0.04265608712485715,0.0010509072729600294,,0.9474915718499793,0.7952517909818789,nan,0.35056890012642217,,,,,,,,,,
B,bolivia/tile440,225,10,"boundary first, then confidence",0.002533588943395981,0.001432352905953273,0.5,0.0,-0.001266289347536029,0.041910855501048457,0.0003056756491513395,,1.0,0.8236156763590401,nan,0.32603034134007586,,,,,,,,,,
B,bolivia/tile440,225,10,combination conf+dihedral (prereg),0.0018904621562987375,0.0007892261188560295,0.5,0.0006431267870972434,-0.0006231625604387855,0.042553982288145706,0.0009488024362485829,,,,,,,,,,,,,,,
