testbed,tile,N,C,B,D,gain,acc_w1,acc_seg,n_segments,purity,majority_correct_given_pure
bolivia,0,2463,128,18,146,0.044660982541615914,0.9305724725943971,0.975233455136013,11,0.7777777777777778,0.8571428571428571
bolivia,1,2909,21,31,52,-0.0034376074252320385,0.9721553798556205,0.9687177724303885,64,0.6530612244897959,0.96875
bolivia,2,2725,2,2,4,0.0,0.9977981651376147,0.9977981651376147,39,0.9411764705882353,1.0
bolivia,3,3249,25,53,78,-0.008618036318867343,0.938134810710988,0.9295167743921207,140,0.7473684210526316,0.8591549295774648
bolivia,4,3249,32,19,51,0.0040012311480455524,0.9575253924284395,0.9615266235764851,192,0.8543689320388349,0.875
bolivia,5,3249,16,20,36,-0.0012311480455524776,0.9316712834718375,0.930440135426285,156,0.8252427184466019,0.7647058823529411
bolivia,6,3249,0,11,11,-0.003385657125269314,0.9987688519544475,0.9953831948291783,44,0.96875,1.0
bolivia,7,971,0,0,0,0.0,0.9742533470648815,0.9742533470648815,54,0.8461538461538461,1.0
bolivia,8,3249,28,51,79,-0.007079101261926747,0.9722991689750693,0.9652200677131425,129,0.8421052631578947,0.96875
bolivia,9,3249,10,14,24,-0.0012311480455524776,0.9485995690981841,0.9473684210526316,164,0.8539325842696629,0.8289473684210527
bolivia,10,2454,35,4,39,0.01263243683781581,0.9555827220863896,0.9682151589242054,46,0.7647058823529411,1.0
bolivia,11,3249,40,1,41,0.012003693444136657,0.9861495844875346,0.9981532779316713,110,0.9827586206896551,1.0
bolivia,12,3249,19,23,42,-0.0012311480455524776,0.9744536780547861,0.9732225300092336,157,0.9146341463414634,0.96
bolivia,13,3249,63,4,67,0.018159433671899046,0.9615266235764851,0.9796860572483841,109,0.9428571428571428,0.9545454545454546
bolivia,14,2575,60,31,91,0.011262135922330097,0.7895145631067961,0.8007766990291262,170,0.6813186813186813,0.6935483870967742
bolivia,15,2967,128,21,149,0.03606336366700371,0.8968655207280081,0.9329288843950118,65,0.8048780487804879,0.9393939393939394
bolivia,16,1209,58,146,204,-0.07278742762613731,0.7783291976840364,0.7055417700578991,54,0.47368421052631576,0.5555555555555556
bolivia,17,2909,18,19,37,-0.00034376074252320387,0.9749054657958062,0.9745617050532829,66,0.8421052631578947,0.9375
bolivia,18,3245,0,0,0,0.0,1.0,1.0,118,1.0,1.0
bolivia,19,2833,27,100,127,-0.025767737380868336,0.924108718672785,0.8983409812919168,181,0.8738738738738738,0.9587628865979382
bolivia,20,3249,4,11,15,-0.0021545090797168358,0.9787626962142197,0.9766081871345029,131,0.8588235294117647,0.9452054794520548
bolivia,21,3249,40,32,72,0.0024622960911049553,0.9208987380732533,0.9233610341643582,163,0.8867924528301887,0.9042553191489362
bolivia,22,3249,97,50,147,0.014465989535241613,0.7168359495229302,0.7313019390581718,207,0.6230769230769231,0.7037037037037037
bolivia,23,3249,112,305,417,-0.05940289319790705,0.7060634041243459,0.646660510926439,273,0.8656716417910447,0.6293103448275862
bolivia,24,3249,23,24,47,-0.0003077870113881194,0.7854724530624808,0.7851646660510927,307,0.75,0.6518518518518519
bolivia,25,3249,10,2,12,0.0024622960911049553,0.9833795013850416,0.9858417974761465,199,0.9405940594059405,0.968421052631579
bolivia,26,3231,11,3,14,0.0024760136180748994,0.9721448467966574,0.9746208604147323,110,0.9142857142857143,0.953125
bolivia,27,397,25,16,41,0.022670025188916875,0.7707808564231738,0.7934508816120907,61,1.0,0.6875
bolivia,28,677,19,6,25,0.019202363367799114,0.7341211225997046,0.7533234859675038,44,0.8333333333333334,0.7
bolivia,29,3249,0,1,1,-0.0003077870113881194,0.8679593721144968,0.8676515851031086,306,0.7471264367816092,0.8769230769230769
bolivia,30,3249,230,18,248,0.06525084641428132,0.8642659279778393,0.9295167743921207,180,0.75,0.8055555555555556
bolivia,31,3249,0,35,35,-0.01077254539858418,0.9042782394582949,0.8935056940597107,190,0.8686868686868687,0.9651162790697675
bolivia,32,3243,0,0,0,0.0,0.9864323157570151,0.9864323157570151,132,0.9080459770114943,1.0
bolivia,33,3144,38,13,51,0.007951653944020356,0.8874045801526718,0.8953562340966921,153,0.7570093457943925,0.9135802469135802
bolivia,34,2289,24,35,59,-0.004805591961555264,0.9335954565312363,0.928789864569681,100,0.8823529411764706,0.95
bolivia,35,2249,49,50,99,-0.00044464206313917296,0.879057358826145,0.8786127167630058,55,0.8536585365853658,0.6857142857142857
bolivia,36,2166,0,0,0,0.0,0.9995383194829178,0.9995383194829178,101,0.9811320754716981,1.0
bolivia,37,3249,29,55,84,-0.008002462296091105,0.9387503847337643,0.9307479224376731,205,0.9784172661870504,0.9558823529411765
bolivia,38,3243,61,131,192,-0.021584952204748688,0.9167437557816837,0.8951588035769349,101,0.7246376811594203,0.94
bolivia,39,317,17,11,28,0.01892744479495268,0.8138801261829653,0.832807570977918,119,0.7894736842105263,0.8
bolivia,40,7,0,0,0,0.0,1.0,1.0,23,1.0,1.0
bolivia,41,598,17,13,30,0.006688963210702341,0.9046822742474916,0.9113712374581939,38,0.46153846153846156,0.6666666666666666
bolivia,42,3249,10,3,13,0.0021545090797168358,0.9938442597722376,0.9959987688519545,120,0.9178082191780822,1.0
bolivia,43,3249,0,0,0,0.0,0.982148353339489,0.982148353339489,252,0.9663865546218487,1.0
bolivia,44,2501,28,48,76,-0.007996801279488205,0.850859656137545,0.8428628548580568,83,0.8085106382978723,0.8947368421052632
bolivia,45,490,29,41,70,-0.024489795918367346,0.4387755102040817,0.41428571428571426,53,0.8823529411764706,0.13333333333333333
bolivia,46,313,2,24,26,-0.07028753993610223,0.33226837060702874,0.2619808306709265,84,0.7777777777777778,0.2857142857142857
bolivia,48,1288,0,0,0,0.0,0.9976708074534162,0.9976708074534162,82,0.9166666666666666,1.0
bolivia,49,3249,4,11,15,-0.0021545090797168358,0.9418282548476454,0.9396737457679286,163,0.7314814814814815,0.9367088607594937
bolivia,50,3249,32,39,71,-0.0021545090797168358,0.9168975069252078,0.914742997845491,134,0.5921052631578947,0.9555555555555556
bolivia,51,3249,19,68,87,-0.015081563558017852,0.8959679901508156,0.8808864265927978,156,0.7560975609756098,0.9193548387096774
bolivia,52,73,0,11,11,-0.1506849315068493,0.7945205479452055,0.6438356164383562,57,1.0,0.3333333333333333
bolivia,53,185,11,0,11,0.05945945945945946,0.9405405405405405,1.0,87,1.0,1.0
bolivia,54,662,15,23,38,-0.012084592145015106,0.877643504531722,0.8655589123867069,112,1.0,0.5238095238095238
bolivia,55,1158,80,4,84,0.06563039723661486,0.8618307426597582,0.927461139896373,75,1.0,0.875
bolivia,56,2688,127,73,200,0.020089285714285716,0.8865327380952381,0.9066220238095238,53,0.7027027027027027,0.7692307692307693
bolivia,57,3249,12,7,19,0.0015389350569405972,0.9633733456448138,0.9649122807017544,113,0.8405797101449275,0.8793103448275862
bolivia,58,3241,117,30,147,0.026843566800370255,0.9136069114470843,0.9404504782474545,142,0.7835051546391752,0.8157894736842105
bolivia,59,1959,9,18,27,-0.004594180704441042,0.9821337417049515,0.9775395610005104,56,0.9722222222222222,1.0
bolivia,60,2249,35,74,109,-0.017341040462427744,0.8875055580257892,0.8701645175633614,60,0.6818181818181818,0.8
bolivia,61,2990,15,60,75,-0.015050167224080268,0.9377926421404682,0.922742474916388,105,0.9102564102564102,0.9154929577464789
bolivia,62,1526,30,83,113,-0.03473132372214941,0.8630406290956749,0.8283093053735255,103,0.7894736842105263,0.7333333333333333
bolivia,63,2509,19,17,36,0.0007971303308090873,0.9752889597449182,0.9760860900757273,87,0.8709677419354839,0.9074074074074074
bolivia,64,3058,25,11,36,0.004578155657292348,0.9310006540222368,0.9355788096795291,128,0.7926829268292683,0.6923076923076923
bolivia,65,2732,49,23,72,0.00951683748169839,0.9238653001464129,0.9333821376281113,150,0.8037383177570093,0.9302325581395349
bolivia,66,3248,39,88,127,-0.015086206896551725,0.9221059113300493,0.9070197044334976,117,0.7529411764705882,0.953125
bolivia,67,2420,46,45,91,0.00041322314049586776,0.8876033057851239,0.8880165289256199,89,0.8113207547169812,0.8837209302325582
bolivia,68,3249,44,107,151,-0.019390581717451522,0.9184364419821484,0.8990458602646968,433,0.9295154185022027,0.9146919431279621
bolivia,69,3249,17,39,56,-0.006771314250538628,0.9578331794398276,0.951061865189289,276,0.8951048951048951,0.96875
bolivia,70,3249,67,45,112,0.006771314250538628,0.9301323484148969,0.9369036626654356,216,0.7938931297709924,0.875
bolivia,71,3249,15,26,41,-0.003385657125269314,0.9569098184056632,0.953524161280394,371,0.8852459016393442,0.9691358024691358
bolivia,72,2441,39,58,97,-0.0077836952068824255,0.9250307251126587,0.9172470299057763,179,0.8679245283018868,0.9456521739130435
bolivia,73,2011,2,12,14,-0.004972650422675286,0.9880656389855793,0.9830929885629041,107,0.9841269841269841,1.0
bolivia,74,2221,11,16,27,-0.0022512381809995496,0.984691580369203,0.9824403421882035,141,0.96,0.9861111111111112
bolivia,75,3249,66,101,167,-0.01077254539858418,0.4013542628501078,0.3905817174515236,170,0.8875,0.5774647887323944
bolivia,76,3249,14,42,56,-0.008618036318867343,0.9698368728839643,0.961218836565097,356,0.9045226130653267,0.9777777777777777
bolivia,77,3249,10,12,22,-0.0006155740227762388,0.9873807325330871,0.9867651585103109,159,0.9680851063829787,1.0
bolivia,78,3249,30,16,46,0.0043090181594336715,0.9642967066789782,0.9686057248384118,223,0.8731343283582089,0.8717948717948718
bolivia,79,3249,33,26,59,0.0021545090797168358,0.9642967066789782,0.966451215758695,358,0.9352941176470588,0.9874213836477987
bolivia,80,3249,42,44,86,-0.0006155740227762388,0.9365958756540473,0.9359803016312711,342,0.8317307692307693,0.884393063583815
bolivia,81,3249,66,40,106,0.008002462296091105,0.9473684210526316,0.9553708833487227,352,0.9190751445086706,0.9308176100628931
bolivia,82,3249,79,32,111,0.014465989535241613,0.8855032317636196,0.8999692212988611,267,0.7265625,0.8924731182795699
bolivia,83,3249,3,6,9,-0.0009233610341643582,0.9901508156355802,0.9892274546014158,90,0.9583333333333334,1.0
bolivia,84,3249,162,50,212,0.03447214527546937,0.8941212680824869,0.9285934133579563,110,0.7066666666666667,0.9433962264150944
bolivia,85,3249,27,186,213,-0.048938134810710986,0.8399507540781779,0.7910126192674669,151,0.9418604651162791,0.8765432098765432
bolivia,86,3249,168,57,225,0.034164358264081256,0.5989535241612804,0.6331178824253616,255,0.7586206896551724,0.37272727272727274
bolivia,87,3249,7,31,38,-0.007386888273314866,0.9630655586334257,0.9556786703601108,122,0.8840579710144928,1.0
bolivia,88,2971,85,81,166,0.0013463480309660047,0.8333894311679569,0.834735779198923,56,0.7142857142857143,0.9
bolivia,89,3249,9,112,121,-0.0317020621729763,0.8796552785472453,0.847953216374269,140,0.9512195121951219,0.9102564102564102
bolivia,90,3168,152,125,277,0.008522727272727272,0.8424873737373737,0.851010101010101,132,0.7159090909090909,0.8253968253968254
bolivia,91,471,2,0,2,0.004246284501061571,0.9936305732484076,0.9978768577494692,40,0.875,1.0
bolivia,92,3249,10,43,53,-0.010156971375807941,0.9722991689750693,0.9621421975992613,140,0.9642857142857143,0.9753086419753086
bolivia,93,1785,6,118,124,-0.06274509803921569,0.9238095238095239,0.8610644257703082,108,0.7045454545454546,1.0
bolivia,94,1361,23,47,70,-0.01763409257898604,0.8824393828067597,0.8648052902277736,114,0.6097560975609756,0.76
bolivia,95,1122,5,31,36,-0.023172905525846704,0.9500891265597148,0.9269162210338681,62,0.8823529411764706,1.0
bolivia,96,3064,78,89,167,-0.0035900783289817234,0.8293080939947781,0.8257180156657964,139,0.9620253164556962,0.8552631578947368
bolivia,97,642,21,35,56,-0.021806853582554516,0.6806853582554517,0.6588785046728972,61,0.46153846153846156,0.6666666666666666
bolivia,98,3249,69,0,69,0.02123730378578024,0.9787626962142197,1.0,164,1.0,1.0
bolivia,99,252,9,8,17,0.003968253968253968,0.4563492063492064,0.46031746031746035,87,0.7777777777777778,0.8571428571428571
bolivia,100,3249,61,15,76,0.014158202523853494,0.9205909510618652,0.9347491535857186,446,0.927536231884058,0.890625
bolivia,101,3249,7,11,18,-0.0012311480455524776,0.9883040935672515,0.987072945521699,297,0.959731543624161,0.986013986013986
bolivia,102,3249,9,8,17,0.0003077870113881194,0.9883040935672515,0.9886118805786396,229,0.9333333333333333,1.0
bolivia,103,3249,0,0,0,0.0,0.9606032625423208,0.9606032625423208,396,0.9554455445544554,0.9533678756476683
bolivia,104,3249,43,90,133,-0.014465989535241613,0.8790397045244691,0.8645737149892274,292,1.0,0.8848920863309353
bolivia,105,3249,58,32,90,0.008002462296091105,0.9239766081871346,0.9319790704832256,258,0.9929577464788732,0.9716312056737588
bolivia,106,3249,141,3,144,0.04247460757156048,0.9504462911665128,0.9929208987380732,214,0.9818181818181818,0.9629629629629629
bolivia,107,3249,0,0,0,0.0,0.9929208987380732,0.9929208987380732,274,0.9841269841269841,1.0
bolivia,108,3249,48,53,101,-0.0015389350569405972,0.8667282240689442,0.8651892890120036,318,0.95,0.9407894736842105
bolivia,109,3249,242,94,336,0.04555247768544168,0.8276392736226531,0.8731917513080948,297,0.9371069182389937,0.9261744966442953
bolivia,110,3249,65,171,236,-0.03262542320714066,0.8104032009849185,0.7777777777777778,378,0.8440860215053764,0.8089171974522293
bolivia,111,3249,15,9,24,0.0018467220683287165,0.9892274546014158,0.9910741766697445,348,0.9886363636363636,1.0
bolivia,112,3249,58,61,119,-0.0009233610341643582,0.8614958448753463,0.8605724838411819,253,0.9022556390977443,0.8916666666666667
bolivia,113,3249,29,51,80,-0.006771314250538628,0.9424438288704217,0.935672514619883,91,0.9807692307692307,1.0
bolivia,114,3249,33,20,53,0.0040012311480455524,0.9547553093259464,0.958756540473992,298,0.9053254437869822,0.7908496732026143
bolivia,115,3249,10,49,59,-0.012003693444136657,0.9572176054170514,0.9452139119729147,307,0.9226190476190477,0.9741935483870968
bolivia,116,3249,129,26,155,0.0317020621729763,0.8925823330255463,0.9242843951985227,323,1.0,0.9607843137254902
bolivia,117,3249,89,25,114,0.019698368728839642,0.9218220991074176,0.9415204678362573,335,0.8867924528301887,0.950354609929078
bolivia,118,3249,74,75,149,-0.0003077870113881194,0.8374884579870729,0.8371806709756848,284,0.823076923076923,0.7102803738317757
bolivia,119,3249,191,22,213,0.052016004924592185,0.809172052939366,0.8611880578639581,357,0.9418604651162791,0.8765432098765432
bolivia,120,3249,38,30,68,0.0024622960911049553,0.9676823638042474,0.9701446598953524,265,0.9030303030303031,0.9060402684563759
bolivia,121,3249,20,15,35,0.0015389350569405972,0.9830717143736535,0.9846106494305941,259,0.984375,0.9285714285714286
bolivia,122,3249,130,80,210,0.015389350569405972,0.7220683287165282,0.7374576792859342,339,0.8205128205128205,0.73125
bolivia,123,3249,44,18,62,0.008002462296091105,0.9676823638042474,0.9756848261003386,259,0.9735099337748344,0.9319727891156463
bolivia,124,3249,91,127,218,-0.0110803324099723,0.9282856263465682,0.9172052939365959,159,0.9444444444444444,0.9411764705882353
bolivia,125,3249,36,39,75,-0.0009233610341643582,0.9082794706063404,0.907356109572176,254,0.9642857142857143,0.9407407407407408
bolivia,126,3249,39,0,39,0.012003693444136657,0.9873807325330871,0.9993844259772238,255,1.0,1.0
bolivia,127,3249,36,17,53,0.005847953216374269,0.9516774392120653,0.9575253924284395,247,0.9435483870967742,0.717948717948718
bolivia,128,3249,29,80,109,-0.01569713758079409,0.9372114496768237,0.9215143120960295,298,0.9878048780487805,0.9074074074074074
bolivia,129,3249,8,0,8,0.0024622960911049553,0.9966143428747307,0.9990766389658357,339,0.9945945945945946,1.0
bolivia,130,3249,15,10,25,0.0015389350569405972,0.992305324715297,0.9938442597722376,393,0.9942528735632183,0.9942196531791907
bolivia,131,3249,49,7,56,0.012927054478301015,0.9485995690981841,0.9615266235764851,250,0.9790209790209791,0.9142857142857143
bolivia,132,3249,36,6,42,0.009233610341643583,0.9621421975992613,0.971375807940905,212,0.9661016949152542,0.9385964912280702
bolivia,133,3249,7,88,95,-0.024930747922437674,0.9485995690981841,0.9236688211757463,314,0.9404761904761905,0.9240506329113924
bolivia,134,3249,32,56,88,-0.007386888273314866,0.9501385041551247,0.9427516158818098,269,0.7516778523489933,0.8839285714285714
bolivia,135,3249,5,0,5,0.0015389350569405972,0.9984610649430594,1.0,319,1.0,1.0
bolivia,136,3249,101,92,193,0.002770083102493075,0.912588488765774,0.9153585718682672,159,0.89,0.9325842696629213
bolivia,137,3249,21,33,54,-0.003693444136657433,0.9464450600184672,0.9427516158818098,314,0.937888198757764,0.9668874172185431
bolivia,138,3249,7,48,55,-0.012619267466912895,0.9722991689750693,0.9596799015081564,310,0.9793103448275862,0.9929577464788732
bolivia,139,3249,71,55,126,0.0049245921822099106,0.8544167436134196,0.8593413357956294,401,0.9395604395604396,0.7894736842105263
bolivia,140,3249,34,39,73,-0.0015389350569405972,0.9421360418590335,0.940597106802093,327,0.9707602339181286,0.963855421686747
bolivia,141,3249,28,18,46,0.0030778701138811943,0.9790704832256079,0.982148353339489,283,0.9246575342465754,0.9111111111111111
bolivia,142,3249,33,20,53,0.0040012311480455524,0.9722991689750693,0.9763004001231148,254,0.9347826086956522,0.9534883720930233
bolivia,143,3249,28,13,41,0.0046168051708217915,0.9784549092028316,0.9830717143736535,244,0.9658119658119658,0.9646017699115044
bolivia,144,3249,77,42,119,0.01077254539858418,0.9150507848568791,0.9258233302554633,359,0.9597989949748744,0.9476439790575916
bolivia,145,3249,5,43,48,-0.011695906432748537,0.9867651585103109,0.9750692520775623,390,0.9950980392156863,0.9950738916256158
bolivia,146,3249,1,2,3,-0.0003077870113881194,0.9993844259772238,0.9990766389658357,455,0.995575221238938,1.0
bolivia,147,3249,25,12,37,0.0040012311480455524,0.9839950754078178,0.9879963065558633,375,0.9587628865979382,0.9838709677419355
bolivia,148,3249,64,66,130,-0.0006155740227762388,0.9101261926746691,0.9095106186518929,368,0.9405940594059405,0.9210526315789473
bolivia,149,3249,23,22,45,0.0003077870113881194,0.9759926131117267,0.9763004001231148,439,0.8717948717948718,0.9166666666666666
bolivia,150,3249,0,3,3,-0.0009233610341643582,0.9996922129886119,0.9987688519544475,218,0.99,1.0
bolivia,151,3249,19,13,32,0.0018467220683287165,0.9846106494305941,0.9864573714989228,275,0.9254658385093167,0.9664429530201343
bolivia,152,3249,12,3,15,0.002770083102493075,0.987072945521699,0.989843028624192,347,0.9875776397515528,0.9748427672955975
bolivia,153,3249,90,61,151,0.008925823330255463,0.9122807017543859,0.9212065250846414,266,0.993103448275862,0.9236111111111112
bolivia,154,3249,56,23,79,0.010156971375807941,0.9338257925515543,0.9439827639273622,220,0.9583333333333334,1.0
bolivia,155,3249,40,35,75,0.0015389350569405972,0.7466912896275777,0.7482302246845183,150,0.9382716049382716,0.8552631578947368
bolivia,156,3249,7,33,40,-0.008002462296091105,0.9753770390889505,0.9673745767928593,310,0.9194630872483222,0.927007299270073
bolivia,157,3249,0,0,0,0.0,0.9990766389658357,0.9990766389658357,312,0.9942528735632183,1.0
bolivia,158,3249,2,4,6,-0.0006155740227762388,0.9932286857494613,0.9926131117266851,156,0.9555555555555556,0.9651162790697675
bolivia,159,3249,16,18,34,-0.0006155740227762388,0.9846106494305941,0.9839950754078178,194,0.9083333333333333,0.981651376146789
bolivia,160,3249,0,0,0,0.0,0.9969221298861188,0.9969221298861188,112,0.9583333333333334,1.0
bolivia,161,3249,0,2,2,-0.0006155740227762388,0.9978454909202832,0.997229916897507,136,0.9864864864864865,1.0
bolivia,162,3249,1,4,5,-0.0009233610341643582,0.9966143428747307,0.9956909818405664,132,0.9555555555555556,1.0
bolivia,163,3249,16,24,40,-0.0024622960911049553,0.9796860572483841,0.9772237611572792,208,0.7837837837837838,0.9310344827586207
bolivia,164,3249,0,0,0,0.0,0.9981532779316713,0.9981532779316713,105,0.9714285714285714,1.0
bolivia,165,3249,0,0,0,0.0,0.997229916897507,0.997229916897507,125,0.9861111111111112,0.9859154929577465
bolivia,166,3249,31,6,37,0.007694675284702986,0.9901508156355802,0.9978454909202832,48,0.9428571428571428,1.0
bolivia,167,3249,0,0,0,0.0,0.9990766389658357,0.9990766389658357,210,0.9913793103448276,1.0
bolivia,168,3249,9,142,151,-0.04093567251461988,0.935672514619883,0.8947368421052632,68,0.8666666666666667,1.0
bolivia,169,3249,0,0,0,0.0,1.0,1.0,103,1.0,1.0
bolivia,170,3249,0,0,0,0.0,1.0,1.0,57,1.0,1.0
bolivia,171,3249,34,20,54,0.0043090181594336715,0.9849184364419822,0.9892274546014158,110,0.9076923076923077,1.0
bolivia,172,2909,0,0,0,0.0,0.9986249570299072,0.9986249570299072,95,0.9818181818181818,1.0
bolivia,173,136,0,0,0,0.0,0.36764705882352944,0.36764705882352944,5,0.5,0.0
bolivia,174,1588,3,43,46,-0.02518891687657431,0.8652392947103275,0.8400503778337531,52,0.5333333333333333,1.0
bolivia,175,1668,31,61,92,-0.017985611510791366,0.9388489208633094,0.920863309352518,65,0.9130434782608695,0.9523809523809523
bolivia,176,694,0,0,0,0.0,1.0,1.0,12,1.0,1.0
bolivia,177,3249,20,51,71,-0.009541397353031703,0.9248999692212989,0.9153585718682672,181,0.7739130434782608,0.8202247191011236
bolivia,178,2930,28,42,70,-0.00477815699658703,0.9583617747440273,0.9535836177474403,68,0.6944444444444444,1.0
bolivia,179,1457,0,0,0,0.0,0.9924502402196294,0.9924502402196294,17,0.9,1.0
bolivia,180,3249,46,25,71,0.006463527239150508,0.9492151431209603,0.9556786703601108,151,0.7804878048780488,0.84375
bolivia,181,3249,3,50,53,-0.014465989535241613,0.9624499846106495,0.9479839950754079,340,0.9106145251396648,0.9631901840490797
bolivia,182,2410,127,15,142,0.046473029045643155,0.9062240663900415,0.9526970954356846,33,0.7272727272727273,0.9375
bolivia,183,3249,33,34,67,-0.0003077870113881194,0.9566020313942751,0.956294244382887,252,0.9285714285714286,0.9692307692307692
bolivia,184,3249,21,76,97,-0.01692828562634657,0.9212065250846414,0.9042782394582949,255,0.9548387096774194,0.9662162162162162
bolivia,185,9,0,0,0,0.0,1.0,1.0,4,1.0,1.0
bolivia,186,3235,11,44,55,-0.010200927357032458,0.9323029366306028,0.9221020092735703,137,0.8607594936708861,0.8529411764705882
bolivia,187,3249,12,24,36,-0.003693444136657433,0.9729147429978455,0.969221298861188,168,0.9010989010989011,1.0
bolivia,188,3249,109,92,201,0.0052323791935980305,0.8584179747614651,0.8636503539550631,162,0.6018518518518519,0.7538461538461538
bolivia,189,673,43,31,74,0.017830609212481426,0.4205052005943536,0.43833580980683506,3,0.5,1.0
bolivia,190,2836,61,35,96,0.009167842031029619,0.9016220028208745,0.9107898448519041,183,0.823076923076923,0.9345794392523364
bolivia,191,3249,37,39,76,-0.0006155740227762388,0.9618344105878732,0.961218836565097,166,0.8041237113402062,0.9743589743589743
bolivia,192,3249,62,70,132,-0.0024622960911049553,0.8694983071714374,0.8670360110803323,232,0.7709923664122137,0.801980198019802
bolivia,193,1410,40,129,169,-0.06312056737588652,0.8666666666666667,0.8035460992907801,13,0.8,0.875
bolivia,194,3249,18,27,45,-0.002770083102493075,0.9686057248384118,0.9658356417359187,217,0.940677966101695,0.9819819819819819
bolivia,195,3249,6,75,81,-0.02123730378578024,0.9301323484148969,0.9088950446291166,147,0.8478260869565217,0.9358974358974359
bolivia,196,3249,9,21,30,-0.003693444136657433,0.940597106802093,0.9369036626654356,304,0.8963414634146342,0.9727891156462585
bolivia,197,2353,59,135,194,-0.032299192520186995,0.7352316192095197,0.7029324266893328,24,0.46153846153846156,0.3333333333333333
bolivia,198,3249,19,13,32,0.0018467220683287165,0.9790704832256079,0.9809172052939366,128,0.8082191780821918,0.9661016949152542
bolivia,199,2837,0,3,3,-0.0010574550581600281,0.9471272470919986,0.9460697920338386,132,0.8780487804878049,0.9861111111111112
bolivia,200,3249,83,117,200,-0.010464758387196061,0.8045552477685441,0.7940904893813481,268,0.6518987341772152,0.6990291262135923
bolivia,201,1113,0,0,0,0.0,0.9991015274034142,0.9991015274034142,40,0.9411764705882353,1.0
bolivia,202,1892,0,0,0,0.0,0.9994714587737844,0.9994714587737844,62,0.972972972972973,1.0
bolivia,203,863,0,0,0,0.0,0.9988412514484357,0.9988412514484357,26,0.9230769230769231,1.0
bolivia,204,930,0,0,0,0.0,0.9989247311827957,0.9989247311827957,37,0.9545454545454546,1.0
bolivia,205,1448,0,0,0,0.0,1.0,1.0,24,1.0,1.0
bolivia,206,3249,1,86,87,-0.02616189596799015,0.6885195444752231,0.662357648507233,143,0.7395833333333334,0.7183098591549296
bolivia,207,3249,49,119,168,-0.02154509079716836,0.7023699599876885,0.6808248691905201,176,0.625,0.5692307692307692
bolivia,208,3249,95,113,208,-0.00554016620498615,0.8254847645429363,0.8199445983379501,116,0.7333333333333333,0.75
bolivia,209,3249,105,202,307,-0.029855340104647583,0.8122499230532472,0.7823945829485995,157,0.7666666666666667,0.7971014492753623
bolivia,210,3249,0,91,91,-0.028008618036318867,0.7266851338873499,0.6986765158510311,128,0.859375,0.7818181818181819
bolivia,211,3249,63,86,149,-0.007079101261926747,0.476762080640197,0.4696829793782702,212,0.9302325581395349,0.38333333333333336
bolivia,212,3249,44,93,137,-0.015081563558017852,0.5811018775007695,0.5660203139427515,146,0.9240506329113924,0.4657534246575342
bolivia,213,3249,71,50,121,0.006463527239150508,0.6331178824253616,0.6395814096645122,114,0.547945205479452,0.525
bolivia,214,3249,51,27,78,0.007386888273314866,0.8719606032625423,0.8793474915358572,217,0.8046875,0.7281553398058253
bolivia,215,3249,102,72,174,0.009233610341643583,0.7977839335180055,0.8070175438596492,158,0.8809523809523809,0.8648648648648649
bolivia,216,3249,43,41,84,0.0006155740227762388,0.86088027085257,0.8614958448753463,102,0.6595744680851063,0.8387096774193549
bolivia,217,3249,12,92,104,-0.024622960911049555,0.7510003077870113,0.7263773468759618,180,0.9591836734693877,0.5425531914893617
bolivia,218,3249,48,72,120,-0.007386888273314866,0.7171437365343183,0.7097568482610034,122,0.9102564102564102,0.5352112676056338
bolivia,219,3249,95,84,179,0.003385657125269314,0.7571560480147738,0.7605417051400432,134,0.9876543209876543,0.75
bolivia,220,3249,15,42,57,-0.008310249307479225,0.43767313019390586,0.4293628808864266,87,0.8936170212765957,0.23809523809523808
bolivia,221,3249,132,48,180,0.02585410895660203,0.8461064943059403,0.8719606032625423,115,0.9014084507042254,0.78125
bolivia,222,3249,138,165,303,-0.008310249307479225,0.817174515235457,0.8088642659279779,122,0.7361111111111112,0.9056603773584906
bolivia,223,3249,41,34,75,0.0021545090797168358,0.8636503539550631,0.8658048630347799,252,0.7435897435897436,0.75
bolivia,224,2792,278,30,308,0.08882521489971347,0.7768624641833811,0.8656876790830945,77,0.6829268292682927,0.6428571428571429
bolivia,225,2977,43,38,81,0.0016795431642593216,0.5606315082297615,0.5623110513940208,162,0.6016949152542372,0.4084507042253521
bolivia,226,2664,55,78,133,-0.008633633633633633,0.7567567567567568,0.7481231231231231,141,0.7021276595744681,0.696969696969697
bolivia,227,2364,46,110,156,-0.02707275803722504,0.916243654822335,0.88917089678511,120,0.9625,1.0
bolivia,228,3249,2,9,11,-0.0021545090797168358,0.9944598337950139,0.992305324715297,72,0.8723404255319149,1.0
bolivia,229,3249,13,18,31,-0.0015389350569405972,0.8938134810710988,0.8922745460141582,136,0.6261682242990654,0.7014925373134329
bolivia,230,3119,47,1,48,0.014748316768194934,0.9554344341134979,0.9701827508816928,84,1.0,0.9836065573770492
bolivia,231,758,10,10,20,0.0,0.9643799472295514,0.9643799472295514,109,0.7777777777777778,0.9642857142857143
bolivia,232,2234,49,81,130,-0.01432408236347359,0.7394807520143241,0.7251566696508505,83,0.9761904761904762,0.8780487804878049
bolivia,233,3238,86,23,109,0.01945645460160593,0.9017912291537986,0.9212476837554046,88,0.9803921568627451,0.96
bolivia,234,3249,0,0,0,0.0,0.987072945521699,0.987072945521699,133,0.96875,1.0
bolivia,235,2791,44,24,68,0.007165890361877463,0.8885704048728055,0.8957362952346829,172,0.7395833333333334,0.8873239436619719
bolivia,236,592,1,43,44,-0.07094594594594594,0.8682432432432432,0.7972972972972973,105,1.0,0.5833333333333334
bolivia,237,70,2,1,3,0.014285714285714285,0.042857142857142816,0.05714285714285716,143,0.75,0.0
bolivia,238,3203,0,10,10,-0.0031220730565095223,0.9497346237901967,0.9466125507336872,215,0.9078014184397163,0.84375
bolivia,239,3229,0,0,0,0.0,0.9965933725611644,0.9965933725611644,154,0.9578947368421052,1.0
bolivia,240,2063,91,34,125,0.027629665535627727,0.7813863305865245,0.8090159961221521,141,0.8108108108108109,0.7833333333333333
bolivia,241,2195,5,97,102,-0.04191343963553531,0.8856492027334852,0.8437357630979498,74,0.803921568627451,0.8536585365853658
bolivia,242,800,0,0,0,0.0,0.73875,0.73875,64,0.7142857142857143,0.7333333333333333
bolivia,243,3249,48,15,63,0.010156971375807941,0.9526008002462296,0.9627577716220376,273,0.8104575163398693,0.8951612903225806
bolivia,244,3249,9,67,76,-0.017851646660510926,0.9178208679593721,0.8999692212988611,147,0.7848101265822784,0.8870967741935484
bolivia,245,3249,42,32,74,0.0030778701138811943,0.9695290858725761,0.9726069559864574,190,0.796875,0.9411764705882353
bolivia,246,3249,136,115,251,0.006463527239150508,0.6244998461064943,0.6309633733456448,160,0.7615384615384615,0.696969696969697
bolivia,247,2979,38,182,220,-0.04833836858006042,0.658274588788184,0.6099362202081235,67,0.7906976744186046,0.7058823529411765
bolivia,248,3137,57,40,97,0.005419190309212623,0.8963978323238764,0.9018170226330889,166,0.6964285714285714,0.8717948717948718
bolivia,249,3249,15,18,33,-0.0009233610341643582,0.9498307171437366,0.9489073561095722,256,0.9113924050632911,0.9375
bolivia,250,3249,9,21,30,-0.003693444136657433,0.9630655586334257,0.9593721144967682,202,0.9365079365079365,0.9830508474576272
bolivia,251,2947,158,21,179,0.04648795385137428,0.7790973871733967,0.825585341024771,83,0.7321428571428571,0.7804878048780488
bolivia,252,3116,69,90,159,-0.006739409499358151,0.9367779204107831,0.9300385109114249,59,0.7441860465116279,0.90625
bolivia,253,2181,61,129,190,-0.031178358551123338,0.8789546079779917,0.8477762494268684,83,0.6190476190476191,0.9230769230769231
bolivia,254,2258,28,34,62,-0.002657218777679362,0.9720992028343667,0.9694419840566874,108,0.8571428571428571,1.0
bolivia,255,3249,0,0,0,0.0,0.9495229301323485,0.9495229301323485,67,0.8205128205128205,0.9375
bolivia,256,276,8,11,19,-0.010869565217391304,0.8623188405797102,0.8514492753623188,97,0.875,0.7142857142857143
bolivia,257,1890,9,79,88,-0.037037037037037035,0.9285714285714286,0.8915343915343915,103,0.8714285714285714,0.9672131147540983
bolivia,258,1883,16,0,16,0.008497079129049389,0.9899097185342538,0.9984067976633032,63,0.9347826086956522,1.0
bolivia,259,699,0,0,0,0.0,0.9985693848354793,0.9985693848354793,40,0.95,1.0
bolivia,260,3249,61,33,94,0.008618036318867343,0.9159741458910434,0.9245921822099108,201,0.8018018018018018,0.8651685393258427
bolivia,261,2920,42,107,149,-0.02226027397260274,0.9321917808219178,0.909931506849315,133,0.8404255319148937,0.9620253164556962
bolivia,262,1381,39,15,54,0.017378711078928313,0.9116582186821144,0.9290369297610427,127,0.8666666666666667,0.9038461538461539
bolivia,263,2524,6,2,8,0.001584786053882726,0.9873217115689382,0.9889064976228209,84,0.9782608695652174,0.9777777777777777
bolivia,264,1985,22,13,35,0.004534005037783375,0.980352644836272,0.9848866498740554,117,0.972972972972973,0.9861111111111112
bolivia,265,1707,96,61,157,0.020503807850029292,0.8482718219097832,0.8687756297598126,37,0.6666666666666666,0.8125
bolivia,266,2074,31,269,300,-0.11475409836065574,0.6711668273866924,0.5564127290260367,47,0.7741935483870968,0.875
bolivia,267,3249,12,13,25,-0.0003077870113881194,0.9627577716220376,0.9624499846106495,175,0.9285714285714286,0.9846153846153847
bolivia,268,2181,69,64,133,0.0022925263640531865,0.8532783127005961,0.8555708390646493,106,0.9384615384615385,0.8524590163934426
bolivia,269,265,1,6,7,-0.018867924528301886,0.9660377358490566,0.9471698113207547,60,1.0,0.75
bolivia,270,124,0,0,0,0.0,0.7661290322580645,0.7661290322580645,52,0.3333333333333333,0.0
bolivia,271,3227,67,32,99,0.010845986984815618,0.9330647660365665,0.943910753021382,153,0.8476190476190476,0.8651685393258427
bolivia,272,3024,39,173,212,-0.04431216931216931,0.83994708994709,0.7956349206349207,114,0.7875,0.7936507936507936
bolivia,273,571,71,11,82,0.10507880910683012,0.8371278458844134,0.9422066549912435,14,0.5714285714285714,0.75
bolivia,274,3176,48,135,183,-0.02739294710327456,0.9222292191435768,0.8948362720403022,120,0.9239130434782609,0.9647058823529412
bolivia,275,2333,42,4,46,0.016288041148735534,0.9361337333904843,0.9524217745392198,105,0.9736842105263158,0.918918918918919
bolivia,276,1648,0,0,0,0.0,1.0,1.0,59,1.0,1.0
bolivia,277,2743,29,124,153,-0.034633612832664966,0.9715639810426541,0.9369303682099891,47,0.7777777777777778,0.8928571428571429
bolivia,278,3249,34,54,88,-0.006155740227762389,0.8750384733764235,0.8688827331486612,149,0.7777777777777778,0.7380952380952381
bolivia,279,3213,101,31,132,0.02178649237472767,0.7724867724867726,0.7942732648615002,110,0.9863013698630136,0.7916666666666666
bolivia,280,1234,77,60,137,0.013776337115072933,0.8679092382495948,0.8816855753646677,89,0.65625,0.9523809523809523
bolivia,281,2509,67,69,136,-0.0007971303308090873,0.8931845356715823,0.8923874053407732,140,0.7931034482758621,0.9130434782608695
bolivia,282,1717,0,17,17,-0.009900990099009901,0.9889341875364007,0.9790331974373908,99,1.0,0.953125
bolivia,283,2333,13,89,102,-0.03257608229747107,0.9327046720960137,0.9001285897985427,28,0.7647058823529411,1.0
bolivia,284,2641,29,0,29,0.010980689132904203,0.988640666414237,0.9996213555471413,62,0.975,1.0
bolivia,285,1954,75,31,106,0.022517911975435005,0.8971340839303992,0.9196519959058342,89,0.967741935483871,0.8833333333333333
bolivia,286,3249,8,1,9,0.0021545090797168358,0.9827639273622654,0.9849184364419822,110,1.0,0.9863013698630136
bolivia,287,2965,61,97,158,-0.012141652613827993,0.9456998313659359,0.9335581787521079,56,0.8421052631578947,0.9375
bolivia,288,654,2,69,71,-0.10244648318042814,0.7859327217125383,0.6834862385321101,16,0.875,0.8571428571428571
bolivia,289,1186,0,0,0,0.0,0.9991568296795953,0.9991568296795953,31,0.9444444444444444,1.0
bolivia,290,3249,27,47,74,-0.006155740227762389,0.9501385041551247,0.9439827639273622,154,0.826530612244898,0.9753086419753086
bolivia,291,3249,68,32,100,0.0110803324099723,0.9116651277316097,0.922745460141582,192,0.6911764705882353,0.9574468085106383
bolivia,292,2543,21,61,82,-0.015729453401494297,0.9402280770743217,0.9244986236728274,79,0.6792452830188679,0.9166666666666666
bolivia,293,2313,11,41,52,-0.01297016861219196,0.9239083441418072,0.9109381755296152,119,0.7647058823529411,0.8461538461538461
bolivia,294,2712,74,173,247,-0.03650442477876106,0.8495575221238938,0.8130530973451328,110,0.6714285714285714,0.8085106382978723
bolivia,295,2180,57,27,84,0.013761467889908258,0.9541284403669725,0.9678899082568807,146,0.9113924050632911,0.9861111111111112
bolivia,296,987,4,10,14,-0.0060790273556231,0.8733535967578521,0.867274569402229,117,0.8936170212765957,0.6904761904761905
bolivia,297,1293,14,4,18,0.007733952049497293,0.9729311678267595,0.9806651198762568,35,1.0,0.875
bolivia,298,2396,51,97,148,-0.019198664440734557,0.8476627712854758,0.8284641068447413,171,0.6421052631578947,0.9180327868852459
bolivia,299,3249,72,16,88,0.017236072637734686,0.938134810710988,0.9553708833487227,107,0.726027397260274,0.8867924528301887
bolivia,300,3249,27,15,42,0.003693444136657433,0.9221298861188058,0.9258233302554633,168,0.7628865979381443,0.9459459459459459
bolivia,301,3249,39,38,77,0.0003077870113881194,0.9369036626654356,0.9372114496768237,130,0.7619047619047619,0.90625
bolivia,302,2208,22,9,31,0.00588768115942029,0.9678442028985508,0.9737318840579711,129,0.9493670886075949,0.9733333333333334
bolivia,303,316,1,14,15,-0.04113924050632911,0.8987341772151899,0.8575949367088608,115,0.2857142857142857,0.75
bolivia,304,1693,46,12,58,0.02008269344359126,0.8334317779090372,0.8535144713526285,171,1.0,0.7428571428571429
bolivia,305,3152,2,0,2,0.0006345177664974619,0.9993654822335025,1.0,123,1.0,1.0
bolivia,306,3249,23,56,79,-0.010156971375807941,0.9449061249615266,0.9347491535857186,164,0.7126436781609196,0.9193548387096774
bolivia,307,3249,31,20,51,0.003385657125269314,0.9479839950754079,0.9513696522006772,235,0.7603305785123967,0.8043478260869565
bolivia,308,3249,44,29,73,0.0046168051708217915,0.8759618344105878,0.8805786395814097,135,0.7216494845360825,0.9285714285714286
bolivia,309,3249,10,3,13,0.0021545090797168358,0.8928901200369345,0.8950446291166513,139,0.7472527472527473,1.0
bolivia,310,2914,3,4,7,-0.00034317089910775565,0.8853809196980096,0.8850377487989018,162,0.8055555555555556,0.9655172413793104
bolivia,311,3249,0,9,9,-0.002770083102493075,0.9895352416128039,0.9867651585103109,197,0.9655172413793104,0.9821428571428571
bolivia,312,3127,1,24,25,-0.007355292612727854,0.9881675727534378,0.98081228014071,232,0.9851851851851852,0.9849624060150376
bolivia,313,1100,12,38,50,-0.023636363636363636,0.9427272727272727,0.9190909090909091,107,1.0,0.7857142857142857
bolivia,314,3249,0,4,4,-0.0012311480455524776,0.9652200677131425,0.96398891966759,169,0.9642857142857143,0.9907407407407407
bolivia,315,3249,2,52,54,-0.015389350569405972,0.9547553093259464,0.9393659587565405,130,0.8452380952380952,0.971830985915493
bolivia,316,3249,0,0,0,0.0,0.9981532779316713,0.9981532779316713,296,0.9856115107913669,0.9927007299270073
bolivia,317,3249,0,39,39,-0.012003693444136657,0.9732225300092336,0.961218836565097,193,0.9019607843137255,0.9891304347826086
bolivia,318,3249,0,0,0,0.0,1.0,1.0,298,1.0,1.0
bolivia,319,3249,40,78,118,-0.011695906432748537,0.8999692212988611,0.8882733148661126,212,0.7972027972027972,0.8508771929824561
bolivia,320,3081,46,21,67,0.008114248620577734,0.9535864978902954,0.9617007465108731,157,0.853448275862069,0.98989898989899
bolivia,321,2877,48,31,79,0.005908932916232186,0.9377824122349669,0.9436913451511991,116,0.8059701492537313,0.9444444444444444
bolivia,322,3249,5,27,32,-0.006771314250538628,0.9766081871345029,0.9698368728839643,313,0.9565217391304348,0.9935064935064936
bolivia,323,3249,27,32,59,-0.0015389350569405972,0.9215143120960295,0.9199753770390889,203,0.7019230769230769,0.8356164383561644
bolivia,324,3249,56,21,77,0.01077254539858418,0.9399815327793167,0.9507540781779009,220,0.7866666666666666,0.8983050847457628
bolivia,325,3249,67,43,110,0.007386888273314866,0.9135118497999384,0.9208987380732533,237,0.7372262773722628,0.8415841584158416
bolivia,326,3249,21,16,37,0.0015389350569405972,0.9452139119729147,0.9467528470298553,244,0.8888888888888888,0.9583333333333334
bolivia,327,3249,98,124,222,-0.008002462296091105,0.8516466605109264,0.8436441982148353,328,0.7918781725888325,0.9166666666666666
bolivia,328,3249,7,19,26,-0.003693444136657433,0.9809172052939366,0.9772237611572792,212,0.9473684210526315,1.0
bolivia,329,2986,3,7,10,-0.0013395847287340924,0.9976557267247154,0.9963161419959813,173,0.9827586206896551,1.0
bolivia,330,3249,45,15,60,0.009233610341643583,0.9529085872576177,0.9621421975992613,205,0.9333333333333333,0.9920634920634921
bolivia,331,3249,20,32,52,-0.003693444136657433,0.9458294859956909,0.9421360418590335,92,0.78125,0.96
bolivia,332,2680,0,0,0,0.0,0.9955223880597015,0.9955223880597015,100,0.9558823529411765,0.9846153846153847
bolivia,333,3249,0,0,0,0.0,0.9981532779316713,0.9981532779316713,288,0.9935064935064936,1.0
bolivia,334,3249,0,0,0,0.0,0.994767620806402,0.994767620806402,137,0.9666666666666667,1.0
bolivia,335,3249,15,39,54,-0.007386888273314866,0.899661434287473,0.8922745460141582,119,0.84375,0.8703703703703703
bolivia,336,3249,25,58,83,-0.010156971375807941,0.9415204678362573,0.9313634964604494,228,0.9147286821705426,0.9661016949152542
bolivia,337,3249,6,0,6,0.0018467220683287165,0.9981532779316713,1.0,150,1.0,1.0
bolivia,338,3249,27,51,78,-0.007386888273314866,0.9455216989843028,0.938134810710988,180,0.6929824561403509,0.8607594936708861
bolivia,339,3144,93,84,177,0.0028625954198473282,0.905852417302799,0.9087150127226463,77,0.6938775510204082,0.9705882352941176
bolivia,340,1919,60,94,154,-0.01771756122980719,0.8165711307972903,0.7988535695674831,77,0.5098039215686274,0.8461538461538461
bolivia,341,3249,78,81,159,-0.0009233610341643582,0.8882733148661126,0.8873499538319483,138,0.67,0.9253731343283582
bolivia,342,3249,77,21,98,0.017236072637734686,0.935672514619883,0.9529085872576177,92,0.821917808219178,0.9
bolivia,343,3249,27,58,85,-0.009541397353031703,0.9522930132348415,0.9427516158818098,121,0.8452380952380952,0.9295774647887324
bolivia,344,3249,15,23,38,-0.0024622960911049553,0.9747614650661742,0.9722991689750693,469,0.9594594594594594,0.9859154929577465
bolivia,345,3249,119,88,207,0.009541397353031703,0.7940904893813481,0.8036318867343798,420,0.7799227799227799,0.7227722772277227
bolivia,346,3249,23,17,40,0.0018467220683287165,0.9775315481686673,0.979378270236996,138,0.7346938775510204,0.9305555555555556
bolivia,347,3249,15,12,27,0.0009233610341643582,0.9756848261003386,0.9766081871345029,305,0.9708029197080292,0.9849624060150376
bolivia,348,3249,12,1,13,0.003385657125269314,0.9950754078177901,0.9984610649430594,305,0.9925373134328358,1.0
bolivia,349,3249,16,8,24,0.0024622960911049553,0.9876885195444752,0.9901508156355802,268,0.9401709401709402,0.990909090909091
bolivia,350,3249,7,36,43,-0.008925823330255463,0.9836872883964297,0.9747614650661742,72,0.8260869565217391,0.9736842105263158
bolivia,351,3249,34,35,69,-0.0003077870113881194,0.956294244382887,0.9559864573714989,140,0.9080459770114943,0.9873417721518988
bolivia,352,3249,81,42,123,0.012003693444136657,0.8965835641735919,0.9085872576177285,352,0.9253731343283582,0.9354838709677419
bolivia,353,3249,51,97,148,-0.014158202523853494,0.909818405663281,0.8956602031394275,304,0.8435754189944135,0.9139072847682119
bolivia,354,3249,0,3,3,-0.0009233610341643582,0.9993844259772238,0.9984610649430594,144,0.9743589743589743,1.0
bolivia,355,3249,33,9,42,0.007386888273314866,0.9889196675900277,0.9963065558633426,187,0.9803921568627451,1.0
bolivia,356,3249,8,19,27,-0.003385657125269314,0.9839950754078178,0.9806094182825484,95,0.9836065573770492,0.9833333333333333
bolivia,357,3249,0,0,0,0.0,0.9981532779316713,0.9981532779316713,145,0.9690721649484536,1.0
bolivia,358,3249,244,210,454,0.010464758387196061,0.8045552477685441,0.8150200061557402,54,0.9428571428571428,0.9696969696969697
bolivia,359,3249,5,2,7,0.0009233610341643582,0.9907663896583564,0.9916897506925207,141,0.9222222222222223,1.0
bolivia,360,3249,121,127,248,-0.0018467220683287165,0.8334872268390274,0.8316405047706987,75,0.8888888888888888,0.925
bolivia,361,3249,0,0,0,0.0,0.9904586026469683,0.9904586026469683,144,0.96875,1.0
bolivia,362,3249,217,41,258,0.05417051400430902,0.8187134502923976,0.8728839642967067,86,0.7254901960784313,0.8918918918918919
bolivia,363,3249,0,0,0,0.0,0.9907663896583564,0.9907663896583564,94,0.9193548387096774,1.0
bolivia,364,3243,51,132,183,-0.02497687326549491,0.810977489978415,0.7860006167129201,81,0.59375,0.7894736842105263
bolivia,365,3249,0,0,0,0.0,0.9978454909202832,0.9978454909202832,117,0.9848484848484849,1.0
bolivia,366,2670,112,12,124,0.03745318352059925,0.8670411985018727,0.9044943820224719,139,0.8235294117647058,0.8
bolivia,367,2747,21,39,60,-0.006552602839461231,0.9676010192937751,0.9610484164543138,165,0.8053097345132744,0.989010989010989
bolivia,368,1100,15,6,21,0.008181818181818182,0.9590909090909091,0.9672727272727273,116,0.6086956521739131,0.9285714285714286
bolivia,369,794,9,9,18,0.0,0.9219143576826196,0.9219143576826196,87,0.5238095238095238,0.6363636363636364
bolivia,370,2778,12,19,31,-0.0025197984161267097,0.9524838012958963,0.9499640028797696,41,0.6521739130434783,0.6666666666666666
bolivia,371,1908,48,37,85,0.005765199161425576,0.8270440251572327,0.8328092243186582,59,0.7333333333333333,0.6363636363636364
bolivia,372,872,13,9,22,0.0045871559633027525,0.9197247706422018,0.9243119266055045,50,0.75,0.8333333333333334
bolivia,373,2091,1,4,5,-0.0014347202295552368,0.9971305595408895,0.9956958393113343,42,0.8636363636363636,1.0
bolivia,374,3218,121,34,155,0.027035425730267248,0.8906152889993785,0.9176507147296458,210,0.7841726618705036,0.8348623853211009
bolivia,375,3129,97,45,142,0.016618728028124002,0.9121124960051135,0.9287312240332375,280,0.7371428571428571,0.9069767441860465
bolivia,376,873,35,11,46,0.027491408934707903,0.8900343642611683,0.9175257731958762,90,0.71875,0.6086956521739131
bolivia,377,1582,0,0,0,0.0,0.9962073324905183,0.9962073324905183,37,0.9523809523809523,1.0
bolivia,378,1775,0,0,0,0.0,1.0,1.0,79,1.0,1.0
bolivia,379,2705,16,7,23,0.0033271719038817007,0.9707948243992607,0.9741219963031423,85,0.8,0.9722222222222222
bolivia,380,1286,2,14,16,-0.00933125972006221,0.9611197511664075,0.9517884914463453,44,0.9285714285714286,0.6923076923076923
bolivia,381,1438,3,43,46,-0.027816411682892908,0.9680111265646731,0.9401947148817803,106,0.9473684210526315,1.0
bolivia,382,1017,9,7,16,0.0019665683382497543,0.928220255653884,0.9301868239921337,68,0.8571428571428571,1.0
bolivia,383,2233,0,9,9,-0.004030452306314375,0.9964173757277206,0.9923869234214062,97,0.9807692307692307,1.0
bolivia,384,1133,12,38,50,-0.02294792586054722,0.9541041482789056,0.9311562224183584,111,0.8947368421052632,1.0
bolivia,385,3187,90,78,168,0.0037652965171007216,0.8155004706620647,0.8192657671791653,274,0.9664804469273743,0.9132947976878613
bolivia,386,1739,33,25,58,0.004600345025876941,0.9401955146635997,0.9447958596894768,71,0.6388888888888888,0.9565217391304348
bolivia,387,1499,19,7,26,0.008005336891260841,0.9159439626417611,0.9239492995330221,97,0.717948717948718,0.7142857142857143
bolivia,388,1750,7,42,49,-0.02,0.9805714285714285,0.9605714285714285,108,0.7391304347826086,1.0
bolivia,389,462,9,1,10,0.017316017316017316,0.974025974025974,0.9913419913419913,118,0.9354838709677419,1.0
bolivia,390,869,5,12,17,-0.00805523590333717,0.9850402761795167,0.9769850402761795,164,0.8947368421052632,0.9705882352941176
bolivia,391,3249,13,18,31,-0.0015389350569405972,0.9886118805786396,0.987072945521699,77,0.673469387755102,0.9393939393939394
bolivia,392,2739,38,44,82,-0.002190580503833516,0.9423147133990507,0.9401241328952172,215,0.6159420289855072,0.8352941176470589
bolivia,393,1550,47,15,62,0.02064516129032258,0.9490322580645161,0.9696774193548388,51,0.8125,0.9615384615384616
bolivia,394,2653,17,43,60,-0.00980022615906521,0.9525065963060686,0.9427063701470034,74,0.7708333333333334,0.918918918918919
bolivia,395,33,0,9,9,-0.2727272727272727,0.4545454545454546,0.18181818181818177,91,1.0,0.5
bolivia,396,1790,6,7,13,-0.0005586592178770949,0.9452513966480447,0.9446927374301676,54,0.6086956521739131,0.7857142857142857
bolivia,397,13,0,0,0,0.0,0.8461538461538461,0.8461538461538461,87,0.0,nan
bolivia,398,1003,7,20,27,-0.01296111665004985,0.9212362911266201,0.9082751744765702,88,0.7407407407407407,0.85
bolivia,399,3004,0,0,0,0.0,1.0,1.0,83,1.0,1.0
bolivia,400,1653,8,12,20,-0.0024198427102238356,0.9758015728977616,0.9733817301875378,86,0.8285714285714286,0.8620689655172413
bolivia,401,87,0,6,6,-0.06896551724137931,0.9310344827586207,0.8620689655172413,89,0.8333333333333334,1.0
bolivia,402,1600,0,18,18,-0.01125,0.86375,0.8525,50,0.76,0.5789473684210527
bolivia,403,3249,4,0,4,0.0012311480455524776,0.9969221298861188,0.9981532779316713,139,0.9880952380952381,1.0
bolivia,404,3249,8,18,26,-0.0030778701138811943,0.9895352416128039,0.9864573714989228,132,0.8641975308641975,0.9714285714285714
bolivia,405,3242,65,77,142,-0.003701418877236274,0.8911165946946329,0.8874151758173967,152,0.6565656565656566,0.7538461538461538
bolivia,406,1863,0,33,33,-0.017713365539452495,0.7654320987654322,0.7477187332259796,87,0.75,0.6060606060606061
bolivia,407,2433,4,4,8,0.0,0.988491574188245,0.988491574188245,122,0.9428571428571428,0.9393939393939394
bolivia,408,3249,0,0,0,0.0,0.9981532779316713,0.9981532779316713,75,0.95,1.0
bolivia,409,3249,14,6,20,0.0024622960911049553,0.9818405663281009,0.984302862419206,182,0.9659090909090909,1.0
bolivia,410,3249,73,55,128,0.00554016620498615,0.9375192366882118,0.9430594028931979,63,0.8095238095238095,0.9705882352941176
bolivia,411,3249,7,60,67,-0.01631271160357033,0.7513080947983994,0.7349953831948292,110,0.6781609195402298,0.847457627118644
bolivia,412,3249,14,19,33,-0.0015389350569405972,0.9824561403508771,0.9809172052939366,84,0.8536585365853658,1.0
bolivia,413,3249,0,22,22,-0.006771314250538628,0.9996922129886119,0.9929208987380732,112,0.984375,1.0
bolivia,414,3249,67,66,133,0.0003077870113881194,0.8510310864881502,0.8513388734995383,139,0.6410256410256411,0.74
bolivia,415,3249,15,36,51,-0.006463527239150508,0.9590643274853801,0.9526008002462296,186,0.9326923076923077,0.9587628865979382
bolivia,416,1639,21,11,32,0.006101281269066504,0.87614399023795,0.8822452715070165,63,0.6666666666666666,1.0
bolivia,417,3249,65,68,133,-0.0009233610341643582,0.7759310557094491,0.7750076946752847,145,0.85,0.7176470588235294
bolivia,418,3249,54,76,130,-0.006771314250538628,0.7143736534318252,0.7076023391812866,114,0.8918918918918919,0.5757575757575758
bolivia,419,3249,0,0,0,0.0,0.9775315481686673,0.9775315481686673,153,0.9010989010989011,0.975609756097561
bolivia,420,2798,42,115,157,-0.026090064331665476,0.6658327376697641,0.6397426733380986,140,0.6666666666666666,0.7407407407407407
bolivia,421,2239,69,16,85,0.023671281822242072,0.878517195176418,0.9021884769986601,103,0.8431372549019608,0.7674418604651163
bolivia,422,1181,3,39,42,-0.03048264182895851,0.7629127857747672,0.7324301439458086,54,0.7241379310344828,0.6666666666666666
bolivia,423,1426,14,16,30,-0.001402524544179523,0.8800841514726507,0.8786816269284713,114,0.6530612244897959,0.90625
bolivia,424,633,6,104,110,-0.15481832543443919,0.764612954186414,0.6097946287519747,68,1.0,0.25
bolivia,425,3249,0,0,0,0.0,0.9852262234533703,0.9852262234533703,84,0.9122807017543859,1.0
bolivia,426,3249,0,0,0,0.0,0.9732225300092336,0.9732225300092336,149,0.8958333333333334,0.9418604651162791
bolivia,427,3249,0,0,0,0.0,1.0,1.0,162,1.0,1.0
bolivia,428,3249,0,0,0,0.0,0.9602954755309326,0.9602954755309326,184,0.9456521739130435,1.0
bolivia,429,3249,0,19,19,-0.005847953216374269,0.9796860572483841,0.9738381040320099,252,0.953125,1.0
bolivia,430,3249,0,0,0,0.0,0.9846106494305941,0.9846106494305941,248,0.9919354838709677,1.0
bolivia,431,3249,5,0,5,0.0015389350569405972,0.9984610649430594,1.0,350,1.0,1.0
bolivia,432,3249,0,10,10,-0.0030778701138811943,0.9559864573714989,0.9529085872576177,142,0.9,0.9722222222222222
bolivia,433,3249,5,18,23,-0.0040012311480455524,0.9978454909202832,0.9938442597722376,164,0.9895833333333334,1.0
bolivia,434,3249,97,0,97,0.029855340104647583,0.9698368728839643,0.9996922129886119,98,1.0,1.0
bolivia,435,3249,0,0,0,0.0,0.9729147429978455,0.9729147429978455,203,0.9423076923076923,1.0
bolivia,436,3249,0,0,0,0.0,0.9919975377039089,0.9919975377039089,123,0.9710144927536232,1.0
bolivia,437,3249,0,48,48,-0.014773776546629732,0.9455216989843028,0.9307479224376731,187,0.9278350515463918,0.9777777777777777
bolivia,438,3249,0,0,0,0.0,0.9775315481686673,0.9775315481686673,289,0.9580838323353293,0.98125
bolivia,439,3249,0,0,0,0.0,1.0,1.0,126,1.0,1.0
bolivia,440,3249,0,0,0,0.0,0.9559864573714989,0.9559864573714989,156,0.9636363636363636,0.9716981132075472
test,0,2360,0,0,0,0.0,0.9991525423728813,0.9991525423728813,134,0.9863013698630136,1.0
test,1,3249,0,0,0,0.0,1.0,1.0,167,1.0,1.0
test,2,3247,12,87,99,-0.02309824453341546,0.9421004003695719,0.9190021558361564,399,0.8923766816143498,0.9798994974874372
test,3,3249,3,0,3,0.0009233610341643582,0.9984610649430594,0.9993844259772238,311,0.9941520467836257,1.0
test,4,3249,0,0,0,0.0,1.0,1.0,249,1.0,1.0
test,5,3249,11,0,11,0.003385657125269314,0.9901508156355802,0.9935364727608494,78,0.8717948717948718,1.0
test,6,3249,13,47,60,-0.010464758387196061,0.9919975377039089,0.9815327793167128,200,0.9915254237288136,1.0
test,7,3249,40,69,109,-0.008925823330255463,0.9461372730070791,0.9372114496768237,214,0.8416666666666667,0.9702970297029703
test,8,3247,17,84,101,-0.020634431783184477,0.9639667385278718,0.9433323067446874,246,0.8771929824561403,0.98
test,9,3249,27,41,68,-0.0043090181594336715,0.9476762080640198,0.943367189904586,192,0.8317757009345794,0.9887640449438202
test,10,3249,6,37,43,-0.009541397353031703,0.9775315481686673,0.9679901508156356,54,0.7941176470588235,1.0
test,11,3249,8,17,25,-0.002770083102493075,0.9876885195444752,0.9849184364419822,114,0.9759036144578314,0.9876543209876543
test,12,3249,6,2,8,0.0012311480455524776,0.9953831948291783,0.9966143428747307,154,0.989010989010989,1.0
test,13,3249,0,0,0,0.0,0.9987688519544475,0.9987688519544475,192,0.9915254237288136,1.0
test,14,3249,19,23,42,-0.0012311480455524776,0.9796860572483841,0.9784549092028316,188,0.9453125,0.9917355371900827
test,15,3249,33,36,69,-0.0009233610341643582,0.9679901508156356,0.9670667897814712,123,0.92,0.9710144927536232
test,16,3249,2,3,5,-0.0003077870113881194,0.9990766389658357,0.9987688519544475,76,0.9803921568627451,1.0
test,17,3249,9,0,9,0.002770083102493075,0.9969221298861188,0.9996922129886119,47,0.96875,1.0
test,18,3249,9,28,37,-0.005847953216374269,0.9818405663281009,0.9759926131117267,180,0.9888888888888889,1.0
test,19,1346,151,72,223,0.058692421991084695,0.711738484398217,0.7704309063893017,48,0.9047619047619048,0.6842105263157895
test,20,3249,2,25,27,-0.007079101261926747,0.997229916897507,0.9901508156355802,96,0.9827586206896551,1.0
test,21,3249,30,1,31,0.008925823330255463,0.9901508156355802,0.9990766389658357,233,1.0,0.9937888198757764
test,22,3249,0,0,0,0.0,1.0,1.0,136,1.0,1.0
test,23,3249,0,0,0,0.0,0.9993844259772238,0.9993844259772238,64,0.9761904761904762,1.0
test,24,2449,0,0,0,0.0,0.9987750102082482,0.9987750102082482,90,0.9636363636363636,1.0
test,25,3249,0,0,0,0.0,1.0,1.0,72,1.0,1.0
test,26,3249,12,49,61,-0.01138811942136042,0.9867651585103109,0.9753770390889505,174,0.9423076923076923,1.0
test,27,3249,9,22,31,-0.0040012311480455524,0.9916897506925207,0.9876885195444752,97,0.7924528301886793,1.0
test,28,3249,43,17,60,0.008002462296091105,0.9633733456448138,0.971375807940905,173,0.9327731092436975,0.963963963963964
test,29,3249,82,60,142,0.006771314250538628,0.9067405355493998,0.9135118497999384,74,0.8181818181818182,1.0
test,30,3225,32,79,111,-0.014573643410852714,0.93984496124031,0.9252713178294574,102,0.6818181818181818,0.8666666666666667
test,31,3249,0,0,0,0.0,1.0,1.0,311,1.0,1.0
test,32,3249,120,79,199,0.012619267466912895,0.881502000615574,0.8941212680824869,82,0.7555555555555555,0.7941176470588235
test,33,3249,26,18,44,0.0024622960911049553,0.9849184364419822,0.9873807325330871,116,0.8769230769230769,0.9824561403508771
test,34,3249,0,0,0,0.0,1.0,1.0,416,1.0,1.0
test,35,3197,6,3,9,0.0009383797309978105,0.9953081013450109,0.9962464810760088,147,0.9722222222222222,1.0
test,36,3229,25,38,63,-0.004026014245896562,0.9811087023846392,0.9770826881387427,63,0.4878048780487805,1.0
test,37,3249,14,24,38,-0.0030778701138811943,0.9895352416128039,0.9864573714989228,70,0.7708333333333334,1.0
test,38,1609,30,30,60,0.0,0.9658172778123058,0.9658172778123058,69,0.5833333333333334,1.0
test,39,3249,57,95,152,-0.011695906432748537,0.9178208679593721,0.9061249615266236,166,0.7184466019417476,0.9054054054054054
test,40,1370,0,0,0,0.0,0.5248175182481751,0.5248175182481751,24,0.625,0.4
test,41,3249,0,0,0,0.0,0.9996922129886119,0.9996922129886119,82,0.9821428571428571,1.0
test,42,17,0,0,0,0.0,1.0,1.0,31,1.0,1.0
test,43,3249,42,83,125,-0.012619267466912895,0.9686057248384118,0.9559864573714989,192,0.9320388349514563,1.0
test,44,3128,3,13,16,-0.00319693094629156,0.993925831202046,0.9907289002557544,132,0.9444444444444444,1.0
test,45,3249,8,5,13,0.0009233610341643582,0.9892274546014158,0.9901508156355802,79,0.8048780487804879,1.0
test,46,3249,43,6,49,0.01138811942136042,0.9756848261003386,0.987072945521699,136,0.872093023255814,0.9866666666666667
test,47,2493,41,22,63,0.00762133975130365,0.9610910549538708,0.9687123947051745,106,0.8307692307692308,0.9444444444444444
test,48,3249,0,6,6,-0.0018467220683287165,0.940597106802093,0.9387503847337643,208,0.9365079365079365,0.9915254237288136
test,49,3249,0,0,0,0.0,1.0,1.0,180,1.0,1.0
test,50,3249,0,0,0,0.0,0.9855340104647584,0.9855340104647584,73,0.9038461538461539,1.0
test,51,3249,227,103,330,0.03816558941212681,0.6054170514004309,0.6435826408125578,195,0.55,0.5454545454545454
test,52,3249,15,19,34,-0.0012311480455524776,0.9867651585103109,0.9855340104647584,170,0.9908256880733946,1.0
test,53,3249,47,1,48,0.014158202523853494,0.9846106494305941,0.9987688519544475,140,0.9878048780487805,1.0
test,54,3249,59,67,126,-0.0024622960911049553,0.9516774392120653,0.9492151431209603,231,0.8646616541353384,0.9739130434782609
test,55,3249,0,0,0,0.0,1.0,1.0,132,1.0,1.0
test,56,3249,18,47,65,-0.008925823330255463,0.9424438288704217,0.9335180055401662,142,0.967391304347826,1.0
test,57,3249,0,0,0,0.0,1.0,1.0,1,1.0,1.0
test,58,3249,4,5,9,-0.0003077870113881194,0.9969221298861188,0.9966143428747307,183,0.963302752293578,1.0
test,59,3249,146,112,258,0.010464758387196061,0.8759618344105878,0.8864265927977839,186,0.8166666666666667,0.8469387755102041
test,60,3249,30,210,240,-0.055401662049861494,0.9572176054170514,0.90181594336719,166,0.9693877551020408,1.0
test,61,3025,0,0,0,0.0,0.0,0.0,63,1.0,0.0
test,62,3249,21,33,54,-0.003693444136657433,0.9809172052939366,0.9772237611572792,172,0.9523809523809523,1.0
test,63,3248,72,120,192,-0.014778325123152709,0.8497536945812808,0.8349753694581281,182,0.7454545454545455,0.9512195121951219
test,64,3249,22,34,56,-0.003693444136657433,0.9784549092028316,0.9747614650661742,182,0.9344262295081968,0.9736842105263158
test,65,3249,0,1,1,-0.0003077870113881194,0.9975377039088951,0.997229916897507,104,0.9850746268656716,1.0
test,66,3090,0,0,0,0.0,1.0,1.0,75,1.0,1.0
test,67,1727,57,71,128,-0.008106543138390272,0.8314997104806022,0.8233931673422119,41,0.5454545454545454,0.5
test,68,3249,26,153,179,-0.03908895044629117,0.9199753770390889,0.8808864265927978,83,0.6226415094339622,0.8787878787878788
test,69,3249,23,50,73,-0.008310249307479225,0.9726069559864574,0.9642967066789782,314,0.8615384615384616,0.9880952380952381
test,70,3249,0,0,0,0.0,1.0,1.0,82,1.0,1.0
test,71,3226,44,61,105,-0.0052696838189708614,0.9342839429634222,0.9290142591444513,152,0.8256880733944955,0.8888888888888888
test,72,1733,67,61,128,0.003462204270051933,0.9036353144835545,0.9070975187536064,131,0.8679245283018868,0.9565217391304348
test,73,3248,143,101,244,0.01293103448275862,0.8512931034482758,0.8642241379310345,194,0.775,0.9354838709677419
test,74,3249,39,106,145,-0.020621729763004002,0.9184364419821484,0.8978147122191443,146,0.8117647058823529,0.9855072463768116
test,75,2365,27,50,77,-0.009725158562367865,0.9665961945031712,0.9568710359408034,41,0.8076923076923077,1.0
test,76,3249,3,7,10,-0.0012311480455524776,0.9966143428747307,0.9953831948291783,61,0.9761904761904762,1.0
test,77,3249,2,9,11,-0.0021545090797168358,0.9981532779316713,0.9959987688519545,73,0.9795918367346939,1.0
test,78,3249,80,63,143,0.0052323791935980305,0.9412126808248692,0.9464450600184672,136,0.7333333333333333,0.961038961038961
test,79,3249,24,14,38,0.0030778701138811943,0.9578331794398276,0.9609110495537089,223,0.8914728682170543,0.808695652173913
test,80,3249,9,7,16,0.0006155740227762388,0.9935364727608494,0.9941520467836258,195,0.9846153846153847,1.0
test,81,3248,56,41,97,0.004618226600985222,0.9562807881773399,0.9608990147783252,402,0.9118942731277533,1.0
test,82,3249,0,0,0,0.0,0.9916897506925207,0.9916897506925207,110,0.9607843137254902,1.0
test,83,3249,68,206,274,-0.04247460757156048,0.8134810710987996,0.7710064635272391,176,0.5132743362831859,0.7931034482758621
test,84,3249,23,59,82,-0.0110803324099723,0.780855647891659,0.7697753154816867,278,0.5942857142857143,0.7788461538461539
test,85,3249,50,53,103,-0.0009233610341643582,0.9701446598953524,0.969221298861188,161,0.9459459459459459,0.9714285714285714
test,86,3249,34,35,69,-0.0003077870113881194,0.9710680209295168,0.9707602339181287,125,0.9387755102040817,0.9891304347826086
test,87,3249,19,8,27,0.003385657125269314,0.9772237611572792,0.9806094182825484,66,0.92,0.9782608695652174
test,88,3248,23,93,116,-0.021551724137931036,0.9568965517241379,0.9353448275862069,232,0.8888888888888888,0.9821428571428571
test,89,3249,0,0,0,0.0,1.0,1.0,238,1.0,1.0
test,90,3249,1,16,17,-0.0046168051708217915,0.9956909818405664,0.9910741766697445,214,0.9849624060150376,1.0
test,91,3249,51,29,80,0.006771314250538628,0.9790704832256079,0.9858417974761465,153,0.9696969696969697,0.9895833333333334
test,92,3249,60,86,146,-0.008002462296091105,0.8781163434903048,0.8701138811942136,245,0.70625,0.7876106194690266
test,93,3249,0,0,0,0.0,1.0,1.0,302,1.0,1.0
test,94,3249,0,0,0,0.0,1.0,1.0,1,1.0,1.0
test,95,3249,43,30,73,0.0040012311480455524,0.9310557094490612,0.9350569405971068,140,0.7924528301886793,0.9642857142857143
test,96,3249,0,0,0,0.0,0.9975377039088951,0.9975377039088951,114,0.9736842105263158,1.0
test,97,3249,5,15,20,-0.0030778701138811943,0.9953831948291783,0.992305324715297,163,0.9885057471264368,1.0
test,98,3249,20,39,59,-0.005847953216374269,0.9307479224376731,0.9248999692212989,260,0.7647058823529411,0.9487179487179487
test,99,3249,26,14,40,0.003693444136657433,0.9341335795629424,0.9378270236995999,290,0.9763313609467456,0.8242424242424242
test,100,3249,0,0,0,0.0,1.0,1.0,173,1.0,1.0
test,101,3249,10,2,12,0.0024622960911049553,0.9907663896583564,0.9932286857494613,90,0.8703703703703703,1.0
test,102,3249,0,0,0,0.0,1.0,1.0,1,1.0,1.0
test,103,3244,11,49,60,-0.011713933415536375,0.9719482120838471,0.9602342786683107,105,0.95,1.0
test,104,1841,0,0,0,0.0,1.0,1.0,49,1.0,1.0
test,105,2080,5,0,5,0.002403846153846154,0.9879807692307693,0.9903846153846154,119,0.9625,1.0
test,106,3249,0,0,0,0.0,0.9529085872576177,0.9529085872576177,173,0.8672566371681416,0.9693877551020408
test,107,3249,171,95,266,0.023391812865497075,0.8793474915358572,0.9027393044013543,90,0.55,0.7878787878787878
test,108,3249,1,11,12,-0.0030778701138811943,0.9978454909202832,0.994767620806402,93,0.9710144927536232,1.0
test,109,818,8,44,52,-0.044009779951100246,0.9621026894865525,0.9180929095354523,267,0.9655172413793104,0.9107142857142857
test,110,244,0,0,0,0.0,1.0,1.0,52,1.0,1.0
test,111,3249,0,0,0,0.0,0.9747614650661742,0.9747614650661742,122,0.9428571428571428,1.0
test,112,3237,0,0,0,0.0,0.9978375038616002,0.9978375038616002,106,0.987012987012987,1.0
test,113,3242,15,4,19,0.003392967304133251,0.9895126465144972,0.9929056138186305,252,0.9868421052631579,0.9866666666666667
test,114,3202,48,98,146,-0.01561524047470331,0.9444097439100562,0.9287945034353529,88,0.847457627118644,0.86
test,115,3249,0,0,0,0.0,1.0,1.0,53,1.0,1.0
test,116,3243,86,69,155,0.005242059821153253,0.8859081097748998,0.8911501695960531,315,0.8111111111111111,0.8013698630136986
test,117,3249,47,120,167,-0.02246845183133272,0.7863958140966452,0.7639273622653124,130,0.6956521739130435,0.71875
test,118,3249,17,30,47,-0.0040012311480455524,0.9646044936903663,0.9606032625423208,122,0.918918918918919,0.9411764705882353
test,119,3246,9,6,15,0.0009242144177449168,0.9953789279112755,0.9963031423290203,110,0.9583333333333334,1.0
test,120,3249,0,0,0,0.0,1.0,1.0,293,1.0,1.0
test,121,3249,39,69,108,-0.009233610341643583,0.9787626962142197,0.9695290858725761,173,0.8673469387755102,0.9529411764705882
test,122,2989,4,0,4,0.0013382402141184342,0.9979926396788223,0.9993308798929408,73,0.9772727272727273,1.0
test,123,244,0,0,0,0.0,1.0,1.0,43,1.0,1.0
test,124,2764,9,8,17,0.000361794500723589,0.993849493487699,0.9942112879884226,52,1.0,0.9655172413793104
test,125,3249,28,22,50,0.0018467220683287165,0.9886118805786396,0.9904586026469683,109,0.9878048780487805,1.0
test,126,3249,15,19,34,-0.0012311480455524776,0.984302862419206,0.9830717143736535,139,0.9897959183673469,1.0
test,127,3222,30,16,46,0.004345127250155183,0.9832402234636871,0.9875853507138423,42,0.7777777777777778,1.0
test,128,3249,0,0,0,0.0,1.0,1.0,260,1.0,1.0
test,129,3249,17,27,44,-0.0030778701138811943,0.9747614650661742,0.9716835949522931,136,0.86,0.9302325581395349
test,130,3249,65,96,161,-0.009541397353031703,0.8805786395814097,0.871037242228378,95,0.6231884057971014,0.7674418604651163
test,131,3249,79,87,166,-0.0024622960911049553,0.9439827639273622,0.9415204678362573,149,0.6767676767676768,0.9253731343283582
test,132,3249,55,42,97,0.0040012311480455524,0.9790704832256079,0.9830717143736535,253,0.9618320610687023,0.9920634920634921
test,133,3249,14,15,29,-0.0003077870113881194,0.9452139119729147,0.9449061249615266,210,0.8629032258064516,0.9719626168224299
test,134,3249,12,24,36,-0.003693444136657433,0.9861495844875346,0.9824561403508771,226,0.8938053097345132,0.9801980198019802
test,135,3249,26,28,54,-0.0006155740227762388,0.9796860572483841,0.9790704832256079,164,0.8494623655913979,0.9620253164556962
test,136,3249,3,32,35,-0.008925823330255463,0.9981532779316713,0.9892274546014158,340,0.995049504950495,1.0
test,137,3249,4,1,5,0.0009233610341643582,0.9978454909202832,0.9987688519544475,195,0.9928057553956835,1.0
test,138,3245,65,44,109,0.0064714946070878274,0.9106317411402157,0.9171032357473036,265,0.8535031847133758,0.9850746268656716
test,139,3249,1,0,1,0.0003077870113881194,0.9996922129886119,1.0,134,1.0,1.0
test,140,3249,51,80,131,-0.008925823330255463,0.8547245306248077,0.8457987072945522,58,0.9310344827586207,0.8518518518518519
test,141,3249,43,155,198,-0.03447214527546937,0.907356109572176,0.8728839642967067,181,0.8050847457627118,0.9263157894736842
test,142,589,0,0,0,0.0,0.9949066213921901,0.9949066213921901,50,0.8,1.0
test,143,3249,31,68,99,-0.01138811942136042,0.9624499846106495,0.951061865189289,345,0.9692307692307692,0.9788359788359788
test,144,2859,44,55,99,-0.0038474991255683807,0.9478838754809373,0.944036376355369,83,0.6739130434782609,0.9354838709677419
test,145,3249,10,9,19,0.0003077870113881194,0.9956909818405664,0.9959987688519545,155,0.96875,1.0
test,146,3249,65,64,129,0.0003077870113881194,0.9449061249615266,0.9452139119729147,166,0.9,0.9444444444444444
test,147,3229,34,65,99,-0.00960049550944565,0.9677918860328275,0.9581913905233819,188,0.8672566371681416,0.9897959183673469
test,148,3249,99,222,321,-0.03785780240073869,0.8704216682056017,0.8325638658048631,163,0.6792452830188679,0.9583333333333334
test,149,3249,14,60,74,-0.014158202523853494,0.9679901508156356,0.9538319482917821,179,0.8673469387755102,0.9764705882352941
test,150,3147,7,4,11,0.0009532888465204957,0.9965046075627582,0.9974578964092787,170,0.9831932773109243,1.0
test,151,1785,0,0,0,0.0,0.996078431372549,0.996078431372549,104,0.95,1.0
test,152,3249,46,122,168,-0.023391812865497075,0.4863034779932287,0.46291166512773163,216,0.7755102040816326,0.47368421052631576
test,153,3249,0,180,180,-0.055401662049861494,0.8470298553401047,0.7916281932902431,135,0.9577464788732394,0.9264705882352942
test,154,3249,20,92,112,-0.0221606648199446,0.9895352416128039,0.9673745767928593,41,0.9696969696969697,1.0
test,155,3228,20,29,49,-0.0027881040892193307,0.9891573729863693,0.9863692688971499,131,0.9204545454545454,0.9753086419753086
test,156,3249,18,8,26,0.0030778701138811943,0.7836257309941521,0.7867036011080333,175,0.8354430379746836,0.9090909090909091
test,157,3249,71,225,296,-0.04739919975377039,0.744844567559249,0.6974453678054786,55,0.918918918918919,0.8823529411764706
test,158,3249,16,8,24,0.0024622960911049553,0.9929208987380732,0.9953831948291783,114,0.9672131147540983,1.0
test,159,3247,0,0,0,0.0,1.0,1.0,109,1.0,1.0
test,160,3249,0,5,5,-0.0015389350569405972,0.9956909818405664,0.9941520467836258,115,0.984375,1.0
test,161,3249,21,25,46,-0.0012311480455524776,0.9846106494305941,0.9833795013850416,154,0.9770114942528736,0.9882352941176471
test,162,3249,107,31,138,0.023391812865497075,0.9353647276084949,0.958756540473992,213,0.7785714285714286,0.908256880733945
test,163,3249,44,10,54,0.010464758387196061,0.9753770390889505,0.9858417974761465,212,0.9365079365079365,0.9661016949152542
test,164,3248,2,2,4,0.0,0.9987684729064039,0.9987684729064039,270,0.994413407821229,1.0
test,165,3249,0,0,0,0.0,1.0,1.0,72,1.0,1.0
test,166,3207,30,111,141,-0.025257249766136577,0.980355472404116,0.9550982226379794,151,0.8839285714285714,0.9191919191919192
test,167,3249,65,34,99,0.009541397353031703,0.9362880886426592,0.9458294859956909,142,0.8387096774193549,0.8974358974358975
test,168,3249,0,0,0,0.0,1.0,1.0,197,1.0,1.0
test,169,3249,28,136,164,-0.0332409972299169,0.4841489689135119,0.450907971683595,104,0.704225352112676,0.52
test,170,3249,4,24,28,-0.006155740227762389,0.9938442597722376,0.9876885195444752,223,0.9931972789115646,1.0
test,171,3249,27,32,59,-0.0015389350569405972,0.9658356417359187,0.9642967066789782,134,0.9651162790697675,1.0
test,172,3249,20,7,27,0.0040012311480455524,0.9892274546014158,0.9932286857494613,108,0.9420289855072463,0.9846153846153847
test,173,2983,5,29,34,-0.008045591686221924,0.9929601072745559,0.9849145155883339,53,0.9642857142857143,1.0
test,174,3249,7,10,17,-0.0009233610341643582,0.9950754078177901,0.9941520467836258,184,0.9611650485436893,1.0
test,175,2866,24,34,58,-0.0034891835310537334,0.9755757152826239,0.9720865317515701,98,0.7090909090909091,0.9230769230769231
test,176,3249,3,24,27,-0.006463527239150508,0.9959987688519545,0.9895352416128039,100,0.9848484848484849,1.0
test,177,3249,2,11,13,-0.002770083102493075,0.9981532779316713,0.9953831948291783,195,0.918918918918919,0.9901960784313726
test,178,3249,18,28,46,-0.0030778701138811943,0.9627577716220376,0.9596799015081564,253,0.9290780141843972,0.9923664122137404
test,179,3249,0,0,0,0.0,0.9993844259772238,0.9993844259772238,160,0.9902912621359223,1.0
test,180,3249,60,78,138,-0.00554016620498615,0.9526008002462296,0.9470606340412434,157,0.8924731182795699,0.9156626506024096
test,181,3249,0,0,0,0.0,1.0,1.0,152,1.0,1.0
test,182,3249,22,7,29,0.0046168051708217915,0.9846106494305941,0.9892274546014158,127,0.8518518518518519,0.9565217391304348
test,183,3249,148,95,243,0.01631271160357033,0.9242843951985227,0.940597106802093,115,0.8285714285714286,0.9655172413793104
test,184,3245,97,151,248,-0.016640986132511557,0.9429892141756548,0.9263482280431433,123,0.8059701492537313,0.9259259259259259
test,185,3249,70,125,195,-0.01692828562634657,0.8953524161280394,0.8784241305016929,89,0.7647058823529411,0.717948717948718
test,186,3249,2,15,17,-0.0040012311480455524,0.9978454909202832,0.9938442597722376,56,0.975609756097561,1.0
test,187,3249,70,129,199,-0.018159433671899046,0.8922745460141582,0.8741151123422591,219,0.6615384615384615,0.8837209302325582
test,188,3249,0,0,0,0.0,0.9978454909202832,0.9978454909202832,260,1.0,0.9931972789115646
test,189,3249,9,10,19,-0.0003077870113881194,0.9941520467836258,0.9938442597722376,248,0.9051094890510949,1.0
test,190,3249,41,107,148,-0.020313942751615882,0.9458294859956909,0.9255155432440751,150,0.9397590361445783,0.9615384615384616
test,191,3249,71,229,300,-0.04863034779932287,0.8925823330255463,0.8439519852262234,118,0.7142857142857143,0.875
test,192,3249,5,15,20,-0.0030778701138811943,0.9938442597722376,0.9907663896583564,140,0.9583333333333334,0.9891304347826086
test,193,3249,11,2,13,0.002770083102493075,0.9959987688519545,0.9987688519544475,160,0.9719626168224299,1.0
test,194,3249,101,95,196,0.0018467220683287165,0.9156663588796553,0.917513080947984,153,0.7362637362637363,0.9402985074626866
test,195,3249,0,0,0,0.0,1.0,1.0,313,1.0,1.0
test,196,3249,43,8,51,0.01077254539858418,0.9778393351800554,0.9886118805786396,80,0.8,0.9772727272727273
test,197,3249,4,0,4,0.0012311480455524776,0.9966143428747307,0.9978454909202832,113,0.9836065573770492,1.0
test,198,3249,54,64,118,-0.0030778701138811943,0.9344413665743305,0.9313634964604494,244,0.7843137254901961,0.95
test,199,3249,82,224,306,-0.04370575561711296,0.9261311172668514,0.8824253616497384,176,0.8773584905660378,0.9247311827956989
test,200,3249,0,0,0,0.0,1.0,1.0,197,1.0,1.0
test,201,3238,7,2,9,0.0015441630636195182,0.9916615194564546,0.9932056825200741,137,0.9680851063829787,1.0
test,202,3248,113,120,233,-0.0021551724137931034,0.916871921182266,0.9147167487684729,235,0.8014184397163121,0.9292035398230089
test,203,3249,0,0,0,0.0,1.0,1.0,152,1.0,1.0
test,204,3249,0,0,0,0.0,1.0,1.0,263,1.0,1.0
test,205,2431,1,10,11,-0.003702180172768408,0.9769642122583299,0.9732620320855615,114,0.9473684210526315,1.0
test,206,3249,0,21,21,-0.006463527239150508,0.9836872883964297,0.9772237611572792,122,0.9775280898876404,0.9770114942528736
test,207,3249,0,0,0,0.0,1.0,1.0,208,1.0,1.0
test,208,3249,58,24,82,0.010464758387196061,0.9750692520775623,0.9855340104647584,75,0.8461538461538461,0.9318181818181818
test,209,3249,71,63,134,0.0024622960911049553,0.9495229301323485,0.9519852262234534,121,0.9090909090909091,0.9166666666666666
test,210,3249,36,149,185,-0.034779932286857496,0.8947368421052632,0.8599569098184057,113,0.8082191780821918,0.8813559322033898
test,211,3249,0,0,0,0.0,1.0,1.0,149,1.0,1.0
test,212,3249,19,20,39,-0.0003077870113881194,0.9261311172668514,0.9258233302554633,197,0.8461538461538461,0.9338842975206612
test,213,993,0,0,0,0.0,1.0,1.0,1,1.0,1.0
test,214,3249,32,7,39,0.007694675284702986,0.9892274546014158,0.9969221298861188,174,0.9801980198019802,1.0
test,215,3249,0,0,0,0.0,0.9975377039088951,0.9975377039088951,241,0.9854014598540146,1.0
test,216,3249,38,28,66,0.0030778701138811943,0.9553708833487227,0.9584487534626038,79,0.7291666666666666,0.9428571428571428
test,217,3249,30,138,168,-0.0332409972299169,0.9248999692212989,0.891658971991382,211,0.8778625954198473,0.9739130434782609
test,218,3249,138,77,215,0.018775007694675286,0.8725761772853186,0.8913511849799939,154,0.7333333333333333,0.8939393939393939
test,219,3249,3,2,5,0.0003077870113881194,0.9990766389658357,0.9993844259772238,204,0.9918032786885246,1.0
test,220,3249,63,84,147,-0.006463527239150508,0.9341335795629424,0.927670052323792,205,0.7441860465116279,0.9791666666666666
test,221,3249,3,8,11,-0.0015389350569405972,0.9744536780547861,0.9729147429978455,122,0.9,1.0
test,222,3249,69,125,194,-0.017236072637734686,0.9132040627885503,0.8959679901508156,314,0.806282722513089,0.9090909090909091
test,223,3249,0,0,0,0.0,1.0,1.0,148,1.0,1.0
test,224,3249,3,24,27,-0.006463527239150508,0.9919975377039089,0.9855340104647584,145,0.8777777777777778,0.9873417721518988
test,225,782,0,0,0,0.0,1.0,1.0,48,1.0,1.0
test,226,3249,23,30,53,-0.0021545090797168358,0.9864573714989228,0.984302862419206,135,0.8125,0.9538461538461539
test,227,3249,5,0,5,0.0015389350569405972,0.9606032625423208,0.9621421975992613,250,0.8875,0.9929577464788732
test,228,3249,45,84,129,-0.012003693444136657,0.9670667897814712,0.9550630963373345,151,0.8518518518518519,1.0
test,229,3249,65,97,162,-0.009849184364419821,0.9242843951985227,0.9144352108341028,140,0.6129032258064516,0.9298245614035088
test,230,3163,15,42,57,-0.00853619981030667,0.9851406892190958,0.9766044894087891,186,0.9126984126984127,1.0
test,231,3249,0,1,1,-0.0003077870113881194,0.9984610649430594,0.9981532779316713,75,0.984375,1.0
test,232,3249,104,131,235,-0.008310249307479225,0.8953524161280394,0.8870421668205601,226,0.6956521739130435,0.84375
test,233,3249,0,0,0,0.0,0.994767620806402,0.994767620806402,117,0.9736842105263158,1.0
test,234,1139,0,0,0,0.0,1.0,1.0,1,1.0,1.0
test,235,3249,9,0,9,0.002770083102493075,0.9966143428747307,0.9993844259772238,168,0.9907407407407407,1.0
test,236,3249,12,21,33,-0.002770083102493075,0.9415204678362573,0.9387503847337643,166,0.9418604651162791,0.9506172839506173
test,237,3249,52,97,149,-0.013850415512465374,0.9248999692212989,0.9110495537088334,129,0.7101449275362319,0.8979591836734694
test,238,3249,34,2,36,0.009849184364419821,0.9876885195444752,0.9975377039088951,283,0.99375,1.0
test,239,3249,0,0,0,0.0,0.9929208987380732,0.9929208987380732,234,0.991869918699187,1.0
test,240,3249,3,10,13,-0.0021545090797168358,0.9987688519544475,0.9966143428747307,131,0.987012987012987,1.0
test,241,3249,4,5,9,-0.0003077870113881194,0.9984610649430594,0.9981532779316713,104,0.9710144927536232,1.0
test,242,3249,10,12,22,-0.0006155740227762388,0.9901508156355802,0.9895352416128039,96,0.9852941176470589,1.0
test,243,3249,106,59,165,0.014465989535241613,0.9492151431209603,0.9636811326562019,128,0.8214285714285714,0.9420289855072463
test,244,3249,35,91,126,-0.017236072637734686,0.8938134810710988,0.8765774084333641,193,0.8449612403100775,0.9541284403669725
test,245,3249,17,16,33,0.0003077870113881194,0.9846106494305941,0.9849184364419822,79,0.8571428571428571,0.9666666666666667
test,246,3249,0,0,0,0.0,0.9553708833487227,0.9553708833487227,144,0.84,0.9761904761904762
test,247,2755,57,55,112,0.0007259528130671506,0.883847549909256,0.884573502722323,153,0.5887850467289719,0.8888888888888888
test,248,3249,0,0,0,0.0,0.9830717143736535,0.9830717143736535,159,0.9067796610169492,0.9906542056074766
test,249,2099,69,56,125,0.006193425440686041,0.9437827536922344,0.9499761791329204,135,0.6981132075471698,0.972972972972973
test,250,3249,0,0,0,0.0,0.07602339181286555,0.07602339181286555,47,0.8064516129032258,0.04
test,251,3249,3,5,8,-0.0006155740227762388,0.9990766389658357,0.9984610649430594,131,0.9886363636363636,1.0
test,252,3249,75,46,121,0.008925823330255463,0.9630655586334257,0.9719913819636812,241,0.9803921568627451,0.96
test,253,2315,139,316,455,-0.07645788336933046,0.6332613390928725,0.5568034557235422,45,0.4,0.7
test,254,3249,15,1,16,0.0043090181594336715,0.9935364727608494,0.9978454909202832,136,0.9310344827586207,0.9814814814814815
test,255,3245,0,3,3,-0.0009244992295839754,0.9993836671802774,0.9984591679506933,95,0.9836065573770492,1.0
test,256,3249,2,27,29,-0.007694675284702986,0.9953831948291783,0.9876885195444752,94,0.9833333333333333,1.0
test,257,3249,0,0,0,0.0,1.0,1.0,244,1.0,1.0
test,258,3249,15,7,22,0.0024622960911049553,0.9756848261003386,0.9781471221914435,212,0.9104477611940298,0.9918032786885246
test,259,3249,122,147,269,-0.007694675284702986,0.8574946137273007,0.8497999384425977,161,0.74,0.8243243243243243
test,260,3249,0,0,0,0.0,0.9959987688519545,0.9959987688519545,171,0.9724770642201835,1.0
test,261,3249,2,15,17,-0.0040012311480455524,0.9926131117266851,0.9886118805786396,283,0.9937888198757764,1.0
test,262,3249,0,0,0,0.0,1.0,1.0,131,1.0,1.0
test,263,3249,3,2,5,0.0003077870113881194,0.971375807940905,0.9716835949522931,180,0.8942307692307693,1.0
test,264,3249,67,108,175,-0.012619267466912895,0.7251461988304093,0.7125269313634965,338,0.6219512195121951,0.7549019607843137
test,265,3249,0,0,0,0.0,1.0,1.0,54,1.0,1.0
test,266,3248,12,29,41,-0.005233990147783251,0.9747536945812808,0.9695197044334976,266,0.9192546583850931,0.9932432432432432
test,267,3249,67,138,205,-0.02185287780855648,0.8137888581101878,0.7919359803016313,189,0.6232876712328768,0.8571428571428571
test,268,3249,62,136,198,-0.02277623884272084,0.8879655278547245,0.8651892890120036,164,0.5523809523809524,0.896551724137931
test,269,3249,0,0,0,0.0,1.0,1.0,59,1.0,1.0
test,270,3242,0,2,2,-0.0006169031462060457,0.9990746452806909,0.9984577421344849,124,0.9894736842105263,1.0
test,271,3249,6,16,22,-0.0030778701138811943,0.9975377039088951,0.9944598337950139,260,0.9938271604938271,1.0
test,272,3249,0,0,0,0.0,0.9910741766697445,0.9910741766697445,103,0.9642857142857143,1.0
test,273,3249,82,137,219,-0.01692828562634657,0.9473684210526316,0.930440135426285,152,0.7816091954022989,0.9852941176470589
test,274,3249,8,9,17,-0.0003077870113881194,0.9959987688519545,0.9956909818405664,223,0.9916666666666667,1.0
test,275,3249,5,11,16,-0.0018467220683287165,0.9969221298861188,0.9950754078177901,105,0.9830508474576272,1.0
test,276,3249,0,0,0,0.0,1.0,1.0,242,1.0,1.0
test,277,3249,0,4,4,-0.0012311480455524776,0.997229916897507,0.9959987688519545,123,0.9782608695652174,1.0
test,278,3249,160,51,211,0.033548784241305016,0.9012003693444137,0.9347491535857186,171,0.9464285714285714,0.9150943396226415
test,279,3249,16,73,89,-0.017543859649122806,0.9784549092028316,0.9609110495537089,156,0.8521739130434782,0.9795918367346939
test,280,3249,60,111,171,-0.01569713758079409,0.9021237303785781,0.8864265927977839,228,0.8881578947368421,0.9481481481481482
test,281,3249,0,0,0,0.0,0.38627269929208985,0.38627269929208985,128,0.7831325301204819,0.23076923076923078
test,282,3249,0,0,0,0.0,1.0,1.0,109,1.0,1.0
test,283,3249,24,124,148,-0.030778701138811943,0.9402893197907048,0.9095106186518929,176,0.9065420560747663,0.979381443298969
test,284,3249,1,6,7,-0.0015389350569405972,0.9750692520775623,0.9735303170206218,58,0.925,1.0
test,285,3248,12,5,17,0.0021551724137931034,0.9959975369458128,0.9981527093596059,245,0.9926470588235294,1.0
test,286,3249,36,30,66,0.0018467220683287165,0.6115727916281932,0.613419513696522,81,0.975,0.6666666666666666
test,287,1412,50,66,116,-0.0113314447592068,0.7011331444759207,0.6898016997167139,141,0.7948717948717948,0.7741935483870968
test,288,3249,110,118,228,-0.0024622960911049553,0.8688827331486612,0.8664204370575561,186,0.8151260504201681,0.9175257731958762
test,289,1117,42,76,118,-0.03043867502238138,0.8504923903312445,0.8200537153088631,64,0.6363636363636364,0.7142857142857143
test,290,3249,0,0,0,0.0,1.0,1.0,142,1.0,1.0
test,291,3249,19,259,278,-0.07386888273314866,0.7848568790397046,0.7109879963065558,128,0.868421052631579,0.7575757575757576
test,292,3249,0,0,0,0.0,1.0,1.0,328,1.0,1.0
test,293,1516,20,11,31,0.005936675461741424,0.7658311345646438,0.7717678100263852,38,0.7142857142857143,0.7
test,294,3248,63,144,207,-0.024938423645320198,0.9350369458128078,0.9100985221674877,239,0.75,0.990990990990991
test,295,2204,3,62,65,-0.02676950998185118,0.9664246823956443,0.9396551724137931,124,0.7878787878787878,1.0
test,296,2624,31,57,88,-0.009908536585365854,0.8582317073170732,0.8483231707317074,110,0.726027397260274,0.9245283018867925
test,297,3249,2,0,2,0.0006155740227762388,0.9963065558633426,0.9969221298861188,74,0.9814814814814815,1.0
test,298,3249,69,154,223,-0.02616189596799015,0.9427516158818098,0.9165897199138197,72,0.8095238095238095,0.8823529411764706
test,299,3249,84,140,224,-0.017236072637734686,0.9338257925515543,0.9165897199138197,299,0.8277777777777777,0.9664429530201343
test,300,3249,82,23,105,0.018159433671899046,0.8664204370575561,0.8845798707294552,259,0.684931506849315,0.77
test,301,3249,101,94,195,0.0021545090797168358,0.8999692212988611,0.9021237303785781,187,0.6090909090909091,0.8059701492537313
test,302,3249,16,109,125,-0.028624192059095107,0.9763004001231148,0.9476762080640198,177,0.8764044943820225,1.0
test,303,3249,16,13,29,0.0009233610341643582,0.992305324715297,0.9932286857494613,286,0.9942528735632183,1.0
test,304,3249,0,0,0,0.0,1.0,1.0,107,1.0,1.0
test,305,3249,44,15,59,0.008925823330255463,0.9763004001231148,0.9852262234533703,162,0.9230769230769231,0.9761904761904762
test,306,3249,9,7,16,0.0006155740227762388,0.997229916897507,0.9978454909202832,280,0.9939393939393939,1.0
test,307,3249,155,61,216,0.028931979070483227,0.9036626654355187,0.9325946445060018,108,0.8305084745762712,0.7959183673469388
test,308,2558,43,76,119,-0.012900703674745896,0.9265050820953871,0.9136043784206411,121,0.5774647887323944,0.8536585365853658
test,309,1066,17,92,109,-0.07035647279549719,0.7363977485928705,0.6660412757973734,48,0.7857142857142857,0.7272727272727273
test,310,3243,6,51,57,-0.013876040703052728,0.9855072463768116,0.9716312056737588,109,0.961038961038961,0.9864864864864865
test,311,3249,56,38,94,0.00554016620498615,0.9390581717451524,0.9445983379501385,88,0.8448275862068966,1.0
test,312,3245,9,0,9,0.002773497688751926,0.9972265023112481,1.0,127,1.0,1.0
test,313,3249,0,0,0,0.0,0.9978454909202832,0.9978454909202832,156,0.9814814814814815,1.0
test,314,3249,138,67,205,0.02185287780855648,0.9572176054170514,0.9790704832256079,37,0.9090909090909091,1.0
test,315,3249,24,20,44,0.0012311480455524776,0.9270544783010157,0.9282856263465682,177,0.8771929824561403,0.92
test,316,3249,6,13,19,-0.0021545090797168358,0.9941520467836258,0.9919975377039089,47,0.9487179487179487,1.0
test,317,3249,66,160,226,-0.028931979070483227,0.8919667590027701,0.8630347799322868,159,0.5544554455445545,0.8214285714285714
test,318,3249,0,0,0,0.0,0.9975377039088951,0.9975377039088951,169,0.9907407407407407,1.0
test,319,3249,27,30,57,-0.0009233610341643582,0.9886118805786396,0.9876885195444752,126,0.868421052631579,0.9696969696969697
test,320,3249,26,54,80,-0.008618036318867343,0.9679901508156356,0.9593721144967682,161,0.9313725490196079,0.968421052631579
test,321,3237,2,23,25,-0.006487488415199258,0.9981464318813716,0.9916589434661723,83,0.9855072463768116,1.0
test,322,3249,66,173,239,-0.032933210218528776,0.9313634964604494,0.8984302862419206,135,0.7625,0.9016393442622951
test,323,3249,3,56,59,-0.01631271160357033,0.9452139119729147,0.9289012003693444,230,0.8531468531468531,0.8770491803278688
test,324,3249,0,0,0,0.0,1.0,1.0,126,1.0,1.0
test,325,3249,9,86,95,-0.023699599876885195,0.9892274546014158,0.9655278547245306,84,0.8717948717948718,0.9411764705882353
test,326,3249,58,163,221,-0.032317636195752536,0.9205909510618652,0.8882733148661126,185,0.71875,0.9347826086956522
test,327,3249,7,1,8,0.0018467220683287165,0.992305324715297,0.9941520467836258,113,0.9857142857142858,1.0
test,328,3249,32,80,112,-0.014773776546629732,0.9747614650661742,0.9599876885195445,163,0.9230769230769231,1.0
test,329,2274,31,22,53,0.00395778364116095,0.9700967458223395,0.9740545294635005,121,0.8947368421052632,0.9411764705882353
test,330,38,0,0,0,0.0,1.0,1.0,26,1.0,1.0
test,331,3249,79,49,128,0.009233610341643583,0.9449061249615266,0.9541397353031702,173,0.7363636363636363,0.9876543209876543
test,332,3249,12,25,37,-0.0040012311480455524,0.9941520467836258,0.9901508156355802,528,0.9775280898876404,1.0
test,333,3249,28,22,50,0.0018467220683287165,0.9689135118497999,0.9707602339181287,150,0.8222222222222222,0.9054054054054054
test,334,3249,19,5,24,0.0043090181594336715,0.9935364727608494,0.9978454909202832,326,0.976303317535545,1.0
test,335,3249,19,6,25,0.0040012311480455524,0.9929208987380732,0.9969221298861188,128,0.9875,1.0
test,336,3249,10,48,58,-0.011695906432748537,0.9879963065558633,0.9763004001231148,126,0.9487179487179487,1.0
test,337,3249,1,9,10,-0.0024622960911049553,0.9932286857494613,0.9907663896583564,231,0.9929078014184397,0.9928571428571429
test,338,3249,0,0,0,0.0,0.9984610649430594,0.9984610649430594,110,0.971830985915493,1.0
test,339,3249,2,0,2,0.0006155740227762388,0.9990766389658357,0.9996922129886119,137,0.9882352941176471,1.0
test,340,3249,39,146,185,-0.032933210218528776,0.9621421975992613,0.9292089873807325,110,0.9027777777777778,1.0
test,341,2907,241,24,265,0.07464740282077743,0.3856209150326797,0.4602683178534571,83,0.6170212765957447,0.2413793103448276
test,342,3249,3,10,13,-0.0021545090797168358,0.9963065558633426,0.9941520467836258,150,0.9904761904761905,0.9903846153846154
test,343,3249,17,1,18,0.0049245921822099106,0.9901508156355802,0.9950754078177901,25,0.75,1.0
test,344,3249,6,0,6,0.0018467220683287165,0.9953831948291783,0.997229916897507,199,0.9574468085106383,1.0
test,345,3246,1,3,4,-0.0006161429451632779,0.9993838570548367,0.9987677141096735,145,0.9893617021276596,1.0
test,346,3249,25,37,62,-0.003693444136657433,0.9886118805786396,0.9849184364419822,104,0.9746835443037974,1.0
test,347,3247,43,102,145,-0.018170619032953497,0.9497998152140438,0.9316291961810902,143,0.8350515463917526,0.8765432098765432
test,348,3249,8,11,19,-0.0009233610341643582,0.9953831948291783,0.9944598337950139,106,0.8793103448275862,1.0
test,349,3249,16,21,37,-0.0015389350569405972,0.9458294859956909,0.9442905509387504,292,0.847953216374269,0.9586206896551724
test,350,3249,6,7,13,-0.0003077870113881194,0.9953831948291783,0.9950754078177901,119,0.9696969696969697,1.0
test,351,3036,76,134,210,-0.019104084321475624,0.8554018445322793,0.8362977602108037,164,0.6262626262626263,0.8225806451612904
test,352,3249,31,39,70,-0.0024622960911049553,0.9812249923053247,0.9787626962142197,184,0.9711538461538461,1.0
test,353,3249,0,0,0,0.0,1.0,1.0,155,1.0,1.0
test,354,2612,0,0,0,0.0,0.9992343032159265,0.9992343032159265,101,0.9875,1.0
test,355,3249,0,97,97,-0.029855340104647583,0.9756848261003386,0.9458294859956909,130,0.9848484848484849,1.0
test,356,3249,0,0,0,0.0,0.9981532779316713,0.9981532779316713,168,0.990990990990991,1.0
test,357,3249,323,55,378,0.08248691905201601,0.8424130501692828,0.9248999692212989,90,0.8518518518518519,0.9130434782608695
test,358,3249,183,188,371,-0.0015389350569405972,0.6626654355186211,0.6611265004616805,208,0.8540145985401459,0.5470085470085471
test,359,3249,26,47,73,-0.006463527239150508,0.9649122807017544,0.9584487534626038,182,0.9274193548387096,0.991304347826087
test,360,3249,3,3,6,0.0,0.9984610649430594,0.9984610649430594,161,0.9902912621359223,1.0
test,361,3249,6,15,21,-0.002770083102493075,0.9975377039088951,0.994767620806402,88,0.98,1.0
test,362,3027,31,34,65,-0.0009910802775024777,0.9573835480673935,0.956392467789891,230,0.9236641221374046,0.9586776859504132
test,363,3249,28,30,58,-0.0006155740227762388,0.9744536780547861,0.9738381040320099,210,0.9057971014492754,1.0
test,364,3244,0,0,0,0.0,0.998766954377312,0.998766954377312,191,0.9833333333333333,1.0
test,365,3249,0,0,0,0.0,1.0,1.0,331,1.0,1.0
test,366,3245,27,20,47,0.0021571648690292757,0.9790446841294299,0.9812018489984592,275,0.9540229885057471,1.0
test,367,3249,46,74,120,-0.008618036318867343,0.9267466912896276,0.9181286549707602,100,0.620253164556962,0.8979591836734694
test,368,3249,27,42,69,-0.0046168051708217915,0.9738381040320099,0.969221298861188,126,0.6373626373626373,0.9482758620689655
test,369,2094,0,0,0,0.0,1.0,1.0,32,1.0,1.0
test,370,3249,33,74,107,-0.012619267466912895,0.9729147429978455,0.9602954755309326,61,0.7428571428571429,1.0
test,371,3249,148,131,279,0.0052323791935980305,0.9067405355493998,0.9119729147429978,200,0.6953125,0.9662921348314607
test,372,3249,85,25,110,0.018467220683287166,0.9566020313942751,0.9750692520775623,101,0.9875,0.9873417721518988
test,373,3249,77,49,126,0.008618036318867343,0.9458294859956909,0.9544475223145583,177,0.8878504672897196,0.9789473684210527
test,374,3249,7,0,7,0.0021545090797168358,0.9966143428747307,0.9987688519544475,161,0.9814814814814815,1.0
test,375,3249,10,7,17,0.0009233610341643582,0.9969221298861188,0.9978454909202832,133,0.9880952380952381,1.0
test,376,3249,63,27,90,0.0110803324099723,0.9196675900277008,0.9307479224376731,163,0.6947368421052632,0.9090909090909091
test,377,2111,0,0,0,0.0,0.9981051634296542,0.9981051634296542,149,0.9882352941176471,1.0
test,378,3249,41,38,79,0.0009233610341643582,0.961218836565097,0.9621421975992613,149,0.7946428571428571,0.9550561797752809
test,379,3249,17,59,76,-0.012927054478301015,0.9221298861188058,0.9092028316405047,95,0.6666666666666666,0.9318181818181818
test,380,3249,49,59,108,-0.0030778701138811943,0.951061865189289,0.9479839950754079,129,0.5844155844155844,0.8888888888888888
test,381,3249,34,57,91,-0.007079101261926747,0.9796860572483841,0.9726069559864574,60,0.6829268292682927,0.9642857142857143
test,382,3249,1,8,9,-0.0021545090797168358,0.9959987688519545,0.9938442597722376,79,0.96,1.0
test,383,3249,2,1,3,0.0003077870113881194,0.9993844259772238,0.9996922129886119,60,0.9761904761904762,1.0
test,384,3249,53,27,80,0.008002462296091105,0.9375192366882118,0.9455216989843028,211,0.8661417322834646,0.9363636363636364
test,385,3249,45,69,114,-0.007386888273314866,0.9719913819636812,0.9646044936903663,56,0.717948717948718,0.9642857142857143
test,386,3249,65,0,65,0.020006155740227762,0.9799938442597722,1.0,132,1.0,1.0
test,387,3249,4,17,21,-0.0040012311480455524,0.9932286857494613,0.9892274546014158,154,0.8378378378378378,1.0
test,388,2132,182,134,316,0.0225140712945591,0.7781425891181989,0.800656660412758,78,0.5365853658536586,0.7727272727272727
test,389,3249,10,19,29,-0.002770083102493075,0.992305324715297,0.9895352416128039,126,0.9540229885057471,1.0
test,390,1796,0,0,0,0.0,0.9988864142538976,0.9988864142538976,91,0.9814814814814815,1.0
test,391,3249,0,96,96,-0.029547553093259463,0.029855340104647632,0.0003077870113881165,50,1.0,0.0
test,392,3245,46,78,124,-0.009861325115562404,0.9624036979969184,0.9525423728813559,161,0.8969072164948454,1.0
test,393,3249,4,4,8,0.0,0.9969221298861188,0.9969221298861188,166,0.9901960784313726,1.0
test,394,3249,1,15,16,-0.0043090181594336715,0.9919975377039089,0.9876885195444752,188,0.9734513274336283,0.9818181818181818
test,395,3249,0,0,0,0.0,0.9584487534626038,0.9584487534626038,348,0.9025641025641026,0.9488636363636364
test,396,2933,13,17,30,-0.0013637913399249914,0.993181043300375,0.99181725196045,88,0.9583333333333334,1.0
test,397,3246,32,28,60,0.0012322858903265558,0.9648798521256932,0.9661121380160197,270,0.9382716049382716,0.9144736842105263
test,398,3249,5,9,14,-0.0012311480455524776,0.992305324715297,0.9910741766697445,156,0.9615384615384616,0.99
test,399,3249,46,54,100,-0.0024622960911049553,0.9609110495537089,0.9584487534626038,110,0.8055555555555556,0.9655172413793104
test,400,3249,24,27,51,-0.0009233610341643582,0.9667590027700831,0.9658356417359187,280,0.8922155688622755,0.9932885906040269
test,401,3249,82,80,162,0.0006155740227762388,0.9470606340412434,0.9476762080640198,178,0.9272727272727272,0.9509803921568627
test,402,2850,56,86,142,-0.010526315789473684,0.9084210526315789,0.8978947368421053,144,0.6736842105263158,0.890625
test,403,3249,17,12,29,0.0015389350569405972,0.9916897506925207,0.9932286857494613,85,0.7692307692307693,0.975
test,404,3249,6,10,16,-0.0012311480455524776,0.9963065558633426,0.9950754078177901,82,0.984375,1.0
test,405,3249,0,0,0,0.0,0.9719913819636812,0.9719913819636812,112,0.9142857142857143,1.0
test,406,3249,23,34,57,-0.003385657125269314,0.9516774392120653,0.948291782086796,141,0.8571428571428571,0.9722222222222222
test,407,55,7,0,7,0.12727272727272726,0.8727272727272728,1.0,60,1.0,1.0
test,408,3056,4,3,7,0.0003272251308900524,0.9401178010471204,0.9404450261780105,108,0.8133333333333334,0.9508196721311475
test,409,3249,52,20,72,0.009849184364419821,0.9113573407202216,0.9212065250846414,313,0.9325842696629213,0.891566265060241
test,410,3249,24,5,29,0.005847953216374269,0.9883040935672515,0.9941520467836258,96,0.9705882352941176,0.9696969696969697
test,411,3249,65,51,116,0.0043090181594336715,0.9501385041551247,0.9544475223145583,142,0.8787878787878788,0.9540229885057471
test,412,398,7,14,21,-0.017587939698492462,0.7613065326633166,0.7437185929648241,99,0.9615384615384616,0.8
test,413,3249,1,0,1,0.0003077870113881194,0.9996922129886119,1.0,144,1.0,1.0
test,414,3249,1,1,2,0.0,0.9981532779316713,0.9981532779316713,112,0.9861111111111112,1.0
test,415,3249,124,123,247,0.0003077870113881194,0.8941212680824869,0.894429055093875,208,0.8382352941176471,0.956140350877193
test,416,3249,0,0,0,0.0,1.0,1.0,148,1.0,1.0
test,417,3249,0,0,0,0.0,0.9993844259772238,0.9993844259772238,79,0.9767441860465116,1.0
test,418,3249,82,197,279,-0.035395506309633736,0.9172052939365959,0.8818097876269622,191,0.7345132743362832,0.9156626506024096
test,419,3246,40,77,117,-0.01139864448552064,0.9670363524337646,0.955637707948244,452,0.9411764705882353,0.9916666666666667
test,420,3249,19,10,29,0.002770083102493075,0.9883040935672515,0.9910741766697445,250,0.9866666666666667,0.9932432432432432
test,421,3249,0,0,0,0.0,0.9910741766697445,0.9910741766697445,236,0.9841269841269841,0.9919354838709677
test,422,2998,16,5,21,0.003669112741827885,0.9799866577718479,0.9836557705136758,136,0.9113924050632911,0.9583333333333334
test,423,3249,39,137,176,-0.030163127116035703,0.9630655586334257,0.9329024315173899,163,0.875,1.0
test,424,3248,3,8,11,-0.001539408866995074,0.9987684729064039,0.9972290640394089,61,0.975,1.0
test,425,3249,39,80,119,-0.012619267466912895,0.7349953831948292,0.7223761157279163,272,0.6994535519125683,0.7421875
test,426,3249,0,0,0,0.0,1.0,1.0,372,1.0,1.0
test,427,3249,19,22,41,-0.0009233610341643582,0.9812249923053247,0.9803016312711603,239,0.918918918918919,0.9632352941176471
test,428,3249,60,33,93,0.008310249307479225,0.9258233302554633,0.9341335795629424,199,0.9454545454545454,0.8461538461538461
test,429,3249,0,0,0,0.0,1.0,1.0,241,1.0,1.0
test,430,3249,5,16,21,-0.003385657125269314,0.997229916897507,0.9938442597722376,85,0.9821428571428571,1.0
test,431,3249,0,4,4,-0.0012311480455524776,0.9993844259772238,0.9981532779316713,106,0.9855072463768116,1.0
test,432,3249,15,2,17,0.0040012311480455524,0.9929208987380732,0.9969221298861188,275,0.9776536312849162,1.0
test,433,3249,76,31,107,0.013850415512465374,0.9464450600184672,0.9602954755309326,140,0.9479166666666666,0.9010989010989011
test,434,3249,0,0,0,0.0,1.0,1.0,383,1.0,1.0
test,435,3249,0,0,0,0.0,1.0,1.0,181,1.0,1.0
test,436,3249,31,32,63,-0.0003077870113881194,0.9670667897814712,0.9667590027700831,112,0.875,0.9464285714285714
test,437,3249,7,3,10,0.0012311480455524776,0.9926131117266851,0.9938442597722376,325,0.9850746268656716,1.0
test,438,3195,32,28,60,0.0012519561815336462,0.9821596244131455,0.9834115805946791,219,0.9602649006622517,0.993103448275862
test,439,3248,131,18,149,0.03479064039408867,0.9141009852216748,0.9488916256157636,64,0.627906976744186,0.9629629629629629
test,440,3105,0,0,0,0.0,1.0,1.0,76,1.0,1.0
test,441,3249,0,0,0,0.0,1.0,1.0,119,1.0,1.0
test,442,3249,0,0,0,0.0,1.0,1.0,221,1.0,1.0
test,443,3249,126,153,279,-0.008310249307479225,0.7085257002154509,0.7002154509079717,150,0.8390804597701149,0.6164383561643836
test,444,1224,10,19,29,-0.007352941176470588,0.9746732026143791,0.9673202614379085,37,1.0,0.9523809523809523
test,445,3249,0,3,3,-0.0009233610341643582,0.9981532779316713,0.997229916897507,151,0.9908256880733946,1.0
test,446,3249,13,0,13,0.0040012311480455524,0.9938442597722376,0.9978454909202832,159,0.990909090909091,1.0
test,447,3242,1,120,121,-0.036705737199259715,0.9207279457125231,0.8840222085132634,77,0.9622641509433962,0.9607843137254902
test,448,3249,0,0,0,0.0,0.9824561403508771,0.9824561403508771,231,0.9344262295081968,1.0
test,449,3249,0,0,0,0.0,0.951061865189289,0.951061865189289,187,0.943089430894309,0.9827586206896551
test,450,3249,8,18,26,-0.0030778701138811943,0.9963065558633426,0.9932286857494613,230,0.9927536231884058,1.0
test,451,3249,36,0,36,0.0110803324099723,0.9886118805786396,0.9996922129886119,248,0.9935483870967742,1.0
test,452,3249,0,0,0,0.0,0.9963065558633426,0.9963065558633426,207,0.9741379310344828,1.0
test,453,3249,21,16,37,0.0015389350569405972,0.9701446598953524,0.9716835949522931,152,0.9509803921568627,0.979381443298969
test,454,3249,15,11,26,0.0012311480455524776,0.9910741766697445,0.992305324715297,215,0.9830508474576272,1.0
test,455,3249,2,38,40,-0.0110803324099723,0.9904586026469683,0.979378270236996,117,0.9855072463768116,1.0
test,456,3249,0,8,8,-0.0024622960911049553,0.9938442597722376,0.9913819636811326,122,0.9857142857142858,1.0
test,457,3249,0,0,0,0.0,1.0,1.0,167,1.0,1.0
test,458,3249,13,6,19,0.0021545090797168358,0.9959987688519545,0.9981532779316713,112,0.9830508474576272,1.0
test,459,3249,12,24,36,-0.003693444136657433,0.951061865189289,0.9473684210526316,181,0.9230769230769231,0.9629629629629629
test,460,3249,121,76,197,0.013850415512465374,0.9181286549707602,0.9319790704832256,245,0.8472222222222222,0.9426229508196722
test,461,3195,55,62,117,-0.002190923317683881,0.9311424100156495,0.9289514866979656,108,0.9315068493150684,0.9117647058823529
test,462,3245,15,68,83,-0.01633281972265023,0.986748844375963,0.9704160246533128,63,0.8947368421052632,1.0
test,463,3069,21,4,25,0.005539263603779733,0.9824046920821115,0.9879439556858912,215,0.9736842105263158,0.9864864864864865
test,464,3249,52,111,163,-0.018159433671899046,0.9636811326562019,0.9455216989843028,87,0.7222222222222222,0.8974358974358975
test,465,3249,15,53,68,-0.011695906432748537,0.9806094182825484,0.9689135118497999,96,0.7777777777777778,0.9183673469387755
test,466,957,0,0,0,0.0,1.0,1.0,106,1.0,1.0
test,467,3249,19,22,41,-0.0009233610341643582,0.9916897506925207,0.9907663896583564,132,0.9135802469135802,1.0
test,468,3249,27,0,27,0.008310249307479225,0.9846106494305941,0.9929208987380732,125,0.9726027397260274,0.9577464788732394
test,469,3249,68,92,160,-0.007386888273314866,0.920283164050477,0.9128962757771621,331,0.9035532994923858,0.9719101123595506
test,470,3249,63,96,159,-0.010156971375807941,0.922745460141582,0.912588488765774,324,0.7524752475247525,0.9078947368421053
test,471,2278,28,15,43,0.005706760316066725,0.9525899912203687,0.9582967515364355,102,0.8064516129032258,0.8
test,472,3249,16,53,69,-0.01138811942136042,0.9729147429978455,0.9615266235764851,172,0.9642857142857143,0.9907407407407407
test,473,3249,1,1,2,0.0,0.9987688519544475,0.9987688519544475,74,0.9811320754716981,1.0
test,474,3249,0,11,11,-0.003385657125269314,0.9978454909202832,0.9944598337950139,382,0.9948979591836735,1.0
test,475,3249,7,62,69,-0.01692828562634657,0.9332102185287781,0.9162819329024315,73,0.7906976744186046,1.0
test,476,3249,59,129,188,-0.02154509079716836,0.572176054170514,0.5506309633733457,151,0.8653846153846154,0.4111111111111111
test,477,3240,121,113,234,0.0024691358024691358,0.9324074074074074,0.9348765432098766,102,0.676923076923077,0.9545454545454546
test,478,3249,0,0,0,0.0,0.9966143428747307,0.9966143428747307,179,0.970873786407767,1.0
test,479,3249,6,5,11,0.0003077870113881194,0.9935364727608494,0.9938442597722376,105,0.864406779661017,1.0
test,480,3249,19,281,300,-0.08064019698368728,0.605724838411819,0.5250846414281317,149,0.9107142857142857,0.5490196078431373
test,481,3249,16,2,18,0.0043090181594336715,0.992305324715297,0.9966143428747307,114,0.967741935483871,0.9833333333333333
test,482,3249,61,54,115,0.0021545090797168358,0.9618344105878732,0.96398891966759,141,0.8181818181818182,0.9753086419753086
test,483,1945,12,19,31,-0.0035989717223650387,0.9758354755784062,0.9722365038560411,67,0.875,0.9428571428571428
test,484,3249,81,23,104,0.017851646660510926,0.9378270236995999,0.9556786703601108,156,0.8390804597701149,0.821917808219178
test,485,3249,31,225,256,-0.05971068020929517,0.940597106802093,0.8808864265927978,106,0.821917808219178,0.9833333333333333
test,486,2734,0,0,0,0.0,1.0,1.0,212,1.0,1.0
test,487,3249,8,16,24,-0.0024622960911049553,0.9861495844875346,0.9836872883964297,121,0.9726027397260274,1.0
test,488,3249,45,51,96,-0.0018467220683287165,0.9735303170206218,0.9716835949522931,272,0.7964071856287425,0.9849624060150376
test,489,3249,37,114,151,-0.023699599876885195,0.8467220683287165,0.8230224684518314,287,0.7317073170731707,0.8166666666666667
test,490,3249,4,14,18,-0.0030778701138811943,0.9978454909202832,0.994767620806402,78,0.9818181818181818,1.0
test,491,3249,3,0,3,0.0009233610341643582,0.9987688519544475,0.9996922129886119,214,0.9932885906040269,1.0
test,492,3247,56,91,147,-0.010779180782260549,0.8657222051124115,0.8549430243301509,220,0.6778523489932886,0.8415841584158416
test,493,3241,8,19,27,-0.003394014193150262,0.9898179574205492,0.9864239432273989,137,0.9746835443037974,0.987012987012987
test,494,3249,35,2,37,0.010156971375807941,0.9873807325330871,0.9975377039088951,113,0.9850746268656716,0.9848484848484849
test,495,3249,0,0,0,0.0,0.9618344105878732,0.9618344105878732,142,0.8901098901098901,0.9753086419753086
test,496,3249,71,54,125,0.0052323791935980305,0.940597106802093,0.9458294859956909,267,0.7672955974842768,0.9344262295081968
test,497,3042,2,12,14,-0.003287310979618672,0.9898093359631821,0.9865220249835635,85,0.9152542372881356,1.0
test,498,3249,20,23,43,-0.0009233610341643582,0.9907663896583564,0.989843028624192,83,0.9508196721311475,0.9827586206896551
test,499,3249,37,71,108,-0.010464758387196061,0.9492151431209603,0.9387503847337643,287,0.9055555555555556,0.9754601226993865
test,500,3249,168,87,255,0.024930747922437674,0.817174515235457,0.8421052631578947,226,0.8759124087591241,0.7083333333333334
test,501,3249,56,58,114,-0.0006155740227762388,0.9156663588796553,0.9150507848568791,198,0.6906474820143885,0.7916666666666666
test,502,3249,51,69,120,-0.00554016620498615,0.8356417359187442,0.8301015697137581,237,0.664179104477612,0.797752808988764
test,503,3249,114,46,160,0.020929516774392122,0.9452139119729147,0.9661434287473069,207,0.8852459016393442,0.9444444444444444
test,504,3249,0,0,0,0.0,1.0,1.0,99,1.0,1.0
test,505,3249,8,25,33,-0.0052323791935980305,0.9950754078177901,0.989843028624192,226,0.8043478260869565,1.0
test,506,3249,4,1,5,0.0009233610341643582,0.9864573714989228,0.9873807325330871,353,0.9587155963302753,1.0
test,507,3249,66,71,137,-0.0015389350569405972,0.9039704524469068,0.9024315173899662,23,0.7333333333333333,0.9090909090909091
test,508,3249,0,0,0,0.0,1.0,1.0,359,1.0,1.0
test,509,3249,91,31,122,0.018467220683287166,0.9476762080640198,0.9661434287473069,354,0.9191919191919192,0.9835164835164835
test,510,3249,2,8,10,-0.0018467220683287165,0.9981532779316713,0.9963065558633426,102,0.9875,1.0
test,511,3249,6,15,21,-0.002770083102493075,0.997229916897507,0.9944598337950139,113,0.9878048780487805,1.0
test,512,3249,123,30,153,0.028624192059095107,0.9399815327793167,0.9686057248384118,134,0.8375,0.8656716417910447
test,513,3247,23,19,42,0.0012319063751154912,0.9842931937172775,0.985525100092393,93,0.8412698412698413,0.9622641509433962
test,514,3249,0,0,0,0.0,0.9855340104647584,0.9855340104647584,80,0.9,0.9777777777777777
test,515,3249,8,11,19,-0.0009233610341643582,0.9799938442597722,0.9790704832256079,81,0.8703703703703703,1.0
test,516,3249,13,53,66,-0.012311480455524777,0.9649122807017544,0.9526008002462296,186,0.8403361344537815,0.98
test,517,3249,31,55,86,-0.007386888273314866,0.9418282548476454,0.9344413665743305,287,0.9404761904761905,0.9873417721518988
test,518,3249,18,46,64,-0.008618036318867343,0.9901508156355802,0.9815327793167128,184,0.9916666666666667,0.9747899159663865
test,519,3249,58,63,121,-0.0015389350569405972,0.912588488765774,0.9110495537088334,199,0.8679245283018868,0.9239130434782609
test,520,3249,2,0,2,0.0006155740227762388,0.9978454909202832,0.9984610649430594,222,0.9919354838709677,1.0
test,521,3249,48,49,97,-0.0003077870113881194,0.9485995690981841,0.948291782086796,302,0.8615384615384616,0.9880952380952381
test,522,3160,21,1,22,0.006329113924050633,0.9933544303797468,0.9996835443037975,166,0.9912280701754386,1.0
test,523,3249,26,51,77,-0.007694675284702986,0.979378270236996,0.9716835949522931,119,0.8382352941176471,0.9649122807017544
test,524,3249,37,27,64,0.0030778701138811943,0.9784549092028316,0.9815327793167128,96,0.7966101694915254,0.9361702127659575
test,525,3249,0,0,0,0.0,1.0,1.0,106,1.0,1.0
test,526,3249,22,11,33,0.003385657125269314,0.987072945521699,0.9904586026469683,223,0.9574468085106383,1.0
test,527,3249,7,2,9,0.0015389350569405972,0.9959987688519545,0.9975377039088951,85,0.9682539682539683,1.0
test,528,3249,31,123,154,-0.028316405047706987,0.9652200677131425,0.9369036626654356,215,0.8413793103448276,0.9918032786885246
test,529,3249,4,15,19,-0.003385657125269314,0.9966143428747307,0.9932286857494613,132,0.9767441860465116,1.0
test,530,3249,77,138,215,-0.018775007694675286,0.9181286549707602,0.8993536472760849,140,0.6585365853658537,0.9074074074074074
test,531,3247,100,105,205,-0.001539882968894364,0.9214659685863874,0.9199260856174931,189,0.8253968253968254,0.9711538461538461
test,532,3249,0,0,0,0.0,1.0,1.0,97,1.0,1.0
test,533,3249,0,0,0,0.0,0.9953831948291783,0.9953831948291783,180,0.9652173913043478,1.0
test,534,3249,0,0,0,0.0,1.0,1.0,257,1.0,1.0
test,535,3249,26,28,54,-0.0006155740227762388,0.9738381040320099,0.9732225300092336,240,0.9243697478991597,0.9545454545454546
test,536,3249,16,87,103,-0.02185287780855648,0.9652200677131425,0.943367189904586,177,0.9130434782608695,0.9761904761904762
test,537,3249,25,16,41,0.002770083102493075,0.9901508156355802,0.9929208987380732,124,0.9861111111111112,1.0
test,538,3249,17,11,28,0.0018467220683287165,0.9735303170206218,0.9753770390889505,203,0.923728813559322,0.981651376146789
test,539,3249,7,21,28,-0.0043090181594336715,0.9824561403508771,0.9781471221914435,87,0.9574468085106383,1.0
test,540,3249,16,21,37,-0.0015389350569405972,0.9679901508156356,0.966451215758695,46,0.8076923076923077,1.0
test,541,3249,10,11,21,-0.0003077870113881194,0.9950754078177901,0.994767620806402,190,0.9285714285714286,0.9807692307692307
test,542,1687,4,0,4,0.0023710729104919974,0.997036158861885,0.999407231772377,42,0.967741935483871,1.0
test,543,3249,0,0,0,0.0,1.0,1.0,154,1.0,1.0
test,544,2605,27,84,111,-0.021880998080614205,0.9527831094049904,0.9309021113243762,203,0.8110236220472441,0.8932038834951457
test,545,1025,66,9,75,0.055609756097560976,0.7209756097560975,0.7765853658536586,14,0.6,0.5
test,546,2957,6,14,20,-0.002705444707473791,0.9932363882313155,0.9905309435238417,117,0.9629629629629629,1.0
test,547,3249,37,43,80,-0.0018467220683287165,0.979378270236996,0.9775315481686673,111,0.8133333333333334,1.0
test,548,206,0,0,0,0.0,1.0,1.0,52,1.0,1.0
test,549,3249,43,113,156,-0.02154509079716836,0.9399815327793167,0.9184364419821484,157,0.7850467289719626,0.9523809523809523
test,550,3249,1,13,14,-0.003693444136657433,0.9919975377039089,0.9883040935672515,105,0.96875,1.0
test,551,3198,34,113,147,-0.02470293933708568,0.9080675422138836,0.883364602876798,148,0.68,0.8382352941176471
test,552,3249,0,0,0,0.0,0.9996922129886119,0.9996922129886119,284,0.9941520467836257,1.0
test,553,3249,32,27,59,0.0015389350569405972,0.9655278547245306,0.9670667897814712,150,0.9056603773584906,0.9270833333333334
test,554,3249,5,39,44,-0.010464758387196061,0.9686057248384118,0.9581409664512157,317,0.9875,1.0
test,555,2470,13,53,66,-0.016194331983805668,0.9623481781376518,0.9461538461538461,51,0.8666666666666667,1.0
test,556,3249,33,61,94,-0.008618036318867343,0.9538319482917821,0.9452139119729147,87,0.7818181818181819,0.9767441860465116
test,557,3249,6,0,6,0.0018467220683287165,0.9981532779316713,1.0,346,1.0,1.0
test,558,3247,8,10,18,-0.0006159531875577456,0.9972282106559901,0.9966122574684324,96,0.984375,1.0
test,559,3249,111,105,216,0.0018467220683287165,0.8565712526931364,0.8584179747614651,172,0.8034188034188035,0.8829787234042553
test,560,3166,1,17,18,-0.00505369551484523,0.9955780164245104,0.9905243209096652,56,0.9459459459459459,1.0
test,561,3249,4,1,5,0.0009233610341643582,0.9975377039088951,0.9984610649430594,122,0.9859154929577465,1.0
test,562,3249,112,48,160,0.019698368728839642,0.9052016004924592,0.9248999692212989,317,0.7853107344632768,0.8201438848920863
test,563,3249,0,0,0,0.0,1.0,1.0,212,1.0,1.0
test,564,3249,49,28,77,0.006463527239150508,0.9609110495537089,0.9673745767928593,280,0.9753086419753086,0.9746835443037974
test,565,3249,0,0,0,0.0,1.0,1.0,249,1.0,1.0
test,566,3249,95,84,179,0.003385657125269314,0.9248999692212989,0.9282856263465682,251,0.8493150684931506,0.967741935483871
test,567,3209,53,35,88,0.005609224057338735,0.9510751012776566,0.9566843253349954,82,0.6727272727272727,0.9459459459459459
test,568,3249,32,37,69,-0.0015389350569405972,0.9698368728839643,0.9682979378270237,118,0.8928571428571429,0.98
test,569,2548,8,84,92,-0.029827315541601257,0.945447409733124,0.9156200941915228,86,0.9183673469387755,0.9777777777777777
test,570,3249,14,69,83,-0.01692828562634657,0.979378270236996,0.9624499846106495,41,0.6470588235294118,1.0
test,571,2290,98,94,192,0.0017467248908296944,0.9126637554585153,0.914410480349345,80,0.7959183673469388,1.0
test,572,2847,104,49,153,0.01931858096241658,0.934668071654373,0.9539866526167896,119,0.9743589743589743,0.9868421052631579
test,573,3249,3,4,7,-0.0003077870113881194,0.9975377039088951,0.997229916897507,181,0.9906542056074766,1.0
test,574,3214,0,0,0,0.0,0.9825762289981331,0.9825762289981331,106,0.9166666666666666,0.9818181818181818
test,575,3249,52,9,61,0.013234841489689135,0.9756848261003386,0.9889196675900277,116,0.9482758620689655,0.9818181818181818
test,576,3249,2,6,8,-0.0012311480455524776,0.9953831948291783,0.9941520467836258,139,0.9764705882352941,1.0
test,577,1765,0,0,0,0.0,0.9954674220963173,0.9954674220963173,54,0.90625,1.0
test,578,3249,1,14,15,-0.0040012311480455524,0.9993844259772238,0.9953831948291783,139,0.9895833333333334,1.0
test,579,3249,9,38,47,-0.008925823330255463,0.9919975377039089,0.9830717143736535,78,0.9838709677419355,1.0
test,580,3249,47,29,76,0.00554016620498615,0.9516774392120653,0.9572176054170514,167,0.8125,0.9487179487179487
test,581,3249,24,57,81,-0.010156971375807941,0.9436749769159741,0.9335180055401662,123,0.7804878048780488,0.890625
test,582,3249,5,58,63,-0.01631271160357033,0.9867651585103109,0.9704524469067405,269,0.9838709677419355,1.0
test,583,3248,5,8,13,-0.0009236453201970443,0.9873768472906403,0.9864532019704434,301,0.9556962025316456,0.9668874172185431
test,584,3247,8,11,19,-0.0009239297813366184,0.995072374499538,0.9941484447182014,93,0.9710144927536232,1.0
test,585,3249,60,113,173,-0.01631271160357033,0.9599876885195445,0.9436749769159741,225,0.8916666666666667,0.9906542056074766
test,586,3249,0,0,0,0.0,1.0,1.0,325,1.0,1.0
test,587,3249,0,4,4,-0.0012311480455524776,0.9981532779316713,0.9969221298861188,71,0.9545454545454546,1.0
test,588,3249,30,6,36,0.007386888273314866,0.9852262234533703,0.9926131117266851,37,0.7368421052631579,1.0
test,589,3249,0,0,0,0.0,1.0,1.0,97,1.0,1.0
test,590,3249,94,149,243,-0.01692828562634657,0.7873191751308095,0.7703908895044629,138,0.8333333333333334,0.6857142857142857
test,591,3249,43,13,56,0.009233610341643583,0.9316712834718375,0.9409048938134811,175,0.8861788617886179,0.9724770642201835
test,592,3249,18,53,71,-0.01077254539858418,0.9830717143736535,0.9722991689750693,92,0.7924528301886793,1.0
test,593,3249,52,90,142,-0.011695906432748537,0.9390581717451524,0.9273622653124038,225,0.7777777777777778,0.8839285714285714
test,594,3249,23,40,63,-0.0052323791935980305,0.9796860572483841,0.9744536780547861,191,0.984375,1.0
test,595,3249,88,84,172,0.0012311480455524776,0.8541089566020315,0.8553401046475839,236,0.6282051282051282,0.8367346938775511
test,596,3249,21,32,53,-0.003385657125269314,0.9658356417359187,0.9624499846106495,190,0.8487394957983193,0.900990099009901
test,597,3249,1,3,4,-0.0006155740227762388,0.992305324715297,0.9916897506925207,109,0.9636363636363636,1.0
test,598,2978,72,11,83,0.02048354600402955,0.974479516453996,0.9949630624580256,158,0.9886363636363636,1.0
test,599,3249,75,75,150,0.0,0.9224376731301939,0.9224376731301939,171,0.7142857142857143,0.9176470588235294
test,600,3249,66,202,268,-0.041859033548784244,0.5149276700523238,0.4730686365035396,219,0.7875,0.35714285714285715
test,601,3249,0,0,0,0.0,0.9975377039088951,0.9975377039088951,131,0.9875,1.0
test,602,3249,5,2,7,0.0009233610341643582,0.992305324715297,0.9932286857494613,319,0.9631578947368421,1.0
test,603,3249,172,43,215,0.03970452446906741,0.9184364419821484,0.9581409664512157,45,0.8125,1.0
test,604,3249,9,13,22,-0.0012311480455524776,0.9815327793167128,0.9803016312711603,98,0.8524590163934426,0.9038461538461539
test,605,3023,11,24,35,-0.004300363876943433,0.9702282500826993,0.9659278862057559,65,0.7857142857142857,1.0
test,606,3249,114,23,137,0.028008618036318867,0.8651892890120036,0.8931979070483226,108,0.6307692307692307,0.6829268292682927
test,607,3249,7,54,61,-0.014465989535241613,0.9759926131117267,0.9615266235764851,135,0.9534883720930233,1.0
test,608,3249,36,120,156,-0.02585410895660203,0.9541397353031702,0.9282856263465682,223,0.9111111111111111,0.983739837398374
test,609,3249,5,18,23,-0.0040012311480455524,0.8845798707294552,0.8805786395814097,50,0.6764705882352942,0.9130434782608695
test,610,3249,66,28,94,0.011695906432748537,0.9652200677131425,0.976915974145891,131,0.9102564102564102,0.9859154929577465
test,611,3249,0,0,0,0.0,0.9418282548476454,0.9418282548476454,208,0.9017857142857143,0.9801980198019802
test,612,2822,264,30,294,0.08291991495393337,0.8532955350815025,0.9362154500354358,47,0.6842105263157895,0.9230769230769231
test,613,3249,12,2,14,0.0030778701138811943,0.9963065558633426,0.9993844259772238,111,0.9821428571428571,1.0
test,614,3249,60,74,134,-0.0043090181594336715,0.948291782086796,0.9439827639273622,131,0.88,0.9696969696969697
test,615,3249,39,61,100,-0.006771314250538628,0.9784549092028316,0.9716835949522931,59,0.8648648648648649,0.96875
test,616,3249,131,154,285,-0.007079101261926747,0.9292089873807325,0.9221298861188058,162,0.8207547169811321,0.9080459770114943
test,617,3249,0,0,0,0.0,0.9990766389658357,0.9990766389658357,103,0.9855072463768116,1.0
test,618,3249,22,40,62,-0.00554016620498615,0.9618344105878732,0.956294244382887,268,0.9393939393939394,0.9741935483870968
test,619,3249,97,48,145,0.015081563558017852,0.9193598030163127,0.9344413665743305,87,0.75,0.8888888888888888
test,620,3249,0,0,0,0.0,1.0,1.0,80,1.0,1.0
test,621,3249,23,12,35,0.003385657125269314,0.9864573714989228,0.989843028624192,193,0.9642857142857143,1.0
test,622,2725,25,2,27,0.008440366972477064,0.986788990825688,0.9952293577981651,139,0.9850746268656716,0.9848484848484849
test,623,3249,0,0,0,0.0,0.9981532779316713,0.9981532779316713,173,0.9814814814814815,1.0
test,624,3249,21,4,25,0.0052323791935980305,0.984302862419206,0.9895352416128039,127,0.9113924050632911,0.9861111111111112
test,625,3249,88,42,130,0.014158202523853494,0.9424438288704217,0.9566020313942751,133,0.8783783783783784,0.9692307692307692
test,626,3249,0,0,0,0.0,1.0,1.0,111,1.0,1.0
test,627,3249,81,87,168,-0.0018467220683287165,0.8885811018775007,0.886734379809172,111,0.7662337662337663,0.8983050847457628
test,628,3249,55,113,168,-0.017851646660510926,0.9104339796860572,0.8925823330255463,243,0.6993006993006993,0.91
test,629,3246,69,52,121,0.005237215033887862,0.9340727048675292,0.9393099199014171,210,0.6,0.88
test,630,3113,74,58,132,0.00513973658849984,0.8056537102473498,0.8107934468358496,230,0.6554054054054054,0.9175257731958762
test,631,3249,95,71,166,0.007386888273314866,0.8670360110803323,0.8744228993536473,199,0.7833333333333333,0.9468085106382979
test,632,3249,12,30,42,-0.00554016620498615,0.9849184364419822,0.979378270236996,154,0.9886363636363636,1.0
test,633,3249,10,83,93,-0.02246845183133272,0.8297937827023699,0.8073253308710373,210,0.8191489361702128,0.7792207792207793
test,634,3249,99,144,243,-0.013850415512465374,0.9285934133579563,0.914742997845491,276,0.8314606741573034,0.9324324324324325
test,635,3249,11,13,24,-0.0006155740227762388,0.9950754078177901,0.9944598337950139,218,0.9385964912280702,1.0
test,636,3249,4,3,7,0.0003077870113881194,0.9879963065558633,0.9883040935672515,80,0.9318181818181818,1.0
test,637,3249,9,15,24,-0.0018467220683287165,0.9929208987380732,0.9910741766697445,551,0.9781931464174455,0.9968152866242038
test,638,3249,24,86,110,-0.019082794706063406,0.9682979378270237,0.9492151431209603,160,0.9550561797752809,0.9882352941176471
test,639,3249,68,14,82,0.01662049861495845,0.951061865189289,0.9676823638042474,53,0.78125,0.92
test,640,3249,0,5,5,-0.0015389350569405972,0.9975377039088951,0.9959987688519545,123,0.9736842105263158,1.0
test,641,3249,74,239,313,-0.050784856879039705,0.9332102185287781,0.8824253616497384,183,0.8823529411764706,1.0
test,642,3249,0,4,4,-0.0012311480455524776,0.9996922129886119,0.9984610649430594,198,0.9912280701754386,1.0
test,643,3249,1,0,1,0.0003077870113881194,0.9981532779316713,0.9984610649430594,137,0.989010989010989,1.0
test,644,3247,3,10,13,-0.0021558361564521095,0.9984601170311056,0.9963042808746535,121,0.9864864864864865,1.0
test,645,3249,0,0,0,0.0,1.0,1.0,86,1.0,1.0
test,646,3249,48,49,97,-0.0003077870113881194,0.9763004001231148,0.9759926131117267,148,0.8444444444444444,1.0
test,647,3249,29,19,48,0.0030778701138811943,0.9652200677131425,0.9682979378270237,72,0.7142857142857143,0.8285714285714286
test,648,3249,7,16,23,-0.002770083102493075,0.9815327793167128,0.9787626962142197,138,0.945054945054945,1.0
test,649,3249,0,1,1,-0.0003077870113881194,0.9975377039088951,0.997229916897507,104,0.9859154929577465,1.0
test,650,3249,20,25,45,-0.0015389350569405972,0.987072945521699,0.9855340104647584,77,0.8958333333333334,0.9767441860465116
test,651,3249,2,22,24,-0.006155740227762389,0.9347491535857186,0.9285934133579563,143,0.78,0.9358974358974359
test,652,3249,108,113,221,-0.0015389350569405972,0.9215143120960295,0.9199753770390889,80,0.7560975609756098,0.967741935483871
test,653,3249,14,27,41,-0.0040012311480455524,0.9732225300092336,0.969221298861188,265,0.8716216216216216,0.9612403100775194
test,654,3234,111,58,169,0.016388373531230675,0.9211502782931354,0.9375386518243661,227,0.875,0.9761904761904762
test,655,3249,60,69,129,-0.002770083102493075,0.9338257925515543,0.9310557094490612,164,0.7899159663865546,0.9361702127659575
test,656,3249,57,33,90,0.007386888273314866,0.9750692520775623,0.9824561403508771,104,0.8840579710144928,0.9344262295081968
test,657,3249,36,31,67,0.0015389350569405972,0.9541397353031702,0.9556786703601108,256,0.88,0.946969696969697
test,658,432,42,12,54,0.06944444444444445,0.6875,0.7569444444444444,50,0.42857142857142855,0.3333333333333333
test,659,3249,8,18,26,-0.0030778701138811943,0.9901508156355802,0.987072945521699,357,0.9727272727272728,1.0
test,660,3028,0,0,0,0.0,1.0,1.0,41,1.0,1.0
test,661,3248,90,50,140,0.012315270935960592,0.8454433497536946,0.8577586206896551,157,0.7358490566037735,0.9102564102564102
test,662,3249,4,41,45,-0.01138811942136042,0.9944598337950139,0.9830717143736535,95,0.9137931034482759,1.0
test,663,3249,31,42,73,-0.003385657125269314,0.9058171745152355,0.9024315173899662,166,0.6639344262295082,0.8518518518518519
test,664,3239,9,138,147,-0.03982710713183081,0.9607903673973448,0.920963260265514,43,0.8333333333333334,1.0
test,665,3249,52,27,79,0.007694675284702986,0.9402893197907048,0.9479839950754079,162,0.7857142857142857,0.935064935064935
test,666,3249,0,0,0,0.0,0.992305324715297,0.992305324715297,56,0.9487179487179487,1.0
test,667,3249,1,19,20,-0.00554016620498615,0.9932286857494613,0.9876885195444752,367,0.9120879120879121,1.0
test,668,3249,0,0,0,0.0,1.0,1.0,128,1.0,1.0
test,669,3249,86,44,130,0.012927054478301015,0.9541397353031702,0.9670667897814712,333,0.8481675392670157,0.9753086419753086
test,670,3249,6,8,14,-0.0006155740227762388,0.9858417974761465,0.9852262234533703,112,0.9333333333333333,0.9428571428571428
test,671,3249,54,70,124,-0.0049245921822099106,0.9369036626654356,0.9319790704832256,127,0.6823529411764706,0.9482758620689655
test,672,3249,162,108,270,0.01662049861495845,0.8534933825792552,0.8701138811942136,213,0.9518072289156626,0.8987341772151899
test,673,3249,26,12,38,0.0043090181594336715,0.9849184364419822,0.9892274546014158,163,0.9029126213592233,0.967741935483871
test,674,3249,11,21,32,-0.0030778701138811943,0.9944598337950139,0.9913819636811326,115,0.9807692307692307,1.0
test,675,3249,116,69,185,0.014465989535241613,0.9042782394582949,0.9187442289935365,193,0.6454545454545455,0.8028169014084507
test,676,394,0,0,0,0.0,1.0,1.0,29,1.0,1.0
test,677,3249,132,26,158,0.03262542320714066,0.912588488765774,0.9452139119729147,198,0.8205128205128205,0.9375
test,678,3249,66,27,93,0.012003693444136657,0.9461372730070791,0.9581409664512157,141,0.8317757009345794,0.9438202247191011
test,679,3249,0,0,0,0.0,0.9941520467836258,0.9941520467836258,96,0.9818181818181818,1.0
test,680,2996,0,0,0,0.0,1.0,1.0,81,1.0,1.0
test,681,3249,36,50,86,-0.0043090181594336715,0.9646044936903663,0.9602954755309326,261,0.9683544303797469,0.9869281045751634
test,682,525,0,0,0,0.0,1.0,1.0,86,1.0,1.0
test,683,3249,16,25,41,-0.002770083102493075,0.9830717143736535,0.9803016312711603,180,0.9508196721311475,1.0
test,684,3249,0,0,0,0.0,0.9833795013850416,0.9833795013850416,105,0.8970588235294118,0.9508196721311475
test,685,3249,0,0,0,0.0,0.9913819636811326,0.9913819636811326,80,0.9387755102040817,1.0
test,686,3233,35,72,107,-0.011444478812248686,0.9539127745128364,0.9424682957005877,171,0.908256880733945,1.0
test,687,3249,57,101,158,-0.013542628501077255,0.927670052323792,0.9141274238227147,136,0.6698113207547169,0.8873239436619719
test,688,3249,78,92,170,-0.0043090181594336715,0.9208987380732533,0.9165897199138197,221,0.7792207792207793,0.9416666666666667
test,689,3249,21,32,53,-0.003385657125269314,0.9532163742690059,0.9498307171437366,98,0.7794117647058824,0.9245283018867925
test,690,3249,81,108,189,-0.008310249307479225,0.8990458602646968,0.8907356109572176,169,0.6831683168316832,0.8115942028985508
test,691,2895,6,0,6,0.002072538860103627,0.9968911917098445,0.9989637305699481,105,0.9868421052631579,1.0
test,692,3249,76,23,99,0.01631271160357033,0.8913511849799939,0.9076638965835642,256,0.8227848101265823,0.9692307692307692
test,693,3249,112,54,166,0.017851646660510926,0.8956602031394275,0.9135118497999384,158,0.7008547008547008,0.9146341463414634
test,694,3249,81,1,82,0.024622960911049555,0.9572176054170514,0.9818405663281009,239,0.9801324503311258,0.9662162162162162
test,695,3249,115,96,211,0.005847953216374269,0.8251769775315482,0.8310249307479225,254,0.7872340425531915,0.8828828828828829
test,696,3249,0,0,0,0.0,1.0,1.0,336,1.0,1.0
test,697,3249,228,78,306,0.046168051708217916,0.8885811018775007,0.9347491535857186,120,0.44285714285714284,0.8064516129032258
test,698,3249,49,43,92,0.0018467220683287165,0.9353647276084949,0.9372114496768237,285,0.8323699421965318,0.8958333333333334
test,699,3249,117,67,184,0.015389350569405972,0.8005540166204986,0.8159433671899046,165,0.45652173913043476,0.6428571428571429
test,700,3249,0,0,0,0.0,0.2514619883040936,0.2514619883040936,42,0.8181818181818182,0.4074074074074074
test,701,3249,1,4,5,-0.0009233610341643582,0.9883040935672515,0.9873807325330871,199,0.9508196721311475,1.0
test,702,3216,13,13,26,0.0,0.9496268656716418,0.9496268656716418,205,0.8839285714285714,0.9595959595959596
test,703,3249,27,0,27,0.008310249307479225,0.9901508156355802,0.9984610649430594,249,0.9933774834437086,1.0
test,704,3249,2,58,60,-0.017236072637734686,0.9325946445060018,0.9153585718682672,250,0.8627450980392157,0.8787878787878788
test,705,765,26,0,26,0.03398692810457516,0.9647058823529412,0.9986928104575163,131,0.9655172413793104,1.0
test,706,3249,5,119,124,-0.03508771929824561,0.9676823638042474,0.9325946445060018,231,0.975,1.0
test,707,3249,11,45,56,-0.010464758387196061,0.9883040935672515,0.9778393351800554,157,0.8631578947368421,0.9878048780487805
test,708,3249,49,83,132,-0.010464758387196061,0.9716835949522931,0.961218836565097,118,0.9041095890410958,0.9848484848484849
test,709,2058,34,0,34,0.01652089407191448,0.9543245869776482,0.9708454810495627,122,0.9180327868852459,0.9285714285714286
test,710,3244,6,11,17,-0.0015413070283600493,0.9975339087546239,0.9959926017262639,99,0.9861111111111112,1.0
test,711,3249,18,8,26,0.0030778701138811943,0.9886118805786396,0.9916897506925207,41,0.9,1.0
test,712,3242,51,178,229,-0.0391733497840839,0.8871067242442936,0.8479333744602098,118,0.7066666666666667,0.8490566037735849
test,713,3249,0,0,0,0.0,1.0,1.0,105,1.0,1.0
test,714,3249,0,1,1,-0.0003077870113881194,0.8990458602646968,0.8987380732533087,83,0.7166666666666667,0.8604651162790697
test,715,3249,68,63,131,0.0015389350569405972,0.9445983379501385,0.9461372730070791,186,0.9745762711864406,0.991304347826087
test,716,3249,11,32,43,-0.006463527239150508,0.9421360418590335,0.935672514619883,98,0.8392857142857143,0.9787234042553191
test,717,3249,56,46,102,0.0030778701138811943,0.9507540781779009,0.9538319482917821,244,0.7548387096774194,0.8974358974358975
test,718,3249,41,27,68,0.0043090181594336715,0.8319482917820868,0.8362573099415205,347,0.7320574162679426,0.6666666666666666
test,719,3249,59,27,86,0.009849184364419821,0.9615266235764851,0.971375807940905,43,0.88,0.9545454545454546
test,720,3249,35,68,103,-0.010156971375807941,0.9402893197907048,0.9301323484148969,191,0.86,1.0
test,721,3249,4,13,17,-0.002770083102493075,0.9892274546014158,0.9864573714989228,363,0.967032967032967,0.9772727272727273
test,722,3249,0,0,0,0.0,1.0,1.0,215,1.0,1.0
test,723,3249,0,2,2,-0.0006155740227762388,0.9996922129886119,0.9990766389658357,141,0.9871794871794872,1.0
test,724,3249,14,77,91,-0.019390581717451522,0.976915974145891,0.9575253924284395,201,0.9818181818181818,1.0
test,725,2191,5,89,94,-0.038338658146964855,0.9621177544500228,0.923779096303058,108,0.9056603773584906,0.9375
test,726,3249,46,54,100,-0.0024622960911049553,0.9809172052939366,0.9784549092028316,60,0.8421052631578947,0.96875
test,727,3249,0,1,1,-0.0003077870113881194,0.9602954755309326,0.9599876885195445,248,0.9295774647887324,0.946969696969697
test,728,3249,20,6,26,0.0043090181594336715,0.9695290858725761,0.9738381040320099,99,0.8225806451612904,0.8627450980392157
test,729,3244,1,0,1,0.00030826140567200987,0.999691738594328,1.0,216,1.0,1.0
test,730,2915,0,0,0,0.0,0.9986277873070326,0.9986277873070326,131,0.9787234042553191,1.0
test,731,3249,15,9,24,0.0018467220683287165,0.9953831948291783,0.997229916897507,63,0.9814814814814815,1.0
test,732,3249,78,108,186,-0.009233610341643583,0.8436441982148353,0.8344105878731918,294,0.6145251396648045,0.8545454545454545
test,733,3249,95,305,400,-0.06463527239150507,0.8328716528162512,0.7682363804247461,255,0.8301886792452831,0.8939393939393939
test,734,3249,98,12,110,0.02646968297937827,0.9658356417359187,0.992305324715297,138,0.8863636363636364,1.0
test,735,3249,92,68,160,0.007386888273314866,0.9507540781779009,0.9581409664512157,91,0.859375,0.9272727272727272
test,736,3249,0,0,0,0.0,1.0,1.0,214,1.0,1.0
test,737,3247,0,0,0,0.0,0.9993840468124423,0.9993840468124423,226,0.9928571428571429,1.0
test,738,3249,78,17,95,0.018775007694675286,0.9526008002462296,0.971375807940905,140,0.9896907216494846,0.9166666666666666
test,739,3048,0,0,0,0.0,1.0,1.0,1,1.0,1.0
test,740,207,0,33,33,-0.15942028985507245,1.0,0.8405797101449275,15,1.0,1.0
test,741,1737,1,0,1,0.0005757052389176742,0.9988485895221646,0.9994242947610823,63,0.975,1.0
test,742,3249,71,67,138,0.0012311480455524776,0.9590643274853801,0.9602954755309326,128,0.8735632183908046,1.0
test,743,3249,0,0,0,0.0,1.0,1.0,69,1.0,1.0
test,744,3249,36,46,82,-0.0030778701138811943,0.904586026469683,0.9015081563558018,128,0.5918367346938775,0.9655172413793104
test,745,3249,4,5,9,-0.0003077870113881194,0.9981532779316713,0.9978454909202832,114,0.9873417721518988,1.0
test,746,3249,0,0,0,0.0,0.9984610649430594,0.9984610649430594,46,0.9629629629629629,0.9615384615384616
test,747,3248,0,0,0,0.0,0.9984605911330049,0.9984605911330049,86,0.9649122807017544,1.0
test,748,3249,20,52,72,-0.009849184364419821,0.961218836565097,0.9513696522006772,189,0.9304347826086956,0.9252336448598131
test,749,3249,2,11,13,-0.002770083102493075,0.9867651585103109,0.9839950754078178,104,0.9692307692307692,1.0
test,750,3249,84,14,98,0.02154509079716836,0.9282856263465682,0.9498307171437366,172,0.9175257731958762,0.9775280898876404
test,751,3249,49,81,130,-0.009849184364419821,0.9273622653124038,0.917513080947984,332,0.8221153846153846,0.9473684210526315
test,752,3249,15,0,15,0.0046168051708217915,0.9953831948291783,1.0,92,1.0,1.0
test,753,3249,72,184,256,-0.03447214527546937,0.9218220991074176,0.8873499538319483,193,0.7086614173228346,0.9555555555555556
test,754,3249,0,0,0,0.0,1.0,1.0,153,1.0,1.0
test,755,3249,91,60,151,0.009541397353031703,0.9285934133579563,0.938134810710988,224,0.8571428571428571,0.9814814814814815
test,756,3249,0,0,0,0.0,1.0,1.0,180,1.0,1.0
test,757,3249,75,145,220,-0.02154509079716836,0.8975069252077562,0.8759618344105878,341,0.6605504587155964,0.9027777777777778
test,758,3249,0,1,1,-0.0003077870113881194,0.9507540781779009,0.9504462911665128,288,0.9764705882352941,1.0
test,759,3249,0,0,0,0.0,1.0,1.0,164,1.0,1.0
test,760,3249,45,17,62,0.008618036318867343,0.9716835949522931,0.9803016312711603,103,0.8571428571428571,0.9444444444444444
test,761,2528,1,20,21,-0.007515822784810127,0.9916930379746836,0.9841772151898734,44,0.8571428571428571,1.0
test,762,3249,0,10,10,-0.0030778701138811943,0.9667590027700831,0.9636811326562019,257,0.9398496240601504,1.0
test,763,3249,0,0,0,0.0,1.0,1.0,494,1.0,1.0
test,764,3249,31,20,51,0.003385657125269314,0.9627577716220376,0.9661434287473069,393,0.9347826086956522,0.958139534883721
test,765,3249,17,24,41,-0.0021545090797168358,0.9849184364419822,0.9827639273622654,128,0.90625,0.9827586206896551
test,766,3249,0,0,0,0.0,1.0,1.0,355,1.0,1.0
test,767,3249,51,77,128,-0.008002462296091105,0.8981224992305324,0.8901200369344413,361,0.8789237668161435,0.9183673469387755
test,768,3249,0,0,0,0.0,1.0,1.0,70,1.0,1.0
test,769,3246,15,0,15,0.0046210720887245845,0.9926062846580407,0.9972273567467652,374,0.995475113122172,0.9954545454545455
test,770,3249,27,56,83,-0.008925823330255463,0.9784549092028316,0.9695290858725761,62,0.9166666666666666,1.0
test,771,3249,76,6,82,0.02154509079716836,0.9673745767928593,0.9889196675900277,112,0.971830985915493,0.9710144927536232
test,772,3249,28,6,34,0.006771314250538628,0.9867651585103109,0.9935364727608494,186,0.9913793103448276,1.0
test,773,3249,119,181,300,-0.019082794706063406,0.8445675592489997,0.8254847645429363,164,0.6122448979591837,0.9166666666666666
test,774,3249,23,48,71,-0.007694675284702986,0.9729147429978455,0.9652200677131425,154,0.8932038834951457,0.9565217391304348
test,775,3249,0,0,0,0.0,1.0,1.0,56,1.0,1.0
test,776,370,0,0,0,0.0,1.0,1.0,68,1.0,1.0
test,777,3249,32,63,95,-0.009541397353031703,0.9766081871345029,0.9670667897814712,410,0.9653679653679653,0.9955156950672646
test,778,3249,143,108,251,0.01077254539858418,0.9104339796860572,0.9212065250846414,122,0.6421052631578947,0.9508196721311475
test,779,3249,15,21,36,-0.0018467220683287165,0.9707602339181287,0.9689135118497999,106,0.9855072463768116,1.0
test,780,3249,0,0,0,0.0,0.9569098184056632,0.9569098184056632,298,0.8983957219251337,0.9583333333333334
test,781,3246,75,54,129,0.006469500924214418,0.9741219963031423,0.9805914972273567,108,0.9516129032258065,1.0
test,782,3249,0,0,0,0.0,0.979378270236996,0.979378270236996,67,0.8809523809523809,1.0
test,783,3249,127,103,230,0.007386888273314866,0.8559556786703602,0.863342566943675,278,0.6935483870967742,0.8372093023255814
test,784,1556,29,38,67,-0.005784061696658098,0.9305912596401028,0.9248071979434447,37,0.631578947368421,1.0
test,785,3249,0,0,0,0.0,1.0,1.0,67,1.0,1.0
test,786,3249,5,19,24,-0.0043090181594336715,0.9953831948291783,0.9910741766697445,192,0.872093023255814,1.0
test,787,3249,18,30,48,-0.003693444136657433,0.9889196675900277,0.9852262234533703,179,0.954954954954955,1.0
test,788,3247,21,54,75,-0.010163227594702803,0.9645826917154297,0.9544194641207269,236,0.8951612903225806,0.990990990990991
test,789,3249,6,10,16,-0.0012311480455524776,0.9953831948291783,0.9941520467836258,187,0.9809523809523809,0.9902912621359223
test,790,3249,0,7,7,-0.0021545090797168358,0.974145891043398,0.9719913819636812,287,0.9354838709677419,1.0
test,791,1525,0,0,0,0.0,0.9685245901639344,0.9685245901639344,42,0.8947368421052632,1.0
test,792,3248,4,15,19,-0.0033866995073891628,0.9947660098522167,0.9913793103448276,278,0.9935897435897436,1.0
test,793,3249,4,48,52,-0.013542628501077255,0.9876885195444752,0.974145891043398,98,0.7096774193548387,0.9772727272727273
test,794,3249,0,1,1,-0.0003077870113881194,0.9756848261003386,0.9753770390889505,180,0.9285714285714286,0.9903846153846154
test,795,3249,3,15,18,-0.003693444136657433,0.992305324715297,0.9886118805786396,325,0.9675675675675676,0.994413407821229
test,796,3249,49,202,251,-0.04709141274238227,0.9412126808248692,0.8941212680824869,237,0.8026315789473685,0.9918032786885246
test,797,3070,1,11,12,-0.003257328990228013,0.9889250814332248,0.9856677524429968,107,0.9452054794520548,1.0
test,798,3249,0,0,0,0.0,1.0,1.0,547,1.0,1.0
test,799,3249,63,62,125,0.0003077870113881194,0.9285934133579563,0.9289012003693444,264,0.8214285714285714,0.9043478260869565
