testbed,tile,N,acc W1 (4 diagonals),acc W16 (all offsets),acc W8 (diagonals + anti-diagonals),acc W7 (diagonals + horizontal phases),C W16 (all offsets),B W16 (all offsets),gain W16 (all offsets),C W8 (diagonals + anti-diagonals),B W8 (diagonals + anti-diagonals),gain W8 (diagonals + anti-diagonals),C W7 (diagonals + horizontal phases),B W7 (diagonals + horizontal phases),gain W7 (diagonals + horizontal phases)
bolivia,0,2463,0.9305724725943971,0.9277304100690216,0.9261063743402355,0.926512383272432,3,10,-0.0028420625253755584,0,11,-0.004466098254161592,5,15,-0.004060089321965083
bolivia,1,2909,0.9721553798556205,0.9749054657958062,0.9738741835682365,0.9690615331729117,13,5,0.002750085940185631,7,2,0.0017188037126160192,12,21,-0.0030938466827088347
bolivia,2,2725,0.9977981651376147,0.9970642201834863,0.9970642201834863,0.9977981651376147,1,3,-0.0007339449541284404,0,2,-0.0007339449541284404,0,0,0.0
bolivia,3,3249,0.938134810710988,0.9369036626654356,0.9365958756540473,0.9375192366882118,10,14,-0.0012311480455524776,7,12,-0.0015389350569405972,18,20,-0.0006155740227762388
bolivia,4,3249,0.9575253924284395,0.9547553093259464,0.9575253924284395,0.9544475223145583,4,13,-0.002770083102493075,5,5,0.0,16,26,-0.0030778701138811943
bolivia,5,3249,0.9316712834718375,0.9298245614035088,0.9301323484148969,0.9298245614035088,4,10,-0.0018467220683287165,3,8,-0.0015389350569405972,14,20,-0.0018467220683287165
bolivia,6,3249,0.9987688519544475,0.9990766389658357,0.9984610649430594,0.9975377039088951,2,1,0.0003077870113881194,0,1,-0.0003077870113881194,1,5,-0.0012311480455524776
bolivia,7,971,0.9742533470648815,0.9742533470648815,0.9742533470648815,0.9742533470648815,0,0,0.0,0,0,0.0,0,0,0.0
bolivia,8,3249,0.9722991689750693,0.9735303170206218,0.9744536780547861,0.9716835949522931,8,4,0.0012311480455524776,8,1,0.0021545090797168358,9,11,-0.0006155740227762388
bolivia,9,3249,0.9485995690981841,0.9501385041551247,0.948291782086796,0.9513696522006772,8,3,0.0015389350569405972,3,4,-0.0003077870113881194,20,11,0.002770083102493075
bolivia,10,2454,0.9555827220863896,0.9568052159739201,0.9568052159739201,0.9584352078239609,5,2,0.0012224938875305623,4,1,0.0012224938875305623,17,10,0.0028524857375713123
bolivia,11,3249,0.9861495844875346,0.9873807325330871,0.9867651585103109,0.9861495844875346,9,5,0.0012311480455524776,8,6,0.0006155740227762388,15,15,0.0
bolivia,12,3249,0.9744536780547861,0.974145891043398,0.9732225300092336,0.9698368728839643,5,6,-0.0003077870113881194,2,6,-0.0012311480455524776,5,20,-0.0046168051708217915
bolivia,13,3249,0.9615266235764851,0.9633733456448138,0.9615266235764851,0.9661434287473069,11,5,0.0018467220683287165,9,9,0.0,19,4,0.0046168051708217915
bolivia,14,2575,0.7895145631067961,0.785242718446602,0.7836893203883495,0.7848543689320389,18,29,-0.004271844660194175,7,22,-0.005825242718446602,31,43,-0.004660194174757282
bolivia,15,2967,0.8968655207280081,0.8961914391641389,0.8965284799460734,0.8975396022918773,8,10,-0.0006740815638692282,6,7,-0.0003370407819346141,14,12,0.0006740815638692282
bolivia,16,1209,0.7783291976840364,0.7849462365591398,0.7758478081058726,0.7832919768403639,28,20,0.006617038875103391,16,19,-0.0024813895781637717,34,28,0.004962779156327543
bolivia,17,2909,0.9749054657958062,0.9745617050532829,0.9738741835682365,0.9718116191130973,2,3,-0.00034376074252320387,0,3,-0.0010312822275696115,3,12,-0.0030938466827088347
bolivia,18,3245,1.0,1.0,1.0,1.0,0,0,0.0,0,0,0.0,0,0,0.0
bolivia,19,2833,0.924108718672785,0.9209318743381574,0.9209318743381574,0.9174020472996823,11,20,-0.0031768443346276033,6,15,-0.0031768443346276033,17,36,-0.006706671373102718
bolivia,20,3249,0.9787626962142197,0.9787626962142197,0.9784549092028316,0.979378270236996,4,4,0.0,2,3,-0.0003077870113881194,8,6,0.0006155740227762388
bolivia,21,3249,0.9208987380732533,0.9212065250846414,0.9193598030163127,0.9156663588796553,13,12,0.0003077870113881194,6,11,-0.0015389350569405972,13,30,-0.0052323791935980305
bolivia,22,3249,0.7168359495229302,0.7214527546937519,0.7180670975684826,0.7266851338873499,28,13,0.0046168051708217915,18,14,0.0012311480455524776,52,20,0.009849184364419821
bolivia,23,3249,0.7060634041243459,0.7066789781471222,0.7116035703293321,0.7066789781471222,47,45,0.0006155740227762388,38,20,0.00554016620498615,74,72,0.0006155740227762388
bolivia,24,3249,0.7854724530624808,0.7842413050169283,0.786088027085257,0.7882425361649739,11,15,-0.0012311480455524776,9,7,0.0006155740227762388,37,28,0.002770083102493075
bolivia,25,3249,0.9833795013850416,0.9836872883964297,0.9833795013850416,0.9864573714989228,3,2,0.0003077870113881194,1,1,0.0,11,1,0.0030778701138811943
bolivia,26,3231,0.9721448467966574,0.9721448467966574,0.9721448467966574,0.97090683998762,0,0,0.0,0,0,0.0,1,5,-0.0012380068090374497
bolivia,27,397,0.7707808564231738,0.7682619647355163,0.778337531486146,0.7758186397984886,2,3,-0.0025188916876574307,5,2,0.007556675062972292,11,9,0.005037783375314861
bolivia,28,677,0.7341211225997046,0.7355982274741506,0.741506646971935,0.741506646971935,5,4,0.0014771048744460858,6,1,0.007385524372230428,7,2,0.007385524372230428
bolivia,29,3249,0.8679593721144968,0.8676515851031086,0.8676515851031086,0.8676515851031086,0,1,-0.0003077870113881194,0,1,-0.0003077870113881194,0,1,-0.0003077870113881194
bolivia,30,3249,0.8642659279778393,0.8648815020006155,0.8636503539550631,0.8658048630347799,24,22,0.0006155740227762388,18,20,-0.0006155740227762388,37,32,0.0015389350569405972
bolivia,31,3249,0.9042782394582949,0.9042782394582949,0.9048938134810711,0.907356109572176,3,3,0.0,2,0,0.0006155740227762388,13,3,0.0030778701138811943
bolivia,32,3243,0.9864323157570151,0.9864323157570151,0.9864323157570151,0.9864323157570151,0,0,0.0,0,0,0.0,0,0,0.0
bolivia,33,3144,0.8874045801526718,0.8877226463104326,0.8874045801526718,0.885178117048346,10,9,0.0003180661577608143,5,5,0.0,18,25,-0.0022264631043256997
bolivia,34,2289,0.9335954565312363,0.9349060725207514,0.9314110965487112,0.9331585845347313,11,8,0.001310615989515072,3,8,-0.00218435998252512,11,12,-0.00043687199650502403
bolivia,35,2249,0.879057358826145,0.8808359270787016,0.88172521120498,0.879057358826145,13,9,0.0017785682525566918,7,1,0.0026678523788350376,24,24,0.0
bolivia,36,2166,0.9995383194829178,0.9995383194829178,0.9995383194829178,0.9995383194829178,0,0,0.0,0,0,0.0,0,0,0.0
bolivia,37,3249,0.9387503847337643,0.9396737457679286,0.9399815327793167,0.9424438288704217,12,9,0.0009233610341643582,8,4,0.0012311480455524776,35,23,0.003693444136657433
bolivia,38,3243,0.9167437557816837,0.9133518347209374,0.9145852605612088,0.9078014184397163,11,22,-0.0033919210607462227,12,19,-0.002158495220474869,24,53,-0.008942337341967314
bolivia,39,317,0.8138801261829653,0.8233438485804416,0.8170347003154574,0.8201892744479495,6,3,0.00946372239747634,4,3,0.0031545741324921135,5,3,0.006309148264984227
bolivia,40,7,1.0,1.0,1.0,1.0,0,0,0.0,0,0,0.0,0,0,0.0
bolivia,41,598,0.9046822742474916,0.9096989966555185,0.903010033444816,0.9063545150501673,3,0,0.005016722408026756,0,1,-0.0016722408026755853,3,2,0.0016722408026755853
bolivia,42,3249,0.9938442597722376,0.9929208987380732,0.9929208987380732,0.9929208987380732,0,3,-0.0009233610341643582,0,3,-0.0009233610341643582,0,3,-0.0009233610341643582
bolivia,43,3249,0.982148353339489,0.982148353339489,0.982148353339489,0.9827639273622654,0,0,0.0,0,0,0.0,2,0,0.0006155740227762388
bolivia,44,2501,0.850859656137545,0.8548580567772891,0.8544582167133147,0.8548580567772891,19,9,0.003998400639744102,16,7,0.003598560575769692,21,11,0.003998400639744102
bolivia,45,490,0.4387755102040817,0.44285714285714284,0.4408163265306122,0.4530612244897959,4,2,0.004081632653061225,4,3,0.0020408163265306124,13,6,0.014285714285714285
bolivia,46,313,0.33226837060702874,0.3386581469648562,0.3482428115015974,0.3226837060702875,6,4,0.006389776357827476,6,1,0.01597444089456869,4,7,-0.009584664536741214
bolivia,48,1288,0.9976708074534162,0.9976708074534162,0.9976708074534162,0.9968944099378882,0,0,0.0,0,0,0.0,0,1,-0.0007763975155279503
bolivia,49,3249,0.9418282548476454,0.9424438288704217,0.9427516158818098,0.9412126808248692,3,1,0.0006155740227762388,3,0,0.0009233610341643582,0,2,-0.0006155740227762388
bolivia,50,3249,0.9168975069252078,0.917513080947984,0.9181286549707602,0.9172052939365959,7,5,0.0006155740227762388,8,4,0.0012311480455524776,12,11,0.0003077870113881194
bolivia,51,3249,0.8959679901508156,0.8981224992305324,0.8965835641735919,0.8990458602646968,19,12,0.0021545090797168358,10,8,0.0006155740227762388,33,23,0.0030778701138811943
bolivia,52,73,0.7945205479452055,0.8082191780821918,0.8082191780821918,0.7808219178082192,2,1,0.0136986301369863,1,0,0.0136986301369863,4,5,-0.0136986301369863
bolivia,53,185,0.9405405405405405,0.9459459459459459,0.9567567567567568,0.9297297297297298,2,1,0.005405405405405406,3,0,0.016216216216216217,1,3,-0.010810810810810811
bolivia,54,662,0.877643504531722,0.8821752265861027,0.8806646525679758,0.8851963746223565,9,6,0.004531722054380665,4,2,0.0030211480362537764,14,9,0.0075528700906344415
bolivia,55,1158,0.8618307426597582,0.8601036269430051,0.8635578583765112,0.8523316062176166,6,8,-0.0017271157167530224,6,4,0.0017271157167530224,2,13,-0.009499136442141624
bolivia,56,2688,0.8865327380952381,0.8846726190476191,0.8880208333333334,0.8850446428571429,6,11,-0.0018601190476190475,9,5,0.001488095238095238,16,20,-0.001488095238095238
bolivia,57,3249,0.9633733456448138,0.9642967066789782,0.9649122807017544,0.9618344105878732,7,4,0.0009233610341643582,7,2,0.0015389350569405972,3,8,-0.0015389350569405972
bolivia,58,3241,0.9136069114470843,0.9154581919160752,0.9157667386609072,0.9157667386609072,21,15,0.0018512804689910522,21,14,0.0021598272138228943,39,32,0.0021598272138228943
bolivia,59,1959,0.9821337417049515,0.9800918836140888,0.9806023481368045,0.9795814190913732,2,6,-0.002041858090862685,2,5,-0.0015313935681470138,7,12,-0.002552322613578356
bolivia,60,2249,0.8875055580257892,0.8932859048465985,0.8879502000889284,0.8839484215206759,17,4,0.005780346820809248,6,5,0.00044464206313917296,18,26,-0.0035571365051133837
bolivia,61,2990,0.9377926421404682,0.9374581939799331,0.937123745819398,0.9377926421404682,6,7,-0.00033444816053511704,5,7,-0.0006688963210702341,24,24,0.0
bolivia,62,1526,0.8630406290956749,0.8564875491480997,0.8591087811271297,0.8623853211009174,8,18,-0.00655307994757536,4,10,-0.003931847968545216,19,20,-0.000655307994757536
bolivia,63,2509,0.9752889597449182,0.9764846552411319,0.9760860900757273,0.9760860900757273,5,2,0.0011956954962136308,3,1,0.0007971303308090873,8,6,0.0007971303308090873
bolivia,64,3058,0.9310006540222368,0.9306736429038587,0.9290385873119686,0.9316546762589928,6,7,-0.0003270111183780249,5,11,-0.001962066710268149,17,15,0.0006540222367560497
bolivia,65,2732,0.9238653001464129,0.9231332357247438,0.921303074670571,0.9231332357247438,6,8,-0.0007320644216691069,3,10,-0.002562225475841874,18,20,-0.0007320644216691069
bolivia,66,3248,0.9221059113300493,0.9227216748768473,0.9239532019704434,0.9239532019704434,16,14,0.0006157635467980296,13,7,0.0018472906403940886,35,29,0.0018472906403940886
bolivia,67,2420,0.8876033057851239,0.8876033057851239,0.8867768595041322,0.8892561983471075,10,10,0.0,7,9,-0.0008264462809917355,30,26,0.001652892561983471
bolivia,68,3249,0.9184364419821484,0.9261311172668514,0.9233610341643582,0.9172052939365959,55,30,0.007694675284702986,31,15,0.0049245921822099106,65,69,-0.0012311480455524776
bolivia,69,3249,0.9578331794398276,0.9602954755309326,0.9602954755309326,0.9550630963373345,11,3,0.0024622960911049553,10,2,0.0024622960911049553,12,21,-0.002770083102493075
bolivia,70,3249,0.9301323484148969,0.9285934133579563,0.9285934133579563,0.922745460141582,20,25,-0.0015389350569405972,11,16,-0.0015389350569405972,17,41,-0.007386888273314866
bolivia,71,3249,0.9569098184056632,0.9575253924284395,0.9575253924284395,0.9550630963373345,12,10,0.0006155740227762388,7,5,0.0006155740227762388,21,27,-0.0018467220683287165
bolivia,72,2441,0.9250307251126587,0.9238017206063089,0.9229823842687424,0.9151986890618599,12,15,-0.0012290045063498567,11,16,-0.0020483408439164277,16,40,-0.009832036050798854
bolivia,73,2011,0.9880656389855793,0.9905519641969169,0.9900546991546494,0.9885629040278469,5,0,0.002486325211337643,4,0,0.001989060169070114,6,5,0.0004972650422675286
bolivia,74,2221,0.984691580369203,0.9855920756416029,0.9842413327330032,0.9855920756416029,5,3,0.0009004952723998199,1,2,-0.00045024763619990995,9,7,0.0009004952723998199
bolivia,75,3249,0.4013542628501078,0.39550630963373345,0.39581409664512157,0.3921206525084642,22,41,-0.005847953216374269,19,37,-0.00554016620498615,20,50,-0.009233610341643583
bolivia,76,3249,0.9698368728839643,0.9732225300092336,0.9710680209295168,0.9649122807017544,26,15,0.003385657125269314,13,9,0.0012311480455524776,28,44,-0.0049245921822099106
bolivia,77,3249,0.9873807325330871,0.9876885195444752,0.9876885195444752,0.9852262234533703,5,4,0.0003077870113881194,5,4,0.0003077870113881194,8,15,-0.0021545090797168358
bolivia,78,3249,0.9642967066789782,0.9642967066789782,0.9646044936903663,0.9621421975992613,19,19,0.0,9,8,0.0003077870113881194,21,28,-0.0021545090797168358
bolivia,79,3249,0.9642967066789782,0.9649122807017544,0.9655278547245306,0.96398891966759,7,5,0.0006155740227762388,7,3,0.0012311480455524776,12,13,-0.0003077870113881194
bolivia,80,3249,0.9365958756540473,0.9378270236995999,0.9369036626654356,0.9307479224376731,17,13,0.0012311480455524776,10,9,0.0003077870113881194,20,39,-0.005847953216374269
bolivia,81,3249,0.9473684210526316,0.9489073561095722,0.9461372730070791,0.9452139119729147,21,16,0.0015389350569405972,12,16,-0.0012311480455524776,30,37,-0.0021545090797168358
bolivia,82,3249,0.8855032317636196,0.8855032317636196,0.8842720837180671,0.8701138811942136,19,19,0.0,13,17,-0.0012311480455524776,24,74,-0.015389350569405972
bolivia,83,3249,0.9901508156355802,0.9886118805786396,0.9895352416128039,0.9883040935672515,1,6,-0.0015389350569405972,0,2,-0.0006155740227762388,1,7,-0.0018467220683287165
bolivia,84,3249,0.8941212680824869,0.8898122499230532,0.8975069252077562,0.8879655278547245,19,33,-0.0043090181594336715,22,11,0.003385657125269314,33,53,-0.006155740227762389
bolivia,85,3249,0.8399507540781779,0.8421052631578947,0.8414896891351185,0.8427208371806709,18,11,0.0021545090797168358,17,12,0.0015389350569405972,26,17,0.002770083102493075
bolivia,86,3249,0.5989535241612804,0.5958756540473992,0.6014158202523854,0.5915666358879655,33,43,-0.0030778701138811943,26,18,0.0024622960911049553,33,57,-0.007386888273314866
bolivia,87,3249,0.9630655586334257,0.9636811326562019,0.9618344105878732,0.961218836565097,7,5,0.0006155740227762388,3,7,-0.0012311480455524776,10,16,-0.0018467220683287165
bolivia,88,2971,0.8333894311679569,0.8296869740828003,0.8303601480982834,0.8276674520363514,11,22,-0.003702457085156513,9,18,-0.0030292830696735107,15,32,-0.00572197913160552
bolivia,89,3249,0.8796552785472453,0.8753462603878116,0.8778085564789166,0.8747306863650354,8,22,-0.0043090181594336715,6,12,-0.0018467220683287165,18,34,-0.0049245921822099106
bolivia,90,3168,0.8424873737373737,0.8443813131313131,0.8421717171717171,0.8380681818181819,34,28,0.001893939393939394,26,27,-0.0003156565656565657,54,68,-0.004419191919191919
bolivia,91,471,0.9936305732484076,0.9957537154989384,0.9957537154989384,0.9957537154989384,1,0,0.0021231422505307855,1,0,0.0021231422505307855,1,0,0.0021231422505307855
bolivia,92,3249,0.9722991689750693,0.9738381040320099,0.9726069559864574,0.9695290858725761,13,8,0.0015389350569405972,9,8,0.0003077870113881194,8,17,-0.002770083102493075
bolivia,93,1785,0.9238095238095239,0.9260504201680673,0.9266106442577031,0.915406162464986,6,2,0.002240896358543417,6,1,0.0028011204481792717,9,24,-0.008403361344537815
bolivia,94,1361,0.8824393828067597,0.881704628949302,0.8795003673769287,0.8714180749448934,9,10,-0.0007347538574577516,3,7,-0.0029390154298310064,6,21,-0.011021307861866276
bolivia,95,1122,0.9500891265597148,0.9456327985739751,0.9483065953654188,0.9438502673796791,2,7,-0.004456327985739751,3,5,-0.0017825311942959,1,8,-0.006238859180035651
bolivia,96,3064,0.8293080939947781,0.8260443864229765,0.8237597911227155,0.83322454308094,18,28,-0.0032637075718015664,11,28,-0.005548302872062663,29,17,0.0039164490861618795
bolivia,97,642,0.6806853582554517,0.6869158878504673,0.6884735202492211,0.677570093457944,9,5,0.006230529595015576,6,1,0.00778816199376947,7,9,-0.003115264797507788
bolivia,98,3249,0.9787626962142197,0.9815327793167128,0.9809172052939366,0.9846106494305941,18,9,0.002770083102493075,14,7,0.0021545090797168358,25,6,0.005847953216374269
bolivia,99,252,0.4563492063492064,0.45238095238095233,0.46031746031746035,0.44047619047619047,2,3,-0.003968253968253968,2,1,0.003968253968253968,1,5,-0.015873015873015872
bolivia,100,3249,0.9205909510618652,0.9245921822099108,0.9224376731301939,0.9212065250846414,27,14,0.0040012311480455524,12,6,0.0018467220683287165,15,13,0.0006155740227762388
bolivia,101,3249,0.9883040935672515,0.989843028624192,0.9889196675900277,0.987072945521699,7,2,0.0015389350569405972,3,1,0.0006155740227762388,8,12,-0.0012311480455524776
bolivia,102,3249,0.9883040935672515,0.9873807325330871,0.9876885195444752,0.9839950754078178,2,5,-0.0009233610341643582,2,4,-0.0006155740227762388,1,15,-0.0043090181594336715
bolivia,103,3249,0.9606032625423208,0.9606032625423208,0.9606032625423208,0.9606032625423208,0,0,0.0,0,0,0.0,0,0,0.0
bolivia,104,3249,0.8790397045244691,0.8821175746383503,0.8827331486611265,0.881502000615574,32,22,0.0030778701138811943,25,13,0.003693444136657433,35,27,0.0024622960911049553
bolivia,105,3249,0.9239766081871346,0.9273622653124038,0.9255155432440751,0.9273622653124038,18,7,0.003385657125269314,12,7,0.0015389350569405972,24,13,0.003385657125269314
bolivia,106,3249,0.9504462911665128,0.953524161280394,0.9526008002462296,0.9424438288704217,25,15,0.0030778701138811943,21,14,0.0021545090797168358,16,42,-0.008002462296091105
bolivia,107,3249,0.9929208987380732,0.9929208987380732,0.9929208987380732,0.9929208987380732,0,0,0.0,0,0,0.0,0,0,0.0
bolivia,108,3249,0.8667282240689442,0.8713450292397661,0.8701138811942136,0.8645737149892274,35,20,0.0046168051708217915,23,12,0.003385657125269314,34,41,-0.0021545090797168358
bolivia,109,3249,0.8276392736226531,0.8227146814404432,0.827331486611265,0.8131732840874115,35,51,-0.0049245921822099106,28,29,-0.0003077870113881194,52,99,-0.014465989535241613
bolivia,110,3249,0.8104032009849185,0.8094798399507541,0.8137888581101878,0.799015081563558,41,44,-0.0009233610341643582,33,22,0.003385657125269314,47,84,-0.01138811942136042
bolivia,111,3249,0.9892274546014158,0.989843028624192,0.9901508156355802,0.9886118805786396,6,4,0.0006155740227762388,7,4,0.0009233610341643582,7,9,-0.0006155740227762388
bolivia,112,3249,0.8614958448753463,0.8618036318867344,0.8602646968297938,0.853185595567867,23,22,0.0003077870113881194,17,21,-0.0012311480455524776,28,55,-0.008310249307479225
bolivia,113,3249,0.9424438288704217,0.9439827639273622,0.9427516158818098,0.9445983379501385,18,13,0.0015389350569405972,10,9,0.0003077870113881194,20,13,0.0021545090797168358
bolivia,114,3249,0.9547553093259464,0.9550630963373345,0.9526008002462296,0.9513696522006772,24,23,0.0003077870113881194,11,18,-0.0021545090797168358,36,47,-0.003385657125269314
bolivia,115,3249,0.9572176054170514,0.9569098184056632,0.9569098184056632,0.9596799015081564,15,16,-0.0003077870113881194,10,11,-0.0003077870113881194,23,15,0.0024622960911049553
bolivia,116,3249,0.8925823330255463,0.8882733148661126,0.8904278239458295,0.8913511849799939,11,25,-0.0043090181594336715,8,15,-0.0021545090797168358,24,28,-0.0012311480455524776
bolivia,117,3249,0.9218220991074176,0.9239766081871346,0.9236688211757463,0.9190520160049246,25,18,0.0021545090797168358,20,14,0.0018467220683287165,36,45,-0.002770083102493075
bolivia,118,3249,0.8374884579870729,0.8417974761465066,0.8408741151123422,0.8436441982148353,36,22,0.0043090181594336715,29,18,0.003385657125269314,58,38,0.006155740227762389
bolivia,119,3249,0.809172052939366,0.8085564789165898,0.8153277931671283,0.8079409048938135,35,37,-0.0006155740227762388,35,15,0.006155740227762389,57,61,-0.0012311480455524776
bolivia,120,3249,0.9676823638042474,0.9698368728839643,0.9667590027700831,0.961218836565097,19,12,0.0021545090797168358,11,14,-0.0009233610341643582,31,52,-0.006463527239150508
bolivia,121,3249,0.9830717143736535,0.9830717143736535,0.9827639273622654,0.9778393351800554,9,9,0.0,7,8,-0.0003077870113881194,14,31,-0.0052323791935980305
bolivia,122,3249,0.7220683287165282,0.7226839027393044,0.7266851338873499,0.7245306248076331,45,43,0.0006155740227762388,37,22,0.0046168051708217915,80,72,0.0024622960911049553
bolivia,123,3249,0.9676823638042474,0.9658356417359187,0.9646044936903663,0.9633733456448138,18,24,-0.0018467220683287165,14,24,-0.0030778701138811943,25,39,-0.0043090181594336715
bolivia,124,3249,0.9282856263465682,0.9264389042782395,0.9273622653124038,0.9168975069252078,24,30,-0.0018467220683287165,21,24,-0.0009233610341643582,24,61,-0.01138811942136042
bolivia,125,3249,0.9082794706063404,0.914742997845491,0.9082794706063404,0.9076638965835642,30,9,0.006463527239150508,15,15,0.0,24,26,-0.0006155740227762388
bolivia,126,3249,0.9873807325330871,0.9876885195444752,0.9879963065558633,0.9907663896583564,6,5,0.0003077870113881194,6,4,0.0006155740227762388,15,4,0.003385657125269314
bolivia,127,3249,0.9516774392120653,0.953524161280394,0.9522930132348415,0.9449061249615266,25,19,0.0018467220683287165,12,10,0.0006155740227762388,32,54,-0.006771314250538628
bolivia,128,3249,0.9372114496768237,0.9412126808248692,0.9378270236995999,0.935672514619883,30,17,0.0040012311480455524,16,14,0.0006155740227762388,33,38,-0.0015389350569405972
bolivia,129,3249,0.9966143428747307,0.9975377039088951,0.9966143428747307,0.997229916897507,3,0,0.0009233610341643582,0,0,0.0,3,1,0.0006155740227762388
bolivia,130,3249,0.992305324715297,0.9919975377039089,0.9926131117266851,0.9858417974761465,4,5,-0.0003077870113881194,4,3,0.0003077870113881194,4,25,-0.006463527239150508
bolivia,131,3249,0.9485995690981841,0.9516774392120653,0.9473684210526316,0.9492151431209603,21,11,0.0030778701138811943,14,18,-0.0012311480455524776,40,38,0.0006155740227762388
bolivia,132,3249,0.9621421975992613,0.9642967066789782,0.9627577716220376,0.961218836565097,12,5,0.0021545090797168358,10,8,0.0006155740227762388,18,21,-0.0009233610341643582
bolivia,133,3249,0.9485995690981841,0.9458294859956909,0.9492151431209603,0.9418282548476454,11,20,-0.002770083102493075,11,9,0.0006155740227762388,16,38,-0.006771314250538628
bolivia,134,3249,0.9501385041551247,0.9522930132348415,0.951061865189289,0.9442905509387504,28,21,0.0021545090797168358,23,20,0.0009233610341643582,37,56,-0.005847953216374269
bolivia,135,3249,0.9984610649430594,0.9981532779316713,0.9981532779316713,0.9978454909202832,2,3,-0.0003077870113881194,1,2,-0.0003077870113881194,0,2,-0.0006155740227762388
bolivia,136,3249,0.912588488765774,0.9208987380732533,0.912588488765774,0.9128962757771621,52,25,0.008310249307479225,26,26,0.0,39,38,0.0003077870113881194
bolivia,137,3249,0.9464450600184672,0.9476762080640198,0.9470606340412434,0.9421360418590335,14,10,0.0012311480455524776,8,6,0.0006155740227762388,11,25,-0.0043090181594336715
bolivia,138,3249,0.9722991689750693,0.9738381040320099,0.9726069559864574,0.9704524469067405,9,4,0.0015389350569405972,4,3,0.0003077870113881194,8,14,-0.0018467220683287165
bolivia,139,3249,0.8544167436134196,0.8574946137273007,0.8562634656817483,0.8627269929208987,29,19,0.0030778701138811943,26,20,0.0018467220683287165,73,46,0.008310249307479225
bolivia,140,3249,0.9421360418590335,0.9409048938134811,0.9436749769159741,0.9421360418590335,8,12,-0.0012311480455524776,11,6,0.0015389350569405972,23,23,0.0
bolivia,141,3249,0.9790704832256079,0.9839950754078178,0.9824561403508771,0.9775315481686673,22,6,0.0049245921822099106,16,5,0.003385657125269314,34,39,-0.0015389350569405972
bolivia,142,3249,0.9722991689750693,0.9716835949522931,0.9716835949522931,0.9630655586334257,12,14,-0.0006155740227762388,13,15,-0.0006155740227762388,13,43,-0.009233610341643583
bolivia,143,3249,0.9784549092028316,0.9778393351800554,0.9778393351800554,0.9716835949522931,8,10,-0.0006155740227762388,9,11,-0.0006155740227762388,12,34,-0.006771314250538628
bolivia,144,3249,0.9150507848568791,0.9104339796860572,0.9132040627885503,0.9036626654355187,24,39,-0.0046168051708217915,19,25,-0.0018467220683287165,47,84,-0.01138811942136042
bolivia,145,3249,0.9867651585103109,0.9867651585103109,0.9876885195444752,0.9889196675900277,2,2,0.0,3,0,0.0009233610341643582,9,2,0.0021545090797168358
bolivia,146,3249,0.9993844259772238,0.9990766389658357,0.9990766389658357,0.9987688519544475,0,1,-0.0003077870113881194,0,1,-0.0003077870113881194,0,2,-0.0006155740227762388
bolivia,147,3249,0.9839950754078178,0.9833795013850416,0.9833795013850416,0.9812249923053247,2,4,-0.0006155740227762388,3,5,-0.0006155740227762388,8,17,-0.002770083102493075
bolivia,148,3249,0.9101261926746691,0.9070483225607879,0.9064327485380117,0.909818405663281,25,35,-0.0030778701138811943,15,27,-0.003693444136657433,43,44,-0.0003077870113881194
bolivia,149,3249,0.9759926131117267,0.9701446598953524,0.9722991689750693,0.9642967066789782,16,35,-0.005847953216374269,13,25,-0.003693444136657433,24,62,-0.011695906432748537
bolivia,150,3249,0.9996922129886119,0.9996922129886119,0.9993844259772238,0.9987688519544475,1,1,0.0,0,1,-0.0003077870113881194,0,3,-0.0009233610341643582
bolivia,151,3249,0.9846106494305941,0.9861495844875346,0.9855340104647584,0.9812249923053247,13,8,0.0015389350569405972,9,6,0.0009233610341643582,18,29,-0.003385657125269314
bolivia,152,3249,0.987072945521699,0.9879963065558633,0.9883040935672515,0.9883040935672515,3,0,0.0009233610341643582,4,0,0.0012311480455524776,6,2,0.0012311480455524776
bolivia,153,3249,0.9122807017543859,0.9113573407202216,0.912588488765774,0.9092028316405047,20,23,-0.0009233610341643582,17,16,0.0003077870113881194,25,35,-0.0030778701138811943
bolivia,154,3249,0.9338257925515543,0.9310557094490612,0.9325946445060018,0.9316712834718375,7,16,-0.002770083102493075,5,9,-0.0012311480455524776,7,14,-0.0021545090797168358
bolivia,155,3249,0.7466912896275777,0.7494613727300707,0.7485380116959064,0.747614650661742,19,10,0.002770083102493075,10,4,0.0018467220683287165,23,20,0.0009233610341643582
bolivia,156,3249,0.9753770390889505,0.974145891043398,0.9747614650661742,0.9670667897814712,2,6,-0.0012311480455524776,4,6,-0.0006155740227762388,17,44,-0.008310249307479225
bolivia,157,3249,0.9990766389658357,0.9990766389658357,0.9990766389658357,0.9990766389658357,0,0,0.0,0,0,0.0,0,0,0.0
bolivia,158,3249,0.9932286857494613,0.9935364727608494,0.9932286857494613,0.992305324715297,2,1,0.0003077870113881194,1,1,0.0,2,5,-0.0009233610341643582
bolivia,159,3249,0.9846106494305941,0.9852262234533703,0.9852262234533703,0.9824561403508771,5,3,0.0006155740227762388,5,3,0.0006155740227762388,12,19,-0.0021545090797168358
bolivia,160,3249,0.9969221298861188,0.9969221298861188,0.9969221298861188,0.9969221298861188,0,0,0.0,0,0,0.0,0,0,0.0
bolivia,161,3249,0.9978454909202832,0.9981532779316713,0.9975377039088951,0.9978454909202832,1,0,0.0003077870113881194,1,2,-0.0003077870113881194,7,7,0.0
bolivia,162,3249,0.9966143428747307,0.9966143428747307,0.9963065558633426,0.9963065558633426,1,1,0.0,1,2,-0.0003077870113881194,1,2,-0.0003077870113881194
bolivia,163,3249,0.9796860572483841,0.9796860572483841,0.9818405663281009,0.9772237611572792,15,15,0.0,14,7,0.0021545090797168358,15,23,-0.0024622960911049553
bolivia,164,3249,0.9981532779316713,0.9981532779316713,0.9981532779316713,0.9981532779316713,0,0,0.0,0,0,0.0,0,0,0.0
bolivia,165,3249,0.997229916897507,0.997229916897507,0.997229916897507,0.997229916897507,0,0,0.0,0,0,0.0,0,0,0.0
bolivia,166,3249,0.9901508156355802,0.9904586026469683,0.9904586026469683,0.9907663896583564,3,2,0.0003077870113881194,2,1,0.0003077870113881194,5,3,0.0006155740227762388
bolivia,167,3249,0.9990766389658357,0.9990766389658357,0.9990766389658357,0.9990766389658357,0,0,0.0,0,0,0.0,0,0,0.0
bolivia,168,3249,0.935672514619883,0.9344413665743305,0.9359803016312711,0.9353647276084949,20,24,-0.0012311480455524776,9,8,0.0003077870113881194,22,23,-0.0003077870113881194
bolivia,169,3249,1.0,1.0,1.0,1.0,0,0,0.0,0,0,0.0,0,0,0.0
bolivia,170,3249,1.0,1.0,1.0,1.0,0,0,0.0,0,0,0.0,0,0,0.0
bolivia,171,3249,0.9849184364419822,0.9846106494305941,0.9855340104647584,0.9846106494305941,5,6,-0.0003077870113881194,5,3,0.0006155740227762388,8,9,-0.0003077870113881194
bolivia,172,2909,0.9986249570299072,0.9986249570299072,0.9986249570299072,0.9986249570299072,0,0,0.0,0,0,0.0,0,0,0.0
bolivia,173,136,0.36764705882352944,0.36764705882352944,0.36764705882352944,0.36764705882352944,0,0,0.0,0,0,0.0,0,0,0.0
bolivia,174,1588,0.8652392947103275,0.8583123425692696,0.860831234256927,0.8627204030226701,4,15,-0.0069269521410579345,1,8,-0.004408060453400504,8,12,-0.0025188916876574307
bolivia,175,1668,0.9388489208633094,0.9382494004796164,0.9364508393285371,0.9322541966426858,6,7,-0.0005995203836930455,2,6,-0.002398081534772182,9,20,-0.006594724220623501
bolivia,176,694,1.0,1.0,1.0,1.0,0,0,0.0,0,0,0.0,0,0,0.0
bolivia,177,3249,0.9248999692212989,0.9264389042782395,0.9245921822099108,0.9264389042782395,13,8,0.0015389350569405972,6,7,-0.0003077870113881194,22,17,0.0015389350569405972
bolivia,178,2930,0.9583617747440273,0.9569965870307168,0.9587030716723549,0.9563139931740614,4,8,-0.0013651877133105802,6,5,0.00034129692832764505,15,21,-0.0020477815699658703
bolivia,179,1457,0.9924502402196294,0.9924502402196294,0.9924502402196294,0.9924502402196294,0,0,0.0,0,0,0.0,0,0,0.0
bolivia,180,3249,0.9492151431209603,0.951061865189289,0.9495229301323485,0.9498307171437366,15,9,0.0018467220683287165,9,8,0.0003077870113881194,20,18,0.0006155740227762388
bolivia,181,3249,0.9624499846106495,0.9630655586334257,0.96398891966759,0.9596799015081564,14,12,0.0006155740227762388,10,5,0.0015389350569405972,18,27,-0.002770083102493075
bolivia,182,2410,0.9062240663900415,0.9066390041493776,0.9099585062240664,0.9037344398340249,11,10,0.0004149377593360996,14,5,0.0037344398340248964,18,24,-0.0024896265560165973
bolivia,183,3249,0.9566020313942751,0.9566020313942751,0.9575253924284395,0.9538319482917821,18,18,0.0,15,12,0.0009233610341643582,15,24,-0.002770083102493075
bolivia,184,3249,0.9212065250846414,0.9255155432440751,0.9236688211757463,0.920283164050477,19,5,0.0043090181594336715,14,6,0.0024622960911049553,16,19,-0.0009233610341643582
bolivia,185,9,1.0,1.0,1.0,1.0,0,0,0.0,0,0,0.0,0,0,0.0
bolivia,186,3235,0.9323029366306028,0.9319938176197836,0.9310664605873261,0.9319938176197836,10,11,-0.0003091190108191654,4,8,-0.0012364760432766616,22,23,-0.0003091190108191654
bolivia,187,3249,0.9729147429978455,0.974145891043398,0.9732225300092336,0.9710680209295168,5,1,0.0012311480455524776,4,3,0.0003077870113881194,16,22,-0.0018467220683287165
bolivia,188,3249,0.8584179747614651,0.858110187750077,0.8534933825792552,0.8534933825792552,23,24,-0.0003077870113881194,11,27,-0.0049245921822099106,24,40,-0.0049245921822099106
bolivia,189,673,0.4205052005943536,0.4294205052005944,0.42793462109955427,0.41604754829123325,9,3,0.008915304606240713,5,0,0.007429420505200594,10,13,-0.004457652303120356
bolivia,190,2836,0.9016220028208745,0.9002115655853314,0.8998589562764457,0.9044428772919605,11,15,-0.0014104372355430183,12,17,-0.001763046544428773,31,23,0.0028208744710860366
bolivia,191,3249,0.9618344105878732,0.9590643274853801,0.961218836565097,0.9590643274853801,8,17,-0.002770083102493075,7,9,-0.0006155740227762388,21,30,-0.002770083102493075
bolivia,192,3249,0.8694983071714374,0.8701138811942136,0.8698060941828255,0.8673437980917205,20,18,0.0006155740227762388,14,13,0.0003077870113881194,25,32,-0.0021545090797168358
bolivia,193,1410,0.8666666666666667,0.873758865248227,0.875177304964539,0.8801418439716312,16,6,0.0070921985815602835,13,1,0.00851063829787234,27,8,0.01347517730496454
bolivia,194,3249,0.9686057248384118,0.9707602339181287,0.9686057248384118,0.9624499846106495,13,6,0.0021545090797168358,6,6,0.0,13,33,-0.006155740227762389
bolivia,195,3249,0.9301323484148969,0.9292089873807325,0.9289012003693444,0.9301323484148969,5,8,-0.0009233610341643582,2,6,-0.0012311480455524776,17,17,0.0
bolivia,196,3249,0.940597106802093,0.9415204678362573,0.9415204678362573,0.9399815327793167,4,1,0.0009233610341643582,4,1,0.0009233610341643582,5,7,-0.0006155740227762388
bolivia,197,2353,0.7352316192095197,0.7365065873353166,0.7356566085847853,0.7377815554611135,18,15,0.0012749681257968552,12,11,0.00042498937526561835,30,24,0.0025499362515937103
bolivia,198,3249,0.9790704832256079,0.979378270236996,0.9790704832256079,0.976915974145891,5,4,0.0003077870113881194,3,3,0.0,8,15,-0.0021545090797168358
bolivia,199,2837,0.9471272470919986,0.9471272470919986,0.9464222770532252,0.9460697920338386,3,3,0.0,1,3,-0.0007049700387733521,0,3,-0.0010574550581600281
bolivia,200,3249,0.8045552477685441,0.8039396737457679,0.8085564789165898,0.8100954139735304,29,31,-0.0006155740227762388,25,12,0.0040012311480455524,50,32,0.00554016620498615
bolivia,201,1113,0.9991015274034142,0.9991015274034142,0.9991015274034142,0.9991015274034142,0,0,0.0,0,0,0.0,0,0,0.0
bolivia,202,1892,0.9994714587737844,0.9994714587737844,0.9994714587737844,0.9994714587737844,0,0,0.0,0,0,0.0,0,0,0.0
bolivia,203,863,0.9988412514484357,0.9988412514484357,0.9988412514484357,0.9988412514484357,0,0,0.0,0,0,0.0,0,0,0.0
bolivia,204,930,0.9989247311827957,0.9989247311827957,0.9989247311827957,0.9989247311827957,0,0,0.0,0,0,0.0,0,0,0.0
bolivia,205,1448,1.0,1.0,1.0,1.0,0,0,0.0,0,0,0.0,0,0,0.0
bolivia,206,3249,0.6885195444752231,0.685441674361342,0.6863650353955063,0.6879039704524469,2,12,-0.0030778701138811943,1,8,-0.0021545090797168358,10,12,-0.0006155740227762388
bolivia,207,3249,0.7023699599876885,0.706371191135734,0.7039088950446291,0.7039088950446291,25,12,0.0040012311480455524,15,10,0.0015389350569405972,38,33,0.0015389350569405972
bolivia,208,3249,0.8254847645429363,0.8264081255771006,0.8227146814404432,0.8245614035087719,23,20,0.0009233610341643582,20,29,-0.002770083102493075,37,40,-0.0009233610341643582
bolivia,209,3249,0.8122499230532472,0.8125577100646353,0.8110187750076947,0.8122499230532472,23,22,0.0003077870113881194,12,16,-0.0012311480455524776,41,41,0.0
bolivia,210,3249,0.7266851338873499,0.7254539858417974,0.7254539858417974,0.7232994767620806,2,6,-0.0012311480455524776,1,5,-0.0012311480455524776,0,11,-0.003385657125269314
bolivia,211,3249,0.476762080640197,0.47645429362880887,0.47830101569713757,0.4749153585718683,32,33,-0.0003077870113881194,23,18,0.0015389350569405972,38,44,-0.0018467220683287165
bolivia,212,3249,0.5811018775007695,0.5829485995690982,0.5807940904893814,0.5786395814096645,28,22,0.0018467220683287165,16,17,-0.0003077870113881194,30,38,-0.0024622960911049553
bolivia,213,3249,0.6331178824253616,0.6291166512773161,0.634041243459526,0.631578947368421,6,19,-0.0040012311480455524,9,6,0.0009233610341643582,18,23,-0.0015389350569405972
bolivia,214,3249,0.8719606032625423,0.8731917513080948,0.8713450292397661,0.8639581409664512,26,22,0.0012311480455524776,16,18,-0.0006155740227762388,30,56,-0.008002462296091105
bolivia,215,3249,0.7977839335180055,0.8002462296091105,0.7993228685749462,0.8039396737457679,25,17,0.0024622960911049553,18,13,0.0015389350569405972,42,22,0.006155740227762389
bolivia,216,3249,0.86088027085257,0.863342566943675,0.8593413357956294,0.8682671591258849,14,6,0.0024622960911049553,7,12,-0.0015389350569405972,39,15,0.007386888273314866
bolivia,217,3249,0.7510003077870113,0.7494613727300707,0.7491535857186826,0.7497691597414589,8,13,-0.0015389350569405972,3,9,-0.0018467220683287165,8,12,-0.0012311480455524776
bolivia,218,3249,0.7171437365343183,0.7171437365343183,0.718990458602647,0.711295783317944,15,15,0.0,14,8,0.0018467220683287165,20,39,-0.005847953216374269
bolivia,219,3249,0.7571560480147738,0.7553093259464451,0.7543859649122807,0.7479224376731302,29,35,-0.0018467220683287165,17,26,-0.002770083102493075,30,60,-0.009233610341643583
bolivia,220,3249,0.43767313019390586,0.4367497691597415,0.43736534318251774,0.4404432132963989,5,8,-0.0009233610341643582,4,5,-0.0003077870113881194,13,4,0.002770083102493075
bolivia,221,3249,0.8461064943059403,0.8513388734995383,0.8448753462603878,0.8541089566020315,31,14,0.0052323791935980305,10,14,-0.0012311480455524776,55,29,0.008002462296091105
bolivia,222,3249,0.817174515235457,0.817174515235457,0.8153277931671283,0.8159433671899046,25,25,0.0,14,20,-0.0018467220683287165,38,42,-0.0012311480455524776
bolivia,223,3249,0.8636503539550631,0.8651892890120036,0.8639581409664512,0.8596491228070176,21,16,0.0015389350569405972,14,13,0.0003077870113881194,34,47,-0.0040012311480455524
bolivia,224,2792,0.7768624641833811,0.7775787965616046,0.7757879656160458,0.7736389684813754,12,10,0.0007163323782234957,6,9,-0.0010744985673352436,16,25,-0.0032234957020057307
bolivia,225,2977,0.5606315082297615,0.5639905945582802,0.5609674168626133,0.564326503191132,13,3,0.003359086328518643,5,4,0.0003359086328518643,24,13,0.003694994961370507
bolivia,226,2664,0.7567567567567568,0.7601351351351351,0.762012012012012,0.7653903903903904,28,19,0.0033783783783783786,23,9,0.005255255255255256,46,23,0.008633633633633633
bolivia,227,2364,0.916243654822335,0.9238578680203046,0.9242808798646363,0.9052453468697124,34,16,0.007614213197969543,26,7,0.008037225042301184,16,42,-0.010998307952622674
bolivia,228,3249,0.9944598337950139,0.9944598337950139,0.9944598337950139,0.9938442597722376,1,1,0.0,1,1,0.0,2,4,-0.0006155740227762388
bolivia,229,3249,0.8938134810710988,0.8941212680824869,0.8935056940597107,0.8925823330255463,3,2,0.0003077870113881194,1,2,-0.0003077870113881194,9,13,-0.0012311480455524776
bolivia,230,3119,0.9554344341134979,0.9560756652773325,0.9567168964411671,0.9541519717858288,9,7,0.0006412311638345624,8,4,0.0012824623276691247,6,10,-0.0012824623276691247
bolivia,231,758,0.9643799472295514,0.9722955145118733,0.9696569920844327,0.9604221635883905,7,1,0.0079155672823219,5,1,0.005277044854881266,7,10,-0.00395778364116095
bolivia,232,2234,0.7394807520143241,0.7417188898836169,0.7403760071620411,0.7376902417188899,13,8,0.0022381378692927483,9,7,0.0008952551477170994,18,22,-0.0017905102954341987
bolivia,233,3238,0.9017912291537986,0.9014823965410748,0.9030265596046942,0.9054972205064855,13,14,-0.00030883261272390367,11,7,0.0012353304508956147,26,14,0.0037059913526868438
bolivia,234,3249,0.987072945521699,0.987072945521699,0.987072945521699,0.9886118805786396,0,0,0.0,0,0,0.0,5,0,0.0015389350569405972
bolivia,235,2791,0.8885704048728055,0.8849874596918668,0.8878538158366177,0.8867789322823361,8,18,-0.0035829451809387316,7,9,-0.0007165890361877463,17,22,-0.0017914725904693658
bolivia,236,592,0.8682432432432432,0.8614864864864865,0.8530405405405406,0.8800675675675675,2,6,-0.006756756756756757,0,9,-0.015202702702702704,13,6,0.011824324324324325
bolivia,237,70,0.042857142857142816,0.02857142857142858,0.05714285714285716,0.0714285714285714,0,1,-0.014285714285714285,1,0,0.014285714285714285,2,0,0.02857142857142857
bolivia,238,3203,0.9497346237901967,0.947236965344989,0.9497346237901967,0.9469247580393381,0,8,-0.002497658445207618,2,2,0.0,0,9,-0.00280986575085857
bolivia,239,3229,0.9965933725611644,0.9965933725611644,0.9965933725611644,0.9965933725611644,0,0,0.0,0,0,0.0,0,0,0.0
bolivia,240,2063,0.7813863305865245,0.7862336403296171,0.7775084827920504,0.7750848279205041,29,19,0.004847309743092583,11,19,-0.003877847794474067,15,28,-0.006301502666020358
bolivia,241,2195,0.8856492027334852,0.8856492027334852,0.8847380410022779,0.8824601366742597,5,5,0.0,3,5,-0.0009111617312072893,6,13,-0.0031890660592255125
bolivia,242,800,0.73875,0.73875,0.73875,0.73875,0,0,0.0,0,0,0.0,0,0,0.0
bolivia,243,3249,0.9526008002462296,0.9547553093259464,0.9544475223145583,0.951061865189289,16,9,0.0021545090797168358,8,2,0.0018467220683287165,21,26,-0.0015389350569405972
bolivia,244,3249,0.9178208679593721,0.9168975069252078,0.9168975069252078,0.9187442289935365,4,7,-0.0009233610341643582,2,5,-0.0009233610341643582,12,9,0.0009233610341643582
bolivia,245,3249,0.9695290858725761,0.9735303170206218,0.9704524469067405,0.9679901508156356,17,4,0.0040012311480455524,7,4,0.0009233610341643582,24,29,-0.0015389350569405972
bolivia,246,3249,0.6244998461064943,0.6291166512773161,0.626346568174823,0.6201908279470607,46,31,0.0046168051708217915,29,23,0.0018467220683287165,59,73,-0.0043090181594336715
bolivia,247,2979,0.658274588788184,0.6592816381336019,0.6596173212487412,0.6542463914065122,19,16,0.0010070493454179255,15,11,0.001342732460557234,17,29,-0.004028197381671702
bolivia,248,3137,0.8963978323238764,0.8973541600255021,0.8967166082244182,0.8922537456168314,16,13,0.000956327701625757,10,9,0.000318775900541919,23,36,-0.004144086707044948
bolivia,249,3249,0.9498307171437366,0.9495229301323485,0.9498307171437366,0.9504462911665128,5,6,-0.0003077870113881194,3,3,0.0,10,8,0.0006155740227762388
bolivia,250,3249,0.9630655586334257,0.9618344105878732,0.9624499846106495,0.9618344105878732,1,5,-0.0012311480455524776,2,4,-0.0006155740227762388,11,15,-0.0012311480455524776
bolivia,251,2947,0.7790973871733967,0.7835086528673227,0.7838479809976246,0.7814726840855106,26,13,0.004411265693926026,25,11,0.004750593824228029,39,32,0.0023752969121140144
bolivia,252,3116,0.9367779204107831,0.9364569961489089,0.9348523748395379,0.9271501925545571,10,11,-0.00032092426187419767,7,13,-0.0019255455712451862,13,43,-0.009627727856225931
bolivia,253,2181,0.8789546079779917,0.8830811554332875,0.8803301237964236,0.8789546079779917,22,13,0.0041265474552957355,12,9,0.001375515818431912,31,31,0.0
bolivia,254,2258,0.9720992028343667,0.9725420726306466,0.9734278122232064,0.9720992028343667,3,2,0.0004428697962798937,5,2,0.001328609388839681,15,15,0.0
bolivia,255,3249,0.9495229301323485,0.9495229301323485,0.9495229301323485,0.9495229301323485,0,0,0.0,0,0,0.0,0,0,0.0
bolivia,256,276,0.8623188405797102,0.8586956521739131,0.8623188405797102,0.8731884057971014,0,1,-0.0036231884057971015,1,1,0.0,8,5,0.010869565217391304
bolivia,257,1890,0.9285714285714286,0.926984126984127,0.9275132275132275,0.9248677248677248,6,9,-0.0015873015873015873,4,6,-0.0010582010582010583,9,16,-0.003703703703703704
bolivia,258,1883,0.9899097185342538,0.9920339883165162,0.9941582580987786,0.9861922464152948,5,1,0.002124269782262347,8,0,0.004248539564524694,0,7,-0.0037174721189591076
bolivia,259,699,0.9985693848354793,0.9985693848354793,0.9985693848354793,0.9985693848354793,0,0,0.0,0,0,0.0,0,0,0.0
bolivia,260,3249,0.9159741458910434,0.917513080947984,0.9162819329024315,0.9212065250846414,16,11,0.0015389350569405972,11,10,0.0003077870113881194,38,21,0.0052323791935980305
bolivia,261,2920,0.9321917808219178,0.9304794520547945,0.9308219178082192,0.9297945205479452,12,17,-0.0017123287671232876,8,12,-0.0013698630136986301,25,32,-0.002397260273972603
bolivia,262,1381,0.9116582186821144,0.9145546705286025,0.9145546705286025,0.9022447501810282,7,3,0.002896451846488052,7,3,0.002896451846488052,5,18,-0.00941346850108617
bolivia,263,2524,0.9873217115689382,0.9861331220285261,0.9877179080824089,0.9837559429477021,4,7,-0.0011885895404120444,3,2,0.0003961965134706815,2,11,-0.0035657686212361333
bolivia,264,1985,0.980352644836272,0.9838790931989925,0.9828715365239294,0.9773299748110831,11,4,0.003526448362720403,9,4,0.0025188916876574307,6,12,-0.003022670025188917
bolivia,265,1707,0.8482718219097832,0.846514352665495,0.8418277680140598,0.8394844756883422,21,24,-0.0017574692442882249,10,21,-0.006444053895723492,32,47,-0.008787346221441126
bolivia,266,2074,0.6711668273866924,0.6745419479267116,0.6730954676952748,0.6687560270009643,24,17,0.0033751205400192863,19,15,0.0019286403085824494,33,38,-0.0024108003857280617
bolivia,267,3249,0.9627577716220376,0.9642967066789782,0.96398891966759,0.9633733456448138,13,8,0.0015389350569405972,10,6,0.0012311480455524776,13,11,0.0006155740227762388
bolivia,268,2181,0.8532783127005961,0.8541953232462174,0.8592388812471343,0.8509857863365429,9,7,0.0009170105456212746,17,4,0.005960568546538285,12,17,-0.0022925263640531865
bolivia,269,265,0.9660377358490566,0.969811320754717,0.9660377358490566,0.9547169811320755,2,1,0.0037735849056603774,1,1,0.0,1,4,-0.011320754716981131
bolivia,270,124,0.7661290322580645,0.7661290322580645,0.7661290322580645,0.7661290322580645,0,0,0.0,0,0,0.0,0,0,0.0
bolivia,271,3227,0.9330647660365665,0.9327548806941431,0.93151533932445,0.9299659126123334,15,16,-0.0003098853424233034,10,15,-0.0015494267121165168,22,32,-0.0030988534242330336
bolivia,272,3024,0.83994708994709,0.837962962962963,0.8425925925925926,0.8396164021164021,13,19,-0.001984126984126984,15,7,0.0026455026455026454,23,24,-0.00033068783068783067
bolivia,273,571,0.8371278458844134,0.8388791593695272,0.8353765323992994,0.8423817863397548,3,2,0.0017513134851138354,4,5,-0.0017513134851138354,11,8,0.005253940455341506
bolivia,274,3176,0.9222292191435768,0.9187657430730478,0.9197103274559194,0.9112090680100755,20,31,-0.0034634760705289673,12,20,-0.0025188916876574307,20,55,-0.01102015113350126
bolivia,275,2333,0.9361337333904843,0.9438491213030433,0.9425632233176168,0.9318474067723961,22,4,0.007715387912558937,18,3,0.006429489927132447,10,20,-0.0042863266180882984
bolivia,276,1648,1.0,1.0,1.0,1.0,0,0,0.0,0,0,0.0,0,0,0.0
bolivia,277,2743,0.9715639810426541,0.9693765949690121,0.9693765949690121,0.9722931097338681,7,13,-0.002187386073641998,4,10,-0.002187386073641998,13,11,0.0007291286912139992
bolivia,278,3249,0.8750384733764235,0.873807325330871,0.8719606032625423,0.876269621421976,9,13,-0.0012311480455524776,7,17,-0.0030778701138811943,24,20,0.0012311480455524776
bolivia,279,3213,0.7724867724867726,0.775599128540305,0.7771553065670713,0.7774665421724245,26,16,0.003112356053532524,23,8,0.004668534080298786,31,15,0.004979769685652039
bolivia,280,1234,0.8679092382495948,0.8703403565640194,0.8662884927066451,0.8727714748784441,11,8,0.0024311183144246355,5,7,-0.0016207455429497568,20,14,0.004862236628849271
bolivia,281,2509,0.8931845356715823,0.8895974491829414,0.8911917098445596,0.890793144679155,8,17,-0.0035870864886408927,8,13,-0.0019928258270227183,13,19,-0.0023913909924272616
bolivia,282,1717,0.9889341875364007,0.9895165987186954,0.9900990099009901,0.9906814210832848,2,1,0.0005824111822947001,2,0,0.0011648223645894002,3,0,0.0017472335468841002
bolivia,283,2333,0.9327046720960137,0.9297042434633519,0.9301328761251607,0.9352764680668667,3,10,-0.0030004286326618087,2,8,-0.002571795970852979,16,10,0.002571795970852979
bolivia,284,2641,0.988640666414237,0.9893979553199546,0.988640666414237,0.9901552442256721,6,4,0.0007572889057175312,2,2,0.0,11,7,0.0015145778114350624
bolivia,285,1954,0.8971340839303992,0.8986693961105425,0.8966223132036848,0.9002047082906858,16,13,0.0015353121801432957,6,7,-0.0005117707267144319,26,20,0.0030706243602865915
bolivia,286,3249,0.9827639273622654,0.9833795013850416,0.9827639273622654,0.9824561403508771,4,2,0.0006155740227762388,1,1,0.0,5,6,-0.0003077870113881194
bolivia,287,2965,0.9456998313659359,0.9507588532883643,0.9480607082630691,0.948735244519393,22,7,0.00505902192242833,11,4,0.002360876897133221,23,14,0.0030354131534569982
bolivia,288,654,0.7859327217125383,0.7935779816513762,0.7813455657492354,0.77217125382263,12,7,0.00764525993883792,4,7,-0.0045871559633027525,9,18,-0.013761467889908258
bolivia,289,1186,0.9991568296795953,0.9991568296795953,0.9991568296795953,0.9991568296795953,0,0,0.0,0,0,0.0,0,0,0.0
bolivia,290,3249,0.9501385041551247,0.9501385041551247,0.9516774392120653,0.9526008002462296,10,10,0.0,8,3,0.0015389350569405972,23,15,0.0024622960911049553
bolivia,291,3249,0.9116651277316097,0.9119729147429978,0.9116651277316097,0.9088950446291166,20,19,0.0003077870113881194,14,14,0.0,31,40,-0.002770083102493075
bolivia,292,2543,0.9402280770743217,0.9370821863940229,0.9370821863940229,0.9378686590640976,9,17,-0.0031458906802988595,5,13,-0.0031458906802988595,16,22,-0.0023594180102241447
bolivia,293,2313,0.9239083441418072,0.9230436662343278,0.924340683095547,0.9208819714656291,6,8,-0.0008646779074794639,8,7,0.00043233895373973193,15,22,-0.0030263726761781237
bolivia,294,2712,0.8495575221238938,0.8495575221238938,0.8510324483775811,0.8455014749262537,29,29,0.0,25,21,0.0014749262536873156,43,54,-0.004056047197640118
bolivia,295,2180,0.9541284403669725,0.9545871559633028,0.9532110091743119,0.9532110091743119,9,8,0.00045871559633027525,4,6,-0.0009174311926605505,10,12,-0.0009174311926605505
bolivia,296,987,0.8733535967578521,0.8713272543059777,0.8723404255319149,0.8713272543059777,2,4,-0.002026342451874367,2,3,-0.0010131712259371835,8,10,-0.002026342451874367
bolivia,297,1293,0.9729311678267595,0.9775715390564579,0.9737045630317092,0.9783449342614076,6,0,0.004640371229698376,2,1,0.0007733952049497294,7,0,0.005413766434648105
bolivia,298,2396,0.8476627712854758,0.850584307178631,0.850584307178631,0.8468280467445743,22,15,0.002921535893155259,18,11,0.002921535893155259,28,30,-0.0008347245409015025
bolivia,299,3249,0.938134810710988,0.9396737457679286,0.938134810710988,0.935672514619883,21,16,0.0015389350569405972,11,11,0.0,23,31,-0.0024622960911049553
bolivia,300,3249,0.9221298861188058,0.9242843951985227,0.9242843951985227,0.9329024315173899,14,7,0.0021545090797168358,9,2,0.0021545090797168358,41,6,0.01077254539858418
bolivia,301,3249,0.9369036626654356,0.9399815327793167,0.9378270236995999,0.9329024315173899,18,8,0.0030778701138811943,10,7,0.0009233610341643582,24,37,-0.0040012311480455524
bolivia,302,2208,0.9678442028985508,0.9642210144927537,0.9664855072463768,0.958786231884058,4,12,-0.0036231884057971015,3,6,-0.001358695652173913,8,28,-0.009057971014492754
bolivia,303,316,0.8987341772151899,0.8924050632911392,0.8892405063291139,0.8987341772151899,2,4,-0.006329113924050633,1,4,-0.00949367088607595,5,5,0.0
bolivia,304,1693,0.8334317779090372,0.835203780271707,0.8328411104548139,0.828706438275251,9,6,0.0017720023626698169,4,5,-0.0005906674542232723,12,20,-0.004725339633786178
bolivia,305,3152,0.9993654822335025,0.9993654822335025,0.9993654822335025,0.9990482233502538,0,0,0.0,0,0,0.0,0,1,-0.00031725888324873094
bolivia,306,3249,0.9449061249615266,0.9461372730070791,0.9461372730070791,0.9421360418590335,23,19,0.0012311480455524776,16,12,0.0012311480455524776,27,36,-0.002770083102493075
bolivia,307,3249,0.9479839950754079,0.9492151431209603,0.9485995690981841,0.9467528470298553,17,13,0.0012311480455524776,9,7,0.0006155740227762388,21,25,-0.0012311480455524776
bolivia,308,3249,0.8759618344105878,0.8744228993536473,0.8765774084333641,0.8753462603878116,6,11,-0.0015389350569405972,10,8,0.0006155740227762388,22,24,-0.0006155740227762388
bolivia,309,3249,0.8928901200369345,0.8931979070483226,0.8941212680824869,0.8935056940597107,4,3,0.0003077870113881194,4,0,0.0012311480455524776,8,6,0.0006155740227762388
bolivia,310,2914,0.8853809196980096,0.8857240905971173,0.8853809196980096,0.8857240905971173,1,0,0.00034317089910775565,0,0,0.0,2,1,0.00034317089910775565
bolivia,311,3249,0.9895352416128039,0.9895352416128039,0.9895352416128039,0.9901508156355802,2,2,0.0,2,2,0.0,7,5,0.0006155740227762388
bolivia,312,3127,0.9881675727534378,0.9878477774224497,0.9878477774224497,0.9884873680844259,0,1,-0.0003197953309881676,1,2,-0.0003197953309881676,6,5,0.0003197953309881676
bolivia,313,1100,0.9427272727272727,0.94,0.9418181818181818,0.9390909090909091,2,5,-0.0027272727272727275,2,3,-0.0009090909090909091,11,15,-0.0036363636363636364
bolivia,314,3249,0.9652200677131425,0.9646044936903663,0.9649122807017544,0.9642967066789782,0,2,-0.0006155740227762388,0,1,-0.0003077870113881194,0,3,-0.0009233610341643582
bolivia,315,3249,0.9547553093259464,0.9544475223145583,0.9547553093259464,0.9529085872576177,2,3,-0.0003077870113881194,3,3,0.0,2,8,-0.0018467220683287165
bolivia,316,3249,0.9981532779316713,0.9981532779316713,0.9981532779316713,0.9981532779316713,0,0,0.0,0,0,0.0,0,0,0.0
bolivia,317,3249,0.9732225300092336,0.974145891043398,0.9735303170206218,0.9732225300092336,4,1,0.0009233610341643582,2,1,0.0003077870113881194,9,9,0.0
bolivia,318,3249,1.0,1.0,1.0,1.0,0,0,0.0,0,0,0.0,0,0,0.0
bolivia,319,3249,0.8999692212988611,0.9024315173899662,0.9024315173899662,0.9005847953216375,21,13,0.0024622960911049553,18,10,0.0024622960911049553,27,25,0.0006155740227762388
bolivia,320,3081,0.9535864978902954,0.9545602077247647,0.9548847776695878,0.9552093476144109,7,4,0.0009737098344693282,6,2,0.0012982797792924375,11,6,0.0016228497241155468
bolivia,321,2877,0.9377824122349669,0.9381299965241571,0.9388251651025373,0.935349322210636,7,6,0.0003475842891901286,6,3,0.0010427528675703858,15,22,-0.0024330900243309003
bolivia,322,3249,0.9766081871345029,0.976915974145891,0.976915974145891,0.9772237611572792,2,1,0.0003077870113881194,1,0,0.0003077870113881194,4,2,0.0006155740227762388
bolivia,323,3249,0.9215143120960295,0.920283164050477,0.920283164050477,0.9218220991074176,6,10,-0.0012311480455524776,6,10,-0.0012311480455524776,14,13,0.0003077870113881194
bolivia,324,3249,0.9399815327793167,0.9393659587565405,0.9378270236995999,0.9369036626654356,9,11,-0.0006155740227762388,4,11,-0.0021545090797168358,24,34,-0.0030778701138811943
bolivia,325,3249,0.9135118497999384,0.9132040627885503,0.9153585718682672,0.9141274238227147,16,17,-0.0003077870113881194,16,10,0.0018467220683287165,26,24,0.0006155740227762388
bolivia,326,3249,0.9452139119729147,0.9449061249615266,0.9452139119729147,0.9455216989843028,2,3,-0.0003077870113881194,2,2,0.0,13,12,0.0003077870113881194
bolivia,327,3249,0.8516466605109264,0.8562634656817483,0.8528778085564789,0.8547245306248077,42,27,0.0046168051708217915,24,20,0.0012311480455524776,51,41,0.0030778701138811943
bolivia,328,3249,0.9809172052939366,0.9809172052939366,0.9809172052939366,0.9806094182825484,5,5,0.0,4,4,0.0,7,8,-0.0003077870113881194
bolivia,329,2986,0.9976557267247154,0.9983255190890824,0.9983255190890824,0.9979906229068989,3,1,0.0006697923643670462,2,0,0.0006697923643670462,1,0,0.0003348961821835231
bolivia,330,3249,0.9529085872576177,0.9553708833487227,0.9541397353031702,0.9516774392120653,15,7,0.0024622960911049553,11,7,0.0012311480455524776,13,17,-0.0012311480455524776
bolivia,331,3249,0.9458294859956909,0.9455216989843028,0.9461372730070791,0.9455216989843028,5,6,-0.0003077870113881194,4,3,0.0003077870113881194,11,12,-0.0003077870113881194
bolivia,332,2680,0.9955223880597015,0.9955223880597015,0.9955223880597015,0.9955223880597015,0,0,0.0,0,0,0.0,0,0,0.0
bolivia,333,3249,0.9981532779316713,0.9981532779316713,0.9981532779316713,0.9981532779316713,0,0,0.0,0,0,0.0,0,0,0.0
bolivia,334,3249,0.994767620806402,0.994767620806402,0.994767620806402,0.994767620806402,0,0,0.0,0,0,0.0,0,0,0.0
bolivia,335,3249,0.899661434287473,0.9012003693444137,0.8999692212988611,0.9012003693444137,9,4,0.0015389350569405972,6,5,0.0003077870113881194,14,9,0.0015389350569405972
bolivia,336,3249,0.9415204678362573,0.9415204678362573,0.9402893197907048,0.9378270236995999,10,10,0.0,5,9,-0.0012311480455524776,4,16,-0.003693444136657433
bolivia,337,3249,0.9981532779316713,0.9978454909202832,0.9981532779316713,0.9978454909202832,0,1,-0.0003077870113881194,0,0,0.0,0,1,-0.0003077870113881194
bolivia,338,3249,0.9455216989843028,0.9427516158818098,0.9452139119729147,0.9461372730070791,7,16,-0.002770083102493075,7,8,-0.0003077870113881194,41,39,0.0006155740227762388
bolivia,339,3144,0.905852417302799,0.90235368956743,0.9042620865139949,0.8963104325699746,19,30,-0.003498727735368957,13,18,-0.0015903307888040711,17,47,-0.009541984732824428
bolivia,340,1919,0.8165711307972903,0.8103178738926524,0.8139656070870245,0.8144867118290776,15,27,-0.006253256904637832,8,13,-0.0026055237102657635,35,39,-0.0020844189682126106
bolivia,341,3249,0.8882733148661126,0.8811942136041859,0.8799630655586335,0.8778085564789166,3,26,-0.007079101261926747,5,32,-0.008310249307479225,21,55,-0.010464758387196061
bolivia,342,3249,0.935672514619883,0.9335180055401662,0.9350569405971068,0.9378270236995999,6,13,-0.0021545090797168358,6,8,-0.0006155740227762388,19,12,0.0021545090797168358
bolivia,343,3249,0.9522930132348415,0.9516774392120653,0.9522930132348415,0.9541397353031702,8,10,-0.0006155740227762388,6,6,0.0,20,14,0.0018467220683287165
bolivia,344,3249,0.9747614650661742,0.9753770390889505,0.974145891043398,0.9738381040320099,5,3,0.0006155740227762388,1,3,-0.0006155740227762388,7,10,-0.0009233610341643582
bolivia,345,3249,0.7940904893813481,0.7959372114496768,0.7977839335180055,0.7879347491535857,48,42,0.0018467220683287165,44,32,0.003693444136657433,69,89,-0.006155740227762389
bolivia,346,3249,0.9775315481686673,0.9775315481686673,0.9775315481686673,0.9722991689750693,9,9,0.0,7,7,0.0,14,31,-0.0052323791935980305
bolivia,347,3249,0.9756848261003386,0.9732225300092336,0.974145891043398,0.9716835949522931,2,10,-0.0024622960911049553,2,7,-0.0015389350569405972,5,18,-0.0040012311480455524
bolivia,348,3249,0.9950754078177901,0.994767620806402,0.994767620806402,0.9941520467836258,0,1,-0.0003077870113881194,0,1,-0.0003077870113881194,1,4,-0.0009233610341643582
bolivia,349,3249,0.9876885195444752,0.9886118805786396,0.9873807325330871,0.9858417974761465,5,2,0.0009233610341643582,2,3,-0.0003077870113881194,10,16,-0.0018467220683287165
bolivia,350,3249,0.9836872883964297,0.9830717143736535,0.9827639273622654,0.9809172052939366,1,3,-0.0006155740227762388,1,4,-0.0009233610341643582,11,20,-0.002770083102493075
bolivia,351,3249,0.956294244382887,0.9575253924284395,0.958756540473992,0.9636811326562019,10,6,0.0012311480455524776,9,1,0.0024622960911049553,28,4,0.007386888273314866
bolivia,352,3249,0.8965835641735919,0.8962757771622037,0.89689135118498,0.891658971991382,22,23,-0.0003077870113881194,15,14,0.0003077870113881194,30,46,-0.0049245921822099106
bolivia,353,3249,0.909818405663281,0.9162819329024315,0.9150507848568791,0.9033548784241305,30,9,0.006463527239150508,26,9,0.0052323791935980305,38,59,-0.006463527239150508
bolivia,354,3249,0.9993844259772238,0.9984610649430594,0.9984610649430594,0.9987688519544475,0,3,-0.0009233610341643582,0,3,-0.0009233610341643582,1,3,-0.0006155740227762388
bolivia,355,3249,0.9889196675900277,0.9892274546014158,0.9892274546014158,0.9861495844875346,4,3,0.0003077870113881194,3,2,0.0003077870113881194,1,10,-0.002770083102493075
bolivia,356,3249,0.9839950754078178,0.9839950754078178,0.9849184364419822,0.9830717143736535,4,4,0.0,5,2,0.0009233610341643582,5,8,-0.0009233610341643582
bolivia,357,3249,0.9981532779316713,0.9981532779316713,0.9981532779316713,0.9981532779316713,0,0,0.0,0,0,0.0,0,0,0.0
bolivia,358,3249,0.8045552477685441,0.8088642659279779,0.8100954139735304,0.8064019698368728,34,20,0.0043090181594336715,34,16,0.00554016620498615,30,24,0.0018467220683287165
bolivia,359,3249,0.9907663896583564,0.9907663896583564,0.9916897506925207,0.9895352416128039,1,1,0.0,3,0,0.0009233610341643582,0,4,-0.0012311480455524776
bolivia,360,3249,0.8334872268390274,0.8279470606340412,0.8328716528162512,0.8341028008618037,14,32,-0.00554016620498615,11,13,-0.0006155740227762388,31,29,0.0006155740227762388
bolivia,361,3249,0.9904586026469683,0.9904586026469683,0.9904586026469683,0.9904586026469683,0,0,0.0,0,0,0.0,0,0,0.0
bolivia,362,3249,0.8187134502923976,0.8202523853493382,0.8199445983379501,0.8140966451215759,14,9,0.0015389350569405972,15,11,0.0012311480455524776,24,39,-0.0046168051708217915
bolivia,363,3249,0.9907663896583564,0.9907663896583564,0.9907663896583564,0.9907663896583564,0,0,0.0,0,0,0.0,0,0,0.0
bolivia,364,3243,0.810977489978415,0.8119025593586185,0.8156028368794326,0.8085106382978724,29,26,0.0009250693802035153,26,11,0.004625346901017576,38,46,-0.002466851680542707
bolivia,365,3249,0.9978454909202832,0.9978454909202832,0.9978454909202832,0.9978454909202832,0,0,0.0,0,0,0.0,0,0,0.0
bolivia,366,2670,0.8670411985018727,0.8644194756554306,0.8659176029962546,0.8741573033707866,14,21,-0.0026217228464419477,11,14,-0.0011235955056179776,43,24,0.007116104868913857
bolivia,367,2747,0.9676010192937751,0.9672369858026939,0.9701492537313433,0.9683290862759374,14,15,-0.00036403349108117945,18,11,0.0025482344375682563,19,17,0.0007280669821623589
bolivia,368,1100,0.9590909090909091,0.9627272727272728,0.96,0.9590909090909091,5,1,0.0036363636363636364,1,0,0.0009090909090909091,9,9,0.0
bolivia,369,794,0.9219143576826196,0.9206549118387909,0.9231738035264484,0.9130982367758187,2,3,-0.0012594458438287153,2,1,0.0012594458438287153,8,15,-0.008816120906801008
bolivia,370,2778,0.9524838012958963,0.9528437724982002,0.9528437724982002,0.9557235421166307,4,3,0.0003599712023038157,2,1,0.0003599712023038157,30,21,0.0032397408207343412
bolivia,371,1908,0.8270440251572327,0.8249475890985325,0.8254716981132075,0.8322851153039832,5,9,-0.0020964360587002098,4,7,-0.0015723270440251573,26,16,0.005241090146750524
bolivia,372,872,0.9197247706422018,0.9197247706422018,0.9208715596330275,0.9128440366972477,4,4,0.0,2,1,0.0011467889908256881,6,12,-0.006880733944954129
bolivia,373,2091,0.9971305595408895,0.9980870396939263,0.9971305595408895,0.9947393591582975,2,0,0.0009564801530368245,0,0,0.0,3,8,-0.0023912003825920613
bolivia,374,3218,0.8906152889993785,0.8903045369794904,0.8912367930391547,0.8862647607209447,36,37,-0.00031075201988812925,20,18,0.0006215040397762585,47,61,-0.00435052827843381
bolivia,375,3129,0.9121124960051135,0.9069990412272292,0.9082774049217002,0.9034835410674337,37,53,-0.005113454777884308,23,35,-0.003835091083413231,35,62,-0.00862895493767977
bolivia,376,873,0.8900343642611683,0.8888888888888888,0.8957617411225659,0.8900343642611683,7,8,-0.001145475372279496,7,2,0.0057273768613974796,10,10,0.0
bolivia,377,1582,0.9962073324905183,0.9962073324905183,0.9962073324905183,0.9962073324905183,0,0,0.0,0,0,0.0,0,0,0.0
bolivia,378,1775,1.0,1.0,1.0,1.0,0,0,0.0,0,0,0.0,0,0,0.0
bolivia,379,2705,0.9707948243992607,0.9711645101663586,0.9722735674676525,0.9719038817005545,3,2,0.0003696857670979667,4,0,0.0014787430683918669,8,5,0.0011090573012939
bolivia,380,1286,0.9611197511664075,0.9611197511664075,0.9611197511664075,0.9587869362363919,3,3,0.0,2,2,0.0,5,8,-0.0023328149300155523
bolivia,381,1438,0.9680111265646731,0.9694019471488178,0.9687065368567455,0.9694019471488178,6,4,0.0013908205841446453,4,3,0.0006954102920723226,6,4,0.0013908205841446453
bolivia,382,1017,0.928220255653884,0.9301868239921337,0.9262536873156342,0.928220255653884,3,1,0.0019665683382497543,1,3,-0.0019665683382497543,3,3,0.0
bolivia,383,2233,0.9964173757277206,0.9968652037617555,0.9968652037617555,0.9973130317957905,2,1,0.0004478280340349306,1,0,0.0004478280340349306,2,0,0.0008956560680698612
bolivia,384,1133,0.9541041482789056,0.9514563106796117,0.9470432480141218,0.9514563106796117,8,11,-0.00264783759929391,4,12,-0.00706090026478376,7,10,-0.00264783759929391
bolivia,385,3187,0.8155004706620647,0.8155004706620647,0.8192657671791653,0.807028553498588,26,26,0.0,20,8,0.0037652965171007216,38,65,-0.008471917163476624
bolivia,386,1739,0.9401955146635997,0.9436457734330075,0.9407705577918344,0.9424956871765382,17,11,0.0034502587694077054,9,8,0.0005750431282346176,26,22,0.0023001725129384704
bolivia,387,1499,0.9159439626417611,0.913942628418946,0.9126084056037358,0.9086057371581054,3,6,-0.0020013342228152103,0,5,-0.00333555703802535,7,18,-0.00733822548365577
bolivia,388,1750,0.9805714285714285,0.9805714285714285,0.9805714285714285,0.9828571428571429,7,7,0.0,4,4,0.0,10,6,0.002285714285714286
bolivia,389,462,0.974025974025974,0.9675324675324676,0.9675324675324676,0.9696969696969697,0,3,-0.006493506493506494,0,3,-0.006493506493506494,1,3,-0.004329004329004329
bolivia,390,869,0.9850402761795167,0.9838895281933256,0.9827387802071347,0.9838895281933256,1,2,-0.0011507479861910242,0,2,-0.0023014959723820483,0,1,-0.0011507479861910242
bolivia,391,3249,0.9886118805786396,0.989843028624192,0.989843028624192,0.9873807325330871,12,8,0.0012311480455524776,7,3,0.0012311480455524776,8,12,-0.0012311480455524776
bolivia,392,2739,0.9423147133990507,0.9441401971522454,0.9463307776560789,0.9361080686381891,46,41,0.0018254837531945967,27,16,0.004016064257028112,43,60,-0.006206644760861628
bolivia,393,1550,0.9490322580645161,0.9432258064516129,0.9438709677419355,0.9464516129032258,3,12,-0.005806451612903226,3,11,-0.005161290322580645,9,13,-0.0025806451612903226
bolivia,394,2653,0.9525065963060686,0.9532604598567659,0.9521296645307199,0.9532604598567659,8,6,0.0007538635506973238,2,3,-0.0003769317753486619,14,12,0.0007538635506973238
bolivia,395,33,0.4545454545454546,0.48484848484848486,0.4545454545454546,0.48484848484848486,1,0,0.030303030303030304,0,0,0.0,2,1,0.030303030303030304
bolivia,396,1790,0.9452513966480447,0.9491620111731843,0.9486033519553072,0.9491620111731843,7,0,0.003910614525139665,6,0,0.0033519553072625698,9,2,0.003910614525139665
bolivia,397,13,0.8461538461538461,0.8461538461538461,0.8461538461538461,0.8461538461538461,0,0,0.0,0,0,0.0,0,0,0.0
bolivia,398,1003,0.9212362911266201,0.922233300099701,0.9232303090727817,0.9162512462612163,3,2,0.0009970089730807576,3,1,0.0019940179461615153,7,12,-0.004985044865403789
bolivia,399,3004,1.0,1.0,1.0,1.0,0,0,0.0,0,0,0.0,0,0,0.0
bolivia,400,1653,0.9758015728977616,0.9764065335753176,0.9758015728977616,0.9788263762855415,3,2,0.0006049606775559589,3,3,0.0,14,9,0.0030248033877797943
bolivia,401,87,0.9310344827586207,0.9195402298850575,0.9195402298850575,0.9540229885057472,0,1,-0.011494252873563218,0,1,-0.011494252873563218,2,0,0.022988505747126436
bolivia,402,1600,0.86375,0.864375,0.864375,0.865,5,4,0.000625,5,4,0.000625,6,4,0.00125
bolivia,403,3249,0.9969221298861188,0.9981532779316713,0.9978454909202832,0.994767620806402,4,0,0.0012311480455524776,3,0,0.0009233610341643582,0,7,-0.0021545090797168358
bolivia,404,3249,0.9895352416128039,0.989843028624192,0.9895352416128039,0.9907663896583564,9,8,0.0003077870113881194,4,4,0.0,12,8,0.0012311480455524776
bolivia,405,3242,0.8911165946946329,0.8904996915484269,0.891425046267736,0.8867982726711906,17,19,-0.0006169031462060457,13,12,0.00030845157310302283,29,43,-0.00431832202344232
bolivia,406,1863,0.7654320987654322,0.7632850241545894,0.7648953301127215,0.7659688674181427,2,6,-0.0021470746108427268,2,3,-0.0005367686527106817,7,6,0.0005367686527106817
bolivia,407,2433,0.988491574188245,0.987258528565557,0.9876695437731196,0.987258528565557,0,3,-0.0012330456226880395,0,2,-0.0008220304151253596,4,7,-0.0012330456226880395
bolivia,408,3249,0.9981532779316713,0.9978454909202832,0.9975377039088951,0.9978454909202832,0,1,-0.0003077870113881194,0,2,-0.0006155740227762388,1,2,-0.0003077870113881194
bolivia,409,3249,0.9818405663281009,0.9812249923053247,0.9815327793167128,0.9812249923053247,4,6,-0.0006155740227762388,2,3,-0.0003077870113881194,3,5,-0.0006155740227762388
bolivia,410,3249,0.9375192366882118,0.9387503847337643,0.9387503847337643,0.9439827639273622,9,5,0.0012311480455524776,7,3,0.0012311480455524776,34,13,0.006463527239150508
bolivia,411,3249,0.7513080947983994,0.7506925207756232,0.7491535857186826,0.7510003077870113,5,7,-0.0006155740227762388,1,8,-0.0021545090797168358,8,9,-0.0003077870113881194
bolivia,412,3249,0.9824561403508771,0.9833795013850416,0.9830717143736535,0.9833795013850416,6,3,0.0009233610341643582,4,2,0.0006155740227762388,9,6,0.0009233610341643582
bolivia,413,3249,0.9996922129886119,0.9996922129886119,0.9990766389658357,0.9993844259772238,0,0,0.0,0,2,-0.0006155740227762388,1,2,-0.0003077870113881194
bolivia,414,3249,0.8510310864881502,0.8482610033856571,0.8476454293628809,0.845183133271776,18,27,-0.002770083102493075,11,22,-0.003385657125269314,22,41,-0.005847953216374269
bolivia,415,3249,0.9590643274853801,0.9584487534626038,0.9578331794398276,0.9596799015081564,9,11,-0.0006155740227762388,3,7,-0.0012311480455524776,17,15,0.0006155740227762388
bolivia,416,1639,0.87614399023795,0.8791946308724832,0.8779743746186699,0.8749237339841367,6,1,0.003050640634533252,5,2,0.0018303843807199512,7,9,-0.0012202562538133007
bolivia,417,3249,0.7759310557094491,0.7719298245614035,0.7703908895044629,0.7663896583564174,18,31,-0.0040012311480455524,11,29,-0.00554016620498615,33,64,-0.009541397353031703
bolivia,418,3249,0.7143736534318252,0.7134502923976609,0.7134502923976609,0.7146814404432134,8,11,-0.0009233610341643582,7,10,-0.0009233610341643582,22,21,0.0003077870113881194
bolivia,419,3249,0.9775315481686673,0.9775315481686673,0.9775315481686673,0.9775315481686673,0,0,0.0,0,0,0.0,0,0,0.0
bolivia,420,2798,0.6658327376697641,0.6615439599714081,0.6615439599714081,0.6454610436025733,28,40,-0.004288777698355968,20,32,-0.004288777698355968,28,85,-0.02037169406719085
bolivia,421,2239,0.878517195176418,0.8758374274229567,0.8767306833407771,0.8771773112996873,11,17,-0.0026797677534613666,10,14,-0.001786511835640911,23,26,-0.0013398838767306833
bolivia,422,1181,0.7629127857747672,0.7679932260795935,0.7629127857747672,0.7654530059271804,8,2,0.005080440304826418,3,3,0.0,7,4,0.002540220152413209
bolivia,423,1426,0.8800841514726507,0.8744740532959326,0.8779803646563815,0.8772791023842917,7,15,-0.005610098176718092,4,7,-0.0021037868162692847,8,12,-0.002805049088359046
bolivia,424,633,0.764612954186414,0.764612954186414,0.7693522906793049,0.7756714060031595,3,3,0.0,4,1,0.004739336492890996,8,1,0.011058451816745656
bolivia,425,3249,0.9852262234533703,0.9852262234533703,0.9852262234533703,0.9849184364419822,0,0,0.0,0,0,0.0,0,1,-0.0003077870113881194
bolivia,426,3249,0.9732225300092336,0.9732225300092336,0.9732225300092336,0.9732225300092336,0,0,0.0,0,0,0.0,0,0,0.0
bolivia,427,3249,1.0,1.0,1.0,1.0,0,0,0.0,0,0,0.0,0,0,0.0
bolivia,428,3249,0.9602954755309326,0.961218836565097,0.9606032625423208,0.9624499846106495,3,0,0.0009233610341643582,1,0,0.0003077870113881194,8,1,0.0021545090797168358
bolivia,429,3249,0.9796860572483841,0.9803016312711603,0.9796860572483841,0.9806094182825484,4,2,0.0006155740227762388,1,1,0.0,4,1,0.0009233610341643582
bolivia,430,3249,0.9846106494305941,0.9846106494305941,0.9846106494305941,0.9846106494305941,0,0,0.0,0,0,0.0,0,0,0.0
bolivia,431,3249,0.9984610649430594,1.0,0.9990766389658357,0.9984610649430594,5,0,0.0015389350569405972,2,0,0.0006155740227762388,0,0,0.0
bolivia,432,3249,0.9559864573714989,0.9578331794398276,0.9566020313942751,0.9578331794398276,9,3,0.0018467220683287165,5,3,0.0006155740227762388,9,3,0.0018467220683287165
bolivia,433,3249,0.9978454909202832,0.9984610649430594,0.9981532779316713,0.9966143428747307,4,2,0.0006155740227762388,2,1,0.0003077870113881194,3,7,-0.0012311480455524776
bolivia,434,3249,0.9698368728839643,0.9729147429978455,0.9719913819636812,0.9719913819636812,12,2,0.0030778701138811943,11,4,0.0021545090797168358,17,10,0.0021545090797168358
bolivia,435,3249,0.9729147429978455,0.9729147429978455,0.9729147429978455,0.9729147429978455,0,0,0.0,0,0,0.0,0,0,0.0
bolivia,436,3249,0.9919975377039089,0.9919975377039089,0.9919975377039089,0.9919975377039089,0,0,0.0,0,0,0.0,0,0,0.0
bolivia,437,3249,0.9455216989843028,0.9455216989843028,0.9458294859956909,0.9449061249615266,5,5,0.0,6,5,0.0003077870113881194,7,9,-0.0006155740227762388
bolivia,438,3249,0.9775315481686673,0.9775315481686673,0.9775315481686673,0.9775315481686673,0,0,0.0,0,0,0.0,0,0,0.0
bolivia,439,3249,1.0,1.0,1.0,1.0,0,0,0.0,0,0,0.0,0,0,0.0
bolivia,440,3249,0.9559864573714989,0.9559864573714989,0.9559864573714989,0.9559864573714989,0,0,0.0,0,0,0.0,0,0,0.0
test,0,2360,0.9991525423728813,0.9991525423728813,0.9991525423728813,0.9991525423728813,0,0,0.0,0,0,0.0,0,0,0.0
test,1,3249,1.0,1.0,1.0,1.0,0,0,0.0,0,0,0.0,0,0,0.0
test,2,3247,0.9421004003695719,0.9411764705882353,0.9414844471820142,0.9390206344317832,19,22,-0.0009239297813366184,14,16,-0.0006159531875577456,18,28,-0.003079765937788728
test,3,3249,0.9984610649430594,0.9993844259772238,0.9993844259772238,0.9956909818405664,3,0,0.0009233610341643582,3,0,0.0009233610341643582,0,9,-0.002770083102493075
test,4,3249,1.0,1.0,1.0,1.0,0,0,0.0,0,0,0.0,0,0,0.0
test,5,3249,0.9901508156355802,0.9895352416128039,0.989843028624192,0.989843028624192,1,3,-0.0006155740227762388,1,2,-0.0003077870113881194,3,4,-0.0003077870113881194
test,6,3249,0.9919975377039089,0.992305324715297,0.992305324715297,0.9919975377039089,3,2,0.0003077870113881194,2,1,0.0003077870113881194,5,5,0.0
test,7,3249,0.9461372730070791,0.9455216989843028,0.9449061249615266,0.9369036626654356,9,11,-0.0006155740227762388,8,12,-0.0012311480455524776,21,51,-0.009233610341643583
test,8,3247,0.9639667385278718,0.9645826917154297,0.9615029257776408,0.9639667385278718,8,6,0.0006159531875577456,5,13,-0.0024638127502309825,27,27,0.0
test,9,3249,0.9476762080640198,0.9476762080640198,0.9492151431209603,0.9449061249615266,10,10,0.0,7,2,0.0015389350569405972,10,19,-0.002770083102493075
test,10,3249,0.9775315481686673,0.9766081871345029,0.9759926131117267,0.976915974145891,1,4,-0.0009233610341643582,1,6,-0.0015389350569405972,5,7,-0.0006155740227762388
test,11,3249,0.9876885195444752,0.9886118805786396,0.9889196675900277,0.9861495844875346,5,2,0.0009233610341643582,4,0,0.0012311480455524776,7,12,-0.0015389350569405972
test,12,3249,0.9953831948291783,0.9953831948291783,0.9950754078177901,0.9926131117266851,2,2,0.0,1,2,-0.0003077870113881194,2,11,-0.002770083102493075
test,13,3249,0.9987688519544475,0.9987688519544475,0.9987688519544475,0.9987688519544475,0,0,0.0,0,0,0.0,0,0,0.0
test,14,3249,0.9796860572483841,0.9796860572483841,0.9796860572483841,0.982148353339489,6,6,0.0,5,5,0.0,16,8,0.0024622960911049553
test,15,3249,0.9679901508156356,0.9695290858725761,0.969221298861188,0.9673745767928593,7,2,0.0015389350569405972,4,0,0.0012311480455524776,7,9,-0.0006155740227762388
test,16,3249,0.9990766389658357,0.9996922129886119,0.9993844259772238,0.9993844259772238,2,0,0.0006155740227762388,1,0,0.0003077870113881194,2,1,0.0003077870113881194
test,17,3249,0.9969221298861188,0.997229916897507,0.997229916897507,0.9959987688519545,2,1,0.0003077870113881194,1,0,0.0003077870113881194,0,3,-0.0009233610341643582
test,18,3249,0.9818405663281009,0.9833795013850416,0.982148353339489,0.9781471221914435,5,0,0.0015389350569405972,2,1,0.0003077870113881194,5,17,-0.003693444136657433
test,19,1346,0.711738484398217,0.7236255572065379,0.7139673105497771,0.7139673105497771,28,12,0.01188707280832095,15,12,0.002228826151560178,21,18,0.002228826151560178
test,20,3249,0.997229916897507,0.9984610649430594,0.9978454909202832,0.9966143428747307,4,0,0.0012311480455524776,3,1,0.0006155740227762388,2,4,-0.0006155740227762388
test,21,3249,0.9901508156355802,0.989843028624192,0.989843028624192,0.9892274546014158,7,8,-0.0003077870113881194,3,4,-0.0003077870113881194,7,10,-0.0009233610341643582
test,22,3249,1.0,1.0,1.0,1.0,0,0,0.0,0,0,0.0,0,0,0.0
test,23,3249,0.9993844259772238,0.9993844259772238,0.9993844259772238,0.9993844259772238,0,0,0.0,0,0,0.0,0,0,0.0
test,24,2449,0.9987750102082482,0.9987750102082482,0.9987750102082482,0.9987750102082482,0,0,0.0,0,0,0.0,0,0,0.0
test,25,3249,1.0,1.0,1.0,0.9987688519544475,0,0,0.0,0,0,0.0,0,4,-0.0012311480455524776
test,26,3249,0.9867651585103109,0.9861495844875346,0.9858417974761465,0.984302862419206,1,3,-0.0006155740227762388,0,3,-0.0009233610341643582,18,26,-0.0024622960911049553
test,27,3249,0.9916897506925207,0.9919975377039089,0.9913819636811326,0.9913819636811326,5,4,0.0003077870113881194,1,2,-0.0003077870113881194,6,7,-0.0003077870113881194
test,28,3249,0.9633733456448138,0.9652200677131425,0.9658356417359187,0.9627577716220376,13,7,0.0018467220683287165,10,2,0.0024622960911049553,22,24,-0.0006155740227762388
test,29,3249,0.9067405355493998,0.9101261926746691,0.9104339796860572,0.9064327485380117,23,12,0.003385657125269314,17,5,0.003693444136657433,16,17,-0.0003077870113881194
test,30,3225,0.93984496124031,0.9423255813953488,0.9429457364341085,0.9364341085271318,18,10,0.00248062015503876,18,8,0.0031007751937984496,35,46,-0.0034108527131782944
test,31,3249,1.0,1.0,1.0,1.0,0,0,0.0,0,0,0.0,0,0,0.0
test,32,3249,0.881502000615574,0.881502000615574,0.8811942136041859,0.8728839642967067,13,13,0.0,9,10,-0.0003077870113881194,22,50,-0.008618036318867343
test,33,3249,0.9849184364419822,0.9839950754078178,0.9836872883964297,0.984302862419206,3,6,-0.0009233610341643582,3,7,-0.0012311480455524776,5,7,-0.0006155740227762388
test,34,3249,1.0,1.0,1.0,1.0,0,0,0.0,0,0,0.0,0,0,0.0
test,35,3197,0.9953081013450109,0.9965592743196747,0.9959336878323428,0.994995308101345,4,0,0.0012511729746637473,2,0,0.0006255864873318737,3,4,-0.00031279324366593683
test,36,3229,0.9811087023846392,0.9801796221740477,0.9807990089811087,0.9711985134716631,10,13,-0.0009290802105915144,9,10,-0.0003096934035305048,18,50,-0.009910188912976153
test,37,3249,0.9895352416128039,0.9907663896583564,0.9907663896583564,0.987072945521699,7,3,0.0012311480455524776,5,1,0.0012311480455524776,7,15,-0.0024622960911049553
test,38,1609,0.9658172778123058,0.9683032939714108,0.9683032939714108,0.9608452454940957,7,3,0.002486016159105034,4,0,0.002486016159105034,9,17,-0.004972032318210068
test,39,3249,0.9178208679593721,0.9190520160049246,0.9172052939365959,0.9113573407202216,14,10,0.0012311480455524776,11,13,-0.0006155740227762388,34,55,-0.006463527239150508
test,40,1370,0.5248175182481751,0.5248175182481751,0.5248175182481751,0.5248175182481751,0,0,0.0,0,0,0.0,0,0,0.0
test,41,3249,0.9996922129886119,0.9996922129886119,0.9996922129886119,0.9996922129886119,0,0,0.0,0,0,0.0,0,0,0.0
test,42,17,1.0,1.0,1.0,1.0,0,0,0.0,0,0,0.0,0,0,0.0
test,43,3249,0.9686057248384118,0.9689135118497999,0.9676823638042474,0.9719913819636812,9,8,0.0003077870113881194,2,5,-0.0009233610341643582,28,17,0.003385657125269314
test,44,3128,0.993925831202046,0.9929667519181585,0.993925831202046,0.9920076726342711,2,5,-0.0009590792838874681,2,2,0.0,3,9,-0.0019181585677749361
test,45,3249,0.9892274546014158,0.9892274546014158,0.9892274546014158,0.987072945521699,1,1,0.0,0,0,0.0,0,7,-0.0021545090797168358
test,46,3249,0.9756848261003386,0.9747614650661742,0.9756848261003386,0.9763004001231148,3,6,-0.0009233610341643582,2,2,0.0,7,5,0.0006155740227762388
test,47,2493,0.9610910549538708,0.9610910549538708,0.9582831929402327,0.9618933012434817,10,10,0.0,5,12,-0.002807862013638187,16,14,0.0008022462896109105
test,48,3249,0.940597106802093,0.940597106802093,0.9412126808248692,0.9445983379501385,1,1,0.0,3,1,0.0006155740227762388,14,1,0.0040012311480455524
test,49,3249,1.0,1.0,1.0,1.0,0,0,0.0,0,0,0.0,0,0,0.0
test,50,3249,0.9855340104647584,0.9855340104647584,0.9855340104647584,0.9855340104647584,0,0,0.0,0,0,0.0,0,0,0.0
test,51,3249,0.6054170514004309,0.6066481994459834,0.6084949215143121,0.6020313942751616,47,43,0.0012311480455524776,37,27,0.0030778701138811943,55,66,-0.003385657125269314
test,52,3249,0.9867651585103109,0.9861495844875346,0.9864573714989228,0.9852262234533703,3,5,-0.0006155740227762388,0,1,-0.0003077870113881194,2,7,-0.0015389350569405972
test,53,3249,0.9846106494305941,0.984302862419206,0.9846106494305941,0.9815327793167128,2,3,-0.0003077870113881194,1,1,0.0,1,11,-0.0030778701138811943
test,54,3249,0.9516774392120653,0.9532163742690059,0.9529085872576177,0.9489073561095722,13,8,0.0015389350569405972,11,7,0.0012311480455524776,25,34,-0.002770083102493075
test,55,3249,1.0,1.0,1.0,1.0,0,0,0.0,0,0,0.0,0,0,0.0
test,56,3249,0.9424438288704217,0.9418282548476454,0.9421360418590335,0.9418282548476454,2,4,-0.0006155740227762388,1,2,-0.0003077870113881194,4,6,-0.0006155740227762388
test,57,3249,1.0,1.0,1.0,1.0,0,0,0.0,0,0,0.0,0,0,0.0
test,58,3249,0.9969221298861188,0.9966143428747307,0.9966143428747307,0.9969221298861188,3,4,-0.0003077870113881194,2,3,-0.0003077870113881194,4,4,0.0
test,59,3249,0.8759618344105878,0.8778085564789166,0.8734995383194829,0.8765774084333641,41,35,0.0018467220683287165,25,33,-0.0024622960911049553,56,54,0.0006155740227762388
test,60,3249,0.9572176054170514,0.9606032625423208,0.9599876885195445,0.956294244382887,20,9,0.003385657125269314,18,9,0.002770083102493075,21,24,-0.0009233610341643582
test,61,3025,0.0,0.0,0.0,0.0,0,0,0.0,0,0,0.0,0,0,0.0
test,62,3249,0.9809172052939366,0.9827639273622654,0.9818405663281009,0.9759926131117267,7,1,0.0018467220683287165,4,1,0.0009233610341643582,4,20,-0.0049245921822099106
test,63,3248,0.8497536945812808,0.8500615763546798,0.8519088669950738,0.8500615763546798,21,20,0.0003078817733990148,22,15,0.0021551724137931034,37,36,0.0003078817733990148
test,64,3249,0.9784549092028316,0.9763004001231148,0.9763004001231148,0.9775315481686673,0,7,-0.0021545090797168358,1,8,-0.0021545090797168358,5,8,-0.0009233610341643582
test,65,3249,0.9975377039088951,0.997229916897507,0.997229916897507,0.997229916897507,0,1,-0.0003077870113881194,0,1,-0.0003077870113881194,0,1,-0.0003077870113881194
test,66,3090,1.0,1.0,1.0,1.0,0,0,0.0,0,0,0.0,0,0,0.0
test,67,1727,0.8314997104806022,0.8326577880718008,0.8314997104806022,0.8228141285466126,18,16,0.0011580775911986102,11,11,0.0,27,42,-0.008685581933989578
test,68,3249,0.9199753770390889,0.9242843951985227,0.9221298861188058,0.9255155432440751,23,9,0.0043090181594336715,15,8,0.0021545090797168358,53,35,0.00554016620498615
test,69,3249,0.9726069559864574,0.9744536780547861,0.9719913819636812,0.9655278547245306,18,12,0.0018467220683287165,12,14,-0.0006155740227762388,26,49,-0.007079101261926747
test,70,3249,1.0,1.0,1.0,1.0,0,0,0.0,0,0,0.0,0,0,0.0
test,71,3226,0.9342839429634222,0.9330440173589585,0.9345939243645381,0.9327340359578425,16,20,-0.0012399256044637321,14,13,0.00030998140111593303,35,40,-0.0015499070055796653
test,72,1733,0.9036353144835545,0.9082515868436237,0.9053664166185805,0.9117137911136757,11,3,0.004616272360069244,5,2,0.0017311021350259665,22,8,0.008078476630121177
test,73,3248,0.8512931034482758,0.8503694581280788,0.8516009852216748,0.8463669950738917,19,22,-0.0009236453201970443,16,15,0.0003078817733990148,30,46,-0.0049261083743842365
test,74,3249,0.9184364419821484,0.9205909510618652,0.922745460141582,0.9205909510618652,21,14,0.0021545090797168358,21,7,0.0043090181594336715,28,21,0.0021545090797168358
test,75,2365,0.9665961945031712,0.9653276955602537,0.9657505285412262,0.9572938689217759,7,10,-0.0012684989429175475,5,7,-0.0008456659619450317,14,36,-0.009302325581395349
test,76,3249,0.9966143428747307,0.9981532779316713,0.9984610649430594,0.9963065558633426,6,1,0.0015389350569405972,6,0,0.0018467220683287165,2,3,-0.0003077870113881194
test,77,3249,0.9981532779316713,0.9984610649430594,0.9984610649430594,0.9978454909202832,1,0,0.0003077870113881194,1,0,0.0003077870113881194,2,3,-0.0003077870113881194
test,78,3249,0.9412126808248692,0.9409048938134811,0.9427516158818098,0.9378270236995999,7,8,-0.0003077870113881194,8,3,0.0015389350569405972,44,55,-0.003385657125269314
test,79,3249,0.9578331794398276,0.9575253924284395,0.9566020313942751,0.9553708833487227,7,8,-0.0003077870113881194,4,8,-0.0012311480455524776,27,35,-0.0024622960911049553
test,80,3249,0.9935364727608494,0.9932286857494613,0.9938442597722376,0.9926131117266851,2,3,-0.0003077870113881194,3,2,0.0003077870113881194,3,6,-0.0009233610341643582
test,81,3248,0.9562807881773399,0.958128078817734,0.9572044334975369,0.9568965517241379,11,5,0.0018472906403940886,8,5,0.0009236453201970443,18,16,0.0006157635467980296
test,82,3249,0.9916897506925207,0.9916897506925207,0.9916897506925207,0.9916897506925207,0,0,0.0,0,0,0.0,0,0,0.0
test,83,3249,0.8134810710987996,0.8104032009849185,0.8153277931671283,0.8073253308710373,30,40,-0.0030778701138811943,29,23,0.0018467220683287165,50,70,-0.006155740227762389
test,84,3249,0.780855647891659,0.7873191751308095,0.7842413050169283,0.7863958140966452,31,10,0.006463527239150508,20,9,0.003385657125269314,47,29,0.00554016620498615
test,85,3249,0.9701446598953524,0.9704524469067405,0.9695290858725761,0.9682979378270237,12,11,0.0003077870113881194,5,7,-0.0006155740227762388,19,25,-0.0018467220683287165
test,86,3249,0.9710680209295168,0.971375807940905,0.9704524469067405,0.9726069559864574,7,6,0.0003077870113881194,5,7,-0.0006155740227762388,15,10,0.0015389350569405972
test,87,3249,0.9772237611572792,0.9766081871345029,0.9772237611572792,0.9775315481686673,4,6,-0.0006155740227762388,5,5,0.0,8,7,0.0003077870113881194
test,88,3248,0.9568965517241379,0.957820197044335,0.9575123152709359,0.9559729064039408,14,11,0.0009236453201970443,9,7,0.0006157635467980296,22,25,-0.0009236453201970443
test,89,3249,1.0,1.0,1.0,1.0,0,0,0.0,0,0,0.0,0,0,0.0
test,90,3249,0.9956909818405664,0.9944598337950139,0.9950754078177901,0.9941520467836258,0,4,-0.0012311480455524776,0,2,-0.0006155740227762388,2,7,-0.0015389350569405972
test,91,3249,0.9790704832256079,0.9799938442597722,0.9796860572483841,0.976915974145891,14,11,0.0009233610341643582,8,6,0.0006155740227762388,16,23,-0.0021545090797168358
test,92,3249,0.8781163434903048,0.8873499538319483,0.8821175746383503,0.8719606032625423,57,27,0.009233610341643583,29,16,0.0040012311480455524,60,80,-0.006155740227762389
test,93,3249,1.0,1.0,1.0,1.0,0,0,0.0,0,0,0.0,0,0,0.0
test,94,3249,1.0,1.0,1.0,1.0,0,0,0.0,0,0,0.0,0,0,0.0
test,95,3249,0.9310557094490612,0.9316712834718375,0.9307479224376731,0.9295167743921207,15,13,0.0006155740227762388,13,14,-0.0003077870113881194,17,22,-0.0015389350569405972
test,96,3249,0.9975377039088951,0.9975377039088951,0.9975377039088951,0.9975377039088951,0,0,0.0,0,0,0.0,0,0,0.0
test,97,3249,0.9953831948291783,0.9950754078177901,0.9956909818405664,0.9953831948291783,3,4,-0.0003077870113881194,2,1,0.0003077870113881194,6,6,0.0
test,98,3249,0.9307479224376731,0.9313634964604494,0.930440135426285,0.9313634964604494,12,10,0.0006155740227762388,9,10,-0.0003077870113881194,23,21,0.0006155740227762388
test,99,3249,0.9341335795629424,0.9322868574946137,0.9310557094490612,0.9319790704832256,3,9,-0.0018467220683287165,6,16,-0.0030778701138811943,28,35,-0.0021545090797168358
test,100,3249,1.0,1.0,1.0,1.0,0,0,0.0,0,0,0.0,0,0,0.0
test,101,3249,0.9907663896583564,0.9913819636811326,0.9913819636811326,0.9839950754078178,5,3,0.0006155740227762388,3,1,0.0006155740227762388,7,29,-0.006771314250538628
test,102,3249,1.0,1.0,1.0,1.0,0,0,0.0,0,0,0.0,0,0,0.0
test,103,3244,0.9719482120838471,0.968865598027127,0.971023427866831,0.9728729963008631,2,12,-0.0030826140567200987,3,6,-0.0009247842170160296,20,17,0.0009247842170160296
test,104,1841,1.0,1.0,1.0,1.0,0,0,0.0,0,0,0.0,0,0,0.0
test,105,2080,0.9879807692307693,0.9903846153846154,0.9889423076923077,0.989423076923077,5,0,0.002403846153846154,3,1,0.0009615384615384616,3,0,0.0014423076923076924
test,106,3249,0.9529085872576177,0.9529085872576177,0.9529085872576177,0.9529085872576177,0,0,0.0,0,0,0.0,0,0,0.0
test,107,3249,0.8793474915358572,0.8845798707294552,0.883964296706679,0.883964296706679,24,7,0.0052323791935980305,20,5,0.0046168051708217915,29,14,0.0046168051708217915
test,108,3249,0.9978454909202832,0.9981532779316713,0.9978454909202832,0.9963065558633426,1,0,0.0003077870113881194,0,0,0.0,3,8,-0.0015389350569405972
test,109,818,0.9621026894865525,0.9633251833740831,0.960880195599022,0.9584352078239609,2,1,0.0012224938875305623,0,1,-0.0012224938875305623,4,7,-0.003667481662591687
test,110,244,1.0,1.0,1.0,1.0,0,0,0.0,0,0,0.0,0,0,0.0
test,111,3249,0.9747614650661742,0.9747614650661742,0.9747614650661742,0.9747614650661742,0,0,0.0,0,0,0.0,0,0,0.0
test,112,3237,0.9978375038616002,0.9978375038616002,0.9978375038616002,0.9978375038616002,0,0,0.0,0,0,0.0,0,0,0.0
test,113,3242,0.9895126465144972,0.9904380012338063,0.9898210980876002,0.9892041949413942,5,2,0.0009253547193090684,4,3,0.00030845157310302283,7,8,-0.00030845157310302283
test,114,3202,0.9444097439100562,0.9456589631480324,0.94316052467208,0.9406620861961275,17,13,0.0012492192379762648,7,11,-0.0012492192379762648,31,43,-0.0037476577139287947
test,115,3249,1.0,1.0,1.0,1.0,0,0,0.0,0,0,0.0,0,0,0.0
test,116,3243,0.8859081097748998,0.8871415356151712,0.8865248226950355,0.883441258094357,30,26,0.0012334258402713536,27,25,0.0006167129201356768,50,58,-0.002466851680542707
test,117,3249,0.7863958140966452,0.7870113881194214,0.7879347491535857,0.7845490920283165,23,21,0.0006155740227762388,20,15,0.0015389350569405972,32,38,-0.0018467220683287165
test,118,3249,0.9646044936903663,0.9646044936903663,0.9646044936903663,0.9575253924284395,9,9,0.0,9,9,0.0,22,45,-0.007079101261926747
test,119,3246,0.9953789279112755,0.9959950708564387,0.9953789279112755,0.9956869993838571,3,1,0.0006161429451632779,1,1,0.0,4,3,0.00030807147258163895
test,120,3249,1.0,1.0,1.0,1.0,0,0,0.0,0,0,0.0,0,0,0.0
test,121,3249,0.9787626962142197,0.9812249923053247,0.9815327793167128,0.982148353339489,17,9,0.0024622960911049553,13,4,0.002770083102493075,18,7,0.003385657125269314
test,122,2989,0.9979926396788223,0.9989963198394112,0.9986617597858816,0.9969889595182335,4,1,0.0010036801605888257,2,0,0.0006691201070592171,1,4,-0.0010036801605888257
test,123,244,1.0,1.0,1.0,1.0,0,0,0.0,0,0,0.0,0,0,0.0
test,124,2764,0.993849493487699,0.9927641099855282,0.9942112879884226,0.9902315484804631,3,6,-0.001085383502170767,2,1,0.000361794500723589,2,12,-0.00361794500723589
test,125,3249,0.9886118805786396,0.9889196675900277,0.9889196675900277,0.9879963065558633,4,3,0.0003077870113881194,2,1,0.0003077870113881194,9,11,-0.0006155740227762388
test,126,3249,0.984302862419206,0.982148353339489,0.9849184364419822,0.9839950754078178,5,12,-0.0021545090797168358,5,3,0.0006155740227762388,9,10,-0.0003077870113881194
test,127,3222,0.9832402234636871,0.9851024208566108,0.9829298572315333,0.9875853507138423,8,2,0.00186219739292365,4,5,-0.00031036623215394165,16,2,0.004345127250155183
test,128,3249,1.0,0.9996922129886119,0.9996922129886119,1.0,0,1,-0.0003077870113881194,0,1,-0.0003077870113881194,0,0,0.0
test,129,3249,0.9747614650661742,0.9756848261003386,0.9766081871345029,0.9738381040320099,9,6,0.0009233610341643582,10,4,0.0018467220683287165,13,16,-0.0009233610341643582
test,130,3249,0.8805786395814097,0.8827331486611265,0.8808864265927978,0.878731917513081,19,12,0.0021545090797168358,13,12,0.0003077870113881194,40,46,-0.0018467220683287165
test,131,3249,0.9439827639273622,0.9458294859956909,0.9436749769159741,0.9292089873807325,22,16,0.0018467220683287165,8,9,-0.0003077870113881194,19,67,-0.014773776546629732
test,132,3249,0.9790704832256079,0.979378270236996,0.9784549092028316,0.9738381040320099,4,3,0.0003077870113881194,1,3,-0.0006155740227762388,34,51,-0.0052323791935980305
test,133,3249,0.9452139119729147,0.948291782086796,0.9470606340412434,0.9455216989843028,14,4,0.0030778701138811943,9,3,0.0018467220683287165,9,8,0.0003077870113881194
test,134,3249,0.9861495844875346,0.9867651585103109,0.9873807325330871,0.9861495844875346,5,3,0.0006155740227762388,6,2,0.0012311480455524776,9,9,0.0
test,135,3249,0.9796860572483841,0.9839950754078178,0.982148353339489,0.9719913819636812,25,11,0.0043090181594336715,12,4,0.0024622960911049553,32,57,-0.007694675284702986
test,136,3249,0.9981532779316713,0.9963065558633426,0.9969221298861188,0.9969221298861188,0,6,-0.0018467220683287165,0,4,-0.0012311480455524776,2,6,-0.0012311480455524776
test,137,3249,0.9978454909202832,0.9981532779316713,0.997229916897507,0.9950754078177901,1,0,0.0003077870113881194,0,2,-0.0006155740227762388,1,10,-0.002770083102493075
test,138,3245,0.9106317411402157,0.914637904468413,0.9134052388289676,0.9152542372881356,24,11,0.004006163328197226,14,5,0.002773497688751926,48,33,0.004622496147919877
test,139,3249,0.9996922129886119,0.9996922129886119,0.9996922129886119,0.9990766389658357,0,0,0.0,0,0,0.0,0,2,-0.0006155740227762388
test,140,3249,0.8547245306248077,0.8550323176361958,0.8562634656817483,0.8497999384425977,9,8,0.0003077870113881194,8,3,0.0015389350569405972,11,27,-0.0049245921822099106
test,141,3249,0.907356109572176,0.9116651277316097,0.9110495537088334,0.8990458602646968,31,17,0.0043090181594336715,23,11,0.003693444136657433,42,69,-0.008310249307479225
test,142,589,0.9949066213921901,0.9949066213921901,0.9949066213921901,0.9949066213921901,0,0,0.0,0,0,0.0,0,0,0.0
test,143,3249,0.9624499846106495,0.9655278547245306,0.9633733456448138,0.9621421975992613,16,6,0.0030778701138811943,9,6,0.0009233610341643582,15,16,-0.0003077870113881194
test,144,2859,0.9478838754809373,0.9475341028331584,0.9471843301853795,0.9366911507520111,6,7,-0.0003497726477789437,2,4,-0.0006995452955578874,16,48,-0.011192724728926198
test,145,3249,0.9956909818405664,0.997229916897507,0.997229916897507,0.994767620806402,6,1,0.0015389350569405972,5,0,0.0015389350569405972,10,13,-0.0009233610341643582
test,146,3249,0.9449061249615266,0.9436749769159741,0.9449061249615266,0.9359803016312711,10,14,-0.0012311480455524776,8,8,0.0,16,45,-0.008925823330255463
test,147,3229,0.9677918860328275,0.9684112728398885,0.9684112728398885,0.9643852585939919,12,10,0.0006193868070610096,10,8,0.0006193868070610096,18,29,-0.0034066274388355527
test,148,3249,0.8704216682056017,0.871037242228378,0.8716528162511542,0.8676515851031086,33,31,0.0006155740227762388,19,15,0.0012311480455524776,51,60,-0.002770083102493075
test,149,3249,0.9679901508156356,0.9655278547245306,0.966451215758695,0.9636811326562019,4,12,-0.0024622960911049553,5,10,-0.0015389350569405972,7,21,-0.0043090181594336715
test,150,3147,0.9965046075627582,0.9968223705115984,0.996186844613918,0.9974578964092787,3,2,0.00031776294884016526,2,3,-0.00031776294884016526,4,1,0.0009532888465204957
test,151,1785,0.996078431372549,0.996078431372549,0.996078431372549,0.996078431372549,0,0,0.0,0,0,0.0,0,0,0.0
test,152,3249,0.4863034779932287,0.4859956909818406,0.4844567559249,0.4915358571868267,30,31,-0.0003077870113881194,22,28,-0.0018467220683287165,64,47,0.0052323791935980305
test,153,3249,0.8470298553401047,0.8442597722376115,0.8467220683287165,0.8439519852262234,17,26,-0.002770083102493075,14,15,-0.0003077870113881194,12,22,-0.0030778701138811943
test,154,3249,0.9895352416128039,0.9889196675900277,0.9895352416128039,0.9750692520775623,5,7,-0.0006155740227762388,3,3,0.0,11,58,-0.014465989535241613
test,155,3228,0.9891573729863693,0.9897769516728625,0.9885377942998761,0.9798636926889714,8,6,0.0006195786864931846,7,9,-0.0006195786864931846,15,45,-0.00929368029739777
test,156,3249,0.7836257309941521,0.7836257309941521,0.7830101569713758,0.7879347491535857,4,4,0.0,3,5,-0.0006155740227762388,15,1,0.0043090181594336715
test,157,3249,0.744844567559249,0.744844567559249,0.744844567559249,0.7482302246845183,12,12,0.0,11,11,0.0,26,15,0.003385657125269314
test,158,3249,0.9929208987380732,0.9935364727608494,0.9926131117266851,0.9941520467836258,2,0,0.0006155740227762388,0,1,-0.0003077870113881194,7,3,0.0012311480455524776
test,159,3247,1.0,1.0,1.0,1.0,0,0,0.0,0,0,0.0,0,0,0.0
test,160,3249,0.9956909818405664,0.9959987688519545,0.9963065558633426,0.9941520467836258,1,0,0.0003077870113881194,2,0,0.0006155740227762388,0,5,-0.0015389350569405972
test,161,3249,0.9846106494305941,0.9827639273622654,0.9824561403508771,0.9812249923053247,7,13,-0.0018467220683287165,5,12,-0.0021545090797168358,8,19,-0.003385657125269314
test,162,3249,0.9353647276084949,0.935672514619883,0.9359803016312711,0.927670052323792,16,15,0.0003077870113881194,12,10,0.0006155740227762388,39,64,-0.007694675284702986
test,163,3249,0.9753770390889505,0.9753770390889505,0.9753770390889505,0.9719913819636812,7,7,0.0,5,5,0.0,9,20,-0.003385657125269314
test,164,3248,0.9987684729064039,0.9990763546798029,0.9987684729064039,0.9987684729064039,1,0,0.0003078817733990148,0,0,0.0,1,1,0.0
test,165,3249,1.0,1.0,1.0,1.0,0,0,0.0,0,0,0.0,0,0,0.0
test,166,3207,0.980355472404116,0.9819145618958528,0.9809791082008107,0.9809791082008107,7,2,0.0015590894917368258,5,3,0.0006236357966947302,15,13,0.0006236357966947302
test,167,3249,0.9362880886426592,0.9369036626654356,0.9365958756540473,0.9387503847337643,14,12,0.0006155740227762388,10,9,0.0003077870113881194,34,26,0.0024622960911049553
test,168,3249,1.0,1.0,1.0,1.0,0,0,0.0,0,0,0.0,0,0,0.0
test,169,3249,0.4841489689135119,0.48353339489073566,0.4847645429362881,0.48014773776546626,28,30,-0.0006155740227762388,21,19,0.0006155740227762388,30,43,-0.0040012311480455524
test,170,3249,0.9938442597722376,0.9935364727608494,0.9932286857494613,0.9916897506925207,1,2,-0.0003077870113881194,1,3,-0.0006155740227762388,3,10,-0.0021545090797168358
test,171,3249,0.9658356417359187,0.9642967066789782,0.966451215758695,0.9630655586334257,9,14,-0.0015389350569405972,6,4,0.0006155740227762388,9,18,-0.002770083102493075
test,172,3249,0.9892274546014158,0.9895352416128039,0.9904586026469683,0.9886118805786396,4,3,0.0003077870113881194,7,3,0.0012311480455524776,14,16,-0.0006155740227762388
test,173,2983,0.9929601072745559,0.9926248742876299,0.992289641300704,0.9869259135098893,2,3,-0.00033523298692591353,0,2,-0.0006704659738518271,4,22,-0.006034193764666443
test,174,3249,0.9950754078177901,0.9959987688519545,0.9953831948291783,0.9938442597722376,4,1,0.0009233610341643582,1,0,0.0003077870113881194,4,8,-0.0012311480455524776
test,175,2866,0.9755757152826239,0.9762735519888346,0.9759246336357292,0.9741800418702024,12,10,0.0006978367062107466,7,6,0.0003489183531053733,19,23,-0.0013956734124214933
test,176,3249,0.9959987688519545,0.9966143428747307,0.997229916897507,0.9950754078177901,4,2,0.0006155740227762388,4,0,0.0012311480455524776,0,3,-0.0009233610341643582
test,177,3249,0.9981532779316713,0.9984610649430594,0.9987688519544475,0.9950754078177901,4,3,0.0003077870113881194,3,1,0.0006155740227762388,3,13,-0.0030778701138811943
test,178,3249,0.9627577716220376,0.9624499846106495,0.9630655586334257,0.9584487534626038,10,11,-0.0003077870113881194,9,8,0.0003077870113881194,9,23,-0.0043090181594336715
test,179,3249,0.9993844259772238,0.9993844259772238,0.9993844259772238,0.9996922129886119,0,0,0.0,0,0,0.0,2,1,0.0003077870113881194
test,180,3249,0.9526008002462296,0.9526008002462296,0.9538319482917821,0.9495229301323485,25,25,0.0,16,12,0.0012311480455524776,26,36,-0.0030778701138811943
test,181,3249,1.0,1.0,1.0,1.0,0,0,0.0,0,0,0.0,0,0,0.0
test,182,3249,0.9846106494305941,0.984302862419206,0.9839950754078178,0.9827639273622654,5,6,-0.0003077870113881194,3,5,-0.0006155740227762388,13,19,-0.0018467220683287165
test,183,3249,0.9242843951985227,0.9245921822099108,0.9236688211757463,0.9205909510618652,11,10,0.0003077870113881194,8,10,-0.0006155740227762388,22,34,-0.003693444136657433
test,184,3245,0.9429892141756548,0.9408320493066256,0.9420647149460709,0.9414483821263482,10,17,-0.0021571648690292757,7,10,-0.0009244992295839754,27,32,-0.0015408320493066256
test,185,3249,0.8953524161280394,0.8965835641735919,0.8962757771622037,0.8931979070483226,16,12,0.0012311480455524776,16,13,0.0009233610341643582,51,58,-0.0021545090797168358
test,186,3249,0.9978454909202832,0.9984610649430594,0.9978454909202832,0.9966143428747307,3,1,0.0006155740227762388,0,0,0.0,1,5,-0.0012311480455524776
test,187,3249,0.8922745460141582,0.8922745460141582,0.8925823330255463,0.8913511849799939,25,25,0.0,14,13,0.0003077870113881194,45,48,-0.0009233610341643582
test,188,3249,0.9978454909202832,0.9978454909202832,0.9978454909202832,0.9978454909202832,0,0,0.0,0,0,0.0,0,0,0.0
test,189,3249,0.9941520467836258,0.9963065558633426,0.9950754078177901,0.992305324715297,7,0,0.0021545090797168358,5,2,0.0009233610341643582,4,10,-0.0018467220683287165
test,190,3249,0.9458294859956909,0.9467528470298553,0.9445983379501385,0.940597106802093,8,5,0.0009233610341643582,4,8,-0.0012311480455524776,11,28,-0.0052323791935980305
test,191,3249,0.8925823330255463,0.8919667590027701,0.891658971991382,0.8907356109572176,11,13,-0.0006155740227762388,3,6,-0.0009233610341643582,13,19,-0.0018467220683287165
test,192,3249,0.9938442597722376,0.9929208987380732,0.9938442597722376,0.9926131117266851,0,3,-0.0009233610341643582,1,1,0.0,0,4,-0.0012311480455524776
test,193,3249,0.9959987688519545,0.9963065558633426,0.9956909818405664,0.9932286857494613,3,2,0.0003077870113881194,2,3,-0.0003077870113881194,1,10,-0.002770083102493075
test,194,3249,0.9156663588796553,0.9172052939365959,0.9168975069252078,0.9224376731301939,21,16,0.0015389350569405972,14,10,0.0012311480455524776,47,25,0.006771314250538628
test,195,3249,1.0,1.0,1.0,1.0,0,0,0.0,0,0,0.0,0,0,0.0
test,196,3249,0.9778393351800554,0.9775315481686673,0.9781471221914435,0.9778393351800554,1,2,-0.0003077870113881194,2,1,0.0003077870113881194,3,3,0.0
test,197,3249,0.9966143428747307,0.9975377039088951,0.9966143428747307,0.9966143428747307,4,1,0.0009233610341643582,1,1,0.0,3,3,0.0
test,198,3249,0.9344413665743305,0.9362880886426592,0.9375192366882118,0.9295167743921207,26,20,0.0018467220683287165,17,7,0.0030778701138811943,26,42,-0.0049245921822099106
test,199,3249,0.9261311172668514,0.927670052323792,0.9289012003693444,0.9230532471529701,30,25,0.0015389350569405972,28,19,0.002770083102493075,31,41,-0.0030778701138811943
test,200,3249,1.0,1.0,1.0,1.0,0,0,0.0,0,0,0.0,0,0,0.0
test,201,3238,0.9916615194564546,0.9916615194564546,0.9916615194564546,0.993514515132798,2,2,0.0,1,1,0.0,6,0,0.0018529956763434219
test,202,3248,0.916871921182266,0.9184113300492611,0.9177955665024631,0.915948275862069,29,24,0.001539408866995074,19,16,0.0009236453201970443,59,62,-0.0009236453201970443
test,203,3249,1.0,1.0,1.0,1.0,0,0,0.0,0,0,0.0,0,0,0.0
test,204,3249,1.0,1.0,1.0,1.0,0,0,0.0,0,0,0.0,0,0,0.0
test,205,2431,0.9769642122583299,0.9777869189633895,0.9781982723159194,0.9769642122583299,3,1,0.0008227067050596463,5,2,0.0012340600575894694,7,7,0.0
test,206,3249,0.9836872883964297,0.9839950754078178,0.9836872883964297,0.9916897506925207,2,1,0.0003077870113881194,3,3,0.0,27,1,0.008002462296091105
test,207,3249,1.0,1.0,1.0,1.0,0,0,0.0,0,0,0.0,0,0,0.0
test,208,3249,0.9750692520775623,0.9753770390889505,0.9750692520775623,0.9729147429978455,3,2,0.0003077870113881194,1,1,0.0,11,18,-0.0021545090797168358
test,209,3249,0.9495229301323485,0.9492151431209603,0.9489073561095722,0.9504462911665128,11,12,-0.0003077870113881194,8,10,-0.0006155740227762388,16,13,0.0009233610341643582
test,210,3249,0.8947368421052632,0.8913511849799939,0.8913511849799939,0.891658971991382,13,24,-0.003385657125269314,12,23,-0.003385657125269314,27,37,-0.0030778701138811943
test,211,3249,1.0,1.0,1.0,1.0,0,0,0.0,0,0,0.0,0,0,0.0
test,212,3249,0.9261311172668514,0.9261311172668514,0.9270544783010157,0.9273622653124038,6,6,0.0,4,1,0.0009233610341643582,11,7,0.0012311480455524776
test,213,993,1.0,1.0,1.0,1.0,0,0,0.0,0,0,0.0,0,0,0.0
test,214,3249,0.9892274546014158,0.9883040935672515,0.9879963065558633,0.9895352416128039,2,5,-0.0009233610341643582,0,4,-0.0012311480455524776,6,5,0.0003077870113881194
test,215,3249,0.9975377039088951,0.9975377039088951,0.9975377039088951,0.9975377039088951,0,0,0.0,0,0,0.0,0,0,0.0
test,216,3249,0.9553708833487227,0.9556786703601108,0.9566020313942751,0.9421360418590335,7,6,0.0003077870113881194,8,4,0.0012311480455524776,22,65,-0.013234841489689135
test,217,3249,0.9248999692212989,0.9258233302554633,0.9273622653124038,0.9215143120960295,19,16,0.0009233610341643582,18,10,0.0024622960911049553,19,30,-0.003385657125269314
test,218,3249,0.8725761772853186,0.8784241305016929,0.8731917513080948,0.8618036318867344,51,32,0.005847953216374269,25,23,0.0006155740227762388,34,69,-0.01077254539858418
test,219,3249,0.9990766389658357,0.9993844259772238,0.9996922129886119,0.9990766389658357,2,1,0.0003077870113881194,2,0,0.0006155740227762388,2,2,0.0
test,220,3249,0.9341335795629424,0.9375192366882118,0.9350569405971068,0.9301323484148969,37,26,0.003385657125269314,20,17,0.0009233610341643582,42,55,-0.0040012311480455524
test,221,3249,0.9744536780547861,0.9747614650661742,0.9744536780547861,0.9716835949522931,3,2,0.0003077870113881194,2,2,0.0,7,16,-0.002770083102493075
test,222,3249,0.9132040627885503,0.9119729147429978,0.9135118497999384,0.9070483225607879,26,30,-0.0012311480455524776,22,21,0.0003077870113881194,41,61,-0.006155740227762389
test,223,3249,1.0,1.0,1.0,1.0,0,0,0.0,0,0,0.0,0,0,0.0
test,224,3249,0.9919975377039089,0.9926131117266851,0.9916897506925207,0.9901508156355802,3,1,0.0006155740227762388,3,4,-0.0003077870113881194,10,16,-0.0018467220683287165
test,225,782,1.0,1.0,1.0,1.0,0,0,0.0,0,0,0.0,0,0,0.0
test,226,3249,0.9864573714989228,0.987072945521699,0.9867651585103109,0.9787626962142197,8,6,0.0006155740227762388,7,6,0.0003077870113881194,12,37,-0.007694675284702986
test,227,3249,0.9606032625423208,0.9606032625423208,0.9606032625423208,0.9602954755309326,0,0,0.0,0,0,0.0,1,2,-0.0003077870113881194
test,228,3249,0.9670667897814712,0.9661434287473069,0.9670667897814712,0.9581409664512157,7,10,-0.0009233610341643582,10,10,0.0,24,53,-0.008925823330255463
test,229,3249,0.9242843951985227,0.9258233302554633,0.9248999692212989,0.9289012003693444,20,15,0.0015389350569405972,10,8,0.0006155740227762388,45,30,0.0046168051708217915
test,230,3163,0.9851406892190958,0.9864053114132153,0.9854568447676256,0.9835599114764464,9,5,0.001264622194119507,5,4,0.0003161555485298767,12,17,-0.0015807777426493834
test,231,3249,0.9984610649430594,0.9984610649430594,0.9981532779316713,0.9981532779316713,0,0,0.0,0,1,-0.0003077870113881194,0,1,-0.0003077870113881194
test,232,3249,0.8953524161280394,0.8953524161280394,0.8965835641735919,0.8999692212988611,20,20,0.0,13,9,0.0012311480455524776,56,41,0.0046168051708217915
test,233,3249,0.994767620806402,0.994767620806402,0.994767620806402,0.994767620806402,0,0,0.0,0,0,0.0,0,0,0.0
test,234,1139,1.0,1.0,1.0,1.0,0,0,0.0,0,0,0.0,0,0,0.0
test,235,3249,0.9966143428747307,0.9929208987380732,0.9944598337950139,0.994767620806402,1,13,-0.003693444136657433,1,8,-0.0021545090797168358,0,6,-0.0018467220683287165
test,236,3249,0.9415204678362573,0.940597106802093,0.9415204678362573,0.9415204678362573,7,10,-0.0009233610341643582,6,6,0.0,16,16,0.0
test,237,3249,0.9248999692212989,0.9279778393351801,0.925207756232687,0.9193598030163127,22,12,0.0030778701138811943,11,10,0.0003077870113881194,27,45,-0.00554016620498615
test,238,3249,0.9876885195444752,0.9895352416128039,0.9879963065558633,0.9895352416128039,7,1,0.0018467220683287165,1,0,0.0003077870113881194,6,0,0.0018467220683287165
test,239,3249,0.9929208987380732,0.9929208987380732,0.9929208987380732,0.9929208987380732,0,0,0.0,0,0,0.0,0,0,0.0
test,240,3249,0.9987688519544475,0.9987688519544475,0.9987688519544475,0.9978454909202832,1,1,0.0,0,0,0.0,4,7,-0.0009233610341643582
test,241,3249,0.9984610649430594,0.9978454909202832,0.9978454909202832,0.9953831948291783,0,2,-0.0006155740227762388,0,2,-0.0006155740227762388,3,13,-0.0030778701138811943
test,242,3249,0.9901508156355802,0.9895352416128039,0.989843028624192,0.9889196675900277,1,3,-0.0006155740227762388,0,1,-0.0003077870113881194,1,5,-0.0012311480455524776
test,243,3249,0.9492151431209603,0.9485995690981841,0.9495229301323485,0.9430594028931979,11,13,-0.0006155740227762388,12,11,0.0003077870113881194,23,43,-0.006155740227762389
test,244,3249,0.8938134810710988,0.8913511849799939,0.8938134810710988,0.8965835641735919,16,24,-0.0024622960911049553,20,20,0.0,39,30,0.002770083102493075
test,245,3249,0.9846106494305941,0.9864573714989228,0.9855340104647584,0.9775315481686673,7,1,0.0018467220683287165,6,3,0.0009233610341643582,9,32,-0.007079101261926747
test,246,3249,0.9553708833487227,0.9553708833487227,0.9553708833487227,0.9553708833487227,0,0,0.0,0,0,0.0,0,0,0.0
test,247,2755,0.883847549909256,0.8842105263157894,0.8856624319419237,0.8867513611615245,17,16,0.0003629764065335753,14,9,0.0018148820326678765,36,28,0.0029038112522686023
test,248,3249,0.9830717143736535,0.9830717143736535,0.9830717143736535,0.9830717143736535,0,0,0.0,0,0,0.0,0,0,0.0
test,249,2099,0.9437827536922344,0.9442591710338256,0.9428299190090519,0.9418770843258695,16,15,0.0004764173415912339,11,13,-0.0009528346831824678,29,33,-0.0019056693663649356
test,250,3249,0.07602339181286555,0.07602339181286555,0.07602339181286555,0.07602339181286555,0,0,0.0,0,0,0.0,0,0,0.0
test,251,3249,0.9990766389658357,0.9990766389658357,0.9987688519544475,0.9981532779316713,1,1,0.0,0,1,-0.0003077870113881194,0,3,-0.0009233610341643582
test,252,3249,0.9630655586334257,0.9646044936903663,0.9624499846106495,0.9606032625423208,22,17,0.0015389350569405972,12,14,-0.0006155740227762388,18,26,-0.0024622960911049553
test,253,2315,0.6332613390928725,0.6341252699784017,0.6367170626349892,0.6401727861771058,22,20,0.0008639308855291577,22,14,0.0034557235421166306,51,35,0.006911447084233261
test,254,3249,0.9935364727608494,0.9941520467836258,0.9941520467836258,0.9907663896583564,3,1,0.0006155740227762388,3,1,0.0006155740227762388,3,12,-0.002770083102493075
test,255,3245,0.9993836671802774,0.9993836671802774,0.9990755007704161,0.9993836671802774,0,0,0.0,0,1,-0.0003081664098613251,1,1,0.0
test,256,3249,0.9953831948291783,0.9959987688519545,0.9953831948291783,0.9950754078177901,4,2,0.0006155740227762388,2,2,0.0,3,4,-0.0003077870113881194
test,257,3249,1.0,1.0,1.0,1.0,0,0,0.0,0,0,0.0,0,0,0.0
test,258,3249,0.9756848261003386,0.9756848261003386,0.9747614650661742,0.9630655586334257,10,10,0.0,9,12,-0.0009233610341643582,2,43,-0.012619267466912895
test,259,3249,0.8574946137273007,0.8590335487842413,0.8590335487842413,0.8519544475223145,17,12,0.0015389350569405972,14,9,0.0015389350569405972,46,64,-0.00554016620498615
test,260,3249,0.9959987688519545,0.9959987688519545,0.9959987688519545,0.9966143428747307,0,0,0.0,0,0,0.0,5,3,0.0006155740227762388
test,261,3249,0.9926131117266851,0.9932286857494613,0.9932286857494613,0.9938442597722376,3,1,0.0006155740227762388,3,1,0.0006155740227762388,8,4,0.0012311480455524776
test,262,3249,1.0,1.0,1.0,1.0,0,0,0.0,0,0,0.0,0,0,0.0
test,263,3249,0.971375807940905,0.9726069559864574,0.9716835949522931,0.9732225300092336,6,2,0.0012311480455524776,2,1,0.0003077870113881194,9,3,0.0018467220683287165
test,264,3249,0.7251461988304093,0.7106802092951677,0.7205293936595876,0.7220683287165282,21,68,-0.014465989535241613,20,35,-0.0046168051708217915,35,45,-0.0030778701138811943
test,265,3249,1.0,1.0,1.0,1.0,0,0,0.0,0,0,0.0,0,0,0.0
test,266,3248,0.9747536945812808,0.9747536945812808,0.9747536945812808,0.9747536945812808,2,2,0.0,1,1,0.0,8,8,0.0
test,267,3249,0.8137888581101878,0.8162511542012927,0.8174823022468451,0.8125577100646353,26,18,0.0024622960911049553,27,15,0.003693444136657433,44,48,-0.0012311480455524776
test,268,3249,0.8879655278547245,0.8848876577408433,0.8824253616497384,0.8876577408433364,20,30,-0.0030778701138811943,13,31,-0.00554016620498615,35,36,-0.0003077870113881194
test,269,3249,1.0,1.0,1.0,1.0,0,0,0.0,0,0,0.0,0,0,0.0
test,270,3242,0.9990746452806909,0.9990746452806909,0.9990746452806909,0.9987661937075879,0,0,0.0,0,0,0.0,1,2,-0.00030845157310302283
test,271,3249,0.9975377039088951,0.997229916897507,0.9969221298861188,0.9938442597722376,1,2,-0.0003077870113881194,1,3,-0.0006155740227762388,3,15,-0.003693444136657433
test,272,3249,0.9910741766697445,0.9910741766697445,0.9910741766697445,0.9910741766697445,0,0,0.0,0,0,0.0,0,0,0.0
test,273,3249,0.9473684210526316,0.9495229301323485,0.9492151431209603,0.9292089873807325,29,22,0.0021545090797168358,22,16,0.0018467220683287165,47,106,-0.018159433671899046
test,274,3249,0.9959987688519545,0.997229916897507,0.9966143428747307,0.9966143428747307,5,1,0.0012311480455524776,3,1,0.0006155740227762388,5,3,0.0006155740227762388
test,275,3249,0.9969221298861188,0.997229916897507,0.997229916897507,0.997229916897507,1,0,0.0003077870113881194,1,0,0.0003077870113881194,5,4,0.0003077870113881194
test,276,3249,1.0,1.0,1.0,1.0,0,0,0.0,0,0,0.0,0,0,0.0
test,277,3249,0.997229916897507,0.9969221298861188,0.997229916897507,0.9950754078177901,0,1,-0.0003077870113881194,0,0,0.0,1,8,-0.0021545090797168358
test,278,3249,0.9012003693444137,0.894429055093875,0.8959679901508156,0.8898122499230532,26,48,-0.006771314250538628,13,30,-0.0052323791935980305,28,65,-0.01138811942136042
test,279,3249,0.9784549092028316,0.9784549092028316,0.9784549092028316,0.9759926131117267,5,5,0.0,6,6,0.0,11,19,-0.0024622960911049553
test,280,3249,0.9021237303785781,0.9039704524469068,0.9008925823330256,0.8962757771622037,32,26,0.0018467220683287165,19,23,-0.0012311480455524776,35,54,-0.005847953216374269
test,281,3249,0.38627269929208985,0.38627269929208985,0.38627269929208985,0.38627269929208985,0,0,0.0,0,0,0.0,0,0,0.0
test,282,3249,1.0,1.0,1.0,1.0,0,0,0.0,0,0,0.0,0,0,0.0
test,283,3249,0.9402893197907048,0.9415204678362573,0.9399815327793167,0.9369036626654356,15,11,0.0012311480455524776,6,7,-0.0003077870113881194,15,26,-0.003385657125269314
test,284,3249,0.9750692520775623,0.9747614650661742,0.9744536780547861,0.9753770390889505,1,2,-0.0003077870113881194,1,3,-0.0006155740227762388,4,3,0.0003077870113881194
test,285,3248,0.9959975369458128,0.9963054187192119,0.9963054187192119,0.9972290640394089,1,0,0.0003078817733990148,1,0,0.0003078817733990148,5,1,0.0012315270935960591
test,286,3249,0.6115727916281932,0.6118805786395813,0.6118805786395813,0.6128039396737457,10,9,0.0003077870113881194,8,7,0.0003077870113881194,22,18,0.0012311480455524776
test,287,1412,0.7011331444759207,0.6940509915014164,0.6990084985835694,0.6813031161473088,13,23,-0.007082152974504249,8,11,-0.002124645892351275,10,38,-0.019830028328611898
test,288,3249,0.8688827331486612,0.8658048630347799,0.8719606032625423,0.8691905201600493,27,37,-0.0030778701138811943,37,27,0.0030778701138811943,70,69,0.0003077870113881194
test,289,1117,0.8504923903312445,0.8469113697403761,0.8504923903312445,0.8531781557743957,11,15,-0.0035810205908683975,9,9,0.0,25,22,0.0026857654431512983
test,290,3249,1.0,1.0,1.0,1.0,0,0,0.0,0,0,0.0,0,0,0.0
test,291,3249,0.7848568790397046,0.7833179439827639,0.7876269621421976,0.7802400738688827,32,37,-0.0015389350569405972,25,16,0.002770083102493075,41,56,-0.0046168051708217915
test,292,3249,1.0,1.0,1.0,1.0,0,0,0.0,0,0,0.0,0,0,0.0
test,293,1516,0.7658311345646438,0.7658311345646438,0.7664907651715039,0.7678100263852243,4,4,0.0,2,1,0.0006596306068601583,9,6,0.001978891820580475
test,294,3248,0.9350369458128078,0.9396551724137931,0.937807881773399,0.9294950738916257,28,13,0.004618226600985222,20,11,0.002770935960591133,33,51,-0.005541871921182266
test,295,2204,0.9664246823956443,0.9677858439201452,0.9673321234119783,0.9668784029038112,4,1,0.0013611615245009074,3,1,0.0009074410163339383,4,3,0.00045372050816696913
test,296,2624,0.8582317073170732,0.8578506097560976,0.8601371951219512,0.8597560975609756,7,8,-0.00038109756097560977,9,4,0.0019054878048780487,18,14,0.001524390243902439
test,297,3249,0.9963065558633426,0.9969221298861188,0.9959987688519545,0.9966143428747307,2,0,0.0006155740227762388,0,1,-0.0003077870113881194,1,0,0.0003077870113881194
test,298,3249,0.9427516158818098,0.9409048938134811,0.9409048938134811,0.9322868574946137,11,17,-0.0018467220683287165,10,16,-0.0018467220683287165,13,47,-0.010464758387196061
test,299,3249,0.9338257925515543,0.9353647276084949,0.9353647276084949,0.9264389042782395,15,10,0.0015389350569405972,13,8,0.0015389350569405972,20,44,-0.007386888273314866
test,300,3249,0.8664204370575561,0.8682671591258849,0.8648815020006155,0.863342566943675,22,16,0.0018467220683287165,10,15,-0.0015389350569405972,27,37,-0.0030778701138811943
test,301,3249,0.8999692212988611,0.8993536472760849,0.9021237303785781,0.8898122499230532,24,26,-0.0006155740227762388,19,12,0.0021545090797168358,40,73,-0.010156971375807941
test,302,3249,0.9763004001231148,0.9790704832256079,0.9784549092028316,0.9710680209295168,15,6,0.002770083102493075,11,4,0.0021545090797168358,11,28,-0.0052323791935980305
test,303,3249,0.992305324715297,0.9926131117266851,0.9910741766697445,0.9938442597722376,6,5,0.0003077870113881194,1,5,-0.0012311480455524776,10,5,0.0015389350569405972
test,304,3249,1.0,1.0,1.0,1.0,0,0,0.0,0,0,0.0,0,0,0.0
test,305,3249,0.9763004001231148,0.9787626962142197,0.9772237611572792,0.9750692520775623,11,3,0.0024622960911049553,5,2,0.0009233610341643582,12,16,-0.0012311480455524776
test,306,3249,0.997229916897507,0.9969221298861188,0.997229916897507,0.997229916897507,0,1,-0.0003077870113881194,0,0,0.0,3,3,0.0
test,307,3249,0.9036626654355187,0.9092028316405047,0.9070483225607879,0.907356109572176,36,18,0.00554016620498615,28,17,0.003385657125269314,41,29,0.003693444136657433
test,308,2558,0.9265050820953871,0.9284597341673182,0.9315871774824082,0.9159499609069586,12,7,0.001954652071931196,16,3,0.0050820953870211105,33,60,-0.01055512118842846
test,309,1066,0.7363977485928705,0.724202626641651,0.7363977485928705,0.7204502814258912,3,16,-0.012195121951219513,8,8,0.0,7,24,-0.01594746716697936
test,310,3243,0.9855072463768116,0.9864323157570151,0.9858156028368794,0.9870490286771508,4,1,0.0009250693802035153,1,0,0.0003083564600678384,9,4,0.001541782300339192
test,311,3249,0.9390581717451524,0.943367189904586,0.940597106802093,0.9387503847337643,17,3,0.0043090181594336715,10,5,0.0015389350569405972,20,21,-0.0003077870113881194
test,312,3245,0.9972265023112481,0.9990755007704161,0.9987673343605546,0.9969183359013868,6,0,0.0018489984591679508,5,0,0.0015408320493066256,5,6,-0.0003081664098613251
test,313,3249,0.9978454909202832,0.9978454909202832,0.9978454909202832,0.9978454909202832,0,0,0.0,0,0,0.0,0,0,0.0
test,314,3249,0.9572176054170514,0.9541397353031702,0.9538319482917821,0.9550630963373345,6,16,-0.0030778701138811943,6,17,-0.003385657125269314,28,35,-0.0021545090797168358
test,315,3249,0.9270544783010157,0.9270544783010157,0.9285934133579563,0.9267466912896276,7,7,0.0,9,4,0.0015389350569405972,19,20,-0.0003077870113881194
test,316,3249,0.9941520467836258,0.9941520467836258,0.9941520467836258,0.997229916897507,1,1,0.0,1,1,0.0,12,2,0.0030778701138811943
test,317,3249,0.8919667590027701,0.894429055093875,0.8938134810710988,0.89689135118498,34,26,0.0024622960911049553,26,20,0.0018467220683287165,60,44,0.0049245921822099106
test,318,3249,0.9975377039088951,0.9975377039088951,0.9975377039088951,0.9975377039088951,0,0,0.0,0,0,0.0,0,0,0.0
test,319,3249,0.9886118805786396,0.9873807325330871,0.9879963065558633,0.9873807325330871,8,12,-0.0012311480455524776,4,6,-0.0006155740227762388,10,14,-0.0012311480455524776
test,320,3249,0.9679901508156356,0.9689135118497999,0.9679901508156356,0.9590643274853801,15,12,0.0009233610341643582,7,7,0.0,25,54,-0.008925823330255463
test,321,3237,0.9981464318813716,0.9978375038616002,0.9978375038616002,0.9944392956441149,2,3,-0.00030892801977139327,1,2,-0.00030892801977139327,0,12,-0.0037071362372567192
test,322,3249,0.9313634964604494,0.9344413665743305,0.9329024315173899,0.9289012003693444,23,13,0.0030778701138811943,17,12,0.0015389350569405972,35,43,-0.0024622960911049553
test,323,3249,0.9452139119729147,0.9479839950754079,0.9455216989843028,0.9492151431209603,37,28,0.002770083102493075,18,17,0.0003077870113881194,37,24,0.0040012311480455524
test,324,3249,1.0,1.0,1.0,1.0,0,0,0.0,0,0,0.0,0,0,0.0
test,325,3249,0.9892274546014158,0.9883040935672515,0.9892274546014158,0.9889196675900277,1,4,-0.0009233610341643582,3,3,0.0,12,13,-0.0003077870113881194
test,326,3249,0.9205909510618652,0.9218220991074176,0.9193598030163127,0.9052016004924592,28,24,0.0012311480455524776,15,19,-0.0012311480455524776,43,93,-0.015389350569405972
test,327,3249,0.992305324715297,0.9929208987380732,0.9929208987380732,0.9919975377039089,4,2,0.0006155740227762388,3,1,0.0006155740227762388,4,5,-0.0003077870113881194
test,328,3249,0.9747614650661742,0.974145891043398,0.9753770390889505,0.971375807940905,7,9,-0.0006155740227762388,5,3,0.0006155740227762388,6,17,-0.003385657125269314
test,329,2274,0.9700967458223395,0.9683377308707124,0.9687774846086191,0.961301671064204,2,6,-0.001759014951627089,1,4,-0.0013192612137203166,3,23,-0.008795074758135445
test,330,38,1.0,1.0,1.0,1.0,0,0,0.0,0,0,0.0,0,0,0.0
test,331,3249,0.9449061249615266,0.9455216989843028,0.9455216989843028,0.9424438288704217,24,22,0.0006155740227762388,19,17,0.0006155740227762388,41,49,-0.0024622960911049553
test,332,3249,0.9941520467836258,0.9941520467836258,0.9944598337950139,0.9904586026469683,4,4,0.0,3,2,0.0003077870113881194,10,22,-0.003693444136657433
test,333,3249,0.9689135118497999,0.9710680209295168,0.9722991689750693,0.9686057248384118,11,4,0.0021545090797168358,12,1,0.003385657125269314,8,9,-0.0003077870113881194
test,334,3249,0.9935364727608494,0.9941520467836258,0.9938442597722376,0.9953831948291783,4,2,0.0006155740227762388,1,0,0.0003077870113881194,8,2,0.0018467220683287165
test,335,3249,0.9929208987380732,0.9932286857494613,0.9913819636811326,0.9926131117266851,3,2,0.0003077870113881194,2,7,-0.0015389350569405972,7,8,-0.0003077870113881194
test,336,3249,0.9879963065558633,0.987072945521699,0.9879963065558633,0.9892274546014158,1,4,-0.0009233610341643582,1,1,0.0,5,1,0.0012311480455524776
test,337,3249,0.9932286857494613,0.9938442597722376,0.9932286857494613,0.9926131117266851,3,1,0.0006155740227762388,0,0,0.0,2,4,-0.0006155740227762388
test,338,3249,0.9984610649430594,0.9984610649430594,0.9984610649430594,0.9984610649430594,0,0,0.0,0,0,0.0,0,0,0.0
test,339,3249,0.9990766389658357,0.9996922129886119,0.9993844259772238,0.9996922129886119,2,0,0.0006155740227762388,1,0,0.0003077870113881194,2,0,0.0006155740227762388
test,340,3249,0.9621421975992613,0.9652200677131425,0.9646044936903663,0.96398891966759,14,4,0.0030778701138811943,12,4,0.0024622960911049553,23,17,0.0018467220683287165
test,341,2907,0.3856209150326797,0.389748882008944,0.3856209150326797,0.3880288957688338,27,15,0.0041279669762641896,14,14,0.0,28,21,0.002407980736154111
test,342,3249,0.9963065558633426,0.997229916897507,0.9969221298861188,0.9966143428747307,3,0,0.0009233610341643582,2,0,0.0006155740227762388,3,2,0.0003077870113881194
test,343,3249,0.9901508156355802,0.9904586026469683,0.9910741766697445,0.9886118805786396,2,1,0.0003077870113881194,4,1,0.0009233610341643582,8,13,-0.0015389350569405972
test,344,3249,0.9953831948291783,0.9956909818405664,0.9959987688519545,0.9959987688519545,2,1,0.0003077870113881194,2,0,0.0006155740227762388,2,0,0.0006155740227762388
test,345,3246,0.9993838570548367,0.9996919285274184,0.9993838570548367,0.9978434996919285,1,0,0.00030807147258163895,1,1,0.0,0,5,-0.0015403573629081946
test,346,3249,0.9886118805786396,0.9913819636811326,0.989843028624192,0.9895352416128039,14,5,0.002770083102493075,6,2,0.0012311480455524776,17,14,0.0009233610341643582
test,347,3247,0.9497998152140438,0.9519556513704959,0.9504157684016015,0.9457961194949184,13,6,0.0021558361564521095,11,9,0.0006159531875577456,26,39,-0.004003695719125347
test,348,3249,0.9953831948291783,0.9959987688519545,0.9963065558633426,0.9953831948291783,4,2,0.0006155740227762388,4,1,0.0009233610341643582,7,7,0.0
test,349,3249,0.9458294859956909,0.9430594028931979,0.9442905509387504,0.9418282548476454,6,15,-0.002770083102493075,5,10,-0.0015389350569405972,11,24,-0.0040012311480455524
test,350,3249,0.9953831948291783,0.9956909818405664,0.9959987688519545,0.9950754078177901,2,1,0.0003077870113881194,2,0,0.0006155740227762388,3,4,-0.0003077870113881194
test,351,3036,0.8554018445322793,0.8557312252964426,0.8547430830039526,0.8557312252964426,26,25,0.00032938076416337287,25,27,-0.0006587615283267457,55,54,0.00032938076416337287
test,352,3249,0.9812249923053247,0.9830717143736535,0.9827639273622654,0.9827639273622654,13,7,0.0018467220683287165,9,4,0.0015389350569405972,14,9,0.0015389350569405972
test,353,3249,1.0,1.0,1.0,1.0,0,0,0.0,0,0,0.0,0,0,0.0
test,354,2612,0.9992343032159265,0.9992343032159265,0.9992343032159265,0.9992343032159265,0,0,0.0,0,0,0.0,0,0,0.0
test,355,3249,0.9756848261003386,0.9753770390889505,0.9756848261003386,0.9772237611572792,3,4,-0.0003077870113881194,4,4,0.0,9,4,0.0015389350569405972
test,356,3249,0.9981532779316713,0.9981532779316713,0.9981532779316713,0.9981532779316713,0,0,0.0,0,0,0.0,0,0,0.0
test,357,3249,0.8424130501692828,0.8461064943059403,0.8454909202831641,0.8387196060326254,42,30,0.003693444136657433,32,22,0.0030778701138811943,71,83,-0.003693444136657433
test,358,3249,0.6626654355186211,0.6654355186211142,0.6648199445983379,0.6685133887349954,63,54,0.002770083102493075,37,30,0.0021545090797168358,89,70,0.005847953216374269
test,359,3249,0.9649122807017544,0.9667590027700831,0.9646044936903663,0.9673745767928593,14,8,0.0018467220683287165,6,7,-0.0003077870113881194,24,16,0.0024622960911049553
test,360,3249,0.9984610649430594,0.9990766389658357,0.9984610649430594,0.9978454909202832,3,1,0.0006155740227762388,0,0,0.0,0,2,-0.0006155740227762388
test,361,3249,0.9975377039088951,0.9975377039088951,0.9978454909202832,0.9969221298861188,3,3,0.0,1,0,0.0003077870113881194,4,6,-0.0006155740227762388
test,362,3027,0.9573835480673935,0.9610175090849026,0.9596960687148992,0.9550710274198877,20,9,0.003633961017509085,17,10,0.0023125206475057814,34,41,-0.0023125206475057814
test,363,3249,0.9744536780547861,0.9753770390889505,0.9750692520775623,0.9710680209295168,6,3,0.0009233610341643582,6,4,0.0006155740227762388,4,15,-0.003385657125269314
test,364,3244,0.998766954377312,0.998766954377312,0.998766954377312,0.998766954377312,0,0,0.0,0,0,0.0,0,0,0.0
test,365,3249,1.0,1.0,1.0,1.0,0,0,0.0,0,0,0.0,0,0,0.0
test,366,3245,0.9790446841294299,0.9808936825885979,0.9796610169491525,0.9790446841294299,9,3,0.0018489984591679508,5,3,0.0006163328197226503,13,13,0.0
test,367,3249,0.9267466912896276,0.9285934133579563,0.9261311172668514,0.9190520160049246,20,14,0.0018467220683287165,11,13,-0.0006155740227762388,38,63,-0.007694675284702986
test,368,3249,0.9738381040320099,0.976915974145891,0.9744536780547861,0.966451215758695,12,2,0.0030778701138811943,13,11,0.0006155740227762388,26,50,-0.007386888273314866
test,369,2094,1.0,1.0,1.0,1.0,0,0,0.0,0,0,0.0,0,0,0.0
test,370,3249,0.9729147429978455,0.9735303170206218,0.9744536780547861,0.9695290858725761,10,8,0.0006155740227762388,11,6,0.0015389350569405972,19,30,-0.003385657125269314
test,371,3249,0.9067405355493998,0.909818405663281,0.9095106186518929,0.9067405355493998,29,19,0.0030778701138811943,24,15,0.002770083102493075,46,46,0.0
test,372,3249,0.9566020313942751,0.9575253924284395,0.9590643274853801,0.9532163742690059,17,14,0.0009233610341643582,17,9,0.0024622960911049553,23,34,-0.003385657125269314
test,373,3249,0.9458294859956909,0.9455216989843028,0.9461372730070791,0.9421360418590335,19,20,-0.0003077870113881194,15,14,0.0003077870113881194,36,48,-0.003693444136657433
test,374,3249,0.9966143428747307,0.9966143428747307,0.9966143428747307,0.9959987688519545,0,0,0.0,0,0,0.0,1,3,-0.0006155740227762388
test,375,3249,0.9969221298861188,0.9975377039088951,0.997229916897507,0.9963065558633426,4,2,0.0006155740227762388,4,3,0.0003077870113881194,5,7,-0.0006155740227762388
test,376,3249,0.9196675900277008,0.9218220991074176,0.9233610341643582,0.909818405663281,16,9,0.0021545090797168358,19,7,0.003693444136657433,19,51,-0.009849184364419821
test,377,2111,0.9981051634296542,0.9981051634296542,0.9981051634296542,0.9981051634296542,0,0,0.0,0,0,0.0,0,0,0.0
test,378,3249,0.961218836565097,0.9609110495537089,0.9596799015081564,0.9630655586334257,6,7,-0.0003077870113881194,10,15,-0.0015389350569405972,33,27,0.0018467220683287165
test,379,3249,0.9221298861188058,0.9236688211757463,0.9233610341643582,0.9236688211757463,9,4,0.0015389350569405972,8,4,0.0012311480455524776,26,21,0.0015389350569405972
test,380,3249,0.951061865189289,0.9507540781779009,0.951061865189289,0.9507540781779009,19,20,-0.0003077870113881194,16,16,0.0,34,35,-0.0003077870113881194
test,381,3249,0.9796860572483841,0.976915974145891,0.9772237611572792,0.9744536780547861,6,15,-0.002770083102493075,4,12,-0.0024622960911049553,18,35,-0.0052323791935980305
test,382,3249,0.9959987688519545,0.9963065558633426,0.9963065558633426,0.9950754078177901,2,1,0.0003077870113881194,3,2,0.0003077870113881194,2,5,-0.0009233610341643582
test,383,3249,0.9993844259772238,0.9996922129886119,0.9996922129886119,0.9990766389658357,1,0,0.0003077870113881194,1,0,0.0003077870113881194,1,2,-0.0003077870113881194
test,384,3249,0.9375192366882118,0.9353647276084949,0.9365958756540473,0.9338257925515543,15,22,-0.0021545090797168358,16,19,-0.0009233610341643582,27,39,-0.003693444136657433
test,385,3249,0.9719913819636812,0.9707602339181287,0.9716835949522931,0.9627577716220376,6,10,-0.0012311480455524776,5,6,-0.0003077870113881194,20,50,-0.009233610341643583
test,386,3249,0.9799938442597722,0.979378270236996,0.9827639273622654,0.9775315481686673,9,11,-0.0006155740227762388,14,5,0.002770083102493075,11,19,-0.0024622960911049553
test,387,3249,0.9932286857494613,0.9932286857494613,0.9935364727608494,0.9830717143736535,4,4,0.0,3,2,0.0003077870113881194,8,41,-0.010156971375807941
test,388,2132,0.7781425891181989,0.7790806754221389,0.7790806754221389,0.774390243902439,21,19,0.0009380863039399625,13,11,0.0009380863039399625,22,30,-0.00375234521575985
test,389,3249,0.992305324715297,0.9932286857494613,0.9929208987380732,0.9926131117266851,5,2,0.0009233610341643582,4,2,0.0006155740227762388,9,8,0.0003077870113881194
test,390,1796,0.9988864142538976,0.9988864142538976,0.9988864142538976,0.9988864142538976,0,0,0.0,0,0,0.0,0,0,0.0
test,391,3249,0.029855340104647632,0.026161895967990123,0.029855340104647632,0.028624192059095055,9,21,-0.003693444136657433,12,12,0.0,18,22,-0.0012311480455524776
test,392,3245,0.9624036979969184,0.9602465331278891,0.9605546995377504,0.9636363636363636,8,15,-0.0021571648690292757,7,13,-0.0018489984591679508,25,21,0.0012326656394453005
test,393,3249,0.9969221298861188,0.9975377039088951,0.997229916897507,0.9956909818405664,2,0,0.0006155740227762388,1,0,0.0003077870113881194,0,4,-0.0012311480455524776
test,394,3249,0.9919975377039089,0.992305324715297,0.9919975377039089,0.992305324715297,2,1,0.0003077870113881194,1,1,0.0,1,0,0.0003077870113881194
test,395,3249,0.9584487534626038,0.9584487534626038,0.9584487534626038,0.9584487534626038,0,0,0.0,0,0,0.0,0,0,0.0
test,396,2933,0.993181043300375,0.9945448346403001,0.9945448346403001,0.9952267303102625,7,3,0.0013637913399249914,6,2,0.0013637913399249914,7,1,0.002045687009887487
test,397,3246,0.9648798521256932,0.9651879235982748,0.9648798521256932,0.9537892791127541,14,13,0.00030807147258163895,8,8,0.0,20,56,-0.011090573012939002
test,398,3249,0.992305324715297,0.9944598337950139,0.9935364727608494,0.9910741766697445,7,0,0.0021545090797168358,5,1,0.0012311480455524776,5,9,-0.0012311480455524776
test,399,3249,0.9609110495537089,0.9624499846106495,0.9618344105878732,0.9609110495537089,10,5,0.0015389350569405972,10,7,0.0009233610341643582,15,15,0.0
test,400,3249,0.9667590027700831,0.9679901508156356,0.9682979378270237,0.9658356417359187,12,8,0.0012311480455524776,12,7,0.0015389350569405972,16,19,-0.0009233610341643582
test,401,3249,0.9470606340412434,0.9470606340412434,0.9452139119729147,0.9473684210526316,12,12,0.0,10,16,-0.0018467220683287165,27,26,0.0003077870113881194
test,402,2850,0.9084210526315789,0.9101754385964912,0.9080701754385965,0.9056140350877193,19,14,0.0017543859649122807,12,13,-0.0003508771929824561,19,27,-0.002807017543859649
test,403,3249,0.9916897506925207,0.9919975377039089,0.9919975377039089,0.9913819636811326,7,6,0.0003077870113881194,4,3,0.0003077870113881194,7,8,-0.0003077870113881194
test,404,3249,0.9963065558633426,0.9966143428747307,0.9959987688519545,0.9932286857494613,1,0,0.0003077870113881194,0,1,-0.0003077870113881194,1,11,-0.0030778701138811943
test,405,3249,0.9719913819636812,0.9719913819636812,0.9719913819636812,0.9719913819636812,0,0,0.0,0,0,0.0,0,0,0.0
test,406,3249,0.9516774392120653,0.9526008002462296,0.9507540781779009,0.9464450600184672,7,4,0.0009233610341643582,4,7,-0.0009233610341643582,11,28,-0.0052323791935980305
test,407,55,0.8727272727272728,0.8727272727272728,0.8727272727272728,0.9272727272727272,0,0,0.0,0,0,0.0,3,0,0.05454545454545454
test,408,3056,0.9401178010471204,0.9404450261780105,0.9401178010471204,0.9391361256544503,3,2,0.0003272251308900524,1,1,0.0,1,4,-0.000981675392670157
test,409,3249,0.9113573407202216,0.9141274238227147,0.9128962757771621,0.9168975069252078,23,14,0.002770083102493075,14,9,0.0015389350569405972,52,34,0.00554016620498615
test,410,3249,0.9883040935672515,0.9907663896583564,0.9892274546014158,0.9886118805786396,9,1,0.0024622960911049553,5,2,0.0009233610341643582,8,7,0.0003077870113881194
test,411,3249,0.9501385041551247,0.9519852262234534,0.9504462911665128,0.9467528470298553,23,17,0.0018467220683287165,17,16,0.0003077870113881194,32,43,-0.003385657125269314
test,412,398,0.7613065326633166,0.7562814070351759,0.7587939698492463,0.771356783919598,2,4,-0.005025125628140704,1,2,-0.002512562814070352,7,3,0.010050251256281407
test,413,3249,0.9996922129886119,1.0,1.0,1.0,1,0,0.0003077870113881194,1,0,0.0003077870113881194,1,0,0.0003077870113881194
test,414,3249,0.9981532779316713,0.9987688519544475,0.9987688519544475,0.9984610649430594,2,0,0.0006155740227762388,2,0,0.0006155740227762388,3,2,0.0003077870113881194
test,415,3249,0.8941212680824869,0.8941212680824869,0.8971991381963681,0.8938134810710988,36,36,0.0,29,19,0.0030778701138811943,47,48,-0.0003077870113881194
test,416,3249,1.0,1.0,1.0,1.0,0,0,0.0,0,0,0.0,0,0,0.0
test,417,3249,0.9993844259772238,0.9993844259772238,0.9993844259772238,0.9993844259772238,0,0,0.0,0,0,0.0,0,0,0.0
test,418,3249,0.9172052939365959,0.9218220991074176,0.9193598030163127,0.922745460141582,38,23,0.0046168051708217915,23,16,0.0021545090797168358,57,39,0.00554016620498615
test,419,3246,0.9670363524337646,0.9645717806531116,0.9673444239063462,0.9614910659272952,9,17,-0.0024645717806531116,7,6,0.00030807147258163895,19,37,-0.005545286506469501
test,420,3249,0.9883040935672515,0.9867651585103109,0.9886118805786396,0.9876885195444752,3,8,-0.0015389350569405972,5,4,0.0003077870113881194,8,10,-0.0006155740227762388
test,421,3249,0.9910741766697445,0.9910741766697445,0.9910741766697445,0.9910741766697445,0,0,0.0,0,0,0.0,0,0,0.0
test,422,2998,0.9799866577718479,0.9809873248832555,0.980653769179453,0.9816544362908606,5,2,0.0010006671114076052,6,4,0.00066711140760507,9,4,0.001667778519012675
test,423,3249,0.9630655586334257,0.9575253924284395,0.9590643274853801,0.9559864573714989,8,26,-0.00554016620498615,11,24,-0.0040012311480455524,24,47,-0.007079101261926747
test,424,3248,0.9987684729064039,0.999384236453202,0.9990763546798029,0.9990763546798029,2,0,0.0006157635467980296,1,0,0.0003078817733990148,1,0,0.0003078817733990148
test,425,3249,0.7349953831948292,0.7291474299784548,0.7306863650353955,0.7297630040012312,12,31,-0.005847953216374269,5,19,-0.0043090181594336715,37,54,-0.0052323791935980305
test,426,3249,1.0,1.0,1.0,1.0,0,0,0.0,0,0,0.0,0,0,0.0
test,427,3249,0.9812249923053247,0.9827639273622654,0.982148353339489,0.9790704832256079,7,2,0.0015389350569405972,5,2,0.0009233610341643582,17,24,-0.0021545090797168358
test,428,3249,0.9258233302554633,0.925207756232687,0.9264389042782395,0.9205909510618652,11,13,-0.0006155740227762388,10,8,0.0006155740227762388,15,32,-0.0052323791935980305
test,429,3249,1.0,1.0,1.0,1.0,0,0,0.0,0,0,0.0,0,0,0.0
test,430,3249,0.997229916897507,0.997229916897507,0.997229916897507,0.9959987688519545,2,2,0.0,2,2,0.0,3,7,-0.0012311480455524776
test,431,3249,0.9993844259772238,0.9993844259772238,0.9993844259772238,0.9984610649430594,0,0,0.0,0,0,0.0,0,3,-0.0009233610341643582
test,432,3249,0.9929208987380732,0.9926131117266851,0.9932286857494613,0.9941520467836258,0,1,-0.0003077870113881194,2,1,0.0003077870113881194,4,0,0.0012311480455524776
test,433,3249,0.9464450600184672,0.9473684210526316,0.9479839950754079,0.9402893197907048,7,4,0.0009233610341643582,9,4,0.0015389350569405972,11,31,-0.006155740227762389
test,434,3249,1.0,1.0,1.0,1.0,0,0,0.0,0,0,0.0,0,0,0.0
test,435,3249,1.0,1.0,1.0,1.0,0,0,0.0,0,0,0.0,0,0,0.0
test,436,3249,0.9670667897814712,0.9676823638042474,0.9673745767928593,0.9661434287473069,3,1,0.0006155740227762388,3,2,0.0003077870113881194,15,18,-0.0009233610341643582
test,437,3249,0.9926131117266851,0.9932286857494613,0.9929208987380732,0.9929208987380732,2,0,0.0006155740227762388,1,0,0.0003077870113881194,5,4,0.0003077870113881194
test,438,3195,0.9821596244131455,0.9805946791862284,0.9818466353677622,0.9802816901408451,4,9,-0.001564945226917058,2,3,-0.00031298904538341156,14,20,-0.0018779342723004694
test,439,3248,0.9141009852216748,0.9125615763546798,0.9100985221674877,0.9027093596059114,11,16,-0.001539408866995074,4,17,-0.0040024630541871924,17,54,-0.011391625615763547
test,440,3105,1.0,1.0,1.0,1.0,0,0,0.0,0,0,0.0,0,0,0.0
test,441,3249,1.0,1.0,1.0,1.0,0,0,0.0,0,0,0.0,0,0,0.0
test,442,3249,1.0,1.0,1.0,1.0,0,0,0.0,0,0,0.0,0,0,0.0
test,443,3249,0.7085257002154509,0.7119113573407202,0.7119113573407202,0.7085257002154509,34,23,0.003385657125269314,33,22,0.003385657125269314,60,60,0.0
test,444,1224,0.9746732026143791,0.9779411764705882,0.9763071895424836,0.9754901960784313,10,6,0.0032679738562091504,3,1,0.0016339869281045752,7,6,0.0008169934640522876
test,445,3249,0.9981532779316713,0.9984610649430594,0.9984610649430594,0.9987688519544475,1,0,0.0003077870113881194,1,0,0.0003077870113881194,5,3,0.0006155740227762388
test,446,3249,0.9938442597722376,0.9944598337950139,0.994767620806402,0.9950754078177901,3,1,0.0006155740227762388,3,0,0.0009233610341643582,8,4,0.0012311480455524776
test,447,3242,0.9207279457125231,0.9164096236890809,0.918260333127699,0.9148673658235658,3,17,-0.00431832202344232,1,9,-0.0024676125848241827,4,23,-0.005860579888957434
test,448,3249,0.9824561403508771,0.9824561403508771,0.9824561403508771,0.9824561403508771,0,0,0.0,0,0,0.0,0,0,0.0
test,449,3249,0.951061865189289,0.951061865189289,0.951061865189289,0.951061865189289,0,0,0.0,0,0,0.0,0,0,0.0
test,450,3249,0.9963065558633426,0.9959987688519545,0.9966143428747307,0.9966143428747307,0,1,-0.0003077870113881194,1,0,0.0003077870113881194,7,6,0.0003077870113881194
test,451,3249,0.9886118805786396,0.9876885195444752,0.9886118805786396,0.9876885195444752,1,4,-0.0009233610341643582,2,2,0.0,2,5,-0.0009233610341643582
test,452,3249,0.9963065558633426,0.9963065558633426,0.9963065558633426,0.9963065558633426,0,0,0.0,0,0,0.0,0,0,0.0
test,453,3249,0.9701446598953524,0.9698368728839643,0.969221298861188,0.9679901508156356,6,7,-0.0003077870113881194,2,5,-0.0009233610341643582,14,21,-0.0021545090797168358
test,454,3249,0.9910741766697445,0.992305324715297,0.9910741766697445,0.9926131117266851,7,3,0.0012311480455524776,2,2,0.0,8,3,0.0015389350569405972
test,455,3249,0.9904586026469683,0.9907663896583564,0.9904586026469683,0.9895352416128039,3,2,0.0003077870113881194,2,2,0.0,3,6,-0.0009233610341643582
test,456,3249,0.9938442597722376,0.9932286857494613,0.9932286857494613,0.992305324715297,1,3,-0.0006155740227762388,1,3,-0.0006155740227762388,1,6,-0.0015389350569405972
test,457,3249,1.0,1.0,1.0,1.0,0,0,0.0,0,0,0.0,0,0,0.0
test,458,3249,0.9959987688519545,0.9963065558633426,0.997229916897507,0.9956909818405664,2,1,0.0003077870113881194,4,0,0.0012311480455524776,2,3,-0.0003077870113881194
test,459,3249,0.951061865189289,0.9501385041551247,0.9501385041551247,0.9513696522006772,4,7,-0.0009233610341643582,3,6,-0.0009233610341643582,10,9,0.0003077870113881194
test,460,3249,0.9181286549707602,0.9172052939365959,0.9172052939365959,0.914742997845491,20,23,-0.0009233610341643582,11,14,-0.0009233610341643582,42,53,-0.003385657125269314
test,461,3195,0.9311424100156495,0.9289514866979656,0.9298904538341158,0.9348982785602504,9,16,-0.002190923317683881,6,10,-0.0012519561815336462,26,14,0.003755868544600939
test,462,3245,0.986748844375963,0.986748844375963,0.9861325115562404,0.9852080123266564,6,6,0.0,4,6,-0.0006163328197226503,12,17,-0.0015408320493066256
test,463,3069,0.9824046920821115,0.9827305311176279,0.9837080482241772,0.9788204626914304,5,4,0.00032583903551645487,6,2,0.0013033561420658195,3,14,-0.0035842293906810036
test,464,3249,0.9636811326562019,0.9636811326562019,0.961218836565097,0.9618344105878732,15,15,0.0,7,15,-0.0024622960911049553,31,37,-0.0018467220683287165
test,465,3249,0.9806094182825484,0.9809172052939366,0.9796860572483841,0.9812249923053247,7,6,0.0003077870113881194,3,6,-0.0009233610341643582,24,22,0.0006155740227762388
test,466,957,1.0,1.0,1.0,1.0,0,0,0.0,0,0,0.0,0,0,0.0
test,467,3249,0.9916897506925207,0.9926131117266851,0.992305324715297,0.9858417974761465,4,1,0.0009233610341643582,6,4,0.0006155740227762388,8,27,-0.005847953216374269
test,468,3249,0.9846106494305941,0.984302862419206,0.9846106494305941,0.9846106494305941,3,4,-0.0003077870113881194,2,2,0.0,10,10,0.0
test,469,3249,0.920283164050477,0.9218220991074176,0.9224376731301939,0.9208987380732533,22,17,0.0015389350569405972,18,11,0.0021545090797168358,23,21,0.0006155740227762388
test,470,3249,0.922745460141582,0.9248999692212989,0.9224376731301939,0.9153585718682672,20,13,0.0021545090797168358,15,16,-0.0003077870113881194,33,57,-0.007386888273314866
test,471,2278,0.9525899912203687,0.9530289727831431,0.9525899912203687,0.9525899912203687,8,7,0.0004389815627743635,4,4,0.0,9,9,0.0
test,472,3249,0.9729147429978455,0.9735303170206218,0.9729147429978455,0.9627577716220376,4,2,0.0006155740227762388,3,3,0.0,2,35,-0.010156971375807941
test,473,3249,0.9987688519544475,0.9987688519544475,0.9984610649430594,0.9987688519544475,2,2,0.0,1,2,-0.0003077870113881194,1,1,0.0
test,474,3249,0.9978454909202832,0.9975377039088951,0.9978454909202832,0.9953831948291783,0,1,-0.0003077870113881194,0,0,0.0,1,9,-0.0024622960911049553
test,475,3249,0.9332102185287781,0.9353647276084949,0.9350569405971068,0.9359803016312711,10,3,0.0021545090797168358,7,1,0.0018467220683287165,29,20,0.002770083102493075
test,476,3249,0.572176054170514,0.5727916281932903,0.5730994152046784,0.5641735918744228,26,24,0.0006155740227762388,21,18,0.0009233610341643582,35,61,-0.008002462296091105
test,477,3240,0.9324074074074074,0.9367283950617284,0.9333333333333333,0.9305555555555556,24,10,0.004320987654320987,15,12,0.000925925925925926,34,40,-0.001851851851851852
test,478,3249,0.9966143428747307,0.9966143428747307,0.9966143428747307,0.9966143428747307,0,0,0.0,0,0,0.0,0,0,0.0
test,479,3249,0.9935364727608494,0.9944598337950139,0.9944598337950139,0.9926131117266851,3,0,0.0009233610341643582,3,0,0.0009233610341643582,4,7,-0.0009233610341643582
test,480,3249,0.605724838411819,0.6008002462296091,0.6035703293321022,0.6112650046168051,25,41,-0.0049245921822099106,26,33,-0.0021545090797168358,54,36,0.00554016620498615
test,481,3249,0.992305324715297,0.9938442597722376,0.9929208987380732,0.9907663896583564,7,2,0.0015389350569405972,6,4,0.0006155740227762388,6,11,-0.0015389350569405972
test,482,3249,0.9618344105878732,0.961218836565097,0.9627577716220376,0.9572176054170514,11,13,-0.0006155740227762388,13,10,0.0009233610341643582,16,31,-0.0046168051708217915
test,483,1945,0.9758354755784062,0.9758354755784062,0.9763496143958869,0.9629820051413882,1,1,0.0,1,0,0.0005141388174807198,7,32,-0.012853470437017995
test,484,3249,0.9378270236995999,0.9353647276084949,0.935672514619883,0.9295167743921207,9,17,-0.0024622960911049553,6,13,-0.0021545090797168358,31,58,-0.008310249307479225
test,485,3249,0.940597106802093,0.9452139119729147,0.9436749769159741,0.9329024315173899,23,8,0.0046168051708217915,14,4,0.0030778701138811943,21,46,-0.007694675284702986
test,486,2734,1.0,1.0,1.0,1.0,0,0,0.0,0,0,0.0,0,0,0.0
test,487,3249,0.9861495844875346,0.9864573714989228,0.9864573714989228,0.9852262234533703,4,3,0.0003077870113881194,3,2,0.0003077870113881194,8,11,-0.0009233610341643582
test,488,3249,0.9735303170206218,0.976915974145891,0.974145891043398,0.9661434287473069,27,16,0.003385657125269314,10,8,0.0006155740227762388,31,55,-0.007386888273314866
test,489,3249,0.8467220683287165,0.8528778085564789,0.8482610033856571,0.8485687903970452,31,11,0.006155740227762389,17,12,0.0015389350569405972,36,30,0.0018467220683287165
test,490,3249,0.9978454909202832,0.9969221298861188,0.9975377039088951,0.9987688519544475,0,3,-0.0009233610341643582,1,2,-0.0003077870113881194,5,2,0.0009233610341643582
test,491,3249,0.9987688519544475,0.9987688519544475,0.9987688519544475,0.9981532779316713,0,0,0.0,0,0,0.0,0,2,-0.0006155740227762388
test,492,3247,0.8657222051124115,0.8721897135817678,0.8672620880813058,0.8614105327995072,39,18,0.006467508469356329,23,18,0.001539882968894364,42,56,-0.004311672312904219
test,493,3241,0.9898179574205492,0.9885837704412218,0.9888923171860536,0.9879666769515582,2,6,-0.001234186979327368,1,4,-0.0009256402344955261,7,13,-0.0018512804689910522
test,494,3249,0.9873807325330871,0.9892274546014158,0.9879963065558633,0.9907663896583564,10,4,0.0018467220683287165,6,4,0.0006155740227762388,13,2,0.003385657125269314
test,495,3249,0.9618344105878732,0.9618344105878732,0.9618344105878732,0.9618344105878732,0,0,0.0,0,0,0.0,0,0,0.0
test,496,3249,0.940597106802093,0.9464450600184672,0.9445983379501385,0.9359803016312711,32,13,0.005847953216374269,20,7,0.0040012311480455524,35,50,-0.0046168051708217915
test,497,3042,0.9898093359631821,0.9888231426692965,0.9898093359631821,0.9884944115713347,0,3,-0.0009861932938856016,0,0,0.0,1,5,-0.0013149243918474688
test,498,3249,0.9907663896583564,0.9916897506925207,0.9916897506925207,0.9867651585103109,4,1,0.0009233610341643582,4,1,0.0009233610341643582,4,17,-0.0040012311480455524
test,499,3249,0.9492151431209603,0.9544475223145583,0.9522930132348415,0.9495229301323485,32,15,0.0052323791935980305,21,11,0.0030778701138811943,31,30,0.0003077870113881194
test,500,3249,0.817174515235457,0.8153277931671283,0.8159433671899046,0.8150200061557402,27,33,-0.0018467220683287165,18,22,-0.0012311480455524776,40,47,-0.0021545090797168358
test,501,3249,0.9156663588796553,0.9181286549707602,0.917513080947984,0.9153585718682672,32,24,0.0024622960911049553,21,15,0.0018467220683287165,41,42,-0.0003077870113881194
test,502,3249,0.8356417359187442,0.8359495229301324,0.8374884579870729,0.8347183748845799,21,20,0.0003077870113881194,25,19,0.0018467220683287165,42,45,-0.0009233610341643582
test,503,3249,0.9452139119729147,0.9473684210526316,0.9467528470298553,0.9489073561095722,24,17,0.0021545090797168358,15,10,0.0015389350569405972,38,26,0.003693444136657433
test,504,3249,1.0,1.0,1.0,1.0,0,0,0.0,0,0,0.0,0,0,0.0
test,505,3249,0.9950754078177901,0.997229916897507,0.9950754078177901,0.987072945521699,9,2,0.0021545090797168358,7,7,0.0,11,37,-0.008002462296091105
test,506,3249,0.9864573714989228,0.9873807325330871,0.9867651585103109,0.9873807325330871,3,0,0.0009233610341643582,1,0,0.0003077870113881194,4,1,0.0009233610341643582
test,507,3249,0.9039704524469068,0.9030470914127424,0.9027393044013543,0.9008925823330256,7,10,-0.0009233610341643582,3,7,-0.0012311480455524776,16,26,-0.0030778701138811943
test,508,3249,1.0,1.0,1.0,1.0,0,0,0.0,0,0,0.0,0,0,0.0
test,509,3249,0.9476762080640198,0.9473684210526316,0.9455216989843028,0.940597106802093,26,27,-0.0003077870113881194,12,19,-0.0021545090797168358,33,56,-0.007079101261926747
test,510,3249,0.9981532779316713,0.9984610649430594,0.9987688519544475,0.9978454909202832,1,0,0.0003077870113881194,2,0,0.0006155740227762388,1,2,-0.0003077870113881194
test,511,3249,0.997229916897507,0.997229916897507,0.9969221298861188,0.9966143428747307,1,1,0.0,2,3,-0.0003077870113881194,2,4,-0.0006155740227762388
test,512,3249,0.9399815327793167,0.9430594028931979,0.940597106802093,0.9359803016312711,20,10,0.0030778701138811943,12,10,0.0006155740227762388,45,58,-0.0040012311480455524
test,513,3247,0.9842931937172775,0.9867570064675085,0.9861410532799507,0.983061287342162,8,0,0.0024638127502309825,6,0,0.0018478595626732369,9,13,-0.0012319063751154912
test,514,3249,0.9855340104647584,0.9855340104647584,0.9855340104647584,0.9855340104647584,0,0,0.0,0,0,0.0,0,0,0.0
test,515,3249,0.9799938442597722,0.9787626962142197,0.9784549092028316,0.9806094182825484,2,6,-0.0012311480455524776,0,5,-0.0015389350569405972,5,3,0.0006155740227762388
test,516,3249,0.9649122807017544,0.96398891966759,0.9652200677131425,0.9606032625423208,4,7,-0.0009233610341643582,5,4,0.0003077870113881194,8,22,-0.0043090181594336715
test,517,3249,0.9418282548476454,0.9399815327793167,0.9412126808248692,0.9344413665743305,11,17,-0.0018467220683287165,10,12,-0.0006155740227762388,17,41,-0.007386888273314866
test,518,3249,0.9901508156355802,0.9892274546014158,0.9886118805786396,0.9855340104647584,2,5,-0.0009233610341643582,1,6,-0.0015389350569405972,2,17,-0.0046168051708217915
test,519,3249,0.912588488765774,0.9135118497999384,0.9119729147429978,0.9150507848568791,22,19,0.0009233610341643582,10,12,-0.0006155740227762388,64,56,0.0024622960911049553
test,520,3249,0.9978454909202832,0.9978454909202832,0.9978454909202832,0.9978454909202832,1,1,0.0,1,1,0.0,1,1,0.0
test,521,3249,0.9485995690981841,0.9513696522006772,0.9507540781779009,0.9464450600184672,14,5,0.002770083102493075,13,6,0.0021545090797168358,30,37,-0.0021545090797168358
test,522,3160,0.9933544303797468,0.9949367088607595,0.9927215189873417,0.9886075949367089,7,2,0.0015822784810126582,1,3,-0.0006329113924050633,1,16,-0.004746835443037975
test,523,3249,0.979378270236996,0.9815327793167128,0.9803016312711603,0.974145891043398,12,5,0.0021545090797168358,6,3,0.0009233610341643582,19,36,-0.0052323791935980305
test,524,3249,0.9784549092028316,0.9787626962142197,0.9799938442597722,0.9763004001231148,6,5,0.0003077870113881194,10,5,0.0015389350569405972,12,19,-0.0021545090797168358
test,525,3249,1.0,1.0,1.0,1.0,0,0,0.0,0,0,0.0,0,0,0.0
test,526,3249,0.987072945521699,0.9876885195444752,0.9864573714989228,0.9876885195444752,6,4,0.0006155740227762388,2,4,-0.0006155740227762388,10,8,0.0006155740227762388
test,527,3249,0.9959987688519545,0.9966143428747307,0.9966143428747307,0.9935364727608494,3,1,0.0006155740227762388,3,1,0.0006155740227762388,2,10,-0.0024622960911049553
test,528,3249,0.9652200677131425,0.9655278547245306,0.966451215758695,0.96398891966759,6,5,0.0003077870113881194,11,7,0.0012311480455524776,22,26,-0.0012311480455524776
test,529,3249,0.9966143428747307,0.9963065558633426,0.997229916897507,0.9956909818405664,3,4,-0.0003077870113881194,3,1,0.0006155740227762388,2,5,-0.0009233610341643582
test,530,3249,0.9181286549707602,0.9162819329024315,0.9165897199138197,0.9088950446291166,15,21,-0.0018467220683287165,9,14,-0.0015389350569405972,37,67,-0.009233610341643583
test,531,3247,0.9214659685863874,0.9267015706806283,0.9263935940868494,0.9257776408992917,29,12,0.005235602094240838,23,7,0.004927625500461965,39,25,0.004311672312904219
test,532,3249,1.0,1.0,1.0,1.0,0,0,0.0,0,0,0.0,0,0,0.0
test,533,3249,0.9953831948291783,0.9959987688519545,0.9953831948291783,0.9953831948291783,2,0,0.0006155740227762388,0,0,0.0,0,0,0.0
test,534,3249,1.0,1.0,1.0,1.0,0,0,0.0,0,0,0.0,0,0,0.0
test,535,3249,0.9738381040320099,0.9756848261003386,0.9732225300092336,0.9698368728839643,14,8,0.0018467220683287165,5,7,-0.0006155740227762388,7,20,-0.0040012311480455524
test,536,3249,0.9652200677131425,0.9646044936903663,0.9627577716220376,0.9646044936903663,8,10,-0.0006155740227762388,3,11,-0.0024622960911049553,25,27,-0.0006155740227762388
test,537,3249,0.9901508156355802,0.9916897506925207,0.992305324715297,0.9901508156355802,7,2,0.0015389350569405972,7,0,0.0021545090797168358,6,6,0.0
test,538,3249,0.9735303170206218,0.9738381040320099,0.9738381040320099,0.9719913819636812,1,0,0.0003077870113881194,1,0,0.0003077870113881194,5,10,-0.0015389350569405972
test,539,3249,0.9824561403508771,0.9830717143736535,0.9830717143736535,0.982148353339489,2,0,0.0006155740227762388,4,2,0.0006155740227762388,5,6,-0.0003077870113881194
test,540,3249,0.9679901508156356,0.9676823638042474,0.9661434287473069,0.9658356417359187,5,6,-0.0003077870113881194,3,9,-0.0018467220683287165,10,17,-0.0021545090797168358
test,541,3249,0.9950754078177901,0.9953831948291783,0.994767620806402,0.9935364727608494,4,3,0.0003077870113881194,6,7,-0.0003077870113881194,12,17,-0.0015389350569405972
test,542,1687,0.997036158861885,0.997628927089508,0.997628927089508,0.996443390634262,1,0,0.0005927682276229994,1,0,0.0005927682276229994,0,1,-0.0005927682276229994
test,543,3249,1.0,1.0,1.0,1.0,0,0,0.0,0,0,0.0,0,0,0.0
test,544,2605,0.9527831094049904,0.9554702495201536,0.9539347408829175,0.9489443378119002,18,11,0.002687140115163148,7,4,0.0011516314779270633,28,38,-0.003838771593090211
test,545,1025,0.7209756097560975,0.7209756097560975,0.7209756097560975,0.7170731707317073,3,3,0.0,2,2,0.0,1,5,-0.003902439024390244
test,546,2957,0.9932363882313155,0.9942509299966182,0.9935745688197497,0.9888400405816706,3,0,0.0010145417653026716,4,3,0.00033818058843422386,2,15,-0.00439634764964491
test,547,3249,0.979378270236996,0.979378270236996,0.9778393351800554,0.9710680209295168,9,9,0.0,3,8,-0.0015389350569405972,25,52,-0.008310249307479225
test,548,206,1.0,1.0,1.0,1.0,0,0,0.0,0,0,0.0,0,0,0.0
test,549,3249,0.9399815327793167,0.940597106802093,0.9396737457679286,0.9332102185287781,20,18,0.0006155740227762388,16,17,-0.0003077870113881194,40,62,-0.006771314250538628
test,550,3249,0.9919975377039089,0.9913819636811326,0.9910741766697445,0.9929208987380732,1,3,-0.0006155740227762388,0,3,-0.0009233610341643582,3,0,0.0009233610341643582
test,551,3198,0.9080675422138836,0.9058786741713571,0.9049405878674172,0.9093183239524703,18,25,-0.002188868042526579,17,27,-0.0031269543464665416,49,45,0.0012507817385866166
test,552,3249,0.9996922129886119,0.9996922129886119,0.9996922129886119,0.9996922129886119,0,0,0.0,0,0,0.0,0,0,0.0
test,553,3249,0.9655278547245306,0.9661434287473069,0.96398891966759,0.961218836565097,13,11,0.0006155740227762388,6,11,-0.0015389350569405972,14,28,-0.0043090181594336715
test,554,3249,0.9686057248384118,0.9695290858725761,0.9695290858725761,0.9658356417359187,5,2,0.0009233610341643582,5,2,0.0009233610341643582,4,13,-0.002770083102493075
test,555,2470,0.9623481781376518,0.9607287449392713,0.9635627530364372,0.9607287449392713,4,8,-0.0016194331983805667,5,2,0.0012145748987854252,6,10,-0.0016194331983805667
test,556,3249,0.9538319482917821,0.951061865189289,0.9532163742690059,0.9498307171437366,12,21,-0.002770083102493075,13,15,-0.0006155740227762388,22,35,-0.0040012311480455524
test,557,3249,0.9981532779316713,0.9981532779316713,0.9987688519544475,1.0,0,0,0.0,2,0,0.0006155740227762388,6,0,0.0018467220683287165
test,558,3247,0.9972282106559901,0.9969202340622113,0.9972282106559901,0.9947643979057592,0,1,-0.0003079765937788728,1,1,0.0,0,8,-0.0024638127502309825
test,559,3249,0.8565712526931364,0.8534933825792552,0.8550323176361958,0.850415512465374,18,28,-0.0030778701138811943,15,20,-0.0015389350569405972,38,58,-0.006155740227762389
test,560,3166,0.9955780164245104,0.9949463044851548,0.9955780164245104,0.9949463044851548,0,2,-0.0006317119393556538,0,0,0.0,1,3,-0.0006317119393556538
test,561,3249,0.9975377039088951,0.9969221298861188,0.9978454909202832,0.9966143428747307,1,3,-0.0006155740227762388,2,1,0.0003077870113881194,2,5,-0.0009233610341643582
test,562,3249,0.9052016004924592,0.9067405355493998,0.9070483225607879,0.9101261926746691,33,28,0.0015389350569405972,25,19,0.0018467220683287165,73,57,0.0049245921822099106
test,563,3249,1.0,1.0,1.0,1.0,0,0,0.0,0,0,0.0,0,0,0.0
test,564,3249,0.9609110495537089,0.9646044936903663,0.9636811326562019,0.9621421975992613,17,5,0.003693444136657433,11,2,0.002770083102493075,20,16,0.0012311480455524776
test,565,3249,1.0,1.0,1.0,1.0,0,0,0.0,0,0,0.0,0,0,0.0
test,566,3249,0.9248999692212989,0.9292089873807325,0.9273622653124038,0.9264389042782395,32,18,0.0043090181594336715,23,15,0.0024622960911049553,46,41,0.0015389350569405972
test,567,3209,0.9510751012776566,0.9526332190713618,0.9516983483951387,0.9557494546587721,12,7,0.0015581177937052041,7,5,0.0006232471174820816,30,15,0.004674353381115612
test,568,3249,0.9698368728839643,0.9701446598953524,0.9729147429978455,0.9735303170206218,12,11,0.0003077870113881194,14,4,0.0030778701138811943,19,7,0.003693444136657433
test,569,2548,0.945447409733124,0.945839874411303,0.9430926216640503,0.9407378335949764,7,6,0.0003924646781789639,5,11,-0.002354788069073783,3,15,-0.004709576138147566
test,570,3249,0.979378270236996,0.9799938442597722,0.979378270236996,0.9787626962142197,7,5,0.0006155740227762388,4,4,0.0,10,12,-0.0006155740227762388
test,571,2290,0.9126637554585153,0.9183406113537118,0.9161572052401746,0.9135371179039301,23,10,0.005676855895196507,20,12,0.0034934497816593887,26,24,0.0008733624454148472
test,572,2847,0.934668071654373,0.9388830347734457,0.9374780470670881,0.9350193185809624,15,3,0.004214963119072708,10,2,0.0028099754127151387,16,15,0.00035124692658939234
test,573,3249,0.9975377039088951,0.9975377039088951,0.997229916897507,0.9981532779316713,1,1,0.0,0,1,-0.0003077870113881194,3,1,0.0006155740227762388
test,574,3214,0.9825762289981331,0.9825762289981331,0.9825762289981331,0.9825762289981331,0,0,0.0,0,0,0.0,0,0,0.0
test,575,3249,0.9756848261003386,0.9719913819636812,0.9763004001231148,0.9633733456448138,20,32,-0.003693444136657433,16,14,0.0006155740227762388,11,51,-0.012311480455524777
test,576,3249,0.9953831948291783,0.9956909818405664,0.9950754078177901,0.9953831948291783,1,0,0.0003077870113881194,0,1,-0.0003077870113881194,2,2,0.0
test,577,1765,0.9954674220963173,0.9954674220963173,0.9954674220963173,0.9954674220963173,0,0,0.0,0,0,0.0,0,0,0.0
test,578,3249,0.9993844259772238,0.9990766389658357,0.9993844259772238,0.9984610649430594,0,1,-0.0003077870113881194,0,0,0.0,1,4,-0.0009233610341643582
test,579,3249,0.9919975377039089,0.9919975377039089,0.9916897506925207,0.9913819636811326,3,3,0.0,4,5,-0.0003077870113881194,7,9,-0.0006155740227762388
test,580,3249,0.9516774392120653,0.9538319482917821,0.9516774392120653,0.9504462911665128,22,15,0.0021545090797168358,18,18,0.0,36,40,-0.0012311480455524776
test,581,3249,0.9436749769159741,0.9439827639273622,0.9445983379501385,0.9424438288704217,11,10,0.0003077870113881194,10,7,0.0009233610341643582,17,21,-0.0012311480455524776
test,582,3249,0.9867651585103109,0.9855340104647584,0.9858417974761465,0.9852262234533703,3,7,-0.0012311480455524776,2,5,-0.0009233610341643582,5,10,-0.0015389350569405972
test,583,3248,0.9873768472906403,0.9883004926108374,0.9873768472906403,0.9883004926108374,7,4,0.0009236453201970443,3,3,0.0,11,8,0.0009236453201970443
test,584,3247,0.995072374499538,0.9947643979057592,0.9944564213119803,0.9935324915306437,1,2,-0.0003079765937788728,0,2,-0.0006159531875577456,4,9,-0.001539882968894364
test,585,3249,0.9599876885195445,0.9596799015081564,0.9593721144967682,0.9547553093259464,11,12,-0.0003077870113881194,9,11,-0.0006155740227762388,24,41,-0.0052323791935980305
test,586,3249,1.0,1.0,1.0,1.0,0,0,0.0,0,0,0.0,0,0,0.0
test,587,3249,0.9981532779316713,0.9984610649430594,0.9981532779316713,0.9975377039088951,1,0,0.0003077870113881194,0,0,0.0,2,4,-0.0006155740227762388
test,588,3249,0.9852262234533703,0.9849184364419822,0.9836872883964297,0.9833795013850416,2,3,-0.0003077870113881194,1,6,-0.0015389350569405972,15,21,-0.0018467220683287165
test,589,3249,1.0,1.0,1.0,1.0,0,0,0.0,0,0,0.0,0,0,0.0
test,590,3249,0.7873191751308095,0.7910126192674669,0.7903970452446907,0.7851646660510927,41,29,0.003693444136657433,32,22,0.0030778701138811943,48,55,-0.0021545090797168358
test,591,3249,0.9316712834718375,0.9316712834718375,0.9307479224376731,0.9295167743921207,7,7,0.0,3,6,-0.0009233610341643582,7,14,-0.0021545090797168358
test,592,3249,0.9830717143736535,0.9849184364419822,0.9852262234533703,0.9852262234533703,11,5,0.0018467220683287165,9,2,0.0021545090797168358,15,8,0.0021545090797168358
test,593,3249,0.9390581717451524,0.9412126808248692,0.9409048938134811,0.9375192366882118,19,12,0.0021545090797168358,14,8,0.0018467220683287165,32,37,-0.0015389350569405972
test,594,3249,0.9796860572483841,0.9809172052939366,0.9803016312711603,0.9833795013850416,5,1,0.0012311480455524776,3,1,0.0006155740227762388,16,4,0.003693444136657433
test,595,3249,0.8541089566020315,0.8578024007386889,0.8553401046475839,0.8501077254539858,48,36,0.003693444136657433,27,23,0.0012311480455524776,63,76,-0.0040012311480455524
test,596,3249,0.9658356417359187,0.9661434287473069,0.9642967066789782,0.9630655586334257,12,11,0.0003077870113881194,7,12,-0.0015389350569405972,13,22,-0.002770083102493075
test,597,3249,0.992305324715297,0.9919975377039089,0.9913819636811326,0.9913819636811326,0,1,-0.0003077870113881194,0,3,-0.0009233610341643582,2,5,-0.0009233610341643582
test,598,2978,0.974479516453996,0.9754869039623909,0.9731363331094695,0.9717931497649429,8,5,0.0010073875083948958,2,6,-0.001343183344526528,6,14,-0.002686366689053056
test,599,3249,0.9224376731301939,0.9239766081871346,0.9236688211757463,0.9224376731301939,20,15,0.0015389350569405972,19,15,0.0012311480455524776,32,32,0.0
test,600,3249,0.5149276700523238,0.5093875038473377,0.5096952908587258,0.5121575869498307,40,58,-0.00554016620498615,35,52,-0.0052323791935980305,63,72,-0.002770083102493075
test,601,3249,0.9975377039088951,0.9975377039088951,0.9975377039088951,0.9975377039088951,0,0,0.0,0,0,0.0,0,0,0.0
test,602,3249,0.992305324715297,0.9926131117266851,0.992305324715297,0.9913819636811326,1,0,0.0003077870113881194,0,0,0.0,0,3,-0.0009233610341643582
test,603,3249,0.9184364419821484,0.920283164050477,0.9168975069252078,0.9104339796860572,23,17,0.0018467220683287165,10,15,-0.0015389350569405972,23,49,-0.008002462296091105
test,604,3249,0.9815327793167128,0.9818405663281009,0.9818405663281009,0.9812249923053247,4,3,0.0003077870113881194,3,2,0.0003077870113881194,7,8,-0.0003077870113881194
test,605,3023,0.9702282500826993,0.969897452861396,0.9712206417466094,0.9702282500826993,7,8,-0.0003307972213033411,7,4,0.0009923916639100231,14,14,0.0
test,606,3249,0.8651892890120036,0.8688827331486612,0.8679593721144968,0.8651892890120036,29,17,0.003693444136657433,15,6,0.002770083102493075,28,28,0.0
test,607,3249,0.9759926131117267,0.9766081871345029,0.9763004001231148,0.9775315481686673,4,2,0.0006155740227762388,3,2,0.0003077870113881194,8,3,0.0015389350569405972
test,608,3249,0.9541397353031702,0.9553708833487227,0.9550630963373345,0.9547553093259464,18,14,0.0012311480455524776,12,9,0.0009233610341643582,21,19,0.0006155740227762388
test,609,3249,0.8845798707294552,0.8836565096952909,0.8858110187750077,0.8861188057863958,3,6,-0.0009233610341643582,8,4,0.0012311480455524776,15,10,0.0015389350569405972
test,610,3249,0.9652200677131425,0.9707602339181287,0.9676823638042474,0.9615266235764851,30,12,0.00554016620498615,15,7,0.0024622960911049553,25,37,-0.003693444136657433
test,611,3249,0.9418282548476454,0.9418282548476454,0.9418282548476454,0.9418282548476454,0,0,0.0,0,0,0.0,0,0,0.0
test,612,2822,0.8532955350815025,0.854004252303331,0.854004252303331,0.8557760453579022,8,6,0.0007087172218284905,8,6,0.0007087172218284905,28,21,0.0024805102763997165
test,613,3249,0.9963065558633426,0.9963065558633426,0.997229916897507,0.9953831948291783,4,4,0.0,5,2,0.0009233610341643582,3,6,-0.0009233610341643582
test,614,3249,0.948291782086796,0.9489073561095722,0.948291782086796,0.948291782086796,8,6,0.0006155740227762388,6,6,0.0,29,29,0.0
test,615,3249,0.9784549092028316,0.9781471221914435,0.9784549092028316,0.9756848261003386,4,5,-0.0003077870113881194,3,3,0.0,8,17,-0.002770083102493075
test,616,3249,0.9292089873807325,0.9313634964604494,0.9285934133579563,0.9187442289935365,26,19,0.0021545090797168358,19,21,-0.0006155740227762388,39,73,-0.010464758387196061
test,617,3249,0.9990766389658357,0.9990766389658357,0.9990766389658357,0.9990766389658357,0,0,0.0,0,0,0.0,0,0,0.0
test,618,3249,0.9618344105878732,0.9646044936903663,0.9642967066789782,0.9649122807017544,14,5,0.002770083102493075,11,3,0.0024622960911049553,24,14,0.0030778701138811943
test,619,3249,0.9193598030163127,0.9221298861188058,0.9208987380732533,0.9208987380732533,17,8,0.002770083102493075,11,6,0.0015389350569405972,24,19,0.0015389350569405972
test,620,3249,1.0,1.0,1.0,1.0,0,0,0.0,0,0,0.0,0,0,0.0
test,621,3249,0.9864573714989228,0.989843028624192,0.9886118805786396,0.9892274546014158,11,0,0.003385657125269314,7,0,0.0021545090797168358,19,10,0.002770083102493075
test,622,2725,0.986788990825688,0.984954128440367,0.9856880733944954,0.9853211009174312,0,5,-0.001834862385321101,0,3,-0.0011009174311926607,0,4,-0.0014678899082568807
test,623,3249,0.9981532779316713,0.9981532779316713,0.9981532779316713,0.9981532779316713,0,0,0.0,0,0,0.0,0,0,0.0
test,624,3249,0.984302862419206,0.9836872883964297,0.9836872883964297,0.9806094182825484,4,6,-0.0006155740227762388,3,5,-0.0006155740227762388,5,17,-0.003693444136657433
test,625,3249,0.9424438288704217,0.9442905509387504,0.9461372730070791,0.9449061249615266,26,20,0.0018467220683287165,18,6,0.003693444136657433,34,26,0.0024622960911049553
test,626,3249,1.0,1.0,1.0,1.0,0,0,0.0,0,0,0.0,0,0,0.0
test,627,3249,0.8885811018775007,0.8931979070483226,0.8907356109572176,0.8790397045244691,30,15,0.0046168051708217915,20,13,0.0021545090797168358,57,88,-0.009541397353031703
test,628,3249,0.9104339796860572,0.9107417666974453,0.9082794706063404,0.9033548784241305,26,25,0.0003077870113881194,14,21,-0.0021545090797168358,34,57,-0.007079101261926747
test,629,3246,0.9340727048675292,0.9383857054836722,0.9356130622304375,0.9239063462723351,47,33,0.004313000616142945,27,22,0.0015403573629081946,45,78,-0.010166358595194085
test,630,3113,0.8056537102473498,0.8043687761002248,0.8050112431737874,0.8085448120783809,5,9,-0.00128493414712496,3,5,-0.00064246707356248,26,17,0.0028911018310311598
test,631,3249,0.8670360110803323,0.8627269929208987,0.8648815020006155,0.8621114188981225,14,28,-0.0043090181594336715,12,19,-0.0021545090797168358,29,45,-0.0049245921822099106
test,632,3249,0.9849184364419822,0.9852262234533703,0.9852262234533703,0.9833795013850416,3,2,0.0003077870113881194,4,3,0.0003077870113881194,2,7,-0.0015389350569405972
test,633,3249,0.8297937827023699,0.8285626346568175,0.8285626346568175,0.8307171437365344,3,7,-0.0012311480455524776,2,6,-0.0012311480455524776,10,7,0.0009233610341643582
test,634,3249,0.9285934133579563,0.930440135426285,0.9298245614035088,0.9264389042782395,22,16,0.0018467220683287165,17,13,0.0012311480455524776,43,50,-0.0021545090797168358
test,635,3249,0.9950754078177901,0.9956909818405664,0.9956909818405664,0.9932286857494613,4,2,0.0006155740227762388,2,0,0.0006155740227762388,5,11,-0.0018467220683287165
test,636,3249,0.9879963065558633,0.9883040935672515,0.9886118805786396,0.9883040935672515,3,2,0.0003077870113881194,3,1,0.0006155740227762388,2,1,0.0003077870113881194
test,637,3249,0.9929208987380732,0.9926131117266851,0.9926131117266851,0.989843028624192,2,3,-0.0003077870113881194,1,2,-0.0003077870113881194,11,21,-0.0030778701138811943
test,638,3249,0.9682979378270237,0.9732225300092336,0.9682979378270237,0.9661434287473069,32,16,0.0049245921822099106,16,16,0.0,26,33,-0.0021545090797168358
test,639,3249,0.951061865189289,0.9513696522006772,0.951061865189289,0.9529085872576177,10,9,0.0003077870113881194,8,8,0.0,20,14,0.0018467220683287165
test,640,3249,0.9975377039088951,0.9975377039088951,0.997229916897507,0.997229916897507,1,1,0.0,0,1,-0.0003077870113881194,1,2,-0.0003077870113881194
test,641,3249,0.9332102185287781,0.9384425977223761,0.9365958756540473,0.9310557094490612,42,25,0.0052323791935980305,31,20,0.003385657125269314,43,50,-0.0021545090797168358
test,642,3249,0.9996922129886119,0.9996922129886119,0.9993844259772238,0.9996922129886119,1,1,0.0,1,2,-0.0003077870113881194,0,0,0.0
test,643,3249,0.9981532779316713,0.9984610649430594,0.9981532779316713,0.9981532779316713,1,0,0.0003077870113881194,0,0,0.0,0,0,0.0
test,644,3247,0.9984601170311056,0.9990760702186634,0.9990760702186634,0.9963042808746535,2,0,0.0006159531875577456,2,0,0.0006159531875577456,0,7,-0.0021558361564521095
test,645,3249,1.0,1.0,1.0,1.0,0,0,0.0,0,0,0.0,0,0,0.0
test,646,3249,0.9763004001231148,0.9759926131117267,0.9747614650661742,0.9738381040320099,14,15,-0.0003077870113881194,7,12,-0.0015389350569405972,21,29,-0.0024622960911049553
test,647,3249,0.9652200677131425,0.966451215758695,0.9655278547245306,0.9667590027700831,12,8,0.0012311480455524776,8,7,0.0003077870113881194,29,24,0.0015389350569405972
test,648,3249,0.9815327793167128,0.9815327793167128,0.9809172052939366,0.979378270236996,4,4,0.0,5,7,-0.0006155740227762388,8,15,-0.0021545090797168358
test,649,3249,0.9975377039088951,0.9981532779316713,0.9978454909202832,0.997229916897507,2,0,0.0006155740227762388,1,0,0.0003077870113881194,0,1,-0.0003077870113881194
test,650,3249,0.987072945521699,0.9873807325330871,0.9861495844875346,0.9855340104647584,6,5,0.0003077870113881194,2,5,-0.0009233610341643582,8,13,-0.0015389350569405972
test,651,3249,0.9347491535857186,0.9332102185287781,0.9325946445060018,0.9338257925515543,4,9,-0.0015389350569405972,2,9,-0.0021545090797168358,7,10,-0.0009233610341643582
test,652,3249,0.9215143120960295,0.9261311172668514,0.9239766081871346,0.9193598030163127,28,13,0.0046168051708217915,23,15,0.0024622960911049553,31,38,-0.0021545090797168358
test,653,3249,0.9732225300092336,0.9732225300092336,0.9738381040320099,0.9689135118497999,5,5,0.0,6,4,0.0006155740227762388,13,27,-0.0043090181594336715
test,654,3234,0.9211502782931354,0.9214594928880643,0.922387136672851,0.9177489177489178,20,19,0.00030921459492888067,17,13,0.0012368583797155227,25,36,-0.003401360544217687
test,655,3249,0.9338257925515543,0.9325946445060018,0.9316712834718375,0.9285934133579563,15,19,-0.0012311480455524776,8,15,-0.0021545090797168358,39,56,-0.0052323791935980305
test,656,3249,0.9750692520775623,0.9759926131117267,0.9766081871345029,0.9701446598953524,13,10,0.0009233610341643582,10,5,0.0015389350569405972,26,42,-0.0049245921822099106
test,657,3249,0.9541397353031702,0.9541397353031702,0.9526008002462296,0.9513696522006772,7,7,0.0,6,11,-0.0015389350569405972,33,42,-0.002770083102493075
test,658,432,0.6875,0.6875,0.6967592592592593,0.6921296296296297,5,5,0.0,6,2,0.009259259259259259,12,10,0.004629629629629629
test,659,3249,0.9901508156355802,0.9904586026469683,0.989843028624192,0.9916897506925207,5,4,0.0003077870113881194,3,4,-0.0003077870113881194,7,2,0.0015389350569405972
test,660,3028,1.0,1.0,1.0,1.0,0,0,0.0,0,0,0.0,0,0,0.0
test,661,3248,0.8454433497536946,0.8475985221674877,0.8460591133004927,0.8263546798029556,26,19,0.0021551724137931034,14,12,0.0006157635467980296,36,98,-0.019088669950738917
test,662,3249,0.9944598337950139,0.9935364727608494,0.9944598337950139,0.9919975377039089,4,7,-0.0009233610341643582,3,3,0.0,4,12,-0.0024622960911049553
test,663,3249,0.9058171745152355,0.9055093875038474,0.9042782394582949,0.9052016004924592,15,16,-0.0003077870113881194,9,14,-0.0015389350569405972,26,28,-0.0006155740227762388
test,664,3239,0.9607903673973448,0.9607903673973448,0.9617165791911084,0.9635690027786353,7,7,0.0,7,4,0.0009262117937635072,35,26,0.002778635381290522
test,665,3249,0.9402893197907048,0.9436749769159741,0.9427516158818098,0.940597106802093,24,13,0.003385657125269314,20,12,0.0024622960911049553,36,35,0.0003077870113881194
test,666,3249,0.992305324715297,0.992305324715297,0.992305324715297,0.992305324715297,0,0,0.0,0,0,0.0,0,0,0.0
test,667,3249,0.9932286857494613,0.9938442597722376,0.9907663896583564,0.992305324715297,4,2,0.0006155740227762388,2,10,-0.0024622960911049553,7,10,-0.0009233610341643582
test,668,3249,1.0,1.0,1.0,1.0,0,0,0.0,0,0,0.0,0,0,0.0
test,669,3249,0.9541397353031702,0.9584487534626038,0.9538319482917821,0.9427516158818098,24,10,0.0043090181594336715,14,15,-0.0003077870113881194,28,65,-0.01138811942136042
test,670,3249,0.9858417974761465,0.987072945521699,0.9855340104647584,0.9839950754078178,4,0,0.0012311480455524776,2,3,-0.0003077870113881194,5,11,-0.0018467220683287165
test,671,3249,0.9369036626654356,0.9390581717451524,0.9369036626654356,0.938134810710988,15,8,0.0021545090797168358,9,9,0.0,20,16,0.0012311480455524776
test,672,3249,0.8534933825792552,0.8565712526931364,0.8534933825792552,0.8473376423514928,38,28,0.0030778701138811943,29,29,0.0,42,62,-0.006155740227762389
test,673,3249,0.9849184364419822,0.984302862419206,0.9846106494305941,0.9799938442597722,5,7,-0.0006155740227762388,5,6,-0.0003077870113881194,13,29,-0.0049245921822099106
test,674,3249,0.9944598337950139,0.9941520467836258,0.9932286857494613,0.9916897506925207,2,3,-0.0003077870113881194,0,4,-0.0012311480455524776,5,14,-0.002770083102493075
test,675,3249,0.9042782394582949,0.9036626654355187,0.9039704524469068,0.9036626654355187,36,38,-0.0006155740227762388,23,24,-0.0003077870113881194,40,42,-0.0006155740227762388
test,676,394,1.0,1.0,1.0,1.0,0,0,0.0,0,0,0.0,0,0,0.0
test,677,3249,0.912588488765774,0.9159741458910434,0.9141274238227147,0.9184364419821484,21,10,0.003385657125269314,12,7,0.0015389350569405972,38,19,0.005847953216374269
test,678,3249,0.9461372730070791,0.9470606340412434,0.9467528470298553,0.9384425977223761,13,10,0.0009233610341643582,8,6,0.0006155740227762388,24,49,-0.007694675284702986
test,679,3249,0.9941520467836258,0.9941520467836258,0.9941520467836258,0.9941520467836258,0,0,0.0,0,0,0.0,0,0,0.0
test,680,2996,1.0,1.0,1.0,1.0,0,0,0.0,0,0,0.0,0,0,0.0
test,681,3249,0.9646044936903663,0.9624499846106495,0.96398891966759,0.9704524469067405,9,16,-0.0021545090797168358,8,10,-0.0006155740227762388,26,7,0.005847953216374269
test,682,525,1.0,1.0,1.0,1.0,0,0,0.0,0,0,0.0,0,0,0.0
test,683,3249,0.9830717143736535,0.9824561403508771,0.9827639273622654,0.9827639273622654,5,7,-0.0006155740227762388,5,6,-0.0003077870113881194,10,11,-0.0003077870113881194
test,684,3249,0.9833795013850416,0.9833795013850416,0.9833795013850416,0.9833795013850416,0,0,0.0,0,0,0.0,0,0,0.0
test,685,3249,0.9913819636811326,0.9913819636811326,0.9913819636811326,0.9913819636811326,0,0,0.0,0,0,0.0,0,0,0.0
test,686,3233,0.9539127745128364,0.9532941540364986,0.9542220847510052,0.9554593257036808,4,6,-0.0006186204763377668,6,5,0.0003093102381688834,13,8,0.001546551190844417
test,687,3249,0.927670052323792,0.9310557094490612,0.9313634964604494,0.9289012003693444,23,12,0.003385657125269314,21,9,0.003693444136657433,66,62,0.0012311480455524776
test,688,3249,0.9208987380732533,0.9199753770390889,0.9212065250846414,0.9150507848568791,18,21,-0.0009233610341643582,14,13,0.0003077870113881194,35,54,-0.005847953216374269
test,689,3249,0.9532163742690059,0.953524161280394,0.9529085872576177,0.9495229301323485,8,7,0.0003077870113881194,4,5,-0.0003077870113881194,11,23,-0.003693444136657433
test,690,3249,0.8990458602646968,0.8953524161280394,0.899661434287473,0.8882733148661126,20,32,-0.003693444136657433,21,19,0.0006155740227762388,38,73,-0.01077254539858418
test,691,2895,0.9968911917098445,0.9968911917098445,0.9972366148531951,0.9951640759930915,1,1,0.0,2,1,0.0003454231433506045,0,5,-0.0017271157167530224
test,692,3249,0.8913511849799939,0.894429055093875,0.8928901200369345,0.8931979070483226,14,4,0.0030778701138811943,9,4,0.0015389350569405972,17,11,0.0018467220683287165
test,693,3249,0.8956602031394275,0.8947368421052632,0.8935056940597107,0.8882733148661126,20,23,-0.0009233610341643582,11,18,-0.0021545090797168358,33,57,-0.007386888273314866
test,694,3249,0.9572176054170514,0.9581409664512157,0.9578331794398276,0.9575253924284395,9,6,0.0009233610341643582,12,10,0.0006155740227762388,19,18,0.0003077870113881194
test,695,3249,0.8251769775315482,0.8328716528162512,0.8288704216682056,0.8285626346568175,46,21,0.007694675284702986,27,15,0.003693444136657433,66,55,0.003385657125269314
test,696,3249,1.0,1.0,1.0,1.0,0,0,0.0,0,0,0.0,0,0,0.0
test,697,3249,0.8885811018775007,0.8901200369344413,0.8888888888888888,0.8768851954447522,26,21,0.0015389350569405972,17,16,0.0003077870113881194,44,82,-0.011695906432748537
test,698,3249,0.9353647276084949,0.9430594028931979,0.9396737457679286,0.9329024315173899,39,14,0.007694675284702986,24,10,0.0043090181594336715,46,54,-0.0024622960911049553
test,699,3249,0.8005540166204986,0.801477377654663,0.8011695906432749,0.7903970452446907,34,31,0.0009233610341643582,25,23,0.0006155740227762388,45,78,-0.010156971375807941
test,700,3249,0.2514619883040936,0.2514619883040936,0.2514619883040936,0.2514619883040936,0,0,0.0,0,0,0.0,0,0,0.0
test,701,3249,0.9883040935672515,0.9889196675900277,0.9879963065558633,0.9895352416128039,3,1,0.0006155740227762388,1,2,-0.0003077870113881194,4,0,0.0012311480455524776
test,702,3216,0.9496268656716418,0.9505597014925373,0.9499378109452736,0.9518034825870647,8,5,0.0009328358208955224,4,3,0.0003109452736318408,13,6,0.0021766169154228856
test,703,3249,0.9901508156355802,0.9886118805786396,0.9873807325330871,0.9901508156355802,6,11,-0.0015389350569405972,6,15,-0.002770083102493075,10,10,0.0
test,704,3249,0.9325946445060018,0.9295167743921207,0.9298245614035088,0.9316712834718375,19,29,-0.0030778701138811943,10,19,-0.002770083102493075,22,25,-0.0009233610341643582
test,705,765,0.9647058823529412,0.9712418300653595,0.9725490196078431,0.9764705882352941,6,1,0.006535947712418301,6,0,0.00784313725490196,10,1,0.011764705882352941
test,706,3249,0.9676823638042474,0.9673745767928593,0.9676823638042474,0.9649122807017544,5,6,-0.0003077870113881194,3,3,0.0,11,20,-0.002770083102493075
test,707,3249,0.9883040935672515,0.9892274546014158,0.9892274546014158,0.9682979378270237,11,8,0.0009233610341643582,6,3,0.0009233610341643582,13,78,-0.020006155740227762
test,708,3249,0.9716835949522931,0.9732225300092336,0.9729147429978455,0.9698368728839643,17,12,0.0015389350569405972,11,7,0.0012311480455524776,19,25,-0.0018467220683287165
test,709,2058,0.9543245869776482,0.9543245869776482,0.9548104956268222,0.956268221574344,5,5,0.0,3,2,0.00048590864917395527,8,4,0.001943634596695821
test,710,3244,0.9975339087546239,0.9975339087546239,0.9975339087546239,0.9981504315659679,2,2,0.0,1,1,0.0,2,0,0.0006165228113440197
test,711,3249,0.9886118805786396,0.9892274546014158,0.9879963065558633,0.9879963065558633,8,6,0.0006155740227762388,2,4,-0.0006155740227762388,7,9,-0.0006155740227762388
test,712,3242,0.8871067242442936,0.8871067242442936,0.8886489821098088,0.8821714990746453,17,17,0.0,12,7,0.0015422578655151142,24,40,-0.004935225169648365
test,713,3249,1.0,1.0,1.0,1.0,0,0,0.0,0,0,0.0,0,0,0.0
test,714,3249,0.8990458602646968,0.8987380732533087,0.8990458602646968,0.9005847953216375,0,1,-0.0003077870113881194,0,0,0.0,5,0,0.0015389350569405972
test,715,3249,0.9445983379501385,0.9427516158818098,0.9430594028931979,0.9449061249615266,9,15,-0.0018467220683287165,6,11,-0.0015389350569405972,12,11,0.0003077870113881194
test,716,3249,0.9421360418590335,0.9415204678362573,0.9427516158818098,0.9470606340412434,5,7,-0.0006155740227762388,6,4,0.0006155740227762388,23,7,0.0049245921822099106
test,717,3249,0.9507540781779009,0.9507540781779009,0.9479839950754079,0.9473684210526316,16,16,0.0,8,17,-0.002770083102493075,33,44,-0.003385657125269314
test,718,3249,0.8319482917820868,0.8297937827023699,0.8294859956909818,0.8337950138504155,8,15,-0.0021545090797168358,5,13,-0.0024622960911049553,24,18,0.0018467220683287165
test,719,3249,0.9615266235764851,0.9621421975992613,0.9596799015081564,0.9633733456448138,8,6,0.0006155740227762388,4,10,-0.0018467220683287165,17,11,0.0018467220683287165
test,720,3249,0.9402893197907048,0.9372114496768237,0.9369036626654356,0.9412126808248692,13,23,-0.0030778701138811943,7,18,-0.003385657125269314,33,30,0.0009233610341643582
test,721,3249,0.9892274546014158,0.9889196675900277,0.9889196675900277,0.9883040935672515,1,2,-0.0003077870113881194,1,2,-0.0003077870113881194,3,6,-0.0009233610341643582
test,722,3249,1.0,1.0,1.0,1.0,0,0,0.0,0,0,0.0,0,0,0.0
test,723,3249,0.9996922129886119,0.9993844259772238,0.9993844259772238,0.9987688519544475,1,2,-0.0003077870113881194,1,2,-0.0003077870113881194,1,4,-0.0009233610341643582
test,724,3249,0.976915974145891,0.9744536780547861,0.9750692520775623,0.9732225300092336,6,14,-0.0024622960911049553,4,10,-0.0018467220683287165,7,19,-0.003693444136657433
test,725,2191,0.9621177544500228,0.9643998174349612,0.9612049292560475,0.9589228662711091,10,5,0.0022820629849383844,6,8,-0.0009128251939753537,5,12,-0.003194888178913738
test,726,3249,0.9809172052939366,0.9812249923053247,0.9803016312711603,0.9750692520775623,5,4,0.0003077870113881194,2,4,-0.0006155740227762388,7,26,-0.005847953216374269
test,727,3249,0.9602954755309326,0.9599876885195445,0.9602954755309326,0.9606032625423208,0,1,-0.0003077870113881194,1,1,0.0,2,1,0.0003077870113881194
test,728,3249,0.9695290858725761,0.9710680209295168,0.9698368728839643,0.9689135118497999,5,0,0.0015389350569405972,5,4,0.0003077870113881194,11,13,-0.0006155740227762388
test,729,3244,0.999691738594328,1.0,1.0,0.999691738594328,1,0,0.00030826140567200987,1,0,0.00030826140567200987,0,0,0.0
test,730,2915,0.9986277873070326,0.9986277873070326,0.9986277873070326,0.9986277873070326,0,0,0.0,0,0,0.0,0,0,0.0
test,731,3249,0.9953831948291783,0.9953831948291783,0.9953831948291783,0.9944598337950139,1,1,0.0,0,0,0.0,1,4,-0.0009233610341643582
test,732,3249,0.8436441982148353,0.8454909202831641,0.8457987072945522,0.8307171437365344,29,23,0.0018467220683287165,24,17,0.0021545090797168358,32,74,-0.012927054478301015
test,733,3249,0.8328716528162512,0.8294859956909818,0.8316405047706987,0.8177900892582333,37,48,-0.003385657125269314,21,25,-0.0012311480455524776,54,103,-0.015081563558017852
test,734,3249,0.9658356417359187,0.9652200677131425,0.96398891966759,0.9621421975992613,11,13,-0.0006155740227762388,4,10,-0.0018467220683287165,12,24,-0.003693444136657433
test,735,3249,0.9507540781779009,0.9507540781779009,0.9495229301323485,0.9476762080640198,6,6,0.0,5,9,-0.0012311480455524776,36,46,-0.0030778701138811943
test,736,3249,1.0,1.0,1.0,1.0,0,0,0.0,0,0,0.0,0,0,0.0
test,737,3247,0.9993840468124423,0.9993840468124423,0.9993840468124423,0.9993840468124423,0,0,0.0,0,0,0.0,0,0,0.0
test,738,3249,0.9526008002462296,0.9516774392120653,0.9501385041551247,0.9519852262234534,10,13,-0.0009233610341643582,4,12,-0.0024622960911049553,15,17,-0.0006155740227762388
test,739,3048,1.0,1.0,1.0,1.0,0,0,0.0,0,0,0.0,0,0,0.0
test,740,207,1.0,0.9951690821256038,1.0,0.9516908212560387,0,1,-0.004830917874396135,0,0,0.0,0,10,-0.04830917874396135
test,741,1737,0.9988485895221646,0.9994242947610823,0.9994242947610823,0.9994242947610823,1,0,0.0005757052389176742,1,0,0.0005757052389176742,1,0,0.0005757052389176742
test,742,3249,0.9590643274853801,0.9596799015081564,0.9596799015081564,0.9572176054170514,13,11,0.0006155740227762388,11,9,0.0006155740227762388,19,25,-0.0018467220683287165
test,743,3249,1.0,1.0,1.0,1.0,0,0,0.0,0,0,0.0,0,0,0.0
test,744,3249,0.904586026469683,0.904586026469683,0.9048938134810711,0.8978147122191443,7,7,0.0,5,4,0.0003077870113881194,17,39,-0.006771314250538628
test,745,3249,0.9981532779316713,0.9987688519544475,0.9987688519544475,0.9975377039088951,2,0,0.0006155740227762388,2,0,0.0006155740227762388,2,4,-0.0006155740227762388
test,746,3249,0.9984610649430594,0.9984610649430594,0.9984610649430594,0.9984610649430594,0,0,0.0,0,0,0.0,0,0,0.0
test,747,3248,0.9984605911330049,0.9984605911330049,0.9984605911330049,0.9987684729064039,0,0,0.0,0,0,0.0,1,0,0.0003078817733990148
test,748,3249,0.961218836565097,0.9606032625423208,0.961218836565097,0.9621421975992613,8,10,-0.0006155740227762388,7,7,0.0,23,20,0.0009233610341643582
test,749,3249,0.9867651585103109,0.9867651585103109,0.9873807325330871,0.9846106494305941,2,2,0.0,3,1,0.0006155740227762388,1,8,-0.0021545090797168358
test,750,3249,0.9282856263465682,0.9289012003693444,0.9289012003693444,0.9289012003693444,6,4,0.0006155740227762388,4,2,0.0006155740227762388,11,9,0.0006155740227762388
test,751,3249,0.9273622653124038,0.9310557094490612,0.9292089873807325,0.9261311172668514,25,13,0.003693444136657433,19,13,0.0018467220683287165,39,43,-0.0012311480455524776
test,752,3249,0.9953831948291783,0.994767620806402,0.9956909818405664,0.9959987688519545,1,3,-0.0006155740227762388,2,1,0.0003077870113881194,6,4,0.0006155740227762388
test,753,3249,0.9218220991074176,0.9236688211757463,0.9239766081871346,0.9113573407202216,34,28,0.0018467220683287165,30,23,0.0021545090797168358,47,81,-0.010464758387196061
test,754,3249,1.0,1.0,1.0,1.0,0,0,0.0,0,0,0.0,0,0,0.0
test,755,3249,0.9285934133579563,0.9316712834718375,0.9307479224376731,0.9285934133579563,33,23,0.0030778701138811943,22,15,0.0021545090797168358,27,27,0.0
test,756,3249,1.0,1.0,1.0,1.0,0,0,0.0,0,0,0.0,0,0,0.0
test,757,3249,0.8975069252077562,0.9052016004924592,0.9052016004924592,0.889196675900277,61,36,0.007694675284702986,45,20,0.007694675284702986,60,87,-0.008310249307479225
test,758,3249,0.9507540781779009,0.9504462911665128,0.9507540781779009,0.9501385041551247,0,1,-0.0003077870113881194,1,1,0.0,0,2,-0.0006155740227762388
test,759,3249,1.0,1.0,1.0,1.0,0,0,0.0,0,0,0.0,0,0,0.0
test,760,3249,0.9716835949522931,0.9719913819636812,0.9729147429978455,0.9763004001231148,7,6,0.0003077870113881194,7,3,0.0012311480455524776,34,19,0.0046168051708217915
test,761,2528,0.9916930379746836,0.9920886075949367,0.9920886075949367,0.9719145569620253,4,3,0.00039556962025316455,3,2,0.00039556962025316455,0,50,-0.01977848101265823
test,762,3249,0.9667590027700831,0.966451215758695,0.966451215758695,0.9679901508156356,1,2,-0.0003077870113881194,1,2,-0.0003077870113881194,5,1,0.0012311480455524776
test,763,3249,1.0,1.0,1.0,1.0,0,0,0.0,0,0,0.0,0,0,0.0
test,764,3249,0.9627577716220376,0.9609110495537089,0.9609110495537089,0.9566020313942751,7,13,-0.0018467220683287165,5,11,-0.0018467220683287165,14,34,-0.006155740227762389
test,765,3249,0.9849184364419822,0.9846106494305941,0.9849184364419822,0.9836872883964297,4,5,-0.0003077870113881194,3,3,0.0,5,9,-0.0012311480455524776
test,766,3249,1.0,0.9993844259772238,1.0,1.0,0,2,-0.0006155740227762388,0,0,0.0,0,0,0.0
test,767,3249,0.8981224992305324,0.8928901200369345,0.8935056940597107,0.8901200369344413,18,35,-0.0052323791935980305,9,24,-0.0046168051708217915,33,59,-0.008002462296091105
test,768,3249,1.0,1.0,1.0,1.0,0,0,0.0,0,0,0.0,0,0,0.0
test,769,3246,0.9926062846580407,0.9929143561306223,0.9941466420209488,0.9882932840418978,6,5,0.00030807147258163895,7,2,0.0015403573629081946,2,16,-0.004313000616142945
test,770,3249,0.9784549092028316,0.9781471221914435,0.9790704832256079,0.9738381040320099,3,4,-0.0003077870113881194,7,5,0.0006155740227762388,4,19,-0.0046168051708217915
test,771,3249,0.9673745767928593,0.9722991689750693,0.9704524469067405,0.9655278547245306,24,8,0.0049245921822099106,17,7,0.0030778701138811943,17,23,-0.0018467220683287165
test,772,3249,0.9867651585103109,0.987072945521699,0.9867651585103109,0.984302862419206,3,2,0.0003077870113881194,2,2,0.0,6,14,-0.0024622960911049553
test,773,3249,0.8445675592489997,0.8488765774084334,0.8476454293628809,0.8445675592489997,55,41,0.0043090181594336715,27,17,0.0030778701138811943,59,59,0.0
test,774,3249,0.9729147429978455,0.9726069559864574,0.9729147429978455,0.9686057248384118,5,6,-0.0003077870113881194,4,4,0.0,28,42,-0.0043090181594336715
test,775,3249,1.0,1.0,1.0,1.0,0,0,0.0,0,0,0.0,0,0,0.0
test,776,370,1.0,1.0,1.0,1.0,0,0,0.0,0,0,0.0,0,0,0.0
test,777,3249,0.9766081871345029,0.976915974145891,0.9756848261003386,0.974145891043398,13,12,0.0003077870113881194,11,14,-0.0009233610341643582,10,18,-0.0024622960911049553
test,778,3249,0.9104339796860572,0.9107417666974453,0.9122807017543859,0.9150507848568791,26,25,0.0003077870113881194,23,17,0.0018467220683287165,78,63,0.0046168051708217915
test,779,3249,0.9707602339181287,0.9695290858725761,0.9704524469067405,0.9633733456448138,6,10,-0.0012311480455524776,5,6,-0.0003077870113881194,10,34,-0.007386888273314866
test,780,3249,0.9569098184056632,0.9569098184056632,0.9569098184056632,0.9569098184056632,0,0,0.0,0,0,0.0,0,0,0.0
test,781,3246,0.9741219963031423,0.9762784966112138,0.9753542821934689,0.9759704251386322,13,6,0.0021565003080714724,8,4,0.0012322858903265558,16,10,0.0018484288354898336
test,782,3249,0.979378270236996,0.979378270236996,0.979378270236996,0.979378270236996,0,0,0.0,0,0,0.0,0,0,0.0
test,783,3249,0.8559556786703602,0.8513388734995383,0.8587257617728532,0.8513388734995383,28,43,-0.0046168051708217915,31,22,0.002770083102493075,56,71,-0.0046168051708217915
test,784,1556,0.9305912596401028,0.9305912596401028,0.9318766066838047,0.9203084832904884,6,6,0.0,3,1,0.0012853470437017994,3,19,-0.010282776349614395
test,785,3249,1.0,1.0,1.0,1.0,0,0,0.0,0,0,0.0,0,0,0.0
test,786,3249,0.9953831948291783,0.9953831948291783,0.9956909818405664,0.9867651585103109,5,5,0.0,1,0,0.0003077870113881194,6,34,-0.008618036318867343
test,787,3249,0.9889196675900277,0.9883040935672515,0.9876885195444752,0.9879963065558633,5,7,-0.0006155740227762388,4,8,-0.0012311480455524776,10,13,-0.0009233610341643582
test,788,3247,0.9645826917154297,0.9664305512781028,0.9661225746843239,0.9673544810594394,15,9,0.0018478595626732369,12,7,0.001539882968894364,31,22,0.002771789344009855
test,789,3249,0.9953831948291783,0.9950754078177901,0.9950754078177901,0.994767620806402,0,1,-0.0003077870113881194,0,1,-0.0003077870113881194,4,6,-0.0006155740227762388
test,790,3249,0.974145891043398,0.9747614650661742,0.974145891043398,0.9753770390889505,3,1,0.0006155740227762388,0,0,0.0,5,1,0.0012311480455524776
test,791,1525,0.9685245901639344,0.9685245901639344,0.9685245901639344,0.9685245901639344,0,0,0.0,0,0,0.0,0,0,0.0
test,792,3248,0.9947660098522167,0.9944581280788177,0.9947660098522167,0.9950738916256158,1,2,-0.0003078817733990148,1,1,0.0,4,3,0.0003078817733990148
test,793,3249,0.9876885195444752,0.9873807325330871,0.9879963065558633,0.9876885195444752,4,5,-0.0003077870113881194,5,4,0.0003077870113881194,8,8,0.0
test,794,3249,0.9756848261003386,0.9753770390889505,0.9753770390889505,0.9750692520775623,0,1,-0.0003077870113881194,0,1,-0.0003077870113881194,0,2,-0.0006155740227762388
test,795,3249,0.992305324715297,0.992305324715297,0.992305324715297,0.9889196675900277,0,0,0.0,1,1,0.0,2,13,-0.003385657125269314
test,796,3249,0.9412126808248692,0.943367189904586,0.9439827639273622,0.9372114496768237,25,18,0.0021545090797168358,20,11,0.002770083102493075,28,41,-0.0040012311480455524
test,797,3070,0.9889250814332248,0.988599348534202,0.9899022801302931,0.9895765472312703,3,4,-0.0003257328990228013,5,2,0.000977198697068404,5,3,0.0006514657980456026
test,798,3249,1.0,1.0,1.0,0.9987688519544475,0,0,0.0,0,0,0.0,0,4,-0.0012311480455524776
test,799,3249,0.9285934133579563,0.930440135426285,0.9292089873807325,0.9248999692212989,24,18,0.0018467220683287165,15,13,0.0006155740227762388,66,78,-0.003693444136657433
