testbed,tile,n_valid_pix,pix_acc W0 grid,pix_acc W1 shift-averaged,pix_acc W3 spectral split,win_acc_W0,win_acc_W2,share_impure
bolivia,0,2463,0.9123020706455542,0.9305724725943971,0.9159561510353228,0.9266666666666666,0.9533333333333334,0.05333333333333334
bolivia,1,2909,0.966311447232726,0.9721553798556205,0.9786868339635614,0.9774011299435028,0.9774011299435028,0.096045197740113
bolivia,2,2725,0.9977981651376147,0.9977981651376147,0.9959633027522936,1.0,1.0,0.006060606060606061
bolivia,3,3249,0.917513080947984,0.938134810710988,0.9415204678362573,0.9285714285714286,0.9285714285714286,0.15816326530612246
bolivia,4,3249,0.9449061249615266,0.9575253924284395,0.9516774392120653,0.9642857142857143,0.9438775510204082,0.09693877551020408
bolivia,5,3249,0.9264389042782395,0.9316712834718375,0.9301323484148969,0.9285714285714286,0.9132653061224489,0.12244897959183673
bolivia,6,3249,0.9978454909202832,0.9987688519544475,0.9984610649430594,1.0,1.0,0.01020408163265306
bolivia,7,971,0.9742533470648815,0.9742533470648815,0.9742533470648815,0.9833333333333333,0.9833333333333333,0.03333333333333333
bolivia,8,3249,0.9686057248384118,0.9722991689750693,0.9784549092028316,0.9897959183673469,0.9846938775510204,0.0663265306122449
bolivia,9,3249,0.9449061249615266,0.9485995690981841,0.9507540781779009,0.9591836734693877,0.9591836734693877,0.0663265306122449
bolivia,10,2454,0.9470252648736757,0.9555827220863896,0.962917685411573,0.9597315436241611,0.9530201342281879,0.10738255033557047
bolivia,11,3249,0.9892274546014158,0.9861495844875346,0.9892274546014158,0.9897959183673469,0.9948979591836735,0.00510204081632653
bolivia,12,3249,0.969221298861188,0.9744536780547861,0.9766081871345029,0.9795918367346939,0.9693877551020408,0.04591836734693878
bolivia,13,3249,0.9593721144967683,0.9615266235764851,0.9642967066789782,0.9540816326530612,0.9744897959183674,0.02040816326530612
bolivia,14,2575,0.7801941747572816,0.7895145631067961,0.7801941747572816,0.7843137254901961,0.7712418300653595,0.20915032679738563
bolivia,15,2967,0.8921469497809235,0.8968655207280081,0.9032692955847658,0.9,0.9055555555555556,0.1
bolivia,16,1209,0.7667493796526055,0.7783291976840364,0.8072787427626137,0.8169014084507042,0.8309859154929577,0.29577464788732394
bolivia,17,2909,0.9718116191130973,0.9749054657958062,0.9793743554486077,0.9776536312849162,0.9776536312849162,0.0446927374301676
bolivia,18,3245,1.0,1.0,1.0,1.0,1.0,0.0
bolivia,19,2833,0.9029297564419343,0.924108718672785,0.9286974938228026,0.9132947976878613,0.9421965317919075,0.09826589595375723
bolivia,20,3249,0.9704524469067405,0.9787626962142197,0.9818405663281009,0.9795918367346939,0.9795918367346939,0.05102040816326531
bolivia,21,3249,0.90181594336719,0.9208987380732533,0.9122807017543859,0.9183673469387755,0.9336734693877551,0.08163265306122448
bolivia,22,3249,0.7029855340104647,0.7168359495229302,0.7045244690674054,0.7040816326530612,0.6989795918367347,0.33163265306122447
bolivia,23,3249,0.6875961834410588,0.706063404124346,0.7069867651585103,0.6836734693877551,0.6836734693877551,0.11224489795918367
bolivia,24,3249,0.7851646660510927,0.7854724530624808,0.783625730994152,0.7704081632653061,0.7704081632653061,0.2602040816326531
bolivia,25,3249,0.9830717143736535,0.9833795013850416,0.9833795013850416,0.9846938775510204,0.9693877551020408,0.025510204081632654
bolivia,26,3231,0.9746208604147323,0.9721448467966574,0.9746208604147323,0.9794871794871794,0.9743589743589743,0.02564102564102564
bolivia,27,397,0.743073047858942,0.7707808564231738,0.7279596977329975,0.75,0.75,0.0
bolivia,28,677,0.7267355982274741,0.7341211225997046,0.723781388478582,0.725,0.7,0.15
bolivia,29,3249,0.8719606032625423,0.8679593721144968,0.8676515851031087,0.9132653061224489,0.9081632653061225,0.3469387755102041
bolivia,30,3249,0.845183133271776,0.8642659279778393,0.8698060941828255,0.8571428571428572,0.8673469387755102,0.17346938775510204
bolivia,31,3249,0.9095106186518929,0.9042782394582949,0.907356109572176,0.8979591836734694,0.8979591836734694,0.14285714285714285
bolivia,32,3243,0.9864323157570151,0.9864323157570151,0.9864323157570151,0.9948979591836735,0.9948979591836735,0.05612244897959184
bolivia,33,3144,0.8813613231552163,0.8874045801526718,0.8810432569974554,0.9,0.9105263157894736,0.22105263157894736
bolivia,34,2289,0.9139362166885102,0.9335954565312363,0.9349060725207514,0.9230769230769231,0.972027972027972,0.055944055944055944
bolivia,35,2249,0.8835037794575367,0.879057358826145,0.8750555802578924,0.8794326241134752,0.8794326241134752,0.05673758865248227
bolivia,36,2166,0.9995383194829178,0.9995383194829178,0.9995383194829178,1.0,1.0,0.0
bolivia,37,3249,0.9375192366882118,0.9387503847337643,0.9421360418590335,0.9438775510204082,0.9693877551020408,0.025510204081632654
bolivia,38,3243,0.9084181313598519,0.9167437557816837,0.9142769041011409,0.9132653061224489,0.9132653061224489,0.09693877551020408
bolivia,39,317,0.7760252365930599,0.8138801261829653,0.8359621451104101,0.75,0.75,0.3125
bolivia,40,7,1.0,1.0,1.0,,,
bolivia,41,598,0.8678929765886287,0.9046822742474916,0.8996655518394648,0.8611111111111112,0.8611111111111112,0.19444444444444445
bolivia,42,3249,0.9916897506925207,0.9938442597722376,0.9938442597722376,1.0,1.0,0.025510204081632654
bolivia,43,3249,0.9833795013850416,0.982148353339489,0.9833795013850416,0.9897959183673469,0.9897959183673469,0.025510204081632654
bolivia,44,2501,0.8396641343462615,0.850859656137545,0.8452618952419032,0.8618421052631579,0.868421052631579,0.2894736842105263
bolivia,45,490,0.4816326530612245,0.4387755102040816,0.4387755102040816,0.46153846153846156,0.5384615384615384,0.038461538461538464
bolivia,46,313,0.3194888178913738,0.33226837060702874,0.33226837060702874,0.23529411764705888,0.23529411764705888,0.11764705882352941
bolivia,47,0,nan,nan,nan,,,
bolivia,48,1288,0.9937888198757764,0.9976708074534162,0.9937888198757764,1.0,1.0,0.012658227848101266
bolivia,49,3249,0.9409048938134811,0.9418282548476454,0.9409048938134811,0.9693877551020408,0.9693877551020408,0.1989795918367347
bolivia,50,3249,0.9079716835949523,0.9168975069252078,0.9221298861188058,0.9438775510204082,0.9489795918367347,0.2602040816326531
bolivia,51,3249,0.8910433979686058,0.8959679901508156,0.9058171745152355,0.8877551020408163,0.9081632653061225,0.1989795918367347
bolivia,52,73,0.8904109589041096,0.7945205479452054,0.863013698630137,0.8333333333333334,0.5,0.0
bolivia,53,185,0.8432432432432433,0.9405405405405406,0.9297297297297298,0.9090909090909091,0.9090909090909091,0.0
bolivia,54,662,0.8413897280966768,0.877643504531722,0.8489425981873112,0.8333333333333334,0.8095238095238095,0.0
bolivia,55,1158,0.8238341968911918,0.8618307426597582,0.8436960276338514,0.8208955223880597,0.8059701492537313,0.0
bolivia,56,2688,0.8694196428571429,0.8865327380952381,0.8805803571428571,0.8834355828220859,0.8895705521472392,0.08588957055214724
bolivia,57,3249,0.958756540473992,0.9633733456448138,0.9646044936903663,0.9591836734693877,0.9540816326530612,0.04591836734693878
bolivia,58,3241,0.8846035174328911,0.9136069114470843,0.9176180191298982,0.8775510204081632,0.9081632653061225,0.15816326530612246
bolivia,59,1959,0.9770290964777948,0.9821337417049515,0.9887697805002552,0.9917355371900827,1.0,0.05785123966942149
bolivia,60,2249,0.8572698977323254,0.8875055580257892,0.8839484215206759,0.8686131386861313,0.8905109489051095,0.19708029197080293
bolivia,61,2990,0.9387959866220735,0.9377926421404682,0.9471571906354515,0.9388888888888889,0.9444444444444444,0.022222222222222223
bolivia,62,1526,0.8145478374836173,0.8630406290956749,0.8689384010484927,0.8043478260869565,0.8695652173913043,0.25
bolivia,63,2509,0.9645277002789956,0.9752889597449182,0.9713033080908728,0.9741935483870968,0.9806451612903225,0.05806451612903226
bolivia,64,3058,0.9280575539568345,0.9310006540222368,0.9323086984957488,0.9516129032258065,0.9516129032258065,0.12365591397849462
bolivia,65,2732,0.9198389458272328,0.9238653001464129,0.9297218155197657,0.9141104294478528,0.8834355828220859,0.12269938650306748
bolivia,66,3248,0.9030172413793104,0.9221059113300493,0.9085591133004927,0.9132653061224489,0.8979591836734694,0.17857142857142858
bolivia,67,2420,0.8933884297520661,0.8876033057851239,0.893801652892562,0.8888888888888888,0.8819444444444444,0.11805555555555555
bolivia,68,3249,0.8898122499230533,0.9184364419821484,0.9365958756540474,0.8775510204081632,0.9081632653061225,0.1836734693877551
bolivia,69,3249,0.9439827639273622,0.9578331794398276,0.9627577716220376,0.9438775510204082,0.9591836734693877,0.09183673469387756
bolivia,70,3249,0.9042782394582949,0.9301323484148969,0.9279778393351801,0.903061224489796,0.9285714285714286,0.14285714285714285
bolivia,71,3249,0.9338257925515543,0.9569098184056632,0.9575253924284395,0.9540816326530612,0.9489795918367347,0.12755102040816327
bolivia,72,2441,0.9246210569438754,0.9250307251126587,0.9328144203195412,0.9523809523809523,0.9523809523809523,0.17006802721088435
bolivia,73,2011,0.984087518647439,0.9880656389855793,0.9930382894082546,0.9921259842519685,0.9921259842519685,0.05511811023622047
bolivia,74,2221,0.9806393516434039,0.984691580369203,0.9842413327330032,0.9708029197080292,0.9854014598540146,0.029197080291970802
bolivia,75,3249,0.3684210526315789,0.4013542628501077,0.4007386888273315,0.34693877551020413,0.34693877551020413,0.08673469387755102
bolivia,76,3249,0.9452139119729147,0.9698368728839643,0.9747614650661742,0.9489795918367347,0.9795918367346939,0.10714285714285714
bolivia,77,3249,0.9827639273622654,0.9873807325330871,0.9867651585103109,0.9897959183673469,0.9897959183673469,0.04081632653061224
bolivia,78,3249,0.9464450600184672,0.9642967066789782,0.9781471221914435,0.9489795918367347,0.9591836734693877,0.14285714285714285
bolivia,79,3249,0.9584487534626038,0.9642967066789782,0.9695290858725761,0.9693877551020408,0.9744897959183674,0.10714285714285714
bolivia,80,3249,0.9070483225607879,0.9365958756540474,0.9341335795629424,0.923469387755102,0.923469387755102,0.1989795918367347
bolivia,81,3249,0.9144352108341028,0.9473684210526315,0.9584487534626038,0.9132653061224489,0.9642857142857143,0.1683673469387755
bolivia,82,3249,0.8599569098184057,0.8855032317636196,0.8950446291166513,0.8520408163265306,0.8571428571428572,0.23979591836734693
bolivia,83,3249,0.9750692520775623,0.9901508156355802,0.9901508156355802,0.9693877551020408,0.9795918367346939,0.02040816326530612
bolivia,84,3249,0.8707294552169899,0.8941212680824869,0.8858110187750077,0.8826530612244898,0.8775510204081632,0.12244897959183673
bolivia,85,3249,0.8319482917820868,0.8399507540781779,0.8356417359187442,0.8316326530612245,0.8418367346938775,0.030612244897959183
bolivia,86,3249,0.5897199138196368,0.5989535241612804,0.5918744228993537,0.5510204081632653,0.5255102040816326,0.35714285714285715
bolivia,87,3249,0.9538319482917821,0.9630655586334257,0.9609110495537089,0.9489795918367347,0.9387755102040817,0.08163265306122448
bolivia,88,2971,0.8051161225176708,0.8333894311679569,0.8280040390440929,0.8044692737430168,0.7988826815642458,0.2011173184357542
bolivia,89,3249,0.8421052631578947,0.8796552785472453,0.8667282240689443,0.8367346938775511,0.8571428571428572,0.05102040816326531
bolivia,90,3168,0.8134469696969697,0.8424873737373737,0.8355429292929293,0.8421052631578947,0.8263157894736842,0.39473684210526316
bolivia,91,471,0.9893842887473461,0.9936305732484076,0.9978768577494692,1.0,1.0,0.0
bolivia,92,3249,0.9602954755309326,0.9722991689750693,0.9679901508156356,0.9591836734693877,0.9693877551020408,0.04591836734693878
bolivia,93,1785,0.8812324929971989,0.9238095238095239,0.9210084033613445,0.9134615384615384,0.9134615384615384,0.20192307692307693
bolivia,94,1361,0.8537839823659075,0.8824393828067597,0.8596620132255695,0.8928571428571429,0.8690476190476191,0.35714285714285715
bolivia,95,1122,0.93048128342246,0.9500891265597148,0.9438502673796791,0.9295774647887324,0.9577464788732395,0.15492957746478872
bolivia,96,3064,0.8067885117493473,0.8293080939947781,0.8302872062663186,0.7956989247311828,0.8333333333333334,0.016129032258064516
bolivia,97,642,0.632398753894081,0.6806853582554517,0.661993769470405,0.6486486486486487,0.6216216216216216,0.3783783783783784
bolivia,98,3249,0.9630655586334257,0.9787626962142197,0.9926131117266851,0.9642857142857143,0.9897959183673469,0.0
bolivia,99,252,0.38095238095238093,0.45634920634920634,0.43253968253968256,0.3571428571428571,0.4285714285714286,0.07142857142857142
bolivia,100,3249,0.8885811018775007,0.9205909510618652,0.9208987380732533,0.9081632653061225,0.9336734693877551,0.15306122448979592
bolivia,101,3249,0.9812249923053247,0.9883040935672515,0.9916897506925207,0.9846938775510204,0.9948979591836735,0.025510204081632654
bolivia,102,3249,0.9763004001231148,0.9883040935672515,0.9849184364419822,0.9846938775510204,0.9897959183673469,0.04591836734693878
bolivia,103,3249,0.9593721144967683,0.9606032625423208,0.9606032625423208,0.9744897959183674,0.9744897959183674,0.10714285714285714
bolivia,104,3249,0.8621114188981225,0.8790397045244691,0.8818097876269622,0.8571428571428572,0.8775510204081632,0.0
bolivia,105,3249,0.9258233302554633,0.9239766081871345,0.9261311172668514,0.923469387755102,0.9438775510204082,0.00510204081632653
bolivia,106,3249,0.9082794706063404,0.9504462911665128,0.961218836565097,0.8979591836734694,0.9336734693877551,0.03571428571428571
bolivia,107,3249,0.9929208987380732,0.9929208987380732,0.9929208987380732,1.0,1.0,0.03571428571428571
bolivia,108,3249,0.830101569713758,0.8667282240689443,0.8627269929208987,0.826530612244898,0.8724489795918368,0.10204081632653061
bolivia,109,3249,0.8082486919052017,0.8276392736226531,0.8381040320098492,0.7857142857142857,0.8163265306122449,0.09183673469387756
bolivia,110,3249,0.7630040012311481,0.8104032009849185,0.806709756848261,0.7653061224489796,0.7908163265306123,0.1989795918367347
bolivia,111,3249,0.9726069559864574,0.9892274546014158,0.992305324715297,0.9693877551020408,0.9795918367346939,0.025510204081632654
bolivia,112,3249,0.8245614035087719,0.8614958448753463,0.8673437980917206,0.8214285714285714,0.8418367346938775,0.1326530612244898
bolivia,113,3249,0.9449061249615266,0.9424438288704217,0.951061865189289,0.9489795918367347,0.9642857142857143,0.00510204081632653
bolivia,114,3249,0.925207756232687,0.9547553093259464,0.9467528470298553,0.9285714285714286,0.9387755102040817,0.18877551020408162
bolivia,115,3249,0.9501385041551247,0.9572176054170514,0.9522930132348415,0.9693877551020408,0.9795918367346939,0.12244897959183673
bolivia,116,3249,0.8682671591258849,0.8925823330255463,0.9027393044013543,0.8673469387755102,0.8826530612244898,0.0
bolivia,117,3249,0.8679593721144968,0.9218220991074176,0.9402893197907048,0.8673469387755102,0.8928571428571429,0.16326530612244897
bolivia,118,3249,0.8368728839642967,0.8374884579870729,0.8547245306248077,0.826530612244898,0.8163265306122449,0.20918367346938777
bolivia,119,3249,0.7965527854724531,0.809172052939366,0.8076331178824253,0.7908163265306123,0.8163265306122449,0.11224489795918367
bolivia,120,3249,0.9399815327793167,0.9676823638042474,0.9624499846106495,0.9336734693877551,0.9285714285714286,0.15816326530612246
bolivia,121,3249,0.9544475223145583,0.9830717143736535,0.9926131117266851,0.9540816326530612,0.9846938775510204,0.08673469387755102
bolivia,122,3249,0.7328408741151123,0.7220683287165282,0.7251461988304093,0.7142857142857143,0.6836734693877551,0.2755102040816326
bolivia,123,3249,0.9455216989843028,0.9676823638042474,0.9809172052939366,0.9438775510204082,0.9744897959183674,0.061224489795918366
bolivia,124,3249,0.8993536472760849,0.9282856263465682,0.9362880886426593,0.8979591836734694,0.9285714285714286,0.08163265306122448
bolivia,125,3249,0.8895044629116651,0.9082794706063404,0.912588488765774,0.8979591836734694,0.9183673469387755,0.08163265306122448
bolivia,126,3249,0.989843028624192,0.9873807325330871,0.9901508156355802,0.9897959183673469,0.9948979591836735,0.0
bolivia,127,3249,0.9224376731301939,0.9516774392120653,0.961218836565097,0.9183673469387755,0.9387755102040817,0.1836734693877551
bolivia,128,3249,0.907356109572176,0.9372114496768237,0.9464450600184672,0.9081632653061225,0.9336734693877551,0.08163265306122448
bolivia,129,3249,0.9975377039088951,0.9966143428747307,0.9975377039088951,1.0,1.0,0.00510204081632653
bolivia,130,3249,0.9732225300092336,0.992305324715297,0.9963065558633426,0.9642857142857143,0.9744897959183674,0.030612244897959183
bolivia,131,3249,0.9418282548476454,0.9485995690981841,0.9516774392120653,0.9489795918367347,0.9591836734693877,0.07142857142857142
bolivia,132,3249,0.9621421975992613,0.9621421975992613,0.9732225300092336,0.9642857142857143,0.9693877551020408,0.04591836734693878
bolivia,133,3249,0.9215143120960295,0.9485995690981841,0.9559864573714989,0.923469387755102,0.9540816326530612,0.1326530612244898
bolivia,134,3249,0.9159741458910434,0.9501385041551247,0.9526008002462296,0.9285714285714286,0.9285714285714286,0.19387755102040816
bolivia,135,3249,0.9950754078177901,0.9984610649430594,1.0,0.9948979591836735,0.9948979591836735,0.0
bolivia,136,3249,0.8879655278547245,0.912588488765774,0.9181286549707602,0.903061224489796,0.9183673469387755,0.14285714285714285
bolivia,137,3249,0.9301323484148969,0.9464450600184672,0.9559864573714989,0.9183673469387755,0.9438775510204082,0.08163265306122448
bolivia,138,3249,0.9584487534626038,0.9722991689750693,0.9726069559864574,0.9540816326530612,0.9693877551020408,0.015306122448979591
bolivia,139,3249,0.8310249307479224,0.8544167436134195,0.871037242228378,0.8316326530612245,0.8214285714285714,0.15306122448979592
bolivia,140,3249,0.9332102185287781,0.9421360418590335,0.9492151431209603,0.9285714285714286,0.9489795918367347,0.05102040816326531
bolivia,141,3249,0.9578331794398276,0.9790704832256079,0.9864573714989228,0.9591836734693877,0.9744897959183674,0.10204081632653061
bolivia,142,3249,0.9365958756540474,0.9722991689750693,0.9729147429978455,0.9336734693877551,0.9744897959183674,0.09183673469387756
bolivia,143,3249,0.9513696522006772,0.9784549092028316,0.987072945521699,0.9540816326530612,0.9693877551020408,0.02040816326530612
bolivia,144,3249,0.8981224992305324,0.9150507848568791,0.9307479224376731,0.8826530612244898,0.923469387755102,0.11734693877551021
bolivia,145,3249,0.9781471221914435,0.9867651585103109,0.9919975377039089,0.9744897959183674,0.9795918367346939,0.01020408163265306
bolivia,146,3249,0.9984610649430594,0.9993844259772238,0.9996922129886119,1.0,1.0,0.0
bolivia,147,3249,0.9747614650661742,0.9839950754078178,0.9867651585103109,0.9795918367346939,0.9846938775510204,0.04591836734693878
bolivia,148,3249,0.8651892890120036,0.9101261926746691,0.9156663588796553,0.846938775510204,0.9081632653061225,0.12755102040816327
bolivia,149,3249,0.9390581717451524,0.9759926131117267,0.971375807940905,0.9591836734693877,0.9642857142857143,0.17346938775510204
bolivia,150,3249,0.9959987688519545,0.9996922129886119,0.9984610649430594,1.0,1.0,0.0
bolivia,151,3249,0.9584487534626038,0.9846106494305941,0.9806094182825484,0.9642857142857143,0.9744897959183674,0.061224489795918366
bolivia,152,3249,0.9836872883964297,0.987072945521699,0.9864573714989228,0.9897959183673469,0.9897959183673469,0.030612244897959183
bolivia,153,3249,0.8873499538319483,0.9122807017543859,0.920283164050477,0.8724489795918368,0.8928571428571429,0.05102040816326531
bolivia,154,3249,0.9353647276084949,0.9338257925515543,0.9347491535857186,0.9285714285714286,0.9438775510204082,0.0663265306122449
bolivia,155,3249,0.7436134195136965,0.7466912896275777,0.7451523545706371,0.7295918367346939,0.7397959183673469,0.14795918367346939
bolivia,156,3249,0.9507540781779009,0.9753770390889505,0.9867651585103109,0.9438775510204082,0.9540816326530612,0.11734693877551021
bolivia,157,3249,0.9941520467836257,0.9990766389658357,0.9990766389658357,0.9948979591836735,1.0,0.0
bolivia,158,3249,0.989843028624192,0.9932286857494613,0.9907663896583564,0.9897959183673469,0.9897959183673469,0.02040816326530612
bolivia,159,3249,0.9744536780547861,0.9846106494305941,0.9809172052939366,0.9948979591836735,0.9744897959183674,0.07142857142857142
bolivia,160,3249,0.9944598337950139,0.9969221298861188,0.9969221298861188,0.9948979591836735,1.0,0.01020408163265306
bolivia,161,3249,0.9978454909202832,0.9978454909202832,0.9987688519544475,1.0,1.0,0.015306122448979591
bolivia,162,3249,0.9913819636811326,0.9966143428747307,0.9969221298861188,0.9897959183673469,1.0,0.015306122448979591
bolivia,163,3249,0.9609110495537089,0.9796860572483841,0.9867651585103109,0.9693877551020408,0.9591836734693877,0.10714285714285714
bolivia,164,3249,0.9981532779316713,0.9981532779316713,0.9981532779316713,1.0,1.0,0.00510204081632653
bolivia,165,3249,0.997229916897507,0.997229916897507,0.997229916897507,1.0,1.0,0.015306122448979591
bolivia,166,3249,0.9929208987380732,0.9901508156355802,0.9929208987380732,0.9948979591836735,0.9897959183673469,0.01020408163265306
bolivia,167,3249,0.9990766389658357,0.9990766389658357,0.9990766389658357,1.0,1.0,0.00510204081632653
bolivia,168,3249,0.9295167743921207,0.935672514619883,0.925207756232687,0.9387755102040817,0.9336734693877551,0.08673469387755102
bolivia,169,3249,1.0,1.0,1.0,1.0,1.0,0.0
bolivia,170,3249,1.0,1.0,1.0,1.0,1.0,0.0
bolivia,171,3249,0.9698368728839643,0.9849184364419822,0.9738381040320099,0.9744897959183674,0.9795918367346939,0.07653061224489796
bolivia,172,2909,0.9986249570299072,0.9986249570299072,0.9986249570299072,1.0,1.0,0.005780346820809248
bolivia,173,136,0.36764705882352944,0.36764705882352944,0.36764705882352944,0.2857142857142857,0.2857142857142857,0.14285714285714285
bolivia,174,1588,0.8778337531486146,0.8652392947103275,0.8602015113350125,0.9,0.86,0.25
bolivia,175,1668,0.9190647482014388,0.9388489208633094,0.9400479616306955,0.9299999999999999,0.91,0.1
bolivia,176,694,1.0,1.0,1.0,1.0,1.0,0.0
bolivia,177,3249,0.9181286549707602,0.9248999692212989,0.9258233302554633,0.9285714285714286,0.9183673469387755,0.15306122448979592
bolivia,178,2930,0.9430034129692833,0.9583617747440273,0.9587030716723549,0.9615384615384616,0.967032967032967,0.12637362637362637
bolivia,179,1457,0.9924502402196294,0.9924502402196294,0.9924502402196294,1.0,1.0,0.022222222222222223
bolivia,180,3249,0.9378270236995999,0.9492151431209603,0.9421360418590335,0.9438775510204082,0.9591836734693877,0.10714285714285714
bolivia,181,3249,0.9529085872576177,0.9624499846106495,0.9609110495537089,0.9642857142857143,0.9744897959183674,0.08163265306122448
bolivia,182,2410,0.8713692946058091,0.9062240663900415,0.9145228215767635,0.8666666666666667,0.8933333333333333,0.12
bolivia,183,3249,0.9409048938134811,0.9566020313942751,0.9679901508156356,0.9387755102040817,0.9591836734693877,0.07142857142857142
bolivia,184,3249,0.9184364419821484,0.9212065250846414,0.9264389042782395,0.8979591836734694,0.8877551020408163,0.12244897959183673
bolivia,185,9,1.0,1.0,1.0,1.0,1.0,0.0
bolivia,186,3235,0.9255023183925811,0.9323029366306028,0.9415765069551777,0.9438775510204082,0.9489795918367347,0.17857142857142858
bolivia,187,3249,0.9602954755309326,0.9729147429978455,0.979378270236996,0.9591836734693877,0.9642857142857143,0.08673469387755102
bolivia,188,3249,0.8430286241920592,0.8584179747614651,0.8461064943059403,0.8673469387755102,0.8571428571428572,0.37244897959183676
bolivia,189,673,0.362555720653789,0.42050520059435365,0.362555720653789,0.34090909090909094,0.34090909090909094,0.022727272727272728
bolivia,190,2836,0.866361071932299,0.9016220028208745,0.9153737658674189,0.8554913294797688,0.8843930635838151,0.2658959537572254
bolivia,191,3249,0.9516774392120653,0.9618344105878732,0.9658356417359187,0.9591836734693877,0.9489795918367347,0.1326530612244898
bolivia,192,3249,0.8522622345337026,0.8694983071714374,0.8651892890120036,0.8724489795918368,0.8775510204081632,0.25
bolivia,193,1410,0.8468085106382979,0.8666666666666667,0.875886524822695,0.8390804597701149,0.8160919540229885,0.011494252873563218
bolivia,194,3249,0.9602954755309326,0.9686057248384118,0.9799938442597722,0.9540816326530612,0.9591836734693877,0.07142857142857142
bolivia,195,3249,0.9153585718682672,0.9301323484148969,0.9295167743921207,0.9081632653061225,0.9285714285714286,0.17857142857142858
bolivia,196,3249,0.9402893197907048,0.940597106802093,0.9409048938134811,0.9336734693877551,0.9336734693877551,0.05612244897959184
bolivia,197,2353,0.7263068423289418,0.7352316192095197,0.7220569485762856,0.7191780821917808,0.7054794520547945,0.2602739726027397
bolivia,198,3249,0.971375807940905,0.9790704832256079,0.9849184364419822,0.9897959183673469,0.9846938775510204,0.09183673469387756
bolivia,199,2837,0.9460697920338386,0.9471272470919986,0.9460697920338386,0.9415204678362573,0.9415204678362573,0.08187134502923976
bolivia,200,3249,0.7873191751308095,0.8045552477685441,0.811942136041859,0.8010204081632653,0.7857142857142857,0.29591836734693877
bolivia,201,1113,0.9991015274034142,0.9991015274034142,0.9991015274034142,1.0,1.0,0.0
bolivia,202,1892,0.9994714587737844,0.9994714587737844,0.9994714587737844,1.0,1.0,0.0
bolivia,203,863,0.9988412514484357,0.9988412514484357,0.9988412514484357,1.0,1.0,0.0
bolivia,204,930,0.9989247311827957,0.9989247311827957,0.9989247311827957,1.0,1.0,0.0
bolivia,205,1448,1.0,1.0,1.0,1.0,1.0,0.0
bolivia,206,3249,0.7008310249307479,0.6885195444752231,0.6922129886118806,0.6632653061224489,0.653061224489796,0.40816326530612246
bolivia,207,3249,0.6989843028624192,0.7023699599876885,0.7122191443521083,0.6836734693877551,0.6836734693877551,0.3520408163265306
bolivia,208,3249,0.8159433671899046,0.8254847645429363,0.8168667282240689,0.8163265306122449,0.8367346938775511,0.2653061224489796
bolivia,209,3249,0.8125577100646353,0.8122499230532472,0.819636811326562,0.8112244897959184,0.7755102040816326,0.17346938775510204
bolivia,210,3249,0.7276084949215144,0.7266851338873499,0.7325330871037242,0.7142857142857143,0.7142857142857143,0.08163265306122448
bolivia,211,3249,0.46814404432132967,0.476762080640197,0.45706371191135736,0.4591836734693877,0.44387755102040816,0.07653061224489796
bolivia,212,3249,0.5811018775007695,0.5811018775007695,0.5814096645121576,0.5663265306122449,0.5612244897959184,0.08163265306122448
bolivia,213,3249,0.6321945213911973,0.6331178824253616,0.6297322253000923,0.6377551020408163,0.6581632653061225,0.32653061224489793
bolivia,214,3249,0.8497999384425977,0.8719606032625423,0.8728839642967067,0.8571428571428572,0.8724489795918368,0.20918367346938777
bolivia,215,3249,0.8100954139735304,0.7977839335180056,0.8027085257002154,0.8061224489795918,0.8112244897959184,0.030612244897959183
bolivia,216,3249,0.8621114188981225,0.86088027085257,0.873807325330871,0.8673469387755102,0.8724489795918368,0.12755102040816327
bolivia,217,3249,0.770698676515851,0.7510003077870114,0.7559248999692213,0.7704081632653061,0.7551020408163265,0.1377551020408163
bolivia,218,3249,0.7014465989535241,0.7171437365343183,0.711295783317944,0.6989795918367347,0.6989795918367347,0.05612244897959184
bolivia,219,3249,0.7205293936595876,0.7571560480147738,0.7660818713450293,0.7244897959183674,0.7397959183673469,0.00510204081632653
bolivia,220,3249,0.42597722376115726,0.4376731301939058,0.4358264081255771,0.40306122448979587,0.41836734693877553,0.061224489795918366
bolivia,221,3249,0.8473376423514928,0.8461064943059403,0.8578024007386889,0.8622448979591837,0.8571428571428572,0.025510204081632654
bolivia,222,3249,0.8208679593721145,0.817174515235457,0.8033240997229917,0.846938775510204,0.8316326530612245,0.1377551020408163
bolivia,223,3249,0.8377962449984611,0.8636503539550631,0.8704216682056017,0.8367346938775511,0.8520408163265306,0.24489795918367346
bolivia,224,2792,0.7679083094555874,0.7768624641833811,0.7761461318051576,0.7559523809523809,0.75,0.15476190476190477
bolivia,225,2977,0.551897883775613,0.5606315082297615,0.5562646960026872,0.5580110497237569,0.5580110497237569,0.3867403314917127
bolivia,226,2664,0.7436186186186187,0.7567567567567568,0.7665165165165165,0.7375,0.75,0.3125
bolivia,227,2364,0.8692893401015228,0.916243654822335,0.9276649746192893,0.8601398601398601,0.8951048951048951,0.04195804195804196
bolivia,228,3249,0.9916897506925207,0.9944598337950139,0.9919975377039089,1.0,1.0,0.025510204081632654
bolivia,229,3249,0.8864265927977839,0.8938134810710988,0.8947368421052632,0.8928571428571429,0.8877551020408163,0.15816326530612246
bolivia,230,3119,0.9297851875601154,0.9554344341134979,0.9551138185315806,0.9267015706806283,0.9319371727748691,0.0
bolivia,231,758,0.8984168865435356,0.9643799472295514,0.9564643799472295,0.9069767441860466,0.9534883720930233,0.06976744186046512
bolivia,232,2234,0.7493285586392122,0.7394807520143241,0.7484333034914951,0.7445255474452555,0.7372262773722628,0.014598540145985401
bolivia,233,3238,0.9119827053736874,0.9017912291537986,0.9175416924027178,0.9132653061224489,0.9285714285714286,0.00510204081632653
bolivia,234,3249,0.9883040935672515,0.987072945521699,0.987072945521699,0.9948979591836735,0.9948979591836735,0.015306122448979591
bolivia,235,2791,0.8717305625223934,0.8885704048728055,0.901110713006091,0.893491124260355,0.9112426035502958,0.15976331360946747
bolivia,236,592,0.8851351351351351,0.8682432432432432,0.8851351351351351,0.8888888888888888,0.8611111111111112,0.0
bolivia,237,70,0.08571428571428572,0.04285714285714286,0.11428571428571428,0.0,0.0,0.25
bolivia,238,3203,0.9591008429597253,0.9497346237901967,0.9487980018732438,0.9637305699481865,0.9533678756476685,0.07772020725388601
bolivia,239,3229,0.9965933725611644,0.9965933725611644,0.9965933725611644,1.0,1.0,0.00510204081632653
bolivia,240,2063,0.754241396025206,0.7813863305865245,0.7998061076102763,0.751937984496124,0.7674418604651163,0.16279069767441862
bolivia,241,2195,0.8847380410022779,0.8856492027334852,0.8861047835990888,0.8955223880597015,0.8805970149253731,0.16417910447761194
bolivia,242,800,0.73875,0.73875,0.73875,0.7608695652173914,0.7608695652173914,0.17391304347826086
bolivia,243,3249,0.9350569405971068,0.9526008002462296,0.9636811326562019,0.9591836734693877,0.9336734693877551,0.1683673469387755
bolivia,244,3249,0.9030470914127424,0.9178208679593721,0.9085872576177285,0.8979591836734694,0.903061224489796,0.12244897959183673
bolivia,245,3249,0.9479839950754079,0.9695290858725761,0.9719913819636812,0.9744897959183674,0.9591836734693877,0.12244897959183673
bolivia,246,3249,0.6303477993228686,0.6244998461064943,0.6103416435826408,0.6377551020408163,0.6377551020408163,0.15306122448979592
bolivia,247,2979,0.6740516951997314,0.6582745887881839,0.6525679758308157,0.6888888888888889,0.6555555555555556,0.05555555555555555
bolivia,248,3137,0.8833280204016576,0.8963978323238763,0.9034109021357986,0.8894736842105263,0.8894736842105263,0.28421052631578947
bolivia,249,3249,0.9430594028931979,0.9498307171437366,0.9495229301323485,0.9438775510204082,0.9540816326530612,0.1326530612244898
bolivia,250,3249,0.9575253924284395,0.9630655586334257,0.9661434287473069,0.9591836734693877,0.9642857142857143,0.030612244897959183
bolivia,251,2947,0.7675602307431286,0.7790973871733967,0.7845266372582287,0.770949720670391,0.776536312849162,0.18435754189944134
bolivia,252,3116,0.920410783055199,0.936777920410783,0.9364569961489089,0.9468085106382979,0.9414893617021276,0.12234042553191489
bolivia,253,2181,0.8523613021549747,0.8789546079779917,0.869784502521779,0.8923076923076922,0.9,0.17692307692307693
bolivia,254,2258,0.9565987599645704,0.9720992028343667,0.9720992028343667,0.9851851851851852,0.9851851851851852,0.08888888888888889
bolivia,255,3249,0.9544475223145583,0.9495229301323485,0.9495229301323485,0.9438775510204082,0.9387755102040817,0.061224489795918366
bolivia,256,276,0.8079710144927537,0.8623188405797102,0.8586956521739131,0.8571428571428572,0.9285714285714286,0.07142857142857142
bolivia,257,1890,0.9105820105820106,0.9285714285714286,0.928042328042328,0.9067796610169492,0.9067796610169492,0.1016949152542373
bolivia,258,1883,0.9814126394052045,0.9899097185342538,0.9978757302177377,0.9829059829059829,0.9829059829059829,0.0
bolivia,259,699,0.9985693848354793,0.9985693848354793,0.9985693848354793,1.0,1.0,0.0
bolivia,260,3249,0.9116651277316097,0.9159741458910434,0.9110495537088334,0.9336734693877551,0.9183673469387755,0.15306122448979592
bolivia,261,2920,0.8965753424657534,0.9321917808219178,0.922945205479452,0.9034090909090909,0.9147727272727273,0.14772727272727273
bolivia,262,1381,0.9080376538740044,0.9116582186821144,0.9174511223750905,0.9186046511627907,0.9302325581395349,0.08139534883720931
bolivia,263,2524,0.9754358161648178,0.9873217115689382,0.9881141045958796,0.9743589743589743,0.9871794871794872,0.0
bolivia,264,1985,0.9425692695214106,0.980352644836272,0.9884130982367758,0.9426229508196722,0.9754098360655737,0.00819672131147541
bolivia,265,1707,0.7879320445225542,0.8482718219097832,0.8418277680140598,0.8240740740740741,0.8518518518518519,0.1388888888888889
bolivia,266,2074,0.6639344262295082,0.6711668273866924,0.6610414657666345,0.6825396825396826,0.6666666666666667,0.07142857142857142
bolivia,267,3249,0.9667590027700831,0.9627577716220376,0.966451215758695,0.9744897959183674,0.9744897959183674,0.03571428571428571
bolivia,268,2181,0.8505272810637322,0.8532783127005961,0.8587803759743237,0.8473282442748091,0.8702290076335878,0.03816793893129771
bolivia,269,265,0.9320754716981132,0.9660377358490566,0.9320754716981132,0.9333333333333333,1.0,0.0
bolivia,270,124,0.7661290322580645,0.7661290322580645,0.7661290322580645,0.75,0.75,0.25
bolivia,271,3227,0.933684536721413,0.9330647660365665,0.934614192748683,0.9333333333333333,0.9487179487179487,0.07179487179487179
bolivia,272,3024,0.8257275132275133,0.83994708994709,0.8330026455026455,0.8287292817679558,0.850828729281768,0.15469613259668508
bolivia,273,571,0.8353765323992994,0.8371278458844134,0.8336252189141856,0.875,0.875,0.15625
bolivia,274,3176,0.9005037783375315,0.9222292191435768,0.9181360201511335,0.9072164948453608,0.8969072164948454,0.07731958762886598
bolivia,275,2333,0.899271324474925,0.9361337333904843,0.9387055293613373,0.8920863309352518,0.920863309352518,0.02158273381294964
bolivia,276,1648,0.9902912621359223,1.0,1.0,0.99,1.0,0.0
bolivia,277,2743,0.9664600802041561,0.9715639810426541,0.969741159314619,0.9702380952380952,0.9642857142857143,0.07738095238095238
bolivia,278,3249,0.8744228993536473,0.8750384733764235,0.8775007694675284,0.8775510204081632,0.8724489795918368,0.16326530612244897
bolivia,279,3213,0.7578586990351697,0.7724867724867724,0.7799564270152506,0.7628865979381443,0.8041237113402062,0.0
bolivia,280,1234,0.8646677471636953,0.8679092382495948,0.8711507293354943,0.8783783783783784,0.8918918918918919,0.16216216216216217
bolivia,281,2509,0.8868074930251096,0.8931845356715823,0.8987644479872459,0.8874172185430463,0.8675496688741722,0.15894039735099338
bolivia,282,1717,0.9720442632498544,0.9889341875364007,0.9860221316249272,0.9619047619047619,0.9904761904761905,0.0
bolivia,283,2333,0.9211315902271753,0.9327046720960137,0.9262751821688813,0.9214285714285715,0.9142857142857143,0.1
bolivia,284,2641,0.964407421431276,0.988640666414237,0.9878833775085195,0.9622641509433962,0.9937106918238994,0.0
bolivia,285,1954,0.872057318321392,0.8971340839303992,0.9094165813715456,0.8760330578512396,0.9008264462809917,0.008264462809917356
bolivia,286,3249,0.9852262234533703,0.9827639273622654,0.9852262234533703,0.9897959183673469,0.9897959183673469,0.0
bolivia,287,2965,0.9477234401349073,0.9456998313659359,0.9537942664418212,0.9558011049723757,0.9502762430939227,0.04419889502762431
bolivia,288,654,0.7889908256880734,0.7859327217125383,0.7935779816513762,0.85,0.85,0.0
bolivia,289,1186,0.9991568296795953,0.9991568296795953,0.9991568296795953,1.0,1.0,0.0
bolivia,290,3249,0.9538319482917821,0.9501385041551247,0.9504462911665128,0.9846938775510204,0.9642857142857143,0.14795918367346939
bolivia,291,3249,0.8861188057863958,0.9116651277316097,0.9144352108341028,0.903061224489796,0.8724489795918368,0.2755102040816326
bolivia,292,2543,0.9225324419976406,0.9402280770743217,0.9445536767597326,0.9299363057324841,0.9235668789808917,0.17834394904458598
bolivia,293,2313,0.9217466493731085,0.9239083441418072,0.9273670557717251,0.9448275862068966,0.9241379310344827,0.18620689655172415
bolivia,294,2712,0.8528761061946902,0.8495575221238938,0.8584070796460177,0.8658536585365854,0.8902439024390244,0.18292682926829268
bolivia,295,2180,0.939908256880734,0.9541284403669725,0.9587155963302753,0.9465648854961832,0.9770992366412213,0.05343511450381679
bolivia,296,987,0.8449848024316109,0.8733535967578521,0.8470111448834853,0.8666666666666667,0.8833333333333333,0.08333333333333333
bolivia,297,1293,0.9806651198762568,0.9729311678267595,0.9806651198762568,0.9871794871794872,0.9871794871794872,0.0
bolivia,298,2396,0.8030050083472454,0.8476627712854758,0.8589315525876461,0.8108108108108107,0.8040540540540541,0.4797297297297297
bolivia,299,3249,0.9230532471529701,0.938134810710988,0.9516774392120653,0.9387755102040817,0.923469387755102,0.14795918367346939
bolivia,300,3249,0.9190520160049246,0.9221298861188058,0.9205909510618652,0.9183673469387755,0.9285714285714286,0.1683673469387755
bolivia,301,3249,0.9239766081871345,0.9369036626654356,0.9402893197907048,0.9387755102040817,0.923469387755102,0.12755102040816327
bolivia,302,2208,0.9420289855072463,0.9678442028985508,0.9628623188405797,0.946969696969697,0.9545454545454546,0.022727272727272728
bolivia,303,316,0.8512658227848101,0.8987341772151899,0.9113924050632911,0.8421052631578947,0.736842105263158,0.3684210526315789
bolivia,304,1693,0.8369757826343769,0.8334317779090372,0.8422917897223863,0.8365384615384616,0.8557692307692308,0.0
bolivia,305,3152,0.9958756345177665,0.9993654822335025,0.9990482233502538,1.0,1.0,0.0
bolivia,306,3249,0.9193598030163127,0.9449061249615266,0.9439827639273622,0.9183673469387755,0.923469387755102,0.1989795918367347
bolivia,307,3249,0.9507540781779009,0.9479839950754079,0.958756540473992,0.9591836734693877,0.9540816326530612,0.11734693877551021
bolivia,308,3249,0.8750384733764235,0.8759618344105878,0.8895044629116651,0.8928571428571429,0.8724489795918368,0.27040816326530615
bolivia,309,3249,0.8882733148661126,0.8928901200369345,0.8947368421052632,0.9081632653061225,0.903061224489796,0.27040816326530615
bolivia,310,2914,0.8850377487989018,0.8853809196980096,0.8860672614962252,0.9055555555555556,0.9055555555555556,0.16666666666666666
bolivia,311,3249,0.9879963065558633,0.9895352416128039,0.9889196675900277,0.9948979591836735,0.9948979591836735,0.025510204081632654
bolivia,312,3127,0.9852894147745442,0.9881675727534378,0.9852894147745442,0.9842931937172775,0.9947643979057592,0.005235602094240838
bolivia,313,1100,0.9218181818181819,0.9427272727272727,0.9309090909090909,0.9206349206349207,0.8888888888888888,0.0
bolivia,314,3249,0.9676823638042474,0.9652200677131425,0.96398891966759,0.9591836734693877,0.9591836734693877,0.04081632653061224
bolivia,315,3249,0.9541397353031702,0.9547553093259464,0.9556786703601108,0.9540816326530612,0.9642857142857143,0.10714285714285714
bolivia,316,3249,0.9981532779316713,0.9981532779316713,0.9981532779316713,1.0,1.0,0.00510204081632653
bolivia,317,3249,0.9695290858725761,0.9732225300092336,0.9747614650661742,0.9795918367346939,0.9744897959183674,0.08673469387755102
bolivia,318,3249,1.0,1.0,1.0,1.0,1.0,0.0
bolivia,319,3249,0.8821175746383503,0.8999692212988611,0.8971991381963681,0.8979591836734694,0.903061224489796,0.25510204081632654
bolivia,320,3081,0.9542356377799416,0.9535864978902954,0.958455047062642,0.9567567567567568,0.9621621621621621,0.0972972972972973
bolivia,321,2877,0.9419534237052485,0.9377824122349669,0.9370872436565867,0.9488636363636364,0.9375,0.11363636363636363
bolivia,322,3249,0.9738381040320099,0.9766081871345029,0.9763004001231148,0.9795918367346939,0.9795918367346939,0.07142857142857142
bolivia,323,3249,0.9224376731301939,0.9215143120960295,0.9255155432440751,0.9489795918367347,0.9438775510204082,0.23979591836734693
bolivia,324,3249,0.9230532471529701,0.9399815327793167,0.9522930132348415,0.9540816326530612,0.9387755102040817,0.22448979591836735
bolivia,325,3249,0.9012003693444137,0.9135118497999385,0.9273622653124038,0.9438775510204082,0.903061224489796,0.29081632653061223
bolivia,326,3249,0.9436749769159741,0.9452139119729147,0.948291782086796,0.9591836734693877,0.9489795918367347,0.15816326530612246
bolivia,327,3249,0.8377962449984611,0.8516466605109264,0.8624192059095106,0.8214285714285714,0.8214285714285714,0.33163265306122447
bolivia,328,3249,0.9722991689750693,0.9809172052939366,0.9839950754078178,0.9744897959183674,0.9744897959183674,0.03571428571428571
bolivia,329,2986,0.9969859343603483,0.9976557267247154,0.9979906229068989,0.994475138121547,1.0,0.0055248618784530384
bolivia,330,3249,0.9492151431209603,0.9529085872576177,0.9556786703601108,0.9591836734693877,0.9591836734693877,0.09183673469387756
bolivia,331,3249,0.9436749769159741,0.9458294859956909,0.9476762080640198,0.9591836734693877,0.9540816326530612,0.15816326530612246
bolivia,332,2680,0.994776119402985,0.9955223880597015,0.994776119402985,1.0,1.0,0.006211180124223602
bolivia,333,3249,0.9981532779316713,0.9981532779316713,0.9981532779316713,1.0,1.0,0.01020408163265306
bolivia,334,3249,0.994767620806402,0.994767620806402,0.994767620806402,1.0,1.0,0.025510204081632654
bolivia,335,3249,0.9042782394582949,0.899661434287473,0.9008925823330255,0.923469387755102,0.923469387755102,0.21428571428571427
bolivia,336,3249,0.948291782086796,0.9415204678362573,0.943367189904586,0.9489795918367347,0.9387755102040817,0.07142857142857142
bolivia,337,3249,0.9987688519544475,0.9981532779316713,0.9987688519544475,1.0,1.0,0.0
bolivia,338,3249,0.9295167743921207,0.9455216989843028,0.9489073561095722,0.9591836734693877,0.9591836734693877,0.17857142857142858
bolivia,339,3144,0.8810432569974554,0.905852417302799,0.9061704834605598,0.8789473684210526,0.8894736842105263,0.1631578947368421
bolivia,340,1919,0.7853048462741011,0.8165711307972903,0.8124022928608651,0.7966101694915254,0.8050847457627118,0.3644067796610169
bolivia,341,3249,0.8538011695906432,0.8882733148661126,0.8913511849799939,0.8622448979591837,0.8724489795918368,0.3010204081632653
bolivia,342,3249,0.925207756232687,0.935672514619883,0.9412126808248692,0.923469387755102,0.923469387755102,0.12244897959183673
bolivia,343,3249,0.9519852262234534,0.9522930132348415,0.953524161280394,0.9693877551020408,0.9693877551020408,0.1326530612244898
bolivia,344,3249,0.9636811326562019,0.9747614650661742,0.9729147429978455,0.9642857142857143,0.9744897959183674,0.03571428571428571
bolivia,345,3249,0.7777777777777778,0.7940904893813481,0.7888581101877501,0.7806122448979592,0.7704081632653061,0.21428571428571427
bolivia,346,3249,0.9522930132348415,0.9775315481686673,0.9901508156355802,0.9744897959183674,0.9693877551020408,0.15306122448979592
bolivia,347,3249,0.9676823638042474,0.9756848261003386,0.9738381040320099,0.9693877551020408,0.9642857142857143,0.030612244897959183
bolivia,348,3249,0.9944598337950139,0.9950754078177901,0.9953831948291783,1.0,1.0,0.015306122448979591
bolivia,349,3249,0.9799938442597722,0.9876885195444752,0.9904586026469683,0.9795918367346939,0.9795918367346939,0.061224489795918366
bolivia,350,3249,0.976915974145891,0.9836872883964297,0.9901508156355802,0.9795918367346939,0.9693877551020408,0.0663265306122449
bolivia,351,3249,0.9544475223145583,0.956294244382887,0.9602954755309326,0.9540816326530612,0.9591836734693877,0.061224489795918366
bolivia,352,3249,0.89689135118498,0.8965835641735919,0.9061249615266236,0.8877551020408163,0.903061224489796,0.12755102040816327
bolivia,353,3249,0.8593413357956294,0.909818405663281,0.9122807017543859,0.8571428571428572,0.9132653061224489,0.12755102040816327
bolivia,354,3249,0.994767620806402,0.9993844259772238,0.9990766389658357,0.9948979591836735,1.0,0.01020408163265306
bolivia,355,3249,0.9815327793167128,0.9889196675900277,0.9901508156355802,0.9795918367346939,0.9948979591836735,0.02040816326530612
bolivia,356,3249,0.9753770390889505,0.9839950754078178,0.9913819636811326,0.9744897959183674,0.9897959183673469,0.00510204081632653
bolivia,357,3249,0.9981532779316713,0.9981532779316713,0.9981532779316713,1.0,1.0,0.00510204081632653
bolivia,358,3249,0.7977839335180056,0.8045552477685441,0.8125577100646353,0.7857142857142857,0.7857142857142857,0.015306122448979591
bolivia,359,3249,0.9836872883964297,0.9907663896583564,0.9907663896583564,0.9948979591836735,1.0,0.030612244897959183
bolivia,360,3249,0.8211757463835027,0.8334872268390274,0.8254847645429363,0.8010204081632653,0.8112244897959184,0.1326530612244898
bolivia,361,3249,0.9904586026469683,0.9904586026469683,0.9904586026469683,0.9897959183673469,0.9897959183673469,0.025510204081632654
bolivia,362,3249,0.8008618036318867,0.8187134502923976,0.8180978762696214,0.7908163265306123,0.7755102040816326,0.20408163265306123
bolivia,363,3249,0.9907663896583564,0.9907663896583564,0.9907663896583564,1.0,1.0,0.02040816326530612
bolivia,364,3243,0.8143694110391613,0.810977489978415,0.8038852913968547,0.8367346938775511,0.826530612244898,0.4336734693877551
bolivia,365,3249,0.9966143428747307,0.9978454909202832,0.9978454909202832,0.9948979591836735,0.9948979591836735,0.00510204081632653
bolivia,366,2670,0.8715355805243445,0.8670411985018727,0.8775280898876404,0.8571428571428572,0.8757763975155279,0.14285714285714285
bolivia,367,2747,0.9552238805970149,0.9676010192937751,0.9643247178740444,0.9760479041916168,0.9580838323353293,0.12574850299401197
bolivia,368,1100,0.9545454545454546,0.9590909090909091,0.9672727272727273,0.984375,0.984375,0.140625
bolivia,369,794,0.9030226700251889,0.9219143576826196,0.9256926952141058,0.9591836734693877,0.9387755102040817,0.2857142857142857
bolivia,370,2778,0.9485241180705544,0.9524838012958964,0.9506839452843773,0.9583333333333334,0.9821428571428571,0.07142857142857142
bolivia,371,1908,0.8349056603773585,0.8270440251572327,0.8249475890985325,0.8245614035087719,0.7982456140350878,0.14912280701754385
bolivia,372,872,0.9048165137614679,0.9197247706422018,0.9174311926605505,0.8979591836734694,0.8979591836734694,0.14285714285714285
bolivia,373,2091,0.9913916786226685,0.9971305595408895,0.9976087996174079,1.0,1.0,0.023255813953488372
bolivia,374,3218,0.8828464885021753,0.8906152889993785,0.8946550652579242,0.9081632653061225,0.8928571428571429,0.14285714285714285
bolivia,375,3129,0.87823585810163,0.9121124960051135,0.9178651326302333,0.9,0.9105263157894736,0.16842105263157894
bolivia,376,873,0.8384879725085911,0.8900343642611683,0.8865979381443299,0.8113207547169812,0.8490566037735849,0.3018867924528302
bolivia,377,1582,0.9924146649810367,0.9962073324905183,0.9962073324905183,0.9900990099009901,0.9900990099009901,0.009900990099009901
bolivia,378,1775,1.0,1.0,1.0,1.0,1.0,0.0
bolivia,379,2705,0.966728280961183,0.9707948243992607,0.9693160813308688,0.963855421686747,0.9457831325301205,0.04216867469879518
bolivia,380,1286,0.9595645412130638,0.9611197511664075,0.9541213063763608,0.9605263157894737,0.9473684210526316,0.02631578947368421
bolivia,381,1438,0.9568845618915159,0.9680111265646731,0.9666203059805285,0.9529411764705882,0.9529411764705882,0.047058823529411764
bolivia,382,1017,0.9134709931170109,0.928220255653884,0.928220255653884,0.9166666666666666,0.9166666666666666,0.16666666666666666
bolivia,383,2233,0.9986565158978952,0.9964173757277206,0.9986565158978952,1.0,1.0,0.007352941176470588
bolivia,384,1133,0.9435127978817299,0.9541041482789056,0.9523389232127096,0.9726027397260274,0.9589041095890412,0.1506849315068493
bolivia,385,3187,0.8092249764668967,0.8155004706620647,0.8224035142767493,0.796875,0.8177083333333334,0.041666666666666664
bolivia,386,1739,0.9074180563542266,0.9401955146635997,0.9367452558941921,0.9134615384615384,0.9230769230769231,0.14423076923076922
bolivia,387,1499,0.8872581721147431,0.9159439626417611,0.9192795196797865,0.8842105263157894,0.9263157894736842,0.2
bolivia,388,1750,0.968,0.9805714285714285,0.9805714285714285,0.9905660377358491,0.9811320754716981,0.10377358490566038
bolivia,389,462,0.9545454545454546,0.974025974025974,0.9675324675324676,1.0,1.0,0.10714285714285714
bolivia,390,869,0.9700805523590333,0.9850402761795167,0.9838895281933256,1.0,0.9814814814814815,0.05555555555555555
bolivia,391,3249,0.9732225300092336,0.9886118805786396,0.9836872883964297,0.9846938775510204,0.9744897959183674,0.07653061224489796
bolivia,392,2739,0.9010587805768528,0.9423147133990507,0.9299014238773274,0.9580838323353293,0.9221556886227544,0.281437125748503
bolivia,393,1550,0.9425806451612904,0.9490322580645161,0.9516129032258065,0.9591836734693877,0.9591836734693877,0.08163265306122448
bolivia,394,2653,0.9415755748209574,0.9525065963060686,0.94647568790049,0.95,0.95625,0.06875
bolivia,395,33,0.6060606060606061,0.45454545454545453,0.6060606060606061,1.0,1.0,0.0
bolivia,396,1790,0.9396648044692737,0.9452513966480447,0.9502793296089386,0.944954128440367,0.9357798165137614,0.07339449541284404
bolivia,397,13,0.8461538461538461,0.8461538461538461,0.8461538461538461,,,
bolivia,398,1003,0.909272183449651,0.9212362911266201,0.9212362911266201,0.9206349206349207,0.9206349206349207,0.1746031746031746
bolivia,399,3004,1.0,1.0,1.0,1.0,1.0,0.0
bolivia,400,1653,0.9751966122202057,0.9758015728977616,0.969147005444646,0.9906542056074766,0.9813084112149533,0.07476635514018691
bolivia,401,87,0.9770114942528736,0.9310344827586207,0.9080459770114943,1.0,1.0,0.25
bolivia,402,1600,0.871875,0.86375,0.858125,0.87,0.85,0.07
bolivia,403,3249,0.9883040935672515,0.9969221298861188,0.9981532779316713,0.9897959183673469,0.9948979591836735,0.00510204081632653
bolivia,404,3249,0.9879963065558633,0.9895352416128039,0.9892274546014158,0.9948979591836735,0.9897959183673469,0.04081632653061224
bolivia,405,3242,0.8800123380629241,0.8911165946946329,0.8834053053670574,0.8979591836734694,0.8826530612244898,0.17857142857142858
bolivia,406,1863,0.782608695652174,0.7654320987654321,0.7530864197530864,0.7863247863247863,0.7606837606837606,0.21367521367521367
bolivia,407,2433,0.9856144677353063,0.988491574188245,0.9876695437731196,0.9931972789115646,0.9863945578231292,0.027210884353741496
bolivia,408,3249,0.9975377039088951,0.9981532779316713,0.9975377039088951,1.0,1.0,0.00510204081632653
bolivia,409,3249,0.9818405663281009,0.9818405663281009,0.982148353339489,0.9948979591836735,0.9948979591836735,0.05612244897959184
bolivia,410,3249,0.9399815327793167,0.9375192366882118,0.9350569405971068,0.9642857142857143,0.9693877551020408,0.09693877551020408
bolivia,411,3249,0.7503847337642352,0.7513080947983996,0.7494613727300707,0.7551020408163265,0.7448979591836735,0.1989795918367347
bolivia,412,3249,0.9756848261003386,0.9824561403508771,0.976915974145891,0.9846938775510204,0.9795918367346939,0.05612244897959184
bolivia,413,3249,0.9963065558633426,0.9996922129886119,0.9981532779316713,1.0,1.0,0.015306122448979591
bolivia,414,3249,0.8307171437365343,0.8510310864881502,0.8356417359187442,0.8571428571428572,0.8622448979591837,0.19387755102040816
bolivia,415,3249,0.9338257925515543,0.9590643274853801,0.9547553093259464,0.9387755102040817,0.9489795918367347,0.07142857142857142
bolivia,416,1639,0.8834655277608298,0.87614399023795,0.8749237339841367,0.8775510204081632,0.846938775510204,0.08163265306122448
bolivia,417,3249,0.7574638350261619,0.7759310557094491,0.775623268698061,0.75,0.7551020408163265,0.09183673469387756
bolivia,418,3249,0.6971375807940905,0.7143736534318251,0.7174515235457064,0.6938775510204082,0.6938775510204082,0.07653061224489796
bolivia,419,3249,0.9775315481686673,0.9775315481686673,0.9775315481686673,0.9795918367346939,0.9795918367346939,0.030612244897959183
bolivia,420,2798,0.6233023588277341,0.6658327376697641,0.6529664045746962,0.6449704142011834,0.6272189349112426,0.24260355029585798
bolivia,421,2239,0.8526127735596248,0.878517195176418,0.8798570790531487,0.8529411764705882,0.8529411764705882,0.04411764705882353
bolivia,422,1181,0.7629127857747672,0.7629127857747672,0.7654530059271804,0.7611940298507462,0.7313432835820896,0.208955223880597
bolivia,423,1426,0.8709677419354839,0.8800841514726507,0.8807854137447405,0.8823529411764706,0.8823529411764706,0.16470588235294117
bolivia,424,633,0.8214849921011058,0.764612954186414,0.7519747235387045,0.8378378378378378,0.7837837837837838,0.0
bolivia,425,3249,0.9852262234533703,0.9852262234533703,0.9852262234533703,0.9897959183673469,0.9897959183673469,0.04591836734693878
bolivia,426,3249,0.9732225300092336,0.9732225300092336,0.9732225300092336,0.9846938775510204,0.9846938775510204,0.05102040816326531
bolivia,427,3249,1.0,1.0,1.0,1.0,1.0,0.0
bolivia,428,3249,0.9602954755309326,0.9602954755309326,0.9602954755309326,0.9744897959183674,0.9744897959183674,0.0663265306122449
bolivia,429,3249,0.9799938442597722,0.9796860572483841,0.9799938442597722,0.9897959183673469,0.9897959183673469,0.03571428571428571
bolivia,430,3249,0.9846106494305941,0.9846106494305941,0.9846106494305941,0.9948979591836735,0.9948979591836735,0.030612244897959183
bolivia,431,3249,0.9852262234533703,0.9984610649430594,1.0,0.9846938775510204,0.9897959183673469,0.0
bolivia,432,3249,0.9553708833487227,0.9559864573714989,0.9550630963373345,0.9540816326530612,0.9438775510204082,0.08163265306122448
bolivia,433,3249,0.9959987688519545,0.9978454909202832,0.9966143428747307,1.0,1.0,0.01020408163265306
bolivia,434,3249,0.9556786703601108,0.9698368728839643,0.9759926131117267,0.9540816326530612,0.9744897959183674,0.0
bolivia,435,3249,0.9729147429978455,0.9729147429978455,0.9729147429978455,0.9795918367346939,0.9795918367346939,0.05102040816326531
bolivia,436,3249,0.9919975377039089,0.9919975377039089,0.9919975377039089,0.9897959183673469,0.9897959183673469,0.00510204081632653
bolivia,437,3249,0.9504462911665128,0.9455216989843028,0.940597106802093,0.9540816326530612,0.9540816326530612,0.07653061224489796
bolivia,438,3249,0.9775315481686673,0.9775315481686673,0.9775315481686673,0.9897959183673469,0.9897959183673469,0.05102040816326531
bolivia,439,3249,1.0,1.0,1.0,1.0,1.0,0.0
bolivia,440,3249,0.9559864573714989,0.9559864573714989,0.9559864573714989,0.9489795918367347,0.9489795918367347,0.0663265306122449
test,0,2360,0.9991525423728813,0.9991525423728813,0.9991525423728813,1.0,1.0,0.0
test,1,3249,1.0,1.0,1.0,1.0,1.0,0.0
test,2,3247,0.9337850323375424,0.9421004003695719,0.9331690791499846,0.9591836734693877,0.9744897959183674,0.16326530612244897
test,3,3249,0.9846106494305941,0.9984610649430594,0.9993844259772238,0.9846938775510204,0.9846938775510204,0.00510204081632653
test,4,3249,1.0,1.0,1.0,1.0,1.0,0.0
test,5,3249,0.9904586026469683,0.9901508156355802,0.9904586026469683,0.9897959183673469,0.9846938775510204,0.025510204081632654
test,6,3249,0.9858417974761465,0.9919975377039089,0.9904586026469683,0.9948979591836735,0.9948979591836735,0.04081632653061224
test,7,3249,0.9255155432440751,0.9461372730070791,0.9436749769159741,0.9591836734693877,0.9744897959183674,0.18877551020408162
test,8,3247,0.9433323067446874,0.9639667385278718,0.9482599322451494,0.9744897959183674,0.9693877551020408,0.1377551020408163
test,9,3249,0.9421360418590335,0.9476762080640198,0.9452139119729147,0.9744897959183674,0.9795918367346939,0.16326530612244897
test,10,3249,0.9766081871345029,0.9775315481686673,0.9766081871345029,0.9897959183673469,0.9846938775510204,0.07653061224489796
test,11,3249,0.9803016312711603,0.9876885195444752,0.9852262234533703,0.9846938775510204,0.9846938775510204,0.04591836734693878
test,12,3249,0.9864573714989228,0.9953831948291783,0.9953831948291783,0.9846938775510204,1.0,0.025510204081632654
test,13,3249,0.9987688519544475,0.9987688519544475,0.9987688519544475,1.0,1.0,0.00510204081632653
test,14,3249,0.9636811326562019,0.9796860572483841,0.9806094182825484,0.9693877551020408,0.9846938775510204,0.04591836734693878
test,15,3249,0.971375807940905,0.9679901508156356,0.9652200677131425,0.9744897959183674,0.9642857142857143,0.03571428571428571
test,16,3249,0.9963065558633426,0.9990766389658357,0.9987688519544475,0.9948979591836735,0.9948979591836735,0.00510204081632653
test,17,3249,0.997229916897507,0.9969221298861188,0.997229916897507,1.0,1.0,0.0
test,18,3249,0.9682979378270237,0.9818405663281009,0.9849184364419822,0.9744897959183674,0.9846938775510204,0.0663265306122449
test,19,1346,0.6849925705794948,0.711738484398217,0.7154531946508172,0.686046511627907,0.7209302325581395,0.023255813953488372
test,20,3249,0.9926131117266851,0.997229916897507,0.9956909818405664,0.9948979591836735,1.0,0.02040816326530612
test,21,3249,0.9729147429978455,0.9901508156355802,0.9950754078177901,0.9744897959183674,0.9846938775510204,0.0
test,22,3249,1.0,1.0,1.0,1.0,1.0,0.0
test,23,3249,0.9993844259772238,0.9993844259772238,0.9993844259772238,1.0,1.0,0.0
test,24,2449,0.9987750102082482,0.9987750102082482,0.9987750102082482,1.0,1.0,0.006666666666666667
test,25,3249,0.9987688519544475,1.0,1.0,1.0,1.0,0.0
test,26,3249,0.9753770390889505,0.9867651585103109,0.9772237611572792,0.9897959183673469,0.9744897959183674,0.061224489795918366
test,27,3249,0.9750692520775623,0.9916897506925207,0.9932286857494613,0.9948979591836735,0.9897959183673469,0.07653061224489796
test,28,3249,0.9464450600184672,0.9633733456448138,0.9606032625423208,0.9642857142857143,0.9540816326530612,0.14285714285714285
test,29,3249,0.9128962757771623,0.9067405355493998,0.90181594336719,0.9336734693877551,0.9387755102040817,0.20408163265306123
test,30,3225,0.9141085271317829,0.93984496124031,0.9345736434108527,0.9025641025641026,0.9282051282051282,0.1641025641025641
test,31,3249,1.0,1.0,1.0,1.0,1.0,0.0
test,32,3249,0.8627269929208987,0.881502000615574,0.8664204370575562,0.8877551020408163,0.8877551020408163,0.23979591836734693
test,33,3249,0.9756848261003386,0.9849184364419822,0.984302862419206,0.9795918367346939,0.9948979591836735,0.02040816326530612
test,34,3249,1.0,1.0,1.0,1.0,1.0,0.0
test,35,3197,0.9921801689083516,0.9953081013450109,0.9956208945886769,0.9948186528497409,0.9948186528497409,0.02072538860103627
test,36,3229,0.9597398575410344,0.9811087023846392,0.9807990089811087,0.9794871794871794,0.9641025641025641,0.11794871794871795
test,37,3249,0.9790704832256079,0.9895352416128039,0.9926131117266851,1.0,0.9897959183673469,0.07142857142857142
test,38,1609,0.9453076444996893,0.9658172778123058,0.9527656929770043,0.9368421052631579,0.9263157894736842,0.15789473684210525
test,39,3249,0.883964296706679,0.9178208679593721,0.9012003693444137,0.9438775510204082,0.9489795918367347,0.32142857142857145
test,40,1370,0.5248175182481751,0.5248175182481751,0.5248175182481751,0.5287356321839081,0.5287356321839081,0.12643678160919541
test,41,3249,0.9996922129886119,0.9996922129886119,0.9996922129886119,1.0,1.0,0.0
test,42,17,1.0,1.0,1.0,1.0,1.0,0.0
test,43,3249,0.9436749769159741,0.9686057248384118,0.9633733456448138,0.9489795918367347,0.9744897959183674,0.11224489795918367
test,44,3128,0.9849744245524297,0.993925831202046,0.9913682864450127,0.9842931937172775,0.9947643979057592,0.031413612565445025
test,45,3249,0.9846106494305941,0.9892274546014158,0.9883040935672515,0.9846938775510204,0.9846938775510204,0.03571428571428571
test,46,3249,0.969221298861188,0.9756848261003386,0.9682979378270237,0.9693877551020408,0.9693877551020408,0.04591836734693878
test,47,2493,0.9618933012434817,0.9610910549538708,0.9715202567188127,0.98,0.98,0.06
test,48,3249,0.9418282548476454,0.940597106802093,0.9387503847337643,0.9642857142857143,0.9642857142857143,0.12755102040816327
test,49,3249,0.9975377039088951,1.0,1.0,1.0,1.0,0.0
test,50,3249,0.9855340104647584,0.9855340104647584,0.9855340104647584,0.9897959183673469,0.9897959183673469,0.030612244897959183
test,51,3249,0.6140350877192983,0.6054170514004309,0.5977223761157279,0.6020408163265306,0.5867346938775511,0.4642857142857143
test,52,3249,0.9889196675900277,0.9867651585103109,0.9839950754078178,0.9897959183673469,1.0,0.02040816326530612
test,53,3249,0.9833795013850416,0.9846106494305941,0.9833795013850416,0.9846938775510204,0.9795918367346939,0.0
test,54,3249,0.9393659587565405,0.9516774392120653,0.9467528470298553,0.9591836734693877,0.9693877551020408,0.1683673469387755
test,55,3249,1.0,1.0,1.0,1.0,1.0,0.0
test,56,3249,0.9409048938134811,0.9424438288704217,0.9409048938134811,0.9540816326530612,0.9336734693877551,0.0663265306122449
test,57,3249,1.0,1.0,1.0,1.0,1.0,0.0
test,58,3249,0.992305324715297,0.9969221298861188,0.9990766389658357,0.9948979591836735,0.9948979591836735,0.015306122448979591
test,59,3249,0.8430286241920592,0.8759618344105878,0.8624192059095106,0.8979591836734694,0.8877551020408163,0.37755102040816324
test,60,3249,0.9248999692212989,0.9572176054170514,0.9365958756540474,0.9132653061224489,0.9438775510204082,0.10204081632653061
test,61,3025,0.0,0.0,0.0,0.0,0.0,0.0
test,62,3249,0.9698368728839643,0.9809172052939366,0.9775315481686673,0.9642857142857143,0.9693877551020408,0.061224489795918366
test,63,3248,0.8377463054187192,0.8497536945812808,0.8482142857142857,0.8826530612244898,0.8826530612244898,0.37755102040816324
test,64,3249,0.9602954755309326,0.9784549092028316,0.9756848261003386,0.9540816326530612,0.9642857142857143,0.07653061224489796
test,65,3249,0.997229916897507,0.9975377039088951,0.997229916897507,1.0,1.0,0.01020408163265306
test,66,3090,1.0,1.0,1.0,1.0,1.0,0.0
test,67,1727,0.7955993051534452,0.8314997104806022,0.821656050955414,0.8155339805825242,0.7864077669902912,0.18446601941747573
test,68,3249,0.9196675900277008,0.9199753770390889,0.920283164050477,0.9387755102040817,0.923469387755102,0.1836734693877551
test,69,3249,0.9492151431209603,0.9726069559864574,0.9784549092028316,0.9693877551020408,0.9795918367346939,0.14795918367346939
test,70,3249,1.0,1.0,1.0,1.0,1.0,0.0
test,71,3226,0.9141351518908866,0.9342839429634222,0.9296342219466832,0.9538461538461538,0.9435897435897436,0.24615384615384617
test,72,1733,0.9007501442585113,0.9036353144835545,0.9105597230236584,0.9326923076923077,0.9326923076923077,0.125
test,73,3248,0.8368226600985221,0.8512931034482759,0.8516009852216748,0.846938775510204,0.8622448979591837,0.15816326530612246
test,74,3249,0.9021237303785781,0.9184364419821484,0.912588488765774,0.9387755102040817,0.9591836734693877,0.21428571428571427
test,75,2365,0.9420718816067654,0.9665961945031712,0.9547568710359408,0.9791666666666666,0.9652777777777778,0.1527777777777778
test,76,3249,0.9969221298861188,0.9966143428747307,0.9978454909202832,0.9948979591836735,0.9948979591836735,0.01020408163265306
test,77,3249,0.9941520467836257,0.9981532779316713,0.9959987688519545,0.9897959183673469,0.9897959183673469,0.01020408163265306
test,78,3249,0.9264389042782395,0.9412126808248692,0.9387503847337643,0.9540816326530612,0.923469387755102,0.1836734693877551
test,79,3249,0.9452139119729147,0.9578331794398276,0.9492151431209603,0.9183673469387755,0.9387755102040817,0.08163265306122448
test,80,3249,0.9879963065558633,0.9935364727608494,0.9886118805786396,0.9897959183673469,1.0,0.04081632653061224
test,81,3248,0.9568965517241379,0.9562807881773399,0.9556650246305419,0.9948979591836735,0.9846938775510204,0.14795918367346939
test,82,3249,0.9916897506925207,0.9916897506925207,0.9916897506925207,0.9948979591836735,0.9948979591836735,0.015306122448979591
test,83,3249,0.7716220375500153,0.8134810710987996,0.8184056632810095,0.7959183673469388,0.75,0.5153061224489796
test,84,3249,0.7953216374269005,0.780855647891659,0.7799322868574946,0.8826530612244898,0.846938775510204,0.6377551020408163
test,85,3249,0.9513696522006772,0.9701446598953524,0.9704524469067405,0.9642857142857143,0.9693877551020408,0.12244897959183673
test,86,3249,0.9593721144967683,0.9710680209295168,0.9627577716220376,0.9693877551020408,0.9744897959183674,0.12244897959183673
test,87,3249,0.979378270236996,0.9772237611572792,0.9763004001231148,1.0,0.9897959183673469,0.0663265306122449
test,88,3248,0.9491995073891626,0.9568965517241379,0.9516625615763546,0.9744897959183674,0.9744897959183674,0.14285714285714285
test,89,3249,0.9987688519544475,1.0,0.9987688519544475,1.0,1.0,0.0
test,90,3249,0.9901508156355802,0.9956909818405664,0.992305324715297,0.9948979591836735,0.9897959183673469,0.04081632653061224
test,91,3249,0.9615266235764851,0.9790704832256079,0.9806094182825484,0.9591836734693877,0.9846938775510204,0.05102040816326531
test,92,3249,0.8482610033856571,0.8781163434903048,0.8744228993536473,0.9132653061224489,0.8979591836734694,0.4336734693877551
test,93,3249,1.0,1.0,1.0,1.0,1.0,0.0
test,94,3249,1.0,1.0,1.0,1.0,1.0,0.0
test,95,3249,0.9270544783010157,0.9310557094490612,0.9338257925515543,0.9540816326530612,0.9387755102040817,0.18877551020408162
test,96,3249,0.9975377039088951,0.9975377039088951,0.9975377039088951,1.0,1.0,0.01020408163265306
test,97,3249,0.9886118805786396,0.9953831948291783,0.9956909818405664,0.9897959183673469,0.9897959183673469,0.03571428571428571
test,98,3249,0.9212065250846414,0.9307479224376731,0.9242843951985226,0.9591836734693877,0.9489795918367347,0.23469387755102042
test,99,3249,0.9248999692212989,0.9341335795629424,0.925207756232687,0.8979591836734694,0.903061224489796,0.10204081632653061
test,100,3249,1.0,1.0,1.0,1.0,1.0,0.0
test,101,3249,0.9759926131117267,0.9907663896583564,0.9861495844875346,0.9897959183673469,0.9846938775510204,0.061224489795918366
test,102,3249,1.0,1.0,1.0,1.0,1.0,0.0
test,103,3244,0.9636251541307028,0.9719482120838471,0.9728729963008631,0.9591836734693877,0.9693877551020408,0.061224489795918366
test,104,1841,0.993481803367735,1.0,1.0,0.9911504424778761,1.0,0.0
test,105,2080,0.9673076923076923,0.9879807692307693,0.9903846153846154,0.9682539682539683,0.9920634920634921,0.023809523809523808
test,106,3249,0.9529085872576177,0.9529085872576177,0.9529085872576177,0.9591836734693877,0.9591836734693877,0.1377551020408163
test,107,3249,0.8618036318867344,0.8793474915358572,0.8756540473991997,0.8928571428571429,0.8673469387755102,0.2755102040816326
test,108,3249,0.9959987688519545,0.9978454909202832,0.9987688519544475,1.0,1.0,0.01020408163265306
test,109,818,0.9682151589242054,0.9621026894865525,0.9559902200488998,1.0,0.9795918367346939,0.02040816326530612
test,110,244,1.0,1.0,1.0,1.0,1.0,0.0
test,111,3249,0.9747614650661742,0.9747614650661742,0.9747614650661742,0.9795918367346939,0.9795918367346939,0.04081632653061224
test,112,3237,0.9978375038616002,0.9978375038616002,0.9978375038616002,1.0,1.0,0.00510204081632653
test,113,3242,0.9839605181986428,0.9895126465144972,0.9904380012338063,0.9846938775510204,0.9897959183673469,0.025510204081632654
test,114,3202,0.9359775140537164,0.9444097439100562,0.9465958775765146,0.9435897435897436,0.9487179487179487,0.09230769230769231
test,115,3249,1.0,1.0,1.0,1.0,1.0,0.0
test,116,3243,0.868331791551033,0.8859081097748998,0.8812827628738822,0.903061224489796,0.903061224489796,0.25510204081632654
test,117,3249,0.7623884272083719,0.7863958140966452,0.7943982763927362,0.7755102040816326,0.7806122448979592,0.22448979591836735
test,118,3249,0.9436749769159741,0.9646044936903663,0.9430594028931979,0.9540816326530612,0.9642857142857143,0.14795918367346939
test,119,3246,0.9950708564386938,0.9953789279112755,0.9963031423290203,0.9948979591836735,1.0,0.015306122448979591
test,120,3249,1.0,1.0,1.0,1.0,1.0,0.0
test,121,3249,0.9362880886426593,0.9787626962142197,0.9544475223145583,0.9540816326530612,0.9591836734693877,0.15306122448979592
test,122,2989,0.9886249581799933,0.9979926396788223,0.9993308798929408,0.9891891891891892,0.9945945945945946,0.005405405405405406
test,123,244,1.0,1.0,1.0,1.0,1.0,0.0
test,124,2764,0.9855282199710564,0.993849493487699,0.9945730824891461,0.9819277108433735,0.9939759036144579,0.0
test,125,3249,0.9744536780547861,0.9886118805786396,0.9883040935672515,0.9846938775510204,0.9897959183673469,0.0663265306122449
test,126,3249,0.9756848261003386,0.984302862419206,0.9756848261003386,0.9693877551020408,0.9693877551020408,0.030612244897959183
test,127,3222,0.9754810676598387,0.9832402234636871,0.983860955927995,0.9795918367346939,0.9846938775510204,0.025510204081632654
test,128,3249,0.9996922129886119,1.0,0.9996922129886119,1.0,1.0,0.0
test,129,3249,0.9722991689750693,0.9747614650661742,0.9763004001231148,0.9846938775510204,0.9795918367346939,0.08163265306122448
test,130,3249,0.8790397045244691,0.8805786395814097,0.8759618344105878,0.9081632653061225,0.9336734693877551,0.22448979591836735
test,131,3249,0.9061249615266236,0.9439827639273622,0.935672514619883,0.9489795918367347,0.9489795918367347,0.2602040816326531
test,132,3249,0.9738381040320099,0.9790704832256079,0.9806094182825484,0.9795918367346939,0.9693877551020408,0.08673469387755102
test,133,3249,0.9325946445060018,0.9452139119729147,0.9436749769159741,0.9336734693877551,0.9540816326530612,0.14795918367346939
test,134,3249,0.9615266235764851,0.9861495844875346,0.984302862419206,0.9846938775510204,0.9744897959183674,0.10714285714285714
test,135,3249,0.9556786703601108,0.9796860572483841,0.9824561403508771,0.9846938775510204,0.9795918367346939,0.14285714285714285
test,136,3249,0.9935364727608494,0.9981532779316713,0.9969221298861188,1.0,0.9948979591836735,0.02040816326530612
test,137,3249,0.9950754078177901,0.9978454909202832,0.9987688519544475,0.9948979591836735,1.0,0.01020408163265306
test,138,3245,0.8967642526964561,0.9106317411402157,0.9093990755007704,0.9081632653061225,0.9132653061224489,0.23469387755102042
test,139,3249,1.0,0.9996922129886119,1.0,1.0,1.0,0.0
test,140,3249,0.8473376423514928,0.8547245306248077,0.8522622345337026,0.8316326530612245,0.8418367346938775,0.04591836734693878
test,141,3249,0.8805786395814097,0.907356109572176,0.8947368421052632,0.8979591836734694,0.8877551020408163,0.19387755102040816
test,142,589,0.9949066213921901,0.9949066213921901,0.9949066213921901,1.0,1.0,0.029411764705882353
test,143,3249,0.9415204678362573,0.9624499846106495,0.9501385041551247,0.9489795918367347,0.9642857142857143,0.10204081632653061
test,144,2859,0.9268975166142007,0.9478838754809374,0.9349422875131165,0.9542857142857143,0.9428571428571428,0.17142857142857143
test,145,3249,0.9895352416128039,0.9956909818405664,0.9981532779316713,1.0,0.9795918367346939,0.03571428571428571
test,146,3249,0.90181594336719,0.9449061249615266,0.9282856263465682,0.9285714285714286,0.9285714285714286,0.2193877551020408
test,147,3229,0.9532362960668938,0.9677918860328275,0.9538556828739548,0.9897959183673469,0.9744897959183674,0.1683673469387755
test,148,3249,0.8476454293628809,0.8704216682056017,0.8673437980917206,0.8775510204081632,0.8775510204081632,0.3826530612244898
test,149,3249,0.958756540473992,0.9679901508156356,0.96398891966759,0.9795918367346939,0.9693877551020408,0.10714285714285714
test,150,3147,0.9872894820463934,0.9965046075627582,0.9974578964092787,0.9895287958115183,1.0,0.010471204188481676
test,151,1785,0.996078431372549,0.996078431372549,0.996078431372549,1.0,1.0,0.018518518518518517
test,152,3249,0.510310864881502,0.4863034779932287,0.47799322868574945,0.4897959183673469,0.44897959183673475,0.42857142857142855
test,153,3249,0.8525700215450908,0.8470298553401047,0.8476454293628809,0.8418367346938775,0.8520408163265306,0.05612244897959184
test,154,3249,0.9624499846106495,0.9895352416128039,0.9849184364419822,0.9897959183673469,0.9744897959183674,0.11734693877551021
test,155,3228,0.9640644361833953,0.9891573729863693,0.9860594795539034,0.9897959183673469,0.9948979591836735,0.10204081632653061
test,156,3249,0.786088027085257,0.783625730994152,0.7811634349030471,0.7857142857142857,0.7755102040816326,0.29591836734693877
test,157,3249,0.7442289935364728,0.744844567559249,0.7485380116959064,0.7448979591836735,0.7346938775510203,0.08673469387755102
test,158,3249,0.989843028624192,0.9929208987380732,0.9901508156355802,0.9948979591836735,0.9897959183673469,0.025510204081632654
test,159,3247,1.0,1.0,1.0,1.0,1.0,0.0
test,160,3249,0.9941520467836257,0.9956909818405664,0.9959987688519545,1.0,1.0,0.02040816326530612
test,161,3249,0.9796860572483841,0.9846106494305941,0.9833795013850416,0.9795918367346939,0.9846938775510204,0.00510204081632653
test,162,3249,0.9039704524469068,0.9353647276084949,0.9375192366882118,0.9387755102040817,0.9438775510204082,0.1377551020408163
test,163,3249,0.953524161280394,0.9753770390889505,0.9686057248384118,0.9591836734693877,0.9795918367346939,0.12244897959183673
test,164,3248,0.9987684729064039,0.9987684729064039,0.9987684729064039,1.0,1.0,0.01020408163265306
test,165,3249,1.0,1.0,1.0,1.0,1.0,0.0
test,166,3207,0.9669473027751793,0.980355472404116,0.9747427502338635,0.979381443298969,0.9845360824742269,0.09278350515463918
test,167,3249,0.9329024315173899,0.9362880886426593,0.9325946445060018,0.9387755102040817,0.9438775510204082,0.11734693877551021
test,168,3249,1.0,1.0,1.0,1.0,1.0,0.0
test,169,3249,0.4899969221298861,0.48414896891351183,0.4749153585718683,0.4948979591836735,0.4693877551020408,0.30612244897959184
test,170,3249,0.9876885195444752,0.9938442597722376,0.9919975377039089,0.9948979591836735,0.9948979591836735,0.04081632653061224
test,171,3249,0.9566020313942751,0.9658356417359187,0.9630655586334257,0.9540816326530612,0.9795918367346939,0.04591836734693878
test,172,3249,0.9846106494305941,0.9892274546014158,0.9846106494305941,0.9897959183673469,0.9795918367346939,0.04591836734693878
test,173,2983,0.9835735836406302,0.9929601072745559,0.9835735836406302,1.0,0.989010989010989,0.06593406593406594
test,174,3249,0.9849184364419822,0.9950754078177901,0.9938442597722376,0.9897959183673469,0.9897959183673469,0.04591836734693878
test,175,2866,0.958827634333566,0.9755757152826239,0.9699930216329379,0.9767441860465116,0.9651162790697675,0.10465116279069768
test,176,3249,0.9913819636811326,0.9959987688519545,0.994767620806402,0.9897959183673469,1.0,0.02040816326530612
test,177,3249,0.9849184364419822,0.9981532779316713,0.997229916897507,0.9948979591836735,0.9948979591836735,0.030612244897959183
test,178,3249,0.9526008002462296,0.9627577716220376,0.9602954755309326,0.9591836734693877,0.9642857142857143,0.10204081632653061
test,179,3249,0.9993844259772238,0.9993844259772238,0.9993844259772238,1.0,1.0,0.00510204081632653
test,180,3249,0.9248999692212989,0.9526008002462296,0.9455216989843028,0.9336734693877551,0.9438775510204082,0.08163265306122448
test,181,3249,1.0,1.0,1.0,1.0,1.0,0.0
test,182,3249,0.9732225300092336,0.9846106494305941,0.9861495844875346,0.9846938775510204,0.9744897959183674,0.08673469387755102
test,183,3249,0.8978147122191443,0.9242843951985226,0.9187442289935365,0.9081632653061225,0.9183673469387755,0.09693877551020408
test,184,3245,0.9100154083204931,0.9429892141756548,0.9300462249614792,0.9438775510204082,0.9489795918367347,0.24489795918367346
test,185,3249,0.878731917513081,0.8953524161280394,0.8941212680824869,0.8775510204081632,0.903061224489796,0.10204081632653061
test,186,3249,0.9969221298861188,0.9978454909202832,0.9975377039088951,1.0,1.0,0.01020408163265306
test,187,3249,0.8759618344105878,0.8922745460141582,0.8956602031394275,0.903061224489796,0.8928571428571429,0.28061224489795916
test,188,3249,0.9978454909202832,0.9978454909202832,0.9978454909202832,1.0,1.0,0.015306122448979591
test,189,3249,0.9799938442597722,0.9941520467836257,0.9950754078177901,0.9948979591836735,0.9795918367346939,0.061224489795918366
test,190,3249,0.9344413665743305,0.9458294859956909,0.9338257925515543,0.9336734693877551,0.9387755102040817,0.12244897959183673
test,191,3249,0.8885811018775007,0.8925823330255463,0.8833487226839027,0.8979591836734694,0.8826530612244898,0.19387755102040816
test,192,3249,0.9907663896583564,0.9938442597722376,0.992305324715297,1.0,0.9948979591836735,0.03571428571428571
test,193,3249,0.992305324715297,0.9959987688519545,0.997229916897507,0.9897959183673469,0.9948979591836735,0.02040816326530612
test,194,3249,0.9116651277316097,0.9156663588796553,0.9141274238227147,0.9438775510204082,0.9336734693877551,0.22448979591836735
test,195,3249,1.0,1.0,1.0,1.0,1.0,0.0
test,196,3249,0.9753770390889505,0.9778393351800554,0.9796860572483841,0.9795918367346939,0.9846938775510204,0.03571428571428571
test,197,3249,0.9975377039088951,0.9966143428747307,0.9975377039088951,1.0,1.0,0.00510204081632653
test,198,3249,0.9138196368113266,0.9344413665743305,0.9273622653124038,0.9387755102040817,0.9489795918367347,0.23469387755102042
test,199,3249,0.9030470914127424,0.9261311172668514,0.8993536472760849,0.9336734693877551,0.9387755102040817,0.2653061224489796
test,200,3249,0.9987688519544475,1.0,1.0,1.0,1.0,0.0
test,201,3238,0.9944410129709698,0.9916615194564546,0.993514515132798,0.9948979591836735,0.9948979591836735,0.015306122448979591
test,202,3248,0.8882389162561576,0.916871921182266,0.9187192118226601,0.9693877551020408,0.923469387755102,0.37755102040816324
test,203,3249,1.0,1.0,1.0,1.0,1.0,0.0
test,204,3249,1.0,1.0,1.0,1.0,1.0,0.0
test,205,2431,0.9707939119703826,0.9769642122583299,0.9732620320855615,0.9862068965517241,0.9793103448275862,0.08275862068965517
test,206,3249,0.9969221298861188,0.9836872883964297,0.9812249923053247,1.0,0.9846938775510204,0.01020408163265306
test,207,3249,1.0,1.0,1.0,1.0,1.0,0.0
test,208,3249,0.9682979378270237,0.9750692520775623,0.9747614650661742,0.9744897959183674,0.9744897959183674,0.07142857142857142
test,209,3249,0.9369036626654356,0.9495229301323485,0.9387503847337643,0.9540816326530612,0.9387755102040817,0.15306122448979592
test,210,3249,0.8885811018775007,0.8947368421052632,0.8768851954447522,0.8928571428571429,0.8571428571428572,0.1989795918367347
test,211,3249,1.0,1.0,1.0,1.0,1.0,0.0
test,212,3249,0.9282856263465682,0.9261311172668514,0.9242843951985226,0.9438775510204082,0.9438775510204082,0.17857142857142858
test,213,993,1.0,1.0,1.0,1.0,1.0,0.0
test,214,3249,0.9858417974761465,0.9892274546014158,0.9886118805786396,0.9846938775510204,0.9948979591836735,0.015306122448979591
test,215,3249,0.9975377039088951,0.9975377039088951,0.9975377039088951,1.0,1.0,0.01020408163265306
test,216,3249,0.9310557094490612,0.9553708833487227,0.9559864573714989,0.9693877551020408,0.9591836734693877,0.19387755102040816
test,217,3249,0.9024315173899662,0.9248999692212989,0.9193598030163127,0.923469387755102,0.9540816326530612,0.14285714285714285
test,218,3249,0.8501077254539858,0.8725761772853186,0.871037242228378,0.8673469387755102,0.903061224489796,0.20408163265306123
test,219,3249,0.9981532779316713,0.9990766389658357,0.9993844259772238,1.0,1.0,0.00510204081632653
test,220,3249,0.9101261926746691,0.9341335795629424,0.9113573407202216,0.9336734693877551,0.923469387755102,0.20408163265306123
test,221,3249,0.9615266235764851,0.9744536780547861,0.9766081871345029,0.9846938775510204,0.9744897959183674,0.10714285714285714
test,222,3249,0.8704216682056017,0.9132040627885504,0.8962757771622037,0.8826530612244898,0.8928571428571429,0.19387755102040816
test,223,3249,1.0,1.0,1.0,1.0,1.0,0.0
test,224,3249,0.9846106494305941,0.9919975377039089,0.9929208987380732,1.0,0.9948979591836735,0.04081632653061224
test,225,782,1.0,1.0,1.0,1.0,1.0,0.0
test,226,3249,0.96398891966759,0.9864573714989228,0.989843028624192,0.9795918367346939,0.9795918367346939,0.11224489795918367
test,227,3249,0.9621421975992613,0.9606032625423208,0.9621421975992613,0.9795918367346939,0.9795918367346939,0.11734693877551021
test,228,3249,0.940597106802093,0.9670667897814712,0.9670667897814712,0.9540816326530612,0.9642857142857143,0.14795918367346939
test,229,3249,0.9178208679593721,0.9242843951985226,0.9196675900277008,0.9540816326530612,0.9540816326530612,0.2602040816326531
test,230,3163,0.966487511855833,0.9851406892190958,0.9819791337337971,0.9790575916230366,1.0,0.07329842931937172
test,231,3249,0.9981532779316713,0.9984610649430594,0.9981532779316713,1.0,1.0,0.00510204081632653
test,232,3249,0.8833487226839027,0.8953524161280394,0.8879655278547245,0.9489795918367347,0.903061224489796,0.37244897959183676
test,233,3249,0.992305324715297,0.994767620806402,0.994767620806402,0.9948979591836735,1.0,0.02040816326530612
test,234,1139,1.0,1.0,1.0,1.0,1.0,0.0
test,235,3249,0.9858417974761465,0.9966143428747307,0.9956909818405664,0.9897959183673469,1.0,0.00510204081632653
test,236,3249,0.948291782086796,0.9415204678362573,0.9421360418590335,0.9489795918367347,0.9438775510204082,0.07653061224489796
test,237,3249,0.8987380732533087,0.9248999692212989,0.9116651277316097,0.9081632653061225,0.9336734693877551,0.20918367346938777
test,238,3249,0.9784549092028316,0.9876885195444752,0.9876885195444752,0.9795918367346939,0.9846938775510204,0.01020408163265306
test,239,3249,0.9879963065558633,0.9929208987380732,0.9929208987380732,0.9897959183673469,0.9948979591836735,0.030612244897959183
test,240,3249,0.9926131117266851,0.9987688519544475,0.9969221298861188,0.9948979591836735,0.9948979591836735,0.02040816326530612
test,241,3249,0.9879963065558633,0.9984610649430594,0.997229916897507,0.9897959183673469,0.9897959183673469,0.025510204081632654
test,242,3249,0.9889196675900277,0.9901508156355802,0.9892274546014158,0.9948979591836735,0.9948979591836735,0.030612244897959183
test,243,3249,0.9282856263465682,0.9492151431209603,0.9329024315173899,0.9591836734693877,0.9387755102040817,0.23469387755102042
test,244,3249,0.8858110187750077,0.8938134810710988,0.8904278239458295,0.923469387755102,0.9183673469387755,0.25510204081632654
test,245,3249,0.9729147429978455,0.9846106494305941,0.9935364727608494,0.9948979591836735,0.9795918367346939,0.07142857142857142
test,246,3249,0.9553708833487227,0.9553708833487227,0.9553708833487227,0.9642857142857143,0.9642857142857143,0.0663265306122449
test,247,2755,0.8558983666061706,0.8838475499092558,0.8878402903811252,0.9512195121951219,0.9207317073170732,0.4024390243902439
test,248,3249,0.9830717143736535,0.9830717143736535,0.9830717143736535,0.9897959183673469,0.9897959183673469,0.061224489795918366
test,249,2099,0.8985231062410671,0.9437827536922344,0.9128156264888042,0.916030534351145,0.916030534351145,0.22900763358778625
test,250,3249,0.07602339181286549,0.07602339181286549,0.07602339181286549,0.061224489795918324,0.061224489795918324,0.03571428571428571
test,251,3249,0.9953831948291783,0.9990766389658357,0.9984610649430594,0.9948979591836735,1.0,0.00510204081632653
test,252,3249,0.9464450600184672,0.9630655586334257,0.9679901508156356,0.9540816326530612,0.9540816326530612,0.0663265306122449
test,253,2315,0.6457883369330454,0.6332613390928725,0.6276457883369331,0.6214285714285714,0.5714285714285714,0.4
test,254,3249,0.9886118805786396,0.9935364727608494,0.9926131117266851,0.9897959183673469,0.9897959183673469,0.04081632653061224
test,255,3245,0.9990755007704161,0.9993836671802774,0.9990755007704161,1.0,1.0,0.0
test,256,3249,0.9926131117266851,0.9953831948291783,0.9926131117266851,0.9948979591836735,0.9948979591836735,0.02040816326530612
test,257,3249,1.0,1.0,1.0,1.0,1.0,0.0
test,258,3249,0.9495229301323485,0.9756848261003386,0.9796860572483841,0.9591836734693877,0.9948979591836735,0.0663265306122449
test,259,3249,0.8344105878731918,0.8574946137273007,0.8411819021237303,0.8775510204081632,0.8826530612244898,0.3520408163265306
test,260,3249,0.9879963065558633,0.9959987688519545,0.9959987688519545,0.9846938775510204,0.9948979591836735,0.02040816326530612
test,261,3249,0.9886118805786396,0.9926131117266851,0.9978454909202832,0.9897959183673469,1.0,0.0
test,262,3249,1.0,1.0,1.0,1.0,1.0,0.0
test,263,3249,0.9698368728839643,0.971375807940905,0.9710680209295168,0.9897959183673469,0.9897959183673469,0.08163265306122448
test,264,3249,0.7269929208987381,0.7251461988304093,0.7023699599876885,0.7448979591836735,0.7244897959183674,0.5357142857142857
test,265,3249,1.0,1.0,1.0,1.0,1.0,0.0
test,266,3248,0.9707512315270936,0.9747536945812808,0.9685960591133005,0.9846938775510204,0.9948979591836735,0.11224489795918367
test,267,3249,0.7903970452446907,0.8137888581101878,0.8162511542012927,0.8367346938775511,0.826530612244898,0.28061224489795916
test,268,3249,0.8667282240689443,0.8879655278547245,0.8990458602646968,0.9183673469387755,0.8979591836734694,0.39285714285714285
test,269,3249,1.0,1.0,1.0,1.0,1.0,0.0
test,270,3242,0.9975323874151758,0.9990746452806909,0.9990746452806909,1.0,1.0,0.00510204081632653
test,271,3249,0.9809172052939366,0.9975377039088951,0.9975377039088951,0.9846938775510204,0.9897959183673469,0.03571428571428571
test,272,3249,0.9910741766697445,0.9910741766697445,0.9910741766697445,0.9897959183673469,0.9897959183673469,0.02040816326530612
test,273,3249,0.9092028316405047,0.9473684210526315,0.9526008002462296,0.9744897959183674,0.923469387755102,0.28061224489795916
test,274,3249,0.9926131117266851,0.9959987688519545,0.9950754078177901,0.9948979591836735,0.9948979591836735,0.02040816326530612
test,275,3249,0.9919975377039089,0.9969221298861188,0.9963065558633426,0.9897959183673469,1.0,0.02040816326530612
test,276,3249,1.0,1.0,1.0,1.0,1.0,0.0
test,277,3249,0.9941520467836257,0.997229916897507,0.9963065558633426,0.9948979591836735,1.0,0.00510204081632653
test,278,3249,0.8824253616497384,0.9012003693444137,0.8981224992305324,0.8724489795918368,0.8928571428571429,0.1326530612244898
test,279,3249,0.9575253924284395,0.9784549092028316,0.958756540473992,0.9846938775510204,0.9795918367346939,0.12244897959183673
test,280,3249,0.8568790397045245,0.9021237303785781,0.8790397045244691,0.8724489795918368,0.923469387755102,0.1989795918367347
test,281,3249,0.39119729147429977,0.38627269929208985,0.38627269929208985,0.3979591836734694,0.3928571428571429,0.29591836734693877
test,282,3249,1.0,1.0,1.0,1.0,1.0,0.0
test,283,3249,0.9264389042782395,0.9402893197907048,0.935672514619883,0.9336734693877551,0.9438775510204082,0.1326530612244898
test,284,3249,0.974145891043398,0.9750692520775623,0.9722991689750693,0.9795918367346939,0.9744897959183674,0.061224489795918366
test,285,3248,0.9947660098522167,0.9959975369458128,0.9978448275862069,0.9948979591836735,1.0,0.00510204081632653
test,286,3249,0.6112650046168052,0.6115727916281933,0.6161895967990151,0.596938775510204,0.596938775510204,0.0
test,287,1412,0.7252124645892352,0.7011331444759207,0.7046742209631728,0.7261904761904762,0.75,0.38095238095238093
test,288,3249,0.847953216374269,0.8688827331486612,0.8568790397045245,0.8673469387755102,0.8571428571428572,0.29081632653061223
test,289,1117,0.8200537153088631,0.8504923903312444,0.8460161145926589,0.8615384615384616,0.8923076923076922,0.13846153846153847
test,290,3249,1.0,1.0,1.0,1.0,1.0,0.0
test,291,3249,0.7974761465066175,0.7848568790397045,0.7774699907663897,0.826530612244898,0.8010204081632653,0.1836734693877551
test,292,3249,1.0,1.0,1.0,1.0,1.0,0.0
test,293,1516,0.7605540897097626,0.7658311345646438,0.7645118733509235,0.7415730337078652,0.7640449438202247,0.12359550561797752
test,294,3248,0.9073275862068966,0.9350369458128078,0.9331896551724138,0.9591836734693877,0.9591836734693877,0.2755102040816326
test,295,2204,0.9423774954627949,0.9664246823956443,0.9596188747731398,0.9461538461538461,0.9615384615384616,0.07692307692307693
test,296,2624,0.8776676829268293,0.8582317073170732,0.8559451219512195,0.8930817610062893,0.8867924528301887,0.27672955974842767
test,297,3249,0.9969221298861188,0.9963065558633426,0.9969221298861188,1.0,1.0,0.00510204081632653
test,298,3249,0.9215143120960295,0.9427516158818098,0.9369036626654356,0.9489795918367347,0.9591836734693877,0.20918367346938777
test,299,3249,0.9242843951985226,0.9338257925515543,0.9233610341643582,0.9795918367346939,0.9693877551020408,0.25
test,300,3249,0.8516466605109264,0.8664204370575562,0.8621114188981225,0.8520408163265306,0.846938775510204,0.32653061224489793
test,301,3249,0.8741151123422591,0.8999692212988611,0.8935056940597107,0.9132653061224489,0.8775510204081632,0.3163265306122449
test,302,3249,0.9572176054170514,0.9763004001231148,0.9547553093259464,0.9744897959183674,0.9591836734693877,0.12755102040816327
test,303,3249,0.9895352416128039,0.992305324715297,0.9904586026469683,0.9948979591836735,1.0,0.025510204081632654
test,304,3249,1.0,1.0,1.0,1.0,1.0,0.0
test,305,3249,0.9744536780547861,0.9763004001231148,0.976915974145891,0.9744897959183674,0.9897959183673469,0.05612244897959184
test,306,3249,0.994767620806402,0.997229916897507,0.9987688519544475,0.9948979591836735,0.9948979591836735,0.01020408163265306
test,307,3249,0.8775007694675284,0.9036626654355187,0.894429055093875,0.8877551020408163,0.9132653061224489,0.25510204081632654
test,308,2558,0.8956215793588741,0.9265050820953871,0.9288506645817045,0.922077922077922,0.9090909090909091,0.2532467532467532
test,309,1066,0.6904315196998124,0.7363977485928705,0.7148217636022514,0.6875,0.6875,0.171875
test,310,3243,0.9821153253160654,0.9855072463768116,0.9851988899167438,0.9795918367346939,0.9795918367346939,0.05102040816326531
test,311,3249,0.9365958756540474,0.9390581717451524,0.9365958756540474,0.9489795918367347,0.9591836734693877,0.16326530612244897
test,312,3245,0.9852080123266564,0.9972265023112481,1.0,0.9846938775510204,0.9948979591836735,0.0
test,313,3249,0.9978454909202832,0.9978454909202832,0.9978454909202832,1.0,1.0,0.00510204081632653
test,314,3249,0.9476762080640198,0.9572176054170514,0.966451215758695,0.9540816326530612,0.9489795918367347,0.061224489795918366
test,315,3249,0.9344413665743305,0.9270544783010157,0.9236688211757463,0.9591836734693877,0.9438775510204082,0.1377551020408163
test,316,3249,0.9932286857494613,0.9941520467836257,0.9944598337950139,0.9948979591836735,0.9948979591836735,0.015306122448979591
test,317,3249,0.8805786395814097,0.8919667590027701,0.8885811018775007,0.8979591836734694,0.8520408163265306,0.28061224489795916
test,318,3249,0.9975377039088951,0.9975377039088951,0.9975377039088951,1.0,1.0,0.00510204081632653
test,319,3249,0.9689135118497999,0.9886118805786396,0.9892274546014158,0.9897959183673469,0.9693877551020408,0.10714285714285714
test,320,3249,0.9476762080640198,0.9679901508156356,0.9495229301323485,0.9642857142857143,0.9540816326530612,0.14285714285714285
test,321,3237,0.9922767995057151,0.9981464318813716,0.9993821439604572,1.0,0.9948717948717949,0.02564102564102564
test,322,3249,0.9012003693444137,0.9313634964604494,0.9424438288704217,0.9132653061224489,0.9438775510204082,0.17346938775510204
test,323,3249,0.9347491535857186,0.9452139119729147,0.9313634964604494,0.9387755102040817,0.9081632653061225,0.15306122448979592
test,324,3249,0.9987688519544475,1.0,1.0,1.0,1.0,0.0
test,325,3249,0.9682979378270237,0.9892274546014158,0.9824561403508771,0.9795918367346939,0.9897959183673469,0.05102040816326531
test,326,3249,0.8694983071714374,0.9205909510618652,0.9156663588796553,0.9285714285714286,0.923469387755102,0.3520408163265306
test,327,3249,0.9883040935672515,0.992305324715297,0.9895352416128039,0.9897959183673469,0.9897959183673469,0.02040816326530612
test,328,3249,0.9575253924284395,0.9747614650661742,0.9704524469067405,0.9693877551020408,0.9795918367346939,0.09693877551020408
test,329,2274,0.9547053649956024,0.9700967458223395,0.9586631486367634,0.950354609929078,0.9645390070921985,0.0425531914893617
test,330,38,1.0,1.0,1.0,1.0,1.0,0.0
test,331,3249,0.9141274238227147,0.9449061249615266,0.9602954755309326,0.9489795918367347,0.9540816326530612,0.24489795918367346
test,332,3249,0.9803016312711603,0.9941520467836257,0.9981532779316713,0.9846938775510204,0.9846938775510204,0.04081632653061224
test,333,3249,0.9596799015081564,0.9689135118497999,0.9750692520775623,0.9795918367346939,0.9795918367346939,0.12244897959183673
test,334,3249,0.9815327793167128,0.9935364727608494,0.9963065558633426,0.9846938775510204,0.9948979591836735,0.01020408163265306
test,335,3249,0.9895352416128039,0.9929208987380732,0.9969221298861188,0.9897959183673469,1.0,0.01020408163265306
test,336,3249,0.9815327793167128,0.9879963065558633,0.9818405663281009,0.9897959183673469,0.9948979591836735,0.05102040816326531
test,337,3249,0.992305324715297,0.9932286857494613,0.9935364727608494,0.9897959183673469,0.9897959183673469,0.01020408163265306
test,338,3249,0.9984610649430594,0.9984610649430594,0.9984610649430594,1.0,1.0,0.01020408163265306
test,339,3249,0.9996922129886119,0.9990766389658357,0.9996922129886119,1.0,1.0,0.0
test,340,3249,0.9439827639273622,0.9621421975992613,0.961218836565097,0.9642857142857143,0.9744897959183674,0.09693877551020408
test,341,2907,0.3790849673202614,0.38562091503267976,0.3804609563123495,0.3828571428571429,0.37142857142857144,0.38857142857142857
test,342,3249,0.9953831948291783,0.9963065558633426,0.997229916897507,1.0,1.0,0.015306122448979591
test,343,3249,0.9827639273622654,0.9901508156355802,0.9889196675900277,0.9948979591836735,0.9897959183673469,0.05102040816326531
test,344,3249,0.997229916897507,0.9953831948291783,0.997229916897507,1.0,1.0,0.01020408163265306
test,345,3246,0.9975354282193469,0.9993838570548367,0.9987677141096735,1.0,1.0,0.00510204081632653
test,346,3249,0.9756848261003386,0.9886118805786396,0.9750692520775623,0.9948979591836735,0.9795918367346939,0.07653061224489796
test,347,3247,0.9199260856174931,0.9497998152140438,0.9384046812442255,0.923469387755102,0.923469387755102,0.17346938775510204
test,348,3249,0.987072945521699,0.9953831948291783,0.9969221298861188,0.9948979591836735,0.9948979591836735,0.03571428571428571
test,349,3249,0.9292089873807325,0.9458294859956909,0.9421360418590335,0.9336734693877551,0.9489795918367347,0.1326530612244898
test,350,3249,0.9932286857494613,0.9953831948291783,0.9932286857494613,1.0,1.0,0.02040816326530612
test,351,3036,0.8461791831357048,0.8554018445322793,0.8527667984189723,0.8870967741935484,0.8763440860215054,0.34408602150537637
test,352,3249,0.9661434287473069,0.9812249923053247,0.989843028624192,0.9642857142857143,0.9846938775510204,0.061224489795918366
test,353,3249,1.0,1.0,1.0,1.0,1.0,0.0
test,354,2612,0.9992343032159265,0.9992343032159265,0.9992343032159265,1.0,1.0,0.00625
test,355,3249,0.9658356417359187,0.9756848261003386,0.9707602339181286,0.9642857142857143,0.9642857142857143,0.015306122448979591
test,356,3249,0.9932286857494613,0.9981532779316713,0.9981532779316713,0.9948979591836735,0.9948979591836735,0.00510204081632653
test,357,3249,0.8036318867343798,0.8424130501692828,0.8365650969529086,0.8010204081632653,0.8418367346938775,0.1377551020408163
test,358,3249,0.6783625730994152,0.6626654355186211,0.672514619883041,0.6734693877551021,0.6683673469387755,0.2602040816326531
test,359,3249,0.9550630963373345,0.9649122807017544,0.9566020313942751,0.9642857142857143,0.9693877551020408,0.12755102040816327
test,360,3249,0.9969221298861188,0.9984610649430594,0.9993844259772238,0.9948979591836735,0.9948979591836735,0.01020408163265306
test,361,3249,0.997229916897507,0.9975377039088951,0.9978454909202832,1.0,1.0,0.015306122448979591
test,362,3027,0.9289725801123224,0.9573835480673935,0.9669639907499175,0.9289617486338798,0.9562841530054644,0.03825136612021858
test,363,3249,0.9670667897814712,0.9744536780547861,0.9695290858725761,0.9846938775510204,0.9948979591836735,0.10204081632653061
test,364,3244,0.998766954377312,0.998766954377312,0.998766954377312,1.0,1.0,0.01020408163265306
test,365,3249,0.9950754078177901,1.0,1.0,1.0,1.0,0.0
test,366,3245,0.9864406779661017,0.9790446841294299,0.9796610169491525,1.0,0.9948979591836735,0.05102040816326531
test,367,3249,0.8959679901508156,0.9267466912896276,0.930440135426285,0.9489795918367347,0.9336734693877551,0.2755102040816326
test,368,3249,0.9427516158818098,0.9738381040320099,0.9855340104647584,0.9846938775510204,0.9489795918367347,0.1836734693877551
test,369,2094,1.0,1.0,1.0,1.0,1.0,0.0
test,370,3249,0.9599876885195445,0.9729147429978455,0.9689135118497999,0.9642857142857143,0.9642857142857143,0.09183673469387756
test,371,3249,0.8941212680824869,0.9067405355493998,0.9076638965835642,0.9591836734693877,0.9183673469387755,0.32653061224489793
test,372,3249,0.9264389042782395,0.9566020313942751,0.956294244382887,0.923469387755102,0.9846938775510204,0.025510204081632654
test,373,3249,0.9215143120960295,0.9458294859956909,0.9409048938134811,0.9336734693877551,0.9693877551020408,0.1989795918367347
test,374,3249,0.9963065558633426,0.9966143428747307,0.9963065558633426,1.0,1.0,0.00510204081632653
test,375,3249,0.992305324715297,0.9969221298861188,0.9978454909202832,0.9948979591836735,0.9897959183673469,0.025510204081632654
test,376,3249,0.891658971991382,0.9196675900277008,0.8965835641735919,0.9336734693877551,0.8979591836734694,0.33163265306122447
test,377,2111,0.9981051634296542,0.9981051634296542,0.9981051634296542,1.0,1.0,0.007633587786259542
test,378,3249,0.9399815327793167,0.961218836565097,0.9532163742690059,0.9795918367346939,0.9489795918367347,0.22448979591836735
test,379,3249,0.9138196368113266,0.9221298861188058,0.9208987380732533,0.9336734693877551,0.9132653061224489,0.22448979591836735
test,380,3249,0.9239766081871345,0.951061865189289,0.951061865189289,0.9642857142857143,0.9387755102040817,0.23979591836734693
test,381,3249,0.9556786703601108,0.9796860572483841,0.9735303170206218,0.9846938775510204,0.9693877551020408,0.15306122448979592
test,382,3249,0.9919975377039089,0.9959987688519545,0.9938442597722376,0.9948979591836735,0.9948979591836735,0.025510204081632654
test,383,3249,0.9959987688519545,0.9993844259772238,0.9996922129886119,0.9948979591836735,0.9948979591836735,0.01020408163265306
test,384,3249,0.8971991381963681,0.9375192366882118,0.9396737457679286,0.8979591836734694,0.9438775510204082,0.15306122448979592
test,385,3249,0.9479839950754079,0.9719913819636812,0.9698368728839643,0.9846938775510204,0.9693877551020408,0.17346938775510204
test,386,3249,0.9618344105878732,0.9799938442597722,0.9864573714989228,0.9642857142857143,0.9744897959183674,0.0
test,387,3249,0.9772237611572792,0.9932286857494613,0.9975377039088951,0.9948979591836735,0.9846938775510204,0.0663265306122449
test,388,2132,0.7668855534709194,0.7781425891181989,0.7570356472795498,0.7692307692307692,0.7384615384615385,0.16923076923076924
test,389,3249,0.9886118805786396,0.992305324715297,0.9913819636811326,0.9897959183673469,1.0,0.025510204081632654
test,390,1796,0.9899777282850779,0.9988864142538976,0.9988864142538976,0.9906542056074766,1.0,0.0
test,391,3249,0.039396737457679284,0.029855340104647583,0.0221606648199446,0.0357142857142857,0.0357142857142857,0.0
test,392,3245,0.9466872110939908,0.9624036979969184,0.9596302003081664,0.9591836734693877,0.9438775510204082,0.14795918367346939
test,393,3249,0.997229916897507,0.9969221298861188,0.997229916897507,0.9948979591836735,0.9948979591836735,0.00510204081632653
test,394,3249,0.9913819636811326,0.9919975377039089,0.9913819636811326,1.0,1.0,0.025510204081632654
test,395,3249,0.9584487534626038,0.9584487534626038,0.9584487534626038,0.9591836734693877,0.9591836734693877,0.05612244897959184
test,396,2933,0.9819297647459939,0.993181043300375,0.9935219911353563,0.9832402234636871,1.0,0.05027932960893855
test,397,3246,0.9383857054836722,0.9648798521256932,0.9682686383240912,0.9438775510204082,0.9489795918367347,0.14285714285714285
test,398,3249,0.9824561403508771,0.992305324715297,0.9873807325330871,0.9846938775510204,0.9846938775510204,0.04081632653061224
test,399,3249,0.9522930132348415,0.9609110495537089,0.9522930132348415,0.9642857142857143,0.9489795918367347,0.12244897959183673
test,400,3249,0.9495229301323485,0.9667590027700831,0.961218836565097,0.9693877551020408,0.9846938775510204,0.11224489795918367
test,401,3249,0.9282856263465682,0.9470606340412434,0.9461372730070791,0.9387755102040817,0.9540816326530612,0.12244897959183673
test,402,2850,0.9052631578947369,0.9084210526315789,0.9129824561403509,0.9352941176470588,0.9176470588235294,0.19411764705882353
test,403,3249,0.9763004001231148,0.9916897506925207,0.9916897506925207,0.9948979591836735,0.9897959183673469,0.061224489795918366
test,404,3249,0.9929208987380732,0.9963065558633426,0.994767620806402,1.0,1.0,0.02040816326530612
test,405,3249,0.9719913819636812,0.9719913819636812,0.9719913819636812,0.9693877551020408,0.9693877551020408,0.015306122448979591
test,406,3249,0.9402893197907048,0.9516774392120653,0.9526008002462296,0.9795918367346939,0.9642857142857143,0.17346938775510204
test,407,55,0.9272727272727272,0.8727272727272727,1.0,1.0,1.0,0.0
test,408,3056,0.9273560209424084,0.9401178010471204,0.9404450261780105,0.9408602150537635,0.9516129032258065,0.13440860215053763
test,409,3249,0.8993536472760849,0.9113573407202216,0.9338257925515543,0.9081632653061225,0.9387755102040817,0.0663265306122449
test,410,3249,0.9815327793167128,0.9883040935672515,0.9864573714989228,0.9744897959183674,0.9795918367346939,0.04591836734693878
test,411,3249,0.9113573407202216,0.9501385041551247,0.9516774392120653,0.9132653061224489,0.9642857142857143,0.08673469387755102
test,412,398,0.8065326633165829,0.7613065326633166,0.7864321608040201,0.8333333333333334,0.8333333333333334,0.041666666666666664
test,413,3249,0.9950754078177901,0.9996922129886119,1.0,0.9948979591836735,1.0,0.0
test,414,3249,0.9969221298861188,0.9981532779316713,0.9987688519544475,0.9948979591836735,0.9948979591836735,0.00510204081632653
test,415,3249,0.8688827331486612,0.8941212680824869,0.8771929824561403,0.8979591836734694,0.8673469387755102,0.21428571428571427
test,416,3249,1.0,1.0,1.0,1.0,1.0,0.0
test,417,3249,0.9993844259772238,0.9993844259772238,0.9993844259772238,1.0,1.0,0.00510204081632653
test,418,3249,0.9055093875038474,0.9172052939365959,0.9036626654355187,0.9540816326530612,0.9438775510204082,0.2602040816326531
test,419,3246,0.9494762784966112,0.9670363524337646,0.9654959950708565,0.9795918367346939,0.9693877551020408,0.14285714285714285
test,420,3249,0.9858417974761465,0.9883040935672515,0.9849184364419822,0.9897959183673469,0.9897959183673469,0.04081632653061224
test,421,3249,0.9910741766697445,0.9910741766697445,0.9910741766697445,1.0,1.0,0.015306122448979591
test,422,2998,0.9796531020680453,0.9799866577718479,0.9749833222148099,0.989247311827957,0.989247311827957,0.04838709677419355
test,423,3249,0.9495229301323485,0.9630655586334257,0.9569098184056632,0.9540816326530612,0.9693877551020408,0.1326530612244898
test,424,3248,0.9984605911330049,0.9987684729064039,0.9987684729064039,1.0,1.0,0.00510204081632653
test,425,3249,0.7359187442289935,0.7349953831948292,0.7174515235457064,0.7295918367346939,0.6785714285714286,0.5969387755102041
test,426,3249,1.0,1.0,1.0,1.0,1.0,0.0
test,427,3249,0.976915974145891,0.9812249923053247,0.9778393351800554,0.9846938775510204,0.9795918367346939,0.0663265306122449
test,428,3249,0.9079716835949523,0.9258233302554633,0.9156663588796553,0.8826530612244898,0.9336734693877551,0.11734693877551021
test,429,3249,1.0,1.0,1.0,1.0,1.0,0.0
test,430,3249,0.9932286857494613,0.997229916897507,0.9941520467836257,1.0,0.9948979591836735,0.02040816326530612
test,431,3249,0.9969221298861188,0.9993844259772238,0.9981532779316713,0.9948979591836735,1.0,0.00510204081632653
test,432,3249,0.9883040935672515,0.9929208987380732,0.9932286857494613,0.9897959183673469,1.0,0.015306122448979591
test,433,3249,0.9378270236995999,0.9464450600184672,0.9501385041551247,0.9540816326530612,0.9489795918367347,0.10204081632653061
test,434,3249,1.0,1.0,1.0,1.0,1.0,0.0
test,435,3249,1.0,1.0,1.0,1.0,1.0,0.0
test,436,3249,0.9590643274853801,0.9670667897814712,0.9646044936903663,0.9795918367346939,0.9744897959183674,0.10204081632653061
test,437,3249,0.9910741766697445,0.9926131117266851,0.9879963065558633,0.9897959183673469,0.9897959183673469,0.025510204081632654
test,438,3195,0.9746478873239437,0.9821596244131455,0.9802816901408451,0.9689119170984456,0.9792746113989638,0.05181347150259067
test,439,3248,0.8888546798029556,0.9141009852216748,0.9193349753694581,0.8928571428571429,0.8928571428571429,0.21428571428571427
test,440,3105,1.0,1.0,1.0,1.0,1.0,0.0
test,441,3249,1.0,1.0,1.0,1.0,1.0,0.0
test,442,3249,1.0,1.0,1.0,1.0,1.0,0.0
test,443,3249,0.7288396429670668,0.7085257002154509,0.706063404124346,0.7244897959183674,0.7091836734693877,0.10204081632653061
test,444,1224,0.9640522875816994,0.9746732026143791,0.9763071895424836,0.971830985915493,0.9859154929577465,0.0
test,445,3249,0.997229916897507,0.9981532779316713,0.997229916897507,1.0,1.0,0.01020408163265306
test,446,3249,0.9941520467836257,0.9938442597722376,0.9953831948291783,1.0,1.0,0.025510204081632654
test,447,3242,0.9167180752621839,0.9207279457125231,0.9216533004318322,0.9183673469387755,0.923469387755102,0.01020408163265306
test,448,3249,0.9824561403508771,0.9824561403508771,0.9824561403508771,0.9897959183673469,0.9897959183673469,0.04081632653061224
test,449,3249,0.951061865189289,0.951061865189289,0.951061865189289,0.9438775510204082,0.9438775510204082,0.0663265306122449
test,450,3249,0.9938442597722376,0.9963065558633426,0.994767620806402,0.9948979591836735,0.9948979591836735,0.015306122448979591
test,451,3249,0.9849184364419822,0.9886118805786396,0.9966143428747307,0.9846938775510204,0.9846938775510204,0.0
test,452,3249,0.9963065558633426,0.9963065558633426,0.9963065558633426,1.0,1.0,0.015306122448979591
test,453,3249,0.9501385041551247,0.9701446598953524,0.9698368728839643,0.9540816326530612,0.9642857142857143,0.08163265306122448
test,454,3249,0.9849184364419822,0.9910741766697445,0.994767620806402,0.9846938775510204,1.0,0.01020408163265306
test,455,3249,0.9852262234533703,0.9904586026469683,0.9852262234533703,0.9795918367346939,0.9948979591836735,0.015306122448979591
test,456,3249,0.989843028624192,0.9938442597722376,0.9916897506925207,0.9948979591836735,0.9948979591836735,0.015306122448979591
test,457,3249,1.0,1.0,1.0,1.0,1.0,0.0
test,458,3249,0.9919975377039089,0.9959987688519545,0.9919975377039089,0.9948979591836735,0.9897959183673469,0.025510204081632654
test,459,3249,0.9507540781779009,0.951061865189289,0.9489073561095722,0.9591836734693877,0.9489795918367347,0.025510204081632654
test,460,3249,0.9015081563558018,0.9181286549707602,0.9159741458910434,0.9336734693877551,0.9285714285714286,0.25
test,461,3195,0.9151799687010954,0.9311424100156495,0.9489827856025039,0.9278350515463918,0.9329896907216495,0.05154639175257732
test,462,3245,0.9784283513097073,0.986748844375963,0.9784283513097073,0.9948979591836735,0.9897959183673469,0.07653061224489796
test,463,3069,0.9807754969045291,0.9824046920821115,0.9814271749755621,0.9837837837837837,0.9945945945945946,0.010810810810810811
test,464,3249,0.9495229301323485,0.9636811326562019,0.9584487534626038,0.9948979591836735,0.9897959183673469,0.16326530612244897
test,465,3249,0.9679901508156356,0.9806094182825484,0.9799938442597722,0.9897959183673469,0.9693877551020408,0.10714285714285714
test,466,957,1.0,1.0,1.0,1.0,1.0,0.0
test,467,3249,0.9766081871345029,0.9916897506925207,0.9956909818405664,0.9795918367346939,0.9744897959183674,0.0663265306122449
test,468,3249,0.9812249923053247,0.9846106494305941,0.9879963065558633,0.9948979591836735,0.9846938775510204,0.04081632653061224
test,469,3249,0.8904278239458295,0.920283164050477,0.9076638965835642,0.8826530612244898,0.903061224489796,0.17346938775510204
test,470,3249,0.8864265927977839,0.922745460141582,0.9190520160049246,0.9489795918367347,0.9183673469387755,0.3469387755102041
test,471,2278,0.9451273046532046,0.9525899912203687,0.9490781387181738,0.9568345323741008,0.935251798561151,0.10071942446043165
test,472,3249,0.9347491535857186,0.9729147429978455,0.9569098184056632,0.9336734693877551,0.9744897959183674,0.08673469387755102
test,473,3249,0.9987688519544475,0.9987688519544475,0.9987688519544475,1.0,1.0,0.00510204081632653
test,474,3249,0.9966143428747307,0.9978454909202832,0.9966143428747307,1.0,1.0,0.01020408163265306
test,475,3249,0.9310557094490612,0.9332102185287781,0.9359803016312711,0.9438775510204082,0.9183673469387755,0.14285714285714285
test,476,3249,0.5752539242843951,0.572176054170514,0.5709449061249615,0.5561224489795918,0.5561224489795918,0.2653061224489796
test,477,3240,0.9188271604938272,0.9324074074074075,0.9299382716049382,0.9744897959183674,0.9591836734693877,0.25510204081632654
test,478,3249,0.9966143428747307,0.9966143428747307,0.9966143428747307,1.0,1.0,0.015306122448979591
test,479,3249,0.9886118805786396,0.9935364727608494,0.9950754078177901,1.0,0.9948979591836735,0.030612244897959183
test,480,3249,0.6251154201292706,0.605724838411819,0.6091104955370883,0.6173469387755102,0.6224489795918368,0.05102040816326531
test,481,3249,0.9907663896583564,0.992305324715297,0.9950754078177901,0.9897959183673469,0.9948979591836735,0.01020408163265306
test,482,3249,0.940597106802093,0.9618344105878732,0.9569098184056632,0.9693877551020408,0.9744897959183674,0.15306122448979592
test,483,1945,0.9547557840616967,0.9758354755784062,0.9634961439588688,0.9473684210526316,0.9298245614035088,0.08771929824561403
test,484,3249,0.9107417666974453,0.9378270236995999,0.9436749769159741,0.9183673469387755,0.8979591836734694,0.2193877551020408
test,485,3249,0.9190520160049246,0.940597106802093,0.9372114496768237,0.9438775510204082,0.9540816326530612,0.1377551020408163
test,486,2734,1.0,1.0,1.0,1.0,1.0,0.0
test,487,3249,0.9763004001231148,0.9861495844875346,0.9778393351800554,0.9795918367346939,0.9846938775510204,0.05102040816326531
test,488,3249,0.9442905509387504,0.9735303170206218,0.9818405663281009,0.9693877551020408,0.9591836734693877,0.14795918367346939
test,489,3249,0.853185595567867,0.8467220683287165,0.8436441982148354,0.8571428571428572,0.8163265306122449,0.23469387755102042
test,490,3249,0.9953831948291783,0.9978454909202832,0.9966143428747307,0.9948979591836735,1.0,0.015306122448979591
test,491,3249,0.9984610649430594,0.9987688519544475,0.9984610649430594,1.0,1.0,0.0
test,492,3247,0.8364644287034185,0.8657222051124115,0.8614105327995072,0.8571428571428572,0.8520408163265306,0.25
test,493,3241,0.9873495834618945,0.9898179574205492,0.9913606911447084,0.9897959183673469,0.9897959183673469,0.030612244897959183
test,494,3249,0.9883040935672515,0.9873807325330871,0.9883040935672515,0.9897959183673469,1.0,0.00510204081632653
test,495,3249,0.9618344105878732,0.9618344105878732,0.9618344105878732,0.9642857142857143,0.9642857142857143,0.07142857142857142
test,496,3249,0.907356109572176,0.940597106802093,0.9110495537088334,0.9642857142857143,0.9489795918367347,0.2653061224489796
test,497,3042,0.9858645627876397,0.9898093359631821,0.9898093359631821,0.9946236559139785,0.9946236559139785,0.04838709677419355
test,498,3249,0.9759926131117267,0.9907663896583564,0.9855340104647584,0.9744897959183674,0.9948979591836735,0.061224489795918366
test,499,3249,0.9350569405971068,0.9492151431209603,0.9519852262234534,0.9489795918367347,0.9642857142857143,0.11224489795918367
test,500,3249,0.7953216374269005,0.817174515235457,0.8137888581101878,0.8010204081632653,0.8010204081632653,0.15306122448979592
test,501,3249,0.8895044629116651,0.9156663588796553,0.9122807017543859,0.9489795918367347,0.9336734693877551,0.336734693877551
test,502,3249,0.8245614035087719,0.8356417359187442,0.8251769775315482,0.8367346938775511,0.8316326530612245,0.3877551020408163
test,503,3249,0.9199753770390889,0.9452139119729147,0.9322868574946137,0.9336734693877551,0.9387755102040817,0.1377551020408163
test,504,3249,1.0,1.0,1.0,1.0,1.0,0.0
test,505,3249,0.9766081871345029,0.9950754078177901,0.9941520467836257,1.0,0.9846938775510204,0.07653061224489796
test,506,3249,0.976915974145891,0.9864573714989228,0.9873807325330871,0.9795918367346939,0.9948979591836735,0.05612244897959184
test,507,3249,0.9021237303785781,0.9039704524469068,0.8971991381963681,0.9183673469387755,0.9081632653061225,0.10204081632653061
test,508,3249,1.0,1.0,1.0,1.0,1.0,0.0
test,509,3249,0.9162819329024315,0.9476762080640198,0.9298245614035088,0.9132653061224489,0.923469387755102,0.1683673469387755
test,510,3249,0.9963065558633426,0.9981532779316713,0.9975377039088951,1.0,1.0,0.01020408163265306
test,511,3249,0.9969221298861188,0.997229916897507,0.9978454909202832,1.0,1.0,0.015306122448979591
test,512,3249,0.9245921822099108,0.9399815327793167,0.9455216989843028,0.9489795918367347,0.9285714285714286,0.19387755102040816
test,513,3247,0.9769017554665845,0.9842931937172775,0.9861410532799507,0.9897959183673469,0.9846938775510204,0.07142857142857142
test,514,3249,0.9855340104647584,0.9855340104647584,0.9855340104647584,0.9897959183673469,0.9897959183673469,0.025510204081632654
test,515,3249,0.9735303170206218,0.9799938442597722,0.9778393351800554,0.9795918367346939,0.9846938775510204,0.05102040816326531
test,516,3249,0.9556786703601108,0.9649122807017544,0.9590643274853801,0.9693877551020408,0.9744897959183674,0.1377551020408163
test,517,3249,0.9104339796860572,0.9418282548476454,0.9572176054170514,0.9183673469387755,0.9693877551020408,0.05612244897959184
test,518,3249,0.9824561403508771,0.9901508156355802,0.9892274546014158,0.9897959183673469,0.9948979591836735,0.030612244897959183
test,519,3249,0.8845798707294552,0.912588488765774,0.8935056940597107,0.8877551020408163,0.923469387755102,0.22448979591836735
test,520,3249,0.9935364727608494,0.9978454909202832,0.9984610649430594,0.9948979591836735,1.0,0.01020408163265306
test,521,3249,0.9273622653124038,0.9485995690981841,0.9547553093259464,0.9642857142857143,0.9540816326530612,0.19387755102040816
test,522,3160,0.9841772151898734,0.9933544303797468,0.9984177215189873,0.9842931937172775,1.0,0.0
test,523,3249,0.9556786703601108,0.979378270236996,0.9849184364419822,0.9744897959183674,0.9489795918367347,0.14795918367346939
test,524,3249,0.9658356417359187,0.9784549092028316,0.9809172052939366,0.9846938775510204,0.9744897959183674,0.07653061224489796
test,525,3249,1.0,1.0,1.0,1.0,1.0,0.0
test,526,3249,0.9676823638042474,0.987072945521699,0.9932286857494613,0.9693877551020408,1.0,0.04081632653061224
test,527,3249,0.9926131117266851,0.9959987688519545,0.9938442597722376,1.0,0.9948979591836735,0.02040816326530612
test,528,3249,0.943367189904586,0.9652200677131425,0.9670667897814712,0.9438775510204082,0.9693877551020408,0.1326530612244898
test,529,3249,0.9944598337950139,0.9966143428747307,0.9966143428747307,0.9948979591836735,0.9948979591836735,0.015306122448979591
test,530,3249,0.8771929824561403,0.9181286549707602,0.912588488765774,0.9489795918367347,0.9285714285714286,0.32142857142857145
test,531,3247,0.9171542962734832,0.9214659685863874,0.9236218047428395,0.9693877551020408,0.9693877551020408,0.23979591836734693
test,532,3249,1.0,1.0,1.0,1.0,1.0,0.0
test,533,3249,0.9879963065558633,0.9953831948291783,0.9953831948291783,0.9897959183673469,0.9948979591836735,0.015306122448979591
test,534,3249,1.0,1.0,1.0,1.0,1.0,0.0
test,535,3249,0.9670667897814712,0.9738381040320099,0.9670667897814712,0.9744897959183674,0.9795918367346939,0.05102040816326531
test,536,3249,0.943367189904586,0.9652200677131425,0.956294244382887,0.9438775510204082,0.9336734693877551,0.08673469387755102
test,537,3249,0.984302862419206,0.9901508156355802,0.9892274546014158,0.9897959183673469,0.9948979591836735,0.015306122448979591
test,538,3249,0.9667590027700831,0.9735303170206218,0.9738381040320099,0.9693877551020408,0.9693877551020408,0.04591836734693878
test,539,3249,0.9759926131117267,0.9824561403508771,0.9759926131117267,0.9744897959183674,0.9795918367346939,0.03571428571428571
test,540,3249,0.9575253924284395,0.9679901508156356,0.966451215758695,0.9642857142857143,0.9540816326530612,0.08163265306122448
test,541,3249,0.9830717143736535,0.9950754078177901,0.9975377039088951,0.9846938775510204,0.9846938775510204,0.05102040816326531
test,542,1687,0.995850622406639,0.997036158861885,0.997036158861885,1.0,1.0,0.0
test,543,3249,1.0,1.0,1.0,1.0,1.0,0.0
test,544,2605,0.9259117082533589,0.9527831094049904,0.9232245681381958,0.9622641509433962,0.9433962264150944,0.20754716981132076
test,545,1025,0.704390243902439,0.7209756097560975,0.7180487804878048,0.746031746031746,0.746031746031746,0.09523809523809523
test,546,2957,0.9810618870476835,0.9932363882313155,0.9962800135272235,0.9831460674157303,1.0,0.0056179775280898875
test,547,3249,0.9495229301323485,0.979378270236996,0.9569098184056632,0.9795918367346939,0.9642857142857143,0.1326530612244898
test,548,206,1.0,1.0,1.0,1.0,1.0,0.0
test,549,3249,0.9141274238227147,0.9399815327793167,0.9172052939365959,0.9591836734693877,0.9489795918367347,0.24489795918367346
test,550,3249,0.9926131117266851,0.9919975377039089,0.9926131117266851,0.9897959183673469,0.9897959183673469,0.02040816326530612
test,551,3198,0.9043151969981238,0.9080675422138836,0.9036898061288305,0.9432989690721649,0.9020618556701031,0.2268041237113402
test,552,3249,0.994767620806402,0.9996922129886119,0.9996922129886119,0.9948979591836735,0.9948979591836735,0.0
test,553,3249,0.9513696522006772,0.9655278547245306,0.96398891966759,0.9489795918367347,0.9642857142857143,0.07142857142857142
test,554,3249,0.958756540473992,0.9686057248384118,0.9630655586334257,0.9642857142857143,0.9642857142857143,0.07653061224489796
test,555,2470,0.9558704453441296,0.9623481781376518,0.9562753036437247,0.9536423841059603,0.9668874172185431,0.052980132450331126
test,556,3249,0.917513080947984,0.9538319482917821,0.9390581717451524,0.9336734693877551,0.923469387755102,0.14795918367346939
test,557,3249,0.9987688519544475,0.9981532779316713,0.9987688519544475,1.0,1.0,0.0
test,558,3247,0.9929165383430859,0.9972282106559901,0.9953803510933169,0.9897959183673469,1.0,0.01020408163265306
test,559,3249,0.845183133271776,0.8565712526931364,0.8544167436134195,0.8673469387755102,0.8724489795918368,0.22448979591836735
test,560,3166,0.9914718888186986,0.9955780164245104,0.9990524320909665,0.9895833333333334,0.9895833333333334,0.010416666666666666
test,561,3249,0.9938442597722376,0.9975377039088951,0.9981532779316713,1.0,0.9948979591836735,0.02040816326530612
test,562,3249,0.8808864265927978,0.9052016004924592,0.904586026469683,0.8826530612244898,0.8928571428571429,0.20918367346938777
test,563,3249,1.0,1.0,1.0,1.0,1.0,0.0
test,564,3249,0.9572176054170514,0.9609110495537089,0.9578331794398276,0.9489795918367347,0.9540816326530612,0.04081632653061224
test,565,3249,1.0,1.0,1.0,1.0,1.0,0.0
test,566,3249,0.9184364419821484,0.9248999692212989,0.9199753770390889,0.9540816326530612,0.9642857142857143,0.24489795918367346
test,567,3209,0.9460891243377999,0.9510751012776566,0.9460891243377999,0.9639175257731959,0.9639175257731959,0.09278350515463918
test,568,3249,0.9652200677131425,0.9698368728839643,0.9627577716220376,0.9795918367346939,0.9846938775510204,0.061224489795918366
test,569,2548,0.9218995290423861,0.945447409733124,0.957221350078493,0.9215686274509804,0.9281045751633987,0.026143790849673203
test,570,3249,0.9646044936903663,0.979378270236996,0.974145891043398,0.9744897959183674,0.9642857142857143,0.09183673469387756
test,571,2290,0.8934497816593886,0.9126637554585153,0.8925764192139738,0.9370629370629371,0.9230769230769231,0.26573426573426573
test,572,2847,0.9199157007376185,0.934668071654373,0.9455567263786442,0.936046511627907,0.9476744186046512,0.023255813953488372
test,573,3249,0.9978454909202832,0.9975377039088951,0.9984610649430594,1.0,1.0,0.01020408163265306
test,574,3214,0.9825762289981331,0.9825762289981331,0.9825762289981331,0.9846938775510204,0.9846938775510204,0.025510204081632654
test,575,3249,0.9581409664512157,0.9756848261003386,0.9809172052939366,0.9591836734693877,0.9795918367346939,0.030612244897959183
test,576,3249,0.9941520467836257,0.9953831948291783,0.9963065558633426,0.9948979591836735,0.9948979591836735,0.00510204081632653
test,577,1765,0.9864022662889519,0.9954674220963173,0.9954674220963173,0.990909090909091,1.0,0.02727272727272727
test,578,3249,0.997229916897507,0.9993844259772238,0.997229916897507,1.0,1.0,0.01020408163265306
test,579,3249,0.987072945521699,0.9919975377039089,0.9889196675900277,0.9948979591836735,0.9897959183673469,0.03571428571428571
test,580,3249,0.9365958756540474,0.9516774392120653,0.9541397353031702,0.9489795918367347,0.9540816326530612,0.15816326530612246
test,581,3249,0.9427516158818098,0.9436749769159741,0.9476762080640198,0.9489795918367347,0.9336734693877551,0.12244897959183673
test,582,3249,0.9781471221914435,0.9867651585103109,0.9799938442597722,0.9846938775510204,0.9846938775510204,0.05102040816326531
test,583,3248,0.9809113300492611,0.9873768472906403,0.9833743842364532,0.9846938775510204,0.9948979591836735,0.061224489795918366
test,584,3247,0.9929165383430859,0.995072374499538,0.992608561749307,1.0,1.0,0.030612244897959183
test,585,3249,0.9325946445060018,0.9599876885195445,0.9332102185287781,0.9591836734693877,0.9540816326530612,0.14285714285714285
test,586,3249,1.0,1.0,1.0,1.0,1.0,0.0
test,587,3249,0.9926131117266851,0.9981532779316713,0.9944598337950139,0.9897959183673469,0.9897959183673469,0.01020408163265306
test,588,3249,0.9766081871345029,0.9852262234533703,0.9886118805786396,0.9897959183673469,0.9846938775510204,0.07653061224489796
test,589,3249,1.0,1.0,1.0,1.0,1.0,0.0
test,590,3249,0.7820867959372114,0.7873191751308095,0.7848568790397045,0.8010204081632653,0.7755102040816326,0.22448979591836735
test,591,3249,0.930440135426285,0.9316712834718375,0.9307479224376731,0.9387755102040817,0.9285714285714286,0.16326530612244897
test,592,3249,0.9695290858725761,0.9830717143736535,0.976915974145891,0.9846938775510204,0.9846938775510204,0.09183673469387756
test,593,3249,0.9153585718682672,0.9390581717451524,0.9359803016312711,0.9540816326530612,0.9489795918367347,0.23469387755102042
test,594,3249,0.9812249923053247,0.9796860572483841,0.9812249923053247,0.9897959183673469,0.9897959183673469,0.04081632653061224
test,595,3249,0.8236380424746076,0.8541089566020313,0.8399507540781779,0.8673469387755102,0.8826530612244898,0.413265306122449
test,596,3249,0.961218836565097,0.9658356417359187,0.9618344105878732,0.9795918367346939,0.9693877551020408,0.10714285714285714
test,597,3249,0.994767620806402,0.992305324715297,0.9910741766697445,1.0,0.9948979591836735,0.02040816326530612
test,598,2978,0.9748153122901276,0.974479516453996,0.9748153122901276,0.9723756906077348,0.9779005524861879,0.016574585635359115
test,599,3249,0.9027393044013543,0.9224376731301939,0.9273622653124038,0.923469387755102,0.9081632653061225,0.2602040816326531
test,600,3249,0.5383194829178208,0.5149276700523238,0.5130809479839951,0.5306122448979591,0.5102040816326531,0.34183673469387754
test,601,3249,0.9975377039088951,0.9975377039088951,0.9975377039088951,1.0,1.0,0.01020408163265306
test,602,3249,0.9846106494305941,0.992305324715297,0.9932286857494613,0.9897959183673469,1.0,0.030612244897959183
test,603,3249,0.9027393044013543,0.9184364419821484,0.9267466912896276,0.9081632653061225,0.9285714285714286,0.02040816326530612
test,604,3249,0.9701446598953524,0.9815327793167128,0.9796860572483841,0.9795918367346939,0.9642857142857143,0.07653061224489796
test,605,3023,0.9629507112140258,0.9702282500826993,0.9662586834270592,0.9615384615384616,0.9725274725274725,0.04945054945054945
test,606,3249,0.86088027085257,0.8651892890120036,0.853185595567867,0.8775510204081632,0.846938775510204,0.3112244897959184
test,607,3249,0.9655278547245306,0.9759926131117267,0.969221298861188,0.9591836734693877,0.9693877551020408,0.04591836734693878
test,608,3249,0.9329024315173899,0.9541397353031702,0.9532163742690059,0.9642857142857143,0.9540816326530612,0.15816326530612246
test,609,3249,0.891658971991382,0.8845798707294552,0.8805786395814097,0.9132653061224489,0.8877551020408163,0.15816326530612246
test,610,3249,0.943367189904586,0.9652200677131425,0.9566020313942751,0.9693877551020408,0.9693877551020408,0.1377551020408163
test,611,3249,0.9442905509387504,0.9418282548476454,0.9418282548476454,0.9591836734693877,0.9540816326530612,0.11224489795918367
test,612,2822,0.8515237420269313,0.8532955350815025,0.8596739900779589,0.8520710059171598,0.8520710059171598,0.08284023668639054
test,613,3249,0.9895352416128039,0.9963065558633426,0.9993844259772238,0.9897959183673469,0.9897959183673469,0.00510204081632653
test,614,3249,0.9455216989843028,0.948291782086796,0.9418282548476454,0.9387755102040817,0.9285714285714286,0.07142857142857142
test,615,3249,0.9630655586334257,0.9784549092028316,0.9655278547245306,0.9642857142857143,0.9693877551020408,0.0663265306122449
test,616,3249,0.8845798707294552,0.9292089873807325,0.9239766081871345,0.9183673469387755,0.923469387755102,0.32142857142857145
test,617,3249,0.9990766389658357,0.9990766389658357,0.9990766389658357,1.0,1.0,0.00510204081632653
test,618,3249,0.9550630963373345,0.9618344105878732,0.9670667897814712,0.9642857142857143,0.9693877551020408,0.10204081632653061
test,619,3249,0.90181594336719,0.9193598030163127,0.9076638965835642,0.9285714285714286,0.9081632653061225,0.20408163265306123
test,620,3249,1.0,1.0,1.0,1.0,1.0,0.0
test,621,3249,0.9892274546014158,0.9864573714989228,0.9901508156355802,0.9897959183673469,0.9846938775510204,0.030612244897959183
test,622,2725,0.9878899082568807,0.986788990825688,0.9878899082568807,0.9879518072289156,0.9939759036144579,0.018072289156626505
test,623,3249,0.9981532779316713,0.9981532779316713,0.9981532779316713,1.0,1.0,0.00510204081632653
test,624,3249,0.969221298861188,0.984302862419206,0.979378270236996,0.9795918367346939,0.9846938775510204,0.061224489795918366
test,625,3249,0.9350569405971068,0.9424438288704217,0.9319790704832256,0.9744897959183674,0.9693877551020408,0.2193877551020408
test,626,3249,1.0,1.0,1.0,1.0,1.0,0.0
test,627,3249,0.8645737149892274,0.8885811018775007,0.8568790397045245,0.8877551020408163,0.8826530612244898,0.23469387755102042
test,628,3249,0.8898122499230533,0.9104339796860572,0.8987380732533087,0.923469387755102,0.923469387755102,0.2602040816326531
test,629,3246,0.910351201478743,0.9340727048675292,0.9272951324707333,0.9642857142857143,0.9540816326530612,0.23979591836734693
test,630,3113,0.8027626084163186,0.8056537102473498,0.8001927401220688,0.8882978723404256,0.8723404255319149,0.5531914893617021
test,631,3249,0.8550323176361958,0.8670360110803325,0.866112650046168,0.8775510204081632,0.8622448979591837,0.24489795918367346
test,632,3249,0.984302862419206,0.9849184364419822,0.9833795013850416,0.9897959183673469,0.9948979591836735,0.05102040816326531
test,633,3249,0.8291782086795937,0.8297937827023699,0.8291782086795937,0.8367346938775511,0.8214285714285714,0.08673469387755102
test,634,3249,0.8999692212988611,0.9285934133579563,0.9212065250846414,0.9336734693877551,0.9285714285714286,0.30612244897959184
test,635,3249,0.9836872883964297,0.9950754078177901,0.9950754078177901,0.9948979591836735,1.0,0.05612244897959184
test,636,3249,0.9889196675900277,0.9879963065558633,0.9883040935672515,0.9897959183673469,0.9846938775510204,0.025510204081632654
test,637,3249,0.9806094182825484,0.9929208987380732,0.9953831948291783,0.9948979591836735,0.9948979591836735,0.061224489795918366
test,638,3249,0.9547553093259464,0.9682979378270237,0.956294244382887,0.9540816326530612,0.9591836734693877,0.09693877551020408
test,639,3249,0.9529085872576177,0.951061865189289,0.9529085872576177,0.9540816326530612,0.9591836734693877,0.0663265306122449
test,640,3249,0.9978454909202832,0.9975377039088951,0.997229916897507,1.0,1.0,0.01020408163265306
test,641,3249,0.9107417666974453,0.9332102185287781,0.9162819329024315,0.9438775510204082,0.9642857142857143,0.20918367346938777
test,642,3249,0.9956909818405664,0.9996922129886119,0.9996922129886119,0.9948979591836735,0.9948979591836735,0.00510204081632653
test,643,3249,0.9959987688519545,0.9981532779316713,0.9984610649430594,0.9948979591836735,1.0,0.00510204081632653
test,644,3247,0.995072374499538,0.9984601170311056,0.9990760702186634,0.9948979591836735,1.0,0.01020408163265306
test,645,3249,1.0,1.0,1.0,1.0,1.0,0.0
test,646,3249,0.9427516158818098,0.9763004001231148,0.9735303170206218,0.9846938775510204,0.9438775510204082,0.19387755102040816
test,647,3249,0.9578331794398276,0.9652200677131425,0.9636811326562019,0.9642857142857143,0.9693877551020408,0.08673469387755102
test,648,3249,0.9695290858725761,0.9815327793167128,0.9732225300092336,0.9642857142857143,0.9795918367346939,0.0663265306122449
test,649,3249,0.997229916897507,0.9975377039088951,0.997229916897507,1.0,1.0,0.01020408163265306
test,650,3249,0.9818405663281009,0.987072945521699,0.984302862419206,0.9897959183673469,0.9744897959183674,0.05612244897959184
test,651,3249,0.9519852262234534,0.9347491535857186,0.9285934133579563,0.9693877551020408,0.9336734693877551,0.12244897959183673
test,652,3249,0.8882733148661126,0.9215143120960295,0.9048938134810711,0.9183673469387755,0.923469387755102,0.17857142857142858
test,653,3249,0.9627577716220376,0.9732225300092336,0.969221298861188,0.9795918367346939,0.9744897959183674,0.10204081632653061
test,654,3234,0.9050711193568336,0.9211502782931354,0.9131106988249845,0.9128205128205128,0.9333333333333333,0.18974358974358974
test,655,3249,0.9070483225607879,0.9338257925515543,0.9267466912896276,0.9285714285714286,0.9336734693877551,0.20918367346938777
test,656,3249,0.9621421975992613,0.9750692520775623,0.9738381040320099,0.9846938775510204,0.9438775510204082,0.12244897959183673
test,657,3249,0.9421360418590335,0.9541397353031702,0.948291782086796,0.9387755102040817,0.9183673469387755,0.10714285714285714
test,658,432,0.7453703703703703,0.6875,0.6990740740740741,0.8076923076923077,0.8076923076923077,0.19230769230769232
test,659,3249,0.9876885195444752,0.9901508156355802,0.9895352416128039,0.9897959183673469,1.0,0.03571428571428571
test,660,3028,1.0,1.0,1.0,1.0,1.0,0.0
test,661,3248,0.8081896551724138,0.8454433497536946,0.8297413793103449,0.8418367346938775,0.8673469387755102,0.32142857142857145
test,662,3249,0.9796860572483841,0.9944598337950139,0.9944598337950139,1.0,0.9897959183673469,0.07142857142857142
test,663,3249,0.8925823330255463,0.9058171745152355,0.9085872576177285,0.9438775510204082,0.9081632653061225,0.3010204081632653
test,664,3239,0.960481630132757,0.9607903673973449,0.9691262735412164,0.9897959183673469,0.9642857142857143,0.11734693877551021
test,665,3249,0.9307479224376731,0.9402893197907048,0.9307479224376731,0.9489795918367347,0.9387755102040817,0.19387755102040816
test,666,3249,0.992305324715297,0.992305324715297,0.992305324715297,0.9948979591836735,0.9948979591836735,0.030612244897959183
test,667,3249,0.9855340104647584,0.9932286857494613,0.9926131117266851,1.0,0.9897959183673469,0.05612244897959184
test,668,3249,1.0,1.0,1.0,1.0,1.0,0.0
test,669,3249,0.9135118497999385,0.9541397353031702,0.922745460141582,0.9183673469387755,0.923469387755102,0.16326530612244897
test,670,3249,0.9781471221914435,0.9858417974761465,0.9861495844875346,0.9846938775510204,0.9948979591836735,0.05102040816326531
test,671,3249,0.9128962757771623,0.9369036626654356,0.9199753770390889,0.9438775510204082,0.9438775510204082,0.25510204081632654
test,672,3249,0.853185595567867,0.8534933825792551,0.8593413357956294,0.8520408163265306,0.8928571428571429,0.015306122448979591
test,673,3249,0.9698368728839643,0.9849184364419822,0.9753770390889505,0.9642857142857143,0.9795918367346939,0.07653061224489796
test,674,3249,0.9883040935672515,0.9944598337950139,0.9950754078177901,1.0,0.9897959183673469,0.04081632653061224
test,675,3249,0.863342566943675,0.9042782394582949,0.9153585718682672,0.8775510204081632,0.8877551020408163,0.22959183673469388
test,676,394,0.9974619289340102,1.0,0.9974619289340102,1.0,1.0,0.0
test,677,3249,0.9030470914127424,0.912588488765774,0.9190520160049246,0.9081632653061225,0.9285714285714286,0.14285714285714285
test,678,3249,0.9187442289935365,0.9461372730070791,0.9476762080640198,0.9285714285714286,0.9387755102040817,0.1836734693877551
test,679,3249,0.9941520467836257,0.9941520467836257,0.9941520467836257,1.0,1.0,0.015306122448979591
test,680,2996,1.0,1.0,1.0,1.0,1.0,0.0
test,681,3249,0.9458294859956909,0.9646044936903663,0.974145891043398,0.9336734693877551,0.9693877551020408,0.04591836734693878
test,682,525,1.0,1.0,1.0,1.0,1.0,0.0
test,683,3249,0.9679901508156356,0.9830717143736535,0.9781471221914435,0.9642857142857143,0.9744897959183674,0.07653061224489796
test,684,3249,0.9833795013850416,0.9833795013850416,0.9833795013850416,0.9948979591836735,0.9948979591836735,0.02040816326530612
test,685,3249,0.9913819636811326,0.9913819636811326,0.9913819636811326,1.0,1.0,0.030612244897959183
test,686,3233,0.9375193318898856,0.9539127745128364,0.952366223321992,0.9435897435897436,0.9538461538461538,0.09743589743589744
test,687,3249,0.9184364419821484,0.927670052323792,0.9236688211757463,0.9387755102040817,0.9285714285714286,0.21428571428571427
test,688,3249,0.8984302862419206,0.9208987380732533,0.9159741458910434,0.9438775510204082,0.9438775510204082,0.23979591836734693
test,689,3249,0.9387503847337643,0.9532163742690059,0.9529085872576177,0.9591836734693877,0.9591836734693877,0.1683673469387755
test,690,3249,0.8618036318867344,0.8990458602646968,0.8876577408433364,0.9540816326530612,0.9336734693877551,0.4387755102040816
test,691,2895,0.9934369602763385,0.9968911917098445,0.9989637305699481,0.9943502824858758,0.9943502824858758,0.005649717514124294
test,692,3249,0.8959679901508156,0.8913511849799939,0.8904278239458295,0.9081632653061225,0.8826530612244898,0.2193877551020408
test,693,3249,0.8621114188981225,0.8956602031394275,0.9092028316405047,0.8775510204081632,0.8673469387755102,0.34183673469387754
test,694,3249,0.9572176054170514,0.9572176054170514,0.96398891966759,0.9540816326530612,0.9489795918367347,0.08163265306122448
test,695,3249,0.8020929516774392,0.8251769775315482,0.8405663281009541,0.7908163265306123,0.8214285714285714,0.3112244897959184
test,696,3249,1.0,1.0,1.0,1.0,1.0,0.0
test,697,3249,0.8562634656817483,0.8885811018775007,0.8910433979686058,0.8928571428571429,0.903061224489796,0.32142857142857145
test,698,3249,0.9144352108341028,0.9353647276084949,0.9449061249615266,0.923469387755102,0.903061224489796,0.17857142857142858
test,699,3249,0.7768544167436134,0.8005540166204986,0.7999384425977224,0.8214285714285714,0.8061224489795918,0.6122448979591837
test,700,3249,0.25146198830409355,0.25146198830409355,0.25146198830409355,0.24489795918367352,0.24489795918367352,0.08163265306122448
test,701,3249,0.984302862419206,0.9883040935672515,0.9873807325330871,0.9948979591836735,1.0,0.05102040816326531
test,702,3216,0.9427860696517413,0.9496268656716418,0.9474502487562189,0.9487179487179487,0.9487179487179487,0.06666666666666667
test,703,3249,0.96398891966759,0.9901508156355802,0.9978454909202832,0.9642857142857143,0.9897959183673469,0.0
test,704,3249,0.9442905509387504,0.9325946445060018,0.9153585718682672,0.9540816326530612,0.9132653061224489,0.14795918367346939
test,705,765,0.9398692810457516,0.9647058823529412,0.9895424836601308,0.9361702127659575,0.9787234042553191,0.0
test,706,3249,0.9547553093259464,0.9676823638042474,0.9670667897814712,0.9540816326530612,0.9540816326530612,0.11224489795918367
test,707,3249,0.9526008002462296,0.9883040935672515,0.9889196675900277,0.9795918367346939,0.9642857142857143,0.14795918367346939
test,708,3249,0.9673745767928593,0.9716835949522931,0.9704524469067405,0.9948979591836735,0.9642857142857143,0.08673469387755102
test,709,2058,0.9300291545189504,0.9543245869776482,0.9611273080660836,0.928,0.952,0.056
test,710,3244,0.9932182490752158,0.9975339087546239,0.9956843403205918,0.9948979591836735,0.9948979591836735,0.015306122448979591
test,711,3249,0.976915974145891,0.9886118805786396,0.9855340104647584,0.9744897959183674,0.9897959183673469,0.04591836734693878
test,712,3242,0.8627390499691548,0.8871067242442936,0.8738433066008636,0.903061224489796,0.903061224489796,0.27040816326530615
test,713,3249,0.9996922129886119,1.0,0.9996922129886119,1.0,1.0,0.0
test,714,3249,0.9036626654355187,0.8990458602646968,0.8987380732533087,0.9081632653061225,0.8979591836734694,0.15816326530612246
test,715,3249,0.9359803016312711,0.9445983379501385,0.9347491535857186,0.9438775510204082,0.9591836734693877,0.01020408163265306
test,716,3249,0.9458294859956909,0.9421360418590335,0.9335180055401662,0.9642857142857143,0.9642857142857143,0.11734693877551021
test,717,3249,0.9138196368113266,0.9507540781779009,0.9464450600184672,0.9387755102040817,0.9336734693877551,0.24489795918367346
test,718,3249,0.8516466605109264,0.8319482917820868,0.8331794398276393,0.8826530612244898,0.8367346938775511,0.30612244897959184
test,719,3249,0.9529085872576177,0.9615266235764851,0.966451215758695,0.9642857142857143,0.9642857142857143,0.09693877551020408
test,720,3249,0.9319790704832256,0.9402893197907048,0.943367189904586,0.9438775510204082,0.9540816326530612,0.17857142857142858
test,721,3249,0.9855340104647584,0.9892274546014158,0.9886118805786396,0.9948979591836735,0.9897959183673469,0.03571428571428571
test,722,3249,1.0,1.0,1.0,1.0,1.0,0.0
test,723,3249,0.9978454909202832,0.9996922129886119,0.9978454909202832,1.0,1.0,0.00510204081632653
test,724,3249,0.9719913819636812,0.976915974145891,0.9719913819636812,0.9795918367346939,0.9795918367346939,0.0663265306122449
test,725,2191,0.9488817891373802,0.9621177544500228,0.9616613418530351,0.9774436090225564,0.9699248120300752,0.12030075187969924
test,726,3249,0.9707602339181286,0.9809172052939366,0.9716835949522931,0.9744897959183674,0.9642857142857143,0.05102040816326531
test,727,3249,0.9606032625423208,0.9602954755309326,0.9609110495537089,0.9642857142857143,0.9642857142857143,0.05102040816326531
test,728,3249,0.958756540473992,0.9695290858725761,0.9642967066789782,0.9846938775510204,0.9795918367346939,0.11224489795918367
test,729,3244,0.9950678175092479,0.999691738594328,1.0,0.9948979591836735,0.9948979591836735,0.0
test,730,2915,0.9986277873070326,0.9986277873070326,0.9986277873070326,1.0,1.0,0.0056179775280898875
test,731,3249,0.9916897506925207,0.9953831948291783,0.9959987688519545,0.9897959183673469,0.9897959183673469,0.00510204081632653
test,732,3249,0.8113265620190828,0.8436441982148354,0.8276392736226531,0.8418367346938775,0.8520408163265306,0.3826530612244898
test,733,3249,0.8104032009849185,0.8328716528162512,0.8334872268390274,0.8214285714285714,0.8418367346938775,0.1683673469387755
test,734,3249,0.9584487534626038,0.9658356417359187,0.9621421975992613,0.9795918367346939,0.9846938775510204,0.07142857142857142
test,735,3249,0.9418282548476454,0.9507540781779009,0.9399815327793167,0.9336734693877551,0.9081632653061225,0.1377551020408163
test,736,3249,1.0,1.0,1.0,1.0,1.0,0.0
test,737,3247,0.9993840468124423,0.9993840468124423,0.9993840468124423,1.0,1.0,0.0
test,738,3249,0.9442905509387504,0.9526008002462296,0.9581409664512157,0.9438775510204082,0.9540816326530612,0.04081632653061224
test,739,3048,1.0,1.0,1.0,1.0,1.0,0.0
test,740,207,0.9516908212560387,1.0,0.9903381642512077,1.0,1.0,0.0
test,741,1737,0.9994242947610823,0.9988485895221646,0.9994242947610823,1.0,1.0,0.0
test,742,3249,0.9606032625423208,0.9590643274853801,0.9618344105878732,0.9948979591836735,0.9846938775510204,0.15816326530612246
test,743,3249,1.0,1.0,1.0,1.0,1.0,0.0
test,744,3249,0.8901200369344414,0.904586026469683,0.9058171745152355,0.9591836734693877,0.9387755102040817,0.3520408163265306
test,745,3249,0.9935364727608494,0.9981532779316713,0.9978454909202832,0.9948979591836735,1.0,0.00510204081632653
test,746,3249,0.9987688519544475,0.9984610649430594,0.9987688519544475,1.0,1.0,0.0
test,747,3248,0.9966133004926109,0.9984605911330049,0.9984605911330049,0.9948979591836735,1.0,0.00510204081632653
test,748,3249,0.9550630963373345,0.961218836565097,0.9627577716220376,0.9591836734693877,0.9540816326530612,0.09183673469387756
test,749,3249,0.9818405663281009,0.9867651585103109,0.987072945521699,0.9795918367346939,0.9897959183673469,0.015306122448979591
test,750,3249,0.9285934133579563,0.9282856263465682,0.9335180055401662,0.9285714285714286,0.9336734693877551,0.09183673469387756
test,751,3249,0.9033548784241305,0.9273622653124038,0.9199753770390889,0.9693877551020408,0.9438775510204082,0.25510204081632654
test,752,3249,0.9950754078177901,0.9953831948291783,1.0,0.9948979591836735,1.0,0.0
test,753,3249,0.876269621421976,0.9218220991074176,0.8805786395814097,0.9336734693877551,0.9183673469387755,0.3622448979591837
test,754,3249,0.9950754078177901,1.0,1.0,0.9948979591836735,0.9948979591836735,0.0
test,755,3249,0.9042782394582949,0.9285934133579563,0.9273622653124038,0.903061224489796,0.9183673469387755,0.11224489795918367
test,756,3249,1.0,1.0,1.0,1.0,1.0,0.0
test,757,3249,0.8473376423514928,0.8975069252077562,0.8981224992305324,0.9183673469387755,0.923469387755102,0.413265306122449
test,758,3249,0.9676823638042474,0.9507540781779009,0.9504462911665128,0.9744897959183674,0.9693877551020408,0.04081632653061224
test,759,3249,1.0,1.0,1.0,1.0,1.0,0.0
test,760,3249,0.9633733456448138,0.9716835949522931,0.9726069559864574,0.9744897959183674,0.9846938775510204,0.10204081632653061
test,761,2528,0.9671677215189873,0.9916930379746836,0.9940664556962026,0.9675324675324676,0.961038961038961,0.08441558441558442
test,762,3249,0.9704524469067405,0.9667590027700831,0.9649122807017544,0.9795918367346939,0.9693877551020408,0.07653061224489796
test,763,3249,1.0,1.0,1.0,1.0,1.0,0.0
test,764,3249,0.9513696522006772,0.9627577716220376,0.9581409664512157,0.9540816326530612,0.9591836734693877,0.11224489795918367
test,765,3249,0.9772237611572792,0.9849184364419822,0.9827639273622654,0.9948979591836735,0.9897959183673469,0.07142857142857142
test,766,3249,0.9950754078177901,1.0,0.9987688519544475,1.0,1.0,0.0
test,767,3249,0.8547245306248077,0.8981224992305324,0.8864265927977839,0.8316326530612245,0.8775510204081632,0.23979591836734693
test,768,3249,1.0,1.0,1.0,1.0,1.0,0.0
test,769,3246,0.9873690696241528,0.9926062846580407,0.9969192852741836,0.9897959183673469,1.0,0.01020408163265306
test,770,3249,0.9633733456448138,0.9784549092028316,0.9719913819636812,0.9693877551020408,0.9846938775510204,0.08673469387755102
test,771,3249,0.9415204678362573,0.9673745767928593,0.9759926131117267,0.9438775510204082,0.9948979591836735,0.030612244897959183
test,772,3249,0.982148353339489,0.9867651585103109,0.9839950754078178,0.9846938775510204,0.9846938775510204,0.030612244897959183
test,773,3249,0.8359495229301324,0.8445675592489997,0.8319482917820868,0.8928571428571429,0.8418367346938775,0.44387755102040816
test,774,3249,0.9566020313942751,0.9729147429978455,0.9775315481686673,0.9642857142857143,0.9591836734693877,0.12244897959183673
test,775,3249,1.0,1.0,1.0,1.0,1.0,0.0
test,776,370,1.0,1.0,1.0,1.0,1.0,0.0
test,777,3249,0.9679901508156356,0.9766081871345029,0.9676823638042474,0.9897959183673469,0.9846938775510204,0.09183673469387756
test,778,3249,0.8928901200369345,0.9104339796860572,0.9113573407202216,0.9285714285714286,0.8928571428571429,0.29081632653061223
test,779,3249,0.9667590027700831,0.9707602339181286,0.9667590027700831,0.9642857142857143,0.9693877551020408,0.07142857142857142
test,780,3249,0.9569098184056632,0.9569098184056632,0.9569098184056632,0.9489795918367347,0.9489795918367347,0.07653061224489796
test,781,3246,0.9682686383240912,0.9741219963031423,0.9842883548983364,0.9693877551020408,0.9795918367346939,0.04081632653061224
test,782,3249,0.979378270236996,0.979378270236996,0.979378270236996,0.9795918367346939,0.9795918367346939,0.030612244897959183
test,783,3249,0.8374884579870729,0.8559556786703602,0.8424130501692828,0.8826530612244898,0.8724489795918368,0.3877551020408163
test,784,1556,0.9215938303341902,0.9305912596401028,0.9370179948586118,0.9042553191489362,0.9042553191489362,0.0851063829787234
test,785,3249,1.0,1.0,1.0,1.0,1.0,0.0
test,786,3249,0.9796860572483841,0.9953831948291783,0.9938442597722376,1.0,0.9897959183673469,0.0663265306122449
test,787,3249,0.974145891043398,0.9889196675900277,0.9833795013850416,0.9693877551020408,0.9846938775510204,0.05102040816326531
test,788,3247,0.9605789959963043,0.9645826917154297,0.9639667385278718,0.9540816326530612,0.9642857142857143,0.08673469387755102
test,789,3249,0.9910741766697445,0.9953831948291783,0.9975377039088951,1.0,0.9897959183673469,0.04081632653061224
test,790,3249,0.9750692520775623,0.974145891043398,0.9735303170206218,0.9948979591836735,0.9948979591836735,0.09183673469387756
test,791,1525,0.9685245901639344,0.9685245901639344,0.9685245901639344,1.0,1.0,0.09574468085106383
test,792,3248,0.9956896551724138,0.9947660098522167,0.9956896551724138,0.9948979591836735,0.9948979591836735,0.01020408163265306
test,793,3249,0.9778393351800554,0.9876885195444752,0.9775315481686673,0.9897959183673469,0.9897959183673469,0.08163265306122448
test,794,3249,0.9759926131117267,0.9756848261003386,0.9759926131117267,0.9846938775510204,0.9846938775510204,0.061224489795918366
test,795,3249,0.9849184364419822,0.992305324715297,0.989843028624192,0.9897959183673469,0.9948979591836735,0.04591836734693878
test,796,3249,0.9159741458910434,0.9412126808248692,0.9270544783010157,0.9540816326530612,0.9489795918367347,0.23469387755102042
test,797,3070,0.9824104234527687,0.9889250814332248,0.9856677524429968,0.9894179894179894,1.0,0.047619047619047616
test,798,3249,0.9959987688519545,1.0,0.9996922129886119,1.0,1.0,0.0
test,799,3249,0.9076638965835642,0.9285934133579563,0.9208987380732533,0.9489795918367347,0.9183673469387755,0.24489795918367346
