plotid,ref,lcmap,esri_raw,esri,in_conf_subset,lcpconf
1,1,1,7,1,0,
2,2,2,11,3,0,
3,4,4,2,4,0,
4,4,6,11,3,0,
5,5,5,1,5,0,
6,5,5,1,5,0,
7,6,6,2,4,0,
8,3,4,11,3,0,
9,2,2,5,2,0,
10,2,2,5,2,0,
11,3,2,5,2,0,
12,4,4,2,4,0,
13,3,3,11,3,0,
14,2,2,5,2,1,99
15,8,8,8,8,0,
16,4,4,2,4,0,
17,3,3,11,3,0,
18,5,5,1,5,1,99
19,3,2,5,2,0,
20,2,2,11,3,0,
21,3,3,11,3,1,99
22,4,3,11,3,0,
23,3,3,11,3,0,
24,4,3,11,3,0,
25,1,1,7,1,0,
26,3,3,11,3,0,
27,3,3,2,4,0,
28,1,1,5,2,0,
29,4,4,2,4,1,68
30,5,5,1,5,0,
31,3,3,11,3,0,
32,4,4,2,4,0,
33,3,3,11,3,1,99
34,3,3,11,3,1,99
35,4,4,2,4,0,
36,2,2,5,2,0,
37,3,4,2,4,0,
38,1,1,7,1,0,
39,4,3,11,3,0,
40,3,3,11,3,0,
41,6,3,2,4,0,
42,2,2,5,2,0,
43,2,2,5,2,0,
44,4,4,2,4,0,
45,4,4,2,4,0,
46,2,2,5,2,1,99
47,4,3,2,4,0,
48,3,2,5,2,1,57
49,3,3,11,3,0,
50,6,6,2,4,0,
51,3,3,11,3,1,99
52,4,4,11,3,0,
53,4,2,11,3,0,
54,2,2,5,2,0,
55,3,3,11,3,0,
56,4,4,2,4,1,99
57,4,4,2,4,0,
58,2,2,5,2,0,
59,3,3,11,3,0,
60,3,8,11,3,0,
61,4,3,11,3,0,
62,2,2,5,2,0,
63,3,3,11,3,0,
64,4,4,2,4,1,99
65,3,3,11,3,0,
66,2,2,5,2,0,
67,3,3,11,3,0,
68,3,3,11,3,0,
69,1,4,2,4,1,98
70,4,4,11,3,0,
71,3,3,11,3,0,
72,2,2,5,2,0,
73,3,3,2,4,1,151
74,4,4,2,4,0,
75,3,3,11,3,0,
76,3,3,11,3,0,
77,4,4,2,4,0,
78,3,2,11,3,0,
79,2,2,5,2,0,
80,1,2,7,1,1,92
81,4,4,2,4,1,74
82,3,3,11,3,0,
83,4,4,2,4,0,
84,3,4,2,4,0,
85,1,1,7,1,0,
86,2,2,5,2,0,
87,2,2,7,1,0,
88,1,1,7,1,0,
89,3,2,11,3,1,55
90,4,4,2,4,0,
91,4,4,2,4,0,
92,2,2,5,2,0,
93,2,2,5,2,1,99
94,4,4,2,4,0,
95,8,3,8,8,0,
96,3,3,11,3,0,
97,3,6,11,3,0,
98,4,3,2,4,0,
99,2,2,5,2,0,
100,4,4,11,3,0,
101,2,2,5,2,0,
102,2,2,11,3,0,
103,2,2,5,2,0,
104,4,4,2,4,0,
105,4,4,2,4,0,
106,3,3,11,3,1,89
107,4,4,2,4,0,
108,3,3,11,3,1,99
109,2,2,5,2,0,
110,3,2,11,3,0,
111,2,2,5,2,0,
112,4,4,2,4,1,151
113,6,6,2,4,1,99
114,3,3,11,3,0,
115,3,3,11,3,0,
116,3,3,11,3,0,
117,1,1,11,3,0,
118,3,3,11,3,1,98
119,3,3,11,3,0,
120,6,6,11,3,0,
121,3,2,11,3,0,
122,2,2,11,3,0,
123,4,4,11,3,0,
124,3,3,11,3,0,
125,3,3,11,3,0,
126,6,2,5,2,1,98
127,3,3,11,3,0,
128,3,3,11,3,0,
129,3,3,11,3,0,
130,3,2,5,2,0,
131,4,4,2,4,0,
132,3,3,11,3,0,
133,4,4,2,4,0,
134,2,2,5,2,0,
135,4,4,2,4,0,
136,4,4,2,4,0,
137,4,4,2,4,0,
138,4,4,2,4,0,
139,1,4,2,4,0,
140,6,4,2,4,0,
141,3,3,11,3,0,
142,3,3,11,3,1,99
143,4,4,2,4,1,99
144,4,4,2,4,0,
145,3,3,11,3,0,
146,4,4,2,4,0,
147,2,2,5,2,0,
148,4,4,11,3,0,
149,2,2,5,2,0,
150,4,4,2,4,0,
151,3,3,11,3,0,
152,6,4,11,3,1,86
153,1,4,11,3,0,
154,5,5,1,5,0,
155,5,5,1,5,0,
156,4,3,2,4,0,
157,5,5,1,5,1,99
158,3,8,8,8,1,92
159,1,3,7,1,0,
160,2,2,5,2,0,
161,1,1,7,1,0,
162,5,5,1,5,1,99
163,3,3,11,3,1,99
164,4,4,2,4,1,99
165,2,2,5,2,0,
166,2,2,5,2,0,
167,5,5,1,5,0,
168,2,2,5,2,1,98
169,5,5,1,5,0,
170,6,2,5,2,0,
171,1,1,5,2,0,
172,1,1,7,1,0,
173,4,4,2,4,1,99
174,3,2,11,3,0,
175,2,2,5,2,1,96
176,6,6,2,4,0,
177,6,6,2,4,0,
178,1,1,7,1,1,48
179,3,3,11,3,0,
180,3,3,11,3,0,
181,4,4,2,4,0,
182,4,4,11,3,0,
183,4,3,2,4,0,
184,5,5,1,5,0,
185,3,3,11,3,0,
186,6,6,2,4,1,99
187,3,2,11,3,0,
188,3,4,2,4,1,98
189,4,4,11,3,0,
190,3,3,11,3,0,
191,3,2,5,2,0,
192,4,4,2,4,0,
193,1,1,7,1,1,99
194,3,3,11,3,0,
195,3,3,11,3,0,
196,2,2,5,2,1,99
197,4,6,2,4,0,
198,3,3,2,4,0,
199,4,4,2,4,0,
200,2,2,5,2,0,
201,3,3,11,3,0,
202,3,3,11,3,0,
203,2,2,5,2,0,
204,2,2,5,2,0,
205,3,3,11,3,1,98
206,3,3,11,3,0,
207,4,4,2,4,0,
208,4,4,2,4,0,
209,3,2,5,2,0,
210,3,3,11,3,1,98
211,3,1,11,3,0,
212,2,2,5,2,1,99
213,4,4,2,4,0,
214,4,3,11,3,0,
215,4,4,2,4,0,
216,3,3,11,3,0,
217,3,3,11,3,0,
218,4,3,11,3,0,
219,3,3,11,3,0,
220,3,3,11,3,0,
221,3,3,11,3,0,
222,8,8,8,8,1,55
223,3,3,2,4,0,
224,4,4,2,4,1,54
225,3,2,5,2,1,53
226,4,4,2,4,1,99
227,4,4,2,4,0,
228,3,3,11,3,0,
229,4,3,2,4,0,
230,3,2,11,3,0,
231,4,4,2,4,0,
232,2,2,5,2,0,
233,3,3,11,3,0,
234,4,4,2,4,0,
235,2,2,5,2,0,
236,1,1,7,1,0,
237,4,3,2,4,0,
238,3,3,11,3,0,
239,4,4,2,4,0,
240,4,4,2,4,0,
241,3,3,11,3,0,
242,2,2,5,2,0,
243,2,2,5,2,0,
244,3,3,11,3,0,
245,1,1,11,3,0,
246,4,4,2,4,0,
247,4,2,5,2,0,
248,3,3,11,3,0,
249,3,3,11,3,0,
250,4,4,2,4,0,
251,3,3,11,3,0,
252,3,3,11,3,0,
253,2,2,5,2,0,
254,2,2,5,2,0,
255,3,3,11,3,0,
256,3,8,8,8,1,57
257,2,2,5,2,0,
258,6,6,11,3,1,99
259,3,3,11,3,0,
260,3,3,11,3,1,99
261,4,4,2,4,0,
262,3,3,11,3,1,99
263,3,3,11,3,0,
264,4,4,11,3,0,
265,4,3,2,4,0,
266,4,3,11,3,0,
267,4,4,2,4,1,99
268,4,4,2,4,0,
269,2,2,11,3,0,
270,4,5,1,5,0,
271,4,3,2,4,0,
272,1,1,7,1,0,
273,2,2,5,2,0,
274,3,3,11,3,0,
275,3,3,11,3,0,
276,4,4,11,3,0,
277,5,2,4,6,0,
278,5,5,1,5,0,
279,4,4,2,4,0,
280,6,6,2,4,0,
281,5,5,1,5,0,
282,1,1,7,1,0,
283,2,2,5,2,1,99
284,4,4,2,4,0,
285,2,2,5,2,0,
286,5,5,1,5,0,
287,2,2,5,2,0,
288,4,4,11,3,0,
289,4,4,11,3,0,
290,2,2,5,2,1,99
291,3,3,11,3,1,99
292,3,3,11,3,1,99
293,4,4,2,4,0,
294,3,3,11,3,0,
295,4,4,11,3,0,
296,3,3,11,3,0,
297,3,4,11,3,0,
298,4,4,2,4,0,
299,2,2,5,2,0,
300,5,5,1,5,0,
301,4,4,2,4,0,
302,2,4,2,4,0,
303,2,2,5,2,0,
304,2,2,5,2,1,92
305,3,3,11,3,0,
306,6,6,2,4,1,99
307,2,2,5,2,0,
308,3,3,11,3,1,99
309,3,3,11,3,1,94
310,6,6,11,3,0,
311,3,3,11,3,0,
312,4,4,11,3,0,
313,3,3,11,3,0,
314,5,5,1,5,0,
315,4,4,11,3,0,
316,3,3,11,3,1,99
317,2,2,5,2,0,
318,3,6,11,3,0,
319,4,4,2,4,0,
320,3,3,11,3,0,
321,3,3,11,3,0,
322,2,2,5,2,1,99
323,2,2,5,2,0,
324,2,2,5,2,0,
325,3,3,11,3,1,94
326,4,2,11,3,0,
327,2,2,5,2,0,
328,3,8,11,3,0,
329,4,3,11,3,0,
330,3,3,11,3,0,
331,3,3,11,3,0,
332,4,4,2,4,0,
333,2,2,5,2,0,
334,5,0,1,5,0,
335,3,3,11,3,0,
336,2,2,5,2,0,
337,2,2,5,2,0,
338,2,2,5,2,1,94
339,4,4,2,4,0,
340,6,6,2,4,0,
341,4,4,2,4,0,
342,3,3,11,3,1,84
343,1,3,11,3,0,
344,3,3,11,3,0,
345,1,5,1,5,0,
346,4,3,2,4,0,
347,4,4,2,4,1,99
348,2,2,5,2,0,
349,5,5,1,5,0,
350,5,5,1,5,0,
351,4,4,2,4,0,
352,4,4,11,3,0,
353,4,2,2,4,1,50
354,2,2,5,2,1,99
355,2,2,5,2,0,
356,4,4,2,4,0,
357,3,3,11,3,0,
358,4,4,2,4,0,
359,3,6,11,3,1,99
360,2,2,5,2,1,99
361,2,2,5,2,0,
362,5,5,1,5,0,
363,2,2,5,2,0,
364,2,2,2,4,0,
365,2,2,5,2,0,
366,2,2,5,2,1,99
367,2,2,5,2,0,
368,4,4,2,4,0,
369,3,2,11,3,0,
370,5,5,1,5,0,
371,3,3,11,3,0,
372,3,3,11,3,0,
373,4,4,2,4,0,
374,6,4,2,4,1,96
375,2,2,5,2,1,96
376,3,3,11,3,0,
377,4,4,2,4,0,
378,4,4,2,4,0,
379,4,4,2,4,0,
380,3,2,5,2,0,
381,4,4,2,4,0,
382,3,3,11,3,0,
383,2,2,11,3,0,
384,3,3,11,3,0,
385,4,4,2,4,0,
386,4,4,2,4,0,
387,4,6,2,4,1,99
388,4,4,2,4,1,90
389,2,2,5,2,0,
390,1,1,7,1,0,
391,5,5,1,5,0,
392,3,3,11,3,1,99
393,4,4,2,4,0,
394,4,4,2,4,1,95
395,5,5,1,5,0,
396,3,2,5,2,0,
397,5,5,1,5,0,
398,3,3,5,2,0,
399,2,3,11,3,0,
400,3,3,11,3,0,
401,3,3,11,3,0,
402,1,1,7,1,1,99
403,4,3,7,1,0,
404,3,3,11,3,0,
405,3,3,11,3,0,
406,3,3,11,3,0,
407,3,3,11,3,1,99
408,4,4,2,4,0,
409,3,3,11,3,0,
410,2,2,5,2,1,98
411,3,3,11,3,0,
412,1,2,7,1,1,68
413,4,4,11,3,0,
414,3,3,11,3,0,
415,6,6,2,4,0,
416,4,4,2,4,1,83
417,2,2,5,2,0,
418,4,4,11,3,0,
419,3,3,11,3,0,
420,2,2,5,2,0,
421,3,3,11,3,0,
422,2,2,5,2,0,
423,4,4,11,3,0,
424,3,3,11,3,0,
425,2,2,11,3,0,
426,4,4,2,4,1,99
427,6,3,11,3,1,71
428,4,4,2,4,1,99
429,3,3,11,3,1,94
430,1,1,7,1,0,
431,3,3,11,3,0,
432,3,2,11,3,0,
433,3,2,5,2,0,
434,4,4,2,4,1,99
435,4,4,2,4,0,
436,2,2,5,2,0,
437,4,4,2,4,0,
438,4,4,11,3,0,
439,4,4,2,4,0,
440,1,1,7,1,0,
441,6,6,2,4,0,
442,2,2,5,2,0,
443,3,3,8,8,0,
444,2,2,5,2,0,
445,2,2,5,2,0,
446,4,4,2,4,0,
447,3,3,11,3,1,98
448,4,4,2,4,0,
449,3,3,11,3,0,
450,2,2,5,2,0,
451,3,3,11,3,1,99
452,2,3,5,2,0,
453,3,3,11,3,0,
454,3,3,11,3,1,99
455,4,3,5,2,0,
456,2,2,5,2,0,
457,3,3,7,1,0,
458,5,5,1,5,0,
459,2,2,5,2,1,98
460,3,3,11,3,0,
461,6,6,11,3,0,
462,2,2,5,2,1,99
463,3,3,11,3,1,99
464,2,2,5,2,0,
465,3,3,11,3,0,
466,2,2,5,2,0,
467,3,3,11,3,0,
468,3,3,11,3,0,
469,5,5,1,5,0,
470,4,4,2,4,0,
471,5,5,1,5,1,99
472,4,4,2,4,1,96
473,3,3,11,3,0,
474,4,4,2,4,0,
475,3,2,11,3,0,
476,3,3,11,3,0,
477,4,4,2,4,0,
478,3,3,11,3,0,
479,6,6,2,4,0,
480,4,4,2,4,0,
481,2,2,5,2,0,
482,4,4,11,3,1,73
483,4,4,2,4,0,
484,3,2,5,2,1,88
485,3,3,11,3,0,
486,3,3,5,2,0,
487,2,2,5,2,0,
488,4,4,11,3,1,99
489,2,2,5,2,0,
490,3,3,11,3,0,
491,2,2,5,2,0,
492,4,4,2,4,0,
493,5,5,1,5,1,99
494,4,4,2,4,1,88
495,2,2,5,2,0,
496,4,4,2,4,0,
497,1,4,2,4,0,
498,3,3,11,3,0,
499,3,3,11,3,0,
500,2,2,5,2,1,211
501,3,3,11,3,0,
502,2,2,5,2,0,
503,4,4,2,4,0,
504,4,4,2,4,0,
505,2,2,5,2,0,
506,3,3,11,3,1,99
507,4,4,2,4,0,
508,2,2,5,2,0,
509,4,4,2,4,0,
510,3,3,11,3,0,
511,4,4,2,4,0,
512,4,4,2,4,0,
513,3,3,8,8,0,
514,4,4,2,4,0,
515,3,2,11,3,0,
516,3,3,11,3,0,
517,3,4,2,4,0,
518,2,2,5,2,0,
519,5,5,1,5,0,
520,3,3,11,3,1,99
521,2,2,11,3,0,
522,3,2,11,3,0,
523,3,3,11,3,0,
524,2,3,11,3,0,
525,2,2,5,2,1,98
526,3,3,11,3,0,
527,3,3,11,3,0,
528,2,2,5,2,0,
529,3,3,11,3,1,99
530,3,8,8,8,0,
531,3,3,11,3,0,
532,6,6,2,4,1,99
533,3,3,11,3,0,
534,4,4,2,4,1,96
535,3,3,11,3,0,
536,4,4,2,4,0,
537,2,3,5,2,0,
538,4,4,2,4,1,151
539,2,2,11,3,0,
540,3,2,5,2,0,
541,2,2,5,2,0,
542,3,2,11,3,1,90
543,4,4,2,4,0,
544,4,4,2,4,0,
545,3,3,11,3,0,
546,3,3,11,3,1,99
547,3,3,11,3,1,98
548,5,5,1,5,0,
549,3,3,11,3,1,99
550,2,2,5,2,0,
551,4,3,7,1,0,
552,3,3,11,3,0,
553,5,5,1,5,1,100
554,3,3,11,3,0,
555,1,2,7,1,1,51
556,4,4,2,4,0,
557,3,3,11,3,0,
558,3,3,11,3,0,
559,3,3,11,3,1,211
560,1,2,7,1,0,
561,4,4,11,3,0,
562,4,4,2,4,0,
563,4,4,2,4,0,
564,4,4,2,4,1,99
565,4,4,2,4,0,
566,4,4,2,4,0,
567,3,3,11,3,1,99
568,4,4,2,4,0,
569,5,5,1,5,0,
570,2,2,5,2,0,
571,3,3,11,3,0,
572,3,5,1,5,0,
573,4,4,2,4,1,99
574,5,5,1,5,0,
575,4,6,11,3,0,
576,4,3,11,3,0,
577,5,5,1,5,0,
578,2,2,5,2,1,99
579,2,2,5,2,0,
580,3,3,2,4,0,
581,4,4,2,4,0,
582,3,3,11,3,0,
583,4,4,2,4,0,
584,5,5,1,5,1,100
585,6,6,2,4,0,
586,3,3,11,3,0,
587,4,4,2,4,0,
588,4,4,2,4,0,
589,1,1,7,1,0,
590,3,2,11,3,0,
591,4,4,2,4,1,99
592,3,2,11,3,0,
593,4,4,2,4,0,
594,5,5,1,5,0,
595,3,3,11,3,0,
596,3,3,11,3,0,
597,4,4,2,4,0,
598,2,2,5,2,1,71
599,4,4,2,4,1,99
600,3,3,11,3,0,
601,6,6,11,3,0,
602,6,6,2,4,1,99
603,3,3,11,3,1,211
604,3,6,11,3,0,
605,3,3,11,3,0,
606,3,3,11,3,0,
607,3,3,11,3,0,
608,3,3,11,3,0,
609,3,3,11,3,0,
610,3,3,5,2,0,
611,3,3,11,3,1,98
612,5,5,1,5,0,
613,4,3,11,3,0,
614,4,4,2,4,0,
615,4,4,2,4,0,
616,4,4,2,4,0,
617,5,5,1,5,0,
618,3,3,11,3,0,
619,4,4,2,4,0,
620,5,5,1,5,1,99
621,3,3,11,3,0,
622,3,3,11,3,0,
623,2,2,5,2,0,
624,6,6,2,4,0,
625,3,3,11,3,0,
626,3,3,11,3,0,
627,1,1,7,1,0,
628,3,3,11,3,0,
629,3,3,11,3,0,
630,4,4,2,4,1,88
631,2,2,5,2,0,
632,1,1,7,1,0,
633,3,3,11,3,0,
634,6,6,2,4,1,99
635,4,4,2,4,0,
636,4,6,2,4,1,99
637,3,3,11,3,0,
638,1,1,7,1,0,
639,3,3,11,3,0,
640,5,6,1,5,1,99
641,3,2,11,3,0,
642,5,5,1,5,1,93
643,1,4,2,4,1,50
644,6,6,2,4,1,98
645,3,2,11,3,1,93
646,3,3,11,3,1,99
647,2,2,5,2,1,99
648,3,2,11,3,0,
649,3,3,5,2,0,
650,2,2,5,2,0,
651,3,3,11,3,0,
652,4,4,2,4,0,
653,2,2,5,2,0,
654,2,2,5,2,0,
655,3,3,11,3,0,
656,3,3,11,3,0,
657,2,2,5,2,0,
658,5,5,1,5,0,
659,3,3,11,3,1,97
660,2,2,5,2,0,
661,3,8,11,3,0,
662,4,4,2,4,0,
663,3,3,8,8,1,98
664,6,6,2,4,0,
665,3,3,11,3,0,
666,4,4,2,4,0,
667,1,1,7,1,0,
668,2,2,5,2,0,
669,4,4,11,3,1,99
670,3,3,11,3,1,99
671,3,3,11,3,0,
672,4,4,2,4,0,
673,3,3,11,3,0,
674,3,2,5,2,0,
675,4,4,2,4,0,
676,3,3,11,3,0,
677,3,3,11,3,0,
678,4,3,2,4,0,
679,2,2,5,2,0,
680,3,2,11,3,0,
681,3,3,11,3,1,99
682,3,3,11,3,1,99
683,4,4,2,4,0,
684,1,1,7,1,0,
685,4,4,2,4,0,
686,4,4,2,4,1,99
687,4,4,2,4,0,
688,1,1,7,1,0,
689,3,3,11,3,0,
690,4,4,2,4,0,
691,2,2,5,2,0,
692,4,3,2,4,0,
693,4,4,2,4,0,
694,4,4,2,4,1,52
695,3,3,11,3,1,99
696,2,2,5,2,0,
697,6,4,2,4,0,
698,3,3,11,3,1,94
699,3,3,11,3,0,
700,4,4,2,4,0,
701,4,4,2,4,0,
702,3,3,11,3,1,67
703,4,4,2,4,1,99
704,4,4,2,4,1,89
705,4,4,2,4,1,99
706,2,2,5,2,0,
707,3,4,11,3,0,
708,3,3,11,3,0,
709,3,3,11,3,0,
710,3,3,11,3,0,
711,2,2,5,2,1,99
712,3,3,11,3,0,
713,2,2,5,2,0,
714,3,3,11,3,0,
715,2,2,5,2,0,
716,1,1,2,4,0,
717,1,1,7,1,0,
718,2,2,5,2,0,
719,3,3,11,3,0,
720,3,3,11,3,0,
721,4,4,2,4,0,
722,2,2,5,2,0,
723,3,3,11,3,0,
724,4,4,2,4,1,99
725,4,4,2,4,0,
726,4,3,11,3,0,
727,2,2,5,2,0,
728,3,3,11,3,0,
729,3,3,11,3,0,
730,4,4,2,4,0,
731,4,4,2,4,0,
732,4,4,2,4,0,
733,3,3,11,3,0,
734,2,2,5,2,0,
735,3,3,11,3,0,
736,4,4,2,4,0,
737,3,3,11,3,0,
738,4,4,2,4,0,
739,4,4,2,4,0,
740,2,2,5,2,0,
741,5,5,1,5,1,99
742,3,3,11,3,1,97
743,3,4,11,3,0,
744,4,4,2,4,0,
745,3,3,11,3,0,
746,2,2,5,2,0,
747,2,2,5,2,1,97
748,2,2,5,2,0,
749,3,3,11,3,0,
750,2,2,11,3,0,
751,3,3,11,3,0,
752,4,4,2,4,0,
753,3,2,5,2,0,
754,2,2,5,2,1,99
755,2,2,5,2,0,
756,4,4,2,4,1,98
757,1,1,7,1,0,
758,3,3,11,3,1,99
759,4,4,2,4,0,
760,3,3,11,3,1,98
761,3,3,11,3,1,99
762,3,3,11,3,1,98
763,4,2,5,2,0,
764,4,4,11,3,0,
765,3,3,11,3,0,
766,2,2,5,2,1,99
767,1,2,2,4,1,47
768,3,3,11,3,0,
769,3,3,11,3,1,99
770,3,3,11,3,0,
771,6,6,2,4,0,
772,3,3,11,3,0,
773,2,2,2,4,0,
774,3,2,5,2,0,
775,2,2,5,2,0,
776,3,3,11,3,0,
777,3,3,11,3,0,
778,3,3,11,3,1,99
779,3,3,11,3,0,
780,3,2,5,2,0,
781,4,4,2,4,0,
782,4,1,7,1,1,87
783,5,5,1,5,0,
784,4,4,2,4,0,
785,4,4,2,4,0,
786,2,2,5,2,0,
787,2,2,5,2,1,99
788,3,3,11,3,0,
789,4,3,11,3,0,
790,2,2,11,3,0,
791,1,1,7,1,1,57
792,2,2,5,2,1,92
793,3,3,11,3,0,
794,4,4,2,4,1,99
795,4,4,2,4,0,
796,3,3,11,3,0,
797,4,3,11,3,0,
798,2,2,5,2,0,
799,3,2,11,3,1,99
800,5,5,1,5,1,100
801,3,3,11,3,0,
802,5,5,1,5,0,
803,2,2,11,3,0,
804,4,2,11,3,0,
805,1,2,11,3,1,98
806,2,2,5,2,1,99
807,3,3,11,3,1,85
808,2,2,5,2,0,
809,3,3,11,3,0,
810,4,4,2,4,0,
811,4,4,2,4,0,
812,2,6,5,2,0,
813,2,3,5,2,1,51
814,2,2,5,2,0,
815,3,3,11,3,0,
816,3,3,11,3,0,
817,3,3,11,3,0,
818,4,4,2,4,0,
819,3,2,11,3,0,
820,4,3,11,3,0,
821,4,4,2,4,0,
822,5,5,1,5,0,
823,2,2,5,2,0,
824,3,3,11,3,0,
825,1,1,7,1,0,
826,6,3,11,3,0,
827,1,1,7,1,0,
828,4,4,2,4,0,
829,4,3,2,4,0,
830,5,5,1,5,0,
831,4,4,2,4,0,
832,5,5,1,5,0,
833,2,4,2,4,0,
834,3,3,11,3,0,
835,3,3,11,3,0,
836,2,2,5,2,0,
837,2,2,5,2,0,
838,2,2,5,2,0,
839,2,2,5,2,1,99
840,3,3,11,3,0,
841,2,2,5,2,0,
842,3,3,11,3,0,
843,2,2,5,2,0,
844,4,4,2,4,0,
845,2,2,5,2,0,
846,3,3,11,3,0,
847,3,3,11,3,1,99
848,3,3,11,3,0,
849,3,3,2,4,0,
850,4,4,2,4,0,
851,1,1,7,1,0,
852,3,2,5,2,1,85
853,2,2,5,2,0,
854,4,6,2,4,0,
855,4,2,2,4,0,
856,3,4,2,4,0,
857,2,2,5,2,0,
858,3,3,11,3,1,96
859,3,3,11,3,0,
860,2,2,5,2,0,
861,4,3,11,3,1,94
862,4,6,2,4,0,
863,3,2,11,3,0,
864,2,2,5,2,0,
865,4,4,2,4,0,
866,5,5,1,5,1,100
867,4,4,11,3,0,
868,4,3,11,3,0,
869,6,1,11,3,0,
870,6,6,2,4,0,
871,4,4,2,4,1,96
872,3,3,11,3,0,
873,4,4,2,4,0,
874,5,5,1,5,0,
875,4,4,2,4,1,99
876,3,3,11,3,1,99
877,4,6,2,4,0,
878,4,3,11,3,0,
879,3,3,11,3,0,
880,4,4,2,4,0,
881,3,3,11,3,0,
882,3,3,11,3,0,
883,4,6,7,1,0,
884,3,3,11,3,0,
885,4,3,11,3,0,
886,4,2,2,4,0,
887,3,3,11,3,0,
888,2,2,5,2,0,
889,4,4,2,4,0,
890,4,6,2,4,1,99
891,5,5,1,5,0,
892,2,2,11,3,0,
893,3,3,11,3,0,
894,3,6,11,3,0,
895,4,4,2,4,1,94
896,4,4,2,4,0,
897,2,2,5,2,0,
898,2,2,5,2,0,
899,3,3,11,3,0,
900,4,4,11,3,0,
901,2,2,5,2,0,
902,3,3,11,3,0,
903,2,2,5,2,0,
904,2,2,5,2,0,
905,3,3,11,3,0,
906,4,4,2,4,0,
907,4,4,2,4,0,
908,2,2,5,2,0,
909,4,4,2,4,0,
910,8,8,8,8,1,99
911,3,3,11,3,0,
912,4,4,2,4,1,99
913,4,4,2,4,0,
914,3,3,11,3,0,
915,6,6,2,4,0,
916,3,3,11,3,0,
917,6,6,2,4,0,
918,5,5,1,5,0,
919,2,2,11,3,0,
920,5,5,1,5,0,
921,2,2,5,2,0,
922,3,3,11,3,0,
923,3,3,11,3,1,211
924,3,3,11,3,0,
925,5,6,1,5,0,
926,1,2,5,2,1,88
927,4,4,2,4,0,
928,4,6,2,4,0,
929,6,6,2,4,0,
930,2,3,11,3,1,96
931,6,4,2,4,1,99
932,2,2,5,2,0,
933,1,2,7,1,0,
934,2,2,11,3,0,
935,3,3,11,3,0,
936,4,4,2,4,0,
937,5,5,1,5,1,74
938,4,4,2,4,0,
939,3,3,11,3,0,
940,3,3,11,3,0,
941,3,3,8,8,0,
942,1,1,7,1,0,
943,3,3,11,3,0,
944,3,3,11,3,0,
945,3,3,11,3,0,
946,3,3,11,3,1,98
947,3,6,11,3,1,91
948,4,4,2,4,0,
949,2,2,5,2,0,
950,3,3,11,3,1,99
951,1,1,5,2,0,
952,3,3,5,2,0,
953,3,3,11,3,0,
954,2,2,5,2,1,98
955,3,3,11,3,0,
956,3,3,11,3,0,
957,4,4,2,4,0,
958,4,4,2,4,0,
959,4,4,2,4,0,
960,8,8,8,8,1,99
961,2,2,5,2,0,
962,4,4,2,4,0,
963,1,2,2,4,1,30
964,5,5,1,5,1,99
965,6,4,2,4,0,
966,2,2,5,2,0,
967,4,4,2,4,0,
968,3,4,11,3,1,54
969,3,3,11,3,0,
970,4,4,11,3,0,
971,4,4,2,4,0,
972,3,3,11,3,1,99
973,3,3,11,3,0,
974,4,4,2,4,0,
975,4,4,2,4,0,
976,2,2,5,2,0,
977,4,4,11,3,0,
978,4,4,2,4,0,
979,4,4,2,4,1,99
980,3,3,11,3,1,98
981,2,2,11,3,0,
982,3,3,11,3,0,
983,4,3,2,4,0,
984,1,1,7,1,0,
985,4,4,2,4,0,
986,2,2,5,2,0,
987,1,1,7,1,0,
988,6,6,11,3,0,
989,4,3,2,4,0,
990,1,3,7,1,1,82
991,3,3,11,3,0,
992,2,2,5,2,1,96
993,3,3,5,2,0,
994,3,3,11,3,0,
995,6,6,11,3,0,
996,5,5,1,5,0,
997,2,2,5,2,0,
998,2,2,11,3,1,51
999,1,1,5,2,0,
1000,5,5,1,5,1,99
1001,3,3,11,3,1,94
1002,4,3,2,4,0,
1003,3,8,8,8,0,
1004,2,2,5,2,0,
1005,6,6,2,4,1,98
1006,1,2,7,1,0,
1007,3,4,2,4,0,
1008,4,4,2,4,0,
1009,3,3,11,3,0,
1010,3,3,11,3,1,99
1011,3,3,5,2,0,
1012,4,4,11,3,0,
1013,4,3,2,4,1,87
1014,2,2,5,2,1,99
1015,4,4,2,4,0,
1016,2,2,5,2,0,
1017,2,2,11,3,0,
1018,3,4,11,3,1,151
1019,5,5,1,5,0,
1020,3,3,11,3,1,97
1021,3,3,11,3,0,
1022,2,2,7,1,0,
1023,2,2,5,2,0,
1024,4,4,2,4,0,
1025,6,2,11,3,0,
1026,3,3,11,3,0,
1027,4,4,2,4,0,
1028,3,3,11,3,0,
1029,3,3,11,3,1,99
1030,2,3,5,2,0,
1031,3,3,11,3,0,
1032,4,4,2,4,1,88
1033,3,3,11,3,1,92
1034,6,3,11,3,0,
1035,3,3,11,3,1,99
1036,3,3,11,3,1,98
1037,3,3,11,3,1,99
1038,4,1,2,4,0,
1039,6,6,11,3,0,
1040,3,3,11,3,0,
1041,4,4,2,4,0,
1042,4,4,2,4,0,
1043,3,3,11,3,0,
1044,2,2,5,2,0,
1045,3,4,11,3,1,50
1046,4,4,11,3,1,99
1047,4,4,2,4,0,
1048,4,4,2,4,0,
1049,3,3,11,3,0,
1050,5,5,1,5,1,99
1051,1,2,7,1,0,
1052,4,4,2,4,0,
1053,3,3,11,3,0,
1054,3,2,11,3,0,
1055,3,3,11,3,1,99
1056,4,4,2,4,0,
1057,2,2,5,2,0,
1058,4,4,2,4,0,
1059,4,4,11,3,0,
1060,4,4,2,4,1,99
1061,3,3,11,3,1,88
1062,2,3,11,3,0,
1063,4,4,2,4,0,
1064,3,3,5,2,0,
1065,2,2,11,3,0,
1066,3,3,11,3,0,
1067,2,2,11,3,0,
1068,3,6,4,6,0,
1069,3,1,2,4,1,52
1070,2,2,5,2,0,
1071,6,8,11,3,0,
1072,6,6,11,3,0,
1073,3,3,11,3,0,
1074,2,2,5,2,0,
1075,4,4,2,4,0,
1076,2,2,5,2,1,99
1077,3,3,11,3,0,
1078,6,6,2,4,0,
1079,4,4,2,4,0,
1080,2,2,5,2,0,
1081,2,2,5,2,0,
1082,4,6,2,4,0,
1083,4,4,2,4,1,99
1084,3,3,11,3,0,
1085,6,6,2,4,0,
1086,3,3,11,3,1,99
1087,2,2,7,1,0,
1088,2,2,5,2,0,
1089,3,3,11,3,1,99
1090,3,2,5,2,0,
1091,4,3,11,3,0,
1092,4,3,11,3,0,
1093,3,3,11,3,0,
1094,4,4,2,4,0,
1095,2,2,11,3,0,
1096,2,2,5,2,0,
1097,3,3,11,3,0,
1098,3,3,11,3,1,94
1099,3,3,11,3,0,
1100,4,4,2,4,1,99
1101,4,4,2,4,0,
1102,4,4,2,4,0,
1103,4,4,2,4,0,
1104,3,3,11,3,0,
1105,4,4,2,4,0,
1106,4,4,2,4,0,
1107,3,3,11,3,0,
1108,6,6,7,1,0,
1109,3,3,11,3,0,
1110,3,6,11,3,1,99
1111,4,4,2,4,1,151
1112,4,4,2,4,0,
1113,3,2,11,3,1,88
1114,3,2,4,6,0,
1115,5,5,1,5,1,100
1116,4,4,11,3,0,
1117,3,3,11,3,0,
1118,1,1,7,1,0,
1119,3,3,11,3,1,99
1120,2,2,5,2,0,
1121,4,4,2,4,0,
1122,2,2,11,3,1,83
1123,3,3,11,3,0,
1124,3,2,5,2,1,69
1125,5,5,1,5,0,
1126,4,4,2,4,0,
1127,3,3,7,1,0,
1128,3,2,5,2,0,
1129,3,3,11,3,0,
1130,4,3,11,3,0,
1131,3,3,11,3,1,99
1132,3,3,11,3,1,99
1133,3,2,11,3,0,
1134,6,3,5,2,1,48
1135,2,4,2,4,1,51
1136,2,2,5,2,0,
1137,3,2,11,3,0,
1138,4,4,2,4,0,
1139,6,4,2,4,0,
1140,3,3,11,3,0,
1141,3,3,11,3,0,
1142,3,2,11,3,1,49
1143,4,4,2,4,0,
1144,4,6,2,4,0,
1145,3,2,11,3,0,
1146,3,3,11,3,0,
1147,3,3,11,3,0,
1148,4,4,2,4,0,
1149,6,4,2,4,0,
1150,2,2,5,2,1,99
1151,3,3,11,3,1,99
1152,4,4,2,4,0,
1153,5,5,1,5,0,
1154,2,2,5,2,1,99
1155,3,3,11,3,0,
1156,4,4,2,4,1,99
1157,2,2,11,3,0,
1158,3,3,11,3,0,
1159,2,2,11,3,0,
1160,4,4,2,4,0,
1161,3,3,5,2,0,
1162,2,2,5,2,0,
1163,4,3,11,3,0,
1164,4,4,2,4,0,
1165,6,6,2,4,0,
1166,4,4,2,4,0,
1167,4,4,2,4,0,
1168,4,4,11,3,0,
1169,3,3,11,3,0,
1170,3,3,11,3,0,
1171,4,4,2,4,0,
1172,4,4,2,4,0,
1173,3,3,11,3,0,
1174,2,2,5,2,1,99
1175,3,3,11,3,0,
1176,2,2,5,2,0,
1177,2,2,5,2,0,
1178,8,3,8,8,0,
1179,3,2,11,3,0,
1180,3,3,11,3,1,211
1181,2,2,5,2,0,
1182,4,4,2,4,0,
1183,3,3,11,3,0,
1184,4,4,2,4,0,
1185,4,4,7,1,0,
1186,2,2,5,2,0,
1187,2,2,5,2,0,
1188,2,2,5,2,0,
1189,3,3,11,3,1,99
1190,2,2,5,2,1,96
1191,3,3,11,3,0,
1192,6,6,11,3,0,
1193,4,4,2,4,0,
1194,8,8,8,8,0,
1195,2,2,5,2,1,99
1196,3,3,11,3,1,99
1197,3,3,11,3,0,
1198,4,4,2,4,1,95
1199,3,2,11,3,1,89
1200,2,2,5,2,0,
1201,4,6,2,4,0,
1202,3,2,11,3,0,
1203,5,5,1,5,0,
1204,4,4,2,4,0,
1205,3,3,11,3,0,
1206,3,3,11,3,0,
1207,3,1,11,3,0,
1208,3,3,11,3,0,
1209,4,4,2,4,0,
1210,3,3,11,3,0,
1211,4,4,2,4,0,
1212,4,1,2,4,0,
1213,3,3,8,8,1,99
1214,3,3,11,3,0,
1215,2,2,5,2,0,
1216,4,6,2,4,1,99
1217,3,3,11,3,0,
1218,4,4,2,4,1,99
1219,4,3,11,3,0,
1220,3,8,8,8,0,
1221,3,3,11,3,0,
1222,4,4,2,4,0,
1223,3,3,11,3,0,
1224,3,3,11,3,1,88
1225,3,3,11,3,0,
1226,3,3,11,3,0,
1227,2,2,11,3,1,98
1228,3,2,5,2,0,
1229,6,3,11,3,0,
1230,1,1,5,2,0,
1231,2,2,5,2,0,
1232,3,3,5,2,0,
1233,6,4,2,4,0,
1234,4,4,2,4,0,
1235,6,5,4,6,0,
1236,3,3,11,3,0,
1237,4,4,2,4,0,
1238,4,4,2,4,1,99
1239,2,2,5,2,1,98
1240,4,4,11,3,0,
1241,4,3,11,3,0,
1242,4,4,2,4,0,
1243,6,6,2,4,0,
1244,3,3,11,3,0,
1245,3,3,11,3,0,
1246,4,4,2,4,1,99
1247,4,4,2,4,0,
1248,3,3,5,2,0,
1249,2,2,5,2,0,
1250,3,3,11,3,0,
1251,1,1,7,1,1,99
1252,3,3,11,3,0,
1253,3,3,11,3,0,
1254,1,1,7,1,1,99
1255,3,3,11,3,0,
1256,3,3,11,3,0,
1257,4,4,2,4,1,95
1258,1,4,2,4,0,
1259,4,3,2,4,0,
1260,4,4,2,4,1,99
1261,4,4,2,4,0,
1262,3,3,11,3,0,
1263,3,3,11,3,0,
1264,3,3,11,3,0,
1265,2,2,5,2,0,
1266,4,4,2,4,0,
1267,3,3,11,3,0,
1268,5,5,1,5,0,
1269,4,4,2,4,0,
1270,3,3,5,2,0,
1271,8,3,11,3,0,
1272,3,2,11,3,1,97
1273,3,3,5,2,0,
1274,3,2,11,3,0,
1275,2,3,11,3,0,
1276,4,4,2,4,0,
1277,3,3,11,3,1,99
1278,4,6,2,4,0,
1279,4,4,2,4,0,
1280,2,3,11,3,0,
1281,1,1,7,1,1,65
1282,4,4,2,4,0,
1283,5,5,1,5,1,99
1284,3,3,11,3,0,
1285,4,4,2,4,1,85
1286,2,2,5,2,0,
1287,5,5,1,5,0,
1288,3,3,11,3,1,87
1289,3,3,11,3,0,
1290,6,2,5,2,0,
1291,1,2,7,1,0,
1292,1,1,5,2,1,85
1293,4,3,11,3,0,
1294,2,2,5,2,0,
1295,4,4,2,4,0,
1296,2,2,5,2,0,
1297,3,3,11,3,1,55
1298,4,4,11,3,0,
1299,4,3,11,3,1,94
1300,1,1,7,1,0,
1301,3,3,11,3,0,
1302,3,3,11,3,0,
1303,5,5,1,5,0,
1304,6,6,2,4,0,
1305,2,2,5,2,1,99
1306,6,6,1,5,0,
1307,1,1,7,1,1,96
1308,2,2,5,2,0,
1309,2,2,11,3,1,91
1310,4,4,2,4,1,97
1311,3,3,11,3,1,99
1312,3,3,11,3,0,
1313,4,4,2,4,1,99
1314,3,3,11,3,0,
1315,3,3,11,3,0,
1316,2,2,5,2,0,
1317,3,3,11,3,0,
1318,6,4,7,1,0,
1319,6,6,2,4,0,
1320,2,2,5,2,0,
1321,3,3,5,2,0,
1322,4,4,2,4,0,
1323,4,4,2,4,0,
1324,3,1,7,1,0,
1325,4,1,2,4,0,
1326,2,2,5,2,0,
1327,3,2,2,4,0,
1328,3,4,11,3,1,99
1329,4,4,11,3,1,91
1330,3,3,11,3,0,
1331,6,6,11,3,0,
1332,4,4,11,3,0,
1333,4,4,2,4,0,
1334,3,3,11,3,0,
1335,3,3,11,3,0,
1336,3,3,11,3,0,
1337,4,4,2,4,0,
1338,3,8,8,8,0,
1339,4,4,11,3,1,97
1340,4,4,2,4,0,
1341,4,4,2,4,0,
1342,3,3,11,3,0,
1343,2,2,5,2,0,
1344,3,2,5,2,0,
1345,5,5,1,5,0,
1346,6,3,11,3,0,
1347,3,3,11,3,0,
1348,4,4,2,4,0,
1349,4,4,2,4,0,
1350,4,4,2,4,0,
1351,4,4,11,3,0,
1352,3,3,11,3,0,
1353,5,5,1,5,1,99
1354,5,5,1,5,0,
1355,3,3,11,3,0,
1356,2,2,5,2,0,
1357,4,4,2,4,0,
1358,3,3,11,3,0,
1359,2,2,5,2,0,
1360,2,2,5,2,0,
1361,2,2,5,2,0,
1362,4,4,2,4,0,
1363,6,6,2,4,0,
1364,4,4,2,4,0,
1365,2,2,5,2,0,
1366,3,3,11,3,0,
1367,2,2,5,2,0,
1368,3,3,11,3,0,
1369,4,4,2,4,0,
1370,3,4,2,4,0,
1371,4,4,11,3,0,
1372,4,4,2,4,0,
1373,6,2,5,2,0,
1374,3,3,11,3,0,
1375,3,3,11,3,0,
1376,3,3,11,3,0,
1377,3,2,5,2,1,87
1378,4,4,2,4,0,
1379,2,2,5,2,1,99
1380,3,3,11,3,0,
1381,2,2,5,2,0,
1382,3,3,11,3,0,
1383,4,4,2,4,1,151
1384,6,6,2,4,1,99
1385,3,3,11,3,0,
1386,3,2,11,3,0,
1387,3,3,11,3,0,
1388,4,4,2,4,0,
1389,1,3,11,3,0,
1390,4,4,11,3,0,
1391,3,3,11,3,0,
1392,3,3,11,3,1,99
1393,5,5,1,5,0,
1394,4,4,2,4,0,
1395,2,2,5,2,1,95
1396,5,5,1,5,0,
1397,2,2,5,2,1,99
1398,3,3,11,3,0,
1399,3,3,11,3,0,
1400,6,6,2,4,0,
1401,3,3,11,3,1,99
1402,4,3,2,4,0,
1403,3,2,11,3,0,
1404,4,4,2,4,0,
1405,2,2,5,2,0,
1406,2,2,5,2,0,
1407,4,4,2,4,1,92
1408,4,4,2,4,1,99
1409,3,3,11,3,1,99
1410,3,3,11,3,0,
1411,4,4,2,4,0,
1412,2,2,5,2,0,
1413,4,3,2,4,0,
1414,3,3,2,4,1,99
1415,3,3,11,3,0,
1416,4,4,2,4,0,
1417,2,2,5,2,0,
1418,4,4,2,4,0,
1419,6,6,4,6,1,99
1420,2,2,5,2,0,
1421,3,3,11,3,0,
1422,3,3,11,3,1,93
1423,3,3,11,3,0,
1424,3,2,5,2,0,
1425,3,3,11,3,0,
1426,4,3,11,3,0,
1427,4,4,2,4,0,
1428,3,3,11,3,0,
1429,2,2,5,2,0,
1430,2,2,5,2,0,
1431,2,2,5,2,1,99
1432,3,3,11,3,0,
1433,4,4,2,4,0,
1434,2,2,5,2,0,
1435,4,4,2,4,0,
1436,1,1,11,3,0,
1437,3,3,11,3,0,
1438,3,3,11,3,0,
1439,3,1,5,2,1,43
1440,2,2,5,2,0,
1441,3,3,11,3,0,
1442,3,3,11,3,1,86
1443,1,4,2,4,0,
1444,3,3,11,3,0,
1445,4,4,2,4,0,
1446,3,3,11,3,0,
1447,3,3,11,3,0,
1448,3,3,11,3,1,99
1449,3,3,11,3,0,
1450,2,6,5,2,0,
1451,4,4,2,4,0,
1452,3,3,11,3,1,99
1453,3,2,5,2,0,
1454,8,5,8,8,1,82
1455,2,2,5,2,0,
1456,3,3,11,3,0,
1457,4,6,2,4,0,
1458,4,4,2,4,1,81
1459,3,2,11,3,0,
1460,2,2,5,2,0,
1461,4,4,2,4,0,
1462,2,3,11,3,1,59
1463,3,3,11,3,1,99
1464,3,3,11,3,1,84
1465,3,3,11,3,0,
1466,1,2,5,2,1,70
1467,4,4,2,4,0,
1468,2,2,5,2,0,
1469,4,4,11,3,0,
1470,2,2,5,2,0,
1471,3,2,11,3,0,
1472,2,2,5,2,0,
1473,3,2,11,3,0,
1474,3,3,11,3,0,
1475,4,4,2,4,0,
1476,3,3,11,3,0,
1477,6,6,5,2,0,
1478,2,2,5,2,0,
1479,4,3,11,3,1,99
1480,3,3,11,3,1,99
1481,3,3,11,3,1,99
1482,3,3,11,3,0,
1483,2,2,5,2,0,
1484,3,3,11,3,0,
1485,8,5,11,3,0,
1486,5,5,1,5,1,99
1487,6,6,11,3,0,
1488,4,4,2,4,0,
1489,4,4,2,4,0,
1490,3,3,11,3,0,
1491,3,2,5,2,1,97
1492,2,2,5,2,1,97
1493,3,3,11,3,0,
1494,5,5,1,5,0,
1495,3,3,11,3,0,
1496,3,3,11,3,0,
1497,3,3,11,3,0,
1498,4,4,2,4,0,
1499,4,4,2,4,0,
1500,3,2,11,3,0,
1501,6,6,2,4,0,
1502,3,3,11,3,0,
1503,4,4,2,4,1,99
1504,4,4,2,4,0,
1505,4,4,2,4,0,
1506,6,6,11,3,0,
1507,3,3,8,8,0,
1508,3,3,11,3,0,
1509,3,3,11,3,0,
1510,3,3,11,3,0,
1511,3,3,11,3,0,
1512,4,4,2,4,0,
1513,2,2,5,2,1,99
1514,3,3,5,2,0,
1515,4,4,2,4,0,
1516,3,6,11,3,0,
1517,2,2,5,2,0,
1518,4,3,11,3,1,99
1519,5,5,1,5,1,100
1520,2,2,5,2,0,
1521,3,3,11,3,0,
1522,3,3,11,3,0,
1523,4,4,2,4,1,95
1524,3,3,11,3,0,
1525,6,6,2,4,0,
1526,1,1,7,1,1,92
1527,6,4,2,4,0,
1528,1,3,2,4,0,
1529,2,2,5,2,0,
1530,4,4,2,4,0,
1531,2,3,11,3,0,
1532,2,2,5,2,1,99
1533,4,4,2,4,1,99
1534,4,4,11,3,1,98
1535,1,3,5,2,0,
1536,3,2,5,2,1,59
1537,2,2,5,2,0,
1538,2,2,5,2,0,
1539,3,3,11,3,1,99
1540,3,3,11,3,0,
1541,4,3,11,3,0,
1542,4,4,2,4,0,
1543,4,3,11,3,0,
1544,6,6,2,4,0,
1545,1,1,7,1,0,
1546,4,4,2,4,0,
1547,4,4,11,3,1,99
1548,3,3,11,3,0,
1549,2,2,5,2,1,99
1550,6,2,5,2,0,
1551,4,4,2,4,1,81
1552,2,2,5,2,1,99
1553,4,4,11,3,0,
1554,1,1,2,4,0,
1555,4,4,2,4,0,
1556,1,1,11,3,0,
1557,2,2,5,2,0,
1558,4,6,2,4,0,
1559,3,3,11,3,0,
1560,3,3,11,3,0,
1561,2,2,5,2,1,99
1562,4,4,2,4,1,99
1563,3,3,11,3,1,99
1564,4,4,2,4,0,
1565,4,4,2,4,1,99
1566,4,4,2,4,0,
1567,4,3,5,2,0,
1568,3,3,11,3,0,
1569,3,3,11,3,1,99
1570,4,4,11,3,0,
1571,3,3,11,3,1,99
1572,4,4,2,4,0,
1573,5,5,1,5,1,99
1574,3,3,11,3,0,
1575,3,3,11,3,0,
1576,4,4,11,3,1,99
1577,5,5,1,5,1,100
1578,6,6,2,4,1,99
1579,3,2,5,2,0,
1580,5,5,1,5,0,
1581,3,3,11,3,0,
1582,6,6,11,3,0,
1583,3,3,11,3,0,
1584,4,4,2,4,0,
1585,3,3,11,3,0,
1586,5,5,1,5,0,
1587,4,6,2,4,0,
1588,3,3,11,3,0,
1589,5,5,1,5,0,
1590,3,3,8,8,0,
1591,4,4,2,4,1,96
1592,3,3,5,2,0,
1593,3,3,11,3,0,
1594,4,3,7,1,0,
1595,3,2,11,3,0,
1596,4,4,2,4,0,
1597,2,2,5,2,0,
1598,2,3,5,2,0,
1599,4,4,2,4,0,
1600,3,3,11,3,0,
1601,4,4,7,1,0,
1602,3,3,11,3,0,
1603,5,5,1,5,0,
1604,3,3,11,3,0,
1605,3,4,11,3,0,
1606,3,3,11,3,0,
1607,4,6,2,4,0,
1608,4,3,2,4,0,
1609,2,2,5,2,0,
1610,3,3,11,3,0,
1611,2,3,5,2,1,93
1612,3,3,11,3,0,
1613,4,4,2,4,1,99
1614,3,3,11,3,0,
1615,4,4,2,4,0,
1616,1,1,7,1,0,
1617,3,3,11,3,0,
1618,3,3,5,2,0,
1619,4,4,2,4,0,
1620,5,5,1,5,1,100
1621,2,2,5,2,0,
1622,4,4,11,3,1,98
1623,4,3,11,3,1,99
1624,3,3,5,2,0,
1625,6,6,2,4,0,
1626,3,3,11,3,0,
1627,4,4,2,4,0,
1628,1,1,5,2,1,99
1629,3,2,11,3,0,
1630,4,4,2,4,0,
1631,3,3,11,3,0,
1632,2,2,5,2,0,
1633,2,3,5,2,1,86
1634,2,2,5,2,1,99
1635,4,4,2,4,0,
1636,8,8,8,8,0,
1637,3,2,11,3,1,95
1638,4,4,2,4,1,95
1639,3,3,11,3,1,97
1640,3,4,5,2,0,
1641,4,4,2,4,0,
1642,3,3,5,2,1,152
1643,3,3,11,3,1,99
1644,3,2,5,2,1,99
1645,2,2,5,2,1,99
1646,4,4,2,4,0,
1647,4,3,11,3,0,
1648,5,5,1,5,0,
1649,2,2,5,2,0,
1650,4,4,2,4,0,
1651,5,5,1,5,0,
1652,3,3,11,3,0,
1653,1,1,7,1,0,
1654,3,4,5,2,0,
1655,4,4,2,4,0,
1656,4,4,11,3,0,
1657,5,5,1,5,0,
1658,3,3,11,3,0,
1659,2,2,5,2,0,
1660,2,2,5,2,0,
1661,3,3,11,3,0,
1662,4,4,2,4,0,
1663,3,3,11,3,0,
1664,2,2,5,2,0,
1665,3,2,5,2,0,
1666,3,3,11,3,1,96
1667,1,2,7,1,0,
1668,3,3,11,3,0,
1669,3,3,11,3,1,99
1670,1,1,11,3,0,
1671,1,1,7,1,0,
1672,2,2,5,2,0,
1673,3,3,11,3,0,
1674,2,2,5,2,0,
1675,2,2,5,2,0,
1676,4,4,2,4,0,
1677,4,3,2,4,0,
1678,1,5,8,8,0,
1679,1,1,7,1,0,
1680,2,2,8,8,0,
1681,4,4,2,4,0,
1682,3,4,5,2,0,
1683,3,3,11,3,1,99
1684,2,2,5,2,0,
1685,4,4,2,4,1,99
1686,2,2,5,2,0,
1687,1,1,7,1,1,99
1688,2,2,5,2,0,
1689,3,3,11,3,0,
1690,3,3,11,3,0,
1691,3,3,11,3,0,
1692,3,3,11,3,0,
1693,4,3,2,4,0,
1694,4,4,2,4,0,
1695,2,2,5,2,0,
1696,4,4,11,3,0,
1697,2,2,5,2,0,
1698,2,2,5,2,0,
1699,4,4,2,4,0,
1700,4,4,2,4,1,99
1701,3,3,11,3,0,
1702,5,5,1,5,1,99
1703,3,3,11,3,0,
1704,3,3,11,3,0,
1705,2,2,5,2,0,
1706,4,4,2,4,0,
1707,5,5,1,5,1,99
1708,4,4,2,4,0,
1709,4,3,11,3,0,
1710,3,3,11,3,0,
1711,4,4,2,4,0,
1712,3,3,11,3,0,
1713,2,2,11,3,0,
1714,3,3,11,3,0,
1715,3,3,11,3,0,
1716,3,2,5,2,0,
1717,2,2,5,2,0,
1718,1,1,7,1,0,
1719,5,5,1,5,0,
1720,3,3,11,3,1,99
1721,6,2,11,3,1,48
1722,5,5,1,5,0,
1723,3,3,11,3,0,
1724,3,2,11,3,0,
1725,2,2,5,2,0,
1726,3,3,11,3,0,
1727,5,5,1,5,0,
1728,3,3,11,3,1,99
1729,4,4,2,4,0,
1730,4,4,2,4,0,
1731,1,2,7,1,0,
1732,5,5,1,5,0,
1733,4,4,11,3,0,
1734,1,1,7,1,0,
1735,5,2,7,1,0,
1736,3,3,11,3,0,
1737,4,2,2,4,0,
1738,3,8,11,3,0,
1739,2,3,5,2,1,75
1740,2,2,5,2,1,99
1741,6,2,11,3,0,
1742,5,5,1,5,0,
1743,3,3,11,3,0,
1744,3,3,11,3,0,
1745,3,3,11,3,0,
1746,4,4,2,4,0,
1747,4,4,2,4,0,
1748,4,3,11,3,0,
1749,4,4,2,4,0,
1750,2,2,5,2,0,
1751,1,2,7,1,0,
1752,1,6,11,3,0,
1753,3,3,5,2,0,
1754,3,3,11,3,0,
1755,3,3,11,3,0,
1756,5,5,1,5,1,99
1757,2,2,7,1,0,
1758,3,3,11,3,0,
1759,1,4,2,4,0,
1760,3,3,11,3,0,
1761,3,3,11,3,1,98
1762,3,3,11,3,0,
1763,4,3,2,4,0,
1764,3,3,11,3,0,
1765,2,2,5,2,1,99
1766,4,3,11,3,0,
1767,2,2,5,2,0,
1768,1,1,7,1,1,95
1769,2,2,11,3,0,
1770,4,4,2,4,1,76
1771,3,3,11,3,0,
1772,2,2,5,2,0,
1773,4,4,11,3,0,
1774,4,4,2,4,0,
1775,3,3,11,3,0,
1776,4,4,2,4,0,
1777,3,3,11,3,0,
1778,2,2,5,2,0,
1779,3,3,11,3,1,99
1780,3,3,8,8,0,
1781,4,4,2,4,0,
1782,3,3,5,2,0,
1783,5,5,1,5,0,
1784,2,2,5,2,0,
1785,6,6,11,3,0,
1786,4,1,11,3,1,83
1787,4,4,2,4,0,
1788,2,2,5,2,0,
1789,4,3,11,3,0,
1790,3,2,7,1,0,
1791,4,6,2,4,0,
1792,3,3,11,3,0,
1793,6,6,2,4,0,
1794,4,6,2,4,0,
1795,4,4,2,4,0,
1796,4,4,2,4,0,
1797,2,2,5,2,0,
1798,8,3,11,3,0,
1799,2,2,5,2,1,211
1800,4,4,2,4,0,
1801,4,5,1,5,1,80
1802,4,4,2,4,0,
1803,5,5,1,5,1,99
1804,6,6,2,4,0,
1805,2,2,5,2,1,89
1806,3,3,11,3,0,
1807,1,1,7,1,0,
1808,3,3,11,3,0,
1809,3,3,11,3,1,97
1810,3,3,11,3,0,
1811,2,2,5,2,0,
1812,4,3,11,3,0,
1813,2,2,5,2,0,
1814,3,4,11,3,0,
1815,4,4,2,4,0,
1816,4,4,2,4,0,
1817,3,3,11,3,0,
1818,1,1,7,1,0,
1819,2,2,2,4,1,78
1820,3,8,8,8,0,
1821,1,1,7,1,0,
1822,2,2,5,2,0,
1823,4,4,11,3,0,
1824,2,2,5,2,1,99
1825,2,2,5,2,0,
1826,4,4,2,4,0,
1827,2,2,5,2,0,
1828,3,2,5,2,0,
1829,3,3,11,3,0,
1830,1,1,7,1,0,
1831,6,6,2,4,0,
1832,8,8,11,3,0,
1833,6,4,2,4,0,
1834,3,3,11,3,0,
1835,4,4,2,4,0,
1836,4,4,2,4,0,
1837,4,4,2,4,1,97
1838,4,4,2,4,0,
1839,4,2,5,2,0,
1840,2,2,5,2,0,
1841,4,3,11,3,1,82
1842,4,4,2,4,0,
1843,3,2,11,3,0,
1844,4,4,2,4,0,
1845,5,5,1,5,0,
1846,3,3,11,3,0,
1847,3,4,11,3,0,
1848,5,5,1,5,0,
1849,6,6,2,4,0,
1850,3,2,5,2,0,
1851,2,2,5,2,0,
1852,2,2,5,2,0,
1853,4,4,11,3,1,99
1854,3,3,11,3,0,
1855,4,4,2,4,0,
1856,1,2,7,1,0,
1857,3,3,11,3,0,
1858,3,3,11,3,0,
1859,3,3,5,2,0,
1860,4,4,2,4,1,98
1861,3,3,11,3,0,
1862,3,3,11,3,0,
1863,2,2,5,2,0,
1864,3,3,11,3,1,99
1865,2,2,5,2,0,
1866,2,2,5,2,0,
1867,4,4,2,4,0,
1868,3,3,11,3,1,74
1869,5,5,1,5,0,
1870,5,5,1,5,0,
1871,3,3,11,3,0,
1872,3,3,2,4,0,
1873,3,3,11,3,0,
1874,4,4,2,4,0,
1875,3,3,11,3,1,98
1876,3,3,11,3,0,
1877,5,5,1,5,1,99
1878,2,2,5,2,0,
1879,4,4,2,4,0,
1880,5,5,1,5,0,
1881,4,4,2,4,1,96
1882,3,3,11,3,1,99
1883,3,2,11,3,0,
1884,2,2,5,2,0,
1885,6,3,11,3,0,
1886,3,8,11,3,0,
1887,4,2,2,4,0,
1888,5,5,1,5,0,
1889,1,3,2,4,0,
1890,2,2,5,2,1,99
1891,4,4,11,3,0,
1892,2,2,5,2,0,
1893,3,3,11,3,0,
1894,1,1,7,1,0,
1895,1,1,7,1,0,
1896,4,2,11,3,0,
1897,4,4,2,4,1,62
1898,4,4,2,4,0,
1899,2,2,11,3,0,
1900,3,3,11,3,0,
1901,4,4,2,4,0,
1902,5,5,1,5,0,
1903,1,2,7,1,0,
1904,4,4,11,3,0,
1905,3,3,11,3,1,96
1906,3,4,2,4,0,
1907,2,1,5,2,0,
1908,8,8,8,8,0,
1909,5,5,1,5,1,100
1910,4,4,2,4,0,
1911,2,2,5,2,1,99
1912,2,2,5,2,0,
1913,2,2,5,2,0,
1914,3,3,11,3,0,
1915,4,4,2,4,0,
1916,1,1,7,1,0,
1917,2,2,5,2,0,
1918,1,1,7,1,1,99
1919,2,2,5,2,1,81
1920,3,3,11,3,0,
1921,3,3,11,3,0,
1922,2,2,5,2,0,
1923,2,2,5,2,0,
1924,3,3,11,3,0,
1925,2,2,5,2,0,
1926,4,4,2,4,0,
1927,2,2,5,2,1,69
1928,4,3,11,3,0,
1929,2,2,5,2,1,94
1930,2,2,11,3,0,
1931,4,4,2,4,1,90
1932,3,3,11,3,0,
1933,4,4,2,4,0,
1934,4,4,2,4,0,
1935,3,4,11,3,0,
1936,3,3,11,3,0,
1937,3,3,11,3,0,
1938,3,3,11,3,0,
1939,4,4,2,4,1,151
1940,1,1,7,1,0,
1941,3,3,11,3,0,
1942,4,4,2,4,0,
1943,4,4,2,4,0,
1944,4,4,2,4,1,99
1945,4,4,2,4,0,
1946,2,2,5,2,0,
1947,4,4,2,4,1,99
1948,2,2,5,2,0,
1949,1,1,7,1,0,
1950,3,2,5,2,0,
1951,4,4,2,4,1,99
1952,4,4,2,4,1,99
1953,3,3,5,2,0,
1954,3,3,11,3,1,99
1955,4,3,11,3,0,
1956,1,1,7,1,0,
1957,2,2,5,2,0,
1958,4,4,2,4,1,74
1959,1,1,7,1,0,
1960,3,3,11,3,0,
1961,5,6,1,5,0,
1962,3,3,11,3,0,
1963,2,2,11,3,0,
1964,3,3,11,3,0,
1965,2,2,5,2,0,
1966,3,2,11,3,1,67
1967,2,2,5,2,0,
1968,4,4,2,4,0,
1969,2,2,5,2,0,
1970,3,3,11,3,0,
1971,6,6,2,4,0,
1972,2,2,5,2,0,
1973,3,3,11,3,0,
1974,4,4,2,4,0,
1975,4,4,2,4,0,
1976,4,4,2,4,0,
1977,2,2,5,2,0,
1978,5,5,1,5,0,
1979,2,2,5,2,1,99
1980,4,3,11,3,0,
1981,3,3,11,3,1,99
1982,4,4,2,4,1,99
1983,4,4,2,4,0,
1984,4,4,11,3,0,
1985,2,2,11,3,0,
1986,3,3,11,3,0,
1987,4,4,2,4,1,99
1988,4,4,2,4,1,85
1989,2,2,5,2,0,
1990,2,2,5,2,0,
1991,2,2,5,2,0,
1992,4,4,11,3,0,
1993,6,6,2,4,0,
1994,4,4,2,4,0,
1995,2,2,5,2,0,
1996,3,3,11,3,0,
1997,6,6,2,4,0,
1998,4,2,5,2,1,86
1999,1,1,7,1,0,
2000,3,3,11,3,0,
2001,4,4,2,4,1,99
2002,4,4,2,4,1,99
2003,2,2,5,2,0,
2004,1,2,7,1,1,63
2005,3,3,11,3,0,
2006,3,3,11,3,0,
2007,4,4,2,4,0,
2008,4,4,11,3,0,
2009,4,2,7,1,0,
2010,2,2,5,2,0,
2011,3,3,11,3,0,
2012,2,2,5,2,0,
2013,5,5,1,5,0,
2014,4,4,2,4,0,
2015,3,2,11,3,0,
2016,3,3,11,3,0,
2017,4,4,2,4,1,79
2018,2,2,5,2,0,
2019,3,8,11,3,0,
2020,5,5,1,5,0,
2021,3,2,11,3,0,
2022,3,3,11,3,0,
2023,1,2,5,2,1,98
2024,2,3,5,2,0,
2025,8,3,8,8,1,97
2026,2,2,5,2,1,99
2027,3,3,11,3,0,
2028,4,3,11,3,0,
2029,4,4,2,4,1,98
2030,4,4,2,4,0,
2031,3,3,11,3,0,
2032,4,2,2,4,0,
2033,3,3,11,3,0,
2034,6,4,2,4,1,93
2035,3,3,5,2,0,
2036,1,5,11,3,0,
2037,3,3,11,3,0,
2038,3,3,11,3,0,
2039,2,2,5,2,0,
2040,4,6,2,4,0,
2041,4,4,2,4,0,
2042,3,3,11,3,0,
2043,3,3,11,3,0,
2044,1,1,7,1,0,
2045,3,3,11,3,0,
2046,2,2,2,4,0,
2047,2,2,11,3,0,
2048,3,3,11,3,0,
2049,2,2,11,3,1,98
2050,2,2,5,2,1,99
2051,3,3,11,3,0,
2052,6,6,2,4,0,
2053,1,4,7,1,0,
2054,3,2,11,3,0,
2055,5,3,5,2,0,
2056,3,3,11,3,1,99
2057,3,3,11,3,0,
2058,4,3,2,4,0,
2059,3,3,11,3,0,
2060,5,5,1,5,0,
2061,6,6,2,4,0,
2062,3,3,11,3,0,
2063,3,3,5,2,0,
2064,4,4,11,3,1,92
2065,1,1,7,1,1,79
2066,4,6,2,4,0,
2067,3,3,11,3,1,99
2068,3,3,11,3,0,
2069,3,3,11,3,1,99
2070,2,2,5,2,0,
2071,4,4,2,4,1,99
2072,3,3,11,3,0,
2073,3,2,11,3,1,97
2074,3,3,11,3,0,
2075,3,3,11,3,1,99
2076,3,3,11,3,1,98
2077,3,3,11,3,0,
2078,3,3,11,3,0,
2079,3,3,11,3,0,
2080,3,2,11,3,0,
2081,2,1,5,2,0,
2082,4,3,2,4,0,
2083,2,2,5,2,0,
2084,3,3,5,2,0,
2085,4,6,2,4,1,99
2086,2,2,5,2,0,
2087,4,4,2,4,0,
2088,3,3,11,3,1,80
2089,8,8,8,8,0,
2090,2,2,5,2,0,
2091,2,2,5,2,0,
2092,2,2,5,2,0,
2093,3,2,11,3,0,
2094,2,2,5,2,1,99
2095,3,3,5,2,0,
2096,3,3,11,3,1,97
2097,4,4,2,4,0,
2098,6,6,2,4,0,
2099,3,3,11,3,1,96
2100,3,3,11,3,1,98
2101,6,6,2,4,1,99
2102,2,2,11,3,0,
2103,2,2,5,2,0,
2104,3,3,11,3,0,
2105,3,3,11,3,0,
2106,5,5,1,5,0,
2107,4,4,2,4,0,
2108,4,2,2,4,0,
2109,3,3,11,3,0,
2110,4,4,2,4,0,
2111,3,3,11,3,0,
2112,3,3,11,3,0,
2113,3,3,11,3,1,99
2114,4,3,11,3,0,
2115,3,3,11,3,0,
2116,5,5,1,5,1,99
2117,3,3,11,3,0,
2118,3,3,11,3,0,
2119,3,3,11,3,0,
2120,3,3,11,3,0,
2121,3,3,11,3,1,99
2122,6,4,2,4,0,
2123,3,3,11,3,0,
2124,3,3,11,3,0,
2125,3,3,11,3,0,
2126,2,2,5,2,1,98
2127,4,4,2,4,0,
2128,4,4,2,4,0,
2129,3,3,11,3,0,
2130,2,2,5,2,0,
2131,3,3,11,3,1,99
2132,3,3,11,3,0,
2133,3,3,11,3,0,
2134,2,2,5,2,0,
2135,2,2,5,2,1,99
2136,3,2,5,2,0,
2137,2,2,5,2,0,
2138,3,3,11,3,0,
2139,3,3,11,3,1,99
2140,5,5,1,5,1,99
2141,1,1,7,1,0,
2142,5,3,5,2,0,
2143,4,4,2,4,0,
2144,2,2,5,2,0,
2145,3,3,11,3,1,98
2146,3,3,11,3,0,
2147,6,6,2,4,1,99
2148,2,2,5,2,1,95
2149,2,2,5,2,0,
2150,4,3,11,3,1,73
2151,4,4,2,4,1,99
2152,3,3,8,8,0,
2153,3,3,11,3,0,
2154,3,2,5,2,1,94
2155,3,3,11,3,0,
2156,2,2,5,2,0,
2157,4,4,2,4,0,
2158,4,4,2,4,0,
2159,2,2,5,2,0,
2160,3,3,11,3,0,
2161,3,3,11,3,0,
2162,3,2,5,2,0,
2163,2,2,5,2,1,99
2164,4,6,2,4,0,
2165,2,2,5,2,0,
2166,3,3,11,3,0,
2167,3,3,11,3,0,
2168,1,2,5,2,0,
2169,3,3,11,3,0,
2170,5,5,1,5,0,
2171,5,5,1,5,0,
2172,4,4,2,4,1,99
2173,3,3,11,3,0,
2174,2,2,5,2,0,
2175,3,2,2,4,0,
2176,2,2,5,2,1,98
2177,3,3,11,3,1,99
2178,3,3,11,3,1,98
2179,3,3,11,3,0,
2180,2,2,5,2,0,
2181,2,2,5,2,0,
2182,4,4,2,4,0,
2183,3,3,11,3,0,
2184,4,4,2,4,0,
2185,2,2,5,2,0,
2186,4,4,2,4,0,
2187,3,3,11,3,1,99
2188,3,3,11,3,0,
2189,3,3,11,3,0,
2190,3,3,11,3,0,
2191,4,4,2,4,0,
2192,3,3,11,3,0,
2193,4,4,11,3,0,
2194,4,3,7,1,0,
2195,2,2,5,2,0,
2196,3,2,5,2,0,
2197,1,3,7,1,0,
2198,1,1,7,1,1,95
2199,1,1,7,1,0,
2200,3,3,11,3,0,
2201,3,3,11,3,0,
2202,3,3,11,3,1,97
2203,5,5,1,5,0,
2204,3,3,11,3,0,
2205,5,5,1,5,0,
2206,3,3,11,3,0,
2207,5,5,1,5,0,
2208,3,3,2,4,0,
2209,3,3,11,3,0,
2210,3,3,5,2,1,99
2211,3,3,11,3,1,99
2212,3,3,11,3,0,
2213,3,3,11,3,0,
2214,3,2,11,3,1,99
2215,4,3,11,3,0,
2216,3,3,11,3,0,
2217,4,4,2,4,0,
2218,3,3,11,3,0,
2219,4,3,5,2,0,
2220,1,1,7,1,0,
2221,2,2,5,2,0,
2222,3,3,11,3,0,
2223,3,2,5,2,0,
2224,3,3,11,3,0,
2225,3,3,11,3,0,
2226,5,5,1,5,1,100
2227,5,5,1,5,0,
2228,3,3,11,3,0,
2229,3,3,11,3,0,
2230,6,6,11,3,0,
2231,3,3,11,3,1,99
2232,3,2,11,3,0,
2233,2,2,5,2,0,
2234,4,3,11,3,1,99
2235,3,3,2,4,0,
2236,3,3,11,3,0,
2237,2,2,5,2,0,
2238,3,3,11,3,0,
2239,2,2,5,2,0,
2240,3,2,11,3,0,
2241,4,4,2,4,1,99
2242,4,4,2,4,0,
2243,3,8,11,3,0,
2244,3,3,11,3,0,
2245,3,3,11,3,0,
2246,1,1,7,1,1,211
2247,4,4,2,4,0,
2248,5,5,1,5,0,
2249,1,2,5,2,1,93
2250,4,3,11,3,0,
2251,4,4,11,3,0,
2252,4,4,2,4,0,
2253,1,3,11,3,0,
2254,4,4,2,4,1,72
2255,5,4,2,4,1,99
2256,2,2,5,2,0,
2257,3,3,11,3,0,
2258,5,5,1,5,0,
2259,2,2,5,2,0,
2260,6,3,2,4,0,
2261,3,1,5,2,0,
2262,2,3,5,2,0,
2263,5,5,1,5,0,
2264,1,2,2,4,0,
2265,2,2,5,2,0,
2266,5,5,1,5,0,
2267,3,3,11,3,0,
2268,5,5,1,5,0,
2269,2,2,5,2,1,79
2270,2,2,5,2,0,
2271,4,3,2,4,0,
2272,4,4,2,4,0,
2273,3,3,11,3,0,
2274,3,3,11,3,0,
2275,3,3,11,3,0,
2276,3,3,11,3,0,
2277,2,2,5,2,0,
2278,6,4,2,4,0,
2279,3,3,11,3,0,
2280,4,4,2,4,0,
2281,3,3,11,3,0,
2282,3,3,11,3,0,
2283,3,4,2,4,0,
2284,4,4,2,4,1,75
2285,4,4,2,4,0,
2286,3,3,11,3,0,
2287,4,3,11,3,0,
2288,3,3,11,3,0,
2289,2,2,5,2,0,
2290,2,2,5,2,0,
2291,4,3,2,4,1,152
2292,3,3,11,3,1,99
2293,2,2,5,2,0,
2294,2,2,5,2,0,
2295,4,6,2,4,1,99
2296,2,2,5,2,0,
2297,3,3,8,8,0,
2298,2,2,5,2,1,99
2299,2,3,5,2,0,
2300,3,3,11,3,0,
2301,5,5,1,5,1,99
2302,3,3,11,3,0,
2303,4,4,2,4,0,
2304,4,4,2,4,0,
2305,3,3,11,3,0,
2306,4,3,2,4,0,
2307,4,4,2,4,0,
2308,4,4,2,4,0,
2309,4,4,2,4,0,
2310,3,2,5,2,0,
2311,3,3,11,3,1,99
2312,3,3,11,3,0,
2313,3,3,11,3,1,75
2314,4,4,2,4,0,
2315,3,3,11,3,0,
2316,4,4,2,4,0,
2317,3,3,11,3,0,
2318,3,3,11,3,1,55
2319,6,6,2,4,0,
2320,4,4,2,4,0,
2321,2,2,5,2,0,
2322,6,6,2,4,0,
2323,3,3,11,3,0,
2324,2,2,5,2,1,99
2325,4,2,2,4,0,
2326,2,2,5,2,1,99
2327,2,2,5,2,1,99
2328,4,4,2,4,1,99
2329,4,4,2,4,1,98
2330,4,4,2,4,1,99
2331,5,5,1,5,0,
2332,2,2,5,2,0,
2333,3,3,11,3,0,
2334,2,2,5,2,0,
2335,4,6,2,4,0,
2336,2,1,5,2,0,
2337,1,1,7,1,0,
2338,4,4,2,4,1,99
2339,3,3,11,3,1,99
2340,3,3,11,3,0,
2341,2,2,5,2,0,
2342,6,3,11,3,1,94
2343,2,2,5,2,0,
2344,4,4,2,4,1,99
2345,4,4,2,4,0,
2346,3,3,11,3,0,
2347,3,3,11,3,0,
2348,6,6,2,4,1,100
2349,2,6,11,3,0,
2350,3,2,11,3,0,
2351,3,4,5,2,0,
2352,1,1,7,1,0,
2353,4,2,2,4,0,
2354,2,2,5,2,0,
2355,3,2,11,3,0,
2356,4,4,2,4,1,96
2357,3,2,11,3,0,
2358,2,2,5,2,0,
2359,3,3,11,3,0,
2360,4,4,2,4,0,
2361,3,3,11,3,0,
2362,3,3,11,3,0,
2363,6,4,2,4,0,
2364,3,3,11,3,0,
2365,2,2,5,2,0,
2366,2,2,5,2,0,
2367,4,4,2,4,0,
2368,4,4,2,4,0,
2369,3,3,11,3,1,99
2370,3,3,11,3,1,99
2371,2,2,5,2,0,
2372,4,4,2,4,0,
2373,2,2,5,2,1,98
2374,2,2,5,2,0,
2375,3,3,11,3,0,
2376,2,2,5,2,0,
2377,2,2,5,2,0,
2378,5,5,1,5,0,
2379,4,4,2,4,0,
2380,4,2,11,3,0,
2381,3,3,11,3,0,
2382,4,4,2,4,0,
2383,3,3,11,3,0,
2384,2,2,5,2,0,
2385,3,3,11,3,0,
2386,2,2,5,2,0,
2387,3,3,11,3,1,99
2388,2,2,5,2,1,90
2389,2,2,5,2,0,
2390,3,3,11,3,0,
2391,3,2,11,3,0,
2392,4,3,11,3,0,
2393,2,2,5,2,0,
2394,4,4,2,4,1,99
2395,3,4,2,4,0,
2396,2,2,5,2,0,
2397,2,2,5,2,1,99
2398,3,3,11,3,0,
2399,6,3,2,4,0,
2400,4,4,2,4,0,
2401,4,4,2,4,0,
2402,4,4,2,4,0,
2403,2,2,5,2,1,99
2404,3,3,11,3,0,
2405,4,4,2,4,1,99
2406,5,5,1,5,0,
2407,4,4,2,4,1,98
2408,3,3,11,3,0,
2409,3,3,11,3,0,
2410,3,3,11,3,1,99
2411,3,2,5,2,1,98
2412,4,4,2,4,0,
2413,3,3,11,3,0,
2414,4,4,2,4,1,71
2415,3,3,11,3,0,
2416,1,1,7,1,0,
2417,5,5,1,5,0,
2418,3,3,11,3,0,
2419,3,3,11,3,0,
2420,3,3,5,2,1,52
2421,3,2,2,4,0,
2422,4,4,2,4,0,
2423,3,3,11,3,0,
2424,1,2,7,1,0,
2425,2,2,5,2,0,
2426,2,2,5,2,1,99
2427,5,5,1,5,0,
2428,4,4,2,4,1,151
2429,3,3,11,3,0,
2430,3,2,5,2,0,
2431,2,2,5,2,0,
2432,2,2,5,2,0,
2433,3,3,11,3,0,
2434,4,4,2,4,0,
2435,4,4,2,4,0,
2436,3,3,11,3,0,
2437,4,4,2,4,0,
2438,2,2,11,3,0,
2439,4,4,2,4,0,
2440,1,3,11,3,0,
2441,6,6,2,4,0,
2442,3,3,11,3,0,
2443,3,3,11,3,0,
2444,4,3,2,4,0,
2445,3,4,2,4,0,
2446,4,4,2,4,1,99
2447,4,4,2,4,0,
2448,2,3,5,2,0,
2449,4,4,2,4,1,99
2450,4,6,2,4,1,99
2451,3,3,11,3,0,
2452,3,3,11,3,1,63
2453,3,3,11,3,0,
2454,4,4,2,4,0,
2455,4,4,11,3,0,
2456,2,2,5,2,0,
2457,2,4,5,2,0,
2458,4,4,2,4,0,
2459,3,3,11,3,0,
2460,4,4,2,4,0,
2461,3,3,11,3,0,
2462,3,8,11,3,0,
2463,3,2,5,2,0,
2464,4,4,2,4,0,
2465,4,4,2,4,0,
2466,3,3,11,3,0,
2467,4,3,2,4,0,
2468,2,2,5,2,0,
2469,3,3,11,3,0,
2470,4,3,2,4,1,99
2471,3,3,5,2,0,
2472,5,5,1,5,0,
2473,3,3,11,3,0,
2474,4,4,2,4,0,
2475,2,2,11,3,0,
2476,3,3,11,3,1,99
2477,4,4,2,4,0,
2478,1,1,7,1,0,
2479,2,2,5,2,0,
2480,3,3,11,3,0,
2481,4,4,2,4,0,
2482,2,2,5,2,0,
2483,3,3,11,3,1,99
2484,3,3,5,2,0,
2485,3,2,4,6,0,
2486,4,4,2,4,0,
2487,1,2,5,2,0,
2488,4,3,2,4,0,
2489,2,2,5,2,0,
2490,3,2,5,2,1,99
2491,2,2,5,2,0,
2492,2,2,5,2,1,99
2493,3,3,5,2,0,
2494,3,3,11,3,1,95
2495,3,3,11,3,0,
2496,3,3,11,3,0,
2497,4,3,11,3,0,
2498,1,1,7,1,0,
2499,3,3,11,3,0,
2500,3,3,11,3,0,
2501,1,1,7,1,0,
2502,3,3,11,3,0,
2503,1,1,7,1,1,97
2504,4,4,2,4,0,
2505,3,3,11,3,0,
2506,3,3,11,3,1,99
2507,3,3,11,3,0,
2508,3,2,11,3,0,
2509,6,4,2,4,0,
2510,4,4,2,4,0,
2511,2,2,5,2,0,
2512,3,3,11,3,0,
2513,2,2,5,2,0,
2514,4,4,2,4,0,
2515,3,3,11,3,1,99
2516,2,2,5,2,1,73
2517,3,3,11,3,0,
2518,4,4,2,4,0,
2519,6,3,4,6,0,
2520,4,4,2,4,0,
2521,5,5,1,5,0,
2522,3,3,11,3,1,77
2523,3,3,11,3,0,
2524,4,4,2,4,1,99
2525,4,4,2,4,0,
2526,4,3,2,4,0,
2527,3,3,11,3,0,
2528,2,2,11,3,0,
2529,3,2,11,3,0,
2530,4,4,2,4,0,
2531,6,6,2,4,0,
2532,6,6,4,6,0,
2533,5,5,1,5,0,
2534,5,5,1,5,1,100
2535,3,3,11,3,0,
2536,3,8,11,3,0,
2537,4,3,11,3,0,
2538,3,2,11,3,0,
2539,4,4,11,3,0,
2540,4,4,2,4,0,
2541,3,3,11,3,1,99
2542,4,4,2,4,0,
2543,4,3,11,3,0,
2544,3,3,11,3,0,
2545,2,3,11,3,0,
2546,5,5,1,5,0,
2547,3,3,11,3,0,
2548,3,3,11,3,0,
2549,5,5,1,5,0,
2550,4,4,2,4,0,
2551,4,3,2,4,0,
2552,3,3,11,3,0,
2553,1,1,7,1,0,
2554,4,4,2,4,0,
2555,3,3,11,3,0,
2556,3,3,11,3,0,
2557,3,3,11,3,0,
2558,4,4,2,4,0,
2559,4,2,5,2,1,93
2560,6,6,2,4,1,99
2561,6,6,11,3,0,
2562,4,4,2,4,1,98
2563,3,3,11,3,0,
2564,3,3,11,3,0,
2565,6,4,2,4,1,99
2566,3,3,11,3,0,
2567,3,3,11,3,0,
2568,4,4,2,4,0,
2569,3,3,11,3,0,
2570,3,3,11,3,0,
2571,1,1,7,1,1,98
2572,3,3,5,2,0,
2573,3,3,11,3,0,
2574,4,4,2,4,1,99
2575,3,2,5,2,0,
2576,4,4,2,4,1,99
2577,4,4,2,4,0,
2578,3,3,11,3,0,
2579,1,2,5,2,0,
2580,2,2,5,2,0,
2581,3,4,7,1,0,
2582,2,2,5,2,0,
2583,5,5,1,5,1,99
2584,2,2,5,2,0,
2585,4,4,2,4,0,
2586,4,4,2,4,0,
2587,2,2,5,2,0,
2588,4,4,2,4,0,
2589,2,2,5,2,0,
2590,1,1,7,1,0,
2591,3,2,11,3,1,95
2592,4,4,2,4,0,
2593,3,2,5,2,0,
2594,4,4,2,4,1,73
2595,4,4,2,4,1,98
2596,4,4,2,4,0,
2597,3,4,2,4,0,
2598,6,6,11,3,1,99
2599,4,4,2,4,0,
2600,2,2,5,2,0,
2601,4,4,11,3,0,
2602,2,2,5,2,0,
2603,2,2,5,2,0,
2604,4,2,2,4,0,
2605,5,5,1,5,0,
2606,3,3,11,3,0,
2607,2,2,5,2,0,
2608,3,3,11,3,1,99
2609,4,4,2,4,0,
2610,2,2,5,2,1,99
2611,4,4,2,4,0,
2612,3,3,11,3,0,
2613,3,3,11,3,0,
2614,4,4,2,4,0,
2615,1,1,2,4,0,
2616,1,3,7,1,0,
2617,4,4,2,4,0,
2618,3,3,11,3,1,99
2619,2,2,5,2,0,
2620,4,4,2,4,0,
2621,4,4,2,4,0,
2622,2,2,5,2,0,
2623,3,4,2,4,1,97
2624,3,3,5,2,1,59
2625,2,2,5,2,1,98
2626,3,3,11,3,0,
2627,1,2,7,1,0,
2628,2,2,5,2,0,
2629,3,3,11,3,0,
2630,4,4,2,4,0,
2631,4,4,2,4,0,
2632,4,4,2,4,0,
2633,4,4,2,4,0,
2634,3,3,11,3,0,
2635,4,4,2,4,0,
2636,3,3,11,3,0,
2637,4,4,2,4,0,
2638,2,1,11,3,0,
2639,4,4,2,4,0,
2640,3,3,11,3,0,
2641,5,5,1,5,0,
2642,3,4,2,4,0,
2643,2,2,5,2,0,
2644,2,2,5,2,0,
2645,4,6,2,4,0,
2646,3,3,11,3,1,98
2647,4,4,2,4,0,
2648,6,6,11,3,0,
2649,4,4,2,4,0,
2650,4,4,2,4,0,
2651,4,4,11,3,0,
2652,2,2,5,2,0,
2653,4,4,11,3,0,
2654,3,3,11,3,0,
2655,3,3,11,3,1,99
2656,4,4,2,4,1,99
2657,2,3,11,3,0,
2658,3,3,11,3,1,99
2659,3,3,11,3,0,
2660,3,3,11,3,0,
2661,4,4,2,4,0,
2662,2,2,5,2,0,
2663,3,4,2,4,0,
2664,3,3,11,3,1,99
2665,4,4,2,4,1,99
2666,2,2,5,2,0,
2667,3,3,5,2,0,
2668,3,3,11,3,0,
2669,3,3,11,3,0,
2670,4,4,2,4,0,
2671,2,2,5,2,0,
2672,4,3,11,3,0,
2673,2,3,5,2,0,
2674,3,3,11,3,0,
2675,3,3,11,3,1,96
2676,2,2,5,2,0,
2677,6,3,5,2,0,
2678,2,2,11,3,0,
2679,4,3,11,3,0,
2680,3,3,11,3,0,
2681,3,3,11,3,1,99
2682,3,2,5,2,1,99
2683,3,3,11,3,0,
2684,4,4,2,4,0,
2685,3,3,11,3,0,
2686,3,2,11,3,0,
2687,1,3,11,3,0,
2688,3,3,5,2,0,
2689,2,2,5,2,0,
2690,6,6,2,4,1,99
2691,3,3,11,3,0,
2692,2,2,5,2,0,
2693,3,6,11,3,0,
2694,3,3,8,8,0,
2695,4,4,2,4,0,
2696,2,2,5,2,0,
2697,8,3,11,3,1,99
2698,3,3,11,3,0,
2699,3,3,2,4,0,
2700,4,4,2,4,1,81
2701,4,4,2,4,0,
2702,1,1,7,1,1,99
2703,4,4,2,4,0,
2704,3,2,5,2,0,
2705,2,2,5,2,0,
2706,2,2,5,2,0,
2707,4,4,2,4,0,
2708,3,3,11,3,1,79
2709,1,1,7,1,0,
2710,3,3,11,3,0,
2711,2,2,5,2,1,99
2712,2,2,5,2,0,
2713,3,3,11,3,1,211
2714,2,2,5,2,1,99
2715,2,2,11,3,1,78
2716,2,2,5,2,0,
2717,3,3,5,2,0,
2718,5,5,1,5,0,
2719,4,4,2,4,1,99
2720,3,3,11,3,0,
2721,3,2,11,3,1,84
2722,3,3,11,3,0,
2723,3,3,11,3,0,
2724,3,3,11,3,0,
2725,3,4,2,4,0,
2726,2,2,5,2,0,
2727,6,6,2,4,0,
2728,3,3,11,3,0,
2729,2,2,5,2,0,
2730,4,4,2,4,0,
2731,2,2,5,2,0,
2732,1,2,11,3,0,
2733,4,4,2,4,0,
2734,4,4,2,4,0,
2735,3,2,5,2,0,
2736,3,3,11,3,1,51
2737,3,3,11,3,0,
2738,4,4,11,3,1,74
2739,2,2,5,2,0,
2740,2,2,11,3,1,81
2741,2,2,5,2,0,
2742,4,4,2,4,0,
2743,4,4,2,4,0,
2744,3,2,11,3,0,
2745,2,2,5,2,0,
2746,4,4,2,4,0,
2747,4,4,2,4,0,
2748,3,3,11,3,0,
2749,4,3,11,3,1,85
2750,3,3,11,3,1,59
2751,5,5,1,5,0,
2752,3,3,11,3,0,
2753,5,5,1,5,0,
2754,8,8,8,8,0,
2755,2,2,5,2,0,
2756,4,4,2,4,0,
2757,6,6,4,6,0,
2758,1,2,5,2,0,
2759,4,4,2,4,0,
2760,4,4,2,4,0,
2761,1,2,7,1,0,
2762,3,3,11,3,0,
2763,4,2,2,4,0,
2764,3,3,11,3,1,99
2765,2,2,5,2,0,
2766,5,5,1,5,0,
2767,4,4,2,4,0,
2768,3,3,11,3,1,78
2769,4,4,2,4,1,99
2770,6,3,11,3,0,
2771,3,3,11,3,0,
2772,3,3,11,3,0,
2773,5,5,1,5,1,99
2774,4,4,2,4,0,
2775,2,2,5,2,0,
2776,3,3,11,3,1,93
2777,2,2,5,2,1,42
2778,4,4,2,4,0,
2779,3,1,2,4,0,
2780,6,4,2,4,0,
2781,3,3,11,3,1,98
2782,1,2,11,3,0,
2783,4,4,2,4,0,
2784,3,3,11,3,0,
2785,2,4,5,2,0,
2786,4,4,2,4,0,
2787,4,4,11,3,1,99
2788,5,5,1,5,0,
2789,2,2,5,2,1,99
2790,2,2,5,2,1,99
2791,6,5,1,5,0,
2792,4,4,2,4,0,
2793,2,2,5,2,0,
2794,2,2,5,2,0,
2795,3,3,11,3,0,
2796,2,2,5,2,0,
2797,2,2,11,3,0,
2798,6,6,2,4,0,
2799,4,4,2,4,0,
2800,3,3,11,3,0,
2801,6,6,2,4,0,
2802,4,4,2,4,0,
2803,3,3,11,3,0,
2804,3,3,11,3,1,99
2805,2,2,5,2,0,
2806,3,3,11,3,0,
2807,5,5,1,5,0,
2808,3,8,2,4,0,
2809,4,4,2,4,1,86
2810,4,4,2,4,0,
2811,3,3,11,3,0,
2812,2,2,5,2,0,
2813,4,2,2,4,0,
2814,4,4,2,4,1,99
2815,1,1,7,1,0,
2816,4,4,11,3,1,152
2817,3,3,11,3,0,
2818,1,8,11,3,0,
2819,3,3,11,3,0,
2820,4,4,2,4,1,90
2821,4,4,2,4,0,
2822,2,2,5,2,1,99
2823,4,4,2,4,0,
2824,2,2,5,2,1,99
2825,6,6,2,4,0,
2826,3,3,11,3,0,
2827,3,2,11,3,1,96
2828,3,8,11,3,0,
2829,5,5,1,5,1,99
2830,3,3,11,3,1,99
2831,4,4,11,3,0,
2832,3,4,11,3,0,
2833,3,3,11,3,1,99
2834,3,3,5,2,0,
2835,3,3,11,3,1,99
2836,4,4,2,4,0,
2837,1,3,7,1,0,
2838,2,3,11,3,0,
2839,2,2,5,2,1,99
2840,4,4,2,4,0,
2841,1,1,7,1,0,
2842,2,2,5,2,0,
2843,3,3,11,3,0,
2844,3,3,11,3,0,
2845,1,1,7,1,0,
2846,2,2,5,2,0,
2847,2,2,5,2,0,
2848,3,3,5,2,0,
2849,3,3,5,2,0,
2850,2,2,5,2,1,99
2851,4,4,2,4,0,
2852,2,2,5,2,0,
2853,3,3,11,3,0,
2854,3,3,11,3,1,99
2855,3,2,5,2,1,97
2856,2,2,5,2,0,
2857,4,4,7,1,0,
2858,4,4,2,4,1,151
2859,3,3,11,3,0,
2860,4,4,2,4,0,
2861,2,2,5,2,0,
2862,3,3,11,3,0,
2863,4,6,2,4,0,
2864,4,4,2,4,1,99
2865,4,4,2,4,0,
2866,4,3,2,4,0,
2867,2,2,5,2,0,
2868,2,2,5,2,0,
2869,4,4,2,4,0,
2870,3,3,11,3,0,
2871,2,2,11,3,0,
2872,3,3,11,3,0,
2873,4,4,2,4,0,
2874,2,2,5,2,0,
2875,4,4,2,4,0,
2876,2,2,5,2,0,
2877,3,3,11,3,1,98
2878,3,2,11,3,0,
2879,3,3,11,3,0,
2880,6,4,4,6,0,
2881,5,5,1,5,0,
2882,4,4,2,4,0,
2883,1,1,7,1,1,90
2884,3,3,11,3,1,99
2885,3,2,11,3,0,
2886,3,3,11,3,0,
2887,1,2,7,1,0,
2888,8,3,11,3,0,
2889,2,2,5,2,0,
2890,3,3,11,3,0,
2891,3,3,11,3,0,
2892,3,4,11,3,0,
2893,3,3,11,3,0,
2894,3,3,11,3,0,
2895,4,4,2,4,0,
2896,6,6,2,4,1,99
2897,3,3,11,3,0,
2898,5,5,1,5,0,
2899,4,4,2,4,0,
2900,3,2,11,3,0,
2901,1,2,5,2,0,
2902,4,2,2,4,1,87
2903,3,3,11,3,0,
2904,4,3,11,3,0,
2905,1,2,7,1,0,
2906,2,2,5,2,0,
2907,2,2,5,2,0,
2908,3,3,11,3,0,
2909,4,4,2,4,0,
2910,3,2,11,3,1,212
2911,3,3,11,3,0,
2912,3,3,11,3,0,
2913,4,4,2,4,1,99
2914,4,3,11,3,0,
2915,1,1,7,1,0,
2916,3,3,11,3,0,
2917,2,2,5,2,0,
2918,3,3,11,3,0,
2919,3,3,11,3,0,
2920,4,4,2,4,0,
2921,6,6,4,6,1,99
2922,4,4,2,4,0,
2923,6,6,2,4,0,
2924,3,4,2,4,0,
2925,3,3,11,3,0,
2926,3,3,11,3,0,
2927,3,3,11,3,0,
2928,5,5,1,5,0,
2929,3,3,11,3,0,
2930,3,3,11,3,0,
2931,3,3,11,3,0,
2932,2,2,5,2,0,
2933,4,4,2,4,1,99
2934,1,1,7,1,0,
2935,5,5,1,5,0,
2936,3,3,11,3,0,
2937,2,3,5,2,0,
2938,3,3,11,3,0,
2939,3,3,11,3,0,
2940,3,3,11,3,0,
2941,6,6,2,4,0,
2942,2,2,5,2,0,
2943,3,3,11,3,0,
2944,5,5,1,5,0,
2945,2,2,5,2,0,
2946,2,2,5,2,0,
2947,2,2,5,2,0,
2948,1,1,7,1,0,
2949,4,4,2,4,0,
2950,4,4,2,4,1,68
2951,1,4,2,4,0,
2952,1,1,7,1,0,
2953,4,3,11,3,0,
2954,3,3,11,3,0,
2955,3,3,5,2,0,
2956,3,3,5,2,1,84
2957,3,3,11,3,1,99
2958,4,4,2,4,0,
2959,4,4,2,4,0,
2960,3,3,11,3,0,
2961,3,1,7,1,0,
2962,3,3,11,3,0,
2963,4,4,2,4,1,95
2964,4,4,2,4,0,
2965,2,2,5,2,0,
2966,3,3,11,3,0,
2967,2,2,5,2,1,98
2968,5,5,1,5,0,
2969,3,3,5,2,0,
2970,4,4,11,3,0,
2971,4,4,2,4,0,
2972,1,2,7,1,1,76
2973,4,3,2,4,0,
2974,4,4,11,3,0,
2975,3,3,11,3,1,99
2976,3,3,11,3,0,
2977,2,2,5,2,0,
2978,4,4,2,4,1,97
2979,5,5,1,5,0,
2980,6,6,2,4,0,
2981,4,4,11,3,0,
2982,2,2,5,2,0,
2983,3,3,11,3,0,
2984,5,5,1,5,1,99
2985,4,4,2,4,1,151
2986,3,3,11,3,0,
2987,3,6,5,2,0,
2988,4,3,11,3,0,
2989,6,6,2,4,0,
2990,4,4,2,4,1,77
2991,3,2,11,3,0,
2992,1,1,5,2,0,
2993,4,4,2,4,0,
2994,4,4,2,4,0,
2995,3,3,11,3,0,
2996,4,4,11,3,0,
2997,2,4,11,3,1,37
2998,2,2,5,2,0,
2999,2,2,5,2,0,
3000,6,6,2,4,0,
3001,6,4,2,4,0,
3002,6,6,2,4,1,100
3003,3,3,11,3,0,
3004,3,3,11,3,1,99
3005,2,2,5,2,0,
3006,5,5,1,5,0,
3007,4,4,11,3,1,97
3008,4,4,2,4,0,
3009,4,4,2,4,0,
3010,5,5,1,5,0,
3011,3,4,11,3,0,
3012,4,4,2,4,0,
3013,6,4,2,4,1,99
3014,4,4,2,4,0,
3015,2,2,5,2,0,
3016,4,4,2,4,0,
3017,8,3,8,8,0,
3018,1,2,7,1,0,
3019,3,3,11,3,0,
3020,4,4,2,4,0,
3021,2,2,5,2,0,
3022,5,5,1,5,0,
3023,2,2,5,2,0,
3024,6,6,2,4,0,
3025,4,4,2,4,0,
3026,3,3,11,3,0,
3027,2,2,5,2,1,56
3028,3,3,11,3,0,
3029,3,2,11,3,0,
3030,3,3,11,3,0,
3031,3,3,11,3,0,
3032,2,2,5,2,0,
3033,3,2,5,2,0,
3034,3,3,11,3,0,
3035,3,2,11,3,0,
3036,4,4,2,4,0,
3037,3,3,11,3,1,99
3038,4,2,5,2,0,
3039,5,0,1,5,0,
3040,4,4,2,4,0,
3041,1,2,7,1,1,67
3042,3,3,11,3,0,
3043,3,2,11,3,0,
3044,2,2,5,2,0,
3045,3,3,11,3,0,
3046,3,3,11,3,0,
3047,4,4,2,4,1,99
3048,4,4,2,4,0,
3049,3,3,11,3,0,
3050,4,2,5,2,1,87
3051,5,5,1,5,0,
3052,3,3,11,3,0,
3053,3,3,11,3,0,
3054,4,4,2,4,0,
3055,4,4,2,4,0,
3056,6,6,2,4,0,
3057,2,2,5,2,0,
3058,2,2,5,2,0,
3059,4,2,11,3,1,97
3060,3,3,11,3,0,
3061,1,1,7,1,0,
3062,1,1,7,1,0,
3063,6,6,2,4,1,99
3064,2,2,5,2,0,
3065,2,2,5,2,1,99
3066,2,2,5,2,0,
3067,1,2,11,3,0,
3068,5,5,1,5,0,
3069,2,2,5,2,0,
3070,4,4,11,3,1,99
3071,4,2,2,4,1,55
3072,3,2,5,2,0,
3073,3,2,11,3,0,
3074,6,5,4,6,0,
3075,1,2,5,2,1,94
3076,3,3,11,3,0,
3077,2,2,5,2,1,99
3078,3,3,11,3,0,
3079,3,3,11,3,0,
3080,5,5,1,5,0,
3081,3,2,5,2,0,
3082,5,5,1,5,0,
3083,4,4,2,4,0,
3084,2,2,5,2,0,
3085,4,3,2,4,1,40
3086,3,3,11,3,1,82
3087,4,4,2,4,0,
3088,3,3,11,3,1,99
3089,3,6,5,2,0,
3090,4,2,2,4,0,
3091,3,8,5,2,1,61
3092,2,2,5,2,1,99
3093,1,4,2,4,0,
3094,3,2,11,3,0,
3095,2,2,5,2,0,
3096,3,3,11,3,0,
3097,2,2,5,2,0,
3098,4,4,2,4,0,
3099,4,4,2,4,0,
3100,4,4,2,4,0,
3101,3,3,11,3,0,
3102,4,3,2,4,0,
3103,2,2,5,2,0,
3104,3,3,11,3,0,
3105,6,6,11,3,0,
3106,3,3,11,3,0,
3107,5,5,1,5,1,87
3108,3,3,11,3,0,
3109,2,2,11,3,0,
3110,4,4,11,3,0,
3111,3,3,11,3,0,
3112,3,3,11,3,0,
3113,3,3,11,3,0,
3114,3,3,11,3,0,
3115,4,4,2,4,0,
3116,6,2,2,4,0,
3117,3,3,11,3,0,
3118,4,4,11,3,1,76
3119,2,2,11,3,0,
3120,1,4,2,4,0,
3121,4,4,2,4,0,
3122,6,6,5,2,0,
3123,3,3,11,3,0,
3124,5,5,1,5,0,
3125,3,3,5,2,0,
3126,3,4,11,3,0,
3127,3,4,11,3,0,
3128,4,2,5,2,0,
3129,1,3,11,3,1,98
3130,5,5,1,5,0,
3131,4,1,7,1,0,
3132,4,4,11,3,0,
3133,3,3,11,3,0,
3134,4,4,2,4,0,
3135,4,4,2,4,0,
3136,4,4,11,3,0,
3137,1,1,7,1,0,
3138,5,5,1,5,0,
3139,1,1,7,1,0,
3140,3,4,11,3,0,
3141,3,3,11,3,0,
3142,4,3,2,4,0,
3143,3,3,11,3,0,
3144,4,4,2,4,0,
3145,3,3,8,8,0,
3146,1,1,7,1,0,
3147,4,4,2,4,0,
3148,4,4,2,4,0,
3149,6,6,2,4,1,99
3150,3,3,11,3,0,
3151,1,3,11,3,0,
3152,4,4,5,2,0,
3153,2,2,5,2,0,
3154,1,1,7,1,1,52
3155,2,2,5,2,0,
3156,4,4,11,3,0,
3157,5,5,1,5,0,
3158,2,2,5,2,0,
3159,1,1,7,1,1,99
3160,3,3,11,3,1,99
3161,3,2,11,3,0,
3162,1,1,7,1,0,
3163,5,5,1,5,0,
3164,3,3,11,3,1,99
3165,2,2,11,3,0,
3166,4,4,2,4,0,
3167,2,2,5,2,0,
3168,4,4,2,4,0,
3169,3,3,11,3,0,
3170,5,5,1,5,1,100
3171,8,3,8,8,0,
3172,3,3,11,3,0,
3173,3,8,11,3,0,
3174,5,5,1,5,1,100
3175,2,2,5,2,0,
3176,3,3,11,3,0,
3177,1,1,7,1,1,99
3178,4,4,2,4,1,99
3179,2,3,5,2,0,
3180,2,2,5,2,0,
3181,3,3,11,3,0,
3182,1,1,7,1,1,99
3183,2,2,11,3,0,
3184,4,4,2,4,0,
3185,2,2,5,2,0,
3186,5,5,1,5,0,
3187,2,2,5,2,0,
3188,3,3,11,3,1,94
3189,2,2,5,2,0,
3190,4,4,2,4,0,
3191,4,4,11,3,0,
3192,3,3,11,3,1,99
3193,4,4,2,4,0,
3194,2,2,5,2,1,99
3195,3,3,11,3,0,
3196,3,3,11,3,0,
3197,3,3,11,3,0,
3198,3,2,11,3,0,
3199,4,4,2,4,1,99
3200,4,4,2,4,0,
3201,3,3,11,3,0,
3202,4,3,11,3,1,69
3203,3,3,11,3,1,99
3204,6,6,2,4,0,
3205,3,3,5,2,0,
3206,2,2,5,2,0,
3207,3,3,5,2,0,
3208,4,4,2,4,0,
3209,6,3,11,3,0,
3210,5,5,1,5,0,
3211,3,3,11,3,0,
3212,4,3,11,3,0,
3213,1,1,7,1,1,99
3214,4,2,5,2,1,51
3215,4,4,2,4,0,
3216,4,4,2,4,0,
3217,3,3,11,3,0,
3218,4,4,2,4,0,
3219,4,2,11,3,0,
3220,4,2,2,4,0,
3221,4,4,11,3,0,
3222,4,4,2,4,1,97
3223,2,2,5,2,0,
3224,4,4,11,3,1,99
3225,2,2,5,2,0,
3226,3,3,11,3,1,99
3227,4,4,2,4,0,
3228,2,2,5,2,0,
3229,2,2,5,2,0,
3230,6,6,2,4,0,
3231,4,4,2,4,0,
3232,1,1,7,1,0,
3233,2,2,5,2,0,
3234,4,4,2,4,0,
3235,2,2,5,2,1,62
3236,4,4,2,4,0,
3237,4,4,2,4,0,
3238,4,4,2,4,0,
3239,2,1,7,1,0,
3240,6,6,2,4,1,99
3241,5,5,1,5,1,100
3242,3,3,11,3,0,
3243,3,3,5,2,0,
3244,3,3,11,3,0,
3245,4,6,11,3,0,
3246,3,3,11,3,1,99
3247,3,3,11,3,1,98
3248,4,4,2,4,0,
3249,3,3,11,3,1,99
3250,3,3,11,3,0,
3251,4,4,2,4,0,
3252,3,3,11,3,0,
3253,4,4,2,4,0,
3254,5,5,1,5,0,
3255,4,4,2,4,0,
3256,1,1,7,1,0,
3257,5,5,1,5,0,
3258,5,5,1,5,0,
3259,3,3,11,3,0,
3260,5,3,1,5,0,
3261,3,3,11,3,0,
3262,2,2,5,2,0,
3263,2,2,5,2,1,99
3264,2,2,5,2,0,
3265,3,2,11,3,0,
3266,3,2,5,2,0,
3267,4,4,2,4,0,
3268,4,2,11,3,0,
3269,3,3,11,3,1,99
3270,4,4,2,4,0,
3271,2,2,5,2,0,
3272,4,4,2,4,0,
3273,3,3,11,3,0,
3274,3,3,11,3,0,
3275,1,2,11,3,0,
3276,4,4,2,4,0,
3277,6,6,2,4,0,
3278,3,3,11,3,0,
3279,3,3,11,3,0,
3280,4,4,2,4,0,
3281,3,3,11,3,1,99
3282,4,4,2,4,1,151
3283,4,4,2,4,0,
3284,4,4,2,4,1,89
3285,6,6,7,1,0,
3286,4,4,2,4,1,99
3287,4,4,2,4,0,
3288,3,3,11,3,0,
3289,2,2,5,2,1,92
3290,4,4,2,4,0,
3291,2,2,5,2,0,
3292,1,3,2,4,0,
3293,3,3,11,3,0,
3294,4,4,2,4,0,
3295,3,3,11,3,0,
3296,6,6,2,4,0,
3297,3,3,11,3,0,
3298,3,3,11,3,0,
3299,4,4,1,5,0,
3300,1,2,7,1,0,
3301,3,4,11,3,0,
3302,3,3,11,3,0,
3303,1,3,11,3,1,52
3304,4,4,2,4,0,
3305,2,2,5,2,0,
3306,2,2,5,2,1,98
3307,6,6,2,4,1,99
3308,4,4,2,4,0,
3309,3,3,11,3,0,
3310,4,4,2,4,0,
3311,4,4,2,4,1,99
3312,4,4,2,4,0,
3313,4,4,2,4,0,
3314,3,3,11,3,0,
3315,4,4,2,4,0,
3316,4,4,2,4,0,
3317,5,5,1,5,0,
3318,3,2,2,4,0,
3319,4,4,2,4,0,
3320,6,6,2,4,0,
3321,4,4,11,3,0,
3322,3,3,11,3,0,
3323,4,4,2,4,0,
3324,3,3,11,3,1,98
3325,4,6,2,4,0,
3326,3,3,11,3,1,99
3327,3,3,11,3,0,
3328,6,2,5,2,0,
3329,3,3,11,3,0,
3330,4,3,11,3,1,98
3331,3,3,11,3,0,
3332,3,2,5,2,0,
3333,4,4,2,4,1,42
3334,4,3,11,3,0,
3335,4,4,2,4,1,99
3336,3,3,11,3,0,
3337,3,2,11,3,0,
3338,3,3,11,3,0,
3339,2,2,11,3,0,
3340,4,4,2,4,1,99
3341,2,2,5,2,0,
3342,4,4,11,3,1,93
3343,1,1,7,1,0,
3344,2,2,5,2,0,
3345,3,3,11,3,0,
3346,4,4,2,4,1,98
3347,3,3,11,3,0,
3348,4,4,2,4,0,
3349,6,6,2,4,0,
3350,2,2,11,3,1,99
3351,4,4,2,4,0,
3352,2,2,5,2,0,
3353,1,2,11,3,0,
3354,5,5,1,5,1,99
3355,6,6,2,4,0,
3356,4,4,2,4,0,
3357,3,3,11,3,1,99
3358,3,2,11,3,0,
3359,1,1,7,1,1,99
3360,2,2,11,3,0,
3361,2,2,5,2,1,99
3362,3,3,11,3,1,99
3363,4,1,7,1,0,
3364,1,2,11,3,1,92
3365,2,3,11,3,0,
3366,2,2,5,2,0,
3367,4,4,2,4,0,
3368,4,4,2,4,1,77
3369,2,2,5,2,1,99
3370,2,2,5,2,0,
3371,3,3,11,3,0,
3372,4,4,2,4,1,99
3373,3,3,11,3,0,
3374,2,2,11,3,0,
3375,3,3,11,3,0,
3376,4,4,2,4,0,
3377,2,2,5,2,0,
3378,3,3,11,3,0,
3379,4,4,2,4,1,71
3380,3,2,11,3,1,76
3381,3,2,11,3,0,
3382,4,4,2,4,0,
3383,6,6,11,3,0,
3384,3,3,11,3,0,
3385,3,3,11,3,0,
3386,3,3,11,3,0,
3387,3,3,11,3,1,99
3388,4,6,2,4,0,
3389,2,2,5,2,0,
3390,2,3,5,2,0,
3391,3,4,11,3,0,
3392,3,3,11,3,0,
3393,6,4,2,4,0,
3394,6,6,11,3,1,99
3395,4,4,2,4,0,
3396,4,4,2,4,0,
3397,3,3,11,3,1,92
3398,1,1,5,2,0,
3399,4,4,11,3,1,44
3400,3,2,11,3,0,
3401,3,3,11,3,0,
3402,8,8,8,8,0,
3403,4,4,2,4,0,
3404,6,6,11,3,0,
3405,8,3,8,8,1,99
3406,2,2,5,2,0,
3407,4,4,2,4,0,
3408,4,4,2,4,0,
3409,3,3,11,3,1,99
3410,6,6,2,4,0,
3411,3,3,11,3,0,
3412,5,5,1,5,0,
3413,3,3,11,3,0,
3414,3,3,11,3,0,
3415,3,3,11,3,0,
3416,3,3,11,3,1,99
3417,1,4,2,4,0,
3418,2,2,5,2,1,99
3419,2,2,5,2,0,
3420,4,4,2,4,0,
3421,4,4,2,4,0,
3422,1,4,2,4,0,
3423,3,3,11,3,0,
3424,3,3,11,3,0,
3425,3,3,11,3,0,
3426,3,4,11,3,0,
3427,3,3,11,3,0,
3428,3,3,11,3,0,
3429,2,2,5,2,0,
3430,3,3,11,3,0,
3431,3,8,11,3,0,
3432,4,4,2,4,0,
3433,4,4,2,4,0,
3434,4,4,2,4,1,99
3435,3,3,11,3,0,
3436,4,4,2,4,0,
3437,2,2,5,2,0,
3438,3,3,11,3,0,
3439,4,4,2,4,0,
3440,3,3,5,2,0,
3441,3,3,11,3,1,99
3442,8,8,8,8,0,
3443,3,3,11,3,0,
3444,4,4,2,4,0,
3445,3,3,11,3,0,
3446,2,2,5,2,1,99
3447,5,8,1,5,0,
3448,3,3,11,3,0,
3449,5,5,8,8,0,
3450,3,2,11,3,0,
3451,1,1,7,1,0,
3452,3,3,11,3,0,
3453,6,6,2,4,0,
3454,4,1,11,3,0,
3455,3,7,11,3,0,
3456,3,3,11,3,0,
3457,3,3,11,3,0,
3458,5,5,1,5,1,99
3459,4,4,2,4,0,
3460,3,3,11,3,0,
3461,3,3,11,3,0,
3462,3,4,11,3,0,
3463,4,4,2,4,0,
3464,4,4,2,4,0,
3465,2,2,5,2,0,
3466,6,3,5,2,0,
3467,1,1,7,1,0,
3468,4,4,2,4,0,
3469,1,3,11,3,1,95
3470,5,5,1,5,0,
3471,3,3,11,3,1,97
3472,2,2,5,2,0,
3473,4,4,11,3,1,99
3474,4,4,2,4,1,99
3475,3,2,5,2,1,97
3476,3,3,11,3,0,
3477,3,3,11,3,0,
3478,4,4,2,4,0,
3479,3,3,11,3,0,
3480,1,1,7,1,0,
3481,4,4,2,4,0,
3482,3,3,11,3,0,
3483,3,3,11,3,0,
3484,3,3,11,3,0,
3485,6,6,11,3,1,99
3486,1,2,5,2,0,
3487,4,3,11,3,0,
3488,3,3,11,3,0,
3489,3,3,2,4,0,
3490,3,3,11,3,0,
3491,3,3,5,2,0,
3492,3,4,2,4,0,
3493,2,2,5,2,0,
3494,4,4,2,4,0,
3495,3,3,5,2,1,52
3496,3,3,11,3,0,
3497,4,4,2,4,0,
3498,3,3,11,3,0,
3499,2,2,5,2,0,
3500,2,2,5,2,0,
3501,2,2,5,2,0,
3502,5,5,1,5,1,99
3503,3,3,11,3,0,
3504,3,3,11,3,1,99
3505,3,3,11,3,0,
3506,5,0,1,5,0,
3507,5,5,1,5,1,100
3508,3,2,5,2,0,
3509,3,3,11,3,0,
3510,2,2,5,2,0,
3511,2,2,5,2,1,99
3512,3,3,11,3,0,
3513,4,4,2,4,0,
3514,3,3,11,3,0,
3515,5,5,1,5,0,
3516,3,3,11,3,1,99
3517,5,5,1,5,0,
3518,3,3,11,3,0,
3519,2,2,5,2,1,98
3520,3,2,5,2,1,93
3521,5,5,1,5,0,
3522,3,3,11,3,0,
3523,2,2,11,3,0,
3524,3,3,11,3,0,
3525,1,1,7,1,0,
3526,2,2,5,2,0,
3527,5,5,1,5,0,
3528,3,3,11,3,1,97
3529,4,3,11,3,1,99
3530,3,4,2,4,0,
3531,2,2,5,2,1,99
3532,3,3,11,3,1,98
3533,4,4,2,4,0,
3534,3,4,2,4,0,
3535,1,6,7,1,0,
3536,4,2,2,4,0,
3537,3,3,11,3,1,99
3538,3,3,11,3,1,99
3539,2,2,5,2,0,
3540,6,6,11,3,0,
3541,3,3,11,3,0,
3542,3,2,11,3,0,
3543,6,3,11,3,1,54
3544,4,4,2,4,1,99
3545,3,3,11,3,0,
3546,4,4,11,3,0,
3547,3,3,11,3,0,
3548,2,2,5,2,1,99
3549,4,4,11,3,1,97
3550,3,3,5,2,0,
3551,3,2,5,2,0,
3552,1,4,7,1,0,
3553,4,4,2,4,0,
3554,4,4,2,4,0,
3555,4,6,2,4,1,99
3556,3,3,11,3,0,
3557,2,2,5,2,0,
3558,3,3,11,3,0,
3559,2,2,5,2,0,
3560,4,4,2,4,0,
3561,3,3,11,3,0,
3562,3,4,5,2,1,89
3563,2,2,5,2,0,
3564,4,4,2,4,0,
3565,5,5,1,5,0,
3566,5,5,1,5,0,
3567,2,2,5,2,0,
3568,2,2,5,2,0,
3569,3,3,11,3,0,
3570,4,4,2,4,0,
3571,3,3,11,3,0,
3572,4,4,2,4,0,
3573,2,2,5,2,1,99
3574,3,3,5,2,0,
3575,3,2,11,3,0,
3576,5,5,1,5,0,
3577,2,2,5,2,0,
3578,4,3,11,3,0,
3579,3,3,2,4,0,
3580,8,8,8,8,0,
3581,3,3,11,3,0,
3582,3,3,11,3,0,
3583,6,6,2,4,0,
3584,3,3,11,3,0,
3585,4,4,11,3,0,
3586,2,2,5,2,0,
3587,1,1,7,1,0,
3588,4,4,2,4,1,98
3589,3,3,11,3,0,
3590,3,3,11,3,0,
3591,4,6,2,4,0,
3592,2,2,5,2,1,99
3593,3,3,11,3,1,56
3594,4,3,11,3,0,
3595,2,2,5,2,1,99
3596,4,4,11,3,0,
3597,3,3,11,3,0,
3598,2,2,5,2,0,
3599,3,3,11,3,0,
3600,4,3,11,3,0,
3601,3,3,11,3,0,
3602,4,4,2,4,0,
3603,2,2,5,2,0,
3604,3,3,11,3,0,
3605,3,2,2,4,0,
3606,3,3,11,3,1,99
3607,3,3,11,3,0,
3608,4,4,2,4,0,
3609,4,4,2,4,0,
3610,3,3,11,3,0,
3611,2,2,5,2,0,
3612,4,4,2,4,0,
3613,4,3,11,3,0,
3614,4,3,2,4,0,
3615,3,3,11,3,1,83
3616,4,2,2,4,1,48
3617,2,2,5,2,0,
3618,4,4,2,4,0,
3619,4,4,2,4,0,
3620,3,6,11,3,0,
3621,4,4,2,4,0,
3622,3,3,11,3,1,99
3623,2,4,5,2,0,
3624,3,2,11,3,0,
3625,3,3,11,3,1,93
3626,4,4,2,4,0,
3627,3,4,2,4,0,
3628,6,6,2,4,0,
3629,4,3,11,3,0,
3630,4,4,2,4,0,
3631,3,3,11,3,0,
3632,5,5,1,5,0,
3633,4,4,2,4,0,
3634,4,3,11,3,0,
3635,3,4,11,3,0,
3636,2,2,5,2,0,
3637,4,4,2,4,0,
3638,2,2,5,2,0,
3639,3,3,11,3,0,
3640,3,2,5,2,0,
3641,4,4,2,4,1,99
3642,4,4,2,4,0,
3643,3,3,11,3,0,
3644,4,4,7,1,0,
3645,4,4,2,4,1,99
3646,4,4,2,4,0,
3647,4,4,2,4,0,
3648,8,3,11,3,0,
3649,3,3,11,3,0,
3650,3,3,5,2,0,
3651,5,5,1,5,1,99
3652,3,2,11,3,1,99
3653,6,3,5,2,0,
3654,1,1,7,1,0,
3655,6,4,11,3,1,51
3656,4,4,2,4,0,
3657,4,4,11,3,0,
3658,5,5,1,5,0,
3659,3,3,11,3,0,
3660,4,4,4,6,0,
3661,3,3,11,3,0,
3662,4,4,2,4,0,
3663,4,3,7,1,0,
3664,6,6,2,4,0,
3665,5,5,1,5,0,
3666,4,3,2,4,0,
3667,5,5,1,5,1,99
3668,4,4,2,4,0,
3669,3,3,11,3,1,99
3670,2,2,5,2,0,
3671,2,2,5,2,0,
3672,1,6,7,1,0,
3673,6,6,2,4,0,
3674,4,4,2,4,0,
3675,4,4,2,4,0,
3676,4,4,2,4,0,
3677,3,3,5,2,1,83
3678,4,4,11,3,1,99
3679,3,3,11,3,0,
3680,3,3,11,3,0,
3681,3,4,11,3,0,
3682,4,4,2,4,1,99
3683,3,3,11,3,0,
3684,4,4,2,4,0,
3685,3,3,2,4,0,
3686,1,1,7,1,0,
3687,3,3,11,3,0,
3688,1,1,7,1,0,
3689,3,3,11,3,0,
3690,3,3,11,3,0,
3691,2,2,5,2,1,99
3692,3,3,11,3,1,99
3693,2,2,5,2,0,
3694,2,2,5,2,0,
3695,4,4,11,3,0,
3696,3,3,11,3,0,
3697,3,3,11,3,1,99
3698,2,2,5,2,0,
3699,2,2,5,2,0,
3700,5,5,1,5,0,
3701,3,3,11,3,1,99
3702,4,4,2,4,0,
3703,2,4,5,2,1,63
3704,1,4,2,4,0,
3705,4,4,11,3,1,99
3706,3,3,11,3,0,
3707,5,5,1,5,0,
3708,3,3,11,3,0,
3709,4,4,2,4,0,
3710,3,3,11,3,0,
3711,4,4,2,4,0,
3712,3,3,11,3,0,
3713,5,5,1,5,0,
3714,4,3,11,3,0,
3715,2,2,5,2,0,
3716,4,4,2,4,0,
3717,3,3,11,3,0,
3718,4,4,2,4,0,
3719,2,2,5,2,1,99
3720,3,3,11,3,0,
3721,4,4,11,3,0,
3722,4,6,2,4,0,
3723,4,4,2,4,0,
3724,3,3,11,3,0,
3725,6,6,2,4,0,
3726,6,6,5,2,0,
3727,3,3,11,3,0,
3728,5,5,1,5,1,100
3729,4,4,2,4,0,
3730,3,3,11,3,0,
3731,6,6,2,4,0,
3732,1,3,2,4,0,
3733,4,4,2,4,0,
3734,2,2,5,2,0,
3735,4,4,2,4,0,
3736,1,2,11,3,0,
3737,1,2,7,1,0,
3738,1,1,7,1,0,
3739,1,3,8,8,0,
3740,4,4,2,4,1,98
3741,4,4,2,4,1,99
3742,4,4,2,4,0,
3743,4,4,2,4,0,
3744,6,4,2,4,1,99
3745,3,2,11,3,0,
3746,4,4,2,4,0,
3747,2,2,5,2,0,
3748,4,3,11,3,0,
3749,5,5,1,5,0,
3750,4,4,2,4,0,
3751,2,2,5,2,0,
3752,4,4,2,4,0,
3753,4,4,2,4,0,
3754,3,3,11,3,0,
3755,4,4,2,4,0,
3756,1,1,7,1,0,
3757,2,2,11,3,0,
3758,3,3,11,3,0,
3759,2,2,5,2,0,
3760,3,3,5,2,0,
3761,4,4,11,3,1,99
3762,4,4,2,4,0,
3763,4,4,2,4,1,99
3764,4,4,2,4,0,
3765,4,4,11,3,0,
3766,3,3,11,3,0,
3767,4,4,2,4,1,99
3768,3,2,5,2,0,
3769,2,2,5,2,0,
3770,4,4,2,4,0,
3771,3,3,11,3,1,99
3772,2,2,5,2,0,
3773,4,4,2,4,0,
3774,6,3,11,3,0,
3775,2,2,5,2,0,
3776,3,3,11,3,0,
3777,4,4,2,4,0,
3778,4,4,2,4,0,
3779,1,1,2,4,0,
3780,4,3,2,4,0,
3781,5,5,1,5,0,
3782,3,2,11,3,0,
3783,2,2,5,2,1,98
3784,5,5,1,5,0,
3785,4,4,2,4,1,151
3786,2,2,5,2,0,
3787,4,4,2,4,1,78
3788,1,1,7,1,0,
3789,3,3,11,3,0,
3790,2,2,5,2,0,
3791,4,4,2,4,0,
3792,3,3,11,3,1,91
3793,3,3,11,3,0,
3794,3,3,11,3,0,
3795,3,3,11,3,1,99
3796,2,2,5,2,0,
3797,4,4,2,4,0,
3798,4,4,5,2,0,
3799,4,4,2,4,1,99
3800,3,2,2,4,0,
3801,3,6,11,3,0,
3802,2,2,5,2,0,
3803,3,3,11,3,0,
3804,4,4,2,4,1,77
3805,4,4,2,4,0,
3806,4,4,2,4,0,
3807,4,4,2,4,0,
3808,4,2,2,4,1,40
3809,3,3,11,3,0,
3810,5,5,1,5,0,
3811,2,1,7,1,0,
3812,4,4,2,4,1,99
3813,3,2,11,3,0,
3814,6,6,11,3,1,99
3815,4,4,2,4,0,
3816,5,5,1,5,0,
3817,4,4,2,4,0,
3818,3,4,2,4,0,
3819,2,2,5,2,1,99
3820,3,3,11,3,0,
3821,4,4,2,4,0,
3822,3,3,11,3,1,99
3823,3,3,11,3,0,
3824,4,4,2,4,0,
3825,5,5,1,5,1,99
3826,2,2,5,2,0,
3827,4,2,2,4,0,
3828,2,2,5,2,0,
3829,6,6,5,2,0,
3830,2,2,5,2,0,
3831,3,3,11,3,0,
3832,6,6,2,4,0,
3833,4,4,2,4,0,
3834,4,4,2,4,0,
3835,3,3,11,3,0,
3836,2,2,5,2,0,
3837,3,2,5,2,0,
3838,2,2,5,2,1,99
3839,5,5,1,5,0,
3840,6,6,2,4,0,
3841,4,4,2,4,0,
3842,3,6,11,3,0,
3843,3,2,11,3,0,
3844,3,2,11,3,0,
3845,6,6,2,4,0,
3846,3,3,11,3,0,
3847,4,4,2,4,1,99
3848,2,2,5,2,0,
3849,4,4,2,4,1,99
3850,5,5,1,5,0,
3851,2,2,5,2,0,
3852,3,3,11,3,0,
3853,4,4,2,4,0,
3854,3,2,5,2,0,
3855,3,1,7,1,0,
3856,2,2,5,2,0,
3857,4,3,2,4,0,
3858,2,2,5,2,0,
3859,4,4,2,4,1,79
3860,3,3,11,3,0,
3861,3,3,11,3,1,99
3862,2,2,5,2,0,
3863,1,3,7,1,0,
3864,3,3,11,3,1,99
3865,4,2,5,2,0,
3866,3,3,11,3,1,99
3867,2,2,5,2,0,
3868,4,4,2,4,0,
3869,3,3,11,3,0,
3870,3,3,11,3,0,
3871,1,1,11,3,1,92
3872,2,2,2,4,1,89
3873,3,3,11,3,0,
3874,3,3,11,3,0,
3875,2,3,11,3,1,211
3876,4,4,2,4,0,
3877,5,5,1,5,0,
3878,4,2,2,4,0,
3879,3,3,11,3,0,
3880,2,2,5,2,0,
3881,3,2,5,2,0,
3882,3,3,11,3,0,
3883,4,4,2,4,0,
3884,1,2,5,2,0,
3885,3,2,7,1,1,63
3886,3,3,11,3,1,62
3887,4,4,2,4,0,
3888,4,4,2,4,0,
3889,3,2,5,2,0,
3890,3,3,11,3,0,
3891,4,4,2,4,1,99
3892,3,3,5,2,0,
3893,2,2,5,2,0,
3894,1,1,7,1,0,
3895,3,8,5,2,0,
3896,6,6,2,4,0,
3897,3,3,11,3,0,
3898,3,3,11,3,0,
3899,3,4,11,3,0,
3900,3,3,11,3,0,
3901,2,2,5,2,0,
3902,6,6,2,4,0,
3903,3,3,11,3,0,
3904,1,1,7,1,0,
3905,4,4,2,4,0,
3906,2,2,5,2,0,
3907,3,3,11,3,0,
3908,4,4,2,4,0,
3909,4,4,2,4,0,
3910,4,3,11,3,0,
3911,3,3,11,3,0,
3912,4,4,2,4,1,99
3913,4,4,2,4,0,
3914,4,4,2,4,1,99
3915,3,3,11,3,0,
3916,1,1,7,1,0,
3917,5,5,1,5,0,
3918,3,3,11,3,1,99
3919,5,5,1,5,0,
3920,2,2,5,2,0,
3921,3,2,5,2,0,
3922,3,3,11,3,0,
3923,3,4,11,3,1,85
3924,2,2,5,2,0,
3925,2,2,5,2,0,
3926,4,4,2,4,0,
3927,4,4,2,4,0,
3928,3,3,11,3,0,
3929,2,2,5,2,0,
3930,8,3,11,3,0,
3931,1,4,2,4,0,
3932,6,6,2,4,0,
3933,4,4,2,4,0,
3934,1,2,5,2,0,
3935,4,4,2,4,0,
3936,5,5,1,5,0,
3937,3,3,11,3,0,
3938,2,2,5,2,0,
3939,4,4,2,4,0,
3940,3,3,11,3,0,
3941,4,4,2,4,1,95
3942,2,2,5,2,1,95
3943,4,4,11,3,0,
3944,2,2,5,2,1,211
3945,4,4,2,4,0,
3946,4,4,2,4,0,
3947,2,2,5,2,0,
3948,3,3,11,3,0,
3949,5,5,1,5,0,
3950,4,4,2,4,1,99
3951,4,6,2,4,0,
3952,3,3,11,3,0,
3953,5,2,1,5,0,
3954,3,3,11,3,0,
3955,8,8,11,3,0,
3956,2,2,5,2,0,
3957,3,3,11,3,0,
3958,4,4,11,3,0,
3959,3,3,11,3,0,
3960,2,2,5,2,1,99
3961,3,3,11,3,0,
3962,5,5,1,5,0,
3963,2,2,5,2,0,
3964,2,2,5,2,0,
3965,3,3,11,3,0,
3966,1,2,7,1,0,
3967,3,3,11,3,0,
3968,3,3,11,3,1,66
3969,3,3,11,3,0,
3970,4,4,2,4,0,
3971,3,3,11,3,1,99
3972,4,4,2,4,0,
3973,1,1,7,1,0,
3974,2,2,5,2,0,
3975,3,3,11,3,0,
3976,2,2,5,2,1,99
3977,5,5,1,5,0,
3978,2,2,5,2,0,
3979,3,3,11,3,0,
3980,4,4,11,3,0,
3981,3,3,11,3,1,99
3982,2,2,5,2,0,
3983,3,3,11,3,1,99
3984,2,4,2,4,0,
3985,6,6,2,4,0,
3986,3,3,11,3,0,
3987,4,4,2,4,0,
3988,4,4,2,4,1,99
3989,1,4,11,3,0,
3990,3,3,11,3,1,99
3991,6,6,2,4,1,99
3992,4,4,2,4,0,
3993,4,6,2,4,0,
3994,3,3,11,3,0,
3995,3,3,11,3,0,
3996,3,3,11,3,0,
3997,2,2,5,2,0,
3998,3,3,11,3,0,
3999,3,3,11,3,0,
4000,3,3,8,8,0,
4001,4,4,2,4,0,
4002,2,3,5,2,0,
4003,3,3,11,3,0,
4004,3,3,11,3,0,
4005,2,2,5,2,0,
4006,2,2,11,3,0,
4007,5,5,1,5,0,
4008,2,2,5,2,0,
4009,5,5,1,5,0,
4010,2,2,5,2,1,95
4011,2,2,5,2,0,
4012,4,4,2,4,0,
4013,5,5,1,5,0,
4014,4,3,11,3,0,
4015,4,6,2,4,0,
4016,4,4,2,4,0,
4017,2,2,5,2,0,
4018,5,5,1,5,0,
4019,4,4,2,4,0,
4020,3,3,11,3,0,
4021,4,2,5,2,0,
4022,4,4,11,3,0,
4023,3,2,11,3,1,99
4024,3,3,11,3,1,99
4025,4,4,2,4,1,99
4026,4,4,2,4,0,
4027,6,6,11,3,0,
4028,4,4,2,4,0,
4029,4,1,2,4,0,
4030,4,6,2,4,1,99
4031,4,4,2,4,0,
4032,3,3,11,3,0,
4033,4,3,2,4,0,
4034,3,2,5,2,0,
4035,2,2,5,2,1,99
4036,4,4,2,4,1,98
4037,4,4,2,4,1,99
4038,2,2,5,2,1,97
4039,4,6,2,4,1,99
4040,3,4,11,3,0,
4041,5,5,1,5,0,
4042,2,2,5,2,0,
4043,5,5,1,5,0,
4044,3,3,11,3,0,
4045,3,3,11,3,0,
4046,4,4,2,4,1,99
4047,3,3,11,3,0,
4048,3,3,11,3,0,
4049,3,2,11,3,1,61
4050,3,3,11,3,0,
4051,4,4,2,4,0,
4052,3,3,11,3,1,99
4053,3,3,2,4,0,
4054,3,3,11,3,0,
4055,4,4,2,4,0,
4056,5,5,1,5,0,
4057,3,3,11,3,0,
4058,3,3,11,3,1,99
4059,3,2,11,3,0,
4060,3,3,5,2,0,
4061,5,5,1,5,0,
4062,5,5,1,5,0,
4063,3,3,11,3,0,
4064,4,4,2,4,0,
4065,3,3,11,3,0,
4066,4,4,2,4,0,
4067,3,3,11,3,0,
4068,3,3,11,3,0,
4069,3,3,11,3,0,
4070,4,4,2,4,0,
4071,3,3,11,3,0,
4072,4,4,2,4,1,99
4073,3,3,11,3,1,99
4074,4,4,2,4,0,
4075,2,2,5,2,0,
4076,2,2,5,2,0,
4077,2,2,5,2,0,
4078,3,3,11,3,0,
4079,4,4,7,1,1,55
4080,3,3,11,3,0,
4081,4,4,2,4,1,99
4082,1,2,5,2,0,
4083,4,4,2,4,1,98
4084,2,2,5,2,0,
4085,3,3,11,3,1,97
4086,3,3,5,2,0,
4087,4,4,2,4,0,
4088,2,2,5,2,1,95
4089,4,4,2,4,1,99
4090,4,4,2,4,0,
4091,5,5,1,5,0,
4092,4,4,2,4,0,
4093,2,2,5,2,0,
4094,1,1,7,1,0,
4095,3,3,11,3,1,99
4096,3,3,11,3,1,99
4097,4,4,2,4,1,97
4098,4,4,2,4,1,151
4099,3,3,11,3,0,
4100,3,3,11,3,0,
4101,4,4,2,4,0,
4102,2,2,5,2,1,99
4103,5,2,1,5,0,
4104,2,2,5,2,0,
4105,3,3,11,3,0,
4106,4,2,5,2,0,
4107,3,3,11,3,0,
4108,3,3,5,2,1,57
4109,2,2,5,2,0,
4110,3,3,11,3,0,
4111,3,3,2,4,0,
4112,4,4,2,4,0,
4113,3,2,11,3,0,
4114,3,3,11,3,0,
4115,2,2,5,2,0,
4116,3,3,11,3,1,97
4117,4,4,2,4,0,
4118,3,3,11,3,0,
4119,4,4,2,4,0,
4120,3,3,11,3,0,
4121,4,4,2,4,0,
4122,3,3,11,3,0,
4123,4,2,11,3,0,
4124,2,5,5,2,0,
4125,4,3,11,3,1,152
4126,4,4,2,4,0,
4127,2,2,5,2,0,
4128,6,2,2,4,1,58
4129,2,2,5,2,1,84
4130,5,6,1,5,0,
4131,3,3,11,3,1,99
4132,4,4,2,4,0,
4133,2,2,5,2,1,99
4134,4,4,2,4,0,
4135,3,3,11,3,0,
4136,3,3,11,3,0,
4137,2,2,5,2,0,
4138,4,4,2,4,0,
4139,3,3,11,3,0,
4140,3,3,11,3,0,
4141,4,4,2,4,1,99
4142,6,6,2,4,0,
4143,3,3,11,3,1,97
4144,3,3,5,2,0,
4145,3,3,11,3,0,
4146,2,2,11,3,0,
4147,1,8,8,8,0,
4148,2,2,5,2,0,
4149,3,3,11,3,0,
4150,2,2,5,2,0,
4151,3,3,11,3,0,
4152,2,2,5,2,1,99
4153,2,6,5,2,1,99
4154,3,2,11,3,0,
4155,2,2,5,2,0,
4156,2,2,11,3,0,
4157,3,2,11,3,0,
4158,3,3,11,3,1,99
4159,4,4,11,3,1,79
4160,3,4,2,4,0,
4161,6,6,2,4,0,
4162,4,4,2,4,0,
4163,3,3,2,4,1,78
4164,5,5,1,5,0,
4165,5,0,1,5,0,
4166,5,6,1,5,0,
4167,5,5,1,5,0,
4168,1,1,5,2,1,99
4169,3,3,11,3,0,
4170,2,2,5,2,0,
4171,5,5,1,5,0,
4172,4,4,2,4,0,
4173,3,3,11,3,0,
4174,1,1,7,1,0,
4175,1,1,7,1,0,
4176,2,2,2,4,0,
4177,3,3,11,3,0,
4178,3,3,11,3,0,
4179,2,2,5,2,0,
4180,1,2,2,4,0,
4181,3,3,11,3,1,99
4182,2,2,5,2,0,
4183,3,3,11,3,0,
4184,5,5,1,5,0,
4185,3,3,11,3,0,
4186,4,4,2,4,1,98
4187,1,8,7,1,0,
4188,3,3,11,3,0,
4189,4,4,2,4,0,
4190,4,4,2,4,0,
4191,2,2,5,2,0,
4192,3,3,11,3,0,
4193,4,4,2,4,0,
4194,3,3,11,3,1,99
4195,1,1,7,1,1,94
4196,3,4,11,3,0,
4197,3,3,11,3,1,99
4198,4,4,2,4,0,
4199,6,6,2,4,1,100
4200,2,2,5,2,1,98
4201,3,3,2,4,0,
4202,3,3,11,3,0,
4203,3,2,11,3,0,
4204,3,3,5,2,0,
4205,3,2,11,3,1,98
4206,3,2,5,2,0,
4207,3,3,11,3,0,
4208,1,1,11,3,0,
4209,3,3,11,3,0,
4210,2,2,7,1,0,
4211,3,3,11,3,0,
4212,4,4,2,4,0,
4213,4,4,2,4,0,
4214,3,3,11,3,1,99
4215,4,6,5,2,1,99
4216,3,3,11,3,0,
4217,3,3,11,3,0,
4218,4,4,2,4,1,99
4219,4,4,2,4,1,98
4220,3,3,11,3,0,
4221,3,3,11,3,0,
4222,4,2,11,3,0,
4223,3,2,5,2,0,
4224,4,6,2,4,1,93
4225,3,3,5,2,0,
4226,3,3,11,3,1,99
4227,4,4,2,4,0,
4228,2,2,5,2,0,
4229,3,3,11,3,0,
4230,5,5,1,5,0,
4231,2,2,5,2,0,
4232,2,2,5,2,0,
4233,3,3,11,3,1,99
4234,4,4,2,4,0,
4235,3,3,8,8,0,
4236,5,5,1,5,0,
4237,2,2,11,3,0,
4238,3,3,11,3,1,88
4239,3,1,5,2,0,
4240,2,2,5,2,0,
4241,1,1,7,1,0,
4242,4,4,2,4,1,99
4243,2,2,5,2,0,
4244,5,5,1,5,0,
4245,3,3,11,3,0,
4246,2,2,5,2,0,
4247,1,3,2,4,0,
4248,2,2,11,3,0,
4249,2,2,5,2,0,
4250,3,3,11,3,0,
4251,2,2,5,2,1,89
4252,5,5,1,5,1,99
4253,4,4,2,4,0,
4254,3,3,11,3,0,
4255,4,4,2,4,0,
4256,4,4,2,4,0,
4257,4,4,2,4,0,
4258,2,2,11,3,0,
4259,3,3,11,3,1,99
4260,3,3,11,3,0,
4261,3,3,11,3,0,
4262,3,3,11,3,0,
4263,3,2,11,3,0,
4264,4,4,11,3,0,
4265,2,4,2,4,0,
4266,5,5,1,5,1,100
4267,3,3,11,3,0,
4268,4,4,11,3,1,98
4269,6,6,11,3,0,
4270,3,2,11,3,0,
4271,3,2,5,2,0,
4272,2,2,5,2,1,96
4273,2,2,5,2,0,
4274,1,1,7,1,0,
4275,3,3,11,3,0,
4276,6,6,2,4,0,
4277,4,4,2,4,0,
4278,4,4,2,4,0,
4279,4,4,2,4,0,
4280,2,3,11,3,0,
4281,4,4,2,4,0,
4282,2,2,5,2,0,
4283,4,4,2,4,0,
4284,4,4,2,4,0,
4285,3,3,11,3,0,
4286,2,2,5,2,1,61
4287,4,4,2,4,1,99
4288,3,3,11,3,0,
4289,3,3,11,3,0,
4290,3,3,11,3,0,
4291,3,3,11,3,0,
4292,3,3,11,3,0,
4293,1,2,5,2,0,
4294,1,3,7,1,0,
4295,1,1,7,1,1,59
4296,2,2,5,2,0,
4297,3,8,11,3,0,
4298,1,1,7,1,0,
4299,8,8,8,8,0,
4300,5,5,1,5,0,
4301,3,2,5,2,0,
4302,3,8,8,8,0,
4303,1,4,2,4,0,
4304,4,3,11,3,0,
4305,2,2,5,2,0,
4306,3,3,11,3,0,
4307,2,2,5,2,0,
4308,1,1,5,2,0,
4309,2,2,5,2,0,
4310,3,3,11,3,0,
4311,3,3,11,3,0,
4312,4,3,11,3,0,
4313,3,3,11,3,0,
4314,2,2,11,3,0,
4315,4,6,2,4,0,
4316,1,4,2,4,0,
4317,2,2,5,2,0,
4318,3,3,11,3,0,
4319,6,6,2,4,0,
4320,3,3,11,3,0,
4321,2,2,5,2,1,89
4322,3,3,11,3,0,
4323,4,4,2,4,0,
4324,2,2,5,2,0,
4325,3,3,11,3,0,
4326,4,4,2,4,0,
4327,3,3,11,3,1,99
4328,3,3,11,3,0,
4329,4,4,2,4,0,
4330,3,3,5,2,0,
4331,3,3,11,3,0,
4332,2,2,5,2,0,
4333,5,5,1,5,1,100
4334,4,4,2,4,0,
4335,3,3,11,3,0,
4336,6,4,2,4,1,98
4337,6,2,5,2,1,99
4338,3,3,11,3,0,
4339,6,6,11,3,0,
4340,5,5,1,5,0,
4341,4,4,2,4,0,
4342,4,4,2,4,0,
4343,3,3,11,3,0,
4344,3,3,11,3,1,99
4345,4,4,11,3,0,
4346,3,3,11,3,0,
4347,2,2,5,2,1,99
4348,4,4,2,4,0,
4349,3,3,11,3,1,99
4350,2,2,5,2,0,
4351,3,3,11,3,0,
4352,2,2,5,2,0,
4353,3,3,11,3,0,
4354,4,4,2,4,0,
4355,4,3,11,3,0,
4356,2,2,5,2,0,
4357,3,4,2,4,0,
4358,6,6,2,4,1,99
4359,4,3,11,3,0,
4360,4,4,2,4,0,
4361,3,3,11,3,0,
4362,1,1,7,1,1,93
4363,3,3,11,3,0,
4364,4,4,2,4,0,
4365,4,4,11,3,0,
4366,2,2,5,2,0,
4367,3,2,11,3,0,
4368,4,4,2,4,0,
4369,4,4,2,4,0,
4370,2,2,5,2,0,
4371,2,2,5,2,1,84
4372,2,2,5,2,0,
4373,8,7,11,3,1,61
4374,3,2,11,3,0,
4375,6,6,2,4,0,
4376,3,1,11,3,0,
4377,4,4,2,4,1,99
4378,5,5,1,5,0,
4379,2,2,5,2,0,
4380,4,3,11,3,0,
4381,4,3,11,3,1,99
4382,3,8,8,8,0,
4383,3,3,5,2,0,
4384,2,2,5,2,0,
4385,3,3,11,3,0,
4386,2,4,11,3,0,
4387,5,5,1,5,1,100
4388,3,3,11,3,0,
4389,1,2,7,1,0,
4390,3,3,11,3,0,
4391,6,4,2,4,0,
4392,1,2,11,3,1,67
4393,3,4,2,4,0,
4394,2,2,5,2,0,
4395,3,2,11,3,1,98
4396,6,6,2,4,1,99
4397,3,3,11,3,0,
4398,4,4,2,4,0,
4399,3,2,11,3,0,
4400,3,3,5,2,0,
4401,3,2,5,2,0,
4402,5,5,1,5,0,
4403,5,5,1,5,0,
4404,3,3,11,3,0,
4405,3,3,11,3,1,99
4406,4,4,2,4,0,
4407,4,3,11,3,0,
4408,4,4,2,4,0,
4409,3,3,11,3,0,
4410,6,4,2,4,0,
4411,5,5,1,5,0,
4412,5,5,1,5,0,
4413,4,4,2,4,0,
4414,3,3,11,3,0,
4415,3,2,7,1,0,
4416,4,4,2,4,0,
4417,4,4,2,4,0,
4418,3,3,11,3,0,
4419,3,3,11,3,0,
4420,4,4,2,4,0,
4421,3,3,11,3,0,
4422,3,3,11,3,0,
4423,4,4,2,4,0,
4424,4,4,11,3,0,
4425,6,6,2,4,0,
4426,3,3,11,3,0,
4427,4,3,11,3,1,91
4428,4,2,5,2,0,
4429,5,5,1,5,0,
4430,4,4,2,4,0,
4431,3,3,11,3,0,
4432,4,4,2,4,0,
4433,3,3,11,3,0,
4434,6,6,2,4,0,
4435,3,3,11,3,0,
4436,2,2,5,2,1,98
4437,4,4,2,4,0,
4438,4,4,2,4,0,
4439,2,2,11,3,0,
4440,3,3,11,3,1,151
4441,4,4,2,4,0,
4442,3,3,11,3,1,95
4443,3,3,11,3,0,
4444,2,2,5,2,0,
4445,2,2,5,2,0,
4446,5,5,1,5,0,
4447,4,4,2,4,0,
4448,2,2,5,2,1,99
4449,3,3,11,3,0,
4450,6,6,2,4,0,
4451,3,3,11,3,0,
4452,4,4,2,4,1,99
4453,4,4,5,2,0,
4454,4,4,2,4,0,
4455,6,2,11,3,0,
4456,1,2,5,2,0,
4457,3,3,5,2,0,
4458,3,3,11,3,0,
4459,4,4,2,4,0,
4460,1,1,2,4,1,90
4461,5,5,1,5,0,
4462,3,3,11,3,0,
4463,5,5,1,5,1,99
4464,3,3,11,3,0,
4465,3,3,5,2,0,
4466,3,3,11,3,1,96
4467,4,4,2,4,1,99
4468,3,3,5,2,0,
4469,4,4,2,4,0,
4470,3,3,11,3,0,
4471,1,1,7,1,0,
4472,3,3,11,3,1,99
4473,2,2,5,2,0,
4474,3,3,11,3,0,
4475,3,3,11,3,0,
4476,1,2,7,1,0,
4477,3,3,11,3,0,
4478,2,2,5,2,0,
4479,6,6,2,4,0,
4480,6,6,2,4,1,99
4481,3,2,11,3,0,
4482,3,3,11,3,1,53
4483,3,3,11,3,0,
4484,5,5,1,5,1,100
4485,5,5,1,5,0,
4486,4,4,2,4,0,
4487,3,3,5,2,0,
4488,4,4,2,4,0,
4489,3,3,11,3,0,
4490,1,2,5,2,1,97
4491,3,3,11,3,0,
4492,4,4,2,4,0,
4493,4,4,2,4,0,
4494,5,5,1,5,0,
4495,3,3,11,3,0,
4496,6,2,5,2,0,
4497,3,3,11,3,0,
4498,6,6,2,4,0,
4499,5,5,1,5,0,
4500,4,3,11,3,0,
4501,4,4,2,4,0,
4502,4,4,2,4,1,97
4503,4,6,2,4,0,
4504,3,3,11,3,1,211
4505,1,1,5,2,1,99
4506,2,2,5,2,0,
4507,5,5,1,5,0,
4508,6,6,2,4,0,
4509,4,4,2,4,0,
4510,3,3,11,3,0,
4511,4,4,2,4,0,
4512,4,1,2,4,1,54
4513,4,4,2,4,0,
4514,2,2,5,2,0,
4515,3,3,5,2,0,
4516,2,2,5,2,0,
4517,3,3,11,3,0,
4518,3,3,11,3,0,
4519,3,3,11,3,0,
4520,3,3,5,2,0,
4521,1,1,7,1,0,
4522,3,4,2,4,1,84
4523,3,2,5,2,0,
4524,6,6,2,4,1,99
4525,4,4,2,4,0,
4526,3,3,11,3,0,
4527,4,4,2,4,0,
4528,4,4,2,4,0,
4529,3,3,11,3,0,
4530,3,3,11,3,0,
4531,3,3,11,3,0,
4532,4,4,2,4,0,
4533,4,4,2,4,0,
4534,3,3,11,3,1,52
4535,2,2,5,2,0,
4536,3,3,11,3,0,
4537,4,4,5,2,0,
4538,2,2,5,2,0,
4539,2,2,11,3,0,
4540,1,2,5,2,0,
4541,3,3,11,3,0,
4542,3,2,5,2,1,62
4543,2,2,5,2,0,
4544,3,3,11,3,1,99
4545,3,2,2,4,0,
4546,3,3,11,3,0,
4547,3,3,11,3,0,
4548,3,3,11,3,0,
4549,3,8,11,3,0,
4550,3,3,11,3,1,99
4551,3,2,11,3,1,52
4552,3,2,11,3,1,81
4553,3,3,11,3,0,
4554,2,2,5,2,0,
4555,2,2,5,2,0,
4556,4,4,2,4,0,
4557,4,4,2,4,0,
4558,4,4,2,4,1,99
4559,3,3,11,3,0,
4560,2,2,5,2,0,
4561,6,6,11,3,1,99
4562,2,2,5,2,0,
4563,3,3,11,3,0,
4564,3,3,11,3,1,99
4565,3,3,5,2,0,
4566,2,2,5,2,1,99
4567,2,2,5,2,1,98
4568,4,4,2,4,0,
4569,4,4,2,4,1,99
4570,2,2,11,3,0,
4571,4,4,11,3,0,
4572,4,4,2,4,0,
4573,3,3,11,3,0,
4574,3,3,11,3,0,
4575,4,4,2,4,0,
4576,4,4,11,3,0,
4577,3,3,11,3,0,
4578,4,4,2,4,0,
4579,3,3,11,3,0,
4580,3,3,11,3,0,
4581,3,3,11,3,0,
4582,2,2,5,2,0,
4583,3,3,11,3,0,
4584,3,3,11,3,0,
4585,3,3,11,3,1,99
4586,3,3,11,3,1,99
4587,2,2,5,2,0,
4588,4,4,2,4,1,99
4589,3,3,11,3,1,99
4590,4,4,11,3,0,
4591,2,2,5,2,0,
4592,4,3,2,4,0,
4593,3,3,11,3,0,
4594,3,3,11,3,0,
4595,4,4,2,4,1,99
4596,3,3,11,3,0,
4597,2,2,11,3,0,
4598,3,3,11,3,0,
4599,1,1,7,1,0,
4600,3,3,11,3,0,
4601,4,4,2,4,0,
4602,4,4,2,4,0,
4603,6,6,2,4,0,
4604,4,4,2,4,0,
4605,4,4,2,4,0,
4606,3,3,11,3,0,
4607,3,3,11,3,1,99
4608,6,2,5,2,0,
4609,3,3,11,3,0,
4610,1,3,11,3,0,
4611,4,4,2,4,0,
4612,4,4,2,4,0,
4613,2,2,5,2,0,
4614,3,3,11,3,0,
4615,4,4,2,4,0,
4616,5,5,1,5,0,
4617,2,2,11,3,0,
4618,2,2,5,2,0,
4619,3,3,11,3,1,99
4620,6,6,2,4,0,
4621,1,2,7,1,0,
4622,2,2,5,2,0,
4623,4,4,2,4,0,
4624,2,2,5,2,0,
4625,4,4,11,3,0,
4626,3,4,2,4,0,
4627,3,3,11,3,0,
4628,5,5,1,5,0,
4629,4,3,2,4,1,80
4630,4,4,2,4,0,
4631,3,3,11,3,0,
4632,2,2,5,2,0,
4633,4,2,11,3,1,96
4634,3,3,11,3,0,
4635,2,2,5,2,0,
4636,3,2,5,2,0,
4637,3,3,11,3,1,99
4638,2,2,5,2,0,
4639,5,5,1,5,0,
4640,4,4,2,4,0,
4641,4,6,2,4,0,
4642,3,3,11,3,0,
4643,3,3,11,3,0,
4644,2,2,5,2,0,
4645,4,4,2,4,0,
4646,4,4,2,4,0,
4647,3,3,5,2,0,
4648,3,2,5,2,1,81
4649,4,4,2,4,0,
4650,4,3,2,4,1,96
4651,3,3,8,8,0,
4652,3,3,11,3,0,
4653,2,2,5,2,0,
4654,3,3,11,3,0,
4655,4,4,2,4,0,
4656,3,2,11,3,0,
4657,4,4,2,4,0,
4658,3,2,11,3,0,
4659,4,2,2,4,0,
4660,2,2,5,2,0,
4661,4,6,2,4,0,
4662,4,4,2,4,1,99
4663,3,3,11,3,1,99
4664,3,3,11,3,0,
4665,4,4,2,4,0,
4666,4,4,2,4,0,
4667,3,4,11,3,0,
4668,4,4,2,4,0,
4669,8,8,9,7,0,
4670,4,4,11,3,1,77
4671,3,3,11,3,1,99
4672,3,3,11,3,0,
4673,2,2,5,2,0,
4674,3,3,11,3,0,
4675,2,2,5,2,0,
4676,4,4,11,3,0,
4677,6,6,2,4,0,
4678,2,2,5,2,0,
4679,4,4,2,4,0,
4680,4,4,2,4,0,
4681,8,8,11,3,1,93
4682,6,6,2,4,1,99
4683,3,3,11,3,1,99
4684,3,3,11,3,1,99
4685,3,3,11,3,0,
4686,3,3,11,3,0,
4687,2,2,5,2,0,
4688,2,2,5,2,0,
4689,4,4,2,4,0,
4690,3,2,11,3,0,
4691,1,1,7,1,0,
4692,3,3,11,3,0,
4693,1,1,7,1,0,
4694,3,3,11,3,1,99
4695,2,2,5,2,1,99
4696,2,2,5,2,0,
4697,3,3,11,3,0,
4698,3,3,11,3,0,
4699,4,4,11,3,0,
4700,3,3,11,3,0,
4701,1,1,7,1,0,
4702,4,4,2,4,0,
4703,5,5,1,5,1,99
4704,3,3,5,2,0,
4705,3,3,11,3,0,
4706,5,5,1,5,0,
4707,4,4,2,4,1,99
4708,4,4,2,4,0,
4709,5,5,1,5,0,
4710,3,3,11,3,1,74
4711,3,2,5,2,1,98
4712,3,3,2,4,0,
4713,3,3,11,3,0,
4714,3,3,11,3,0,
4715,2,2,5,2,0,
4716,1,1,7,1,0,
4717,1,1,7,1,1,99
4718,4,4,2,4,0,
4719,1,1,7,1,0,
4720,3,3,11,3,0,
4721,2,2,5,2,0,
4722,2,2,5,2,0,
4723,2,2,5,2,1,99
4724,5,5,1,5,1,100
4725,5,5,1,5,0,
4726,3,3,11,3,1,46
4727,3,2,5,2,0,
4728,3,3,11,3,1,93
4729,6,4,2,4,0,
4730,4,4,2,4,0,
4731,3,3,11,3,0,
4732,3,3,11,3,0,
4733,4,4,2,4,0,
4734,4,4,2,4,0,
4735,2,2,5,2,0,
4736,2,2,5,2,0,
4737,5,5,1,5,0,
4738,2,2,5,2,0,
4739,4,3,11,3,0,
4740,3,3,11,3,0,
4741,4,4,2,4,0,
4742,4,4,2,4,1,99
4743,3,3,8,8,0,
4744,4,4,2,4,0,
4745,4,3,2,4,0,
4746,4,4,2,4,0,
4747,1,1,7,1,0,
4748,2,2,5,2,0,
4749,3,3,5,2,1,95
4750,3,3,11,3,0,
4751,5,5,1,5,0,
4752,4,4,2,4,0,
4753,3,3,11,3,0,
4754,2,2,5,2,0,
4755,4,4,2,4,0,
4756,3,3,11,3,0,
4757,6,4,2,4,0,
4758,2,2,5,2,1,99
4759,1,3,11,3,1,99
4760,3,3,11,3,0,
4761,3,3,11,3,0,
4762,3,2,5,2,0,
4763,6,2,5,2,0,
4764,4,4,1,5,0,
4765,3,3,11,3,0,
4766,4,4,2,4,0,
4767,4,4,2,4,0,
4768,1,1,7,1,0,
4769,2,2,5,2,1,99
4770,6,6,2,4,1,99
4771,5,5,1,5,0,
4772,3,2,5,2,0,
4773,4,4,2,4,0,
4774,3,3,11,3,0,
4775,4,4,2,4,0,
4776,8,8,8,8,0,
4777,4,2,2,4,0,
4778,3,3,11,3,0,
4779,3,3,11,3,0,
4780,3,3,11,3,0,
4781,3,3,11,3,0,
4782,4,4,2,4,1,90
4783,3,3,11,3,0,
4784,3,3,11,3,0,
4785,3,3,11,3,0,
4786,2,3,5,2,0,
4787,3,3,11,3,0,
4788,4,4,2,4,0,
4789,3,3,11,3,0,
4790,2,2,5,2,0,
4791,2,2,5,2,0,
4792,4,4,2,4,0,
4793,3,3,11,3,0,
4794,3,3,11,3,0,
4795,3,3,11,3,0,
4796,5,5,1,5,1,99
4797,3,3,11,3,0,
4798,3,3,5,2,0,
4799,2,2,5,2,0,
4800,3,3,11,3,0,
4801,4,4,2,4,0,
4802,2,3,11,3,0,
4803,3,3,11,3,0,
4804,3,2,11,3,0,
4805,3,3,11,3,1,211
4806,4,4,2,4,0,
4807,5,5,1,5,0,
4808,3,3,11,3,0,
4809,4,4,2,4,0,
4810,4,2,2,4,0,
4811,3,3,11,3,0,
4812,2,2,5,2,1,99
4813,4,4,2,4,0,
4814,2,2,5,2,0,
4815,4,4,2,4,0,
4816,4,4,11,3,0,
4817,2,2,5,2,0,
4818,3,3,11,3,0,
4819,4,4,2,4,0,
4820,4,3,11,3,0,
4821,2,2,5,2,0,
4822,4,4,2,4,0,
4823,3,3,11,3,0,
4824,2,2,5,2,0,
4825,4,4,2,4,1,99
4826,4,4,11,3,0,
4827,3,3,11,3,1,99
4828,4,4,2,4,0,
4829,2,2,5,2,0,
4830,1,1,2,4,0,
4831,2,2,5,2,0,
4832,3,3,11,3,0,
4833,4,4,2,4,0,
4834,4,4,2,4,0,
4835,3,3,11,3,1,99
4836,2,2,11,3,0,
4837,3,3,2,4,0,
4838,2,2,5,2,0,
4839,4,4,2,4,0,
4840,1,1,7,1,1,88
4841,2,2,5,2,1,98
4842,2,2,5,2,0,
4843,3,3,11,3,0,
4844,2,2,5,2,0,
4845,4,3,11,3,0,
4846,6,4,2,4,0,
4847,4,4,2,4,1,99
4848,2,1,7,1,1,93
4849,4,4,2,4,0,
4850,1,1,7,1,0,
4851,2,2,5,2,1,94
4852,4,4,2,4,0,
4853,3,3,11,3,0,
4854,3,2,5,2,0,
4855,5,5,1,5,0,
4856,3,3,11,3,0,
4857,2,2,5,2,0,
4858,3,3,11,3,0,
4859,2,2,5,2,0,
4860,1,2,11,3,1,81
4861,3,3,11,3,1,99
4862,6,6,2,4,1,99
4863,6,2,5,2,0,
4864,2,2,5,2,0,
4865,4,4,2,4,1,99
4866,2,2,5,2,1,99
4867,3,2,7,1,0,
4868,5,5,1,5,0,
4869,6,6,11,3,0,
4870,2,2,5,2,0,
4871,4,4,11,3,0,
4872,4,4,2,4,1,99
4873,4,4,2,4,0,
4874,5,5,1,5,0,
4875,3,3,11,3,1,97
4876,3,3,11,3,1,99
4877,6,3,11,3,0,
4878,2,2,5,2,0,
4879,4,4,2,4,1,82
4880,3,3,11,3,0,
4881,4,4,11,3,0,
4882,3,3,11,3,0,
4883,3,3,11,3,0,
4884,2,2,5,2,1,97
4885,4,4,2,4,0,
4886,3,2,11,3,0,
4887,2,2,5,2,0,
4888,4,1,7,1,1,84
4889,3,3,11,3,0,
4890,3,3,11,3,0,
4891,2,2,5,2,0,
4892,2,2,5,2,0,
4893,3,3,11,3,0,
4894,3,3,11,3,0,
4895,4,3,11,3,0,
4896,3,3,11,3,1,99
4897,3,2,7,1,0,
4898,4,4,2,4,0,
4899,4,4,2,4,0,
4900,2,2,5,2,0,
4901,4,4,2,4,0,
4902,3,2,7,1,0,
4903,2,2,5,2,1,98
4904,3,3,5,2,0,
4905,4,4,2,4,0,
4906,4,4,2,4,0,
4907,3,3,11,3,0,
4908,3,3,11,3,1,99
4909,2,6,5,2,0,
4910,4,4,2,4,0,
4911,1,1,11,3,0,
4912,4,4,2,4,0,
4913,6,6,2,4,0,
4914,2,2,5,2,0,
4915,3,3,11,3,0,
4916,3,2,11,3,0,
4917,2,2,5,2,0,
4918,4,4,2,4,0,
4919,4,4,2,4,0,
4920,3,3,11,3,1,99
4921,3,3,11,3,0,
4922,3,3,11,3,0,
4923,6,6,11,3,0,
4924,6,4,4,6,0,
4925,2,2,5,2,0,
4926,3,3,11,3,1,99
4927,3,3,11,3,0,
4928,3,3,11,3,1,99
4929,5,5,1,5,0,
4930,3,3,11,3,0,
4931,4,4,2,4,1,92
4932,4,4,2,4,0,
4933,5,5,1,5,1,100
4934,3,3,11,3,1,99
4935,2,2,5,2,1,88
4936,2,2,11,3,0,
4937,4,4,2,4,0,
4938,4,4,2,4,0,
4939,4,4,2,4,0,
4940,2,2,5,2,0,
4941,4,4,2,4,0,
4942,6,6,2,4,1,99
4943,3,3,11,3,1,99
4944,4,4,2,4,0,
4945,4,4,2,4,0,
4946,4,4,2,4,1,99
4947,6,3,11,3,0,
4948,3,3,11,3,1,99
4949,2,2,5,2,0,
4950,2,3,5,2,0,
4951,6,6,2,4,0,
4952,2,2,5,2,0,
4953,2,2,5,2,1,98
4954,4,4,2,4,0,
4955,4,4,11,3,0,
4956,2,2,5,2,0,
4957,2,2,5,2,0,
4958,4,4,2,4,0,
4959,4,3,11,3,1,86
4960,2,2,5,2,0,
4961,8,8,8,8,0,
4962,3,3,11,3,0,
4963,4,4,2,4,0,
4964,3,3,11,3,1,98
4965,4,4,2,4,0,
4966,3,3,11,3,0,
4967,4,4,11,3,0,
4968,2,2,5,2,1,98
4969,2,2,5,2,0,
4970,3,2,7,1,1,94
4971,3,3,11,3,0,
4972,3,2,11,3,1,57
4973,3,4,11,3,0,
4974,4,4,2,4,0,
4975,4,3,11,3,0,
4976,4,4,2,4,0,
4977,3,3,11,3,1,99
4978,4,2,2,4,1,62
4979,2,2,5,2,0,
4980,3,6,11,3,0,
4981,3,4,11,3,0,
4982,4,4,2,4,1,151
4983,2,2,5,2,0,
4984,6,3,11,3,0,
4985,6,6,11,3,0,
4986,4,4,2,4,0,
4987,2,2,5,2,0,
4988,5,5,1,5,0,
4989,4,4,2,4,0,
4990,4,4,2,4,0,
4991,2,2,5,2,1,99
4992,3,3,11,3,0,
4993,6,4,2,4,0,
4994,4,4,2,4,0,
4995,5,4,2,4,1,59
4996,3,3,11,3,0,
4997,3,3,11,3,0,
4998,6,6,4,6,0,
4999,3,3,11,3,0,
5000,4,4,2,4,0,
5001,2,2,5,2,0,
5002,3,3,11,3,0,
5003,1,1,7,1,1,76
5004,4,4,2,4,0,
5005,5,4,1,5,0,
5006,2,2,11,3,1,80
5007,6,4,5,2,0,
5008,4,4,2,4,1,99
5009,3,3,11,3,0,
5010,5,4,2,4,0,
5011,6,6,11,3,0,
5012,4,4,2,4,0,
5013,1,1,7,1,1,99
5014,3,3,11,3,1,99
5015,2,2,5,2,0,
5016,4,4,2,4,0,
5017,4,4,2,4,0,
5018,3,3,11,3,0,
5019,4,4,2,4,0,
5020,3,3,11,3,0,
5021,3,3,11,3,0,
5022,3,3,11,3,1,99
5023,4,4,2,4,0,
5024,3,3,11,3,0,
5025,4,3,11,3,0,
5026,3,3,11,3,0,
5027,4,4,2,4,0,
5028,1,4,2,4,0,
5029,3,3,11,3,0,
5030,2,2,5,2,0,
5031,2,2,5,2,0,
5032,3,3,11,3,0,
5033,4,4,2,4,0,
5034,2,2,5,2,0,
5035,2,3,5,2,0,
5036,3,3,11,3,0,
5037,3,3,11,3,0,
5038,4,4,2,4,0,
5039,4,4,2,4,0,
5040,3,2,11,3,1,88
5041,4,4,2,4,0,
5042,4,4,2,4,1,99
5043,3,3,11,3,0,
5044,5,5,1,5,1,99
5045,3,3,11,3,0,
5046,3,3,11,3,0,
5047,4,4,2,4,0,
5048,2,2,5,2,0,
5049,4,4,2,4,0,
5050,4,4,2,4,0,
5051,3,3,11,3,1,89
5052,4,4,2,4,0,
5053,3,3,11,3,0,
5054,5,5,1,5,0,
5055,3,2,5,2,0,
5056,2,2,5,2,0,
5057,3,2,5,2,1,92
5058,2,2,5,2,1,99
5059,4,4,2,4,0,
5060,3,3,11,3,0,
5061,2,2,5,2,0,
5062,3,3,11,3,1,99
5063,3,3,11,3,0,
5064,4,3,11,3,0,
5065,3,3,11,3,1,98
5066,2,2,5,2,1,99
5067,4,4,2,4,0,
5068,4,4,2,4,0,
5069,2,2,5,2,0,
5070,4,4,2,4,0,
5071,1,1,7,1,0,
5072,4,4,2,4,0,
5073,6,6,11,3,0,
5074,2,2,5,2,0,
5075,3,3,11,3,0,
5076,5,6,4,6,0,
5077,3,3,11,3,0,
5078,4,4,2,4,0,
5079,4,3,2,4,0,
5080,4,4,2,4,0,
5081,3,4,11,3,0,
5082,5,5,1,5,0,
5083,3,3,11,3,1,99
5084,5,4,2,4,0,
5085,2,2,5,2,0,
5086,3,3,5,2,0,
5087,4,6,2,4,1,99
5088,3,3,11,3,1,99
5089,3,3,11,3,0,
5090,4,4,2,4,0,
5091,1,1,11,3,0,
5092,6,6,11,3,0,
5093,3,3,11,3,0,
5094,4,4,2,4,0,
5095,4,4,2,4,1,99
5096,4,4,2,4,0,
5097,4,3,11,3,1,49
5098,3,3,5,2,0,
5099,2,2,5,2,0,
5100,6,6,2,4,1,99
5101,6,6,2,4,0,
5102,3,3,11,3,0,
5103,2,2,5,2,0,
5104,5,5,1,5,0,
5105,5,5,1,5,0,
5106,3,3,11,3,1,99
5107,3,3,11,3,0,
5108,4,4,2,4,1,99
5109,1,2,7,1,0,
5110,3,3,11,3,0,
5111,2,2,5,2,1,99
5112,3,3,11,3,0,
5113,5,6,4,6,0,
5114,4,4,2,4,1,99
5115,3,4,2,4,0,
5116,4,4,2,4,0,
5117,3,3,11,3,0,
5118,2,2,5,2,0,
5119,1,1,11,3,0,
5120,2,2,5,2,1,99
5121,3,3,11,3,0,
5122,3,3,11,3,0,
5123,4,3,11,3,0,
5124,6,2,5,2,0,
5125,2,2,5,2,0,
5126,2,2,11,3,0,
5127,4,4,11,3,0,
5128,1,1,7,1,0,
5129,4,3,11,3,0,
5130,3,3,11,3,1,99
5131,2,2,5,2,0,
5132,4,4,2,4,1,99
5133,2,2,5,2,0,
5134,2,2,5,2,1,99
5135,3,3,11,3,0,
5136,4,4,2,4,0,
5137,2,2,5,2,0,
5138,1,2,7,1,0,
5139,4,4,2,4,0,
5140,2,2,5,2,0,
5141,4,4,2,4,0,
5142,3,3,11,3,0,
5143,4,4,2,4,0,
5144,3,4,11,3,0,
5145,4,3,11,3,0,
5146,3,3,11,3,0,
5147,6,6,1,5,0,
5148,2,2,5,2,0,
5149,2,2,5,2,0,
5150,6,3,5,2,0,
5151,4,4,2,4,0,
5152,4,4,11,3,0,
5153,3,3,11,3,1,99
5154,3,2,5,2,1,99
5155,4,4,2,4,0,
5156,1,1,7,1,0,
5157,3,3,11,3,0,
5158,4,4,2,4,1,98
5159,4,4,2,4,0,
5160,3,3,11,3,0,
5161,2,3,11,3,0,
5162,3,2,7,1,0,
5163,3,3,8,8,0,
5164,3,3,11,3,1,99
5165,2,2,5,2,0,
5166,3,3,11,3,0,
5167,2,2,5,2,0,
5168,3,6,5,2,1,99
5169,6,6,11,3,0,
5170,2,2,5,2,0,
5171,3,3,11,3,1,99
5172,3,3,11,3,0,
5173,3,3,11,3,0,
5174,4,4,11,3,0,
5175,2,2,5,2,0,
5176,2,2,5,2,0,
5177,1,3,7,1,0,
5178,3,3,11,3,0,
5179,4,4,2,4,0,
5180,5,5,1,5,0,
5181,4,4,11,3,0,
5182,6,6,2,4,1,99
5183,4,4,2,4,1,99
5184,4,4,11,3,0,
5185,4,1,7,1,0,
5186,4,4,2,4,0,
5187,1,3,11,3,0,
5188,3,3,11,3,0,
5189,3,3,11,3,0,
5190,3,3,11,3,0,
5191,3,3,11,3,0,
5192,2,2,5,2,0,
5193,3,3,11,3,0,
5194,3,3,11,3,0,
5195,3,3,11,3,0,
5196,2,2,5,2,1,99
5197,4,4,2,4,0,
5198,4,4,2,4,1,99
5199,4,4,2,4,0,
5200,1,1,7,1,0,
5201,1,1,7,1,0,
5202,3,4,2,4,0,
5203,5,5,1,5,0,
5204,3,3,11,3,0,
5205,4,4,2,4,0,
5206,3,3,11,3,0,
5207,3,3,11,3,0,
5208,3,3,11,3,0,
5209,2,2,5,2,0,
5210,3,3,11,3,1,99
5211,4,4,11,3,1,99
5212,2,2,5,2,0,
5213,3,3,11,3,0,
5214,4,4,2,4,0,
5215,3,3,11,3,1,99
5216,4,3,11,3,1,151
5217,3,3,11,3,0,
5218,4,4,2,4,0,
5219,3,3,11,3,0,
5220,2,2,5,2,0,
5221,2,2,5,2,0,
5222,4,4,2,4,0,
5223,2,2,11,3,0,
5224,3,3,11,3,0,
5225,4,6,2,4,1,99
5226,3,3,11,3,0,
5227,3,3,11,3,0,
5228,4,3,2,4,0,
5229,2,2,5,2,0,
5230,3,3,11,3,0,
5231,3,3,11,3,1,99
5232,4,4,2,4,0,
5233,4,3,7,1,0,
5234,4,4,11,3,0,
5235,3,3,11,3,0,
5236,4,4,2,4,0,
5237,3,3,11,3,0,
5238,3,3,11,3,1,99
5239,2,2,5,2,0,
5240,1,2,5,2,0,
5241,3,3,11,3,0,
5242,2,2,5,2,0,
5243,3,3,11,3,0,
5244,4,4,11,3,0,
5245,2,3,5,2,1,63
5246,4,4,2,4,0,
5247,1,1,11,3,1,99
5248,1,1,7,1,0,
5249,3,3,5,2,0,
5250,5,5,1,5,0,
5251,3,3,11,3,0,
5252,4,4,2,4,0,
5253,2,2,5,2,0,
5254,4,4,7,1,0,
5255,4,4,2,4,0,
5256,4,4,2,4,0,
5257,1,2,5,2,0,
5258,2,2,5,2,0,
5259,3,3,11,3,0,
5260,3,3,11,3,1,97
5261,2,2,11,3,0,
5262,3,2,5,2,0,
5263,6,6,2,4,0,
5264,3,3,11,3,1,98
5265,3,2,11,3,1,91
5266,4,4,2,4,1,99
5267,1,2,7,1,0,
5268,4,4,2,4,1,99
5269,4,4,2,4,0,
5270,3,3,11,3,0,
5271,1,2,7,1,0,
5272,1,1,7,1,0,
5273,2,2,5,2,0,
5274,4,4,11,3,0,
5275,3,3,11,3,0,
5276,6,6,2,4,1,99
5277,8,3,11,3,0,
5278,4,4,2,4,1,98
5279,3,3,11,3,0,
5280,2,2,5,2,0,
5281,3,3,11,3,0,
5282,1,2,11,3,0,
5283,6,5,11,3,0,
5284,3,3,11,3,0,
5285,3,3,11,3,0,
5286,3,3,11,3,0,
5287,2,2,2,4,0,
5288,3,4,11,3,0,
5289,3,3,11,3,0,
5290,4,3,11,3,1,83
5291,6,6,2,4,1,99
5292,2,2,5,2,1,99
5293,4,4,2,4,0,
5294,4,4,2,4,0,
5295,3,3,11,3,0,
5296,3,3,11,3,0,
5297,4,4,2,4,0,
5298,4,4,2,4,0,
5299,4,4,2,4,1,97
5300,4,4,2,4,1,97
5301,1,2,7,1,0,
5302,4,6,11,3,0,
5303,3,3,11,3,1,99
5304,3,3,2,4,0,
5305,4,4,2,4,0,
5306,4,4,2,4,1,52
5307,4,3,11,3,0,
5308,2,2,5,2,0,
5309,2,2,5,2,1,71
5310,3,2,5,2,0,
5311,4,4,2,4,1,99
5312,3,3,11,3,0,
5313,3,3,11,3,0,
5314,3,3,11,3,1,99
5315,5,5,1,5,0,
5316,3,3,11,3,0,
5317,3,3,11,3,0,
5318,4,4,2,4,0,
5319,3,3,11,3,0,
5320,3,3,11,3,0,
5321,2,2,5,2,0,
5322,2,2,5,2,1,99
5323,3,3,11,3,0,
5324,4,4,2,4,0,
5325,4,4,2,4,0,
5326,4,4,11,3,0,
5327,3,3,11,3,0,
5328,2,2,5,2,0,
5329,2,2,5,2,0,
5330,3,3,11,3,0,
5331,1,1,7,1,1,86
5332,3,3,11,3,0,
5333,3,2,11,3,1,99
5334,4,4,2,4,0,
5335,4,4,2,4,0,
5336,8,3,11,3,0,
5337,5,5,1,5,0,
5338,3,8,11,3,1,91
5339,4,4,2,4,0,
5340,3,8,8,8,0,
5341,4,4,2,4,0,
5342,3,3,11,3,0,
5343,4,4,11,3,0,
5344,4,4,2,4,0,
5345,3,2,11,3,0,
5346,4,4,11,3,0,
5347,4,4,2,4,0,
5348,3,3,11,3,0,
5349,3,3,11,3,1,99
5350,6,2,5,2,0,
5351,4,4,2,4,0,
5352,2,2,5,2,0,
5353,4,4,2,4,0,
5354,3,3,11,3,0,
5355,2,2,5,2,0,
5356,4,4,2,4,0,
5357,5,5,1,5,0,
5358,4,4,2,4,0,
5359,4,4,2,4,0,
5360,3,3,11,3,1,99
5361,4,4,2,4,0,
5362,3,3,11,3,0,
5363,3,1,5,2,0,
5364,4,3,11,3,0,
5365,3,3,11,3,1,97
5366,1,8,11,3,0,
5367,5,5,1,5,1,100
5368,4,3,2,4,0,
5369,3,3,11,3,0,
5370,2,2,11,3,0,
5371,2,2,11,3,0,
5372,3,3,11,3,0,
5373,1,6,7,1,1,99
5374,4,4,2,4,0,
5375,3,3,5,2,1,93
5376,2,2,5,2,0,
5377,6,6,2,4,1,98
5378,3,3,11,3,0,
5379,5,5,1,5,1,100
5380,5,5,1,5,0,
5381,4,4,11,3,0,
5382,2,2,5,2,1,60
5383,1,2,7,1,0,
5384,4,1,7,1,0,
5385,2,2,5,2,0,
5386,3,3,11,3,0,
5387,4,4,2,4,1,99
5388,6,4,2,4,0,
5389,2,2,5,2,0,
5390,2,2,5,2,0,
5391,3,3,2,4,0,
5392,5,2,7,1,0,
5393,2,2,5,2,0,
5394,3,2,11,3,0,
5395,4,4,2,4,0,
5396,4,4,2,4,1,91
5397,3,3,11,3,0,
5398,2,2,5,2,0,
5399,3,3,11,3,1,96
5400,4,4,2,4,1,94
5401,4,1,2,4,0,
5402,4,4,2,4,0,
5403,8,8,8,8,0,
5404,4,4,11,3,0,
5405,6,6,2,4,0,
5406,6,6,11,3,0,
5407,6,6,2,4,0,
5408,4,4,2,4,0,
5409,4,4,2,4,0,
5410,2,2,5,2,0,
5411,3,3,11,3,0,
5412,4,4,11,3,0,
5413,2,2,5,2,0,
5414,4,4,2,4,0,
5415,2,2,5,2,0,
5416,3,3,11,3,0,
5417,1,2,7,1,0,
5418,2,2,5,2,0,
5419,2,2,5,2,1,98
5420,2,2,5,2,0,
5421,2,2,5,2,0,
5422,4,4,2,4,0,
5423,3,3,11,3,1,94
5424,4,4,2,4,0,
5425,4,4,2,4,1,85
5426,3,3,11,3,1,99
5427,3,3,11,3,1,99
5428,3,3,11,3,1,97
5429,3,3,11,3,1,89
5430,3,3,11,3,1,99
5431,2,2,5,2,1,99
5432,2,2,5,2,1,99
5433,3,3,11,3,1,99
5434,3,3,11,3,0,
5435,3,3,5,2,1,98
5436,6,6,2,4,0,
5437,3,3,11,3,0,
5438,4,4,11,3,0,
5439,2,2,5,2,0,
5440,1,1,7,1,1,90
5441,4,4,2,4,0,
5442,4,4,2,4,0,
5443,4,4,2,4,0,
5444,3,3,11,3,0,
5445,2,2,5,2,0,
5446,6,6,5,2,0,
5447,4,4,11,3,0,
5448,3,3,11,3,0,
5449,2,2,5,2,0,
5450,2,2,11,3,1,94
5451,2,2,5,2,1,99
5452,1,1,4,6,0,
5453,3,3,11,3,0,
5454,4,4,2,4,0,
5455,4,4,11,3,1,90
5456,4,4,2,4,0,
5457,4,4,2,4,1,89
5458,4,1,2,4,1,43
5459,3,3,11,3,0,
5460,4,4,2,4,1,99
5461,3,3,11,3,0,
5462,6,6,5,2,0,
5463,4,4,2,4,0,
5464,3,3,4,6,0,
5465,2,2,5,2,0,
5466,3,3,11,3,0,
5467,2,2,5,2,0,
5468,4,4,2,4,0,
5469,2,2,5,2,0,
5470,4,4,2,4,0,
5471,4,4,11,3,0,
5472,4,4,11,3,0,
5473,2,2,5,2,0,
5474,3,3,11,3,0,
5475,6,6,2,4,0,
5476,6,6,1,5,0,
5477,3,3,11,3,0,
5478,1,8,7,1,0,
5479,6,6,2,4,0,
5480,3,2,11,3,0,
5481,2,2,5,2,0,
5482,1,4,7,1,0,
5483,3,2,11,3,1,79
5484,3,3,11,3,1,92
5485,1,3,7,1,1,48
5486,2,2,5,2,0,
5487,3,3,11,3,0,
5488,4,3,2,4,0,
5489,5,5,1,5,0,
5490,2,2,5,2,0,
5491,4,4,11,3,1,98
5492,4,4,2,4,0,
5493,4,4,2,4,0,
5494,3,3,11,3,0,
5495,5,5,1,5,0,
5496,2,2,5,2,0,
5497,2,2,5,2,0,
5498,1,3,2,4,0,
5499,3,3,11,3,1,99
5500,3,2,11,3,0,
5501,3,2,5,2,0,
5502,4,4,2,4,0,
5503,4,3,2,4,0,
5504,4,4,11,3,0,
5505,2,2,5,2,0,
5506,2,2,5,2,0,
5507,1,2,7,1,0,
5508,3,3,5,2,0,
5509,4,4,2,4,0,
5510,4,4,2,4,0,
5511,2,2,5,2,0,
5512,4,4,11,3,1,151
5513,4,4,2,4,0,
5514,8,3,8,8,1,61
5515,3,3,11,3,0,
5516,3,3,11,3,0,
5517,6,6,2,4,0,
5518,1,1,11,3,0,
5519,2,2,5,2,0,
5520,3,3,11,3,1,99
5521,1,3,7,1,1,91
5522,3,3,11,3,0,
5523,3,3,5,2,0,
5524,2,2,5,2,0,
5525,5,5,1,5,0,
5526,4,4,2,4,1,99
5527,4,4,11,3,0,
5528,3,3,11,3,0,
5529,2,2,5,2,1,99
5530,4,4,2,4,0,
5531,3,3,11,3,0,
5532,4,2,2,4,0,
5533,3,3,11,3,0,
5534,1,1,7,1,0,
5535,4,3,2,4,0,
5536,3,2,11,3,0,
5537,3,3,11,3,0,
5538,6,6,4,6,0,
5539,4,4,2,4,0,
5540,3,3,5,2,0,
5541,3,3,11,3,0,
5542,4,4,2,4,1,97
5543,3,2,5,2,0,
5544,4,4,2,4,0,
5545,5,5,1,5,0,
5546,4,4,2,4,0,
5547,3,3,11,3,0,
5548,4,4,2,4,0,
5549,5,6,1,5,0,
5550,2,2,5,2,0,
5551,3,8,11,3,0,
5552,3,3,11,3,0,
5553,4,4,2,4,1,99
5554,4,4,2,4,0,
5555,3,1,11,3,0,
5556,3,3,11,3,0,
5557,4,4,2,4,0,
5558,2,2,5,2,0,
5559,2,2,5,2,0,
5560,3,3,11,3,1,99
5561,3,3,11,3,0,
5562,1,1,7,1,0,
5563,2,2,11,3,0,
5564,2,2,5,2,0,
5565,4,4,2,4,0,
5566,4,4,2,4,0,
5567,3,1,5,2,1,41
5568,4,4,11,3,0,
5569,3,3,11,3,0,
5570,2,2,5,2,0,
5571,3,3,11,3,0,
5572,3,3,11,3,0,
5573,4,4,2,4,0,
5574,2,2,5,2,0,
5575,2,2,5,2,0,
5576,3,3,11,3,0,
5577,4,4,2,4,0,
5578,4,4,2,4,0,
5579,5,5,1,5,0,
5580,3,3,11,3,0,
5581,3,3,11,3,0,
5582,4,4,2,4,0,
5583,3,3,11,3,0,
5584,2,2,5,2,1,97
5585,1,1,7,1,0,
5586,3,2,11,3,1,92
5587,3,3,11,3,0,
5588,3,3,11,3,0,
5589,6,6,2,4,1,99
5590,3,4,11,3,1,151
5591,3,3,11,3,0,
5592,5,5,1,5,0,
5593,3,4,11,3,0,
5594,4,4,2,4,0,
5595,6,5,1,5,0,
5596,3,3,11,3,0,
5597,4,4,2,4,0,
5598,3,3,11,3,0,
5599,3,3,11,3,0,
5600,6,6,2,4,0,
5601,5,5,1,5,1,99
5602,3,3,11,3,0,
5603,3,3,11,3,0,
5604,3,4,11,3,0,
5605,3,3,11,3,0,
5606,6,6,2,4,0,
5607,3,3,11,3,0,
5608,4,3,11,3,0,
5609,4,4,2,4,0,
5610,6,1,7,1,0,
5611,2,2,5,2,0,
5612,4,3,11,3,0,
5613,5,5,1,5,0,
5614,3,3,11,3,0,
5615,5,5,5,2,0,
5616,2,2,5,2,0,
5617,4,4,2,4,0,
5618,4,4,11,3,0,
5619,3,3,11,3,0,
5620,2,2,5,2,0,
5621,3,3,11,3,0,
5622,3,3,11,3,0,
5623,2,2,11,3,0,
5624,2,2,5,2,0,
5625,4,4,2,4,0,
5626,2,2,11,3,1,99
5627,4,4,11,3,0,
5628,2,2,5,2,0,
5629,3,3,11,3,0,
5630,4,4,2,4,0,
5631,3,3,11,3,0,
5632,2,2,5,2,0,
5633,2,2,5,2,1,99
5634,5,5,1,5,0,
5635,4,4,2,4,0,
5636,3,4,11,3,0,
5637,3,3,11,3,1,98
5638,6,6,2,4,0,
5639,5,5,1,5,0,
5640,6,6,4,6,0,
5641,4,4,2,4,0,
5642,2,2,5,2,0,
5643,2,2,1,5,0,
5644,4,4,2,4,0,
5645,4,3,2,4,0,
5646,4,4,2,4,0,
5647,3,2,11,3,0,
5648,3,3,11,3,0,
5649,3,3,11,3,0,
5650,2,2,5,2,0,
5651,2,2,5,2,0,
5652,5,5,1,5,0,
5653,3,2,2,4,0,
5654,4,4,2,4,1,96
5655,4,4,2,4,0,
5656,4,4,2,4,0,
5657,2,2,5,2,0,
5658,2,2,5,2,0,
5659,4,4,2,4,1,96
5660,3,3,5,2,1,97
5661,4,4,2,4,0,
5662,3,3,11,3,0,
5663,1,1,7,1,0,
5664,3,3,11,3,0,
5665,2,2,5,2,0,
5666,3,3,11,3,0,
5667,3,3,11,3,1,95
5668,4,4,11,3,0,
5669,3,3,11,3,0,
5670,1,1,7,1,0,
5671,5,5,1,5,0,
5672,4,4,2,4,0,
5673,3,3,11,3,0,
5674,2,2,5,2,0,
5675,4,2,2,4,0,
5676,6,6,2,4,0,
5677,4,4,11,3,1,99
5678,3,3,11,3,0,
5679,4,4,2,4,0,
5680,4,3,2,4,0,
5681,4,4,2,4,0,
5682,6,6,2,4,0,
5683,3,3,11,3,1,99
5684,4,4,11,3,0,
5685,1,1,7,1,0,
5686,2,2,5,2,0,
5687,4,4,2,4,0,
5688,3,3,11,3,0,
5689,2,2,5,2,0,
5690,4,4,11,3,0,
5691,3,3,11,3,0,
5692,3,3,11,3,0,
5693,3,2,11,3,0,
5694,4,4,2,4,0,
5695,6,6,4,6,1,99
5696,3,2,7,1,1,94
5697,3,4,11,3,0,
5698,5,5,1,5,1,99
5699,3,3,11,3,0,
5700,3,3,11,3,0,
5701,4,4,2,4,0,
5702,3,3,11,3,0,
5703,4,4,2,4,0,
5704,5,5,1,5,0,
5705,1,1,7,1,0,
5706,4,4,2,4,0,
5707,4,4,2,4,0,
5708,6,6,2,4,0,
5709,2,2,11,3,1,93
5710,2,2,5,2,0,
5711,4,4,2,4,1,97
5712,2,2,5,2,0,
5713,3,3,8,8,0,
5714,4,4,2,4,0,
5715,2,2,5,2,1,99
5716,2,6,5,2,0,
5717,3,3,11,3,0,
5718,8,3,11,3,1,81
5719,2,2,5,2,0,
5720,3,3,11,3,0,
5721,2,2,7,1,0,
5722,3,3,11,3,0,
5723,3,3,11,3,0,
5724,2,2,5,2,0,
5725,1,1,7,1,0,
5726,3,3,5,2,0,
5727,4,4,2,4,0,
5728,4,4,2,4,1,99
5729,3,3,11,3,0,
5730,2,2,1,5,1,40
5731,4,4,2,4,0,
5732,4,4,2,4,0,
5733,4,4,2,4,0,
5734,6,6,2,4,0,
5735,3,2,5,2,1,86
5736,3,3,5,2,0,
5737,3,3,11,3,0,
5738,3,3,11,3,0,
5739,5,5,1,5,0,
5740,6,6,2,4,0,
5741,2,2,5,2,0,
5742,3,3,11,3,0,
5743,3,3,11,3,1,99
5744,4,3,11,3,1,97
5745,2,2,5,2,1,95
5746,3,3,11,3,1,212
5747,3,3,5,2,0,
5748,6,6,2,4,1,99
5749,3,3,5,2,0,
5750,3,3,11,3,0,
5751,4,4,2,4,0,
5752,2,2,5,2,0,
5753,3,3,11,3,1,99
5754,3,3,11,3,0,
5755,4,4,2,4,0,
5756,2,2,5,2,0,
5757,5,5,1,5,0,
5758,4,4,2,4,1,99
5759,3,3,11,3,0,
5760,6,3,2,4,0,
5761,4,3,11,3,0,
5762,4,4,11,3,0,
5763,4,4,2,4,0,
5764,2,2,5,2,0,
5765,4,4,2,4,0,
5766,4,4,2,4,0,
5767,4,3,11,3,0,
5768,3,3,11,3,1,151
5769,3,3,11,3,0,
5770,3,3,11,3,1,81
5771,4,4,2,4,0,
5772,3,2,11,3,0,
5773,6,4,2,4,1,97
5774,2,2,5,2,0,
5775,6,6,11,3,0,
5776,4,4,2,4,0,
5777,2,2,5,2,0,
5778,4,4,11,3,0,
5779,3,3,11,3,1,98
5780,4,4,2,4,0,
5781,3,3,11,3,0,
5782,2,2,5,2,0,
5783,4,4,2,4,1,99
5784,3,3,11,3,0,
5785,3,3,11,3,0,
5786,6,6,2,4,1,99
5787,4,4,2,4,1,98
5788,4,4,2,4,0,
5789,5,5,1,5,0,
5790,4,2,7,1,0,
5791,2,2,5,2,0,
5792,8,3,8,8,0,
5793,5,5,1,5,0,
5794,4,4,2,4,0,
5795,2,2,5,2,0,
5796,3,2,5,2,0,
5797,2,2,5,2,0,
5798,2,2,5,2,1,99
5799,3,3,11,3,0,
5800,2,2,11,3,0,
5801,3,3,11,3,0,
5802,2,2,11,3,0,
5803,1,4,2,4,1,31
5804,3,3,11,3,0,
5805,4,4,2,4,0,
5806,3,3,11,3,0,
5807,4,4,2,4,0,
5808,4,4,11,3,0,
5809,4,4,2,4,0,
5810,2,2,5,2,1,99
5811,3,2,2,4,1,97
5812,2,2,5,2,0,
5813,4,4,2,4,0,
5814,3,3,11,3,0,
5815,2,2,5,2,1,99
5816,1,4,2,4,0,
5817,4,4,2,4,0,
5818,2,2,5,2,0,
5819,4,4,2,4,0,
5820,5,5,1,5,0,
5821,3,3,11,3,0,
5822,3,3,11,3,0,
5823,3,3,11,3,0,
5824,4,3,11,3,1,99
5825,5,5,1,5,0,
5826,3,3,11,3,0,
5827,3,3,11,3,0,
5828,4,4,2,4,0,
5829,4,4,2,4,0,
5830,4,4,2,4,0,
5831,3,3,11,3,0,
5832,3,3,11,3,0,
5833,3,3,11,3,0,
5834,3,3,11,3,1,99
5835,3,3,11,3,1,99
5836,2,2,5,2,1,95
5837,3,3,11,3,0,
5838,3,3,11,3,1,99
5839,3,3,11,3,0,
5840,2,2,5,2,1,99
5841,1,2,11,3,0,
5842,3,3,11,3,0,
5843,3,3,5,2,0,
5844,4,6,2,4,0,
5845,5,5,1,5,0,
5846,4,4,2,4,0,
5847,3,3,11,3,0,
5848,3,3,11,3,0,
5849,5,5,1,5,1,100
5850,3,3,11,3,0,
5851,5,5,1,5,0,
5852,2,2,5,2,0,
5853,4,4,2,4,0,
5854,4,4,2,4,0,
5855,3,2,11,3,0,
5856,3,3,11,3,0,
5857,4,4,2,4,1,41
5858,3,3,11,3,0,
5859,1,3,2,4,1,93
5860,3,3,11,3,0,
5861,4,4,2,4,0,
5862,1,1,7,1,0,
5863,3,3,11,3,0,
5864,4,2,5,2,0,
5865,5,5,1,5,0,
5866,4,4,2,4,1,99
5867,4,4,2,4,0,
5868,3,3,2,4,0,
5869,3,3,11,3,0,
5870,5,5,1,5,0,
5871,3,3,11,3,0,
5872,3,2,11,3,0,
5873,3,2,11,3,1,70
5874,3,3,11,3,0,
5875,2,2,5,2,0,
5876,5,5,1,5,0,
5877,4,3,2,4,0,
5878,2,2,5,2,0,
5879,4,4,2,4,0,
5880,3,3,11,3,0,
5881,4,4,2,4,0,
5882,4,4,11,3,0,
5883,3,4,2,4,0,
5884,3,3,5,2,0,
5885,4,1,2,4,0,
5886,2,2,11,3,0,
5887,2,2,5,2,0,
5888,3,3,11,3,0,
5889,6,6,5,2,1,99
5890,5,5,1,5,1,99
5891,5,4,1,5,0,
5892,3,3,11,3,0,
5893,6,4,2,4,1,98
5894,2,3,5,2,0,
5895,2,2,5,2,0,
5896,5,5,1,5,0,
5897,3,3,5,2,0,
5898,4,4,2,4,0,
5899,3,3,11,3,0,
5900,4,3,11,3,0,
5901,4,4,2,4,0,
5902,3,3,11,3,0,
5903,4,4,2,4,0,
5904,4,4,2,4,0,
5905,3,2,5,2,0,
5906,1,2,7,1,0,
5907,3,3,11,3,0,
5908,3,3,11,3,0,
5909,1,2,5,2,0,
5910,3,3,5,2,1,97
5911,4,4,2,4,0,
5912,4,4,11,3,0,
5913,4,4,11,3,0,
5914,1,2,5,2,0,
5915,5,5,1,5,0,
5916,4,4,2,4,0,
5917,2,2,5,2,0,
5918,3,3,11,3,0,
5919,3,2,11,3,0,
5920,3,2,11,3,0,
5921,5,5,1,5,0,
5922,2,3,11,3,1,41
5923,4,4,2,4,0,
5924,3,3,11,3,0,
5925,2,2,5,2,0,
5926,4,4,11,3,1,95
5927,2,2,5,2,0,
5928,4,4,2,4,1,69
5929,3,3,11,3,0,
5930,2,2,5,2,0,
5931,3,3,11,3,0,
5932,3,1,11,3,0,
5933,2,2,5,2,0,
5934,2,2,5,2,0,
5935,2,2,5,2,0,
5936,4,4,2,4,1,98
5937,2,3,5,2,0,
5938,1,1,7,1,0,
5939,3,3,11,3,0,
5940,5,5,1,5,0,
5941,3,3,11,3,1,99
5942,8,3,11,3,0,
5943,2,2,5,2,0,
5944,3,3,11,3,0,
5945,4,3,2,4,0,
5946,5,0,1,5,0,
5947,4,2,11,3,0,
5948,3,3,11,3,1,95
5949,3,3,11,3,1,99
5950,2,2,5,2,0,
5951,4,4,2,4,0,
5952,6,6,4,6,0,
5953,4,4,2,4,0,
5954,3,3,11,3,0,
5955,1,2,11,3,0,
5956,3,3,8,8,0,
5957,3,4,11,3,0,
5958,4,4,2,4,0,
5959,3,3,11,3,0,
5960,3,3,11,3,0,
5961,4,4,2,4,1,99
5962,2,2,5,2,0,
5963,6,6,2,4,0,
5964,3,3,11,3,0,
5965,2,2,5,2,1,99
5966,2,2,5,2,0,
5967,2,2,5,2,0,
5968,3,3,11,3,0,
5969,3,3,5,2,1,87
5970,3,3,11,3,0,
5971,3,3,11,3,0,
5972,2,2,5,2,0,
5973,4,4,2,4,1,97
5974,3,3,11,3,0,
5975,3,3,11,3,0,
5976,4,4,2,4,1,99
5977,3,2,11,3,0,
5978,3,3,11,3,0,
5979,3,3,11,3,0,
5980,3,2,11,3,0,
5981,3,3,11,3,0,
5982,5,5,1,5,1,88
5983,3,2,11,3,0,
5984,4,4,2,4,0,
5985,3,3,11,3,0,
5986,3,3,11,3,0,
5987,4,3,11,3,0,
5988,4,4,2,4,0,
5989,3,3,11,3,0,
5990,4,4,11,3,0,
5991,2,2,5,2,1,67
5992,4,4,2,4,0,
5993,5,5,1,5,0,
5994,5,5,1,5,0,
5995,4,4,2,4,1,93
5996,4,2,2,4,0,
5997,4,4,2,4,0,
5998,3,3,11,3,1,99
5999,2,2,5,2,0,
6000,3,2,5,2,0,
6001,3,1,5,2,0,
6002,4,4,2,4,0,
6003,3,3,11,3,0,
6004,4,4,2,4,0,
6005,3,3,11,3,1,99
6006,4,4,11,3,0,
6007,3,3,11,3,0,
6008,3,3,11,3,0,
6009,6,6,2,4,0,
6010,1,1,7,1,0,
6011,3,3,11,3,1,99
6012,3,3,11,3,0,
6013,3,3,5,2,0,
6014,2,2,5,2,1,66
6015,6,6,11,3,0,
6016,3,3,11,3,0,
6017,3,3,11,3,0,
6018,3,2,5,2,1,47
6019,1,4,7,1,0,
6020,3,3,11,3,0,
6021,3,3,11,3,1,94
6022,2,2,5,2,0,
6023,4,4,2,4,0,
6024,4,4,2,4,0,
6025,1,6,2,4,0,
6026,2,2,2,4,0,
6027,4,4,2,4,0,
6028,3,3,11,3,0,
6029,5,5,1,5,0,
6030,3,3,8,8,0,
6031,5,5,1,5,0,
6032,3,3,11,3,0,
6033,4,4,2,4,0,
6034,3,3,11,3,0,
6035,3,3,11,3,0,
6036,3,3,11,3,0,
6037,3,3,11,3,0,
6038,5,5,1,5,0,
6039,3,3,11,3,1,99
6040,5,8,1,5,0,
6041,1,3,2,4,0,
6042,3,3,11,3,0,
6043,4,4,2,4,0,
6044,4,4,2,4,0,
6045,3,3,11,3,0,
6046,3,2,11,3,1,89
6047,3,3,11,3,0,
6048,3,3,11,3,0,
6049,2,2,5,2,0,
6050,4,4,2,4,1,95
6051,3,3,11,3,0,
6052,4,4,2,4,0,
6053,3,3,11,3,0,
6054,2,2,5,2,0,
6055,6,6,2,4,0,
6056,3,3,11,3,0,
6057,3,2,11,3,1,71
6058,4,4,2,4,1,151
6059,4,4,11,3,0,
6060,2,2,5,2,0,
6061,1,3,11,3,0,
6062,2,2,5,2,0,
6063,4,4,2,4,0,
6064,2,2,5,2,0,
6065,6,6,11,3,0,
6066,3,3,11,3,0,
6067,6,6,2,4,0,
6068,3,3,11,3,1,211
6069,3,3,11,3,0,
6070,3,3,11,3,0,
6071,3,2,11,3,1,99
6072,3,2,11,3,1,98
6073,4,4,11,3,0,
6074,3,3,11,3,0,
6075,3,3,11,3,0,
6076,3,6,11,3,1,99
6077,2,2,5,2,0,
6078,3,3,11,3,0,
6079,3,3,11,3,0,
6080,3,3,11,3,0,
6081,4,3,11,3,0,
6082,2,2,5,2,0,
6083,2,2,11,3,1,99
6084,2,2,5,2,0,
6085,3,3,11,3,0,
6086,2,2,5,2,0,
6087,2,2,5,2,0,
6088,4,4,2,4,1,99
6089,4,2,2,4,0,
6090,3,2,5,2,0,
6091,4,4,2,4,0,
6092,2,2,5,2,0,
6093,3,2,11,3,0,
6094,3,3,11,3,0,
6095,2,2,5,2,0,
6096,2,2,5,2,0,
6097,1,1,7,1,0,
6098,4,4,2,4,0,
6099,2,2,5,2,1,84
6100,3,4,11,3,1,99
6101,3,3,11,3,1,95
6102,3,3,11,3,0,
6103,4,4,2,4,0,
6104,4,4,11,3,0,
6105,5,5,1,5,0,
6106,4,4,2,4,0,
6107,4,4,2,4,1,99
6108,6,6,4,6,0,
6109,4,4,2,4,0,
6110,2,2,5,2,0,
6111,2,2,5,2,0,
6112,4,4,2,4,0,
6113,5,5,1,5,1,100
6114,3,3,11,3,0,
6115,3,3,11,3,0,
6116,3,3,11,3,0,
6117,4,4,2,4,0,
6118,2,2,11,3,0,
6119,3,2,5,2,1,98
6120,4,4,2,4,0,
6121,2,2,5,2,1,99
6122,6,6,11,3,0,
6123,2,2,5,2,0,
6124,4,4,2,4,1,99
6125,3,2,5,2,0,
6126,2,2,5,2,0,
6127,3,2,11,3,0,
6128,2,2,5,2,1,99
6129,1,1,7,1,0,
6130,4,4,2,4,0,
6131,2,2,5,2,0,
6132,3,3,11,3,1,95
6133,4,4,2,4,0,
6134,1,1,7,1,0,
6135,4,4,11,3,0,
6136,4,4,2,4,0,
6137,6,6,2,4,0,
6138,6,6,11,3,0,
6139,3,2,11,3,0,
6140,3,3,11,3,0,
6141,4,4,2,4,0,
6142,4,4,2,4,1,94
6143,2,2,5,2,0,
6144,5,5,1,5,1,99
6145,2,3,5,2,0,
6146,4,2,5,2,0,
6147,5,5,1,5,0,
6148,3,2,7,1,0,
6149,3,3,11,3,1,69
6150,3,3,11,3,0,
6151,6,6,11,3,0,
6152,4,4,2,4,0,
6153,4,4,2,4,0,
6154,2,2,5,2,0,
6155,3,3,11,3,0,
6156,3,3,11,3,0,
6157,3,3,11,3,1,99
6158,4,4,2,4,0,
6159,3,3,11,3,0,
6160,3,3,11,3,0,
6161,3,3,11,3,0,
6162,2,2,5,2,0,
6163,1,1,7,1,0,
6164,4,4,2,4,0,
6165,4,2,11,3,0,
6166,3,3,11,3,0,
6167,3,3,11,3,0,
6168,2,2,11,3,1,99
6169,4,4,2,4,0,
6170,4,6,2,4,0,
6171,3,3,11,3,0,
6172,2,2,5,2,0,
6173,2,2,5,2,0,
6174,3,2,11,3,1,94
6175,1,1,7,1,0,
6176,3,3,11,3,1,99
6177,3,3,11,3,0,
6178,1,1,7,1,0,
6179,3,4,2,4,0,
6180,3,3,11,3,1,99
6181,2,2,5,2,0,
6182,2,2,5,2,0,
6183,4,4,2,4,0,
6184,3,3,11,3,1,99
6185,3,3,11,3,0,
6186,4,4,2,4,0,
6187,5,5,1,5,0,
6188,4,4,2,4,0,
6189,3,4,2,4,0,
6190,3,3,11,3,0,
6191,2,2,5,2,1,99
6192,4,4,2,4,0,
6193,3,3,11,3,0,
6194,4,4,11,3,0,
6195,3,3,11,3,0,
6196,1,1,2,4,0,
6197,1,3,5,2,0,
6198,5,5,1,5,1,100
6199,3,3,11,3,0,
6200,3,3,11,3,0,
6201,3,3,11,3,1,99
6202,3,3,11,3,1,82
6203,4,2,2,4,0,
6204,3,3,11,3,0,
6205,3,3,11,3,0,
6206,4,4,11,3,0,
6207,4,1,11,3,0,
6208,3,3,11,3,0,
6209,3,3,7,1,0,
6210,3,3,11,3,0,
6211,2,2,5,2,0,
6212,3,3,11,3,1,99
6213,4,4,2,4,0,
6214,4,4,2,4,0,
6215,3,3,11,3,0,
6216,3,3,11,3,0,
6217,4,4,11,3,0,
6218,4,4,2,4,0,
6219,4,4,2,4,0,
6220,3,3,11,3,1,99
6221,4,4,11,3,0,
6222,3,3,11,3,0,
6223,4,4,2,4,0,
6224,2,2,5,2,0,
6225,3,3,11,3,0,
6226,3,2,5,2,0,
6227,4,4,2,4,1,91
6228,6,6,2,4,0,
6229,3,3,11,3,0,
6230,3,2,11,3,0,
6231,4,4,11,3,0,
6232,4,4,2,4,0,
6233,4,4,2,4,0,
6234,4,4,2,4,0,
6235,3,3,11,3,0,
6236,4,4,2,4,0,
6237,3,3,5,2,0,
6238,4,6,2,4,0,
6239,3,3,11,3,0,
6240,3,3,11,3,0,
6241,4,4,2,4,0,
6242,4,4,2,4,0,
6243,4,2,2,4,0,
6244,5,5,1,5,0,
6245,3,3,11,3,0,
6246,2,2,5,2,0,
6247,5,5,1,5,0,
6248,2,2,5,2,1,85
6249,1,2,7,1,1,91
6250,3,3,11,3,1,99
6251,3,3,11,3,0,
6252,3,3,11,3,0,
6253,3,2,11,3,0,
6254,3,3,11,3,0,
6255,6,4,2,4,0,
6256,6,6,2,4,0,
6257,5,5,1,5,0,
6258,2,2,5,2,0,
6259,4,4,2,4,0,
6260,4,4,2,4,1,99
6261,3,3,11,3,0,
6262,2,2,5,2,0,
6263,1,1,11,3,0,
6264,3,3,11,3,1,99
6265,3,3,11,3,0,
6266,3,4,11,3,0,
6267,4,4,2,4,1,95
6268,1,1,2,4,1,41
6269,6,4,2,4,0,
6270,2,2,5,2,0,
6271,5,5,1,5,0,
6272,2,2,5,2,0,
6273,6,6,2,4,1,99
6274,3,3,11,3,0,
6275,6,2,11,3,0,
6276,2,2,5,2,0,
6277,4,4,2,4,0,
6278,3,3,5,2,0,
6279,3,3,11,3,0,
6280,4,4,2,4,0,
6281,4,4,2,4,0,
6282,2,2,5,2,0,
6283,3,6,2,4,1,99
6284,1,2,7,1,1,72
6285,4,4,5,2,0,
6286,3,3,11,3,0,
6287,2,2,5,2,0,
6288,2,2,5,2,0,
6289,3,3,11,3,0,
6290,5,5,1,5,0,
6291,6,4,2,4,1,99
6292,8,8,11,3,1,99
6293,3,3,11,3,0,
6294,3,3,11,3,0,
6295,6,6,2,4,0,
6296,3,3,11,3,0,
6297,3,3,11,3,0,
6298,3,2,11,3,0,
6299,2,2,5,2,0,
6300,4,3,2,4,0,
6301,3,2,11,3,0,
6302,5,5,1,5,1,99
6303,3,3,11,3,0,
6304,2,2,5,2,0,
6305,4,4,2,4,0,
6306,1,1,7,1,0,
6307,4,4,11,3,0,
6308,4,4,2,4,0,
6309,3,2,11,3,0,
6310,2,2,11,3,1,99
6311,4,4,2,4,0,
6312,3,2,5,2,0,
6313,4,3,11,3,1,95
6314,2,2,5,2,0,
6315,2,2,5,2,0,
6316,2,2,5,2,0,
6317,5,4,2,4,0,
6318,3,8,11,3,0,
6319,3,3,11,3,0,
6320,3,2,11,3,0,
6321,2,2,5,2,0,
6322,4,4,2,4,0,
6323,2,2,5,2,0,
6324,4,4,2,4,0,
6325,4,4,2,4,0,
6326,4,4,2,4,0,
6327,4,4,11,3,0,
6328,3,3,11,3,0,
6329,4,2,2,4,1,42
6330,3,2,5,2,0,
6331,3,3,11,3,0,
6332,3,3,11,3,0,
6333,4,4,11,3,0,
6334,4,4,2,4,0,
6335,3,2,11,3,0,
6336,3,3,2,4,1,99
6337,2,2,5,2,0,
6338,4,4,2,4,0,
6339,2,2,5,2,0,
6340,3,3,5,2,0,
6341,1,3,7,1,0,
6342,5,5,1,5,0,
6343,2,2,5,2,0,
6344,4,4,2,4,0,
6345,4,2,2,4,1,85
6346,4,4,2,4,0,
6347,4,2,2,4,1,52
6348,4,4,11,3,0,
6349,4,4,2,4,0,
6350,4,4,2,4,0,
6351,3,3,11,3,0,
6352,3,2,5,2,0,
6353,6,6,2,4,0,
6354,2,2,11,3,0,
6355,3,3,11,3,0,
6356,3,3,11,3,0,
6357,1,2,7,1,0,
6358,3,3,11,3,0,
6359,4,4,2,4,0,
6360,3,3,11,3,0,
6361,2,2,5,2,1,98
6362,4,4,2,4,0,
6363,6,6,2,4,1,99
6364,3,2,5,2,1,99
6365,3,3,11,3,0,
6366,3,3,11,3,0,
6367,3,2,11,3,0,
6368,2,2,5,2,0,
6369,3,3,11,3,0,
6370,4,4,2,4,0,
6371,4,4,7,1,0,
6372,6,6,2,4,1,99
6373,3,3,11,3,0,
6374,4,3,11,3,1,92
6375,3,3,11,3,0,
6376,4,4,7,1,0,
6377,2,2,5,2,0,
6378,3,3,11,3,0,
6379,3,3,11,3,1,99
6380,4,4,11,3,0,
6381,3,3,11,3,1,95
6382,4,4,2,4,0,
6383,2,2,5,2,0,
6384,2,2,5,2,0,
6385,2,2,5,2,0,
6386,2,2,5,2,0,
6387,1,2,7,1,0,
6388,3,3,11,3,0,
6389,3,3,11,3,0,
6390,4,4,2,4,0,
6391,3,3,11,3,0,
6392,4,4,2,4,0,
6393,4,3,11,3,0,
6394,3,3,11,3,0,
6395,3,3,11,3,0,
6396,3,3,11,3,0,
6397,1,1,7,1,0,
6398,3,3,11,3,0,
6399,3,3,11,3,0,
6400,2,2,5,2,0,
6401,4,4,2,4,0,
6402,4,4,2,4,1,99
6403,1,1,7,1,0,
6404,2,2,11,3,0,
6405,4,4,2,4,0,
6406,4,4,2,4,0,
6407,2,2,5,2,1,95
6408,2,2,11,3,1,89
6409,4,4,2,4,0,
6410,2,2,5,2,0,
6411,4,4,2,4,0,
6412,4,4,2,4,0,
6413,2,2,5,2,0,
6414,3,3,11,3,0,
6415,3,3,2,4,0,
6416,2,2,5,2,0,
6417,3,3,11,3,0,
6418,5,5,1,5,0,
6419,3,2,11,3,0,
6420,3,2,11,3,0,
6421,3,2,2,4,1,99
6422,2,3,5,2,0,
6423,2,2,5,2,0,
6424,6,6,2,4,1,99
6425,2,2,5,2,0,
6426,3,3,11,3,1,99
6427,6,6,2,4,0,
6428,3,3,11,3,0,
6429,4,4,2,4,0,
6430,3,3,11,3,0,
6431,4,4,2,4,0,
6432,3,3,11,3,0,
6433,4,4,2,4,0,
6434,5,5,1,5,0,
6435,4,3,11,3,0,
6436,5,5,1,5,0,
6437,3,3,5,2,0,
6438,3,6,11,3,0,
6439,3,3,11,3,1,99
6440,4,2,5,2,0,
6441,3,4,11,3,0,
6442,1,4,2,4,0,
6443,3,3,11,3,0,
6444,3,3,11,3,0,
6445,3,3,11,3,1,99
6446,6,6,2,4,0,
6447,3,3,11,3,0,
6448,3,3,11,3,0,
6449,2,2,5,2,1,99
6450,4,4,2,4,0,
6451,4,4,2,4,0,
6452,2,2,5,2,0,
6453,1,2,7,1,0,
6454,3,3,5,2,1,82
6455,3,3,11,3,0,
6456,2,2,5,2,0,
6457,4,2,5,2,0,
6458,3,3,11,3,0,
6459,1,1,7,1,0,
6460,4,4,2,4,0,
6461,3,3,11,3,1,91
6462,4,4,2,4,0,
6463,4,4,2,4,0,
6464,5,5,1,5,0,
6465,3,2,5,2,0,
6466,4,4,2,4,1,99
6467,3,3,11,3,0,
6468,3,3,11,3,0,
6469,3,2,2,4,0,
6470,3,2,7,1,0,
6471,2,2,5,2,1,99
6472,4,3,11,3,0,
6473,3,3,5,2,0,
6474,5,5,1,5,0,
6475,3,3,11,3,0,
6476,2,2,5,2,0,
6477,3,3,11,3,0,
6478,1,1,5,2,0,
6479,3,2,11,3,0,
6480,3,3,11,3,0,
6481,4,4,2,4,0,
6482,3,2,5,2,1,97
6483,3,3,11,3,0,
6484,2,2,5,2,0,
6485,2,2,5,2,0,
6486,3,3,11,3,0,
6487,3,3,11,3,0,
6488,4,4,11,3,0,
6489,2,2,5,2,0,
6490,6,6,2,4,0,
6491,3,3,11,3,0,
6492,5,5,1,5,0,
6493,4,3,11,3,1,93
6494,5,5,1,5,0,
6495,4,4,2,4,1,85
6496,3,4,11,3,1,90
6497,3,3,5,2,0,
6498,5,5,1,5,0,
6499,2,2,5,2,0,
6500,5,5,1,5,1,99
6501,2,2,5,2,0,
6502,3,3,11,3,0,
6503,6,6,2,4,0,
6504,3,3,11,3,1,99
6505,2,2,5,2,0,
6506,6,6,2,4,0,
6507,3,3,11,3,0,
6508,3,2,11,3,0,
6509,1,1,7,1,0,
6510,2,2,5,2,0,
6511,5,5,1,5,1,100
6512,1,1,7,1,0,
6513,4,4,2,4,0,
6514,4,6,2,4,1,71
6515,2,2,5,2,0,
6516,1,1,7,1,0,
6517,4,4,2,4,1,99
6518,3,3,5,2,0,
6519,4,4,2,4,0,
6520,3,2,5,2,0,
6521,3,2,2,4,0,
6522,5,5,1,5,0,
6523,6,6,2,4,0,
6524,2,6,5,2,0,
6525,2,2,5,2,0,
6526,4,4,11,3,0,
6527,3,3,11,3,0,
6528,4,3,11,3,0,
6529,2,2,11,3,0,
6530,2,2,5,2,0,
6531,4,4,2,4,0,
6532,3,3,11,3,1,99
6533,4,4,11,3,0,
6534,2,2,5,2,0,
6535,4,4,2,4,1,99
6536,4,3,2,4,1,151
6537,1,1,7,1,0,
6538,3,3,5,2,0,
6539,4,4,2,4,0,
6540,3,2,5,2,0,
6541,3,2,11,3,0,
6542,2,2,5,2,0,
6543,4,4,2,4,1,99
6544,1,1,7,1,0,
6545,3,3,11,3,0,
6546,6,4,2,4,0,
6547,6,6,11,3,1,99
6548,1,3,5,2,0,
6549,3,3,11,3,0,
6550,3,3,11,3,0,
6551,2,2,5,2,0,
6552,4,4,2,4,0,
6553,2,2,11,3,1,86
6554,3,3,11,3,0,
6555,6,6,2,4,1,99
6556,3,3,11,3,0,
6557,2,2,5,2,0,
6558,6,6,2,4,0,
6559,5,5,1,5,1,99
6560,3,3,11,3,1,99
6561,2,2,5,2,0,
6562,2,2,5,2,0,
6563,4,4,2,4,0,
6564,4,4,2,4,0,
6565,5,5,1,5,0,
6566,3,3,11,3,0,
6567,4,4,2,4,0,
6568,2,2,5,2,0,
6569,3,3,11,3,0,
6570,5,5,1,5,0,
6571,3,3,11,3,0,
6572,4,4,2,4,1,99
6573,4,3,7,1,0,
6574,2,2,5,2,0,
6575,3,3,11,3,1,99
6576,4,4,2,4,0,
6577,4,4,2,4,1,99
6578,3,3,11,3,0,
6579,2,2,5,2,1,99
6580,4,4,2,4,0,
6581,3,3,11,3,0,
6582,3,2,5,2,0,
6583,1,2,11,3,0,
6584,4,4,2,4,0,
6585,2,2,11,3,0,
6586,3,4,11,3,1,99
6587,8,8,8,8,0,
6588,4,4,11,3,0,
6589,3,3,11,3,0,
6590,2,2,5,2,1,99
6591,2,2,5,2,0,
6592,4,4,2,4,0,
6593,4,4,2,4,0,
6594,3,3,11,3,0,
6595,4,4,2,4,1,97
6596,4,4,2,4,0,
6597,3,2,11,3,0,
6598,4,4,2,4,0,
6599,3,3,11,3,1,99
6600,3,2,11,3,1,91
6601,4,4,2,4,0,
6602,2,2,5,2,0,
6603,3,3,11,3,0,
6604,3,3,11,3,0,
6605,4,4,2,4,1,99
6606,6,4,11,3,0,
6607,4,4,2,4,1,99
6608,4,4,2,4,0,
6609,4,4,2,4,0,
6610,3,3,11,3,0,
6611,3,3,11,3,1,99
6612,4,6,2,4,0,
6613,5,5,1,5,0,
6614,3,3,11,3,1,94
6615,4,4,2,4,0,
6616,3,3,11,3,0,
6617,2,2,5,2,1,99
6618,3,3,11,3,0,
6619,4,4,2,4,0,
6620,2,2,5,2,0,
6621,4,4,2,4,1,99
6622,2,2,5,2,0,
6623,3,3,11,3,0,
6624,4,4,2,4,0,
6625,4,3,2,4,0,
6626,3,3,11,3,0,
6627,3,3,11,3,0,
6628,3,3,11,3,1,86
6629,3,3,11,3,0,
6630,4,4,2,4,0,
6631,3,3,11,3,0,
6632,1,2,11,3,0,
6633,2,2,5,2,0,
6634,4,4,2,4,1,99
6635,2,2,5,2,0,
6636,1,1,7,1,0,
6637,3,3,11,3,0,
6638,4,4,2,4,0,
6639,3,3,11,3,0,
6640,4,4,2,4,0,
6641,2,2,5,2,0,
6642,3,3,11,3,0,
6643,6,4,2,4,0,
6644,6,3,11,3,0,
6645,3,3,11,3,0,
6646,2,2,5,2,0,
6647,3,2,5,2,0,
6648,3,3,11,3,0,
6649,3,2,5,2,0,
6650,3,3,11,3,0,
6651,3,3,11,3,0,
6652,4,4,2,4,0,
6653,1,2,7,1,0,
6654,4,4,2,4,0,
6655,3,3,11,3,1,99
6656,2,2,5,2,0,
6657,1,1,7,1,0,
6658,1,1,5,2,0,
6659,6,6,2,4,0,
6660,2,2,5,2,0,
6661,3,3,11,3,0,
6662,1,4,2,4,0,
6663,1,1,7,1,0,
6664,2,2,5,2,0,
6665,4,4,2,4,0,
6666,4,6,2,4,1,98
6667,3,3,11,3,0,
6668,4,4,11,3,0,
6669,2,2,11,3,1,56
6670,4,1,2,4,0,
6671,4,3,11,3,1,88
6672,6,6,2,4,0,
6673,4,4,11,3,0,
6674,2,2,5,2,0,
6675,3,3,11,3,0,
6676,3,3,11,3,1,99
6677,2,2,5,2,0,
6678,4,4,2,4,0,
6679,2,2,5,2,1,99
6680,3,3,11,3,1,87
6681,3,3,11,3,0,
6682,5,5,1,5,0,
6683,3,3,11,3,1,97
6684,3,3,7,1,0,
6685,6,2,5,2,0,
6686,4,2,5,2,0,
6687,2,2,5,2,0,
6688,3,3,11,3,0,
6689,3,3,11,3,1,94
6690,3,3,11,3,0,
6691,4,6,2,4,0,
6692,1,2,7,1,0,
6693,2,2,5,2,0,
6694,6,6,11,3,0,
6695,2,2,5,2,1,99
6696,3,6,5,2,0,
6697,3,3,11,3,0,
6698,4,4,2,4,0,
6699,2,2,5,2,0,
6700,3,3,11,3,0,
6701,3,3,11,3,1,99
6702,3,3,11,3,0,
6703,4,6,2,4,0,
6704,3,3,11,3,0,
6705,3,3,5,2,0,
6706,3,3,11,3,0,
6707,3,3,11,3,0,
6708,3,3,11,3,1,211
6709,3,3,5,2,1,74
6710,2,2,5,2,0,
6711,4,4,11,3,1,96
6712,4,4,2,4,1,99
6713,4,4,2,4,0,
6714,2,2,5,2,1,99
6715,2,2,5,2,0,
6716,3,3,11,3,0,
6717,4,4,2,4,0,
6718,3,3,11,3,0,
6719,3,3,11,3,0,
6720,6,6,2,4,1,99
6721,5,0,1,5,0,
6722,2,3,5,2,0,
6723,3,3,11,3,0,
6724,2,2,11,3,0,
6725,4,2,2,4,0,
6726,4,4,2,4,0,
6727,1,1,7,1,0,
6728,4,4,2,4,0,
6729,2,2,5,2,0,
6730,3,1,5,2,0,
6731,3,3,11,3,1,99
6732,3,3,11,3,1,99
6733,3,2,5,2,0,
6734,3,3,11,3,0,
6735,2,2,5,2,0,
6736,3,3,11,3,0,
6737,3,3,11,3,0,
6738,3,2,5,2,1,99
6739,4,4,2,4,0,
6740,2,2,5,2,0,
6741,2,2,5,2,0,
6742,3,2,5,2,0,
6743,4,4,2,4,0,
6744,1,2,5,2,1,85
6745,6,4,2,4,0,
6746,5,5,1,5,1,100
6747,3,3,11,3,0,
6748,4,4,2,4,0,
6749,1,1,7,1,0,
6750,3,3,11,3,0,
6751,2,3,11,3,1,54
6752,3,3,11,3,1,98
6753,3,3,11,3,0,
6754,3,4,11,3,1,98
6755,2,2,5,2,0,
6756,3,2,5,2,0,
6757,4,4,11,3,0,
6758,5,5,1,5,0,
6759,3,3,11,3,1,98
6760,4,4,2,4,1,99
6761,4,4,2,4,0,
6762,4,3,2,4,0,
6763,3,3,11,3,0,
6764,6,4,2,4,0,
6765,2,2,5,2,0,
6766,1,2,7,1,1,63
6767,1,1,7,1,0,
6768,1,4,2,4,0,
6769,2,2,5,2,0,
6770,4,3,11,3,0,
6771,2,2,5,2,0,
6772,6,6,2,4,1,99
6773,2,2,5,2,0,
6774,6,6,2,4,0,
6775,3,3,11,3,0,
6776,4,4,2,4,1,99
6777,3,6,5,2,0,
6778,3,3,11,3,1,99
6779,3,4,2,4,0,
6780,3,3,11,3,0,
6781,6,6,11,3,0,
6782,3,3,11,3,0,
6783,2,6,5,2,0,
6784,4,4,2,4,1,99
6785,4,6,2,4,0,
6786,4,4,2,4,0,
6787,4,4,2,4,1,96
6788,2,2,5,2,0,
6789,1,2,7,1,0,
6790,4,4,2,4,0,
6791,2,2,5,2,1,99
6792,2,2,5,2,0,
6793,4,4,2,4,0,
6794,3,2,11,3,0,
6795,2,2,5,2,0,
6796,2,1,5,2,0,
6797,4,4,2,4,0,
6798,3,2,11,3,1,73
6799,3,3,11,3,0,
6800,3,2,5,2,0,
6801,8,8,8,8,0,
6802,3,2,11,3,0,
6803,3,4,11,3,0,
6804,3,3,11,3,0,
6805,2,2,5,2,0,
6806,2,2,5,2,0,
6807,3,3,11,3,1,99
6808,4,4,2,4,0,
6809,2,2,5,2,0,
6810,4,4,11,3,0,
6811,3,3,11,3,0,
6812,2,2,5,2,0,
6813,4,4,2,4,0,
6814,6,6,11,3,0,
6815,4,4,2,4,0,
6816,2,2,5,2,0,
6817,4,4,2,4,0,
6818,3,4,11,3,0,
6819,3,3,11,3,0,
6820,3,3,11,3,1,95
6821,3,3,11,3,0,
6822,4,4,2,4,0,
6823,4,4,2,4,0,
6824,2,2,11,3,0,
6825,4,4,2,4,0,
6826,2,2,5,2,0,
6827,4,4,11,3,0,
6828,2,2,5,2,1,98
6829,3,3,11,3,1,99
6830,3,2,11,3,0,
6831,2,2,5,2,1,99
6832,4,4,2,4,0,
6833,4,4,2,4,1,99
6834,4,6,2,4,1,98
6835,4,4,2,4,1,99
6836,3,3,11,3,0,
6837,5,5,1,5,0,
6838,3,3,11,3,0,
6839,3,3,11,3,0,
6840,2,2,5,2,0,
6841,4,4,2,4,0,
6842,8,3,8,8,0,
6843,1,1,7,1,0,
6844,4,4,2,4,0,
6845,4,4,2,4,0,
6846,4,4,2,4,0,
6847,3,3,11,3,1,99
6848,1,3,7,1,0,
6849,3,3,11,3,1,95
6850,5,5,1,5,0,
6851,4,4,2,4,1,99
6852,2,2,5,2,0,
6853,2,2,5,2,0,
6854,3,2,5,2,0,
6855,4,3,2,4,0,
6856,2,2,5,2,0,
6857,5,5,1,5,0,
6858,2,2,5,2,0,
6859,2,2,5,2,0,
6860,4,4,2,4,0,
6861,3,3,11,3,0,
6862,3,3,11,3,0,
6863,4,4,2,4,1,151
6864,5,5,4,6,0,
6865,2,2,5,2,0,
6866,1,1,11,3,0,
6867,2,3,11,3,0,
6868,3,3,11,3,0,
6869,3,2,2,4,0,
6870,2,6,5,2,1,93
6871,3,2,11,3,0,
6872,3,2,11,3,0,
6873,8,8,8,8,0,
6874,3,3,8,8,1,99
6875,3,3,11,3,0,
6876,3,3,11,3,1,152
6877,1,1,7,1,0,
6878,3,3,11,3,0,
6879,2,2,5,2,0,
6880,4,4,2,4,0,
6881,3,3,11,3,0,
6882,4,3,11,3,0,
6883,5,5,1,5,0,
6884,5,5,1,5,0,
6885,2,2,5,2,0,
6886,2,3,11,3,0,
6887,2,2,5,2,0,
6888,3,3,11,3,0,
6889,4,4,2,4,0,
6890,4,3,11,3,0,
6891,2,2,5,2,0,
6892,4,4,2,4,1,99
6893,4,4,2,4,0,
6894,4,4,2,4,0,
6895,2,4,2,4,0,
6896,4,4,2,4,0,
6897,2,2,5,2,0,
6898,3,6,11,3,0,
6899,3,3,11,3,0,
6900,3,3,11,3,0,
6901,3,3,11,3,0,
6902,1,2,7,1,0,
6903,3,3,11,3,1,99
6904,4,4,2,4,0,
6905,3,3,11,3,0,
6906,4,4,2,4,0,
6907,2,2,5,2,1,88
6908,4,4,2,4,0,
6909,3,3,11,3,0,
6910,3,2,11,3,1,98
6911,4,4,2,4,0,
6912,3,3,5,2,0,
6913,5,5,1,5,0,
6914,3,3,11,3,0,
6915,6,3,2,4,0,
6916,3,3,11,3,0,
6917,3,3,11,3,0,
6918,1,1,7,1,0,
6919,4,6,2,4,0,
6920,5,5,1,5,1,99
6921,4,4,2,4,0,
6922,2,2,5,2,0,
6923,3,3,11,3,0,
6924,5,5,1,5,0,
6925,4,4,2,4,0,
6926,4,4,7,1,1,78
6927,2,2,5,2,0,
6928,4,4,2,4,0,
6929,4,4,2,4,0,
6930,3,3,11,3,0,
6931,4,4,2,4,0,
6932,3,3,11,3,0,
6933,4,4,2,4,0,
6934,6,6,2,4,0,
6935,4,3,11,3,0,
6936,2,2,5,2,0,
6937,3,3,11,3,0,
6938,3,3,11,3,0,
6939,2,2,5,2,1,98
6940,3,3,8,8,0,
6941,2,2,5,2,1,99
6942,6,6,2,4,1,100
6943,2,2,5,2,0,
6944,3,3,11,3,0,
6945,4,4,2,4,0,
6946,2,2,5,2,0,
6947,4,4,11,3,0,
6948,2,2,5,2,1,97
6949,3,4,2,4,0,
6950,4,4,2,4,0,
6951,3,8,11,3,0,
6952,3,3,8,8,0,
6953,3,2,11,3,0,
6954,3,3,11,3,0,
6955,2,2,5,2,0,
6956,4,4,2,4,1,99
6957,2,2,5,2,0,
6958,3,2,5,2,0,
6959,4,3,11,3,0,
6960,6,6,2,4,1,99
6961,4,4,2,4,0,
6962,4,4,2,4,1,99
6963,2,2,5,2,0,
6964,4,4,2,4,1,99
6965,4,2,7,1,0,
6966,3,2,11,3,0,
6967,8,8,11,3,1,99
6968,3,2,5,2,0,
6969,4,4,2,4,0,
6970,3,3,11,3,0,
6971,4,4,2,4,0,
6972,3,3,11,3,0,
6973,4,3,2,4,0,
6974,3,3,11,3,0,
6975,3,3,11,3,0,
6976,3,3,11,3,0,
6977,5,5,1,5,1,100
6978,4,4,2,4,0,
6979,1,1,7,1,1,77
6980,4,4,2,4,0,
6981,3,3,11,3,0,
6982,3,2,5,2,0,
6983,2,3,5,2,0,
6984,1,1,7,1,0,
6985,3,4,11,3,0,
6986,4,4,2,4,0,
6987,2,2,11,3,0,
6988,4,4,2,4,0,
6989,4,4,11,3,0,
6990,4,4,2,4,0,
6991,5,5,1,5,0,
6992,1,4,7,1,1,38
6993,2,2,5,2,0,
6994,2,2,5,2,0,
6995,3,3,11,3,0,
6996,4,4,2,4,0,
6997,3,4,11,3,1,99
6998,3,3,11,3,0,
6999,5,5,1,5,1,99
7000,2,2,5,2,1,89
7001,3,8,11,3,0,
7002,4,3,2,4,0,
7003,4,4,2,4,0,
7004,3,2,5,2,1,93
7005,4,4,2,4,1,95
7006,2,2,5,2,0,
7007,3,3,11,3,0,
7008,2,2,5,2,0,
7009,3,3,11,3,0,
7010,6,6,2,4,0,
7011,2,2,5,2,1,99
7012,3,3,11,3,0,
7013,4,3,2,4,1,85
7014,3,3,11,3,0,
7015,3,3,11,3,1,99
7016,4,4,2,4,0,
7017,4,4,2,4,1,97
7018,1,1,2,4,1,71
7019,3,3,11,3,0,
7020,6,6,2,4,0,
7021,4,4,2,4,0,
7022,4,4,2,4,0,
7023,4,3,11,3,0,
7024,4,3,2,4,0,
7025,3,3,5,2,0,
7026,4,4,2,4,1,99
7027,3,3,11,3,0,
7028,4,4,2,4,0,
7029,4,4,2,4,0,
7030,5,5,1,5,1,100
7031,4,3,11,3,0,
7032,2,2,5,2,0,
7033,3,3,5,2,0,
7034,3,3,11,3,0,
7035,3,3,11,3,0,
7036,2,2,5,2,0,
7037,2,2,11,3,0,
7038,6,6,2,4,0,
7039,4,4,2,4,0,
7040,6,4,2,4,0,
7041,6,6,11,3,0,
7042,5,5,1,5,0,
7043,3,3,11,3,0,
7044,6,6,5,2,1,99
7045,5,5,1,5,0,
7046,3,2,5,2,0,
7047,3,3,2,4,0,
7048,3,3,11,3,1,211
7049,2,2,5,2,0,
7050,4,4,2,4,0,
7051,3,3,11,3,0,
7052,3,3,11,3,0,
7053,2,2,5,2,0,
7054,1,1,7,1,0,
7055,3,2,11,3,0,
7056,3,3,11,3,0,
7057,6,6,2,4,0,
7058,2,2,5,2,0,
7059,2,2,5,2,1,99
7060,2,2,5,2,0,
7061,3,2,11,3,0,
7062,4,4,2,4,0,
7063,4,4,11,3,0,
7064,2,2,5,2,1,99
7065,3,4,2,4,0,
7066,3,3,11,3,0,
7067,4,4,2,4,0,
7068,3,2,11,3,0,
7069,2,2,5,2,0,
7070,4,4,2,4,0,
7071,3,3,5,2,0,
7072,4,4,2,4,0,
7073,4,4,2,4,0,
7074,4,2,11,3,1,74
7075,1,2,5,2,0,
7076,6,6,2,4,0,
7077,4,4,11,3,0,
7078,4,4,2,4,0,
7079,3,4,11,3,0,
7080,3,3,11,3,1,99
7081,4,4,2,4,0,
7082,1,1,2,4,0,
7083,2,2,11,3,0,
7084,2,2,5,2,0,
7085,5,5,1,5,0,
7086,3,4,11,3,0,
7087,2,2,5,2,1,99
7088,3,3,11,3,0,
7089,3,3,11,3,0,
7090,4,4,2,4,0,
7091,1,1,7,1,0,
7092,4,4,2,4,0,
7093,1,1,5,2,0,
7094,4,4,2,4,0,
7095,8,8,8,8,0,
7096,4,4,2,4,0,
7097,4,4,2,4,0,
7098,1,1,5,2,0,
7099,3,3,11,3,0,
7100,3,3,11,3,0,
7101,5,5,1,5,0,
7102,2,2,5,2,0,
7103,3,3,11,3,0,
7104,5,8,11,3,0,
7105,5,5,1,5,0,
7106,4,3,2,4,0,
7107,3,3,11,3,0,
7108,3,3,11,3,0,
7109,4,4,2,4,1,98
7110,3,2,5,2,0,
7111,2,2,5,2,1,83
7112,3,3,5,2,0,
7113,1,1,7,1,0,
7114,3,3,11,3,0,
7115,3,4,11,3,0,
7116,3,3,11,3,0,
7117,4,4,2,4,0,
7118,3,3,11,3,0,
7119,3,3,5,2,0,
7120,5,5,1,5,0,
7121,1,1,7,1,0,
7122,2,2,5,2,0,
7123,4,4,2,4,0,
7124,4,3,2,4,1,152
7125,6,6,2,4,0,
7126,3,3,11,3,0,
7127,3,3,11,3,0,
7128,3,2,11,3,0,
7129,3,3,5,2,1,99
7130,2,2,5,2,0,
7131,3,3,11,3,0,
7132,1,1,7,1,1,99
7133,3,2,11,3,0,
7134,4,4,2,4,0,
7135,2,2,5,2,0,
7136,4,4,2,4,0,
7137,6,6,2,4,0,
7138,2,2,5,2,0,
7139,3,3,11,3,0,
7140,4,6,7,1,0,
7141,3,3,11,3,0,
7142,2,2,5,2,0,
7143,4,4,2,4,0,
7144,2,2,5,2,0,
7145,3,3,11,3,0,
7146,3,3,5,2,0,
7147,4,4,2,4,1,99
7148,3,3,11,3,1,90
7149,3,3,11,3,1,99
7150,2,2,5,2,0,
7151,3,3,11,3,0,
7152,2,2,5,2,1,98
7153,2,2,5,2,0,
7154,3,3,11,3,0,
7155,4,4,2,4,0,
7156,3,2,5,2,0,
7157,3,3,11,3,0,
7158,4,4,11,3,0,
7159,3,3,11,3,0,
7160,3,6,11,3,0,
7161,2,2,5,2,0,
7162,6,6,2,4,0,
7163,3,3,11,3,0,
7164,3,3,11,3,0,
7165,2,2,5,2,0,
7166,4,3,7,1,0,
7167,3,3,11,3,0,
7168,4,4,11,3,1,99
7169,3,3,11,3,0,
7170,2,2,5,2,0,
7171,4,2,2,4,0,
7172,2,2,5,2,0,
7173,6,6,2,4,0,
7174,2,2,11,3,0,
7175,4,4,2,4,0,
7176,6,6,11,3,0,
7177,2,2,11,3,1,98
7178,2,2,5,2,0,
7179,3,3,11,3,0,
7180,3,3,11,3,0,
7181,4,4,2,4,0,
7182,3,2,5,2,0,
7183,3,2,11,3,0,
7184,4,4,2,4,0,
7185,1,4,2,4,1,96
7186,2,2,5,2,0,
7187,1,2,7,1,0,
7188,3,3,5,2,0,
7189,2,2,5,2,1,99
7190,2,2,5,2,1,99
7191,3,3,11,3,0,
7192,4,4,2,4,0,
7193,3,3,11,3,0,
7194,3,3,11,3,0,
7195,3,4,2,4,0,
7196,5,5,1,5,0,
7197,3,3,11,3,0,
7198,3,3,11,3,0,
7199,3,3,11,3,0,
7200,2,2,5,2,0,
7201,1,1,7,1,0,
7202,3,3,11,3,0,
7203,3,2,11,3,0,
7204,8,8,8,8,0,
7205,4,4,2,4,0,
7206,3,3,11,3,0,
7207,3,6,11,3,0,
7208,4,4,2,4,0,
7209,1,1,7,1,0,
7210,4,4,2,4,0,
7211,3,2,11,3,0,
7212,6,6,2,4,1,99
7213,4,4,2,4,1,99
7214,4,6,2,4,0,
7215,4,4,2,4,0,
7216,2,2,5,2,0,
7217,5,5,1,5,0,
7218,6,6,11,3,0,
7219,4,3,5,2,0,
7220,3,3,11,3,0,
7221,4,4,2,4,0,
7222,2,2,5,2,1,99
7223,3,3,11,3,0,
7224,3,3,8,8,1,99
7225,3,3,11,3,0,
7226,3,3,11,3,0,
7227,6,6,2,4,0,
7228,1,1,5,2,0,
7229,5,5,1,5,0,
7230,3,3,11,3,0,
7231,1,1,7,1,1,64
7232,4,4,2,4,0,
7233,4,4,2,4,0,
7234,4,4,11,3,0,
7235,3,3,11,3,0,
7236,2,2,11,3,0,
7237,2,3,5,2,0,
7238,3,3,11,3,0,
7239,5,5,1,5,0,
7240,4,4,2,4,0,
7241,4,4,2,4,0,
7242,4,4,2,4,0,
7243,3,2,5,2,0,
7244,3,3,11,3,0,
7245,2,2,5,2,0,
7246,4,4,2,4,0,
7247,2,2,5,2,0,
7248,1,1,7,1,1,89
7249,4,1,7,1,1,47
7250,5,6,1,5,0,
7251,3,3,5,2,0,
7252,4,4,2,4,1,99
7253,1,2,5,2,0,
7254,3,3,11,3,1,91
7255,4,4,2,4,1,93
7256,4,4,2,4,1,98
7257,2,2,5,2,1,99
7258,4,4,2,4,0,
7259,1,4,7,1,0,
7260,6,6,2,4,0,
7261,1,3,5,2,0,
7262,1,1,7,1,1,98
7263,6,4,2,4,1,54
7264,4,4,2,4,1,99
7265,5,5,1,5,0,
7266,6,6,2,4,0,
7267,4,4,2,4,1,99
7268,3,3,11,3,0,
7269,4,4,2,4,0,
7270,6,6,2,4,0,
7271,3,3,11,3,0,
7272,3,3,11,3,0,
7273,3,3,11,3,0,
7274,4,4,2,4,0,
7275,1,1,7,1,0,
7276,3,3,11,3,0,
7277,6,6,2,4,0,
7278,3,3,11,3,0,
7279,6,6,2,4,0,
7280,5,6,1,5,0,
7281,3,3,11,3,0,
7282,2,2,5,2,0,
7283,3,3,11,3,1,86
7284,3,2,11,3,0,
7285,3,2,2,4,0,
7286,8,3,11,3,0,
7287,3,3,11,3,1,98
7288,3,3,11,3,0,
7289,2,2,5,2,0,
7290,2,3,11,3,0,
7291,4,4,11,3,0,
7292,3,2,11,3,0,
7293,5,5,1,5,0,
7294,1,2,7,1,0,
7295,3,3,11,3,0,
7296,2,2,5,2,0,
7297,3,3,11,3,0,
7298,3,2,5,2,0,
7299,4,4,2,4,0,
7300,2,2,5,2,0,
7301,3,3,11,3,0,
7302,4,4,2,4,0,
7303,6,5,1,5,0,
7304,4,6,2,4,0,
7305,1,2,7,1,0,
7306,3,3,11,3,0,
7307,2,2,5,2,0,
7308,6,4,2,4,0,
7309,4,4,2,4,1,151
7310,2,3,5,2,0,
7311,4,4,2,4,0,
7312,4,4,2,4,0,
7313,8,3,11,3,0,
7314,5,5,1,5,1,99
7315,2,2,5,2,0,
7316,4,4,2,4,0,
7317,4,4,2,4,1,99
7318,6,6,2,4,0,
7319,4,4,2,4,0,
7320,3,4,11,3,0,
7321,4,4,2,4,0,
7322,2,2,5,2,0,
7323,3,2,11,3,0,
7324,4,4,2,4,0,
7325,5,5,1,5,0,
7326,4,4,2,4,1,83
7327,4,4,11,3,0,
7328,4,4,2,4,0,
7329,4,4,11,3,0,
7330,4,4,2,4,0,
7331,2,2,5,2,0,
7332,2,2,5,2,1,99
7333,3,2,5,2,1,99
7334,2,2,5,2,0,
7335,3,6,11,3,0,
7336,3,3,5,2,1,94
7337,3,2,5,2,0,
7338,3,3,5,2,0,
7339,3,4,2,4,0,
7340,3,3,11,3,0,
7341,4,4,2,4,0,
7342,3,3,11,3,1,97
7343,2,2,5,2,0,
7344,2,2,5,2,1,95
7345,2,2,5,2,0,
7346,3,3,5,2,0,
7347,4,2,2,4,0,
7348,2,2,5,2,1,99
7349,3,3,11,3,0,
7350,2,2,11,3,0,
7351,3,2,11,3,0,
7352,4,4,2,4,0,
7353,2,2,5,2,0,
7354,4,4,11,3,0,
7355,2,2,5,2,1,98
7356,2,2,5,2,0,
7357,5,5,1,5,1,100
7358,4,4,2,4,0,
7359,3,3,11,3,0,
7360,3,3,5,2,1,60
7361,3,3,11,3,0,
7362,4,4,2,4,1,99
7363,4,4,2,4,0,
7364,3,3,11,3,0,
7365,3,3,11,3,0,
7366,4,4,11,3,0,
7367,4,4,2,4,0,
7368,3,3,11,3,0,
7369,3,3,11,3,0,
7370,6,2,2,4,0,
7371,6,4,2,4,1,88
7372,3,3,11,3,0,
7373,3,2,5,2,0,
7374,4,4,2,4,0,
7375,3,2,5,2,0,
7376,3,3,11,3,1,96
7377,3,3,11,3,0,
7378,3,2,2,4,0,
7379,3,3,11,3,0,
7380,3,3,11,3,0,
7381,4,4,2,4,0,
7382,1,1,7,1,0,
7383,2,3,11,3,0,
7384,1,1,7,1,0,
7385,3,3,11,3,0,
7386,3,3,11,3,0,
7387,4,4,2,4,0,
7388,4,4,2,4,0,
7389,2,2,5,2,1,99
7390,3,3,11,3,0,
7391,3,3,11,3,0,
7392,3,3,11,3,0,
7393,5,5,1,5,0,
7394,3,3,11,3,0,
7395,3,3,11,3,0,
7396,3,3,11,3,1,94
7397,2,2,7,1,0,
7398,4,3,2,4,0,
7399,2,2,5,2,1,99
7400,2,2,5,2,0,
7401,5,5,1,5,0,
7402,2,2,5,2,1,98
7403,4,4,2,4,0,
7404,2,2,11,3,0,
7405,3,3,11,3,1,99
7406,8,5,8,8,1,97
7407,3,3,11,3,0,
7408,4,4,2,4,0,
7409,3,3,11,3,0,
7410,5,5,1,5,0,
7411,1,2,7,1,0,
7412,3,3,11,3,0,
7413,2,2,5,2,0,
7414,6,6,2,4,0,
7415,4,2,2,4,0,
7416,3,3,11,3,0,
7417,1,1,7,1,0,
7418,2,2,5,2,0,
7419,5,5,1,5,0,
7420,4,4,11,3,0,
7421,4,4,11,3,0,
7422,5,5,1,5,0,
7423,3,3,11,3,0,
7424,2,2,5,2,0,
7425,2,2,5,2,0,
7426,1,2,5,2,0,
7427,3,3,11,3,1,99
7428,1,1,7,1,0,
7429,6,6,2,4,0,
7430,2,2,5,2,0,
7431,3,3,11,3,1,94
7432,3,3,11,3,1,83
7433,4,4,2,4,1,99
7434,4,3,2,4,0,
7435,1,1,5,2,0,
7436,3,3,11,3,0,
7437,3,3,11,3,1,99
7438,3,3,11,3,0,
7439,4,4,2,4,0,
7440,3,3,11,3,1,99
7441,3,3,11,3,0,
7442,1,1,7,1,0,
7443,4,4,2,4,0,
7444,2,2,5,2,0,
7445,1,1,7,1,1,98
7446,1,2,2,4,0,
7447,3,3,5,2,0,
7448,4,4,2,4,0,
7449,4,4,11,3,0,
7450,3,3,11,3,0,
7451,6,4,2,4,0,
7452,6,3,11,3,0,
7453,3,3,11,3,0,
7454,6,6,4,6,1,99
7455,3,3,11,3,0,
7456,3,2,5,2,1,72
7457,4,4,2,4,0,
7458,4,4,2,4,0,
7459,2,2,5,2,0,
7460,4,4,2,4,0,
7461,4,4,2,4,0,
7462,5,5,1,5,0,
7463,4,3,2,4,0,
7464,2,2,5,2,0,
7465,1,3,11,3,0,
7466,4,4,11,3,1,98
7467,2,2,5,2,0,
7468,4,3,2,4,0,
7469,4,4,2,4,1,99
7470,3,4,2,4,0,
7471,4,4,2,4,0,
7472,3,3,11,3,0,
7473,3,3,5,2,0,
7474,2,2,5,2,0,
7475,4,4,2,4,0,
7476,2,2,7,1,0,
7477,3,3,11,3,0,
7478,2,2,5,2,0,
7479,3,3,11,3,0,
7480,5,5,4,6,0,
7481,3,3,11,3,0,
7482,3,3,11,3,0,
7483,3,3,11,3,0,
7484,4,4,2,4,0,
7485,3,3,11,3,1,86
7486,3,3,11,3,0,
7487,4,3,11,3,0,
7488,4,4,11,3,0,
7489,6,4,2,4,0,
7490,3,3,11,3,0,
7491,3,3,11,3,0,
7492,3,3,11,3,0,
7493,4,4,2,4,0,
7494,5,5,1,5,0,
7495,3,3,11,3,0,
7496,4,4,2,4,0,
7497,3,3,11,3,0,
7498,4,4,2,4,1,99
7499,2,2,5,2,0,
7500,3,3,11,3,0,
7501,2,2,5,2,0,
7502,4,4,2,4,0,
7503,4,4,7,1,0,
7504,2,2,5,2,0,
7505,4,4,2,4,0,
7506,3,3,11,3,0,
7507,5,5,1,5,0,
7508,2,2,5,2,0,
7509,4,4,2,4,0,
7510,2,2,5,2,0,
7511,3,3,11,3,0,
7512,2,2,5,2,0,
7513,4,4,2,4,0,
7514,4,4,5,2,0,
7515,3,3,11,3,0,
7516,3,3,11,3,0,
7517,2,2,5,2,0,
7518,3,2,11,3,0,
7519,3,3,11,3,0,
7520,2,2,5,2,0,
7521,3,2,11,3,0,
7522,1,1,7,1,1,59
7523,4,4,11,3,1,57
7524,3,3,11,3,0,
7525,2,2,11,3,0,
7526,3,2,11,3,0,
7527,5,5,1,5,0,
7528,4,4,2,4,1,98
7529,3,3,5,2,0,
7530,6,6,5,2,0,
7531,3,3,11,3,1,99
7532,3,3,11,3,0,
7533,3,3,11,3,0,
7534,4,4,2,4,0,
7535,4,4,2,4,0,
7536,3,3,11,3,0,
7537,3,3,11,3,1,99
7538,3,3,11,3,0,
7539,3,3,11,3,0,
7540,2,2,11,3,0,
7541,2,2,5,2,0,
7542,1,2,5,2,0,
7543,2,2,5,2,0,
7544,3,3,11,3,0,
7545,4,6,2,4,0,
7546,3,4,11,3,0,
7547,2,2,5,2,0,
7548,4,4,2,4,0,
7549,4,4,2,4,0,
7550,2,2,5,2,0,
7551,2,2,5,2,1,99
7552,4,4,2,4,0,
7553,4,4,2,4,0,
7554,3,2,5,2,0,
7555,4,4,11,3,0,
7556,2,2,5,2,0,
7557,4,4,2,4,0,
7558,3,3,11,3,1,99
7559,3,3,5,2,0,
7560,3,2,11,3,0,
7561,3,3,11,3,0,
7562,3,3,11,3,1,99
7563,1,3,8,8,0,
7564,5,5,1,5,1,100
7565,4,4,2,4,0,
7566,6,6,2,4,0,
7567,1,1,7,1,1,99
7568,3,3,11,3,0,
7569,4,6,11,3,0,
7570,4,4,2,4,0,
7571,3,3,11,3,0,
7572,3,3,11,3,0,
7573,3,3,11,3,1,99
7574,3,3,11,3,0,
7575,3,3,11,3,1,99
7576,2,2,5,2,0,
7577,3,3,11,3,1,99
7578,4,4,2,4,0,
7579,3,3,11,3,0,
7580,3,3,11,3,0,
7581,4,4,2,4,0,
7582,4,4,2,4,0,
7583,3,3,11,3,1,99
7584,3,3,11,3,0,
7585,2,2,5,2,0,
7586,3,3,11,3,0,
7587,5,5,1,5,0,
7588,2,2,11,3,0,
7589,2,2,5,2,0,
7590,3,3,11,3,0,
7591,3,3,11,3,0,
7592,1,1,7,1,1,99
7593,2,2,5,2,0,
7594,3,3,11,3,0,
7595,3,3,11,3,0,
7596,4,4,2,4,0,
7597,1,1,7,1,0,
7598,4,3,11,3,0,
7599,2,2,5,2,0,
7600,2,2,5,2,0,
7601,3,3,11,3,0,
7602,4,4,2,4,1,99
7603,4,4,2,4,0,
7604,4,4,2,4,0,
7605,1,4,2,4,0,
7606,2,2,5,2,0,
7607,3,3,11,3,0,
7608,3,3,2,4,1,99
7609,1,1,7,1,0,
7610,1,1,7,1,1,99
7611,2,2,5,2,0,
7612,3,3,11,3,0,
7613,4,4,2,4,0,
7614,2,2,5,2,1,91
7615,4,4,11,3,1,97
7616,4,4,2,4,0,
7617,8,8,8,8,0,
7618,3,3,11,3,0,
7619,4,4,2,4,0,
7620,5,5,1,5,0,
7621,3,3,11,3,0,
7622,4,4,2,4,0,
7623,3,3,11,3,0,
7624,4,4,2,4,0,
7625,4,4,2,4,0,
7626,3,3,11,3,0,
7627,3,3,11,3,0,
7628,6,6,2,4,0,
7629,4,4,2,4,1,151
7630,4,4,11,3,0,
7631,4,4,2,4,0,
7632,2,2,5,2,0,
7633,2,2,5,2,1,99
7634,4,4,11,3,0,
7635,4,4,2,4,0,
7636,2,2,5,2,0,
7637,4,3,2,4,0,
7638,1,3,11,3,0,
7639,6,6,2,4,0,
7640,2,2,5,2,0,
7641,3,4,11,3,1,70
7642,2,2,5,2,0,
7643,3,3,11,3,1,99
7644,4,3,11,3,0,
7645,2,2,5,2,0,
7646,5,5,1,5,0,
7647,4,4,2,4,1,99
7648,1,1,7,1,0,
7649,3,3,11,3,0,
7650,2,2,5,2,0,
7651,3,3,11,3,0,
7652,2,2,5,2,0,
7653,2,2,5,2,0,
7654,3,3,11,3,0,
7655,4,6,2,4,0,
7656,4,6,2,4,0,
7657,5,4,5,2,0,
7658,4,4,2,4,0,
7659,3,3,11,3,1,99
7660,3,3,11,3,0,
7661,5,5,1,5,1,99
7662,3,3,11,3,1,97
7663,4,4,2,4,1,89
7664,3,2,5,2,0,
7665,3,3,11,3,1,99
7666,4,4,2,4,0,
7667,4,4,2,4,0,
7668,3,3,5,2,0,
7669,4,4,2,4,0,
7670,6,6,5,2,0,
7671,3,3,11,3,0,
7672,3,3,11,3,0,
7673,4,4,2,4,0,
7674,5,5,1,5,0,
7675,1,2,5,2,1,95
7676,4,4,2,4,0,
7677,3,2,5,2,0,
7678,3,2,11,3,1,83
7679,5,5,1,5,0,
7680,4,4,2,4,1,99
7681,3,3,11,3,1,99
7682,3,3,5,2,0,
7683,3,3,11,3,0,
7684,5,5,1,5,0,
7685,5,5,1,5,0,
7686,3,3,11,3,0,
7687,2,2,5,2,0,
7688,4,2,2,4,1,48
7689,4,4,2,4,0,
7690,4,4,2,4,0,
7691,3,3,11,3,0,
7692,4,4,2,4,0,
7693,3,2,11,3,1,98
7694,4,4,2,4,0,
7695,6,6,4,6,0,
7696,3,3,11,3,0,
7697,3,3,11,3,0,
7698,3,3,11,3,0,
7699,2,2,5,2,0,
7700,4,4,2,4,0,
7701,3,3,11,3,0,
7702,3,3,11,3,1,99
7703,3,2,5,2,1,86
7704,5,5,1,5,0,
7705,3,3,11,3,0,
7706,6,6,2,4,1,99
7707,4,4,2,4,0,
7708,4,4,2,4,0,
7709,3,4,11,3,0,
7710,3,3,11,3,0,
7711,4,4,7,1,1,91
7712,5,5,1,5,0,
7713,4,3,11,3,0,
7714,4,4,2,4,0,
7715,3,3,11,3,0,
7716,2,2,5,2,0,
7717,1,1,7,1,0,
7718,2,3,11,3,1,96
7719,6,6,2,4,0,
7720,4,4,7,1,1,62
7721,3,3,11,3,1,84
7722,4,4,2,4,0,
7723,3,2,11,3,0,
7724,5,5,1,5,0,
7725,4,4,2,4,1,83
7726,4,4,2,4,0,
7727,3,2,5,2,0,
7728,4,4,2,4,0,
7729,4,4,7,1,0,
7730,3,3,11,3,1,99
7731,3,3,11,3,0,
7732,3,3,8,8,0,
7733,6,6,11,3,0,
7734,3,3,11,3,0,
7735,4,4,2,4,0,
7736,1,1,7,1,0,
7737,1,1,7,1,1,99
7738,2,2,5,2,0,
7739,5,5,1,5,1,99
7740,3,3,11,3,0,
7741,3,3,11,3,0,
7742,4,4,11,3,0,
7743,3,3,11,3,0,
7744,4,6,2,4,1,98
7745,3,3,11,3,1,99
7746,2,2,5,2,1,99
7747,4,4,2,4,0,
7748,4,4,5,2,0,
7749,3,3,11,3,0,
7750,2,2,5,2,0,
7751,3,3,11,3,1,99
7752,3,4,2,4,0,
7753,2,2,11,3,0,
7754,3,3,11,3,0,
7755,3,3,11,3,0,
7756,1,4,2,4,1,87
7757,4,4,2,4,1,99
7758,5,8,1,5,0,
7759,2,2,5,2,1,50
7760,3,3,11,3,0,
7761,5,5,1,5,0,
7762,1,3,7,1,0,
7763,4,4,2,4,0,
7764,4,4,2,4,0,
7765,4,4,2,4,0,
7766,2,2,5,2,0,
7767,3,4,11,3,0,
7768,2,2,5,2,1,99
7769,2,2,5,2,0,
7770,4,4,11,3,1,97
7771,1,1,7,1,0,
7772,4,4,2,4,0,
7773,3,3,11,3,0,
7774,3,2,11,3,0,
7775,3,3,11,3,1,99
7776,6,3,2,4,0,
7777,3,3,11,3,0,
7778,5,5,1,5,0,
7779,2,2,5,2,0,
7780,4,4,2,4,0,
7781,3,3,11,3,0,
7782,5,5,1,5,0,
7783,3,3,11,3,1,99
7784,4,4,2,4,0,
7785,3,2,2,4,0,
7786,3,3,11,3,0,
7787,3,3,11,3,1,99
7788,3,3,2,4,0,
7789,2,2,11,3,0,
7790,2,2,5,2,0,
7791,2,2,5,2,0,
7792,3,2,11,3,0,
7793,2,2,5,2,0,
7794,3,3,5,2,1,62
7795,2,3,11,3,0,
7796,2,2,5,2,1,99
7797,3,8,8,8,0,
7798,3,3,5,2,0,
7799,4,4,2,4,1,68
7800,3,3,5,2,0,
7801,2,2,5,2,0,
7802,4,4,2,4,0,
7803,3,3,11,3,0,
7804,4,1,2,4,0,
7805,3,3,11,3,0,
7806,3,3,11,3,0,
7807,3,2,5,2,0,
7808,2,2,5,2,0,
7809,3,3,11,3,0,
7810,3,3,11,3,1,83
7811,3,3,8,8,1,93
7812,3,2,11,3,0,
7813,4,4,2,4,0,
7814,2,2,5,2,1,99
7815,3,3,11,3,0,
7816,3,1,5,2,0,
7817,1,1,7,1,0,
7818,3,3,11,3,1,99
7819,3,3,11,3,0,
7820,4,2,7,1,0,
7821,3,3,11,3,1,99
7822,4,4,5,2,0,
7823,3,3,11,3,0,
7824,3,3,11,3,0,
7825,4,2,2,4,0,
7826,1,2,7,1,0,
7827,3,3,11,3,0,
7828,3,3,11,3,1,99
7829,2,2,5,2,1,98
7830,3,3,11,3,1,99
7831,4,4,2,4,1,99
7832,4,6,2,4,1,99
7833,4,4,2,4,0,
7834,4,4,2,4,0,
7835,3,3,11,3,0,
7836,1,1,7,1,0,
7837,1,1,7,1,0,
7838,3,2,11,3,0,
7839,4,4,2,4,0,
7840,3,3,11,3,1,97
7841,3,3,11,3,0,
7842,3,3,11,3,0,
7843,3,3,11,3,0,
7844,4,4,2,4,0,
7845,2,2,5,2,0,
7846,4,4,11,3,0,
7847,3,3,5,2,0,
7848,3,3,11,3,0,
7849,3,3,11,3,0,
7850,4,4,2,4,0,
7851,1,3,11,3,0,
7852,3,3,5,2,0,
7853,3,3,11,3,0,
7854,3,2,11,3,1,97
7855,2,3,11,3,0,
7856,5,5,1,5,1,99
7857,3,8,8,8,0,
7858,2,2,5,2,0,
7859,3,3,11,3,0,
7860,3,3,11,3,0,
7861,6,2,5,2,0,
7862,3,3,11,3,0,
7863,3,3,11,3,0,
7864,2,2,5,2,0,
7865,3,3,7,1,0,
7866,3,3,11,3,0,
7867,4,4,2,4,0,
7868,3,3,11,3,0,
7869,3,3,11,3,0,
7870,3,3,11,3,0,
7871,4,4,2,4,1,98
7872,4,4,2,4,0,
7873,3,3,11,3,0,
7874,6,6,2,4,0,
7875,3,3,5,2,0,
7876,3,3,2,4,0,
7877,4,4,2,4,0,
7878,3,3,11,3,0,
7879,3,3,11,3,0,
7880,3,3,8,8,0,
7881,3,3,11,3,0,
7882,3,3,11,3,1,99
7883,4,4,2,4,0,
7884,3,2,11,3,0,
7885,5,5,1,5,0,
7886,3,3,11,3,0,
7887,4,4,11,3,0,
7888,1,1,7,1,0,
7889,3,2,5,2,0,
7890,2,2,5,2,0,
7891,3,3,11,3,0,
7892,2,2,2,4,0,
7893,3,3,11,3,0,
7894,3,2,5,2,0,
7895,1,1,7,1,0,
7896,3,3,11,3,1,99
7897,4,4,2,4,0,
7898,2,2,5,2,0,
7899,4,3,11,3,0,
7900,4,4,2,4,0,
7901,3,3,11,3,1,98
7902,4,4,11,3,0,
7903,6,6,11,3,0,
7904,1,1,7,1,0,
7905,6,6,5,2,0,
7906,3,3,5,2,0,
7907,3,3,11,3,0,
7908,3,3,11,3,1,99
7909,4,4,2,4,0,
7910,4,4,2,4,0,
7911,3,3,11,3,1,98
7912,2,2,5,2,0,
7913,3,3,7,1,0,
7914,4,3,2,4,0,
7915,3,2,11,3,1,54
7916,2,2,5,2,0,
7917,2,2,5,2,0,
7918,3,3,11,3,0,
7919,2,2,5,2,0,
7920,3,3,11,3,0,
7921,4,4,2,4,1,99
7922,3,3,11,3,1,91
7923,4,2,5,2,0,
7924,2,2,5,2,1,99
7925,4,6,2,4,0,
7926,3,3,11,3,1,98
7927,2,2,5,2,0,
7928,4,4,2,4,0,
7929,3,3,11,3,0,
7930,2,2,5,2,1,94
7931,4,4,2,4,0,
7932,3,3,11,3,0,
7933,4,4,2,4,0,
7934,2,2,5,2,0,
7935,6,6,2,4,0,
7936,5,5,1,5,0,
7937,2,2,5,2,0,
7938,4,4,2,4,0,
7939,2,2,5,2,0,
7940,3,3,11,3,0,
7941,5,5,1,5,0,
7942,2,2,5,2,0,
7943,2,2,5,2,0,
7944,3,3,11,3,1,99
7945,2,2,5,2,1,75
7946,3,3,11,3,0,
7947,4,4,2,4,0,
7948,4,4,11,3,0,
7949,2,2,5,2,1,90
7950,3,3,11,3,0,
7951,6,6,2,4,0,
7952,4,4,11,3,0,
7953,3,3,11,3,0,
7954,3,3,11,3,0,
7955,2,3,5,2,0,
7956,3,3,11,3,1,99
7957,3,3,8,8,0,
7958,4,4,2,4,1,99
7959,4,4,2,4,0,
7960,5,5,1,5,0,
7961,4,4,2,4,0,
7962,3,3,11,3,0,
7963,3,3,11,3,0,
7964,3,3,11,3,0,
7965,3,3,11,3,0,
7966,3,3,11,3,0,
7967,1,1,7,1,0,
7968,2,2,5,2,0,
7969,4,4,11,3,1,96
7970,5,5,1,5,1,100
7971,2,2,5,2,0,
7972,3,3,11,3,0,
7973,4,4,2,4,0,
7974,5,5,1,5,1,100
7975,4,4,2,4,0,
7976,3,3,11,3,1,98
7977,2,2,5,2,0,
7978,2,2,5,2,0,
7979,6,2,5,2,0,
7980,2,2,5,2,1,99
7981,3,3,11,3,1,99
7982,3,3,11,3,0,
7983,4,4,2,4,0,
7984,2,2,5,2,1,99
7985,2,2,5,2,0,
7986,3,3,11,3,0,
7987,3,3,11,3,0,
7988,4,4,2,4,1,99
7989,3,3,11,3,0,
7990,2,3,5,2,0,
7991,3,2,11,3,0,
7992,6,6,2,4,0,
7993,3,3,11,3,0,
7994,3,3,5,2,0,
7995,3,2,11,3,0,
7996,3,3,2,4,0,
7997,3,3,11,3,0,
7998,3,3,11,3,0,
7999,2,2,11,3,0,
8000,3,3,11,3,0,
8001,4,4,2,4,0,
8002,3,3,11,3,0,
8003,2,2,5,2,1,99
8004,3,3,11,3,0,
8005,4,4,2,4,0,
8006,5,5,1,5,0,
8007,3,2,11,3,0,
8008,6,6,2,4,0,
8009,4,3,11,3,1,82
8010,3,3,11,3,0,
8011,6,4,2,4,0,
8012,3,6,2,4,0,
8013,3,2,11,3,0,
8014,3,3,11,3,1,99
8015,4,4,2,4,0,
8016,2,2,5,2,0,
8017,3,3,11,3,0,
8018,3,3,11,3,1,99
8019,2,2,5,2,0,
8020,2,2,5,2,0,
8021,4,4,2,4,0,
8022,4,4,2,4,0,
8023,1,1,7,1,0,
8024,2,2,5,2,0,
8025,4,4,2,4,1,99
8026,3,3,11,3,0,
8027,4,4,2,4,0,
8028,4,4,2,4,0,
8029,4,4,2,4,0,
8030,3,2,5,2,0,
8031,2,2,5,2,0,
8032,3,3,11,3,0,
8033,4,3,11,3,0,
8034,3,3,11,3,0,
8035,2,2,1,5,0,
8036,2,2,5,2,1,99
8037,5,5,1,5,0,
8038,3,3,11,3,0,
8039,2,2,5,2,0,
8040,2,2,5,2,0,
8041,1,2,7,1,0,
8042,3,2,11,3,0,
8043,4,4,2,4,0,
8044,1,3,7,1,0,
8045,3,3,11,3,0,
8046,4,4,2,4,1,97
8047,3,3,11,3,0,
8048,4,4,11,3,1,80
8049,2,2,5,2,0,
8050,3,3,11,3,0,
8051,4,4,2,4,0,
8052,4,3,11,3,0,
8053,4,4,2,4,0,
8054,3,3,11,3,0,
8055,1,3,7,1,0,
8056,3,3,11,3,1,99
8057,4,2,2,4,0,
8058,1,1,7,1,0,
8059,1,2,5,2,0,
8060,3,6,11,3,0,
8061,4,4,2,4,1,96
8062,3,3,11,3,0,
8063,2,2,5,2,1,99
8064,3,3,11,3,0,
8065,2,2,5,2,0,
8066,6,6,2,4,0,
8067,3,3,11,3,0,
8068,3,2,11,3,0,
8069,4,4,11,3,0,
8070,3,3,11,3,1,95
8071,3,3,11,3,0,
8072,4,4,2,4,0,
8073,3,3,11,3,0,
8074,4,4,2,4,0,
8075,3,3,11,3,0,
8076,2,4,5,2,0,
8077,4,3,11,3,0,
8078,4,4,2,4,0,
8079,4,4,2,4,0,
8080,4,4,2,4,0,
8081,2,2,5,2,0,
8082,3,3,11,3,0,
8083,4,4,2,4,0,
8084,3,3,11,3,1,99
8085,4,4,2,4,0,
8086,3,3,11,3,0,
8087,1,1,7,1,0,
8088,1,1,7,1,0,
8089,4,4,2,4,0,
8090,3,3,11,3,0,
8091,3,2,11,3,0,
8092,4,4,2,4,0,
8093,4,4,2,4,0,
8094,1,8,11,3,0,
8095,4,4,11,3,1,98
8096,4,4,2,4,0,
8097,4,4,2,4,0,
8098,2,2,5,2,0,
8099,2,2,5,2,0,
8100,4,4,2,4,0,
8101,2,2,5,2,0,
8102,3,3,11,3,0,
8103,2,2,5,2,1,99
8104,3,3,11,3,0,
8105,3,3,11,3,0,
8106,4,4,2,4,1,97
8107,2,2,5,2,0,
8108,3,3,11,3,0,
8109,3,3,11,3,1,99
8110,3,3,11,3,1,99
8111,6,6,11,3,0,
8112,3,3,11,3,0,
8113,4,4,2,4,0,
8114,4,4,2,4,0,
8115,2,2,5,2,0,
8116,4,4,2,4,0,
8117,3,3,11,3,0,
8118,3,3,11,3,0,
8119,2,2,5,2,1,99
8120,4,4,11,3,1,99
8121,3,2,5,2,0,
8122,6,6,2,4,1,99
8123,3,3,11,3,1,99
8124,1,1,11,3,0,
8125,1,1,5,2,0,
8126,4,2,2,4,0,
8127,5,5,1,5,1,99
8128,2,2,5,2,1,99
8129,3,3,11,3,0,
8130,3,3,11,3,0,
8131,1,1,7,1,0,
8132,4,4,2,4,1,99
8133,3,3,11,3,0,
8134,4,4,2,4,1,87
8135,4,4,11,3,0,
8136,3,3,11,3,0,
8137,3,3,5,2,0,
8138,3,3,11,3,0,
8139,3,3,11,3,0,
8140,2,2,5,2,0,
8141,5,5,0,0,0,
8142,3,4,11,3,0,
8143,3,4,2,4,0,
8144,3,2,11,3,0,
8145,4,4,2,4,0,
8146,3,3,11,3,1,99
8147,4,4,2,4,0,
8148,4,1,2,4,1,83
8149,4,4,2,4,0,
8150,3,3,5,2,1,85
8151,2,2,5,2,1,99
8152,1,3,7,1,0,
8153,3,3,11,3,0,
8154,2,2,5,2,1,61
8155,3,3,11,3,0,
8156,2,2,5,2,0,
8157,6,6,2,4,1,99
8158,2,2,5,2,0,
8159,4,3,11,3,0,
8160,3,3,11,3,0,
8161,4,4,2,4,0,
8162,2,2,5,2,1,99
8163,5,5,1,5,0,
8164,4,4,2,4,0,
8165,4,4,2,4,1,99
8166,4,4,11,3,0,
8167,3,3,11,3,1,99
8168,4,4,2,4,0,
8169,2,2,5,2,0,
8170,3,3,11,3,0,
8171,2,2,5,2,0,
8172,2,2,5,2,0,
8173,3,2,2,4,0,
8174,4,3,2,4,0,
8175,3,3,11,3,0,
8176,4,4,2,4,1,92
8177,6,6,2,4,0,
8178,2,2,5,2,0,
8179,2,2,5,2,0,
8180,3,3,5,2,0,
8181,1,1,7,1,0,
8182,4,4,11,3,0,
8183,4,4,2,4,0,
8184,2,3,5,2,0,
8185,4,4,2,4,0,
8186,5,5,1,5,0,
8187,3,3,11,3,1,99
8188,6,6,2,4,0,
8189,2,2,5,2,0,
8190,4,4,2,4,0,
8191,3,3,11,3,0,
8192,3,3,11,3,0,
8193,3,3,11,3,0,
8194,3,3,11,3,0,
8195,4,4,2,4,0,
8196,4,3,11,3,0,
8197,2,2,5,2,0,
8198,2,2,5,2,1,99
8199,4,4,11,3,1,98
8200,1,1,7,1,0,
8201,3,2,11,3,0,
8202,4,3,11,3,0,
8203,6,2,5,2,0,
8204,1,2,7,1,0,
8205,4,3,11,3,0,
8206,4,4,5,2,0,
8207,3,3,11,3,0,
8208,4,2,2,4,1,42
8209,2,2,5,2,0,
8210,4,4,2,4,0,
8211,3,3,11,3,1,69
8212,3,2,5,2,0,
8213,5,5,1,5,0,
8214,2,2,5,2,0,
8215,2,2,5,2,1,99
8216,3,2,11,3,1,99
8217,4,4,2,4,0,
8218,3,3,11,3,0,
8219,3,2,11,3,1,92
8220,2,2,5,2,0,
8221,3,3,11,3,1,83
8222,2,2,11,3,1,60
8223,2,2,5,2,0,
8224,3,3,11,3,1,99
8225,4,4,2,4,0,
8226,2,2,5,2,0,
8227,2,2,5,2,0,
8228,2,2,5,2,0,
8229,4,4,11,3,0,
8230,3,2,11,3,0,
8231,2,2,5,2,0,
8232,3,3,11,3,0,
8233,3,3,11,3,0,
8234,3,3,11,3,0,
8235,2,2,5,2,0,
8236,3,3,5,2,0,
8237,2,2,5,2,1,99
8238,2,2,5,2,0,
8239,3,3,11,3,0,
8240,2,2,5,2,1,99
8241,3,3,11,3,0,
8242,4,4,2,4,0,
8243,3,3,11,3,0,
8244,2,2,5,2,0,
8245,2,2,5,2,0,
8246,4,4,2,4,1,99
8247,3,3,11,3,1,92
8248,3,6,5,2,0,
8249,3,3,11,3,1,99
8250,3,2,7,1,0,
8251,3,3,11,3,0,
8252,3,3,11,3,0,
8253,2,2,5,2,0,
8254,3,3,5,2,0,
8255,4,4,2,4,0,
8256,3,4,2,4,1,151
8257,3,3,11,3,0,
8258,2,2,5,2,0,
8259,6,6,2,4,0,
8260,5,5,1,5,0,
8261,3,3,11,3,0,
8262,3,3,11,3,0,
8263,4,4,2,4,0,
8264,2,2,5,2,0,
8265,3,3,11,3,0,
8266,2,2,5,2,0,
8267,5,5,1,5,1,99
8268,6,6,4,6,0,
8269,3,3,11,3,0,
8270,3,4,2,4,0,
8271,1,1,7,1,0,
8272,4,4,2,4,0,
8273,4,4,2,4,0,
8274,5,5,1,5,0,
8275,3,3,11,3,0,
8276,4,2,2,4,0,
8277,3,3,11,3,1,83
8278,2,2,5,2,0,
8279,3,3,11,3,0,
8280,5,6,7,1,0,
8281,3,2,5,2,1,53
8282,4,4,2,4,0,
8283,5,5,1,5,0,
8284,1,1,7,1,1,99
8285,2,2,5,2,0,
8286,3,3,11,3,0,
8287,4,4,2,4,0,
8288,4,4,2,4,0,
8289,6,4,2,4,0,
8290,4,4,11,3,0,
8291,3,3,11,3,0,
8292,3,3,11,3,0,
8293,4,4,2,4,0,
8294,2,2,5,2,0,
8295,5,5,1,5,0,
8296,3,3,11,3,0,
8297,3,3,11,3,1,99
8298,4,4,2,4,0,
8299,4,4,2,4,1,87
8300,2,2,5,2,0,
8301,4,4,2,4,0,
8302,2,2,5,2,0,
8303,8,5,11,3,0,
8304,6,2,5,2,0,
8305,2,2,5,2,0,
8306,3,3,11,3,0,
8307,6,6,2,4,0,
8308,3,2,11,3,0,
8309,3,2,11,3,0,
8310,2,2,5,2,0,
8311,3,3,11,3,1,99
8312,3,3,11,3,0,
8313,4,3,2,4,0,
8314,4,4,2,4,0,
8315,4,4,2,4,1,99
8316,1,2,7,1,1,60
8317,4,4,2,4,0,
8318,4,4,2,4,0,
8319,4,2,5,2,0,
8320,3,3,11,3,0,
8321,1,1,7,1,0,
8322,4,4,2,4,1,98
8323,5,5,1,5,0,
8324,1,1,7,1,1,98
8325,6,3,11,3,0,
8326,2,2,5,2,0,
8327,3,4,11,3,0,
8328,2,2,5,2,0,
8329,4,8,2,4,0,
8330,4,4,2,4,0,
8331,4,4,2,4,0,
8332,4,3,2,4,0,
8333,2,2,5,2,0,
8334,6,6,2,4,0,
8335,3,3,11,3,0,
8336,2,2,5,2,0,
8337,3,3,11,3,0,
8338,3,3,11,3,0,
8339,6,6,2,4,1,99
8340,5,6,11,3,0,
8341,1,1,7,1,0,
8342,2,2,5,2,1,99
8343,3,3,11,3,0,
8344,2,2,5,2,0,
8345,3,3,11,3,0,
8346,2,2,5,2,0,
8347,4,4,2,4,0,
8348,4,4,2,4,0,
8349,4,6,2,4,0,
8350,3,3,11,3,0,
8351,5,5,1,5,1,100
8352,2,2,5,2,0,
8353,2,2,5,2,0,
8354,3,3,11,3,0,
8355,4,4,2,4,0,
8356,3,3,11,3,1,99
8357,6,6,2,4,1,100
8358,3,3,11,3,0,
8359,4,4,2,4,0,
8360,4,4,2,4,0,
8361,3,3,11,3,1,99
8362,3,3,11,3,0,
8363,3,3,11,3,0,
8364,3,3,11,3,0,
8365,3,3,11,3,0,
8366,3,3,11,3,0,
8367,4,4,2,4,0,
8368,3,2,11,3,0,
8369,3,3,11,3,1,96
8370,3,3,11,3,0,
8371,3,4,2,4,0,
8372,3,3,11,3,0,
8373,4,4,2,4,0,
8374,3,3,11,3,0,
8375,6,3,4,6,0,
8376,3,2,5,2,0,
8377,4,4,2,4,1,93
8378,2,2,5,2,1,99
8379,4,4,2,4,0,
8380,4,4,11,3,0,
8381,4,3,11,3,0,
8382,3,3,11,3,0,
8383,3,2,11,3,0,
8384,1,4,7,1,0,
8385,6,2,11,3,1,47
8386,3,3,11,3,0,
8387,1,1,7,1,0,
8388,3,4,2,4,0,
8389,3,3,11,3,0,
8390,4,4,2,4,1,151
8391,5,5,1,5,0,
8392,3,3,11,3,0,
8393,4,4,2,4,0,
8394,3,6,11,3,0,
8395,2,2,5,2,0,
8396,3,3,11,3,0,
8397,3,1,5,2,0,
8398,1,1,11,3,1,86
8399,3,3,11,3,0,
8400,2,2,5,2,0,
8401,3,3,11,3,0,
8402,3,3,11,3,0,
8403,6,6,2,4,0,
8404,3,3,5,2,0,
8405,4,3,11,3,0,
8406,5,0,1,5,0,
8407,5,5,1,5,0,
8408,2,2,5,2,0,
8409,3,3,11,3,0,
8410,4,4,2,4,0,
8411,3,3,11,3,1,99
8412,3,3,11,3,0,
8413,3,3,11,3,0,
8414,2,2,5,2,1,211
8415,4,4,2,4,0,
8416,3,3,11,3,0,
8417,2,2,5,2,0,
8418,2,2,5,2,1,98
8419,2,2,5,2,0,
8420,5,5,1,5,0,
8421,4,3,11,3,0,
8422,2,2,5,2,0,
8423,3,3,11,3,1,99
8424,4,2,5,2,0,
8425,3,3,11,3,0,
8426,2,2,5,2,0,
8427,2,2,5,2,0,
8428,4,4,2,4,1,151
8429,4,4,7,1,0,
8430,3,3,11,3,0,
8431,3,3,11,3,0,
8432,3,3,11,3,0,
8433,3,3,11,3,0,
8434,3,3,11,3,0,
8435,3,3,11,3,0,
8436,3,3,11,3,0,
8437,4,4,2,4,0,
8438,5,5,1,5,0,
8439,4,4,2,4,0,
8440,3,2,11,3,1,97
8441,3,3,11,3,0,
8442,2,2,5,2,0,
8443,3,4,2,4,1,84
8444,4,4,11,3,1,98
8445,6,6,2,4,1,100
8446,3,3,11,3,0,
8447,3,3,11,3,1,99
8448,3,3,11,3,0,
8449,3,3,11,3,0,
8450,3,3,11,3,0,
8451,3,3,11,3,0,
8452,4,4,2,4,0,
8453,4,4,2,4,0,
8454,3,3,11,3,0,
8455,5,5,1,5,0,
8456,1,1,7,1,0,
8457,3,3,11,3,0,
8458,3,2,5,2,0,
8459,4,3,2,4,0,
8460,3,3,11,3,1,99
8461,4,3,2,4,0,
8462,2,2,5,2,0,
8463,3,3,11,3,0,
8464,2,2,5,2,0,
8465,4,3,11,3,1,99
8466,2,2,11,3,0,
8467,4,4,2,4,0,
8468,4,4,2,4,0,
8469,6,6,11,3,0,
8470,5,5,1,5,0,
8471,3,3,11,3,0,
8472,2,2,5,2,0,
8473,4,4,2,4,0,
8474,3,3,11,3,0,
8475,5,5,1,5,0,
8476,2,2,5,2,0,
8477,3,3,11,3,0,
8478,3,3,11,3,0,
8479,3,3,11,3,0,
8480,2,2,5,2,1,99
8481,4,4,11,3,0,
8482,8,3,8,8,0,
8483,4,4,2,4,0,
8484,3,3,11,3,1,97
8485,2,2,5,2,0,
8486,4,2,5,2,1,71
8487,4,4,2,4,0,
8488,4,4,2,4,0,
8489,3,4,2,4,0,
8490,3,4,11,3,0,
8491,3,2,2,4,0,
8492,4,4,2,4,0,
8493,4,4,2,4,0,
8494,1,1,7,1,0,
8495,2,2,5,2,0,
8496,2,2,5,2,1,99
8497,4,4,2,4,0,
8498,5,4,7,1,0,
8499,4,4,2,4,0,
8500,4,3,11,3,0,
8501,2,2,5,2,0,
8502,3,2,5,2,0,
8503,3,3,11,3,0,
8504,6,6,2,4,0,
8505,4,4,11,3,0,
8506,3,3,11,3,0,
8507,6,6,2,4,1,99
8508,3,2,11,3,0,
8509,3,3,11,3,0,
8510,4,4,2,4,0,
8511,3,3,11,3,0,
8512,1,4,2,4,1,49
8513,3,3,11,3,1,99
8514,5,5,1,5,0,
8515,4,4,2,4,0,
8516,1,2,11,3,0,
8517,5,5,4,6,0,
8518,2,3,11,3,0,
8519,2,2,5,2,0,
8520,3,3,11,3,0,
8521,2,2,5,2,0,
8522,4,4,2,4,0,
8523,2,2,5,2,0,
8524,6,4,2,4,0,
8525,3,3,11,3,0,
8526,3,4,11,3,0,
8527,4,4,2,4,0,
8528,3,2,11,3,0,
8529,3,3,5,2,0,
8530,4,4,2,4,0,
8531,3,3,11,3,0,
8532,3,3,11,3,0,
8533,5,0,1,5,0,
8534,3,2,11,3,0,
8535,4,3,11,3,0,
8536,3,3,5,2,1,99
8537,4,4,2,4,0,
8538,3,3,11,3,0,
8539,3,3,11,3,0,
8540,4,4,2,4,0,
8541,5,5,1,5,0,
8542,3,3,11,3,0,
8543,3,3,11,3,0,
8544,3,3,11,3,0,
8545,2,2,5,2,0,
8546,2,2,5,2,0,
8547,1,3,11,3,0,
8548,4,4,2,4,1,99
8549,3,3,11,3,0,
8550,3,3,11,3,0,
8551,4,4,2,4,1,99
8552,4,4,2,4,0,
8553,4,4,2,4,0,
8554,2,2,5,2,0,
8555,3,3,11,3,0,
8556,4,4,2,4,0,
8557,3,2,7,1,0,
8558,3,3,11,3,0,
8559,4,4,2,4,0,
8560,4,4,2,4,0,
8561,2,2,5,2,0,
8562,4,4,11,3,0,
8563,4,4,2,4,0,
8564,2,2,5,2,0,
8565,2,2,5,2,0,
8566,5,5,1,5,1,100
8567,2,2,5,2,1,97
8568,2,2,5,2,0,
8569,3,3,11,3,0,
8570,2,2,5,2,0,
8571,2,2,5,2,0,
8572,4,3,2,4,0,
8573,3,3,11,3,0,
8574,3,2,5,2,0,
8575,4,4,2,4,0,
8576,3,4,11,3,1,151
8577,4,4,2,4,1,99
8578,4,1,11,3,0,
8579,3,4,2,4,0,
8580,1,2,7,1,0,
8581,4,4,11,3,0,
8582,3,3,11,3,0,
8583,6,6,11,3,0,
8584,3,3,11,3,0,
8585,3,3,11,3,0,
8586,2,2,5,2,0,
8587,5,5,1,5,0,
8588,3,3,11,3,0,
8589,4,3,2,4,0,
8590,6,6,2,4,0,
8591,4,2,5,2,0,
8592,4,4,2,4,0,
8593,4,4,2,4,1,212
8594,3,3,11,3,1,99
8595,3,3,8,8,0,
8596,4,4,2,4,0,
8597,2,2,5,2,0,
8598,1,8,7,1,0,
8599,3,3,11,3,0,
8600,5,5,1,5,0,
8601,2,2,5,2,0,
8602,5,5,1,5,0,
8603,3,1,7,1,0,
8604,1,1,1,5,1,91
8605,2,2,5,2,0,
8606,3,3,11,3,0,
8607,3,3,11,3,0,
8608,8,3,11,3,0,
8609,5,5,1,5,0,
8610,2,2,5,2,0,
8611,2,2,5,2,0,
8612,5,5,1,5,0,
8613,3,3,11,3,0,
8614,3,3,11,3,1,99
8615,3,3,11,3,1,99
8616,2,2,5,2,0,
8617,4,6,11,3,1,81
8618,4,4,2,4,1,96
8619,2,2,5,2,1,99
8620,4,4,2,4,0,
8621,8,8,8,8,0,
8622,5,5,1,5,0,
8623,4,4,11,3,0,
8624,4,4,2,4,1,151
8625,3,4,2,4,0,
8626,6,4,2,4,0,
8627,3,3,11,3,0,
8628,3,4,11,3,0,
8629,2,2,5,2,1,98
8630,2,2,5,2,0,
8631,2,2,5,2,0,
8632,2,2,11,3,0,
8633,3,3,11,3,0,
8634,5,5,1,5,0,
8635,3,3,11,3,0,
8636,4,4,2,4,0,
8637,2,2,5,2,0,
8638,3,3,11,3,0,
8639,2,2,5,2,0,
8640,3,2,11,3,0,
8641,4,4,2,4,0,
8642,3,3,11,3,0,
8643,1,1,7,1,0,
8644,4,4,2,4,0,
8645,5,5,1,5,0,
8646,4,4,2,4,0,
8647,5,5,1,5,0,
8648,4,2,11,3,0,
8649,8,8,11,3,0,
8650,2,3,5,2,0,
8651,4,4,2,4,0,
8652,4,3,11,3,1,99
8653,5,5,1,5,0,
8654,4,4,2,4,0,
8655,1,1,7,1,0,
8656,4,4,1,5,0,
8657,3,2,2,4,0,
8658,4,3,11,3,0,
8659,2,2,5,2,0,
8660,5,5,1,5,0,
8661,2,2,5,2,0,
8662,6,4,2,4,0,
8663,6,6,2,4,1,99
8664,3,2,11,3,0,
8665,2,2,5,2,0,
8666,3,3,11,3,1,99
8667,3,3,11,3,0,
8668,4,4,2,4,1,92
8669,2,2,5,2,0,
8670,3,3,8,8,0,
8671,4,4,2,4,0,
8672,2,2,5,2,1,99
8673,4,4,2,4,0,
8674,3,3,11,3,0,
8675,2,2,5,2,1,56
8676,2,2,5,2,1,93
8677,4,4,2,4,0,
8678,3,3,11,3,0,
8679,4,4,2,4,0,
8680,3,3,5,2,1,99
8681,1,1,7,1,0,
8682,4,4,2,4,0,
8683,3,3,11,3,0,
8684,3,2,11,3,1,99
8685,3,3,11,3,0,
8686,3,3,11,3,0,
8687,4,3,11,3,0,
8688,6,6,2,4,0,
8689,4,4,2,4,0,
8690,3,3,11,3,0,
8691,4,4,2,4,0,
8692,6,6,2,4,0,
8693,3,4,11,3,0,
8694,4,4,2,4,0,
8695,2,2,2,4,0,
8696,2,2,5,2,0,
8697,3,3,11,3,0,
8698,3,3,11,3,0,
8699,3,2,5,2,0,
8700,3,2,5,2,0,
8701,3,3,11,3,0,
8702,2,2,5,2,0,
8703,2,2,5,2,1,211
8704,1,2,11,3,0,
8705,3,3,11,3,0,
8706,3,3,5,2,0,
8707,2,2,5,2,0,
8708,4,4,2,4,0,
8709,3,3,11,3,0,
8710,4,4,2,4,1,92
8711,4,4,2,4,0,
8712,4,4,2,4,0,
8713,3,3,11,3,0,
8714,2,2,5,2,0,
8715,3,3,11,3,0,
8716,4,4,2,4,1,99
8717,4,4,11,3,0,
8718,3,4,2,4,0,
8719,6,2,5,2,0,
8720,3,2,11,3,1,52
8721,3,3,11,3,0,
8722,4,4,2,4,0,
8723,4,4,2,4,0,
8724,4,3,11,3,0,
8725,3,3,11,3,0,
8726,2,2,5,2,1,99
8727,6,2,11,3,0,
8728,3,2,11,3,0,
8729,2,2,5,2,0,
8730,3,3,11,3,0,
8731,1,1,7,1,0,
8732,2,2,5,2,0,
8733,2,2,5,2,1,98
8734,4,4,2,4,1,99
8735,2,2,5,2,1,99
8736,3,3,5,2,0,
8737,6,6,4,6,0,
8738,3,2,11,3,0,
8739,3,3,11,3,1,99
8740,4,4,2,4,1,98
8741,4,4,2,4,0,
8742,3,3,11,3,0,
8743,4,4,2,4,0,
8744,3,3,11,3,1,99
8745,3,3,11,3,0,
8746,1,1,7,1,1,99
8747,4,4,2,4,0,
8748,3,2,11,3,1,96
8749,5,5,1,5,0,
8750,3,3,11,3,0,
8751,3,3,1,5,1,68
8752,3,3,11,3,0,
8753,3,3,11,3,0,
8754,4,4,11,3,1,95
8755,3,3,11,3,0,
8756,3,3,5,2,0,
8757,2,2,5,2,1,99
8758,3,3,11,3,0,
8759,2,2,5,2,1,74
8760,1,1,7,1,0,
8761,3,3,11,3,0,
8762,3,2,11,3,0,
8763,2,2,5,2,0,
8764,4,4,2,4,0,
8765,6,6,4,6,0,
8766,1,8,2,4,0,
8767,3,3,11,3,0,
8768,1,2,2,4,0,
8769,6,6,2,4,0,
8770,1,1,7,1,1,82
8771,4,3,11,3,0,
8772,3,4,11,3,0,
8773,4,4,2,4,0,
8774,3,3,11,3,0,
8775,4,4,2,4,0,
8776,5,5,1,5,0,
8777,2,2,5,2,0,
8778,4,4,2,4,0,
8779,3,5,1,5,0,
8780,5,5,1,5,0,
8781,3,3,11,3,0,
8782,3,2,7,1,0,
8783,4,3,2,4,0,
8784,2,2,5,2,0,
8785,4,4,2,4,0,
8786,2,2,5,2,0,
8787,4,4,2,4,0,
8788,2,2,5,2,0,
8789,3,3,11,3,0,
8790,2,2,5,2,0,
8791,3,3,11,3,0,
8792,1,3,11,3,0,
8793,5,5,1,5,0,
8794,3,3,11,3,0,
8795,3,3,11,3,0,
8796,1,1,7,1,1,67
8797,3,3,11,3,0,
8798,2,2,5,2,1,99
8799,4,3,11,3,1,53
8800,1,3,7,1,1,93
8801,3,3,11,3,0,
8802,3,3,11,3,0,
8803,4,6,2,4,0,
8804,4,4,2,4,0,
8805,3,2,11,3,0,
8806,5,5,1,5,0,
8807,1,1,7,1,0,
8808,3,3,11,3,0,
8809,3,3,5,2,0,
8810,3,3,11,3,0,
8811,1,4,7,1,0,
8812,2,2,5,2,1,99
8813,4,4,2,4,0,
8814,4,4,2,4,0,
8815,3,8,11,3,0,
8816,2,2,5,2,0,
8817,4,6,4,6,0,
8818,6,6,2,4,0,
8819,4,4,2,4,0,
8820,4,4,2,4,0,
8821,3,3,5,2,0,
8822,4,3,11,3,0,
8823,4,4,2,4,0,
8824,3,3,11,3,0,
8825,2,2,5,2,1,99
8826,4,4,2,4,0,
8827,3,3,11,3,0,
8828,3,3,11,3,0,
8829,4,4,11,3,0,
8830,2,2,5,2,1,96
8831,3,2,7,1,0,
8832,5,5,1,5,0,
8833,3,3,11,3,1,97
8834,4,3,11,3,0,
8835,3,3,11,3,0,
8836,2,2,5,2,0,
8837,4,4,2,4,0,
8838,3,3,11,3,0,
8839,3,3,11,3,0,
8840,3,3,11,3,0,
8841,3,3,11,3,0,
8842,3,3,11,3,0,
8843,3,3,11,3,1,99
8844,4,4,2,4,0,
8845,4,4,2,4,0,
8846,1,1,7,1,1,98
8847,4,4,11,3,1,99
8848,2,2,5,2,0,
8849,3,3,11,3,0,
8850,3,3,11,3,1,55
8851,3,4,11,3,0,
8852,1,3,11,3,1,54
8853,5,0,1,5,1,
8854,3,4,11,3,1,151
8855,2,2,5,2,0,
8856,4,4,2,4,0,
8857,5,5,1,5,0,
8858,6,6,2,4,0,
8859,3,3,11,3,1,99
8860,4,4,11,3,0,
8861,2,2,5,2,1,98
8862,3,2,11,3,0,
8863,1,1,2,4,0,
8864,3,3,11,3,0,
8865,4,4,2,4,0,
8866,4,3,11,3,0,
8867,4,6,2,4,1,98
8868,3,3,11,3,0,
8869,5,5,1,5,0,
8870,3,3,11,3,1,99
8871,2,2,5,2,0,
8872,5,5,1,5,0,
8873,2,2,5,2,0,
8874,3,3,11,3,0,
8875,4,4,2,4,0,
8876,4,4,2,4,0,
8877,2,2,11,3,0,
8878,2,2,5,2,0,
8879,4,3,2,4,0,
8880,3,3,11,3,0,
8881,4,4,2,4,1,99
8882,4,4,11,3,0,
8883,4,4,11,3,0,
8884,2,3,11,3,0,
8885,5,5,1,5,0,
8886,3,3,11,3,0,
8887,2,2,5,2,0,
8888,3,3,11,3,1,97
8889,5,5,1,5,1,99
8890,2,2,5,2,0,
8891,4,4,2,4,0,
8892,3,3,11,3,0,
8893,3,3,11,3,0,
8894,2,2,5,2,0,
8895,1,3,11,3,0,
8896,2,2,5,2,0,
8897,3,4,11,3,0,
8898,4,4,2,4,0,
8899,3,3,11,3,0,
8900,2,2,5,2,0,
8901,3,3,11,3,1,98
8902,6,6,2,4,1,99
8903,2,2,5,2,0,
8904,4,6,2,4,0,
8905,4,4,2,4,0,
8906,4,4,2,4,0,
8907,3,3,11,3,0,
8908,3,3,11,3,0,
8909,4,4,2,4,0,
8910,4,4,11,3,0,
8911,2,2,5,2,0,
8912,3,3,11,3,0,
8913,4,4,2,4,0,
8914,2,2,5,2,0,
8915,3,2,11,3,0,
8916,3,3,11,3,0,
8917,2,2,5,2,1,99
8918,3,3,11,3,0,
8919,5,6,1,5,0,
8920,1,1,7,1,0,
8921,3,3,11,3,0,
8922,3,3,11,3,0,
8923,3,3,11,3,1,76
8924,1,1,7,1,0,
8925,3,3,11,3,0,
8926,4,3,11,3,0,
8927,3,3,5,2,0,
8928,1,8,7,1,0,
8929,4,4,11,3,1,99
8930,3,8,5,2,0,
8931,2,2,5,2,0,
8932,2,2,5,2,0,
8933,3,3,11,3,0,
8934,3,3,11,3,0,
8935,4,2,2,4,0,
8936,2,2,7,1,0,
8937,4,4,2,4,0,
8938,3,2,5,2,0,
8939,4,4,2,4,1,99
8940,3,4,2,4,1,75
8941,2,2,5,2,1,99
8942,3,3,11,3,1,99
8943,3,2,5,2,0,
8944,3,3,11,3,0,
8945,3,3,11,3,0,
8946,2,2,5,2,0,
8947,4,4,11,3,0,
8948,4,4,2,4,1,151
8949,5,5,1,5,0,
8950,4,4,11,3,0,
8951,4,4,2,4,0,
8952,3,3,11,3,0,
8953,5,5,1,5,0,
8954,3,3,11,3,1,96
8955,3,3,11,3,1,99
8956,2,2,5,2,0,
8957,3,2,5,2,0,
8958,3,3,11,3,0,
8959,3,3,11,3,1,99
8960,3,3,11,3,0,
8961,5,5,1,5,0,
8962,2,2,5,2,0,
8963,1,2,5,2,0,
8964,3,3,11,3,0,
8965,3,3,11,3,0,
8966,4,3,2,4,1,151
8967,3,3,11,3,0,
8968,4,4,2,4,1,151
8969,4,4,2,4,0,
8970,3,3,11,3,0,
8971,3,2,2,4,1,58
8972,4,4,2,4,1,96
8973,4,4,11,3,0,
8974,4,4,2,4,0,
8975,3,2,5,2,0,
8976,4,4,2,4,0,
8977,6,6,5,2,0,
8978,4,4,11,3,0,
8979,5,5,1,5,0,
8980,2,2,5,2,1,99
8981,2,2,5,2,0,
8982,2,2,5,2,0,
8983,3,3,2,4,0,
8984,3,3,11,3,1,99
8985,2,2,5,2,0,
8986,3,3,11,3,0,
8987,3,6,5,2,0,
8988,4,4,2,4,0,
8989,3,3,5,2,0,
8990,3,3,11,3,0,
8991,3,3,11,3,0,
8992,4,4,2,4,0,
8993,3,3,5,2,0,
8994,3,3,11,3,0,
8995,2,2,5,2,0,
8996,2,2,5,2,0,
8997,6,6,2,4,1,99
8998,4,4,2,4,0,
8999,4,3,11,3,0,
9000,4,4,11,3,0,
9001,3,3,11,3,0,
9002,3,3,11,3,0,
9003,3,3,11,3,0,
9004,3,3,11,3,0,
9005,4,4,2,4,0,
9006,4,4,2,4,1,99
9007,2,2,5,2,0,
9008,3,3,11,3,0,
9009,4,4,2,4,0,
9010,6,2,5,2,0,
9011,3,3,11,3,0,
9012,2,2,5,2,0,
9013,3,4,2,4,0,
9014,6,6,2,4,0,
9015,4,4,2,4,0,
9016,2,2,5,2,0,
9017,4,6,2,4,0,
9018,4,4,2,4,0,
9019,4,4,2,4,0,
9020,4,4,2,4,0,
9021,3,3,11,3,0,
9022,3,3,11,3,0,
9023,4,6,2,4,0,
9024,4,4,2,4,1,97
9025,4,3,11,3,0,
9026,4,4,2,4,1,98
9027,4,4,2,4,1,98
9028,3,3,11,3,1,98
9029,2,2,5,2,0,
9030,6,6,2,4,0,
9031,3,3,11,3,1,97
9032,2,2,5,2,0,
9033,3,3,11,3,1,99
9034,4,4,2,4,0,
9035,3,3,11,3,0,
9036,2,2,5,2,0,
9037,3,2,11,3,0,
9038,6,6,2,4,1,99
9039,3,2,5,2,0,
9040,3,3,11,3,0,
9041,3,3,11,3,1,99
9042,3,2,11,3,0,
9043,6,4,2,4,0,
9044,1,1,7,1,0,
9045,4,4,2,4,0,
9046,4,4,11,3,0,
9047,3,3,11,3,1,76
9048,3,2,11,3,0,
9049,4,4,2,4,0,
9050,2,2,5,2,0,
9051,3,3,11,3,0,
9052,4,3,11,3,0,
9053,2,3,5,2,0,
9054,2,2,5,2,0,
9055,5,5,1,5,0,
9056,3,3,11,3,0,
9057,4,4,2,4,0,
9058,3,3,11,3,0,
9059,4,4,2,4,0,
9060,2,2,5,2,0,
9061,4,4,2,4,0,
9062,4,4,2,4,0,
9063,2,2,5,2,1,99
9064,2,2,5,2,1,99
9065,5,5,1,5,0,
9066,5,5,1,5,0,
9067,4,4,2,4,0,
9068,3,3,11,3,0,
9069,3,2,11,3,1,99
9070,4,3,2,4,1,71
9071,4,4,2,4,1,82
9072,2,2,5,2,0,
9073,4,4,2,4,0,
9074,6,6,2,4,0,
9075,4,4,2,4,0,
9076,2,2,5,2,0,
9077,3,2,11,3,0,
9078,1,1,7,1,1,99
9079,3,2,11,3,0,
9080,4,4,2,4,0,
9081,3,2,5,2,0,
9082,4,4,11,3,0,
9083,3,3,11,3,0,
9084,3,6,5,2,0,
9085,2,2,5,2,1,99
9086,3,3,11,3,0,
9087,2,2,5,2,0,
9088,4,2,2,4,1,46
9089,4,3,2,4,0,
9090,3,3,11,3,1,96
9091,3,1,5,2,0,
9092,2,3,5,2,0,
9093,2,2,5,2,0,
9094,6,6,2,4,0,
9095,3,2,7,1,0,
9096,2,2,5,2,0,
9097,4,4,2,4,0,
9098,4,4,2,4,1,93
9099,4,4,2,4,0,
9100,6,6,2,4,1,99
9101,3,3,11,3,0,
9102,5,5,1,5,0,
9103,4,3,7,1,0,
9104,3,3,11,3,0,
9105,6,3,11,3,1,99
9106,4,4,2,4,0,
9107,4,4,2,4,0,
9108,3,2,11,3,0,
9109,4,4,2,4,0,
9110,3,3,11,3,0,
9111,3,3,11,3,0,
9112,5,5,1,5,0,
9113,3,3,11,3,0,
9114,2,2,5,2,0,
9115,1,1,7,1,0,
9116,4,4,2,4,0,
9117,3,3,11,3,0,
9118,4,4,2,4,0,
9119,5,5,1,5,0,
9120,2,2,5,2,1,93
9121,2,2,5,2,0,
9122,4,4,2,4,0,
9123,1,1,7,1,0,
9124,3,3,11,3,0,
9125,3,3,11,3,0,
9126,3,3,11,3,1,99
9127,1,3,2,4,0,
9128,1,1,7,1,0,
9129,3,3,11,3,0,
9130,2,2,5,2,1,99
9131,3,3,7,1,0,
9132,3,3,11,3,0,
9133,3,3,11,3,0,
9134,4,4,2,4,0,
9135,4,4,11,3,1,99
9136,2,2,5,2,0,
9137,2,2,5,2,0,
9138,5,5,1,5,0,
9139,3,3,11,3,0,
9140,2,2,5,2,0,
9141,4,4,2,4,0,
9142,3,3,11,3,0,
9143,3,3,11,3,0,
9144,3,3,11,3,0,
9145,3,3,11,3,0,
9146,3,3,11,3,0,
9147,4,4,2,4,0,
9148,4,4,2,4,0,
9149,1,1,11,3,0,
9150,2,2,11,3,0,
9151,4,4,2,4,1,99
9152,3,3,11,3,0,
9153,3,3,11,3,1,89
9154,3,3,11,3,0,
9155,5,5,1,5,0,
9156,4,4,2,4,0,
9157,4,4,2,4,0,
9158,3,3,11,3,0,
9159,3,3,11,3,0,
9160,6,6,5,2,0,
9161,4,4,2,4,0,
9162,4,4,2,4,0,
9163,3,3,11,3,0,
9164,5,5,1,5,0,
9165,4,4,11,3,0,
9166,3,3,11,3,1,99
9167,4,4,11,3,0,
9168,3,3,11,3,0,
9169,3,3,11,3,0,
9170,3,2,11,3,0,
9171,3,3,11,3,0,
9172,2,2,5,2,0,
9173,2,2,5,2,1,71
9174,4,3,11,3,0,
9175,3,3,11,3,0,
9176,3,3,11,3,1,96
9177,3,3,11,3,0,
9178,4,4,2,4,1,99
9179,2,2,5,2,1,99
9180,2,2,5,2,0,
9181,3,2,11,3,0,
9182,6,6,2,4,0,
9183,3,2,5,2,0,
9184,1,1,7,1,0,
9185,1,1,2,4,0,
9186,3,3,8,8,0,
9187,2,2,5,2,0,
9188,3,3,11,3,0,
9189,2,2,5,2,0,
9190,6,6,4,6,0,
9191,4,4,2,4,0,
9192,2,2,5,2,0,
9193,3,3,11,3,0,
9194,5,5,1,5,0,
9195,3,3,11,3,0,
9196,2,2,5,2,1,74
9197,4,4,2,4,0,
9198,4,4,2,4,0,
9199,3,3,11,3,0,
9200,1,1,7,1,0,
9201,3,2,5,2,1,67
9202,2,2,5,2,0,
9203,3,3,11,3,0,
9204,2,2,5,2,1,99
9205,4,4,11,3,0,
9206,4,4,2,4,0,
9207,3,3,5,2,0,
9208,3,3,11,3,1,46
9209,2,2,5,2,1,211
9210,2,2,5,2,0,
9211,4,3,11,3,0,
9212,3,3,11,3,0,
9213,3,3,11,3,0,
9214,3,3,11,3,0,
9215,3,3,11,3,0,
9216,1,1,7,1,0,
9217,2,2,5,2,1,99
9218,2,2,5,2,0,
9219,2,2,5,2,0,
9220,4,4,2,4,0,
9221,4,4,2,4,0,
9222,2,2,5,2,0,
9223,6,6,2,4,0,
9224,6,4,2,4,0,
9225,3,3,11,3,1,86
9226,6,2,5,2,0,
9227,4,4,2,4,1,99
9228,4,4,2,4,0,
9229,3,2,11,3,0,
9230,3,3,11,3,0,
9231,3,2,7,1,0,
9232,3,3,11,3,0,
9233,3,3,11,3,1,61
9234,3,3,11,3,1,98
9235,3,3,11,3,1,96
9236,3,2,5,2,0,
9237,4,4,2,4,1,96
9238,2,2,5,2,0,
9239,4,4,2,4,0,
9240,3,3,11,3,0,
9241,3,3,4,6,0,
9242,5,5,1,5,1,100
9243,3,3,11,3,0,
9244,3,3,11,3,0,
9245,2,2,5,2,1,66
9246,3,2,11,3,1,91
9247,2,2,5,2,0,
9248,2,2,5,2,0,
9249,2,2,5,2,0,
9250,2,2,5,2,0,
9251,4,4,2,4,1,99
9252,3,3,11,3,0,
9253,2,2,5,2,0,
9254,3,3,11,3,0,
9255,4,4,2,4,0,
9256,3,3,11,3,0,
9257,4,4,2,4,0,
9258,3,3,11,3,0,
9259,4,4,2,4,0,
9260,3,3,11,3,0,
9261,1,2,7,1,0,
9262,2,2,5,2,1,99
9263,4,4,2,4,1,151
9264,3,3,11,3,0,
9265,3,3,11,3,0,
9266,4,4,2,4,1,97
9267,4,4,2,4,0,
9268,4,4,2,4,0,
9269,2,2,5,2,0,
9270,4,4,2,4,0,
9271,4,4,2,4,0,
9272,3,2,11,3,0,
9273,4,4,2,4,0,
9274,3,2,5,2,0,
9275,3,3,11,3,1,99
9276,3,3,11,3,0,
9277,2,2,5,2,0,
9278,3,3,11,3,0,
9279,3,3,11,3,0,
9280,3,3,11,3,1,98
9281,4,4,2,4,0,
9282,3,2,5,2,1,58
9283,2,2,5,2,1,98
9284,6,6,4,6,1,99
9285,4,4,2,4,0,
9286,5,5,1,5,0,
9287,4,4,11,3,0,
9288,4,4,2,4,0,
9289,5,5,1,5,0,
9290,4,4,2,4,0,
9291,4,4,2,4,0,
9292,3,3,11,3,0,
9293,3,3,11,3,0,
9294,4,4,2,4,0,
9295,4,2,2,4,1,70
9296,2,2,5,2,1,99
9297,6,6,2,4,0,
9298,3,3,11,3,0,
9299,2,3,11,3,1,152
9300,4,4,2,4,1,99
9301,3,3,11,3,0,
9302,2,2,5,2,0,
9303,2,2,5,2,0,
9304,2,2,5,2,0,
9305,3,3,11,3,0,
9306,2,2,5,2,0,
9307,3,3,11,3,0,
9308,5,5,1,5,0,
9309,2,2,5,2,0,
9310,2,2,5,2,0,
9311,3,3,11,3,0,
9312,3,3,5,2,0,
9313,5,6,2,4,0,
9314,3,3,11,3,0,
9315,3,3,11,3,0,
9316,4,4,11,3,0,
9317,4,4,2,4,0,
9318,4,3,7,1,0,
9319,6,6,2,4,1,99
9320,5,5,1,5,0,
9321,3,3,11,3,1,93
9322,4,4,2,4,0,
9323,5,5,1,5,1,99
9324,3,3,11,3,0,
9325,4,4,2,4,0,
9326,3,3,11,3,1,95
9327,3,3,11,3,1,98
9328,3,3,11,3,0,
9329,3,3,11,3,0,
9330,4,4,2,4,0,
9331,4,4,2,4,1,99
9332,4,4,2,4,0,
9333,2,3,5,2,0,
9334,3,3,11,3,0,
9335,6,6,5,2,0,
9336,3,2,11,3,0,
9337,4,4,2,4,0,
9338,1,2,5,2,0,
9339,3,3,11,3,0,
9340,4,6,2,4,0,
9341,3,3,11,3,1,99
9342,3,3,11,3,1,99
9343,5,5,1,5,0,
9344,3,4,11,3,1,151
9345,4,4,2,4,0,
9346,4,4,2,4,0,
9347,2,2,5,2,0,
9348,1,1,7,1,1,99
9349,2,2,5,2,0,
9350,4,4,2,4,0,
9351,4,4,2,4,0,
9352,3,2,7,1,0,
9353,2,2,5,2,0,
9354,4,4,2,4,0,
9355,4,4,2,4,0,
9356,4,4,2,4,1,99
9357,2,2,5,2,0,
9358,3,3,11,3,1,99
9359,2,2,5,2,1,99
9360,3,3,11,3,0,
9361,4,4,11,3,0,
9362,3,3,11,3,1,151
9363,3,3,11,3,0,
9364,1,1,11,3,0,
9365,1,1,7,1,0,
9366,4,4,2,4,1,47
9367,3,3,11,3,1,99
9368,4,4,2,4,0,
9369,2,3,11,3,0,
9370,4,4,2,4,0,
9371,4,4,2,4,0,
9372,2,2,5,2,0,
9373,3,3,11,3,0,
9374,3,3,11,3,0,
9375,2,2,5,2,0,
9376,1,1,7,1,0,
9377,2,2,5,2,0,
9378,3,3,11,3,0,
9379,2,2,5,2,1,88
9380,3,3,11,3,1,99
9381,2,2,5,2,0,
9382,3,3,11,3,0,
9383,1,1,7,1,1,65
9384,3,3,7,1,0,
9385,3,2,11,3,0,
9386,4,4,2,4,0,
9387,3,3,11,3,0,
9388,5,0,1,5,0,
9389,3,3,11,3,1,99
9390,4,4,2,4,0,
9391,4,4,2,4,0,
9392,3,3,11,3,0,
9393,1,1,7,1,0,
9394,4,4,2,4,0,
9395,2,2,5,2,0,
9396,3,3,11,3,0,
9397,2,2,5,2,0,
9398,4,4,2,4,0,
9399,3,3,11,3,0,
9400,2,2,5,2,0,
9401,4,4,2,4,0,
9402,3,3,11,3,0,
9403,4,6,2,4,0,
9404,2,2,5,2,1,99
9405,2,2,5,2,0,
9406,5,6,11,3,0,
9407,4,4,11,3,0,
9408,4,3,11,3,1,98
9409,3,3,11,3,0,
9410,4,4,2,4,0,
9411,4,4,2,4,0,
9412,8,8,8,8,0,
9413,3,2,5,2,0,
9414,4,4,2,4,1,151
9415,4,4,11,3,0,
9416,3,3,11,3,0,
9417,5,5,1,5,0,
9418,2,2,5,2,0,
9419,3,3,11,3,0,
9420,2,2,5,2,1,98
9421,3,3,11,3,0,
9422,3,3,11,3,0,
9423,4,4,11,3,0,
9424,6,6,4,6,1,99
9425,3,2,11,3,0,
9426,2,2,5,2,1,99
9427,3,4,7,1,0,
9428,4,6,2,4,0,
9429,4,4,2,4,0,
9430,6,6,4,6,0,
9431,4,4,2,4,0,
9432,3,2,2,4,0,
9433,2,2,5,2,0,
9434,3,3,11,3,0,
9435,3,3,11,3,1,99
9436,3,3,11,3,1,99
9437,3,3,11,3,0,
9438,4,4,11,3,1,94
9439,3,3,11,3,0,
9440,6,6,4,6,0,
9441,3,3,11,3,0,
9442,2,2,5,2,0,
9443,4,4,2,4,0,
9444,3,3,8,8,1,99
9445,2,2,11,3,1,98
9446,1,4,2,4,1,152
9447,2,2,5,2,0,
9448,8,8,11,3,0,
9449,3,3,11,3,1,99
9450,4,4,2,4,0,
9451,5,5,1,5,0,
9452,3,3,11,3,0,
9453,2,2,5,2,0,
9454,4,4,11,3,0,
9455,2,2,5,2,0,
9456,3,3,11,3,0,
9457,2,2,5,2,0,
9458,4,4,2,4,1,151
9459,4,4,2,4,0,
9460,8,8,8,8,0,
9461,2,2,5,2,0,
9462,3,3,11,3,0,
9463,3,3,11,3,0,
9464,2,2,5,2,1,95
9465,3,3,11,3,1,97
9466,1,2,7,1,1,45
9467,1,1,11,3,1,92
9468,3,3,11,3,0,
9469,4,4,2,4,0,
9470,3,2,5,2,0,
9471,4,3,11,3,0,
9472,3,3,11,3,0,
9473,4,4,2,4,0,
9474,3,2,11,3,0,
9475,3,3,11,3,0,
9476,3,2,11,3,0,
9477,2,2,5,2,0,
9478,2,2,5,2,0,
9479,3,3,11,3,0,
9480,3,3,11,3,0,
9481,4,4,2,4,0,
9482,2,2,5,2,0,
9483,3,3,11,3,1,82
9484,3,2,11,3,1,98
9485,3,3,5,2,0,
9486,4,4,2,4,0,
9487,1,1,7,1,0,
9488,3,3,5,2,0,
9489,1,1,7,1,1,99
9490,4,4,11,3,0,
9491,3,3,11,3,0,
9492,4,4,2,4,0,
9493,3,4,11,3,1,96
9494,3,3,11,3,0,
9495,3,4,11,3,0,
9496,2,2,5,2,0,
9497,2,2,5,2,0,
9498,4,4,2,4,0,
9499,1,1,7,1,0,
9500,3,3,11,3,0,
9501,3,3,11,3,0,
9502,6,6,11,3,0,
9503,3,3,11,3,0,
9504,4,4,2,4,0,
9505,3,3,11,3,0,
9506,4,4,2,4,0,
9507,4,4,2,4,0,
9508,4,4,2,4,0,
9509,8,3,11,3,0,
9510,3,2,11,3,0,
9511,2,2,11,3,0,
9512,2,2,5,2,1,99
9513,6,4,2,4,0,
9514,3,3,11,3,0,
9515,3,3,11,3,0,
9516,2,2,5,2,0,
9517,5,5,1,5,0,
9518,2,2,5,2,0,
9519,4,4,2,4,0,
9520,3,3,11,3,1,78
9521,3,3,11,3,0,
9522,4,6,2,4,1,99
9523,1,2,11,3,0,
9524,3,3,11,3,0,
9525,3,2,5,2,0,
9526,5,5,1,5,0,
9527,2,2,5,2,0,
9528,3,3,11,3,1,97
9529,3,3,11,3,1,99
9530,3,3,11,3,0,
9531,4,4,2,4,0,
9532,6,6,2,4,0,
9533,3,3,11,3,0,
9534,5,5,1,5,1,99
9535,3,3,11,3,0,
9536,4,4,2,4,0,
9537,4,4,2,4,0,
9538,3,3,11,3,1,99
9539,2,2,5,2,0,
9540,1,2,7,1,1,93
9541,4,4,2,4,1,98
9542,3,2,11,3,1,98
9543,5,5,1,5,0,
9544,2,2,5,2,0,
9545,2,2,5,2,1,99
9546,5,5,1,5,1,100
9547,4,4,2,4,1,99
9548,2,2,5,2,0,
9549,3,3,11,3,1,99
9550,3,3,11,3,0,
9551,5,5,1,5,0,
9552,4,4,2,4,0,
9553,2,2,5,2,0,
9554,2,2,5,2,0,
9555,2,2,5,2,1,212
9556,3,3,11,3,0,
9557,5,6,1,5,1,74
9558,3,3,11,3,0,
9559,4,4,11,3,0,
9560,3,3,11,3,0,
9561,3,2,11,3,0,
9562,6,2,5,2,0,
9563,4,3,11,3,0,
9564,4,4,2,4,0,
9565,3,3,11,3,0,
9566,3,3,11,3,0,
9567,3,3,11,3,1,212
9568,4,4,2,4,0,
9569,1,6,7,1,0,
9570,3,3,11,3,0,
9571,3,3,11,3,0,
9572,6,6,2,4,0,
9573,5,5,1,5,0,
9574,3,3,11,3,0,
9575,1,1,7,1,0,
9576,3,3,11,3,0,
9577,3,3,11,3,0,
9578,4,4,2,4,1,99
9579,2,2,5,2,0,
9580,3,4,2,4,0,
9581,4,4,2,4,1,99
9582,3,3,11,3,0,
9583,5,2,11,3,0,
9584,3,3,11,3,1,99
9585,3,4,2,4,1,99
9586,4,4,11,3,0,
9587,3,3,11,3,0,
9588,2,2,5,2,0,
9589,4,4,2,4,0,
9590,3,3,11,3,0,
9591,4,4,2,4,0,
9592,4,4,2,4,0,
9593,4,4,2,4,0,
9594,3,3,11,3,0,
9595,3,3,11,3,0,
9596,4,4,2,4,0,
9597,2,2,11,3,0,
9598,8,8,8,8,0,
9599,3,3,11,3,0,
9600,2,2,5,2,1,99
9601,5,5,1,5,0,
9602,2,2,5,2,0,
9603,4,6,2,4,0,
9604,3,3,11,3,1,99
9605,4,3,11,3,1,98
9606,5,5,1,5,0,
9607,4,4,2,4,0,
9608,3,2,11,3,0,
9609,4,4,2,4,0,
9610,2,2,5,2,1,99
9611,2,2,5,2,0,
9612,3,3,11,3,1,99
9613,3,3,11,3,0,
9614,2,2,5,2,0,
9615,3,3,11,3,0,
9616,4,4,2,4,0,
9617,4,3,11,3,1,151
9618,3,2,11,3,0,
9619,3,2,11,3,0,
9620,5,5,1,5,1,100
9621,5,6,1,5,0,
9622,4,4,2,4,0,
9623,3,3,11,3,0,
9624,2,2,5,2,0,
9625,3,3,11,3,0,
9626,3,2,5,2,0,
9627,6,6,2,4,0,
9628,4,4,2,4,0,
9629,4,4,2,4,0,
9630,3,3,11,3,0,
9631,4,4,2,4,0,
9632,4,4,2,4,0,
9633,2,2,5,2,0,
9634,3,2,5,2,1,95
9635,3,4,2,4,0,
9636,4,4,2,4,0,
9637,4,3,11,3,1,151
9638,6,4,2,4,0,
9639,8,3,11,3,1,88
9640,2,2,5,2,1,99
9641,8,3,11,3,0,
9642,6,6,2,4,0,
9643,4,4,2,4,0,
9644,6,2,11,3,1,90
9645,5,5,1,5,0,
9646,3,4,11,3,0,
9647,4,4,2,4,1,78
9648,2,2,5,2,0,
9649,3,2,5,2,0,
9650,4,4,2,4,0,
9651,2,2,5,2,1,92
9652,3,3,11,3,0,
9653,3,3,11,3,0,
9654,3,3,11,3,0,
9655,3,3,11,3,0,
9656,4,4,2,4,0,
9657,2,2,5,2,0,
9658,3,3,11,3,0,
9659,6,4,4,6,0,
9660,6,6,11,3,0,
9661,3,3,11,3,0,
9662,4,4,2,4,0,
9663,1,1,7,1,1,99
9664,3,3,11,3,0,
9665,3,3,11,3,1,99
9666,2,2,5,2,0,
9667,5,5,1,5,0,
9668,6,6,2,4,0,
9669,3,3,11,3,1,99
9670,3,6,5,2,1,99
9671,4,4,2,4,0,
9672,4,4,2,4,0,
9673,3,2,5,2,0,
9674,3,3,11,3,0,
9675,3,3,11,3,1,98
9676,1,3,11,3,0,
9677,5,5,1,5,0,
9678,3,3,11,3,1,96
9679,3,4,11,3,0,
9680,4,4,2,4,0,
9681,3,3,11,3,0,
9682,3,3,11,3,1,99
9683,5,5,1,5,0,
9684,3,5,1,5,1,94
9685,5,5,1,5,0,
9686,1,2,5,2,0,
9687,4,4,2,4,1,99
9688,3,3,11,3,0,
9689,2,2,5,2,0,
9690,3,3,11,3,0,
9691,2,2,5,2,0,
9692,3,2,11,3,0,
9693,4,4,2,4,0,
9694,4,4,2,4,0,
9695,6,6,5,2,0,
9696,3,2,5,2,1,54
9697,1,1,7,1,0,
9698,2,2,5,2,1,96
9699,5,6,1,5,0,
9700,2,2,5,2,0,
9701,3,2,11,3,1,89
9702,3,3,5,2,0,
9703,3,3,5,2,0,
9704,4,4,2,4,0,
9705,4,4,2,4,1,43
9706,4,4,2,4,1,99
9707,3,3,11,3,0,
9708,3,3,11,3,0,
9709,2,2,5,2,0,
9710,3,3,11,3,0,
9711,6,6,2,4,0,
9712,4,4,11,3,0,
9713,3,3,11,3,0,
9714,4,4,2,4,0,
9715,4,4,2,4,1,98
9716,3,3,11,3,0,
9717,3,3,11,3,0,
9718,1,1,7,1,0,
9719,3,3,11,3,0,
9720,4,4,2,4,0,
9721,1,2,11,3,0,
9722,3,3,11,3,0,
9723,3,3,11,3,1,99
9724,3,3,11,3,0,
9725,4,6,2,4,0,
9726,2,2,5,2,0,
9727,3,3,11,3,0,
9728,4,4,2,4,0,
9729,8,8,8,8,0,
9730,4,4,11,3,0,
9731,3,3,11,3,0,
9732,3,3,11,3,1,46
9733,2,2,5,2,0,
9734,3,3,11,3,0,
9735,3,3,11,3,0,
9736,4,4,2,4,1,99
9737,4,4,2,4,0,
9738,3,3,11,3,1,99
9739,2,2,5,2,0,
9740,3,3,11,3,0,
9741,1,1,7,1,0,
9742,3,3,11,3,0,
9743,3,3,11,3,1,99
9744,1,1,7,1,1,89
9745,4,4,2,4,0,
9746,6,6,2,4,0,
9747,4,4,11,3,0,
9748,3,3,5,2,1,98
9749,3,3,5,2,0,
9750,4,4,11,3,0,
9751,4,4,11,3,1,99
9752,2,2,5,2,0,
9753,2,2,5,2,0,
9754,4,4,2,4,1,99
9755,4,3,2,4,1,152
9756,3,3,2,4,1,99
9757,4,3,2,4,1,80
9758,5,5,1,5,0,
9759,3,3,11,3,1,99
9760,3,3,11,3,0,
9761,3,3,11,3,1,99
9762,4,4,2,4,0,
9763,4,3,11,3,0,
9764,6,4,11,3,0,
9765,4,4,2,4,0,
9766,3,2,11,3,0,
9767,3,3,11,3,0,
9768,4,4,2,4,0,
9769,2,2,5,2,0,
9770,4,4,2,4,1,99
9771,5,5,1,5,0,
9772,3,2,11,3,0,
9773,3,3,11,3,1,97
9774,3,3,11,3,0,
9775,4,4,2,4,1,99
9776,2,2,5,2,1,99
9777,3,3,11,3,0,
9778,6,2,11,3,0,
9779,6,4,2,4,0,
9780,4,3,2,4,0,
9781,2,3,5,2,0,
9782,4,4,2,4,0,
9783,4,4,2,4,0,
9784,2,2,5,2,1,99
9785,2,2,5,2,1,99
9786,2,2,5,2,0,
9787,5,0,1,5,0,
9788,2,2,11,3,0,
9789,3,2,5,2,0,
9790,3,3,11,3,0,
9791,1,1,7,1,0,
9792,4,1,2,4,0,
9793,2,2,5,2,0,
9794,5,5,1,5,0,
9795,4,4,2,4,0,
9796,4,4,2,4,0,
9797,4,3,11,3,0,
9798,3,3,11,3,0,
9799,3,3,11,3,0,
9800,3,3,11,3,1,99
9801,3,3,11,3,0,
9802,3,3,11,3,0,
9803,4,4,2,4,0,
9804,2,2,5,2,0,
9805,6,6,2,4,0,
9806,3,3,11,3,1,96
9807,6,3,2,4,1,64
9808,2,2,5,2,0,
9809,4,4,2,4,0,
9810,2,2,5,2,0,
9811,3,3,11,3,1,97
9812,1,1,7,1,0,
9813,3,3,11,3,1,99
9814,3,2,2,4,1,54
9815,3,3,11,3,0,
9816,3,3,11,3,0,
9817,4,4,2,4,0,
9818,2,2,5,2,0,
9819,3,3,11,3,0,
9820,5,5,1,5,0,
9821,4,4,2,4,0,
9822,3,3,11,3,0,
9823,3,3,11,3,0,
9824,3,3,11,3,0,
9825,2,2,5,2,0,
9826,4,4,2,4,0,
9827,2,2,5,2,0,
9828,4,4,2,4,0,
9829,3,3,11,3,0,
9830,3,4,11,3,0,
9831,4,4,2,4,0,
9832,5,5,1,5,0,
9833,4,4,11,3,0,
9834,2,2,5,2,0,
9835,5,5,1,5,0,
9836,4,4,11,3,0,
9837,2,2,5,2,0,
9838,3,3,11,3,0,
9839,4,2,2,4,0,
9840,4,4,2,4,0,
9841,3,3,11,3,0,
9842,3,3,11,3,0,
9843,3,3,11,3,1,90
9844,3,3,11,3,0,
9845,4,4,2,4,0,
9846,1,4,2,4,1,99
9847,3,3,11,3,0,
9848,3,3,11,3,0,
9849,3,3,5,2,1,84
9850,3,3,5,2,0,
9851,8,3,8,8,0,
9852,3,3,11,3,0,
9853,4,4,2,4,1,93
9854,3,3,11,3,0,
9855,3,3,11,3,0,
9856,6,6,4,6,0,
9857,3,2,11,3,0,
9858,2,2,5,2,0,
9859,4,4,2,4,1,79
9860,5,5,1,5,1,99
9861,3,2,5,2,0,
9862,4,4,2,4,0,
9863,4,4,2,4,0,
9864,2,2,5,2,0,
9865,4,3,5,2,0,
9866,4,4,2,4,0,
9867,3,3,11,3,0,
9868,4,6,2,4,0,
9869,3,3,11,3,0,
9870,3,3,11,3,0,
9871,4,4,2,4,1,70
9872,2,2,5,2,1,99
9873,3,3,11,3,0,
9874,2,3,5,2,1,59
9875,3,3,11,3,1,92
9876,3,4,2,4,0,
9877,3,3,11,3,1,96
9878,3,3,5,2,0,
9879,3,3,11,3,0,
9880,5,5,1,5,0,
9881,3,3,11,3,1,99
9882,4,4,2,4,0,
9883,3,3,11,3,0,
9884,4,4,2,4,0,
9885,1,1,7,1,1,89
9886,4,4,2,4,0,
9887,4,3,2,4,0,
9888,3,3,11,3,0,
9889,4,3,11,3,0,
9890,6,4,2,4,0,
9891,3,3,11,3,0,
9892,3,3,11,3,0,
9893,1,1,7,1,1,96
9894,2,2,5,2,0,
9895,4,4,2,4,0,
9896,2,2,5,2,0,
9897,6,6,11,3,0,
9898,3,3,11,3,0,
9899,4,4,2,4,0,
9900,3,2,11,3,0,
9901,3,3,11,3,0,
9902,4,3,2,4,0,
9903,4,4,2,4,1,88
9904,2,2,5,2,0,
9905,4,4,2,4,1,99
9906,4,4,2,4,0,
9907,3,3,7,1,0,
9908,4,4,2,4,0,
9909,1,1,7,1,0,
9910,4,4,2,4,0,
9911,2,2,5,2,0,
9912,1,3,11,3,0,
9913,3,3,11,3,0,
9914,3,3,11,3,1,99
9915,3,3,11,3,0,
9916,2,2,5,2,1,71
9917,8,8,8,8,0,
9918,1,1,7,1,1,99
9919,3,3,11,3,0,
9920,1,1,7,1,0,
9921,2,2,5,2,1,98
9922,2,3,5,2,0,
9923,3,3,11,3,0,
9924,2,2,11,3,1,99
9925,2,2,5,2,0,
9926,2,2,5,2,0,
9927,1,1,7,1,0,
9928,3,3,11,3,0,
9929,8,8,8,8,0,
9930,2,2,5,2,0,
9931,4,4,11,3,0,
9932,3,3,11,3,0,
9933,2,2,11,3,0,
9934,3,3,11,3,0,
9935,3,3,11,3,0,
9936,3,3,11,3,0,
9937,4,4,2,4,0,
9938,3,3,5,2,0,
9939,3,3,11,3,0,
9940,6,6,2,4,0,
9941,2,2,5,2,0,
9942,3,3,5,2,0,
9943,3,2,5,2,0,
9944,4,4,2,4,0,
9945,4,4,11,3,0,
9946,4,4,2,4,0,
9947,2,2,5,2,1,97
9948,3,3,11,3,0,
9949,3,2,7,1,0,
9950,1,2,5,2,0,
9951,3,2,11,3,0,
9952,3,3,11,3,0,
9953,3,3,11,3,0,
9954,2,2,5,2,0,
9955,4,4,2,4,0,
9956,4,4,2,4,0,
9957,3,3,11,3,0,
9958,2,2,5,2,1,99
9959,4,4,2,4,0,
9960,4,6,11,3,0,
9961,1,3,7,1,0,
9962,3,2,5,2,0,
9963,2,2,5,2,0,
9964,3,3,11,3,1,99
9965,1,1,7,1,0,
9966,3,4,11,3,0,
9967,4,3,11,3,0,
9968,3,3,11,3,0,
9969,3,3,11,3,0,
9970,3,3,11,3,0,
9971,3,3,11,3,0,
9972,2,2,5,2,0,
9973,3,3,11,3,1,61
9974,3,3,11,3,0,
9975,4,4,2,4,0,
9976,2,2,5,2,0,
9977,3,6,11,3,1,99
9978,1,4,2,4,0,
9979,4,4,2,4,1,99
9980,2,2,5,2,0,
9981,3,3,11,3,0,
9982,2,2,5,2,1,94
9983,3,3,11,3,1,99
9984,3,3,11,3,0,
9985,3,3,11,3,0,
9986,2,2,5,2,0,
9987,8,8,8,8,0,
9988,3,3,11,3,1,82
9989,6,6,2,4,0,
9990,4,3,11,3,0,
9991,4,4,2,4,1,99
9992,2,2,5,2,1,95
9993,5,5,1,5,0,
9994,1,1,7,1,0,
9995,8,3,11,3,0,
9996,3,3,11,3,0,
9997,4,4,2,4,0,
9998,1,1,7,1,0,
9999,3,4,2,4,0,
10000,4,4,11,3,0,
10001,3,3,11,3,1,66
10002,3,3,11,3,0,
10003,3,3,11,3,0,
10004,5,5,1,5,0,
10005,2,2,5,2,0,
10006,3,8,11,3,0,
10007,2,2,5,2,1,99
10008,4,6,2,4,0,
10009,4,4,2,4,0,
10010,6,2,7,1,0,
10011,3,3,2,4,0,
10012,6,6,2,4,0,
10013,5,5,1,5,0,
10014,4,4,2,4,0,
10015,2,2,5,2,1,98
10016,3,3,11,3,0,
10017,4,4,11,3,0,
10018,6,4,2,4,1,95
10019,3,3,11,3,0,
10020,4,4,2,4,0,
10021,3,3,11,3,1,99
10022,4,4,2,4,1,99
10023,2,2,11,3,0,
10024,3,3,2,4,1,99
10025,5,5,1,5,0,
10026,3,3,11,3,1,92
10027,5,5,1,5,0,
10028,6,6,11,3,1,99
10029,4,4,11,3,0,
10030,3,3,11,3,0,
10031,2,2,5,2,0,
10032,4,4,11,3,0,
10033,3,3,11,3,0,
10034,3,2,5,2,0,
10035,3,1,11,3,0,
10036,5,5,1,5,0,
10037,3,3,11,3,0,
10038,2,2,5,2,0,
10039,3,2,5,2,0,
10040,4,4,11,3,0,
10041,4,4,2,4,0,
10042,4,4,2,4,1,99
10043,3,3,11,3,1,97
10044,6,6,11,3,1,99
10045,6,6,11,3,0,
10046,2,2,5,2,0,
10047,3,3,11,3,0,
10048,4,4,2,4,0,
10049,3,3,11,3,0,
10050,4,4,2,4,0,
10051,4,4,2,4,0,
10052,3,3,11,3,1,97
10053,2,2,5,2,0,
10054,3,6,5,2,0,
10055,2,2,5,2,0,
10056,4,4,2,4,0,
10057,2,2,5,2,0,
10058,4,4,2,4,0,
10059,2,2,5,2,1,99
10060,3,3,8,8,1,99
10061,6,2,5,2,0,
10062,3,3,11,3,0,
10063,4,3,2,4,0,
10064,4,4,2,4,1,99
10065,4,4,2,4,0,
10066,2,2,5,2,0,
10067,3,3,11,3,0,
10068,3,3,11,3,0,
10069,3,3,11,3,1,66
10070,4,4,2,4,0,
10071,3,3,11,3,0,
10072,4,4,2,4,0,
10073,6,4,2,4,1,98
10074,3,3,11,3,0,
10075,2,2,5,2,0,
10076,8,8,8,8,0,
10077,4,4,2,4,0,
10078,2,2,5,2,0,
10079,4,4,2,4,0,
10080,3,3,11,3,0,
10081,3,3,8,8,0,
10082,3,3,5,2,0,
10083,4,4,11,3,1,99
10084,3,3,11,3,0,
10085,4,4,2,4,0,
10086,4,3,11,3,1,82
10087,3,3,11,3,0,
10088,2,2,5,2,0,
10089,2,2,11,3,0,
10090,4,4,2,4,0,
10091,2,2,11,3,1,72
10092,3,3,11,3,0,
10093,3,3,11,3,1,99
10094,2,2,5,2,0,
10095,4,4,11,3,0,
10096,3,2,11,3,0,
10097,5,5,1,5,0,
10098,3,2,11,3,0,
10099,2,2,5,2,0,
10100,4,4,2,4,1,99
10101,8,8,8,8,0,
10102,4,4,2,4,0,
10103,4,6,2,4,1,99
10104,3,3,11,3,1,211
10105,6,6,2,4,0,
10106,3,2,11,3,0,
10107,3,3,11,3,0,
10108,3,1,5,2,1,66
10109,3,3,11,3,0,
10110,4,3,11,3,0,
10111,3,3,11,3,0,
10112,4,4,2,4,1,99
10113,3,3,11,3,0,
10114,3,3,11,3,0,
10115,3,3,11,3,0,
10116,2,2,5,2,0,
10117,2,2,5,2,0,
10118,5,5,1,5,0,
10119,2,2,5,2,0,
10120,3,2,11,3,0,
10121,4,3,5,2,0,
10122,3,2,11,3,1,98
10123,5,5,1,5,0,
10124,1,3,2,4,0,
10125,4,4,2,4,0,
10126,3,3,11,3,0,
10127,4,4,2,4,0,
10128,3,2,5,2,0,
10129,4,4,2,4,0,
10130,4,4,11,3,0,
10131,6,6,2,4,0,
10132,4,4,11,3,1,99
10133,4,4,2,4,0,
10134,1,4,7,1,1,49
10135,3,3,11,3,0,
10136,3,3,11,3,1,99
10137,4,4,2,4,0,
10138,2,2,11,3,0,
10139,4,4,2,4,0,
10140,6,6,4,6,0,
10141,6,6,2,4,0,
10142,2,2,5,2,0,
10143,3,3,11,3,1,99
10144,3,3,11,3,0,
10145,4,4,2,4,0,
10146,3,3,11,3,0,
10147,4,4,11,3,1,58
10148,3,2,2,4,0,
10149,3,3,11,3,0,
10150,4,4,2,4,0,
10151,3,2,11,3,0,
10152,3,3,11,3,0,
10153,3,2,5,2,0,
10154,4,4,2,4,0,
10155,2,2,5,2,0,
10156,4,4,2,4,1,87
10157,3,3,11,3,0,
10158,3,3,11,3,1,96
10159,4,4,2,4,0,
10160,2,2,5,2,0,
10161,3,3,11,3,0,
10162,4,4,2,4,0,
10163,6,6,2,4,0,
10164,2,2,11,3,0,
10165,3,3,11,3,1,99
10166,5,6,5,2,0,
10167,4,4,2,4,1,98
10168,3,3,11,3,0,
10169,4,4,2,4,0,
10170,4,3,11,3,1,99
10171,3,3,11,3,0,
10172,4,4,2,4,1,99
10173,5,5,1,5,0,
10174,3,2,11,3,0,
10175,4,1,7,1,0,
10176,1,1,7,1,1,99
10177,2,2,5,2,0,
10178,5,5,1,5,0,
10179,2,2,5,2,1,99
10180,1,1,2,4,1,75
10181,3,8,11,3,1,89
10182,3,3,11,3,0,
10183,3,3,11,3,0,
10184,3,3,11,3,1,212
10185,4,4,2,4,0,
10186,6,1,7,1,0,
10187,3,3,11,3,0,
10188,3,3,11,3,0,
10189,4,4,2,4,0,
10190,3,3,11,3,0,
10191,3,2,11,3,0,
10192,3,3,11,3,0,
10193,3,3,5,2,0,
10194,4,4,2,4,1,86
10195,4,4,2,4,1,99
10196,3,3,11,3,1,99
10197,3,3,11,3,0,
10198,3,3,11,3,1,99
10199,4,4,2,4,0,
10200,1,1,7,1,0,
10201,8,3,11,3,1,99
10202,4,4,11,3,0,
10203,4,1,2,4,0,
10204,3,2,5,2,0,
10205,3,3,11,3,0,
10206,4,4,2,4,0,
10207,2,2,5,2,0,
10208,4,4,2,4,0,
10209,3,3,11,3,1,99
10210,3,3,11,3,0,
10211,5,5,1,5,0,
10212,6,6,2,4,0,
10213,2,2,5,2,0,
10214,3,3,11,3,0,
10215,2,2,5,2,0,
10216,5,5,1,5,0,
10217,5,5,1,5,0,
10218,4,4,2,4,0,
10219,3,8,11,3,0,
10220,3,3,11,3,0,
10221,3,2,2,4,0,
10222,2,2,5,2,0,
10223,6,2,1,5,0,
10224,3,3,11,3,0,
10225,2,2,11,3,0,
10226,3,3,11,3,1,72
10227,6,4,2,4,0,
10228,2,2,5,2,0,
10229,2,2,5,2,0,
10230,3,3,11,3,0,
10231,6,6,2,4,1,99
10232,3,3,11,3,0,
10233,3,3,11,3,0,
10234,3,3,11,3,0,
10235,4,4,2,4,0,
10236,2,2,5,2,0,
10237,2,2,5,2,0,
10238,3,3,11,3,0,
10239,4,4,2,4,0,
10240,3,3,11,3,0,
10241,3,3,11,3,0,
10242,1,1,7,1,0,
10243,3,3,11,3,0,
10244,3,3,11,3,0,
10245,3,3,11,3,0,
10246,3,3,11,3,0,
10247,3,3,11,3,1,99
10248,3,3,11,3,0,
10249,2,2,5,2,0,
10250,3,2,5,2,0,
10251,3,2,5,2,0,
10252,4,3,2,4,0,
10253,4,4,2,4,0,
10254,2,2,5,2,0,
10255,2,2,5,2,0,
10256,3,3,11,3,0,
10257,4,4,11,3,0,
10258,2,2,5,2,0,
10259,3,3,11,3,0,
10260,4,4,2,4,0,
10261,4,4,2,4,0,
10262,3,3,11,3,0,
10263,3,3,11,3,0,
10264,3,3,11,3,1,99
10265,3,3,11,3,0,
10266,3,3,11,3,0,
10267,4,1,2,4,1,38
10268,3,3,11,3,0,
10269,6,2,5,2,0,
10270,3,3,11,3,0,
10271,4,4,2,4,0,
10272,4,4,2,4,0,
10273,4,4,2,4,0,
10274,3,3,11,3,0,
10275,2,2,5,2,0,
10276,6,6,2,4,0,
10277,3,2,11,3,0,
10278,5,5,1,5,0,
10279,2,2,5,2,0,
10280,6,6,5,2,1,99
10281,2,2,11,3,0,
10282,2,2,5,2,0,
10283,3,3,11,3,0,
10284,3,3,11,3,1,98
10285,3,3,11,3,0,
10286,2,2,5,2,0,
10287,3,3,11,3,0,
10288,3,3,11,3,0,
10289,4,3,11,3,0,
10290,3,3,11,3,0,
10291,4,4,2,4,0,
10292,3,3,11,3,0,
10293,2,2,5,2,0,
10294,2,2,5,2,0,
10295,1,1,7,1,0,
10296,4,4,2,4,0,
10297,2,2,5,2,0,
10298,3,3,11,3,0,
10299,3,3,2,4,0,
10300,4,4,2,4,0,
10301,4,4,2,4,0,
10302,4,3,11,3,0,
10303,3,3,11,3,0,
10304,3,3,11,3,0,
10305,1,1,7,1,0,
10306,2,2,5,2,0,
10307,3,2,5,2,0,
10308,4,4,2,4,0,
10309,2,2,11,3,0,
10310,1,3,2,4,0,
10311,4,4,2,4,0,
10312,4,4,11,3,1,99
10313,4,4,2,4,0,
10314,3,3,11,3,0,
10315,1,1,7,1,0,
10316,4,4,2,4,0,
10317,3,3,11,3,0,
10318,3,3,11,3,1,99
10319,4,4,2,4,0,
10320,2,2,5,2,0,
10321,4,4,2,4,0,
10322,4,4,2,4,0,
10323,4,3,11,3,0,
10324,2,2,5,2,0,
10325,4,4,2,4,1,98
10326,2,2,5,2,0,
10327,4,2,2,4,1,88
10328,4,4,2,4,1,99
10329,6,6,2,4,0,
10330,4,4,2,4,1,99
10331,3,3,11,3,0,
10332,4,4,2,4,0,
10333,2,2,5,2,0,
10334,3,3,5,2,0,
10335,4,4,2,4,0,
10336,3,2,2,4,0,
10337,3,3,11,3,1,82
10338,2,2,5,2,0,
10339,4,4,2,4,1,89
10340,2,2,5,2,0,
10341,3,3,11,3,1,99
10342,5,5,1,5,0,
10343,3,3,11,3,0,
10344,2,3,5,2,1,62
10345,3,3,11,3,0,
10346,3,3,11,3,0,
10347,4,2,11,3,0,
10348,2,2,5,2,0,
10349,3,3,11,3,1,97
10350,3,3,11,3,0,
10351,2,2,5,2,1,97
10352,4,4,2,4,0,
10353,3,3,11,3,0,
10354,2,2,5,2,0,
10355,4,4,2,4,1,94
10356,4,4,2,4,0,
10357,6,2,2,4,0,
10358,5,6,4,6,1,99
10359,2,2,5,2,0,
10360,4,3,11,3,1,63
10361,3,3,11,3,0,
10362,3,3,11,3,0,
10363,3,3,11,3,0,
10364,4,4,2,4,0,
10365,3,3,11,3,0,
10366,4,4,2,4,0,
10367,3,2,11,3,1,88
10368,4,1,7,1,0,
10369,4,6,2,4,1,100
10370,4,4,2,4,0,
10371,3,3,11,3,0,
10372,3,3,11,3,0,
10373,4,4,2,4,0,
10374,2,3,5,2,1,67
10375,3,3,11,3,0,
10376,4,4,2,4,0,
10377,3,3,11,3,0,
10378,6,2,5,2,0,
10379,4,2,5,2,1,84
10380,4,4,2,4,0,
10381,3,2,5,2,1,97
10382,3,2,11,3,1,99
10383,3,3,11,3,0,
10384,3,3,11,3,1,99
10385,3,3,11,3,0,
10386,3,2,5,2,1,96
10387,4,4,2,4,0,
10388,6,6,5,2,1,100
10389,4,6,2,4,0,
10390,3,3,11,3,0,
10391,1,3,5,2,1,78
10392,4,4,5,2,1,92
10393,3,3,11,3,0,
10394,3,2,5,2,0,
10395,3,2,11,3,0,
10396,3,3,11,3,0,
10397,6,6,2,4,0,
10398,2,2,11,3,0,
10399,3,3,11,3,0,
10400,4,4,11,3,0,
10401,4,4,2,4,0,
10402,3,3,11,3,0,
10403,4,2,5,2,0,
10404,4,4,2,4,0,
10405,3,4,11,3,1,151
10406,3,3,11,3,0,
10407,1,3,2,4,0,
10408,3,2,11,3,0,
10409,3,3,11,3,0,
10410,4,4,11,3,0,
10411,3,3,11,3,0,
10412,3,3,11,3,0,
10413,3,2,11,3,0,
10414,4,4,2,4,0,
10415,3,3,11,3,0,
10416,3,3,11,3,1,99
10417,4,4,2,4,0,
10418,3,3,11,3,1,99
10419,3,3,11,3,1,99
10420,4,4,2,4,0,
10421,6,6,2,4,0,
10422,5,5,1,5,0,
10423,3,3,11,3,1,98
10424,2,4,2,4,0,
10425,4,4,11,3,0,
10426,4,4,2,4,0,
10427,4,4,2,4,1,82
10428,6,3,11,3,0,
10429,3,3,11,3,0,
10430,3,3,11,3,1,99
10431,2,2,5,2,0,
10432,4,4,2,4,0,
10433,4,4,2,4,0,
10434,3,3,11,3,0,
10435,4,4,2,4,0,
10436,3,3,5,2,0,
10437,3,3,11,3,0,
10438,3,3,11,3,1,99
10439,5,5,1,5,0,
10440,4,4,2,4,0,
10441,3,3,11,3,0,
10442,3,3,11,3,0,
10443,3,3,11,3,0,
10444,2,2,5,2,0,
10445,4,2,5,2,1,64
10446,3,3,11,3,0,
10447,8,8,8,8,1,99
10448,3,3,11,3,0,
10449,2,2,5,2,1,96
10450,1,2,7,1,0,
10451,3,3,11,3,0,
10452,3,2,2,4,0,
10453,3,2,5,2,0,
10454,3,3,11,3,0,
10455,3,3,11,3,0,
10456,2,2,5,2,1,99
10457,3,3,11,3,0,
10458,4,3,11,3,1,152
10459,4,4,11,3,1,99
10460,2,2,5,2,0,
10461,3,3,11,3,1,98
10462,3,3,11,3,0,
10463,2,2,5,2,0,
10464,6,2,5,2,1,99
10465,2,2,5,2,1,98
10466,2,2,5,2,0,
10467,4,3,2,4,0,
10468,3,3,11,3,1,99
10469,3,3,8,8,0,
10470,4,4,2,4,0,
10471,4,4,2,4,0,
10472,4,4,2,4,0,
10473,2,2,5,2,0,
10474,4,2,5,2,0,
10475,3,3,11,3,0,
10476,3,3,11,3,1,99
10477,1,1,5,2,0,
10478,4,4,2,4,0,
10479,4,6,2,4,0,
10480,2,2,5,2,0,
10481,2,2,5,2,0,
10482,2,2,5,2,0,
10483,3,3,11,3,0,
10484,4,4,2,4,0,
10485,3,6,11,3,0,
10486,4,4,2,4,0,
10487,4,4,2,4,1,99
10488,4,3,11,3,0,
10489,3,3,11,3,0,
10490,3,4,11,3,0,
10491,3,3,11,3,0,
10492,3,3,11,3,0,
10493,3,3,11,3,1,99
10494,3,4,2,4,0,
10495,4,4,2,4,0,
10496,3,3,11,3,0,
10497,4,4,11,3,1,99
10498,4,4,2,4,0,
10499,2,2,5,2,0,
10500,4,4,11,3,1,99
10501,3,3,11,3,1,99
10502,3,4,11,3,0,
10503,5,5,1,5,0,
10504,5,5,1,5,0,
10505,4,4,2,4,0,
10506,3,3,11,3,0,
10507,2,2,5,2,0,
10508,3,3,11,3,1,95
10509,3,2,5,2,0,
10510,3,2,11,3,0,
10511,3,3,11,3,1,99
10512,3,3,11,3,0,
10513,6,6,2,4,0,
10514,4,4,2,4,1,99
10515,4,3,11,3,1,57
10516,1,1,2,4,1,89
10517,3,3,11,3,0,
10518,4,4,2,4,0,
10519,3,3,11,3,1,99
10520,3,3,11,3,1,92
10521,2,2,5,2,0,
10522,5,5,1,5,0,
10523,2,2,5,2,0,
10524,3,3,11,3,0,
10525,1,1,7,1,1,99
10526,4,4,2,4,0,
10527,3,3,11,3,1,99
10528,4,4,2,4,0,
10529,3,3,11,3,0,
10530,3,3,11,3,0,
10531,4,4,11,3,1,99
10532,3,3,11,3,0,
10533,3,3,11,3,0,
10534,1,3,7,1,0,
10535,3,2,11,3,1,52
10536,3,3,11,3,0,
10537,1,4,5,2,0,
10538,3,3,11,3,0,
10539,2,2,5,2,0,
10540,3,3,11,3,0,
10541,4,4,2,4,0,
10542,3,4,2,4,0,
10543,2,2,11,3,0,
10544,3,3,11,3,1,99
10545,4,4,2,4,1,96
10546,4,4,2,4,0,
10547,3,3,11,3,0,
10548,3,2,11,3,1,75
10549,1,1,7,1,0,
10550,4,4,11,3,0,
10551,3,3,11,3,1,99
10552,2,2,5,2,0,
10553,6,6,2,4,0,
10554,3,3,11,3,0,
10555,3,2,2,4,0,
10556,3,3,11,3,1,98
10557,3,3,11,3,0,
10558,4,4,2,4,0,
10559,8,3,11,3,1,99
10560,3,3,11,3,0,
10561,1,1,7,1,0,
10562,3,3,11,3,0,
10563,4,4,2,4,0,
10564,3,2,11,3,0,
10565,4,4,2,4,0,
10566,2,2,5,2,0,
10567,3,3,11,3,1,97
10568,3,3,11,3,1,96
10569,2,2,5,2,0,
10570,4,4,2,4,0,
10571,2,2,5,2,1,99
10572,4,3,11,3,0,
10573,2,2,5,2,0,
10574,2,2,5,2,0,
10575,3,3,11,3,1,54
10576,4,3,2,4,1,72
10577,3,5,4,6,0,
10578,4,4,2,4,0,
10579,3,2,11,3,0,
10580,4,4,2,4,0,
10581,4,4,2,4,0,
10582,3,3,11,3,0,
10583,3,3,5,2,1,97
10584,6,4,2,4,0,
10585,4,4,2,4,0,
10586,2,2,5,2,0,
10587,3,3,11,3,1,98
10588,3,3,11,3,0,
10589,2,2,5,2,0,
10590,5,5,1,5,0,
10591,2,6,5,2,0,
10592,4,4,2,4,1,65
10593,3,3,11,3,0,
10594,3,3,11,3,0,
10595,2,2,5,2,0,
10596,3,3,2,4,0,
10597,2,2,5,2,0,
10598,3,3,11,3,0,
10599,4,4,2,4,0,
10600,3,3,11,3,0,
10601,4,4,2,4,0,
10602,3,2,11,3,0,
10603,3,3,11,3,0,
10604,4,3,2,4,0,
10605,4,4,2,4,0,
10606,4,2,2,4,0,
10607,3,3,11,3,0,
10608,6,6,2,4,0,
10609,4,4,2,4,0,
10610,4,4,2,4,0,
10611,3,3,11,3,1,99
10612,3,3,11,3,0,
10613,3,3,11,3,0,
10614,2,2,5,2,0,
10615,2,2,5,2,0,
10616,3,3,11,3,0,
10617,2,2,5,2,0,
10618,1,1,5,2,0,
10619,3,3,11,3,0,
10620,3,3,11,3,1,99
10621,1,2,7,1,0,
10622,4,4,2,4,0,
10623,3,3,11,3,0,
10624,4,4,11,3,1,99
10625,4,4,11,3,0,
10626,4,1,7,1,0,
10627,2,2,5,2,1,99
10628,5,5,1,5,1,100
10629,6,6,2,4,0,
10630,6,6,2,4,0,
10631,2,2,5,2,0,
10632,4,4,2,4,1,98
10633,5,5,1,5,0,
10634,3,3,11,3,1,99
10635,3,3,11,3,1,99
10636,6,6,2,4,0,
10637,4,4,2,4,0,
10638,4,4,2,4,0,
10639,4,4,2,4,1,99
10640,2,2,5,2,0,
10641,6,6,4,6,0,
10642,3,3,11,3,0,
10643,2,2,5,2,0,
10644,3,3,11,3,1,99
10645,4,1,2,4,0,
10646,3,3,11,3,0,
10647,4,4,2,4,0,
10648,3,3,11,3,0,
10649,4,4,2,4,0,
10650,4,3,11,3,0,
10651,4,4,2,4,0,
10652,4,4,2,4,1,151
10653,4,3,11,3,0,
10654,2,2,5,2,1,95
10655,3,3,11,3,1,99
10656,6,2,11,3,0,
10657,1,1,7,1,0,
10658,4,4,2,4,1,97
10659,4,6,2,4,0,
10660,2,2,5,2,1,63
10661,4,4,11,3,0,
10662,4,4,2,4,0,
10663,4,3,11,3,0,
10664,4,4,2,4,0,
10665,3,2,11,3,0,
10666,4,4,2,4,0,
10667,3,3,11,3,0,
10668,4,4,2,4,0,
10669,3,3,11,3,0,
10670,3,3,11,3,0,
10671,4,4,2,4,0,
10672,2,2,7,1,0,
10673,4,4,2,4,1,99
10674,3,3,11,3,1,99
10675,3,3,11,3,0,
10676,4,4,2,4,0,
10677,5,5,1,5,0,
10678,4,4,2,4,0,
10679,3,3,11,3,0,
10680,2,2,5,2,1,99
10681,3,3,11,3,0,
10682,2,2,5,2,0,
10683,6,6,2,4,0,
10684,7,7,9,7,0,
10685,3,3,11,3,0,
10686,3,3,11,3,0,
10687,4,4,2,4,0,
10688,3,3,11,3,0,
10689,5,5,1,5,0,
10690,4,4,2,4,0,
10691,4,4,2,4,0,
10692,3,3,11,3,1,99
10693,4,2,5,2,0,
10694,4,4,11,3,0,
10695,4,4,2,4,0,
10696,4,4,2,4,0,
10697,2,2,5,2,0,
10698,3,2,2,4,1,58
10699,3,3,11,3,0,
10700,3,3,11,3,0,
10701,6,6,2,4,0,
10702,2,2,5,2,0,
10703,4,4,2,4,0,
10704,4,4,2,4,0,
10705,3,2,5,2,0,
10706,3,3,11,3,0,
10707,4,4,11,3,0,
10708,4,4,2,4,0,
10709,2,2,5,2,0,
10710,5,5,1,5,0,
10711,2,2,5,2,0,
10712,3,2,11,3,0,
10713,1,2,5,2,1,55
10714,3,3,11,3,0,
10715,2,2,5,2,0,
10716,4,4,2,4,0,
10717,3,3,11,3,0,
10718,4,4,2,4,0,
10719,5,0,1,5,1,
10720,4,4,2,4,1,97
10721,2,2,5,2,0,
10722,4,4,2,4,0,
10723,2,2,11,3,0,
10724,3,3,11,3,0,
10725,3,3,11,3,0,
10726,4,4,11,3,0,
10727,3,3,11,3,0,
10728,2,2,5,2,0,
10729,2,2,11,3,0,
10730,3,3,11,3,0,
10731,3,2,2,4,0,
10732,3,3,11,3,1,99
10733,4,4,2,4,0,
10734,3,3,11,3,1,99
10735,3,3,5,2,0,
10736,1,1,7,1,0,
10737,3,3,11,3,1,99
10738,3,3,11,3,1,99
10739,3,3,11,3,1,99
10740,4,4,2,4,0,
10741,4,4,2,4,0,
10742,2,2,5,2,0,
10743,2,2,5,2,0,
10744,4,4,2,4,0,
10745,3,3,11,3,0,
10746,2,2,5,2,0,
10747,2,2,5,2,0,
10748,4,4,2,4,0,
10749,3,3,11,3,1,99
10750,5,3,11,3,0,
10751,3,3,11,3,0,
10752,1,1,7,1,1,99
10753,6,6,2,4,1,99
10754,4,2,5,2,0,
10755,1,2,5,2,0,
10756,4,4,2,4,0,
10757,2,2,5,2,1,99
10758,5,5,1,5,0,
10759,2,2,5,2,1,99
10760,4,4,2,4,0,
10761,3,3,11,3,0,
10762,3,3,11,3,0,
10763,4,4,2,4,0,
10764,2,2,5,2,0,
10765,3,3,11,3,0,
10766,3,8,11,3,0,
10767,3,3,11,3,0,
10768,5,5,1,5,0,
10769,3,3,11,3,1,99
10770,1,2,2,4,0,
10771,4,4,2,4,0,
10772,6,6,2,4,0,
10773,4,4,2,4,0,
10774,3,3,11,3,0,
10775,2,2,5,2,0,
10776,3,3,5,2,1,96
10777,3,2,11,3,0,
10778,2,2,5,2,0,
10779,1,1,7,1,0,
10780,4,4,2,4,0,
10781,4,4,2,4,0,
10782,3,3,2,4,0,
10783,2,2,5,2,0,
10784,4,4,2,4,0,
10785,3,3,11,3,0,
10786,5,5,1,5,1,100
10787,3,3,11,3,0,
10788,3,3,11,3,0,
10789,3,3,11,3,0,
10790,4,4,2,4,0,
10791,4,4,2,4,0,
10792,3,3,11,3,0,
10793,3,3,11,3,0,
10794,4,3,11,3,0,
10795,2,2,5,2,1,99
10796,4,4,2,4,0,
10797,3,2,11,3,0,
10798,3,3,11,3,1,99
10799,3,3,11,3,0,
10800,3,4,2,4,0,
10801,3,2,11,3,1,47
10802,6,4,11,3,1,94
10803,6,4,2,4,1,60
10804,3,2,11,3,1,211
10805,3,3,11,3,0,
10806,3,3,11,3,0,
10807,2,2,5,2,0,
10808,4,4,2,4,0,
10809,3,3,11,3,1,99
10810,8,8,11,3,1,99
10811,3,4,11,3,0,
10812,5,5,1,5,0,
10813,4,4,2,4,0,
10814,4,3,2,4,0,
10815,4,3,11,3,0,
10816,3,3,11,3,0,
10817,4,4,2,4,1,97
10818,3,3,11,3,0,
10819,3,3,11,3,1,99
10820,3,3,5,2,0,
10821,2,2,5,2,0,
10822,3,3,11,3,0,
10823,3,2,11,3,0,
10824,6,6,2,4,1,99
10825,3,3,11,3,0,
10826,3,2,11,3,0,
10827,3,4,2,4,0,
10828,4,4,2,4,0,
10829,5,5,1,5,0,
10830,4,4,2,4,1,98
10831,4,4,2,4,1,99
10832,3,2,11,3,1,70
10833,4,4,2,4,0,
10834,3,6,11,3,0,
10835,3,3,11,3,0,
10836,3,3,11,3,1,94
10837,3,3,11,3,0,
10838,3,3,11,3,0,
10839,4,4,2,4,0,
10840,3,3,11,3,0,
10841,5,5,1,5,0,
10842,6,4,2,4,1,98
10843,4,4,2,4,0,
10844,5,5,1,5,0,
10845,6,6,11,3,0,
10846,3,3,11,3,0,
10847,4,4,2,4,1,92
10848,3,3,11,3,1,99
10849,3,4,11,3,0,
10850,4,4,2,4,0,
10851,2,2,5,2,0,
10852,2,2,5,2,0,
10853,4,4,2,4,0,
10854,5,5,1,5,0,
10855,4,4,2,4,1,151
10856,4,4,2,4,0,
10857,3,3,11,3,0,
10858,3,3,11,3,0,
10859,3,3,11,3,1,99
10860,8,8,11,3,0,
10861,3,3,11,3,1,99
10862,4,4,2,4,0,
10863,3,3,11,3,0,
10864,1,3,7,1,0,
10865,2,2,5,2,0,
10866,5,5,1,5,0,
10867,2,2,5,2,0,
10868,2,2,5,2,0,
10869,2,2,5,2,0,
10870,3,3,11,3,1,99
10871,4,4,2,4,1,99
10872,5,6,2,4,0,
10873,3,3,11,3,0,
10874,2,2,5,2,1,99
10875,2,2,5,2,0,
10876,3,2,5,2,1,98
10877,2,2,11,3,0,
10878,6,4,5,2,1,71
10879,3,3,11,3,0,
10880,1,1,8,8,0,
10881,4,4,2,4,0,
10882,3,3,11,3,0,
10883,6,6,2,4,0,
10884,4,4,2,4,0,
10885,4,4,2,4,0,
10886,4,4,2,4,0,
10887,2,2,5,2,0,
10888,4,4,2,4,0,
10889,3,3,11,3,0,
10890,3,1,5,2,0,
10891,3,3,11,3,0,
10892,3,3,11,3,0,
10893,3,3,11,3,0,
10894,4,4,2,4,0,
10895,4,4,2,4,0,
10896,1,2,7,1,0,
10897,1,1,7,1,1,99
10898,3,3,11,3,1,99
10899,5,5,1,5,0,
10900,4,2,2,4,1,46
10901,4,4,2,4,0,
10902,3,3,11,3,0,
10903,2,2,11,3,0,
10904,2,2,5,2,0,
10905,4,6,2,4,0,
10906,4,4,2,4,0,
10907,4,4,11,3,0,
10908,2,2,5,2,0,
10909,6,6,2,4,0,
10910,3,4,2,4,0,
10911,4,6,2,4,0,
10912,3,3,11,3,0,
10913,3,3,11,3,1,99
10914,4,4,11,3,0,
10915,4,4,2,4,0,
10916,3,3,11,3,0,
10917,2,2,5,2,0,
10918,4,4,2,4,0,
10919,3,3,11,3,0,
10920,3,2,2,4,0,
10921,4,4,2,4,0,
10922,1,2,5,2,0,
10923,3,3,11,3,0,
10924,4,4,2,4,0,
10925,4,4,2,4,0,
10926,2,2,5,2,0,
10927,4,4,2,4,0,
10928,1,1,7,1,0,
10929,2,2,5,2,0,
10930,3,2,5,2,0,
10931,6,6,11,3,0,
10932,6,6,11,3,0,
10933,2,2,5,2,0,
10934,6,6,11,3,1,99
10935,3,3,11,3,0,
10936,4,4,2,4,0,
10937,4,3,11,3,0,
10938,3,3,11,3,0,
10939,3,3,11,3,0,
10940,2,2,5,2,0,
10941,4,4,11,3,1,99
10942,4,4,2,4,0,
10943,4,4,2,4,0,
10944,3,3,11,3,1,99
10945,4,4,2,4,0,
10946,4,3,11,3,0,
10947,3,3,11,3,0,
10948,3,3,4,6,1,98
10949,5,5,1,5,0,
10950,2,2,5,2,0,
10951,2,2,5,2,0,
10952,3,3,8,8,1,99
10953,3,3,11,3,0,
10954,4,4,2,4,0,
10955,6,4,2,4,0,
10956,3,3,11,3,0,
10957,5,5,1,5,1,100
10958,1,2,11,3,0,
10959,3,3,11,3,0,
10960,4,4,2,4,0,
10961,2,2,5,2,0,
10962,3,3,11,3,0,
10963,3,3,11,3,0,
10964,3,3,11,3,0,
10965,4,4,2,4,0,
10966,1,1,7,1,0,
10967,4,4,11,3,0,
10968,2,2,11,3,1,95
10969,4,3,2,4,0,
10970,4,4,2,4,1,99
10971,2,2,5,2,1,99
10972,3,3,11,3,0,
10973,1,2,2,4,0,
10974,2,3,5,2,0,
10975,3,3,11,3,0,
10976,4,4,2,4,1,151
10977,2,2,11,3,0,
10978,4,4,2,4,0,
10979,3,3,11,3,0,
10980,3,2,11,3,0,
10981,3,3,11,3,0,
10982,3,3,11,3,0,
10983,3,3,5,2,0,
10984,5,5,1,5,0,
10985,4,4,2,4,0,
10986,1,1,7,1,0,
10987,4,4,11,3,0,
10988,3,3,11,3,0,
10989,2,2,5,2,1,83
10990,3,3,11,3,0,
10991,1,1,7,1,1,99
10992,3,3,11,3,0,
10993,4,4,2,4,1,99
10994,3,3,11,3,0,
10995,5,5,1,5,1,100
10996,4,4,2,4,0,
10997,2,2,5,2,0,
10998,3,3,11,3,0,
10999,4,4,2,4,0,
11000,3,3,2,4,0,
11001,3,3,11,3,1,99
11002,4,4,2,4,0,
11003,2,2,5,2,1,211
11004,2,2,5,2,0,
11005,2,2,5,2,1,99
11006,3,3,11,3,0,
11007,6,6,2,4,1,99
11008,3,3,11,3,0,
11009,3,3,11,3,1,99
11010,2,2,5,2,0,
11011,1,1,7,1,0,
11012,4,4,2,4,0,
11013,2,2,5,2,0,
11014,1,2,5,2,0,
11015,4,4,2,4,1,98
11016,5,8,1,5,0,
11017,3,3,11,3,0,
11018,3,3,11,3,0,
11019,3,3,11,3,0,
11020,3,2,5,2,0,
11021,3,2,5,2,0,
11022,1,2,11,3,0,
11023,3,3,11,3,0,
11024,3,3,11,3,0,
11025,2,2,5,2,0,
11026,3,3,11,3,0,
11027,3,3,11,3,1,94
11028,2,2,5,2,0,
11029,2,2,5,2,0,
11030,4,2,2,4,0,
11031,3,3,11,3,1,84
11032,3,3,11,3,0,
11033,3,3,11,3,0,
11034,1,1,7,1,0,
11035,4,4,2,4,1,67
11036,1,2,7,1,0,
11037,5,5,1,5,0,
11038,3,3,11,3,0,
11039,4,4,2,4,0,
11040,2,2,5,2,0,
11041,4,1,7,1,0,
11042,3,3,11,3,0,
11043,5,5,1,5,0,
11044,4,6,2,4,0,
11045,4,3,2,4,1,86
11046,3,3,11,3,1,84
11047,3,1,11,3,0,
11048,3,3,11,3,0,
11049,4,2,2,4,0,
11050,3,3,11,3,0,
11051,3,3,11,3,0,
11052,2,2,5,2,0,
11053,3,2,11,3,1,99
11054,4,2,11,3,0,
11055,2,2,5,2,0,
11056,2,2,5,2,0,
11057,4,4,2,4,0,
11058,3,3,5,2,0,
11059,1,1,7,1,1,85
11060,4,4,2,4,0,
11061,4,4,2,4,0,
11062,3,3,11,3,0,
11063,6,6,2,4,1,99
11064,4,4,2,4,0,
11065,3,3,11,3,1,86
11066,4,4,2,4,0,
11067,1,1,7,1,0,
11068,3,4,11,3,1,151
11069,4,2,2,4,0,
11070,6,6,2,4,0,
11071,2,2,5,2,0,
11072,4,4,11,3,1,93
11073,3,3,11,3,1,97
11074,3,3,11,3,0,
11075,4,4,2,4,0,
11076,4,4,2,4,0,
11077,1,1,7,1,1,99
11078,3,3,11,3,0,
11079,4,4,2,4,0,
11080,4,4,2,4,0,
11081,4,4,2,4,0,
11082,3,3,11,3,0,
11083,4,4,2,4,0,
11084,4,4,11,3,1,99
11085,4,4,2,4,0,
11086,2,2,5,2,0,
11087,2,2,5,2,1,85
11088,3,3,11,3,0,
11089,4,4,2,4,0,
11090,2,2,5,2,0,
11091,3,3,11,3,0,
11092,4,4,2,4,0,
11093,3,2,5,2,0,
11094,3,2,2,4,0,
11095,3,3,5,2,0,
11096,6,6,4,6,0,
11097,2,2,5,2,0,
11098,3,3,11,3,0,
11099,2,2,5,2,0,
11100,2,2,5,2,1,99
11101,1,4,7,1,0,
11102,2,2,5,2,0,
11103,3,2,5,2,0,
11104,3,2,11,3,0,
11105,3,3,11,3,0,
11106,3,3,5,2,0,
11107,3,8,11,3,0,
11108,3,3,11,3,0,
11109,2,2,5,2,0,
11110,3,3,11,3,1,99
11111,1,2,7,1,1,81
11112,3,3,11,3,0,
11113,3,3,11,3,0,
11114,2,2,5,2,0,
11115,2,2,5,2,0,
11116,3,3,11,3,0,
11117,3,2,11,3,0,
11118,3,3,11,3,0,
11119,6,6,2,4,0,
11120,4,4,11,3,1,99
11121,3,3,11,3,1,98
11122,3,3,11,3,0,
11123,3,3,11,3,0,
11124,3,3,11,3,0,
11125,4,2,1,5,0,
11126,2,2,5,2,0,
11127,5,5,1,5,0,
11128,4,4,11,3,0,
11129,4,4,2,4,0,
11130,4,3,11,3,0,
11131,6,6,2,4,0,
11132,2,2,5,2,0,
11133,3,3,5,2,0,
11134,4,4,11,3,0,
11135,3,2,11,3,0,
11136,2,2,5,2,0,
11137,4,4,2,4,0,
11138,4,3,11,3,0,
11139,2,2,11,3,0,
11140,3,3,11,3,0,
11141,3,3,11,3,0,
11142,4,4,11,3,1,78
11143,4,4,2,4,0,
11144,3,3,11,3,0,
11145,4,1,7,1,1,42
11146,4,4,2,4,0,
11147,2,2,5,2,0,
11148,4,6,11,3,0,
11149,3,3,11,3,1,99
11150,2,2,5,2,1,87
11151,2,2,5,2,0,
11152,2,2,5,2,0,
11153,4,4,2,4,0,
11154,3,3,11,3,0,
11155,6,4,2,4,0,
11156,4,4,2,4,0,
11157,4,3,11,3,0,
11158,4,4,2,4,1,99
11159,5,5,1,5,0,
11160,4,6,2,4,0,
11161,3,3,11,3,0,
11162,2,2,5,2,0,
11163,3,3,11,3,1,96
11164,4,2,5,2,0,
11165,4,4,2,4,0,
11166,3,3,11,3,0,
11167,2,2,5,2,0,
11168,3,3,11,3,0,
11169,3,3,11,3,0,
11170,2,2,5,2,0,
11171,4,3,2,4,0,
11172,2,2,11,3,0,
11173,3,4,2,4,0,
11174,4,4,2,4,0,
11175,2,3,11,3,0,
11176,1,2,7,1,0,
11177,1,1,7,1,0,
11178,4,3,2,4,0,
11179,6,2,11,3,0,
11180,3,3,5,2,0,
11181,3,3,11,3,0,
11182,4,3,2,4,0,
11183,4,4,2,4,0,
11184,4,4,2,4,0,
11185,4,4,2,4,0,
11186,4,4,2,4,0,
11187,2,2,5,2,1,92
11188,4,4,11,3,0,
11189,5,5,1,5,0,
11190,3,3,11,3,1,97
11191,3,3,11,3,0,
11192,4,4,2,4,0,
11193,3,3,11,3,0,
11194,4,4,2,4,0,
11195,2,2,5,2,0,
11196,2,2,5,2,0,
11197,3,3,11,3,0,
11198,6,6,2,4,1,99
11199,2,2,5,2,0,
11200,5,5,1,5,0,
11201,3,3,11,3,0,
11202,3,2,5,2,0,
11203,3,3,11,3,1,99
11204,3,3,11,3,0,
11205,4,4,2,4,0,
11206,3,3,11,3,0,
11207,6,2,11,3,1,85
11208,5,5,1,5,0,
11209,4,4,2,4,0,
11210,5,5,1,5,0,
11211,4,6,2,4,0,
11212,3,3,5,2,1,99
11213,6,6,11,3,0,
11214,6,6,11,3,0,
11215,5,5,1,5,0,
11216,4,4,2,4,0,
11217,3,3,5,2,0,
11218,3,3,11,3,0,
11219,4,4,2,4,1,98
11220,4,2,5,2,0,
11221,3,3,11,3,1,81
11222,4,4,11,3,0,
11223,2,2,5,2,0,
11224,4,4,2,4,0,
11225,1,1,5,2,0,
11226,2,2,5,2,0,
11227,3,4,5,2,1,151
11228,3,3,11,3,0,
11229,3,3,11,3,0,
11230,3,3,11,3,0,
11231,4,4,2,4,0,
11232,3,3,11,3,1,85
11233,1,4,7,1,0,
11234,4,4,2,4,0,
11235,3,3,11,3,0,
11236,3,3,11,3,0,
11237,4,4,2,4,0,
11238,3,3,11,3,0,
11239,3,3,11,3,1,99
11240,1,1,5,2,0,
11241,3,3,11,3,0,
11242,3,3,11,3,0,
11243,2,2,5,2,1,99
11244,6,6,2,4,0,
11245,4,3,11,3,0,
11246,2,2,5,2,0,
11247,3,4,5,2,0,
11248,3,2,11,3,0,
11249,5,5,1,5,1,99
11250,3,3,11,3,0,
11251,1,3,7,1,0,
11252,2,2,5,2,0,
11253,3,3,11,3,0,
11254,1,1,7,1,0,
11255,4,4,2,4,1,76
11256,4,4,2,4,0,
11257,5,5,1,5,1,100
11258,6,6,11,3,0,
11259,3,3,11,3,0,
11260,4,4,2,4,0,
11261,3,3,11,3,0,
11262,3,3,11,3,0,
11263,3,1,7,1,0,
11264,4,4,2,4,0,
11265,3,3,11,3,1,99
11266,3,3,2,4,0,
11267,3,2,5,2,1,82
11268,4,4,2,4,0,
11269,2,2,5,2,0,
11270,4,4,2,4,0,
11271,1,1,7,1,0,
11272,2,2,5,2,0,
11273,3,3,11,3,0,
11274,4,3,11,3,0,
11275,4,2,2,4,0,
11276,1,1,7,1,0,
11277,1,3,11,3,0,
11278,3,3,11,3,1,99
11279,5,5,1,5,0,
11280,3,3,11,3,0,
11281,3,3,11,3,0,
11282,4,4,2,4,1,99
11283,4,3,11,3,0,
11284,3,3,11,3,0,
11285,5,5,1,5,0,
11286,2,2,5,2,0,
11287,3,3,11,3,0,
11288,5,5,1,5,0,
11289,2,2,5,2,1,99
11290,4,4,7,1,1,82
11291,2,2,5,2,1,94
11292,2,2,5,2,1,99
11293,4,2,2,4,0,
11294,4,4,11,3,1,99
11295,4,4,2,4,0,
11296,3,4,11,3,0,
11297,4,4,2,4,0,
11298,3,3,11,3,0,
11299,4,4,2,4,0,
11300,3,3,11,3,1,98
11301,3,6,5,2,0,
11302,3,2,11,3,0,
11303,5,5,1,5,0,
11304,2,2,5,2,0,
11305,3,3,11,3,0,
11306,3,3,11,3,0,
11307,1,2,7,1,0,
11308,3,2,11,3,0,
11309,2,2,5,2,1,99
11310,6,6,11,3,1,99
11311,6,6,2,4,0,
11312,4,4,2,4,0,
11313,3,3,11,3,0,
11314,4,4,2,4,1,99
11315,4,4,2,4,0,
11316,3,3,8,8,1,99
11317,4,4,2,4,0,
11318,3,3,11,3,0,
11319,4,4,11,3,0,
11320,4,4,11,3,0,
11321,3,3,11,3,0,
11322,2,2,5,2,0,
11323,4,4,2,4,1,99
11324,3,3,11,3,1,99
11325,2,3,11,3,0,
11326,4,4,2,4,0,
11327,4,4,2,4,0,
11328,4,4,2,4,0,
11329,4,4,2,4,0,
11330,2,2,11,3,0,
11331,4,3,11,3,1,90
11332,3,3,11,3,0,
11333,3,3,11,3,0,
11334,4,4,2,4,0,
11335,4,4,11,3,0,
11336,1,1,7,1,0,
11337,2,2,5,2,0,
11338,1,1,7,1,0,
11339,1,1,7,1,0,
11340,4,4,2,4,1,99
11341,4,4,2,4,0,
11342,3,3,11,3,0,
11343,2,2,5,2,1,99
11344,3,3,11,3,0,
11345,1,1,5,2,1,99
11346,4,4,2,4,0,
11347,2,2,5,2,0,
11348,4,4,2,4,0,
11349,3,3,11,3,0,
11350,2,2,5,2,1,99
11351,4,3,5,2,0,
11352,3,2,11,3,0,
11353,3,3,11,3,0,
11354,5,5,1,5,0,
11355,2,2,5,2,0,
11356,6,4,2,4,0,
11357,4,4,2,4,0,
11358,3,3,11,3,1,94
11359,3,3,11,3,1,99
11360,3,3,11,3,0,
11361,4,4,11,3,0,
11362,3,3,5,2,0,
11363,4,4,2,4,0,
11364,4,4,2,4,0,
11365,3,3,11,3,0,
11366,3,3,11,3,0,
11367,2,2,5,2,0,
11368,3,4,2,4,0,
11369,2,2,5,2,0,
11370,1,2,7,1,0,
11371,3,3,11,3,1,99
11372,3,3,8,8,0,
11373,4,4,11,3,0,
11374,3,3,11,3,1,96
11375,3,3,11,3,0,
11376,3,3,5,2,0,
11377,4,4,2,4,0,
11378,2,2,5,2,0,
11379,3,3,11,3,0,
11380,6,6,2,4,0,
11381,4,4,2,4,0,
11382,4,4,2,4,1,99
11383,3,2,11,3,0,
11384,6,6,11,3,0,
11385,3,3,11,3,0,
11386,6,6,2,4,0,
11387,3,2,5,2,0,
11388,6,2,11,3,1,99
11389,4,4,2,4,0,
11390,4,3,11,3,0,
11391,1,1,5,2,0,
11392,4,4,2,4,1,98
11393,3,3,11,3,0,
11394,3,3,11,3,0,
11395,2,2,5,2,0,
11396,2,2,5,2,0,
11397,3,3,11,3,0,
11398,2,1,7,1,0,
11399,4,3,11,3,0,
11400,3,2,11,3,0,
11401,3,3,11,3,0,
11402,4,4,2,4,0,
11403,3,3,11,3,0,
11404,3,3,11,3,0,
11405,3,3,11,3,0,
11406,3,3,11,3,0,
11407,3,3,11,3,0,
11408,3,3,11,3,0,
11409,3,3,2,4,0,
11410,2,2,5,2,0,
11411,5,5,1,5,0,
11412,3,3,11,3,0,
11413,3,3,11,3,0,
11414,4,4,2,4,0,
11415,4,3,2,4,0,
11416,3,4,11,3,0,
11417,2,2,5,2,1,99
11418,3,3,11,3,0,
11419,2,2,5,2,0,
11420,1,2,7,1,0,
11421,3,3,11,3,1,73
11422,3,3,11,3,0,
11423,1,1,7,1,0,
11424,3,3,11,3,0,
11425,3,2,2,4,0,
11426,3,3,11,3,0,
11427,4,4,2,4,0,
11428,2,2,5,2,0,
11429,4,4,2,4,0,
11430,6,2,5,2,0,
11431,3,2,5,2,0,
11432,3,3,11,3,0,
11433,3,3,11,3,0,
11434,6,6,2,4,0,
11435,2,2,5,2,0,
11436,3,3,11,3,0,
11437,3,3,11,3,0,
11438,4,6,2,4,0,
11439,3,2,11,3,1,50
11440,4,4,2,4,0,
11441,3,3,11,3,0,
11442,2,2,5,2,0,
11443,3,3,11,3,0,
11444,4,4,2,4,0,
11445,3,3,11,3,1,99
11446,3,3,11,3,1,99
11447,4,3,2,4,1,49
11448,3,3,11,3,0,
11449,3,3,11,3,0,
11450,4,4,2,4,0,
11451,4,4,2,4,0,
11452,4,4,2,4,0,
11453,4,4,2,4,1,84
11454,4,4,2,4,0,
11455,3,3,5,2,0,
11456,3,3,11,3,0,
11457,4,2,7,1,0,
11458,3,2,5,2,0,
11459,3,8,11,3,0,
11460,3,3,11,3,1,97
11461,1,1,7,1,0,
11462,3,3,11,3,0,
11463,3,3,11,3,0,
11464,4,4,2,4,0,
11465,3,6,11,3,0,
11466,3,3,11,3,0,
11467,2,2,5,2,0,
11468,4,4,2,4,1,99
11469,5,5,1,5,1,99
11470,3,3,11,3,0,
11471,4,4,2,4,1,98
11472,6,6,2,4,1,99
11473,2,2,5,2,1,99
11474,2,2,5,2,1,99
11475,8,8,11,3,1,99
11476,2,2,5,2,0,
11477,3,3,11,3,0,
11478,3,3,11,3,0,
11479,3,3,11,3,0,
11480,2,2,5,2,0,
11481,4,4,2,4,1,99
11482,3,3,11,3,0,
11483,4,4,2,4,0,
11484,3,3,11,3,0,
11485,4,4,11,3,0,
11486,4,4,2,4,1,151
11487,5,5,1,5,0,
11488,3,3,11,3,0,
11489,4,3,11,3,1,99
11490,2,2,11,3,0,
11491,3,3,11,3,0,
11492,3,3,11,3,0,
11493,4,4,2,4,0,
11494,2,2,5,2,0,
11495,3,3,11,3,0,
11496,3,3,11,3,0,
11497,4,4,2,4,0,
11498,2,2,5,2,1,99
11499,4,4,2,4,0,
11500,4,6,2,4,0,
11501,1,1,7,1,1,99
11502,3,3,11,3,0,
11503,3,3,11,3,0,
11504,8,8,8,8,0,
11505,4,4,2,4,1,98
11506,1,1,7,1,0,
11507,2,2,5,2,1,211
11508,2,2,5,2,1,98
11509,4,4,11,3,0,
11510,4,4,2,4,0,
11511,1,2,5,2,0,
11512,5,5,1,5,0,
11513,3,3,11,3,0,
11514,3,3,11,3,0,
11515,3,4,2,4,0,
11516,2,2,5,2,0,
11517,2,2,5,2,0,
11518,3,4,11,3,0,
11519,3,2,5,2,0,
11520,4,4,2,4,1,99
11521,3,3,5,2,1,75
11522,3,3,11,3,0,
11523,3,3,11,3,0,
11524,3,3,11,3,1,99
11525,4,4,2,4,0,
11526,3,3,11,3,0,
11527,4,4,2,4,0,
11528,5,5,1,5,0,
11529,3,3,5,2,0,
11530,4,2,5,2,1,82
11531,1,1,7,1,0,
11532,3,3,11,3,0,
11533,4,4,2,4,0,
11534,3,3,11,3,0,
11535,2,2,5,2,0,
11536,5,5,1,5,0,
11537,2,2,5,2,0,
11538,4,4,2,4,0,
11539,3,2,11,3,0,
11540,5,5,1,5,1,99
11541,1,2,5,2,0,
11542,3,3,11,3,0,
11543,6,6,2,4,0,
11544,3,3,11,3,0,
11545,3,3,11,3,1,73
11546,2,2,5,2,1,99
11547,6,6,11,3,0,
11548,3,3,11,3,0,
11549,2,2,5,2,0,
11550,4,4,2,4,1,151
11551,4,4,2,4,1,99
11552,4,3,11,3,1,98
11553,2,2,5,2,0,
11554,1,4,2,4,0,
11555,3,3,11,3,0,
11556,2,2,5,2,0,
11557,3,2,11,3,0,
11558,6,6,2,4,0,
11559,2,2,5,2,0,
11560,5,5,1,5,0,
11561,4,4,2,4,1,74
11562,3,3,11,3,0,
11563,1,1,7,1,0,
11564,3,3,11,3,0,
11565,4,4,2,4,0,
11566,4,4,2,4,0,
11567,4,4,2,4,0,
11568,4,4,2,4,0,
11569,2,2,5,2,0,
11570,4,4,2,4,0,
11571,2,2,5,2,0,
11572,4,4,2,4,0,
11573,5,5,1,5,0,
11574,5,5,1,5,0,
11575,4,4,2,4,0,
11576,1,1,7,1,0,
11577,3,3,11,3,0,
11578,4,1,5,2,0,
11579,4,4,2,4,1,75
11580,4,3,11,3,1,67
11581,6,6,4,6,1,59
11582,3,3,11,3,0,
11583,6,2,5,2,1,97
11584,4,2,2,4,0,
11585,3,3,11,3,0,
11586,3,2,5,2,1,60
11587,3,3,11,3,1,77
11588,3,3,11,3,0,
11589,3,3,11,3,0,
11590,3,3,11,3,0,
11591,3,3,11,3,0,
11592,3,2,11,3,0,
11593,3,3,11,3,0,
11594,4,4,2,4,0,
11595,4,6,2,4,1,95
11596,4,4,2,4,0,
11597,3,3,5,2,0,
11598,4,4,2,4,0,
11599,3,3,11,3,0,
11600,5,5,1,5,0,
11601,3,2,5,2,0,
11602,3,3,11,3,1,99
11603,3,3,11,3,0,
11604,5,2,5,2,1,56
11605,4,4,11,3,0,
11606,2,2,5,2,0,
11607,3,3,11,3,0,
11608,3,3,11,3,0,
11609,3,3,11,3,0,
11610,4,4,2,4,1,99
11611,2,2,5,2,0,
11612,3,3,11,3,0,
11613,4,4,2,4,0,
11614,3,3,11,3,0,
11615,2,2,5,2,0,
11616,2,2,5,2,0,
11617,3,3,11,3,0,
11618,2,4,5,2,0,
11619,4,4,2,4,0,
11620,4,4,2,4,1,66
11621,8,3,11,3,0,
11622,3,3,11,3,0,
11623,1,2,7,1,0,
11624,4,4,2,4,1,99
11625,2,2,5,2,0,
11626,3,3,11,3,0,
11627,2,1,5,2,0,
11628,2,2,5,2,0,
11629,6,4,11,3,0,
11630,3,2,7,1,0,
11631,4,4,2,4,0,
11632,4,4,2,4,0,
11633,4,4,2,4,0,
11634,3,3,11,3,0,
11635,5,5,1,5,0,
11636,3,3,11,3,0,
11637,3,3,11,3,0,
11638,6,6,2,4,0,
11639,3,2,5,2,1,99
11640,3,3,11,3,0,
11641,6,6,2,4,0,
11642,3,3,11,3,0,
11643,3,4,11,3,1,99
11644,1,1,7,1,0,
11645,4,3,11,3,0,
11646,1,2,2,4,0,
11647,4,4,2,4,0,
11648,3,3,11,3,0,
11649,4,4,2,4,0,
11650,3,2,11,3,1,98
11651,3,3,11,3,0,
11652,3,3,11,3,0,
11653,4,4,2,4,0,
11654,3,3,11,3,0,
11655,3,3,11,3,1,99
11656,6,2,11,3,1,93
11657,2,2,5,2,0,
11658,4,4,2,4,0,
11659,3,2,11,3,0,
11660,4,4,2,4,0,
11661,3,3,11,3,1,99
11662,2,2,5,2,0,
11663,3,3,11,3,0,
11664,4,4,2,4,1,99
11665,4,4,2,4,0,
11666,3,3,11,3,1,99
11667,3,3,11,3,0,
11668,6,2,5,2,0,
11669,6,6,2,4,1,99
11670,3,8,11,3,0,
11671,5,5,1,5,0,
11672,1,4,7,1,1,82
11673,3,3,11,3,1,57
11674,6,6,2,4,0,
11675,2,2,5,2,1,99
11676,3,3,11,3,1,99
11677,5,5,1,5,0,
11678,5,5,1,5,0,
11679,5,6,2,4,0,
11680,2,2,5,2,0,
11681,3,3,11,3,0,
11682,2,2,5,2,0,
11683,4,3,2,4,1,93
11684,5,5,1,5,1,99
11685,2,2,5,2,0,
11686,8,8,8,8,1,99
11687,2,2,5,2,0,
11688,3,3,11,3,1,99
11689,4,2,5,2,0,
11690,3,2,11,3,0,
11691,2,2,5,2,1,99
11692,2,2,5,2,1,91
11693,5,5,1,5,0,
11694,3,3,11,3,0,
11695,6,4,2,4,0,
11696,3,8,11,3,0,
11697,4,4,2,4,0,
11698,6,6,2,4,0,
11699,6,6,4,6,0,
11700,6,6,2,4,0,
11701,4,4,11,3,0,
11702,2,4,2,4,0,
11703,4,4,2,4,0,
11704,2,3,11,3,0,
11705,1,2,5,2,1,82
11706,6,4,2,4,0,
11707,4,4,2,4,0,
11708,4,3,2,4,0,
11709,3,3,11,3,0,
11710,4,4,2,4,0,
11711,3,3,11,3,0,
11712,3,2,5,2,0,
11713,3,3,11,3,0,
11714,4,4,2,4,0,
11715,4,4,11,3,1,99
11716,4,4,2,4,0,
11717,2,2,5,2,0,
11718,3,3,5,2,0,
11719,3,3,11,3,1,99
11720,4,4,2,4,0,
11721,3,3,11,3,0,
11722,4,4,2,4,0,
11723,4,6,2,4,0,
11724,4,3,5,2,0,
11725,2,2,5,2,0,
11726,2,2,5,2,0,
11727,3,3,11,3,0,
11728,1,1,7,1,1,92
11729,4,2,2,4,0,
11730,4,4,2,4,0,
11731,4,4,2,4,0,
11732,5,6,1,5,0,
11733,2,2,11,3,0,
11734,5,5,1,5,0,
11735,4,4,2,4,0,
11736,4,4,11,3,0,
11737,1,1,7,1,0,
11738,2,2,5,2,0,
11739,4,4,2,4,0,
11740,3,3,11,3,1,99
11741,3,3,11,3,0,
11742,3,3,11,3,0,
11743,3,3,11,3,1,99
11744,4,4,2,4,0,
11745,4,4,11,3,0,
11746,4,4,2,4,0,
11747,4,4,2,4,0,
11748,3,3,5,2,0,
11749,3,3,11,3,0,
11750,2,2,5,2,0,
11751,3,3,11,3,0,
11752,3,2,5,2,0,
11753,5,5,1,5,1,99
11754,2,2,5,2,0,
11755,1,2,2,4,0,
11756,6,4,2,4,0,
11757,3,3,11,3,0,
11758,5,0,1,5,0,
11759,2,2,5,2,0,
11760,3,3,11,3,0,
11761,5,5,1,5,0,
11762,4,4,2,4,0,
11763,4,3,11,3,0,
11764,4,4,2,4,1,95
11765,4,4,7,1,0,
11766,4,4,2,4,0,
11767,3,2,11,3,0,
11768,2,2,5,2,0,
11769,2,2,5,2,0,
11770,2,2,5,2,0,
11771,5,5,1,5,0,
11772,2,2,5,2,0,
11773,3,3,11,3,0,
11774,4,3,2,4,0,
11775,2,2,11,3,0,
11776,2,2,5,2,0,
11777,2,2,5,2,0,
11778,4,4,2,4,0,
11779,6,6,4,6,0,
11780,2,3,5,2,0,
11781,3,3,11,3,0,
11782,4,4,2,4,0,
11783,3,3,11,3,0,
11784,4,4,2,4,0,
11785,2,2,11,3,0,
11786,1,2,7,1,0,
11787,4,2,5,2,0,
11788,3,6,11,3,0,
11789,3,3,11,3,0,
11790,3,4,11,3,1,51
11791,1,1,7,1,0,
11792,4,6,2,4,0,
11793,3,3,5,2,1,58
11794,4,4,2,4,0,
11795,1,3,7,1,0,
11796,2,2,5,2,0,
11797,4,6,2,4,0,
11798,4,4,2,4,0,
11799,8,3,8,8,0,
11800,4,4,11,3,1,98
11801,4,3,11,3,0,
11802,1,1,7,1,0,
11803,3,1,7,1,1,73
11804,3,3,11,3,1,98
11805,3,3,11,3,0,
11806,2,2,11,3,0,
11807,3,3,11,3,1,99
11808,3,3,11,3,0,
11809,4,4,2,4,0,
11810,4,4,2,4,0,
11811,3,1,5,2,0,
11812,5,5,1,5,0,
11813,3,3,7,1,0,
11814,3,3,11,3,0,
11815,3,3,11,3,0,
11816,4,4,2,4,0,
11817,4,4,2,4,0,
11818,1,4,2,4,0,
11819,5,5,1,5,0,
11820,3,3,11,3,0,
11821,2,2,5,2,0,
11822,3,3,11,3,0,
11823,3,3,11,3,0,
11824,4,4,2,4,0,
11825,4,4,2,4,0,
11826,3,3,11,3,0,
11827,2,2,5,2,1,97
11828,3,3,11,3,0,
11829,8,8,8,8,0,
11830,2,2,5,2,0,
11831,3,3,11,3,0,
11832,3,3,11,3,0,
11833,3,3,11,3,0,
11834,3,3,5,2,0,
11835,4,4,2,4,0,
11836,3,3,11,3,0,
11837,3,8,9,7,0,
11838,5,5,1,5,0,
11839,1,1,7,1,1,54
11840,3,3,11,3,1,99
11841,3,3,11,3,0,
11842,4,4,2,4,0,
11843,3,3,11,3,1,99
11844,1,2,5,2,0,
11845,4,4,2,4,0,
11846,3,3,11,3,0,
11847,2,2,5,2,0,
11848,3,2,11,3,0,
11849,3,3,11,3,0,
11850,2,2,5,2,0,
11851,3,2,11,3,0,
11852,6,6,2,4,1,99
11853,3,3,11,3,1,99
11854,2,3,5,2,0,
11855,6,6,4,6,1,99
11856,1,1,7,1,0,
11857,2,2,5,2,0,
11858,6,6,4,6,0,
11859,3,3,11,3,0,
11860,3,2,11,3,0,
11861,2,2,5,2,1,99
11862,4,4,2,4,1,96
11863,3,3,11,3,0,
11864,4,3,11,3,0,
11865,3,3,11,3,0,
11866,3,3,11,3,0,
11867,1,1,7,1,0,
11868,2,2,5,2,1,98
11869,4,4,7,1,0,
11870,1,4,7,1,0,
11871,3,3,11,3,0,
11872,4,4,2,4,0,
11873,2,3,5,2,0,
11874,3,2,2,4,0,
11875,3,3,11,3,0,
11876,3,3,11,3,0,
11877,1,3,11,3,0,
11878,3,3,11,3,0,
11879,2,2,5,2,0,
11880,4,4,2,4,1,99
11881,3,3,5,2,1,97
11882,4,4,2,4,1,86
11883,3,3,2,4,0,
11884,3,3,11,3,0,
11885,3,3,11,3,0,
11886,6,6,2,4,1,99
11887,1,1,7,1,0,
11888,4,4,2,4,0,
11889,3,3,11,3,0,
11890,3,3,11,3,0,
11891,3,3,11,3,0,
11892,4,4,2,4,1,99
11893,4,4,2,4,0,
11894,2,2,5,2,0,
11895,3,2,2,4,1,84
11896,4,4,11,3,0,
11897,3,3,11,3,0,
11898,3,3,11,3,0,
11899,6,6,2,4,0,
11900,2,2,5,2,0,
11901,4,3,2,4,0,
11902,4,4,2,4,1,98
11903,5,5,1,5,0,
11904,3,3,11,3,0,
11905,4,4,2,4,0,
11906,2,1,7,1,1,98
11907,3,3,11,3,0,
11908,3,3,11,3,0,
11909,3,4,11,3,0,
11910,4,3,2,4,0,
11911,4,6,2,4,0,
11912,3,3,11,3,0,
11913,4,3,2,4,0,
11914,2,2,5,2,1,99
11915,3,3,11,3,0,
11916,3,3,11,3,0,
11917,4,4,2,4,0,
11918,3,3,11,3,1,99
11919,2,2,5,2,0,
11920,3,3,11,3,1,99
11921,4,4,2,4,1,151
11922,4,4,2,4,0,
11923,3,3,11,3,0,
11924,6,6,2,4,0,
11925,6,6,2,4,0,
11926,3,3,5,2,0,
11927,2,2,5,2,1,99
11928,8,3,11,3,0,
11929,4,4,2,4,0,
11930,4,4,2,4,0,
11931,3,3,11,3,0,
11932,3,3,11,3,0,
11933,3,3,11,3,0,
11934,3,4,2,4,0,
11935,4,4,2,4,0,
11936,4,4,2,4,0,
11937,5,5,1,5,1,100
11938,1,1,2,4,0,
11939,3,3,5,2,0,
11940,1,1,5,2,0,
11941,2,2,5,2,1,95
11942,3,3,11,3,0,
11943,5,5,1,5,1,99
11944,3,3,11,3,0,
11945,8,3,11,3,0,
11946,3,3,11,3,0,
11947,3,3,11,3,1,99
11948,1,1,7,1,1,98
11949,3,3,11,3,0,
11950,4,4,2,4,0,
11951,2,2,5,2,0,
11952,4,4,2,4,0,
11953,4,4,2,4,0,
11954,2,2,2,4,1,86
11955,2,3,5,2,0,
11956,5,0,1,5,0,
11957,3,3,11,3,0,
11958,6,6,2,4,0,
11959,4,4,2,4,0,
11960,3,3,11,3,0,
11961,3,3,11,3,1,99
11962,4,4,2,4,0,
11963,3,3,11,3,0,
11964,6,6,2,4,0,
11965,2,2,5,2,0,
11966,2,2,5,2,0,
11967,4,4,11,3,0,
11968,6,6,4,6,0,
11969,3,3,11,3,0,
11970,1,1,7,1,0,
11971,4,4,2,4,1,151
11972,8,8,8,8,1,99
11973,4,4,2,4,0,
11974,3,3,11,3,0,
11975,3,3,11,3,0,
11976,5,5,1,5,0,
11977,3,3,11,3,0,
11978,4,1,11,3,0,
11979,3,3,11,3,0,
11980,2,2,5,2,0,
11981,2,2,5,2,0,
11982,4,4,2,4,0,
11983,3,3,11,3,1,99
11984,2,2,11,3,0,
11985,5,6,1,5,0,
11986,2,3,5,2,1,94
11987,4,4,2,4,0,
11988,3,3,11,3,0,
11989,4,4,2,4,0,
11990,3,1,5,2,0,
11991,3,3,11,3,0,
11992,4,4,7,1,1,151
11993,4,4,2,4,0,
11994,1,1,7,1,0,
11995,6,6,2,4,0,
11996,4,4,2,4,0,
11997,4,4,2,4,0,
11998,4,4,2,4,1,99
11999,3,3,11,3,0,
12000,3,3,11,3,1,61
12001,5,5,1,5,1,99
12002,3,3,11,3,0,
12003,3,3,11,3,0,
12004,6,4,2,4,0,
12005,2,2,5,2,0,
12006,3,3,11,3,0,
12007,4,4,2,4,0,
12008,2,2,5,2,1,99
12009,1,1,11,3,0,
12010,3,3,11,3,0,
12011,3,3,11,3,0,
12012,3,3,11,3,0,
12013,3,3,11,3,0,
12014,2,2,5,2,0,
12015,4,4,2,4,1,99
12016,3,3,11,3,0,
12017,4,4,2,4,0,
12018,4,4,2,4,0,
12019,6,4,2,4,0,
12020,8,8,8,8,1,211
12021,4,3,11,3,0,
12022,3,3,11,3,0,
12023,3,3,11,3,0,
12024,3,3,5,2,1,97
12025,5,5,1,5,1,99
12026,2,2,5,2,0,
12027,2,2,5,2,0,
12028,3,5,11,3,1,93
12029,3,3,11,3,0,
12030,5,3,1,5,0,
12031,6,5,4,6,0,
12032,4,4,11,3,0,
12033,3,3,11,3,0,
12034,2,2,5,2,0,
12035,4,4,2,4,0,
12036,8,8,8,8,0,
12037,4,4,2,4,0,
12038,3,3,11,3,1,99
12039,2,2,5,2,0,
12040,4,4,2,4,0,
12041,4,3,11,3,1,96
12042,4,4,2,4,0,
12043,3,3,5,2,0,
12044,2,2,11,3,1,82
12045,2,2,5,2,0,
12046,2,2,5,2,0,
12047,1,2,5,2,0,
12048,3,3,11,3,0,
12049,2,2,5,2,0,
12050,2,2,5,2,0,
12051,3,3,11,3,1,99
12052,4,4,11,3,0,
12053,3,3,11,3,0,
12054,3,3,11,3,0,
12055,3,3,11,3,0,
12056,1,1,7,1,0,
12057,5,5,1,5,0,
12058,4,3,11,3,0,
12059,1,2,11,3,0,
12060,4,4,2,4,0,
12061,4,4,2,4,0,
12062,3,3,11,3,0,
12063,2,2,5,2,0,
12064,4,4,2,4,0,
12065,4,4,2,4,0,
12066,2,2,5,2,0,
12067,6,6,11,3,0,
12068,3,3,11,3,0,
12069,3,3,11,3,0,
12070,6,6,11,3,0,
12071,4,2,5,2,0,
12072,3,3,11,3,0,
12073,3,3,11,3,0,
12074,4,4,11,3,0,
12075,3,3,11,3,0,
12076,4,4,2,4,1,98
12077,4,1,2,4,0,
12078,3,3,11,3,0,
12079,3,3,11,3,0,
12080,3,3,11,3,0,
12081,2,2,5,2,0,
12082,5,0,1,5,1,
12083,3,3,11,3,0,
12084,4,1,7,1,1,55
12085,4,4,2,4,0,
12086,4,4,2,4,0,
12087,2,2,5,2,0,
12088,4,4,2,4,0,
12089,3,3,5,2,0,
12090,2,2,11,3,0,
12091,4,4,2,4,0,
12092,4,4,2,4,0,
12093,2,2,5,2,0,
12094,3,3,11,3,0,
12095,3,3,11,3,0,
12096,1,1,7,1,0,
12097,3,3,11,3,0,
12098,3,3,11,3,0,
12099,6,6,2,4,1,99
12100,4,4,2,4,0,
12101,2,2,5,2,0,
12102,3,4,2,4,0,
12103,2,2,5,2,0,
12104,2,2,5,2,0,
12105,5,5,1,5,1,100
12106,3,3,11,3,0,
12107,4,4,11,3,0,
12108,4,4,2,4,0,
12109,4,4,2,4,0,
12110,4,4,2,4,0,
12111,3,3,11,3,0,
12112,2,2,5,2,0,
12113,3,3,11,3,1,55
12114,3,3,11,3,0,
12115,3,3,11,3,0,
12116,4,6,2,4,0,
12117,3,3,11,3,0,
12118,4,4,11,3,0,
12119,5,5,1,5,0,
12120,4,4,2,4,1,99
12121,4,4,2,4,0,
12122,2,2,5,2,0,
12123,3,3,11,3,0,
12124,4,4,2,4,0,
12125,1,2,11,3,0,
12126,4,6,2,4,0,
12127,2,3,11,3,1,49
12128,2,2,5,2,0,
12129,3,2,5,2,1,96
12130,2,2,5,2,1,94
12131,5,5,1,5,0,
12132,4,3,2,4,0,
12133,3,3,11,3,0,
12134,3,3,11,3,0,
12135,3,3,5,2,0,
12136,3,3,11,3,0,
12137,5,5,1,5,0,
12138,2,2,5,2,0,
12139,3,3,11,3,0,
12140,3,3,7,1,0,
12141,2,2,5,2,0,
12142,1,2,7,1,0,
12143,6,6,2,4,0,
12144,3,3,11,3,0,
12145,2,2,5,2,0,
12146,4,4,2,4,1,99
12147,4,4,2,4,0,
12148,4,4,2,4,0,
12149,3,3,11,3,1,99
12150,4,4,2,4,0,
12151,2,2,5,2,0,
12152,3,3,11,3,0,
12153,3,3,11,3,0,
12154,4,6,2,4,0,
12155,2,2,5,2,0,
12156,2,2,5,2,1,99
12157,4,4,2,4,0,
12158,4,4,2,4,0,
12159,3,3,11,3,0,
12160,2,2,5,2,0,
12161,4,3,2,4,0,
12162,3,3,11,3,0,
12163,3,3,11,3,1,99
12164,3,3,11,3,0,
12165,3,3,11,3,0,
12166,2,2,5,2,0,
12167,3,3,11,3,0,
12168,2,2,5,2,0,
12169,2,2,5,2,0,
12170,3,3,11,3,1,99
12171,3,3,11,3,0,
12172,4,4,2,4,0,
12173,4,4,2,4,0,
12174,3,3,11,3,0,
12175,3,3,11,3,0,
12176,1,1,7,1,0,
12177,8,3,11,3,0,
12178,3,2,5,2,0,
12179,3,3,11,3,0,
12180,4,4,11,3,1,151
12181,4,4,2,4,0,
12182,3,3,11,3,0,
12183,4,4,2,4,0,
12184,4,6,2,4,0,
12185,4,4,2,4,0,
12186,3,3,11,3,0,
12187,5,6,2,4,0,
12188,3,2,7,1,0,
12189,2,4,11,3,0,
12190,3,3,11,3,0,
12191,3,3,11,3,0,
12192,3,2,11,3,0,
12193,4,4,2,4,0,
12194,8,8,8,8,0,
12195,2,2,5,2,0,
12196,2,2,5,2,0,
12197,6,6,4,6,0,
12198,3,2,11,3,0,
12199,1,1,8,8,0,
12200,2,2,5,2,1,99
12201,3,2,7,1,0,
12202,4,4,2,4,0,
12203,4,4,2,4,0,
12204,3,3,11,3,0,
12205,1,2,2,4,0,
12206,5,5,1,5,0,
12207,3,3,11,3,0,
12208,4,4,2,4,0,
12209,5,5,1,5,0,
12210,6,6,2,4,0,
12211,3,3,11,3,0,
12212,5,5,1,5,0,
12213,2,2,5,2,0,
12214,3,3,11,3,0,
12215,1,1,7,1,0,
12216,3,3,11,3,1,99
12217,3,3,11,3,0,
12218,2,2,5,2,0,
12219,8,8,8,8,0,
12220,2,2,5,2,0,
12221,4,4,2,4,0,
12222,3,4,11,3,0,
12223,2,2,5,2,0,
12224,3,3,11,3,1,99
12225,2,2,5,2,0,
12226,2,2,5,2,1,69
12227,1,1,5,2,0,
12228,4,4,2,4,0,
12229,6,6,2,4,0,
12230,4,4,11,3,0,
12231,1,1,7,1,0,
12232,3,3,11,3,0,
12233,6,6,11,3,0,
12234,2,2,5,2,0,
12235,3,6,5,2,0,
12236,5,5,1,5,0,
12237,3,3,11,3,0,
12238,3,3,5,2,0,
12239,3,3,5,2,0,
12240,1,1,5,2,0,
12241,4,4,2,4,0,
12242,4,4,2,4,0,
12243,4,4,2,4,0,
12244,3,2,11,3,0,
12245,3,3,11,3,0,
12246,2,2,5,2,0,
12247,3,3,11,3,0,
12248,2,2,5,2,0,
12249,2,2,5,2,0,
12250,4,2,5,2,0,
12251,3,4,11,3,1,89
12252,2,2,5,2,0,
12253,4,4,2,4,0,
12254,2,2,5,2,1,90
12255,5,5,1,5,0,
12256,2,3,11,3,0,
12257,4,4,2,4,1,97
12258,2,2,5,2,0,
12259,5,5,1,5,1,99
12260,4,4,2,4,0,
12261,2,2,11,3,0,
12262,3,3,11,3,0,
12263,4,3,2,4,0,
12264,3,3,11,3,0,
12265,3,3,11,3,0,
12266,2,2,5,2,0,
12267,5,5,1,5,0,
12268,4,4,2,4,0,
12269,4,3,7,1,0,
12270,4,4,2,4,0,
12271,2,2,5,2,0,
12272,4,3,11,3,0,
12273,2,2,5,2,0,
12274,6,3,11,3,0,
12275,6,6,11,3,0,
12276,3,3,11,3,0,
12277,2,2,5,2,1,99
12278,3,3,11,3,0,
12279,5,5,1,5,0,
12280,5,5,1,5,0,
12281,3,3,11,3,0,
12282,3,3,11,3,0,
12283,3,3,11,3,1,99
12284,1,2,7,1,0,
12285,4,4,2,4,0,
12286,5,5,1,5,0,
12287,4,4,2,4,0,
12288,1,4,2,4,0,
12289,3,3,11,3,0,
12290,4,4,2,4,0,
12291,1,3,11,3,0,
12292,4,4,2,4,0,
12293,3,3,11,3,0,
12294,3,3,11,3,1,99
12295,3,3,11,3,0,
12296,2,2,5,2,0,
12297,4,4,2,4,0,
12298,4,4,11,3,0,
12299,2,2,5,2,0,
12300,2,2,5,2,1,97
12301,2,2,5,2,0,
12302,5,5,1,5,0,
12303,3,3,11,3,0,
12304,4,4,2,4,1,99
12305,4,4,2,4,1,99
12306,3,3,8,8,0,
12307,4,4,2,4,0,
12308,4,4,2,4,0,
12309,4,4,2,4,0,
12310,5,5,1,5,1,99
12311,3,3,11,3,0,
12312,1,2,2,4,1,73
12313,3,3,11,3,1,93
12314,4,4,2,4,1,94
12315,2,2,5,2,0,
12316,3,3,11,3,0,
12317,3,3,11,3,0,
12318,5,4,1,5,0,
12319,3,3,11,3,0,
12320,4,4,2,4,0,
12321,4,4,2,4,0,
12322,3,3,11,3,0,
12323,3,3,11,3,0,
12324,3,3,11,3,0,
12325,4,4,2,4,0,
12326,2,2,5,2,0,
12327,2,2,5,2,0,
12328,2,2,5,2,0,
12329,2,2,7,1,1,84
12330,3,3,11,3,0,
12331,4,4,2,4,1,99
12332,4,4,2,4,0,
12333,4,4,2,4,1,99
12334,2,2,5,2,0,
12335,5,5,1,5,0,
12336,4,4,11,3,0,
12337,4,4,2,4,0,
12338,3,6,5,2,0,
12339,3,3,8,8,0,
12340,3,6,11,3,0,
12341,4,3,11,3,0,
12342,4,4,2,4,0,
12343,4,4,2,4,1,90
12344,3,3,11,3,1,48
12345,3,3,11,3,0,
12346,2,2,5,2,0,
12347,2,2,5,2,0,
12348,1,1,7,1,0,
12349,4,4,2,4,0,
12350,3,5,2,4,0,
12351,4,4,7,1,0,
12352,2,2,5,2,0,
12353,4,4,2,4,1,99
12354,6,6,11,3,0,
12355,3,3,11,3,1,99
12356,4,4,2,4,0,
12357,3,2,11,3,0,
12358,2,2,5,2,0,
12359,2,2,5,2,0,
12360,4,4,2,4,1,151
12361,2,2,5,2,0,
12362,4,4,2,4,0,
12363,4,3,2,4,1,152
12364,4,4,11,3,0,
12365,4,4,2,4,1,95
12366,1,2,7,1,0,
12367,2,2,5,2,1,99
12368,3,3,11,3,0,
12369,4,4,2,4,0,
12370,4,4,11,3,0,
12371,3,2,5,2,1,83
12372,3,3,11,3,1,97
12373,4,4,2,4,0,
12374,2,2,7,1,1,99
12375,5,5,1,5,0,
12376,2,2,5,2,0,
12377,3,3,11,3,1,99
12378,3,3,11,3,0,
12379,2,2,5,2,0,
12380,4,3,11,3,0,
12381,2,2,5,2,1,99
12382,3,3,11,3,1,96
12383,1,1,7,1,0,
12384,2,2,5,2,0,
12385,8,3,8,8,0,
12386,3,4,2,4,0,
12387,3,3,11,3,1,99
12388,4,4,2,4,0,
12389,3,3,11,3,1,95
12390,3,3,11,3,0,
12391,1,3,2,4,0,
12392,2,2,5,2,0,
12393,3,3,11,3,1,99
12394,3,3,11,3,0,
12395,2,2,5,2,1,99
12396,5,5,1,5,0,
12397,2,2,5,2,0,
12398,3,3,11,3,1,99
12399,4,4,2,4,0,
12400,4,4,11,3,1,95
12401,4,4,2,4,0,
12402,3,2,5,2,0,
12403,4,4,2,4,0,
12404,3,3,11,3,0,
12405,3,3,11,3,0,
12406,4,4,2,4,0,
12407,2,2,5,2,0,
12408,3,3,11,3,0,
12409,3,3,11,3,1,99
12410,4,3,11,3,1,94
12411,6,4,2,4,0,
12412,2,2,5,2,0,
12413,4,4,2,4,0,
12414,6,6,2,4,0,
12415,4,4,2,4,0,
12416,3,3,5,2,0,
12417,3,3,11,3,0,
12418,4,6,2,4,0,
12419,1,3,2,4,0,
12420,4,4,2,4,1,99
12421,3,3,11,3,0,
12422,4,4,2,4,1,99
12423,3,2,11,3,0,
12424,3,3,11,3,1,57
12425,3,3,11,3,0,
12426,4,2,5,2,0,
12427,2,2,5,2,0,
12428,3,8,11,3,0,
12429,2,2,5,2,1,99
12430,3,3,11,3,0,
12431,2,2,5,2,0,
12432,3,3,11,3,0,
12433,4,3,11,3,0,
12434,3,3,11,3,0,
12435,1,2,7,1,0,
12436,4,6,2,4,0,
12437,3,3,11,3,0,
12438,4,4,2,4,0,
12439,4,4,11,3,0,
12440,5,3,9,7,0,
12441,3,3,11,3,0,
12442,3,3,11,3,0,
12443,4,4,2,4,0,
12444,6,4,2,4,0,
12445,3,3,11,3,0,
12446,4,4,2,4,1,79
12447,2,2,5,2,0,
12448,4,4,2,4,0,
12449,3,3,5,2,0,
12450,3,3,11,3,0,
12451,4,6,11,3,0,
12452,4,4,2,4,0,
12453,3,3,11,3,0,
12454,3,3,11,3,0,
12455,3,2,11,3,0,
12456,3,3,11,3,0,
12457,5,5,1,5,0,
12458,4,4,7,1,1,56
12459,3,3,11,3,0,
12460,3,3,11,3,0,
12461,4,3,2,4,0,
12462,4,1,7,1,0,
12463,3,3,11,3,0,
12464,4,2,7,1,0,
12465,4,4,2,4,1,151
12466,4,4,2,4,0,
12467,2,2,5,2,0,
12468,2,2,5,2,0,
12469,3,2,11,3,0,
12470,2,2,11,3,0,
12471,3,3,11,3,0,
12472,2,2,5,2,0,
12473,3,4,11,3,0,
12474,4,4,2,4,0,
12475,2,2,5,2,0,
12476,1,1,7,1,0,
12477,1,1,7,1,0,
12478,4,4,2,4,1,91
12479,1,1,7,1,1,99
12480,4,4,2,4,1,99
12481,2,2,5,2,0,
12482,3,4,2,4,0,
12483,4,4,2,4,0,
12484,3,3,11,3,0,
12485,3,3,11,3,0,
12486,4,4,2,4,0,
12487,3,3,11,3,1,99
12488,6,6,11,3,0,
12489,2,2,5,2,0,
12490,3,3,5,2,1,84
12491,3,3,11,3,1,99
12492,3,3,11,3,0,
12493,3,2,5,2,0,
12494,3,2,5,2,0,
12495,3,2,11,3,0,
12496,4,4,5,2,0,
12497,2,2,5,2,0,
12498,2,2,5,2,0,
12499,3,3,5,2,0,
12500,3,2,5,2,0,
12501,3,3,11,3,0,
12502,2,2,5,2,0,
12503,2,2,5,2,0,
12504,3,3,11,3,0,
12505,3,3,11,3,0,
12506,4,4,2,4,1,99
12507,3,3,11,3,1,99
12508,1,1,11,3,1,37
12509,4,4,2,4,1,99
12510,6,6,2,4,0,
12511,8,3,11,3,0,
12512,4,3,2,4,0,
12513,3,3,11,3,1,99
12514,4,4,2,4,0,
12515,4,4,2,4,0,
12516,3,3,11,3,1,73
12517,4,4,2,4,0,
12518,4,4,2,4,0,
12519,6,6,11,3,0,
12520,3,3,11,3,0,
12521,4,4,2,4,0,
12522,3,3,11,3,0,
12523,3,3,11,3,0,
12524,6,6,2,4,0,
12525,1,1,2,4,0,
12526,3,3,11,3,0,
12527,4,3,11,3,0,
12528,4,3,11,3,1,49
12529,3,3,5,2,0,
12530,2,2,5,2,0,
12531,1,1,7,1,0,
12532,6,4,2,4,1,88
12533,5,5,1,5,0,
12534,3,3,11,3,0,
12535,2,2,5,2,0,
12536,2,2,5,2,0,
12537,5,5,1,5,1,99
12538,3,3,11,3,0,
12539,4,3,2,4,0,
12540,2,2,5,2,0,
12541,2,3,5,2,0,
12542,4,4,11,3,0,
12543,1,1,7,1,1,99
12544,2,2,5,2,0,
12545,3,3,11,3,1,99
12546,4,4,2,4,0,
12547,6,2,11,3,0,
12548,4,4,2,4,0,
12549,1,1,7,1,0,
12550,2,2,5,2,1,99
12551,3,2,11,3,0,
12552,6,6,11,3,0,
12553,3,3,11,3,1,99
12554,3,2,2,4,0,
12555,4,4,2,4,1,99
12556,3,3,11,3,0,
12557,2,2,5,2,0,
12558,3,3,11,3,0,
12559,2,2,5,2,0,
12560,4,4,2,4,0,
12561,3,3,11,3,0,
12562,4,4,11,3,0,
12563,1,1,7,1,0,
12564,3,3,11,3,0,
12565,3,3,11,3,0,
12566,2,3,5,2,0,
12567,4,4,2,4,0,
12568,3,3,11,3,1,98
12569,1,8,8,8,1,93
12570,4,4,2,4,1,99
12571,3,3,11,3,0,
12572,3,2,7,1,1,96
12573,3,3,5,2,1,211
12574,4,2,5,2,0,
12575,2,2,5,2,0,
12576,4,3,11,3,0,
12577,6,6,2,4,0,
12578,5,5,1,5,0,
12579,3,3,11,3,1,99
12580,4,4,2,4,0,
12581,4,4,2,4,0,
12582,2,2,5,2,1,73
12583,4,4,2,4,0,
12584,4,2,11,3,0,
12585,1,1,7,1,0,
12586,3,2,5,2,0,
12587,4,4,2,4,0,
12588,6,6,11,3,0,
12589,3,3,11,3,0,
12590,3,3,11,3,0,
12591,3,3,11,3,1,94
12592,3,3,11,3,1,99
12593,3,3,11,3,1,99
12594,3,3,11,3,0,
12595,3,4,2,4,0,
12596,2,2,5,2,0,
12597,4,4,2,4,0,
12598,3,3,11,3,0,
12599,3,2,2,4,0,
12600,3,3,11,3,0,
12601,3,3,11,3,0,
12602,4,3,11,3,0,
12603,4,4,2,4,0,
12604,3,3,11,3,0,
12605,6,6,2,4,0,
12606,3,3,11,3,0,
12607,1,1,7,1,0,
12608,4,4,2,4,0,
12609,4,4,11,3,0,
12610,4,4,2,4,0,
12611,3,3,11,3,0,
12612,3,3,11,3,0,
12613,6,6,2,4,0,
12614,3,3,11,3,1,85
12615,4,4,2,4,0,
12616,3,3,11,3,0,
12617,2,2,5,2,0,
12618,4,6,2,4,0,
12619,4,4,2,4,0,
12620,3,3,11,3,0,
12621,4,2,11,3,0,
12622,2,2,5,2,1,98
12623,6,6,2,4,0,
12624,2,2,5,2,0,
12625,2,4,2,4,0,
12626,2,2,5,2,0,
12627,3,3,11,3,1,99
12628,4,4,2,4,0,
12629,1,1,11,3,0,
12630,2,2,5,2,1,98
12631,2,2,5,2,0,
12632,3,3,11,3,0,
12633,4,4,2,4,0,
12634,6,6,11,3,0,
12635,4,3,11,3,0,
12636,4,4,2,4,0,
12637,3,3,11,3,0,
12638,2,2,5,2,0,
12639,3,3,11,3,0,
12640,4,4,2,4,0,
12641,3,3,11,3,1,99
12642,4,3,11,3,0,
12643,4,4,2,4,0,
12644,1,1,7,1,0,
12645,3,3,11,3,1,211
12646,3,3,11,3,0,
12647,4,4,2,4,0,
12648,3,3,11,3,0,
12649,3,3,11,3,0,
12650,3,4,11,3,0,
12651,6,6,2,4,1,100
12652,4,4,2,4,0,
12653,3,2,11,3,1,90
12654,2,2,5,2,0,
12655,4,3,2,4,0,
12656,4,4,2,4,0,
12657,2,2,5,2,1,98
12658,1,1,7,1,1,99
12659,2,2,5,2,0,
12660,4,4,2,4,0,
12661,4,4,11,3,0,
12662,1,6,2,4,0,
12663,3,3,11,3,0,
12664,2,2,5,2,0,
12665,3,4,11,3,0,
12666,2,2,5,2,1,82
12667,3,3,11,3,0,
12668,2,2,5,2,0,
12669,3,3,11,3,0,
12670,4,4,2,4,0,
12671,3,3,11,3,0,
12672,3,3,11,3,0,
12673,3,3,11,3,0,
12674,3,3,11,3,0,
12675,2,2,5,2,0,
12676,4,4,2,4,0,
12677,6,6,2,4,0,
12678,4,4,2,4,1,99
12679,2,2,5,2,0,
12680,3,3,11,3,0,
12681,4,4,2,4,0,
12682,2,2,5,2,0,
12683,1,1,11,3,0,
12684,3,3,11,3,0,
12685,3,3,11,3,0,
12686,3,3,11,3,0,
12687,6,3,11,3,1,98
12688,3,2,5,2,0,
12689,2,2,5,2,0,
12690,4,4,2,4,0,
12691,5,5,1,5,0,
12692,3,3,11,3,1,99
12693,4,4,2,4,0,
12694,3,3,11,3,1,99
12695,3,3,11,3,0,
12696,1,6,2,4,0,
12697,2,2,11,3,0,
12698,4,3,2,4,0,
12699,5,5,1,5,0,
12700,4,4,2,4,0,
12701,3,4,11,3,0,
12702,3,3,11,3,1,99
12703,3,3,11,3,0,
12704,2,2,5,2,0,
12705,4,4,2,4,0,
12706,2,2,5,2,0,
12707,4,4,2,4,0,
12708,4,3,11,3,0,
12709,4,4,2,4,0,
12710,5,3,11,3,0,
12711,3,3,11,3,0,
12712,4,3,2,4,1,90
12713,2,2,5,2,0,
12714,1,1,11,3,0,
12715,3,3,11,3,0,
12716,4,4,2,4,1,96
12717,4,4,2,4,0,
12718,3,3,11,3,0,
12719,2,2,5,2,0,
12720,5,5,1,5,0,
12721,3,3,11,3,0,
12722,3,3,11,3,0,
12723,4,4,2,4,1,97
12724,3,3,11,3,0,
12725,4,4,2,4,0,
12726,3,3,11,3,1,99
12727,3,3,8,8,0,
12728,1,3,11,3,1,80
12729,3,3,11,3,0,
12730,3,3,11,3,0,
12731,4,4,2,4,0,
12732,3,3,11,3,0,
12733,4,4,2,4,1,99
12734,5,5,1,5,0,
12735,8,8,11,3,0,
12736,2,2,5,2,1,81
12737,3,3,11,3,0,
12738,3,3,11,3,0,
12739,4,4,11,3,0,
12740,3,3,11,3,1,99
12741,6,6,4,6,0,
12742,4,4,2,4,0,
12743,3,3,11,3,0,
12744,3,3,11,3,0,
12745,3,2,11,3,0,
12746,2,2,5,2,0,
12747,3,2,5,2,0,
12748,6,4,2,4,0,
12749,4,4,2,4,0,
12750,3,3,11,3,0,
12751,4,4,2,4,0,
12752,2,2,5,2,0,
12753,2,2,5,2,0,
12754,3,3,11,3,0,
12755,2,2,5,2,1,99
12756,4,3,11,3,0,
12757,2,2,5,2,1,99
12758,6,6,11,3,0,
12759,3,3,11,3,0,
12760,3,3,11,3,1,99
12761,2,2,5,2,0,
12762,6,6,4,6,0,
12763,3,4,2,4,0,
12764,4,4,2,4,0,
12765,4,3,11,3,1,92
12766,2,2,5,2,0,
12767,3,2,11,3,1,82
12768,3,3,11,3,0,
12769,2,2,5,2,0,
12770,3,3,11,3,0,
12771,4,4,2,4,0,
12772,4,4,2,4,0,
12773,4,4,2,4,1,99
12774,4,4,2,4,1,99
12775,2,2,5,2,0,
12776,3,3,11,3,0,
12777,8,8,8,8,0,
12778,1,1,7,1,0,
12779,3,3,11,3,0,
12780,3,4,11,3,0,
12781,4,6,2,4,0,
12782,2,2,5,2,0,
12783,3,3,5,2,1,65
12784,2,2,5,2,0,
12785,3,3,11,3,1,99
12786,3,3,11,3,0,
12787,3,3,11,3,1,99
12788,3,3,11,3,0,
12789,4,4,2,4,0,
12790,1,3,11,3,0,
12791,4,4,2,4,0,
12792,3,2,11,3,0,
12793,3,3,5,2,1,68
12794,4,3,11,3,1,98
12795,4,4,2,4,0,
12796,3,3,11,3,0,
12797,4,2,2,4,0,
12798,5,5,1,5,0,
12799,3,2,11,3,0,
12800,2,2,5,2,1,88
12801,3,3,11,3,0,
12802,3,4,11,3,0,
12803,6,6,2,4,0,
12804,4,4,2,4,1,99
12805,3,3,11,3,0,
12806,4,4,2,4,1,98
12807,3,3,11,3,0,
12808,4,4,2,4,0,
12809,3,3,11,3,0,
12810,4,4,2,4,0,
12811,3,3,11,3,1,99
12812,2,2,5,2,1,99
12813,3,3,11,3,0,
12814,3,3,11,3,0,
12815,3,3,11,3,0,
12816,3,3,11,3,0,
12817,3,4,11,3,0,
12818,3,3,11,3,0,
12819,4,4,11,3,1,99
12820,4,4,2,4,0,
12821,3,3,11,3,0,
12822,4,4,2,4,1,97
12823,4,4,2,4,0,
12824,2,2,5,2,0,
12825,1,2,5,2,1,98
12826,2,2,5,2,0,
12827,4,4,2,4,0,
12828,3,3,11,3,0,
12829,4,4,2,4,1,99
12830,4,4,2,4,0,
12831,6,4,2,4,0,
12832,5,6,1,5,1,68
12833,4,3,2,4,0,
12834,4,6,2,4,0,
12835,3,3,11,3,1,99
12836,5,5,1,5,0,
12837,6,4,2,4,1,96
12838,3,6,11,3,1,99
12839,3,3,8,8,0,
12840,3,3,5,2,0,
12841,3,3,11,3,0,
12842,3,3,11,3,0,
12843,3,3,11,3,0,
12844,4,4,2,4,1,86
12845,2,2,5,2,0,
12846,1,2,5,2,1,50
12847,3,3,11,3,1,99
12848,4,4,11,3,0,
12849,2,2,5,2,1,96
12850,3,3,11,3,0,
12851,4,4,2,4,0,
12852,4,4,2,4,0,
12853,3,3,5,2,0,
12854,4,4,2,4,0,
12855,1,1,7,1,0,
12856,6,6,4,6,0,
12857,4,4,2,4,0,
12858,3,3,11,3,0,
12859,4,4,2,4,0,
12860,3,3,11,3,0,
12861,5,5,1,5,0,
12862,3,3,11,3,0,
12863,3,4,11,3,0,
12864,4,4,2,4,0,
12865,3,3,11,3,0,
12866,4,4,2,4,1,99
12867,3,2,11,3,0,
12868,2,2,5,2,1,99
12869,4,4,2,4,1,84
12870,4,4,2,4,0,
12871,3,3,11,3,0,
12872,3,3,11,3,0,
12873,3,1,5,2,0,
12874,1,4,7,1,0,
12875,3,3,11,3,0,
12876,3,3,11,3,1,99
12877,4,4,11,3,0,
12878,4,4,2,4,1,99
12879,3,3,11,3,1,99
12880,4,4,2,4,0,
12881,2,2,5,2,1,99
12882,3,3,11,3,1,99
12883,1,1,7,1,0,
12884,1,1,7,1,0,
12885,2,2,5,2,0,
12886,4,4,11,3,1,99
12887,3,3,11,3,0,
12888,6,6,11,3,0,
12889,4,4,2,4,0,
12890,4,4,11,3,0,
12891,1,1,7,1,1,99
12892,2,2,5,2,0,
12893,4,4,2,4,0,
12894,3,3,11,3,0,
12895,2,2,5,2,0,
12896,3,3,2,4,0,
12897,4,4,2,4,0,
12898,2,2,5,2,0,
12899,4,4,2,4,1,93
12900,1,2,7,1,0,
12901,3,3,11,3,0,
12902,2,2,5,2,1,97
12903,3,3,11,3,0,
12904,4,4,2,4,0,
12905,4,4,2,4,0,
12906,4,4,11,3,0,
12907,3,3,11,3,0,
12908,2,2,11,3,0,
12909,2,2,5,2,1,98
12910,3,4,2,4,0,
12911,3,3,11,3,0,
12912,3,3,11,3,0,
12913,3,3,11,3,0,
12914,3,2,5,2,0,
12915,4,2,5,2,0,
12916,3,3,11,3,1,99
12917,2,2,11,3,0,
12918,4,4,2,4,0,
12919,2,2,11,3,0,
12920,4,4,2,4,0,
12921,3,3,11,3,0,
12922,2,2,5,2,0,
12923,3,3,11,3,0,
12924,2,2,5,2,0,
12925,3,3,11,3,0,
12926,3,3,5,2,1,79
12927,3,3,11,3,1,99
12928,2,2,5,2,0,
12929,2,2,5,2,0,
12930,3,3,11,3,0,
12931,3,3,11,3,1,97
12932,3,3,11,3,1,95
12933,4,4,2,4,1,94
12934,3,3,11,3,0,
12935,4,4,2,4,0,
12936,2,2,5,2,0,
12937,3,2,7,1,0,
12938,4,4,11,3,1,75
12939,3,3,11,3,0,
12940,2,2,5,2,0,
12941,3,3,11,3,1,98
12942,2,2,5,2,0,
12943,2,1,5,2,0,
12944,2,2,5,2,0,
12945,2,2,5,2,0,
12946,1,1,7,1,0,
12947,3,3,11,3,0,
12948,3,2,11,3,0,
12949,2,2,5,2,1,84
12950,3,3,11,3,0,
12951,4,3,11,3,0,
12952,6,4,2,4,0,
12953,4,4,11,3,0,
12954,4,4,2,4,0,
12955,2,2,5,2,0,
12956,3,3,11,3,0,
12957,8,8,8,8,0,
12958,2,2,5,2,0,
12959,2,2,5,2,0,
12960,3,3,2,4,0,
12961,1,1,7,1,0,
12962,3,3,5,2,0,
12963,2,2,5,2,1,99
12964,2,2,5,2,0,
12965,3,3,11,3,0,
12966,3,3,11,3,0,
12967,5,5,4,6,0,
12968,3,2,5,2,0,
12969,3,3,11,3,1,98
12970,4,4,2,4,0,
12971,4,4,2,4,1,69
12972,3,3,11,3,0,
12973,3,3,11,3,0,
12974,2,2,5,2,0,
12975,3,3,11,3,0,
12976,4,4,2,4,1,52
12977,2,2,5,2,0,
12978,3,3,11,3,0,
12979,3,3,11,3,1,74
12980,1,2,7,1,0,
12981,2,2,5,2,0,
12982,4,4,11,3,0,
12983,3,3,11,3,0,
12984,5,5,1,5,0,
12985,3,3,11,3,0,
12986,6,6,2,4,0,
12987,3,3,11,3,0,
12988,4,4,2,4,0,
12989,6,6,2,4,0,
12990,3,3,11,3,0,
12991,4,4,11,3,1,97
12992,4,4,2,4,0,
12993,4,4,2,4,0,
12994,4,4,2,4,0,
12995,3,3,11,3,0,
12996,4,4,2,4,1,99
12997,1,2,5,2,0,
12998,4,4,11,3,1,98
12999,4,4,2,4,0,
13000,6,2,11,3,0,
13001,3,3,11,3,0,
13002,8,8,8,8,0,
13003,2,2,5,2,0,
13004,3,3,11,3,0,
13005,3,3,11,3,1,99
13006,4,4,11,3,0,
13007,3,3,11,3,0,
13008,3,3,11,3,0,
13009,3,3,11,3,0,
13010,6,6,2,4,0,
13011,4,6,2,4,1,94
13012,4,4,2,4,0,
13013,4,2,2,4,0,
13014,3,3,11,3,0,
13015,3,3,11,3,0,
13016,4,4,2,4,0,
13017,3,3,11,3,0,
13018,3,3,11,3,0,
13019,3,3,11,3,0,
13020,1,1,7,1,0,
13021,3,3,11,3,1,99
13022,4,6,2,4,0,
13023,3,2,2,4,0,
13024,6,4,2,4,0,
13025,4,4,2,4,0,
13026,8,8,8,8,0,
13027,4,4,2,4,1,83
13028,3,3,7,1,0,
13029,4,4,2,4,0,
13030,4,4,2,4,0,
13031,3,2,5,2,0,
13032,3,3,11,3,0,
13033,2,2,5,2,0,
13034,3,2,11,3,0,
13035,3,3,11,3,0,
13036,1,2,11,3,0,
13037,3,3,11,3,1,89
13038,4,4,2,4,0,
13039,3,2,7,1,0,
13040,3,3,11,3,0,
13041,3,4,11,3,0,
13042,4,1,7,1,1,89
13043,3,2,5,2,0,
13044,4,3,11,3,0,
13045,3,3,11,3,0,
13046,3,8,11,3,0,
13047,3,3,11,3,0,
13048,3,3,11,3,0,
13049,3,3,11,3,0,
13050,3,3,11,3,0,
13051,2,3,5,2,0,
13052,2,2,5,2,1,99
13053,3,3,11,3,0,
13054,4,4,2,4,0,
13055,4,4,2,4,0,
13056,6,2,2,4,1,54
13057,1,4,2,4,0,
13058,4,4,2,4,1,90
13059,2,2,5,2,0,
13060,4,4,11,3,0,
13061,1,2,5,2,0,
13062,2,2,5,2,0,
13063,5,5,1,5,1,99
13064,3,3,11,3,1,94
13065,3,3,11,3,0,
13066,4,4,5,2,0,
13067,4,4,2,4,1,99
13068,3,6,5,2,0,
13069,4,4,2,4,0,
13070,4,4,2,4,0,
13071,4,4,2,4,0,
13072,2,2,5,2,0,
13073,2,2,5,2,0,
13074,3,3,11,3,0,
13075,3,3,11,3,0,
13076,4,4,2,4,0,
13077,1,1,11,3,0,
13078,4,4,2,4,0,
13079,2,2,5,2,0,
13080,2,2,5,2,0,
13081,3,3,11,3,0,
13082,4,4,2,4,0,
13083,2,2,5,2,0,
13084,2,2,5,2,0,
13085,3,3,11,3,0,
13086,1,1,7,1,1,99
13087,4,4,2,4,0,
13088,4,4,2,4,1,99
13089,4,4,2,4,0,
13090,3,3,11,3,0,
13091,1,2,5,2,1,76
13092,3,3,11,3,0,
13093,1,1,7,1,0,
13094,4,4,2,4,1,99
13095,4,4,2,4,1,99
13096,3,3,11,3,0,
13097,3,3,11,3,0,
13098,2,2,5,2,0,
13099,2,2,11,3,0,
13100,4,4,2,4,0,
13101,6,6,11,3,1,99
13102,3,2,2,4,0,
13103,3,3,11,3,0,
13104,2,2,5,2,0,
13105,3,2,11,3,0,
13106,2,2,5,2,0,
13107,2,2,5,2,0,
13108,2,2,5,2,0,
13109,3,3,11,3,0,
13110,4,4,2,4,0,
13111,3,3,11,3,1,211
13112,6,6,2,4,0,
13113,4,4,2,4,0,
13114,4,3,2,4,0,
13115,4,4,2,4,0,
13116,4,4,2,4,0,
13117,3,3,11,3,1,99
13118,2,2,5,2,1,99
13119,2,2,2,4,0,
13120,3,3,11,3,1,99
13121,2,2,5,2,1,99
13122,2,3,11,3,1,211
13123,2,2,5,2,0,
13124,2,2,5,2,0,
13125,3,3,11,3,0,
13126,1,1,7,1,0,
13127,3,3,11,3,0,
13128,3,3,11,3,0,
13129,4,4,2,4,1,99
13130,3,3,11,3,1,99
13131,4,4,11,3,1,66
13132,4,4,2,4,0,
13133,3,3,11,3,0,
13134,3,3,11,3,0,
13135,6,2,5,2,0,
13136,3,2,11,3,0,
13137,2,2,5,2,0,
13138,2,2,5,2,0,
13139,5,5,1,5,0,
13140,4,4,2,4,0,
13141,5,5,1,5,1,99
13142,3,3,11,3,0,
13143,3,3,11,3,1,97
13144,4,2,5,2,0,
13145,4,4,2,4,0,
13146,2,2,7,1,0,
13147,6,6,5,2,0,
13148,3,4,2,4,0,
13149,4,4,2,4,0,
13150,3,3,11,3,0,
13151,2,2,11,3,0,
13152,4,4,2,4,0,
13153,6,6,2,4,0,
13154,3,3,5,2,0,
13155,3,3,11,3,0,
13156,3,3,11,3,1,99
13157,5,8,1,5,0,
13158,4,6,2,4,0,
13159,3,3,11,3,0,
13160,2,2,11,3,0,
13161,4,4,2,4,1,99
13162,2,2,5,2,0,
13163,3,2,11,3,1,98
13164,4,4,2,4,0,
13165,6,6,2,4,0,
13166,2,2,5,2,0,
13167,4,4,2,4,1,80
13168,3,3,11,3,0,
13169,4,4,11,3,0,
13170,4,4,2,4,0,
13171,2,2,5,2,0,
13172,4,3,11,3,0,
13173,2,2,5,2,0,
13174,3,2,7,1,0,
13175,3,3,11,3,0,
13176,2,3,5,2,0,
13177,3,3,11,3,0,
13178,4,4,2,4,0,
13179,4,4,2,4,0,
13180,3,3,11,3,0,
13181,3,3,11,3,0,
13182,1,2,11,3,0,
13183,3,3,11,3,1,99
13184,2,2,5,2,1,99
13185,2,2,5,2,1,93
13186,6,2,5,2,0,
13187,3,3,11,3,0,
13188,4,4,2,4,0,
13189,3,3,11,3,0,
13190,5,6,1,5,0,
13191,4,4,2,4,0,
13192,4,4,2,4,0,
13193,3,3,11,3,0,
13194,1,1,7,1,1,94
13195,4,4,2,4,0,
13196,2,2,5,2,0,
13197,4,4,2,4,0,
13198,3,3,11,3,0,
13199,4,3,11,3,0,
13200,1,1,7,1,1,99
13201,3,3,11,3,0,
13202,4,4,2,4,0,
13203,3,2,11,3,0,
13204,4,4,2,4,0,
13205,3,3,2,4,0,
13206,2,2,5,2,0,
13207,1,1,7,1,0,
13208,3,3,11,3,0,
13209,4,4,2,4,1,87
13210,3,8,11,3,0,
13211,4,4,2,4,0,
13212,3,3,11,3,0,
13213,2,2,5,2,0,
13214,8,8,11,3,0,
13215,2,2,5,2,1,99
13216,3,3,11,3,0,
13217,4,4,2,4,1,97
13218,6,6,4,6,0,
13219,3,4,11,3,1,88
13220,2,2,5,2,1,99
13221,3,3,11,3,0,
13222,3,3,11,3,0,
13223,6,6,11,3,0,
13224,2,2,5,2,1,62
13225,4,4,2,4,0,
13226,1,2,7,1,0,
13227,3,3,11,3,0,
13228,2,2,5,2,1,99
13229,4,4,2,4,0,
13230,2,2,11,3,0,
13231,3,2,7,1,1,76
13232,3,3,11,3,0,
13233,3,3,5,2,0,
13234,3,3,11,3,0,
13235,2,2,11,3,0,
13236,3,2,2,4,0,
13237,3,3,11,3,0,
13238,1,3,7,1,1,91
13239,6,6,2,4,0,
13240,4,4,2,4,1,96
13241,3,3,11,3,0,
13242,5,5,1,5,0,
13243,3,3,11,3,0,
13244,4,4,2,4,0,
13245,4,4,2,4,0,
13246,2,2,5,2,0,
13247,2,2,5,2,0,
13248,3,3,11,3,0,
13249,4,2,2,4,0,
13250,3,2,2,4,0,
13251,4,3,11,3,0,
13252,2,2,5,2,0,
13253,1,1,11,3,1,95
13254,3,2,11,3,0,
13255,3,2,5,2,1,99
13256,2,2,5,2,0,
13257,3,3,11,3,0,
13258,3,3,11,3,0,
13259,3,3,11,3,0,
13260,4,4,2,4,1,98
13261,4,4,2,4,0,
13262,3,1,11,3,0,
13263,3,3,11,3,0,
13264,1,1,7,1,1,84
13265,5,5,1,5,0,
13266,1,1,5,2,0,
13267,3,3,11,3,0,
13268,4,4,2,4,0,
13269,3,3,11,3,0,
13270,4,4,2,4,0,
13271,3,2,2,4,0,
13272,4,4,2,4,0,
13273,1,4,7,1,0,
13274,3,3,11,3,0,
13275,3,3,11,3,1,99
13276,3,3,11,3,0,
13277,2,2,5,2,0,
13278,3,3,11,3,1,98
13279,3,3,11,3,0,
13280,4,4,2,4,0,
13281,6,6,2,4,0,
13282,4,4,11,3,0,
13283,2,2,5,2,0,
13284,4,4,2,4,0,
13285,3,3,11,3,0,
13286,4,4,2,4,0,
13287,3,3,5,2,0,
13288,3,3,11,3,0,
13289,3,3,11,3,1,98
13290,4,3,11,3,0,
13291,3,3,8,8,0,
13292,3,3,11,3,0,
13293,4,4,2,4,0,
13294,3,3,11,3,0,
13295,2,2,5,2,0,
13296,2,2,5,2,0,
13297,4,4,2,4,0,
13298,3,2,2,4,0,
13299,1,1,7,1,0,
13300,2,2,5,2,0,
13301,6,6,2,4,0,
13302,1,2,7,1,0,
13303,3,3,11,3,0,
13304,1,2,7,1,0,
13305,3,3,11,3,0,
13306,3,4,11,3,1,96
13307,5,5,1,5,0,
13308,3,3,11,3,0,
13309,3,2,11,3,0,
13310,5,5,1,5,0,
13311,2,2,5,2,1,99
13312,3,2,7,1,0,
13313,3,4,11,3,1,151
13314,3,3,11,3,0,
13315,4,1,7,1,0,
13316,3,3,11,3,0,
13317,3,3,11,3,0,
13318,5,6,1,5,1,99
13319,3,3,11,3,0,
13320,3,3,11,3,0,
13321,2,2,5,2,0,
13322,4,1,2,4,1,49
13323,5,5,1,5,0,
13324,2,2,5,2,0,
13325,3,3,5,2,0,
13326,2,2,5,2,0,
13327,3,3,5,2,1,98
13328,3,3,11,3,0,
13329,3,3,11,3,0,
13330,3,3,11,3,0,
13331,3,3,11,3,1,84
13332,8,8,9,7,0,
13333,2,2,5,2,0,
13334,4,4,11,3,0,
13335,1,1,7,1,0,
13336,2,2,5,2,0,
13337,3,3,8,8,1,99
13338,2,3,5,2,0,
13339,4,4,2,4,0,
13340,3,2,5,2,0,
13341,4,4,2,4,0,
13342,3,2,11,3,1,81
13343,2,2,5,2,1,69
13344,4,4,2,4,0,
13345,3,3,11,3,0,
13346,4,2,2,4,0,
13347,4,4,2,4,0,
13348,3,3,11,3,0,
13349,2,2,5,2,1,96
13350,3,6,2,4,0,
13351,5,0,1,5,0,
13352,4,4,2,4,1,99
13353,2,2,11,3,0,
13354,3,3,11,3,0,
13355,2,2,5,2,0,
13356,2,2,5,2,0,
13357,2,2,5,2,0,
13358,4,4,2,4,0,
13359,4,4,11,3,0,
13360,5,5,1,5,0,
13361,3,3,11,3,0,
13362,3,3,11,3,0,
13363,2,2,5,2,0,
13364,3,3,11,3,0,
13365,4,4,2,4,0,
13366,3,3,11,3,0,
13367,2,4,2,4,0,
13368,3,3,11,3,0,
13369,3,3,11,3,1,98
13370,4,4,2,4,0,
13371,3,3,11,3,1,99
13372,2,2,11,3,0,
13373,4,4,2,4,0,
13374,2,2,5,2,0,
13375,4,3,5,2,1,151
13376,3,3,11,3,0,
13377,4,4,2,4,0,
13378,3,2,11,3,1,69
13379,5,5,1,5,0,
13380,5,5,1,5,1,100
13381,4,4,2,4,0,
13382,3,3,11,3,1,97
13383,2,2,2,4,0,
13384,4,4,2,4,1,89
13385,8,8,4,6,1,99
13386,5,5,5,2,0,
13387,3,3,11,3,0,
13388,2,2,5,2,0,
13389,3,3,11,3,1,99
13390,5,5,1,5,0,
13391,3,3,11,3,0,
13392,3,3,11,3,0,
13393,3,3,11,3,0,
13394,3,3,11,3,1,92
13395,4,4,11,3,0,
13396,6,3,2,4,1,151
13397,1,1,7,1,0,
13398,6,6,2,4,1,99
13399,2,2,5,2,0,
13400,3,3,11,3,0,
13401,2,2,5,2,0,
13402,3,3,11,3,0,
13403,3,3,11,3,0,
13404,5,5,1,5,0,
13405,1,4,2,4,0,
13406,2,2,5,2,0,
13407,3,3,11,3,1,99
13408,6,6,2,4,0,
13409,3,2,5,2,0,
13410,3,3,11,3,0,
13411,4,4,11,3,1,97
13412,3,3,11,3,0,
13413,4,4,11,3,0,
13414,2,2,11,3,1,73
13415,3,2,11,3,0,
13416,4,4,2,4,0,
13417,3,3,11,3,1,99
13418,3,4,11,3,0,
13419,3,3,11,3,0,
13420,3,3,11,3,0,
13421,3,3,11,3,0,
13422,2,2,5,2,0,
13423,3,3,5,2,0,
13424,6,6,2,4,1,99
13425,3,3,11,3,1,99
13426,3,3,11,3,0,
13427,6,3,2,4,0,
13428,3,3,11,3,1,91
13429,5,5,1,5,1,100
13430,2,2,5,2,1,99
13431,4,4,2,4,0,
13432,3,3,11,3,0,
13433,3,8,11,3,0,
13434,8,3,11,3,0,
13435,3,3,11,3,0,
13436,3,4,11,3,0,
13437,2,2,2,4,0,
13438,4,4,2,4,1,99
13439,2,2,5,2,1,97
13440,4,4,2,4,0,
13441,3,8,11,3,1,99
13442,2,3,5,2,0,
13443,4,4,11,3,0,
13444,5,5,1,5,0,
13445,1,1,7,1,0,
13446,1,1,7,1,0,
13447,4,4,11,3,0,
13448,4,4,2,4,0,
13449,3,4,11,3,0,
13450,4,4,2,4,0,
13451,3,3,11,3,0,
13452,3,3,11,3,0,
13453,3,3,11,3,0,
13454,2,2,5,2,0,
13455,5,5,1,5,0,
13456,6,6,2,4,0,
13457,6,4,2,4,0,
13458,4,4,2,4,0,
13459,3,3,11,3,0,
13460,4,4,2,4,0,
13461,3,3,11,3,0,
13462,3,3,11,3,0,
13463,2,2,5,2,0,
13464,3,3,11,3,1,99
13465,1,1,7,1,0,
13466,4,3,11,3,1,99
13467,2,2,2,4,0,
13468,3,3,11,3,1,99
13469,1,1,7,1,0,
13470,3,3,11,3,1,74
13471,3,3,11,3,0,
13472,4,3,2,4,0,
13473,3,3,11,3,0,
13474,3,3,5,2,0,
13475,3,3,5,2,0,
13476,4,4,2,4,0,
13477,3,3,11,3,0,
13478,3,3,11,3,0,
13479,4,4,2,4,0,
13480,1,1,5,2,1,96
13481,2,2,5,2,0,
13482,3,2,5,2,0,
13483,1,1,7,1,0,
13484,3,3,11,3,0,
13485,4,4,2,4,0,
13486,3,3,11,3,0,
13487,3,2,5,2,0,
13488,4,4,5,2,1,96
13489,4,2,5,2,0,
13490,3,3,11,3,0,
13491,2,2,5,2,0,
13492,3,3,11,3,1,99
13493,6,6,2,4,0,
13494,3,3,11,3,0,
13495,3,3,11,3,0,
13496,3,3,11,3,1,99
13497,4,6,7,1,0,
13498,4,4,2,4,1,98
13499,4,4,2,4,0,
13500,4,4,2,4,0,
13501,4,4,2,4,0,
13502,3,2,5,2,1,95
13503,1,2,7,1,0,
13504,1,3,7,1,0,
13505,5,5,1,5,0,
13506,4,4,2,4,0,
13507,3,3,11,3,0,
13508,4,4,2,4,0,
13509,3,3,11,3,1,99
13510,3,3,11,3,0,
13511,3,3,11,3,1,77
13512,3,2,5,2,1,97
13513,4,4,11,3,0,
13514,3,3,11,3,1,99
13515,3,2,11,3,0,
13516,2,2,11,3,0,
13517,3,3,11,3,0,
13518,4,4,11,3,1,97
13519,2,2,5,2,0,
13520,4,4,2,4,0,
13521,3,3,11,3,0,
13522,3,3,11,3,1,98
13523,4,4,11,3,0,
13524,2,2,5,2,0,
13525,3,2,11,3,0,
13526,3,3,11,3,0,
13527,4,4,2,4,0,
13528,3,3,2,4,1,99
13529,3,3,11,3,1,99
13530,2,2,5,2,0,
13531,4,6,2,4,0,
13532,6,6,2,4,0,
13533,3,3,11,3,0,
13534,4,4,2,4,0,
13535,2,2,11,3,0,
13536,3,3,11,3,0,
13537,3,3,11,3,0,
13538,2,2,5,2,0,
13539,3,2,5,2,1,72
13540,1,1,11,3,0,
13541,4,4,2,4,1,151
13542,3,3,11,3,0,
13543,3,3,11,3,0,
13544,3,3,11,3,0,
13545,3,4,11,3,1,96
13546,4,3,2,4,0,
13547,4,4,2,4,0,
13548,2,2,5,2,0,
13549,2,2,5,2,0,
13550,6,6,11,3,0,
13551,3,3,11,3,0,
13552,3,3,11,3,0,
13553,5,5,1,5,0,
13554,2,2,5,2,0,
13555,3,2,11,3,0,
13556,1,1,7,1,0,
13557,3,3,11,3,0,
13558,2,2,5,2,0,
13559,2,2,5,2,0,
13560,4,4,2,4,0,
13561,3,3,11,3,0,
13562,4,4,2,4,0,
13563,3,3,11,3,1,99
13564,3,3,11,3,0,
13565,2,2,5,2,0,
13566,4,4,2,4,1,91
13567,3,3,11,3,1,94
13568,4,4,2,4,0,
13569,4,4,2,4,0,
13570,1,2,5,2,0,
13571,2,2,5,2,0,
13572,3,3,11,3,0,
13573,4,1,7,1,0,
13574,1,6,7,1,0,
13575,4,4,11,3,0,
13576,3,3,11,3,1,99
13577,3,2,5,2,0,
13578,3,3,11,3,0,
13579,3,3,11,3,0,
13580,4,3,11,3,0,
13581,3,3,11,3,0,
13582,3,3,11,3,0,
13583,2,2,11,3,0,
13584,2,2,5,2,1,97
13585,2,2,5,2,0,
13586,2,2,5,2,0,
13587,3,3,11,3,0,
13588,4,6,2,4,0,
13589,2,2,5,2,0,
13590,2,2,5,2,0,
13591,3,3,11,3,0,
13592,4,3,2,4,0,
13593,2,2,5,2,0,
13594,3,1,11,3,0,
13595,3,3,11,3,0,
13596,2,2,5,2,0,
13597,3,3,11,3,1,99
13598,4,4,2,4,0,
13599,2,2,5,2,0,
13600,4,4,2,4,0,
13601,6,6,2,4,0,
13602,6,6,4,6,0,
13603,3,3,11,3,0,
13604,4,4,2,4,0,
13605,3,3,11,3,0,
13606,3,3,11,3,0,
13607,1,1,5,2,0,
13608,2,2,5,2,0,
13609,4,3,2,4,0,
13610,3,3,5,2,0,
13611,2,2,5,2,0,
13612,2,2,5,2,1,49
13613,2,2,5,2,0,
13614,4,4,2,4,0,
13615,5,5,1,5,1,100
13616,2,2,11,3,0,
13617,5,5,1,5,0,
13618,2,3,11,3,0,
13619,1,2,7,1,0,
13620,5,5,1,5,0,
13621,3,3,11,3,0,
13622,4,4,2,4,1,98
13623,4,3,2,4,0,
13624,6,6,2,4,0,
13625,3,2,5,2,0,
13626,3,4,2,4,0,
13627,3,3,11,3,0,
13628,4,4,2,4,0,
13629,4,4,2,4,0,
13630,6,4,2,4,0,
13631,3,3,11,3,0,
13632,3,3,11,3,0,
13633,3,3,11,3,0,
13634,4,6,2,4,0,
13635,4,4,2,4,0,
13636,3,3,11,3,0,
13637,4,4,2,4,1,99
13638,3,3,11,3,0,
13639,3,3,11,3,0,
13640,6,6,2,4,0,
13641,3,2,11,3,0,
13642,4,1,2,4,1,65
13643,3,2,5,2,0,
13644,2,2,5,2,0,
13645,3,3,11,3,0,
13646,3,3,11,3,0,
13647,3,3,11,3,0,
13648,2,2,5,2,0,
13649,3,3,11,3,1,99
13650,3,3,11,3,0,
13651,4,4,2,4,0,
13652,4,4,2,4,0,
13653,3,3,11,3,0,
13654,3,3,11,3,0,
13655,3,3,11,3,1,99
13656,4,4,2,4,0,
13657,3,3,11,3,0,
13658,8,8,8,8,0,
13659,4,4,5,2,1,73
13660,5,5,1,5,1,100
13661,5,5,1,5,0,
13662,2,2,5,2,0,
13663,3,2,11,3,1,97
13664,4,4,2,4,0,
13665,3,3,11,3,0,
13666,4,4,2,4,0,
13667,3,3,11,3,0,
13668,1,1,7,1,0,
13669,5,3,11,3,1,94
13670,2,2,5,2,0,
13671,3,3,11,3,1,99
13672,4,4,11,3,1,99
13673,3,3,11,3,0,
13674,6,6,2,4,0,
13675,4,4,11,3,0,
13676,4,4,2,4,0,
13677,3,2,2,4,0,
13678,3,3,11,3,0,
13679,5,5,1,5,1,100
13680,1,1,7,1,1,46
13681,2,2,11,3,0,
13682,3,3,11,3,0,
13683,4,3,2,4,0,
13684,3,3,11,3,0,
13685,3,2,11,3,0,
13686,3,3,11,3,0,
13687,2,2,5,2,0,
13688,4,2,2,4,0,
13689,4,4,2,4,0,
13690,3,3,11,3,0,
13691,2,4,2,4,1,68
13692,3,3,11,3,0,
13693,4,4,2,4,0,
13694,5,5,1,5,1,99
13695,4,4,11,3,0,
13696,2,2,5,2,0,
13697,3,3,11,3,0,
13698,4,4,2,4,0,
13699,4,3,11,3,0,
13700,2,2,5,2,1,99
13701,2,2,5,2,0,
13702,2,2,5,2,0,
13703,3,2,11,3,0,
13704,2,2,5,2,0,
13705,4,4,2,4,0,
13706,6,3,5,2,0,
13707,3,3,11,3,0,
13708,4,4,2,4,0,
13709,6,4,2,4,0,
13710,2,2,5,2,0,
13711,1,1,7,1,1,99
13712,3,3,11,3,1,87
13713,4,4,2,4,0,
13714,5,5,1,5,0,
13715,3,3,11,3,0,
13716,3,2,11,3,1,98
13717,2,2,5,2,1,99
13718,2,2,5,2,0,
13719,2,3,5,2,0,
13720,1,1,7,1,0,
13721,4,3,11,3,0,
13722,3,3,11,3,0,
13723,4,4,11,3,1,55
13724,3,3,11,3,1,99
13725,1,4,2,4,0,
13726,2,3,5,2,0,
13727,3,2,11,3,0,
13728,3,3,11,3,0,
13729,2,2,5,2,0,
13730,5,5,1,5,1,100
13731,3,2,5,2,0,
13732,3,3,11,3,0,
13733,4,4,11,3,0,
13734,2,2,5,2,1,94
13735,4,4,2,4,0,
13736,2,2,5,2,0,
13737,4,8,2,4,0,
13738,2,4,2,4,1,64
13739,5,5,1,5,0,
13740,2,2,5,2,0,
13741,1,2,7,1,0,
13742,4,4,2,4,0,
13743,4,4,2,4,0,
13744,4,4,2,4,0,
13745,4,6,2,4,0,
13746,4,6,11,3,1,99
13747,2,2,5,2,1,99
13749,3,3,11,3,0,
13750,2,2,5,2,1,98
13751,4,3,11,3,1,99
13752,3,2,5,2,0,
13748,3,6,11,3,0,
13768,3,3,11,3,0,
13769,4,4,2,4,0,
13770,4,3,11,3,0,
13771,6,6,2,4,0,
13772,2,2,5,2,0,
13773,3,3,8,8,0,
13753,2,2,5,2,1,71
13754,3,3,11,3,0,
13755,3,3,11,3,0,
13756,5,5,1,5,0,
13757,4,2,5,2,0,
13758,3,3,11,3,0,
13759,4,4,11,3,0,
13760,3,3,5,2,0,
13761,3,3,11,3,0,
13762,2,3,5,2,0,
13763,5,6,4,6,0,
13764,4,4,2,4,0,
13765,2,2,5,2,0,
13766,5,5,1,5,0,
13767,3,3,11,3,0,
13774,3,3,5,2,0,
13775,5,5,1,5,1,99
13776,2,3,11,3,0,
13777,3,2,11,3,1,90
13778,4,3,2,4,1,57
13779,4,4,2,4,0,
13780,5,5,1,5,0,
13781,4,4,2,4,0,
13782,4,4,2,4,0,
13783,3,3,11,3,0,
13784,3,3,11,3,0,
13785,3,3,11,3,0,
13786,3,3,11,3,0,
13787,3,4,11,3,0,
13788,3,3,11,3,0,
13789,4,4,2,4,0,
13790,2,2,5,2,0,
13791,3,3,11,3,0,
13792,3,3,11,3,0,
13793,3,3,11,3,0,
13794,3,3,11,3,1,71
13795,4,4,11,3,0,
13796,3,2,5,2,0,
13797,4,6,11,3,0,
13798,4,4,2,4,0,
13799,4,4,2,4,0,
13800,3,3,11,3,0,
13801,3,3,11,3,0,
13802,4,4,2,4,0,
13803,1,2,7,1,0,
13804,3,3,11,3,0,
13805,4,4,2,4,0,
13806,3,3,11,3,0,
13807,1,1,11,3,0,
13808,4,4,2,4,0,
13809,4,2,7,1,0,
13810,1,2,7,1,1,72
13811,3,3,11,3,0,
13812,2,2,5,2,0,
13813,2,2,5,2,0,
13814,1,2,7,1,0,
13815,3,3,2,4,1,87
13816,3,2,11,3,0,
13817,3,3,11,3,1,211
13818,3,3,11,3,0,
13819,2,2,5,2,0,
13820,3,3,11,3,0,
13821,3,3,11,3,0,
13822,2,2,5,2,0,
13823,2,2,5,2,0,
13824,3,2,11,3,0,
13825,3,3,11,3,0,
13826,3,3,11,3,0,
13827,1,2,7,1,0,
13828,1,2,5,2,0,
13829,3,3,11,3,0,
13830,4,6,2,4,1,99
13831,5,5,1,5,0,
13832,2,2,5,2,0,
13833,4,4,2,4,0,
13834,3,3,11,3,0,
13835,4,4,2,4,0,
13836,4,4,2,4,1,99
13837,3,3,11,3,0,
13838,4,4,2,4,0,
13839,6,6,11,3,0,
13840,3,3,11,3,0,
13841,4,4,2,4,0,
13842,4,4,2,4,0,
13843,3,3,5,2,0,
13844,1,2,7,1,0,
13845,3,3,11,3,0,
13846,3,3,11,3,0,
13847,3,3,11,3,0,
13848,3,3,11,3,0,
13849,2,2,5,2,0,
13850,3,3,11,3,0,
13851,5,5,1,5,0,
13852,3,3,5,2,0,
13853,3,3,11,3,1,99
13854,3,3,11,3,1,99
13855,3,3,11,3,0,
13856,3,1,11,3,1,71
13857,2,2,5,2,0,
13858,3,3,11,3,0,
13859,4,4,2,4,1,151
13860,4,4,2,4,0,
13861,5,5,1,5,0,
13862,4,4,11,3,0,
13863,2,2,5,2,0,
13864,4,4,7,1,0,
13865,3,3,11,3,0,
13866,3,3,11,3,0,
13867,2,2,5,2,0,
13868,3,3,11,3,0,
13869,2,2,5,2,0,
13870,1,1,7,1,1,59
13871,2,3,5,2,0,
13872,1,1,7,1,1,61
13873,3,3,11,3,1,80
13874,3,3,11,3,1,99
13875,3,2,2,4,0,
13876,1,5,7,1,0,
13877,4,4,2,4,0,
13878,3,3,11,3,0,
13879,2,2,7,1,0,
13880,2,2,5,2,0,
13881,3,3,11,3,0,
13882,2,2,5,2,0,
13883,4,4,11,3,0,
13884,3,3,11,3,1,94
13885,2,2,5,2,0,
13886,3,3,11,3,0,
13887,3,3,11,3,0,
13888,4,3,5,2,0,
13889,3,3,11,3,0,
13890,3,3,11,3,0,
13891,3,2,5,2,0,
13892,4,3,11,3,0,
13893,3,3,11,3,0,
13894,3,3,11,3,0,
13895,3,2,11,3,0,
13896,3,3,11,3,0,
13897,8,8,8,8,0,
13898,4,2,11,3,0,
13899,3,3,11,3,0,
13900,3,3,11,3,0,
13901,2,2,5,2,0,
13902,2,2,5,2,1,99
13903,3,3,11,3,0,
13904,4,4,2,4,1,73
13905,5,5,1,5,0,
13906,2,2,5,2,0,
13907,4,4,2,4,1,99
13908,4,4,2,4,0,
13909,4,4,2,4,0,
13910,4,4,11,3,0,
13911,5,5,1,5,0,
13912,5,5,1,5,0,
13913,2,2,5,2,0,
13914,3,3,11,3,0,
13915,3,2,11,3,1,63
13916,3,3,8,8,1,99
13917,3,3,2,4,0,
13918,3,4,2,4,1,151
13919,3,3,11,3,0,
13920,3,3,11,3,0,
13921,3,3,5,2,0,
13922,1,1,7,1,0,
13923,2,2,5,2,1,81
13924,3,3,11,3,1,99
13925,2,2,5,2,1,98
13926,4,4,11,3,1,98
13927,3,3,11,3,0,
13928,6,3,11,3,0,
13929,3,3,11,3,0,
13930,4,4,2,4,0,
13931,3,4,1,5,1,83
13932,4,4,2,4,0,
13933,3,3,8,8,0,
13934,3,2,11,3,1,97
13935,4,4,2,4,0,
13936,2,2,5,2,0,
13937,3,3,11,3,0,
13938,4,4,2,4,0,
13939,2,2,5,2,0,
13940,3,3,11,3,0,
13941,4,4,2,4,0,
13942,4,4,2,4,0,
13943,1,1,7,1,1,99
13944,3,3,11,3,0,
13945,4,4,2,4,1,99
13946,4,4,2,4,0,
13947,3,3,11,3,0,
13948,3,3,11,3,0,
13949,6,5,1,5,0,
13950,6,6,2,4,0,
13951,2,2,5,2,1,99
13952,3,3,11,3,0,
13953,1,1,7,1,1,99
13954,8,5,8,8,0,
13955,2,2,5,2,0,
13956,3,3,11,3,0,
13957,4,2,2,4,1,84
13958,4,4,2,4,0,
13959,3,3,11,3,0,
13960,3,2,5,2,0,
13961,3,3,11,3,1,99
13962,4,4,2,4,1,99
13963,4,4,2,4,0,
13964,4,2,5,2,0,
13965,2,1,5,2,0,
13966,3,4,2,4,1,54
13967,3,3,11,3,0,
13968,5,5,1,5,0,
13969,3,3,11,3,0,
13970,4,4,2,4,0,
13971,4,4,2,4,0,
13972,3,2,5,2,0,
13973,3,3,11,3,0,
13974,5,5,1,5,0,
13975,4,4,2,4,0,
13976,4,4,2,4,0,
13977,4,4,2,4,1,99
13978,3,3,11,3,0,
13979,4,4,2,4,0,
13980,4,4,2,4,0,
13981,2,2,5,2,0,
13982,3,3,11,3,0,
13983,5,5,1,5,0,
13984,3,3,11,3,1,99
13985,3,3,11,3,0,
13986,4,4,2,4,0,
13987,2,2,5,2,1,91
13988,1,1,7,1,0,
13989,3,3,11,3,0,
13990,4,3,2,4,0,
13991,3,3,11,3,0,
13992,2,2,5,2,1,99
13993,2,2,5,2,0,
13994,4,4,2,4,0,
13995,3,3,11,3,0,
13996,3,3,11,3,0,
13997,3,3,11,3,0,
13998,1,4,2,4,0,
13999,3,8,11,3,0,
14000,1,1,7,1,0,
14001,1,2,7,1,1,60
14002,2,2,5,2,0,
14003,1,3,7,1,0,
14004,3,3,11,3,0,
14005,6,6,2,4,0,
14006,1,1,7,1,0,
14007,3,3,11,3,0,
14008,2,2,5,2,0,
14009,4,4,2,4,0,
14010,3,8,11,3,0,
14011,2,2,5,2,0,
14012,3,3,11,3,0,
14013,3,3,11,3,0,
14014,3,3,11,3,0,
14015,2,2,5,2,0,
14016,5,3,5,2,0,
14017,4,4,2,4,0,
14018,2,2,5,2,0,
14019,4,4,2,4,0,
14020,3,3,11,3,1,84
14021,3,3,11,3,1,99
14022,4,4,2,4,0,
14023,4,4,2,4,1,99
14024,2,2,5,2,0,
14025,4,4,2,4,1,99
14026,5,5,1,5,0,
14027,4,4,2,4,0,
14028,3,3,11,3,0,
14029,6,2,2,4,0,
14030,3,2,11,3,1,98
14031,2,2,5,2,0,
14032,8,8,11,3,0,
14033,3,3,11,3,0,
14034,2,2,5,2,0,
14035,3,2,11,3,0,
14036,2,2,11,3,0,
14037,3,3,11,3,1,151
14038,3,3,11,3,0,
14039,3,3,11,3,0,
14040,8,8,11,3,0,
14041,2,2,5,2,0,
14042,3,3,11,3,0,
14043,3,3,11,3,0,
14044,4,4,2,4,0,
14045,3,3,11,3,0,
14046,4,4,11,3,0,
14047,3,3,11,3,0,
14048,3,3,11,3,0,
14049,3,2,11,3,0,
14050,3,3,11,3,0,
14051,1,1,2,4,0,
14052,2,2,5,2,0,
14053,3,3,11,3,1,99
14054,4,4,2,4,1,99
14055,3,3,11,3,1,99
14056,3,2,5,2,0,
14057,3,3,11,3,0,
14058,4,4,2,4,0,
14059,3,3,11,3,0,
14060,3,3,11,3,0,
14061,3,3,11,3,1,99
14062,3,3,11,3,0,
14063,4,4,2,4,0,
14064,3,3,11,3,0,
14065,3,3,11,3,0,
14066,3,3,11,3,1,99
14067,2,2,5,2,0,
14068,4,4,2,4,1,85
14069,3,2,5,2,0,
14070,3,3,11,3,0,
14071,2,2,5,2,0,
14072,3,3,11,3,0,
14073,4,4,5,2,1,73
14074,4,4,7,1,0,
14075,4,4,2,4,0,
14076,2,2,5,2,0,
14077,2,2,5,2,0,
14078,4,6,2,4,1,99
14079,5,5,1,5,0,
14080,3,3,11,3,0,
14081,3,3,11,3,0,
14082,4,4,2,4,0,
14083,4,4,2,4,0,
14084,3,3,11,3,0,
14085,3,3,11,3,0,
14086,2,2,5,2,1,93
14087,4,4,2,4,0,
14088,3,3,11,3,1,99
14089,4,4,11,3,0,
14090,3,2,11,3,0,
14091,2,2,11,3,0,
14092,4,2,5,2,0,
14093,3,3,11,3,0,
14094,4,4,11,3,0,
14095,1,1,5,2,1,94
14096,5,5,1,5,0,
14097,2,2,5,2,1,99
14098,2,2,5,2,0,
14099,3,3,11,3,0,
14100,3,3,11,3,0,
14101,6,6,2,4,0,
14102,4,4,2,4,0,
14103,3,3,11,3,0,
14104,3,3,11,3,0,
14105,3,3,11,3,0,
14106,4,4,2,4,0,
14107,4,4,2,4,0,
14108,3,3,11,3,0,
14109,3,2,5,2,1,99
14110,4,4,2,4,1,99
14111,3,4,11,3,0,
14112,3,3,11,3,1,99
14113,2,2,11,3,0,
14114,1,2,7,1,0,
14115,2,2,5,2,0,
14116,4,4,2,4,0,
14117,4,4,2,4,0,
14118,3,2,11,3,0,
14119,5,5,1,5,1,100
14120,4,4,2,4,1,99
14121,3,4,11,3,0,
14122,4,4,2,4,0,
14123,3,3,11,3,0,
14124,5,5,1,5,0,
14125,3,3,11,3,0,
14126,3,3,11,3,1,77
14127,3,3,11,3,0,
14128,4,4,11,3,1,90
14129,3,3,11,3,0,
14130,3,3,11,3,1,99
14131,3,8,11,3,1,93
14132,4,3,11,3,0,
14133,5,5,1,5,1,100
14134,1,1,7,1,0,
14135,2,2,5,2,0,
14136,4,4,11,3,0,
14137,3,3,11,3,0,
14138,6,6,2,4,0,
14139,4,4,2,4,0,
14140,3,3,11,3,0,
14141,4,4,2,4,0,
14142,2,2,5,2,0,
14143,3,3,8,8,0,
14144,5,5,1,5,0,
14145,1,3,5,2,0,
14146,4,4,2,4,0,
14147,3,2,5,2,1,98
14148,4,3,11,3,0,
14149,4,4,2,4,0,
14150,3,3,11,3,0,
14151,4,4,11,3,1,99
14152,3,3,11,3,0,
14153,4,6,2,4,0,
14154,3,3,11,3,0,
14155,1,2,5,2,1,80
14156,5,5,1,5,0,
14157,6,4,2,4,0,
14158,4,4,2,4,0,
14159,4,4,2,4,0,
14160,3,2,11,3,1,99
14161,3,2,5,2,0,
14162,4,4,2,4,0,
14163,4,4,2,4,0,
14164,2,2,5,2,1,87
14165,4,4,2,4,0,
14166,1,2,7,1,0,
14167,2,2,5,2,0,
14168,4,3,11,3,0,
14169,3,3,11,3,0,
14170,2,2,5,2,0,
14171,4,3,2,4,0,
14172,2,2,5,2,0,
14173,4,4,2,4,1,99
14174,3,2,5,2,0,
14175,3,3,11,3,1,99
14176,3,8,11,3,1,86
14177,4,3,11,3,1,71
14178,4,2,2,4,0,
14179,3,2,11,3,0,
14180,5,5,1,5,0,
14181,1,2,7,1,0,
14182,3,3,11,3,1,99
14183,3,3,11,3,0,
14184,2,2,5,2,0,
14185,4,4,2,4,0,
14186,3,3,11,3,0,
14187,2,2,5,2,0,
14188,4,4,2,4,1,98
14189,3,3,11,3,0,
14190,3,3,11,3,1,99
14191,4,4,2,4,0,
14192,3,3,11,3,1,99
14193,4,4,2,4,0,
14194,3,3,5,2,0,
14195,3,3,11,3,0,
14196,3,3,11,3,0,
14197,4,4,2,4,0,
14198,1,4,2,4,0,
14199,4,3,11,3,0,
14200,2,2,5,2,0,
14201,5,5,1,5,0,
14202,3,2,5,2,0,
14203,3,3,11,3,0,
14204,3,3,11,3,0,
14205,2,2,5,2,0,
14206,1,1,7,1,0,
14207,4,4,2,4,0,
14208,2,2,5,2,1,99
14209,3,2,5,2,1,92
14210,3,1,2,4,0,
14211,4,4,2,4,0,
14212,8,3,11,3,0,
14213,4,4,2,4,0,
14214,3,3,11,3,0,
14215,6,4,11,3,0,
14216,4,4,2,4,0,
14217,4,4,2,4,1,151
14218,4,4,2,4,0,
14219,5,6,1,5,0,
14220,4,4,2,4,1,98
14221,3,3,11,3,0,
14222,4,6,2,4,0,
14223,3,3,11,3,0,
14224,2,3,5,2,0,
14225,4,4,2,4,0,
14226,2,2,5,2,0,
14227,2,2,5,2,1,98
14228,4,4,11,3,0,
14229,3,3,11,3,0,
14230,3,3,11,3,0,
14231,5,5,1,5,0,
14232,3,3,11,3,0,
14233,4,4,2,4,1,65
14234,3,3,11,3,0,
14235,3,3,11,3,0,
14236,1,1,7,1,0,
14237,2,2,5,2,0,
14238,3,3,11,3,0,
14239,3,3,11,3,0,
14240,4,3,2,4,1,36
14241,3,3,11,3,0,
14242,1,1,7,1,1,99
14243,3,3,11,3,0,
14244,5,5,1,5,1,99
14245,1,1,7,1,0,
14246,2,2,5,2,0,
14247,3,3,5,2,0,
14248,4,4,2,4,1,99
14249,1,3,2,4,0,
14250,3,2,5,2,0,
14251,2,2,5,2,0,
14252,3,3,11,3,0,
14253,4,4,2,4,0,
14254,6,6,2,4,1,99
14255,3,3,11,3,0,
14256,2,2,5,2,0,
14257,4,4,2,4,0,
14258,4,4,2,4,0,
14259,3,3,11,3,0,
14260,4,6,2,4,0,
14261,3,3,11,3,1,99
14262,4,4,2,4,1,99
14263,3,2,11,3,0,
14264,2,2,5,2,1,99
14265,1,1,7,1,0,
14266,4,4,2,4,0,
14267,3,8,11,3,0,
14268,1,1,2,4,0,
14269,4,4,2,4,0,
14270,2,2,5,2,0,
14271,4,4,2,4,0,
14272,3,2,11,3,1,84
14273,2,2,5,2,0,
14274,4,4,2,4,1,151
14275,4,4,2,4,0,
14276,6,6,4,6,0,
14277,4,4,11,3,0,
14278,5,5,1,5,1,99
14279,2,2,5,2,0,
14280,3,2,5,2,1,95
14281,3,3,11,3,0,
14282,3,3,11,3,0,
14283,2,2,5,2,0,
14284,1,4,2,4,0,
14285,2,2,5,2,1,97
14286,2,2,5,2,0,
14287,4,4,11,3,1,99
14288,3,2,5,2,0,
14289,4,4,2,4,1,99
14290,6,6,4,6,1,99
14291,3,2,11,3,0,
14292,5,5,1,5,1,99
14293,3,3,11,3,0,
14294,4,4,2,4,0,
14295,8,8,8,8,0,
14296,4,4,2,4,0,
14297,1,1,7,1,1,99
14298,3,3,4,6,0,
14299,4,4,2,4,0,
14300,4,4,2,4,0,
14301,2,3,5,2,0,
14302,2,2,5,2,0,
14303,2,2,5,2,0,
14304,3,3,11,3,0,
14305,3,8,8,8,0,
14306,4,4,2,4,0,
14307,2,2,11,3,0,
14308,6,6,11,3,0,
14309,3,3,11,3,0,
14310,2,2,5,2,0,
14311,4,4,2,4,0,
14312,3,3,11,3,1,98
14313,3,2,11,3,0,
14314,2,2,11,3,0,
14315,5,5,1,5,0,
14316,3,2,5,2,0,
14317,3,3,5,2,0,
14318,6,6,2,4,1,99
14319,3,3,11,3,0,
14320,4,4,2,4,0,
14321,3,4,2,4,0,
14322,2,2,5,2,0,
14323,3,2,11,3,0,
14324,3,3,11,3,0,
14325,3,3,11,3,0,
14326,2,2,5,2,0,
14327,2,2,5,2,0,
14328,5,2,5,2,0,
14329,3,3,11,3,0,
14330,3,3,5,2,1,74
14331,3,2,11,3,0,
14332,4,4,2,4,0,
14333,5,5,1,5,0,
14334,3,3,11,3,1,97
14335,4,4,2,4,0,
14336,4,4,2,4,1,84
14337,4,4,2,4,0,
14338,1,6,2,4,0,
14339,3,3,11,3,0,
14340,6,6,4,6,0,
14341,3,3,11,3,0,
14342,3,3,11,3,0,
14343,4,4,2,4,0,
14344,6,6,2,4,0,
14345,5,6,4,6,0,
14346,3,4,2,4,0,
14347,2,2,5,2,0,
14348,4,4,2,4,0,
14349,4,4,2,4,0,
14350,4,4,2,4,1,99
14351,4,4,2,4,0,
14352,3,3,11,3,0,
14353,4,4,11,3,0,
14354,2,2,5,2,0,
14355,2,2,5,2,0,
14356,4,4,2,4,0,
14357,4,4,2,4,1,95
14358,1,1,7,1,0,
14359,5,5,1,5,1,99
14360,3,2,5,2,0,
14361,4,4,2,4,0,
14362,3,3,11,3,0,
14363,2,2,5,2,1,99
14364,3,3,11,3,0,
14365,2,2,11,3,0,
14366,3,2,5,2,0,
14367,3,3,5,2,0,
14368,2,2,5,2,0,
14369,4,4,2,4,0,
14370,4,4,11,3,0,
14371,3,3,11,3,0,
14372,3,3,11,3,0,
14373,3,3,11,3,0,
14374,1,1,7,1,0,
14375,2,2,5,2,1,98
14376,6,4,2,4,0,
14377,4,4,2,4,0,
14378,4,4,2,4,0,
14379,3,3,11,3,0,
14380,4,3,11,3,1,99
14381,3,3,11,3,0,
14382,2,2,5,2,0,
14383,2,2,5,2,0,
14384,3,3,11,3,0,
14385,1,1,7,1,0,
14386,4,4,2,4,0,
14387,5,5,1,5,0,
14388,5,5,1,5,0,
14389,2,2,5,2,0,
14390,3,3,11,3,0,
14391,5,0,1,5,0,
14392,5,5,1,5,0,
14393,6,6,2,4,0,
14394,3,3,5,2,1,99
14395,3,2,11,3,0,
14396,4,4,2,4,0,
14397,4,4,11,3,0,
14398,3,2,5,2,0,
14399,3,3,11,3,0,
14400,4,4,2,4,0,
14401,4,4,7,1,0,
14402,3,2,11,3,0,
14403,3,3,11,3,0,
14404,3,3,11,3,0,
14405,2,2,5,2,0,
14406,5,5,1,5,0,
14407,3,3,11,3,0,
14408,3,2,11,3,0,
14409,1,2,7,1,0,
14410,4,4,11,3,1,99
14411,3,3,11,3,0,
14412,4,4,2,4,0,
14413,4,6,2,4,0,
14414,4,4,2,4,0,
14415,4,4,2,4,0,
14416,3,3,11,3,0,
14417,3,3,11,3,0,
14418,3,3,11,3,0,
14419,2,2,5,2,0,
14420,3,3,11,3,1,56
14421,4,4,2,4,1,99
14422,3,8,11,3,0,
14423,4,4,2,4,0,
14424,4,4,2,4,0,
14425,4,4,2,4,1,99
14426,2,2,11,3,0,
14427,3,3,11,3,0,
14428,3,3,11,3,0,
14429,1,2,11,3,0,
14430,3,3,11,3,0,
14431,1,1,7,1,0,
14432,5,5,1,5,0,
14433,4,4,2,4,0,
14434,6,6,2,4,0,
14435,2,2,5,2,0,
14436,1,1,7,1,1,99
14437,3,3,11,3,0,
14438,4,4,2,4,0,
14439,4,4,2,4,0,
14440,2,2,5,2,0,
14441,6,6,2,4,0,
14442,4,3,11,3,1,64
14443,4,4,2,4,0,
14444,5,5,1,5,0,
14445,4,4,2,4,0,
14446,3,2,11,3,0,
14447,4,3,11,3,0,
14448,3,3,5,2,0,
14449,6,6,2,4,1,99
14450,2,2,5,2,0,
14451,3,3,2,4,0,
14452,8,8,8,8,1,99
14453,2,2,5,2,0,
14454,2,2,5,2,0,
14455,4,4,2,4,0,
14456,3,3,11,3,1,95
14457,4,4,2,4,1,97
14458,5,5,1,5,0,
14459,3,3,11,3,0,
14460,6,6,2,4,0,
14461,3,3,11,3,0,
14462,1,6,5,2,0,
14463,3,2,11,3,1,88
14464,4,4,7,1,0,
14465,3,3,11,3,0,
14466,2,2,5,2,0,
14467,4,4,2,4,0,
14468,3,3,11,3,0,
14469,3,3,5,2,0,
14470,3,3,11,3,0,
14471,4,4,2,4,0,
14472,2,2,2,4,0,
14473,3,3,11,3,0,
14474,4,4,2,4,1,71
14475,3,2,5,2,0,
14476,3,4,11,3,0,
14477,3,3,11,3,0,
14478,3,3,11,3,0,
14479,4,4,2,4,0,
14480,3,3,5,2,0,
14481,3,3,11,3,0,
14482,3,3,11,3,0,
14483,4,4,11,3,0,
14484,3,3,11,3,0,
14485,4,4,2,4,0,
14486,2,2,11,3,0,
14487,3,3,11,3,0,
14488,6,6,2,4,0,
14489,4,4,2,4,0,
14490,1,1,7,1,0,
14491,3,3,11,3,0,
14492,3,3,11,3,0,
14493,3,3,11,3,1,99
14494,4,4,2,4,0,
14495,4,4,2,4,1,98
14496,1,1,2,4,0,
14497,4,4,2,4,0,
14498,3,3,11,3,0,
14499,4,4,2,4,0,
14500,3,3,11,3,1,97
14501,3,3,11,3,0,
14502,1,1,7,1,1,95
14503,4,4,11,3,0,
14504,3,2,5,2,0,
14505,4,4,2,4,0,
14506,3,3,11,3,0,
14507,3,3,11,3,0,
14508,4,4,2,4,1,99
14509,3,3,11,3,0,
14510,3,3,11,3,0,
14511,4,4,2,4,0,
14512,1,2,7,1,0,
14513,3,3,11,3,1,89
14514,5,6,11,3,0,
14515,4,4,2,4,0,
14516,2,2,5,2,0,
14517,2,2,5,2,0,
14518,3,3,11,3,0,
14519,3,2,5,2,0,
14520,4,3,11,3,1,99
14521,4,4,2,4,0,
14522,4,4,2,4,0,
14523,8,3,11,3,0,
14524,2,2,11,3,1,99
14525,2,2,11,3,1,81
14526,4,4,2,4,1,87
14527,3,3,11,3,0,
14528,4,4,2,4,0,
14529,2,2,5,2,0,
14530,1,1,7,1,0,
14531,3,2,5,2,0,
14532,3,3,11,3,0,
14533,4,4,2,4,0,
14534,3,6,11,3,0,
14535,4,4,2,4,0,
14536,5,5,1,5,0,
14537,3,2,11,3,0,
14538,3,2,2,4,0,
14539,2,3,11,3,0,
14540,3,3,2,4,0,
14541,6,6,2,4,0,
14542,5,5,1,5,0,
14543,3,3,11,3,0,
14544,4,6,2,4,1,99
14545,2,2,5,2,0,
14546,2,2,5,2,1,99
14547,3,3,11,3,0,
14548,2,3,11,3,0,
14549,6,1,11,3,1,87
14550,2,2,5,2,0,
14551,4,4,2,4,0,
14552,5,5,1,5,0,
14553,2,3,11,3,0,
14554,4,4,2,4,0,
14555,6,4,2,4,0,
14556,5,5,1,5,0,
14557,1,1,7,1,1,96
14558,4,4,2,4,0,
14559,4,4,2,4,1,92
14560,3,2,11,3,1,53
14561,4,4,2,4,0,
14562,3,3,11,3,0,
14563,3,3,11,3,0,
14564,3,3,11,3,0,
14565,3,3,11,3,0,
14566,2,2,5,2,0,
14567,6,4,2,4,0,
14568,3,2,11,3,0,
14569,4,3,11,3,1,83
14570,2,2,5,2,0,
14571,3,3,11,3,1,92
14572,3,3,11,3,0,
14573,3,3,11,3,0,
14574,3,2,11,3,1,99
14575,3,3,11,3,1,99
14576,3,3,11,3,0,
14577,3,3,11,3,0,
14578,2,3,5,2,0,
14579,4,4,2,4,1,99
14580,4,4,7,1,0,
14581,4,4,2,4,0,
14582,3,3,11,3,0,
14583,4,4,2,4,1,99
14584,3,4,11,3,1,151
14585,3,3,11,3,0,
14586,1,2,11,3,0,
14587,6,6,11,3,0,
14588,4,4,2,4,0,
14589,3,3,11,3,0,
14590,4,4,2,4,0,
14591,2,2,5,2,0,
14592,3,3,11,3,0,
14593,3,3,11,3,0,
14594,3,3,5,2,0,
14595,1,1,7,1,0,
14596,2,3,5,2,0,
14597,5,5,1,5,0,
14598,4,4,2,4,1,99
14599,6,3,11,3,0,
14600,3,2,5,2,0,
14601,3,3,11,3,0,
14602,4,4,2,4,0,
14603,4,1,7,1,0,
14604,3,3,11,3,0,
14605,4,4,2,4,0,
14606,2,2,5,2,0,
14607,1,1,2,4,0,
14608,2,2,5,2,0,
14609,2,2,5,2,1,99
14610,4,3,11,3,1,95
14611,3,3,5,2,0,
14612,4,4,2,4,0,
14613,4,4,2,4,0,
14614,4,4,2,4,0,
14615,3,3,5,2,0,
14616,2,2,5,2,0,
14617,2,2,5,2,1,99
14618,3,2,11,3,0,
14619,2,2,5,2,0,
14620,3,3,11,3,0,
14621,3,3,11,3,0,
14622,4,4,2,4,0,
14623,3,3,11,3,0,
14624,4,4,2,4,0,
14625,2,2,5,2,0,
14626,2,2,5,2,0,
14627,3,3,11,3,0,
14628,3,3,11,3,0,
14629,3,3,11,3,0,
14630,4,4,2,4,0,
14631,4,4,11,3,0,
14632,2,2,11,3,0,
14633,3,4,11,3,0,
14634,5,5,1,5,0,
14635,3,2,11,3,0,
14636,5,5,1,5,0,
14637,4,4,2,4,0,
14638,3,3,11,3,0,
14639,5,6,2,4,0,
14640,4,4,2,4,1,99
14641,4,4,2,4,0,
14642,8,8,8,8,0,
14643,2,2,5,2,0,
14644,1,4,2,4,0,
14645,1,1,7,1,0,
14646,1,2,4,6,0,
14647,3,2,11,3,0,
14648,3,3,11,3,0,
14649,3,2,5,2,0,
14650,3,3,11,3,0,
14651,3,2,5,2,0,
14652,3,3,11,3,0,
14653,4,4,11,3,0,
14654,3,3,11,3,0,
14655,3,3,5,2,1,69
14656,3,3,5,2,0,
14657,5,5,1,5,0,
14658,2,2,5,2,0,
14659,1,4,2,4,0,
14660,6,6,2,4,0,
14661,1,2,11,3,0,
14662,4,4,11,3,1,151
14663,3,3,11,3,0,
14664,1,1,7,1,0,
14665,3,3,11,3,0,
14666,5,8,1,5,0,
14667,2,6,11,3,1,99
14668,1,2,5,2,0,
14669,2,2,5,2,0,
14670,4,4,2,4,0,
14671,3,3,11,3,0,
14672,2,2,5,2,0,
14673,3,3,11,3,0,
14674,2,2,5,2,0,
14675,3,3,11,3,0,
14676,3,4,2,4,0,
14677,3,2,11,3,0,
14678,3,3,11,3,0,
14679,3,3,11,3,1,99
14680,2,3,5,2,0,
14681,3,3,11,3,1,99
14682,3,3,11,3,0,
14683,2,2,5,2,0,
14684,3,3,11,3,0,
14685,6,6,4,6,0,
14686,5,5,1,5,0,
14687,4,3,11,3,0,
14688,3,3,11,3,1,99
14689,5,5,1,5,0,
14690,2,3,5,2,1,92
14691,3,3,11,3,0,
14692,2,2,5,2,0,
14693,3,3,11,3,0,
14694,4,4,2,4,0,
14695,1,3,7,1,0,
14696,2,2,5,2,1,99
14697,3,2,11,3,0,
14698,6,6,2,4,0,
14699,3,3,11,3,0,
14700,3,3,11,3,0,
14701,2,2,5,2,1,98
14702,1,1,7,1,0,
14703,3,3,11,3,0,
14704,3,3,11,3,0,
14705,3,3,11,3,0,
14706,3,3,11,3,0,
14707,3,2,5,2,0,
14708,4,4,5,2,0,
14709,3,2,11,3,0,
14710,5,5,1,5,1,99
14711,4,4,2,4,0,
14712,1,3,11,3,0,
14713,3,3,11,3,0,
14714,3,2,11,3,0,
14715,4,4,2,4,0,
14716,1,1,7,1,0,
14717,2,2,5,2,0,
14718,3,3,11,3,0,
14719,4,4,2,4,1,99
14720,1,1,2,4,0,
14721,2,2,5,2,0,
14722,2,2,5,2,1,99
14723,3,3,11,3,1,99
14724,2,2,5,2,1,99
14725,2,2,5,2,0,
14726,3,3,11,3,0,
14727,2,2,5,2,0,
14728,6,6,11,3,0,
14729,3,3,11,3,0,
14730,2,2,5,2,0,
14731,3,3,11,3,0,
14732,8,8,8,8,1,99
14733,3,3,11,3,0,
14734,4,4,2,4,0,
14735,4,6,2,4,0,
14736,5,5,1,5,0,
14737,5,5,1,5,0,
14738,4,4,2,4,0,
14739,3,3,11,3,1,99
14740,4,4,11,3,0,
14741,3,3,11,3,0,
14742,3,3,11,3,0,
14743,3,3,11,3,0,
14744,2,2,5,2,1,99
14745,3,3,2,4,0,
14746,4,2,4,6,0,
14747,2,2,5,2,0,
14748,3,3,11,3,1,99
14749,4,4,2,4,0,
14750,2,2,11,3,0,
14751,1,1,7,1,0,
14752,2,2,5,2,0,
14753,6,4,2,4,0,
14754,4,4,2,4,1,94
14755,3,3,11,3,0,
14756,6,6,2,4,0,
14757,4,4,2,4,0,
14758,3,3,11,3,0,
14759,3,3,11,3,0,
14760,3,3,11,3,0,
14761,3,3,11,3,0,
14762,3,3,11,3,0,
14763,2,2,5,2,0,
14764,6,6,2,4,1,100
14765,3,3,11,3,0,
14766,3,3,11,3,0,
14767,3,2,5,2,0,
14768,2,2,5,2,0,
14769,4,4,2,4,0,
14770,3,2,5,2,0,
14771,4,4,2,4,0,
14772,3,3,11,3,0,
14773,4,4,11,3,1,99
14774,3,3,11,3,0,
14775,3,3,11,3,0,
14776,4,2,2,4,0,
14777,3,8,11,3,0,
14778,3,3,11,3,0,
14779,3,3,11,3,0,
14780,2,2,5,2,1,97
14781,3,4,11,3,0,
14782,3,3,11,3,0,
14783,2,2,5,2,0,
14784,3,3,11,3,0,
14785,3,3,11,3,0,
14786,2,2,5,2,1,99
14787,6,6,2,4,0,
14788,4,4,2,4,0,
14789,3,2,5,2,0,
14790,3,3,11,3,0,
14791,6,4,2,4,0,
14792,3,3,11,3,0,
14793,1,6,5,2,0,
14794,1,1,11,3,0,
14795,4,3,11,3,0,
14796,3,3,11,3,1,92
14797,5,5,1,5,0,
14798,3,3,11,3,0,
14799,2,2,11,3,0,
14800,4,3,11,3,0,
14801,4,4,2,4,0,
14802,3,3,11,3,0,
14803,2,2,5,2,1,98
14804,4,4,11,3,0,
14805,3,3,11,3,0,
14806,2,2,5,2,0,
14807,3,3,11,3,1,99
14808,1,1,1,5,0,
14809,2,2,5,2,0,
14810,4,4,2,4,0,
14811,3,3,11,3,0,
14812,4,4,2,4,0,
14813,2,2,5,2,0,
14814,4,4,2,4,0,
14815,3,3,11,3,0,
14816,2,2,5,2,0,
14817,6,8,1,5,0,
14818,3,2,5,2,0,
14819,3,3,11,3,0,
14820,3,3,11,3,0,
14821,3,2,11,3,1,97
14822,3,2,7,1,1,96
14823,2,2,11,3,0,
14824,4,2,7,1,1,84
14825,3,3,11,3,0,
14826,3,3,11,3,0,
14827,2,2,5,2,0,
14828,3,3,11,3,0,
14829,2,2,5,2,0,
14830,4,4,2,4,1,98
14831,3,3,11,3,0,
14832,4,4,2,4,0,
14833,4,3,11,3,0,
14834,4,4,2,4,0,
14835,4,4,2,4,0,
14836,6,6,2,4,0,
14837,4,4,11,3,0,
14838,3,2,5,2,1,72
14839,1,1,7,1,1,95
14840,3,3,11,3,0,
14841,3,3,11,3,1,90
14842,4,4,11,3,0,
14843,4,4,2,4,0,
14844,4,4,2,4,0,
14845,3,3,11,3,0,
14846,3,3,5,2,1,96
14847,3,2,11,3,0,
14848,4,3,11,3,0,
14849,2,2,5,2,0,
14850,5,5,0,0,1,99
14851,4,4,2,4,0,
14852,3,8,11,3,0,
14853,4,3,11,3,1,99
14854,2,2,5,2,1,99
14855,3,3,11,3,0,
14856,4,4,2,4,0,
14857,3,3,11,3,1,89
14858,5,5,1,5,0,
14859,3,6,5,2,1,99
14860,1,1,7,1,0,
14861,2,2,5,2,0,
14862,4,4,2,4,1,90
14863,3,3,11,3,0,
14864,4,4,7,1,0,
14865,2,2,5,2,0,
14866,2,2,5,2,0,
14867,4,4,2,4,0,
14868,5,5,1,5,0,
14869,3,3,11,3,1,99
14870,3,8,11,3,0,
14871,4,4,11,3,0,
14872,5,5,1,5,0,
14873,3,3,11,3,0,
14874,6,6,2,4,1,99
14875,3,3,11,3,1,99
14876,3,3,11,3,0,
14877,3,3,11,3,0,
14878,4,4,2,4,0,
14879,4,4,2,4,0,
14880,3,2,11,3,0,
14881,3,3,11,3,0,
14882,3,3,11,3,0,
14883,4,4,2,4,0,
14884,3,3,11,3,1,97
14885,2,2,5,2,0,
14886,3,3,11,3,1,99
14887,3,3,11,3,1,99
14888,3,3,8,8,0,
14889,1,1,7,1,0,
14890,4,4,2,4,0,
14891,3,3,11,3,0,
14892,3,3,11,3,0,
14893,4,4,2,4,1,99
14894,6,6,2,4,0,
14895,3,3,11,3,0,
14896,2,2,5,2,0,
14897,3,3,11,3,1,66
14898,4,4,11,3,0,
14899,3,3,11,3,1,99
14900,2,2,5,2,0,
14901,3,6,2,4,0,
14902,4,4,2,4,0,
14903,5,5,1,5,0,
14904,2,2,11,3,0,
14905,4,4,2,4,0,
14906,3,3,11,3,0,
14907,3,3,11,3,0,
14908,3,3,11,3,1,99
14909,4,4,2,4,0,
14910,3,3,11,3,0,
14911,4,6,2,4,1,99
14912,3,2,11,3,0,
14913,1,1,7,1,0,
14914,4,3,11,3,0,
14915,1,1,7,1,1,99
14916,4,4,11,3,1,71
14917,6,6,2,4,1,99
14918,6,6,11,3,0,
14919,2,2,5,2,0,
14920,2,2,5,2,0,
14921,3,3,11,3,0,
14922,3,3,11,3,0,
14923,2,2,5,2,0,
14924,3,3,5,2,0,
14925,1,1,7,1,0,
14926,4,4,2,4,0,
14927,4,4,11,3,0,
14928,3,3,11,3,0,
14929,4,4,2,4,1,96
14930,1,6,7,1,0,
14931,6,4,7,1,0,
14932,6,6,2,4,1,99
14933,4,4,2,4,0,
14934,3,3,11,3,0,
14935,3,3,11,3,0,
14936,3,2,11,3,1,99
14937,3,3,11,3,0,
14938,2,2,5,2,0,
14939,4,4,2,4,0,
14940,2,2,5,2,0,
14941,5,5,1,5,0,
14942,3,3,11,3,0,
14943,4,4,2,4,1,92
14944,3,2,5,2,0,
14945,3,3,11,3,0,
14946,4,4,2,4,0,
14947,6,6,11,3,0,
14948,4,4,2,4,0,
14949,6,6,2,4,0,
14950,6,6,11,3,0,
14951,5,5,1,5,0,
14952,3,3,11,3,0,
14953,3,3,11,3,1,94
14954,3,3,11,3,0,
14955,2,2,5,2,0,
14956,3,3,11,3,0,
14957,4,4,2,4,0,
14958,3,3,11,3,0,
14959,3,3,11,3,0,
14960,3,3,11,3,0,
14961,3,3,11,3,1,99
14962,3,2,2,4,1,98
14963,2,2,5,2,0,
14964,1,1,7,1,0,
14965,6,6,4,6,0,
14966,4,4,2,4,0,
14967,2,2,5,2,0,
14968,3,3,11,3,0,
14969,3,3,11,3,0,
14970,4,4,11,3,0,
14971,4,4,2,4,0,
14972,4,4,2,4,0,
14973,3,3,5,2,0,
14974,3,2,11,3,0,
14975,4,4,2,4,0,
14976,4,4,2,4,0,
14977,4,6,2,4,0,
14978,2,2,5,2,0,
14979,4,4,2,4,0,
14980,4,4,2,4,0,
14981,6,6,2,4,0,
14982,4,4,2,4,0,
14983,3,8,11,3,0,
14984,3,3,11,3,0,
14985,5,5,1,5,0,
14986,5,5,1,5,0,
14987,2,3,11,3,0,
14988,3,3,11,3,1,99
14989,1,4,2,4,1,76
14990,4,4,11,3,0,
14991,3,4,11,3,0,
14992,3,3,5,2,0,
14993,4,4,2,4,0,
14994,4,6,2,4,0,
14995,5,6,1,5,0,
14996,4,4,2,4,1,87
14997,3,3,11,3,0,
14998,1,1,7,1,0,
14999,2,2,5,2,0,
15000,3,3,11,3,1,99
15001,3,3,11,3,0,
15002,3,3,11,3,0,
15003,2,2,5,2,0,
15004,4,4,2,4,0,
15005,3,3,11,3,0,
15006,3,3,11,3,0,
15007,3,1,5,2,0,
15008,3,2,5,2,0,
15009,5,5,1,5,1,100
15010,4,4,2,4,0,
15011,8,8,11,3,0,
15012,4,4,11,3,0,
15013,4,4,2,4,0,
15014,6,6,2,4,1,99
15015,1,2,7,1,0,
15016,1,1,7,1,0,
15017,2,2,5,2,0,
15018,3,3,11,3,0,
15019,5,5,1,5,0,
15020,4,4,2,4,0,
15021,4,4,2,4,0,
15022,4,4,2,4,1,99
15023,4,3,11,3,1,152
15024,3,3,11,3,0,
15025,4,4,2,4,0,
15026,3,3,11,3,0,
15027,4,4,2,4,0,
15028,4,4,2,4,1,97
15029,3,2,5,2,1,96
15030,3,3,11,3,0,
15031,8,8,1,5,1,211
15032,3,2,11,3,0,
15033,3,2,5,2,0,
15034,3,3,11,3,0,
15035,4,4,2,4,0,
15036,4,4,2,4,0,
15037,4,3,11,3,0,
15038,6,2,5,2,0,
15039,6,6,5,2,0,
15040,4,4,2,4,0,
15041,2,2,5,2,1,88
15042,3,3,11,3,0,
15043,3,3,11,3,0,
15044,2,2,5,2,0,
15045,2,2,5,2,0,
15046,5,5,1,5,0,
15047,3,3,11,3,0,
15048,4,4,2,4,0,
15049,2,2,5,2,0,
15050,3,3,11,3,1,99
15051,3,3,11,3,1,87
15052,3,3,11,3,0,
15053,2,2,5,2,0,
15054,6,6,2,4,0,
15055,5,5,1,5,0,
15056,3,2,5,2,1,67
15057,2,2,5,2,0,
15058,3,3,11,3,1,91
15059,3,3,11,3,1,99
15060,3,3,11,3,0,
15061,4,4,2,4,0,
15062,3,3,11,3,1,96
15063,4,4,2,4,0,
15064,4,4,2,4,0,
15065,4,3,11,3,1,152
15066,1,1,7,1,0,
15067,3,2,5,2,0,
15068,3,4,11,3,0,
15069,3,6,11,3,1,99
15070,3,3,11,3,0,
15071,3,3,11,3,1,211
15072,3,3,11,3,1,95
15073,8,8,8,8,0,
15074,1,1,7,1,0,
15075,3,3,5,2,0,
15076,4,4,2,4,1,97
15077,4,4,2,4,0,
15078,3,3,11,3,0,
15079,3,3,11,3,0,
15080,1,1,7,1,0,
15081,8,8,8,8,0,
15082,2,2,5,2,0,
15083,2,2,5,2,1,97
15084,2,2,5,2,0,
15085,1,6,7,1,0,
15086,1,2,2,4,1,81
15087,3,3,11,3,1,99
15088,1,1,11,3,0,
15089,4,4,2,4,0,
15090,3,3,11,3,0,
15091,4,4,2,4,0,
15092,4,4,2,4,0,
15093,3,2,11,3,0,
15094,2,2,5,2,0,
15095,3,3,5,2,0,
15096,3,3,11,3,0,
15097,4,4,11,3,0,
15098,4,4,2,4,1,99
15099,2,2,5,2,0,
15100,3,3,11,3,0,
15101,4,4,2,4,0,
15102,8,8,8,8,0,
15103,2,2,5,2,0,
15104,4,4,2,4,0,
15105,1,4,7,1,0,
15106,4,4,2,4,1,71
15107,3,3,11,3,0,
15108,4,4,2,4,0,
15109,1,2,7,1,0,
15110,2,2,5,2,0,
15111,3,2,5,2,0,
15112,4,6,2,4,0,
15113,2,2,5,2,0,
15114,4,4,2,4,1,99
15115,3,3,11,3,0,
15116,6,6,11,3,0,
15117,4,4,2,4,0,
15118,3,3,2,4,0,
15119,2,2,5,2,0,
15120,3,6,11,3,0,
15121,3,2,11,3,1,91
15122,2,2,5,2,0,
15123,3,6,11,3,0,
15124,3,3,11,3,1,97
15125,3,3,11,3,0,
15126,4,3,11,3,0,
15127,3,3,11,3,0,
15128,3,3,11,3,0,
15129,3,4,11,3,0,
15130,3,3,11,3,0,
15131,4,3,2,4,1,151
15132,4,4,11,3,0,
15133,5,5,1,5,0,
15134,2,2,5,2,0,
15135,3,3,5,2,1,68
15136,3,3,11,3,0,
15137,4,4,11,3,0,
15138,3,2,11,3,0,
15139,4,4,11,3,0,
15140,2,2,5,2,0,
15141,3,2,2,4,1,77
15142,4,4,2,4,0,
15143,4,4,2,4,0,
15144,4,3,11,3,0,
15145,3,2,2,4,0,
15146,4,4,2,4,0,
15147,2,2,5,2,0,
15148,3,3,11,3,0,
15149,2,2,5,2,0,
15150,6,6,2,4,0,
15151,4,4,2,4,0,
15152,4,4,2,4,0,
15153,1,1,7,1,1,80
15154,3,8,11,3,0,
15155,4,4,2,4,0,
15156,4,4,2,4,1,89
15157,3,3,11,3,0,
15158,5,5,1,5,0,
15159,3,2,7,1,0,
15160,2,2,5,2,0,
15161,2,2,5,2,0,
15162,6,6,2,4,1,99
15163,1,1,7,1,1,96
15164,2,2,11,3,0,
15165,4,4,2,4,0,
15166,1,3,7,1,0,
15167,3,4,11,3,0,
15168,2,2,5,2,0,
15169,2,2,5,2,0,
15170,4,4,11,3,1,151
15171,2,2,5,2,0,
15172,3,3,5,2,1,96
15173,3,2,11,3,0,
15174,2,2,5,2,0,
15175,3,3,11,3,0,
15176,5,5,1,5,0,
15177,4,4,2,4,1,99
15178,6,6,2,4,0,
15179,3,3,5,2,1,90
15180,1,4,2,4,0,
15181,4,4,2,4,0,
15182,5,5,1,5,1,99
15183,5,4,1,5,0,
15184,6,6,11,3,0,
15185,3,3,5,2,0,
15186,4,4,2,4,0,
15187,1,1,2,4,0,
15188,4,4,11,3,0,
15189,4,4,2,4,0,
15190,2,2,5,2,0,
15191,3,3,11,3,0,
15192,5,5,1,5,0,
15193,4,4,2,4,0,
15194,2,2,5,2,0,
15195,4,4,2,4,0,
15196,2,2,5,2,0,
15197,6,2,11,3,0,
15198,3,3,11,3,0,
15199,2,2,5,2,0,
15200,3,3,11,3,0,
15201,3,4,2,4,0,
15202,3,3,11,3,1,99
15203,4,4,2,4,0,
15204,3,3,11,3,0,
15205,4,4,2,4,0,
15206,4,4,2,4,0,
15207,1,1,7,1,0,
15208,3,3,11,3,1,65
15209,4,4,2,4,0,
15210,3,3,11,3,0,
15211,3,3,11,3,0,
15212,5,5,8,8,0,
15213,1,1,7,1,0,
15214,3,2,5,2,0,
15215,2,2,5,2,0,
15216,3,3,11,3,0,
15217,4,4,2,4,0,
15218,1,3,11,3,0,
15219,3,3,11,3,0,
15220,3,3,11,3,0,
15221,4,4,2,4,0,
15222,3,3,11,3,0,
15223,3,3,11,3,0,
15224,3,3,11,3,0,
15225,8,3,11,3,0,
15226,3,3,11,3,0,
15227,3,4,11,3,0,
15228,2,2,5,2,1,99
15229,3,3,11,3,0,
15230,3,3,11,3,0,
15231,3,3,11,3,1,99
15232,3,2,5,2,0,
15233,2,2,5,2,0,
15234,6,6,2,4,0,
15235,4,4,2,4,1,85
15236,3,3,11,3,1,96
15237,3,3,11,3,0,
15238,3,3,11,3,0,
15239,2,2,5,2,0,
15240,1,2,5,2,1,95
15241,4,4,2,4,0,
15242,3,2,11,3,0,
15243,6,6,11,3,1,99
15244,3,3,11,3,0,
15245,3,3,11,3,1,99
15246,3,1,7,1,0,
15247,8,8,8,8,0,
15248,4,4,2,4,0,
15249,4,4,11,3,0,
15250,4,3,11,3,0,
15251,3,3,11,3,0,
15252,3,3,11,3,0,
15253,4,4,2,4,0,
15254,4,4,2,4,0,
15255,4,4,2,4,1,99
15256,5,5,1,5,0,
15257,4,4,2,4,0,
15258,5,5,1,5,0,
15259,3,3,11,3,1,51
15260,4,4,2,4,0,
15261,2,2,5,2,1,99
15262,1,1,7,1,0,
15263,4,4,2,4,0,
15264,6,6,2,4,0,
15265,3,3,11,3,0,
15266,3,3,5,2,0,
15267,5,5,1,5,0,
15268,3,3,11,3,0,
15269,3,4,11,3,1,59
15270,4,4,2,4,1,95
15271,3,3,11,3,0,
15272,3,2,11,3,0,
15273,4,4,2,4,1,95
15274,5,5,1,5,0,
15275,4,4,2,4,0,
15276,2,2,5,2,1,99
15277,2,2,5,2,0,
15278,3,3,11,3,0,
15279,4,3,11,3,1,98
15280,8,8,8,8,0,
15281,1,1,7,1,1,95
15282,2,2,5,2,0,
15283,3,3,11,3,0,
15284,3,4,9,7,1,97
15285,3,6,11,3,1,99
15286,7,7,9,7,0,
15287,8,3,8,8,0,
15288,4,2,11,3,0,
15289,1,2,5,2,0,
15290,6,6,11,3,0,
15291,3,3,11,3,0,
15292,3,3,11,3,0,
15293,1,1,5,2,0,
15294,5,5,1,5,1,99
15295,4,4,2,4,0,
15296,3,3,11,3,0,
15297,3,3,11,3,1,99
15298,2,2,5,2,0,
15299,4,2,2,4,0,
15300,1,1,7,1,1,97
15301,6,6,11,3,0,
15302,1,1,7,1,0,
15303,2,2,5,2,0,
15304,2,2,5,2,0,
15305,4,4,2,4,0,
15306,1,1,7,1,0,
15307,4,4,2,4,0,
15308,4,4,2,4,0,
15309,3,3,11,3,0,
15310,6,6,2,4,0,
15311,3,3,11,3,0,
15312,3,3,11,3,0,
15313,2,2,5,2,0,
15314,4,4,2,4,0,
15315,5,5,1,5,1,100
15316,5,6,1,5,0,
15317,3,2,2,4,0,
15318,4,4,2,4,0,
15319,4,4,2,4,0,
15320,3,3,11,3,1,99
15321,2,2,5,2,0,
15322,5,5,1,5,0,
15323,8,8,8,8,0,
15324,6,6,11,3,0,
15325,4,4,11,3,0,
15326,3,3,11,3,0,
15327,2,2,5,2,1,99
15328,2,2,5,2,0,
15329,4,4,2,4,1,99
15330,3,3,11,3,0,
15331,4,6,5,2,0,
15332,4,4,11,3,0,
15333,5,5,1,5,0,
15334,1,1,7,1,0,
15335,4,4,2,4,1,96
15336,3,3,11,3,0,
15337,2,2,5,2,0,
15338,4,4,2,4,0,
15339,1,2,5,2,0,
15340,3,2,11,3,0,
15341,3,3,11,3,0,
15342,1,1,7,1,1,99
15343,4,3,11,3,0,
15344,5,5,1,5,0,
15345,4,3,11,3,0,
15346,4,2,2,4,0,
15347,3,8,11,3,0,
15348,3,3,11,3,1,99
15349,6,6,2,4,0,
15350,3,3,11,3,0,
15351,2,2,5,2,0,
15352,6,6,2,4,0,
15353,3,2,11,3,0,
15354,5,5,1,5,1,99
15355,4,4,2,4,0,
15356,2,2,5,2,0,
15357,4,4,2,4,0,
15358,1,1,7,1,0,
15359,5,5,1,5,0,
15360,1,2,2,4,1,53
15361,6,3,11,3,0,
15362,3,3,5,2,0,
15363,3,3,11,3,0,
15364,3,3,11,3,0,
15365,3,3,7,1,0,
15366,2,2,5,2,0,
15367,6,4,2,4,0,
15368,2,2,5,2,0,
15369,6,6,2,4,0,
15370,3,3,11,3,0,
15371,3,3,11,3,1,99
15372,4,4,2,4,0,
15373,2,2,5,2,0,
15374,1,1,7,1,0,
15375,2,2,11,3,0,
15376,3,2,11,3,1,53
15377,3,3,11,3,1,99
15378,3,3,11,3,0,
15379,4,4,1,5,1,92
15380,4,4,2,4,0,
15381,3,3,11,3,0,
15382,2,2,5,2,0,
15383,3,3,11,3,0,
15384,3,3,8,8,0,
15385,3,3,11,3,0,
15386,3,3,11,3,0,
15387,3,3,11,3,0,
15388,2,2,11,3,0,
15389,1,1,7,1,0,
15390,4,4,2,4,1,99
15391,4,4,2,4,0,
15392,4,4,2,4,0,
15393,4,4,11,3,0,
15394,4,4,2,4,0,
15395,2,2,5,2,0,
15396,2,2,5,2,0,
15397,3,3,11,3,0,
15398,6,2,2,4,0,
15399,2,2,5,2,1,80
15400,2,2,5,2,0,
15401,2,2,5,2,1,63
15402,3,3,11,3,0,
15403,5,5,1,5,0,
15404,5,5,1,5,0,
15405,2,2,5,2,0,
15406,2,2,5,2,0,
15407,3,3,11,3,0,
15408,4,4,2,4,0,
15409,3,3,11,3,0,
15410,5,5,1,5,1,100
15411,3,3,11,3,0,
15412,4,4,2,4,0,
15413,3,3,11,3,0,
15414,6,4,2,4,0,
15415,3,3,11,3,0,
15416,4,4,2,4,1,99
15417,2,2,5,2,0,
15418,2,2,5,2,0,
15419,4,3,7,1,0,
15420,4,4,2,4,0,
15421,1,2,2,4,0,
15422,3,2,5,2,0,
15423,1,2,7,1,1,90
15424,4,4,2,4,0,
15425,5,6,1,5,0,
15426,3,3,11,3,0,
15427,3,3,11,3,0,
15428,2,2,7,1,0,
15429,4,4,2,4,0,
15430,4,4,2,4,0,
15431,2,2,5,2,1,99
15432,3,3,11,3,0,
15433,4,4,2,4,1,99
15434,4,4,2,4,0,
15435,3,2,2,4,0,
15436,3,3,11,3,0,
15437,4,4,11,3,1,99
15438,3,3,11,3,0,
15439,4,4,2,4,0,
15440,2,2,5,2,0,
15441,4,4,2,4,0,
15442,3,3,11,3,1,97
15443,3,3,11,3,0,
15444,2,2,5,2,0,
15445,3,3,11,3,0,
15446,4,6,2,4,1,99
15447,5,5,1,5,0,
15448,4,4,2,4,0,
15449,6,6,2,4,0,
15450,4,4,2,4,0,
15451,4,4,11,3,1,88
15452,5,6,1,5,0,
15453,3,3,11,3,0,
15454,4,4,11,3,0,
15455,2,2,5,2,0,
15456,3,3,11,3,0,
15457,4,3,2,4,0,
15458,3,3,11,3,0,
15459,4,4,2,4,0,
15460,3,3,11,3,1,99
15461,2,2,5,2,0,
15462,4,4,2,4,0,
15463,3,3,11,3,0,
15464,3,3,11,3,0,
15465,4,4,2,4,1,99
15466,8,3,8,8,0,
15467,1,4,2,4,0,
15468,3,3,11,3,0,
15469,4,3,11,3,0,
15470,3,3,11,3,1,99
15471,3,3,5,2,1,71
15472,4,4,2,4,0,
15473,3,3,5,2,0,
15474,3,3,11,3,0,
15475,3,3,11,3,0,
15476,5,5,1,5,0,
15477,3,8,11,3,0,
15478,1,1,7,1,0,
15479,2,2,5,2,0,
15480,4,3,2,4,0,
15481,4,4,2,4,0,
15482,2,2,5,2,1,99
15483,4,3,11,3,0,
15484,3,8,11,3,0,
15485,4,6,2,4,0,
15486,3,2,11,3,0,
15487,1,1,7,1,1,67
15488,2,2,5,2,0,
15489,4,4,2,4,0,
15490,4,4,2,4,0,
15491,4,4,2,4,0,
15492,3,3,11,3,0,
15493,3,3,11,3,0,
15494,2,2,5,2,0,
15495,3,8,11,3,0,
15496,2,2,5,2,0,
15497,2,2,5,2,0,
15498,5,5,1,5,1,100
15499,3,3,11,3,0,
15500,2,2,5,2,0,
15501,2,2,5,2,0,
15502,2,2,5,2,0,
15503,3,3,11,3,0,
15504,2,2,11,3,0,
15505,4,4,2,4,0,
15506,1,2,7,1,0,
15507,3,8,11,3,0,
15508,3,3,11,3,1,99
15509,2,2,11,3,0,
15510,2,2,5,2,1,96
15511,2,2,5,2,0,
15512,4,4,2,4,0,
15513,3,3,11,3,0,
15514,4,3,2,4,0,
15515,2,2,5,2,1,96
15516,3,3,11,3,0,
15517,3,3,11,3,1,99
15518,4,4,2,4,0,
15519,2,2,5,2,0,
15520,4,4,2,4,0,
15521,4,4,2,4,0,
15522,4,3,11,3,0,
15523,3,3,11,3,0,
15524,2,2,5,2,1,96
15525,5,4,1,5,1,65
15526,4,4,2,4,0,
15527,4,4,2,4,0,
15528,4,4,2,4,0,
15529,2,2,5,2,0,
15530,3,3,11,3,0,
15531,4,4,2,4,0,
15532,3,3,11,3,0,
15533,4,3,11,3,0,
15534,6,5,2,4,0,
15535,2,2,11,3,1,79
15536,5,5,1,5,0,
15537,5,5,4,6,1,99
15538,3,3,11,3,0,
15539,2,2,5,2,0,
15540,2,2,5,2,0,
15541,5,5,1,5,0,
15542,8,3,11,3,1,99
15543,6,2,5,2,0,
15544,3,3,11,3,0,
15545,3,3,11,3,0,
15546,3,3,11,3,0,
15547,4,4,2,4,0,
15548,3,3,11,3,0,
15549,2,3,5,2,0,
15550,3,2,5,2,0,
15551,3,3,11,3,0,
15552,3,3,11,3,0,
15553,3,3,11,3,0,
15554,3,3,11,3,0,
15555,1,1,7,1,0,
15556,1,1,2,4,0,
15557,5,5,1,5,0,
15558,4,3,11,3,1,79
15559,2,2,11,3,1,55
15560,2,2,5,2,0,
15561,3,3,11,3,0,
15562,3,3,11,3,0,
15563,3,3,11,3,0,
15564,2,2,5,2,1,98
15565,3,3,11,3,0,
15566,3,3,11,3,0,
15567,4,4,11,3,0,
15568,4,4,2,4,0,
15569,1,1,7,1,0,
15570,6,6,2,4,0,
15571,3,3,5,2,1,53
15572,2,2,5,2,0,
15573,2,2,5,2,0,
15574,2,2,5,2,0,
15575,4,4,2,4,0,
15576,4,4,7,1,0,
15577,3,3,11,3,0,
15578,4,2,11,3,0,
15579,4,4,2,4,0,
15580,2,2,11,3,0,
15581,2,2,5,2,1,87
15582,3,3,2,4,0,
15583,4,4,2,4,0,
15584,2,2,5,2,0,
15585,3,3,11,3,1,91
15586,3,3,11,3,0,
15587,4,2,2,4,0,
15588,3,3,11,3,1,99
15589,6,6,11,3,1,99
15590,4,4,2,4,0,
15591,4,4,2,4,1,99
15592,1,1,7,1,0,
15593,3,3,11,3,0,
15594,3,2,11,3,1,71
15595,5,5,1,5,0,
15596,2,2,5,2,0,
15597,4,4,2,4,0,
15598,2,3,11,3,0,
15599,3,3,11,3,0,
15600,2,2,5,2,0,
15601,2,3,5,2,0,
15602,2,2,5,2,0,
15603,3,3,11,3,0,
15604,3,3,11,3,0,
15605,6,6,11,3,0,
15606,3,3,11,3,0,
15607,1,1,7,1,0,
15608,4,1,2,4,0,
15609,4,4,11,3,0,
15610,4,4,2,4,0,
15611,1,1,7,1,0,
15612,2,2,5,2,1,99
15613,3,3,11,3,0,
15614,2,2,5,2,0,
15615,5,6,1,5,1,99
15616,1,2,5,2,0,
15617,6,6,11,3,1,99
15618,1,2,5,2,0,
15619,3,4,2,4,0,
15620,4,4,2,4,0,
15621,3,3,11,3,0,
15622,4,6,2,4,0,
15623,2,2,5,2,0,
15624,4,4,2,4,0,
15625,4,4,2,4,0,
15626,3,3,11,3,0,
15627,5,5,1,5,0,
15628,4,4,2,4,0,
15629,3,3,11,3,0,
15630,3,3,11,3,1,99
15631,4,4,2,4,1,99
15632,4,4,2,4,0,
15633,4,2,2,4,0,
15634,3,2,11,3,1,97
15635,2,2,5,2,0,
15636,4,4,2,4,1,99
15637,3,3,11,3,0,
15638,3,3,11,3,0,
15639,4,4,2,4,0,
15640,6,6,2,4,0,
15641,4,4,2,4,0,
15642,3,8,8,8,1,87
15643,4,4,2,4,0,
15644,4,3,2,4,0,
15645,4,4,2,4,0,
15646,1,1,7,1,0,
15647,3,3,11,3,0,
15648,4,4,2,4,0,
15649,3,3,2,4,1,79
15650,3,3,11,3,0,
15651,4,4,11,3,1,99
15652,3,2,5,2,0,
15653,3,3,5,2,0,
15654,5,5,1,5,0,
15655,2,2,11,3,0,
15656,5,5,1,5,0,
15657,2,2,5,2,0,
15658,4,4,2,4,0,
15659,3,3,11,3,0,
15660,3,3,11,3,0,
15661,3,3,11,3,0,
15662,4,4,2,4,0,
15663,4,4,11,3,0,
15664,3,3,11,3,0,
15665,1,1,11,3,0,
15666,4,2,5,2,0,
15667,2,4,2,4,0,
15668,4,4,2,4,0,
15669,3,4,2,4,1,99
15670,1,1,5,2,0,
15671,1,4,2,4,1,51
15672,4,4,2,4,0,
15673,1,2,5,2,0,
15674,3,3,11,3,0,
15675,3,3,11,3,1,99
15676,3,3,11,3,0,
15677,3,3,11,3,0,
15678,6,4,5,2,0,
15679,3,3,11,3,0,
15680,4,3,11,3,0,
15681,6,6,5,2,0,
15682,3,3,11,3,0,
15683,4,4,2,4,1,151
15684,1,2,7,1,0,
15685,3,3,11,3,0,
15686,6,6,2,4,0,
15687,2,2,5,2,1,99
15688,4,4,2,4,0,
15689,1,2,5,2,0,
15690,1,1,7,1,0,
15691,4,4,2,4,0,
15692,3,3,11,3,0,
15693,3,2,5,2,0,
15694,4,4,2,4,0,
15695,3,3,11,3,0,
15696,6,6,2,4,0,
15697,8,8,11,3,0,
15698,2,2,5,2,0,
15699,3,3,11,3,0,
15700,4,4,2,4,0,
15701,3,2,5,2,0,
15702,5,5,1,5,0,
15703,8,3,8,8,0,
15704,4,4,2,4,0,
15705,4,4,11,3,0,
15706,3,3,11,3,0,
15707,5,5,1,5,0,
15708,5,5,1,5,0,
15709,3,3,11,3,1,97
15710,3,3,11,3,0,
15711,3,3,11,3,1,89
15712,3,3,11,3,1,98
15713,4,4,2,4,0,
15714,3,3,11,3,0,
15715,3,3,11,3,0,
15716,2,2,5,2,0,
15717,2,2,5,2,0,
15718,3,3,11,3,0,
15719,2,2,5,2,1,97
15720,3,3,11,3,0,
15721,3,3,11,3,0,
15722,2,2,5,2,0,
15723,1,1,7,1,0,
15724,6,6,2,4,0,
15725,3,3,11,3,0,
15726,3,2,7,1,1,69
15727,5,5,1,5,0,
15728,3,8,8,8,0,
15729,4,4,2,4,0,
15730,3,3,11,3,0,
15731,4,4,11,3,0,
15732,4,6,2,4,0,
15733,5,5,11,3,0,
15734,4,4,2,4,0,
15735,4,4,2,4,0,
15736,4,4,2,4,0,
15737,3,3,11,3,0,
15738,2,2,5,2,0,
15739,3,3,5,2,0,
15740,2,2,5,2,0,
15741,3,3,11,3,0,
15742,3,3,11,3,0,
15743,3,3,5,2,0,
15744,3,3,11,3,1,99
15745,4,4,2,4,0,
15746,3,3,11,3,1,99
15747,4,4,11,3,1,99
15748,5,5,1,5,0,
15749,2,2,5,2,0,
15750,3,3,11,3,0,
15751,6,6,5,2,0,
15752,2,2,5,2,0,
15753,3,3,11,3,0,
15754,4,4,2,4,0,
15755,4,4,2,4,1,95
15756,2,2,5,2,1,99
15757,6,6,11,3,0,
15758,4,4,2,4,0,
15759,3,3,11,3,0,
15760,3,3,11,3,0,
15761,4,4,2,4,0,
15762,2,2,11,3,1,99
15763,3,3,11,3,0,
15764,4,4,2,4,0,
15765,4,4,2,4,0,
15766,5,5,1,5,0,
15767,4,4,2,4,0,
15768,5,5,1,5,0,
15769,3,8,11,3,0,
15770,4,6,2,4,0,
15771,4,4,2,4,0,
15772,4,4,2,4,0,
15773,3,3,11,3,0,
15774,3,8,8,8,1,94
15775,3,3,11,3,0,
15776,3,3,11,3,0,
15777,3,2,5,2,0,
15778,4,4,2,4,0,
15779,2,2,5,2,1,98
15780,2,2,5,2,1,99
15781,2,2,5,2,0,
15782,5,5,1,5,0,
15783,3,3,11,3,0,
15784,3,3,11,3,0,
15785,3,2,2,4,1,57
15786,3,3,11,3,0,
15787,4,4,2,4,0,
15788,4,4,2,4,1,151
15789,4,4,2,4,0,
15790,4,4,2,4,0,
15791,2,2,5,2,1,99
15792,2,2,5,2,0,
15793,4,6,2,4,1,99
15794,3,3,11,3,0,
15795,3,3,11,3,1,99
15796,4,4,2,4,0,
15797,2,2,5,2,0,
15798,1,4,7,1,0,
15799,6,6,2,4,1,99
15800,2,2,5,2,0,
15801,3,3,11,3,0,
15802,3,3,11,3,1,99
15803,5,5,1,5,0,
15804,3,6,5,2,0,
15805,3,3,11,3,0,
15806,2,2,5,2,0,
15807,2,2,5,2,0,
15808,2,2,5,2,0,
15809,3,3,11,3,0,
15810,1,4,2,4,0,
15811,3,2,5,2,0,
15812,5,5,1,5,0,
15813,3,3,5,2,0,
15814,4,4,2,4,0,
15815,1,4,2,4,0,
15816,3,3,11,3,0,
15817,4,4,2,4,0,
15818,3,4,11,3,1,65
15819,4,4,2,4,1,99
15820,2,2,5,2,0,
15821,3,3,11,3,0,
15822,4,3,11,3,0,
15823,4,4,2,4,1,99
15824,4,4,2,4,1,99
15825,4,4,2,4,0,
15826,3,3,2,4,1,83
15827,3,3,11,3,0,
15828,4,4,2,4,0,
15829,3,3,11,3,0,
15830,3,3,11,3,1,99
15831,3,3,11,3,0,
15832,2,2,11,3,0,
15833,4,4,2,4,0,
15834,2,2,5,2,0,
15835,3,3,11,3,0,
15836,5,5,1,5,0,
15837,2,2,5,2,0,
15838,4,4,2,4,0,
15839,3,3,11,3,0,
15840,3,3,11,3,0,
15841,5,5,1,5,0,
15842,2,6,5,2,0,
15843,4,4,2,4,0,
15844,4,3,11,3,0,
15845,2,2,2,4,0,
15846,3,3,11,3,0,
15847,1,3,7,1,0,
15848,4,3,2,4,0,
15849,2,2,5,2,0,
15850,2,2,11,3,1,87
15851,3,1,5,2,0,
15852,1,1,5,2,0,
15853,2,3,5,2,0,
15854,2,2,5,2,0,
15855,3,3,11,3,0,
15856,4,3,2,4,0,
15857,3,3,11,3,0,
15858,4,4,2,4,0,
15859,3,2,2,4,0,
15860,4,4,2,4,1,97
15861,3,3,11,3,1,99
15862,1,1,7,1,0,
15863,3,3,11,3,0,
15864,3,3,11,3,1,98
15865,3,3,11,3,1,89
15866,3,2,11,3,0,
15867,2,2,11,3,1,99
15868,2,2,5,2,0,
15869,5,5,1,5,1,100
15870,3,2,11,3,0,
15871,3,2,11,3,1,87
15872,4,3,2,4,0,
15873,1,1,7,1,0,
15874,2,6,5,2,0,
15875,2,2,5,2,1,83
15876,4,4,2,4,0,
15877,4,4,2,4,0,
15878,3,2,11,3,0,
15879,3,3,11,3,0,
15880,3,3,11,3,0,
15881,4,4,2,4,0,
15882,4,4,11,3,0,
15883,5,5,1,5,1,99
15884,4,4,7,1,0,
15885,3,3,11,3,0,
15886,3,3,11,3,0,
15887,3,3,11,3,0,
15888,4,3,11,3,1,99
15889,4,4,2,4,0,
15890,3,3,11,3,0,
15891,2,2,5,2,0,
15892,3,3,11,3,1,99
15893,5,5,1,5,0,
15894,3,3,11,3,0,
15895,4,4,11,3,0,
15896,2,2,5,2,1,99
15897,2,2,5,2,0,
15898,3,3,11,3,0,
15899,3,3,11,3,0,
15900,3,2,11,3,0,
15901,6,6,2,4,1,99
15902,4,4,2,4,0,
15903,8,2,5,2,0,
15904,4,4,2,4,0,
15905,4,4,2,4,0,
15906,3,4,2,4,1,83
15907,3,3,5,2,0,
15908,3,2,5,2,0,
15909,3,3,11,3,1,99
15910,5,5,1,5,1,99
15911,3,3,11,3,0,
15912,4,3,11,3,0,
15913,3,3,11,3,0,
15914,2,2,5,2,1,99
15915,3,3,11,3,0,
15916,3,3,11,3,0,
15917,3,3,11,3,0,
15918,4,4,2,4,0,
15919,2,2,5,2,0,
15920,4,4,2,4,1,71
15921,3,3,11,3,0,
15922,4,4,2,4,0,
15923,2,2,5,2,0,
15924,3,3,11,3,0,
15925,3,3,11,3,0,
15926,3,3,11,3,0,
15927,4,4,2,4,0,
15928,4,4,2,4,0,
15929,2,2,5,2,0,
15930,3,3,11,3,0,
15931,3,2,2,4,0,
15932,4,4,2,4,0,
15933,4,3,11,3,0,
15934,2,2,5,2,1,99
15935,3,3,5,2,1,99
15936,4,4,11,3,1,151
15937,3,3,11,3,0,
15938,3,3,11,3,0,
15939,3,4,2,4,1,67
15940,3,3,11,3,1,99
15941,6,6,2,4,0,
15942,4,4,2,4,1,98
15943,2,2,5,2,0,
15944,3,3,11,3,0,
15945,4,4,2,4,0,
15946,6,6,2,4,0,
15947,2,2,11,3,0,
15948,4,4,2,4,0,
15949,3,3,11,3,0,
15950,3,3,11,3,0,
15951,3,3,11,3,0,
15952,2,3,5,2,0,
15953,3,3,11,3,1,99
15954,3,3,11,3,0,
15955,3,2,5,2,0,
15956,2,2,5,2,0,
15957,8,8,8,8,0,
15958,2,2,5,2,0,
15959,1,3,11,3,0,
15960,2,2,5,2,0,
15961,3,3,11,3,0,
15962,4,4,2,4,0,
15963,4,4,2,4,0,
15964,6,1,7,1,0,
15965,3,2,11,3,1,94
15966,4,4,2,4,0,
15967,4,4,2,4,0,
15968,2,2,5,2,0,
15969,1,1,7,1,0,
15970,3,3,5,2,0,
15971,4,4,2,4,1,99
15972,4,4,2,4,1,152
15973,4,4,2,4,0,
15974,1,1,7,1,0,
15975,3,3,11,3,0,
15976,3,3,11,3,0,
15977,4,4,11,3,1,99
15978,2,2,5,2,1,99
15979,8,3,11,3,1,99
15980,5,5,1,5,0,
15981,4,4,2,4,0,
15982,4,4,2,4,0,
15983,3,3,11,3,0,
15984,3,3,11,3,1,99
15985,2,2,5,2,0,
15986,1,1,7,1,0,
15987,4,4,11,3,1,99
15988,8,3,11,3,0,
15989,3,3,11,3,0,
15990,3,2,11,3,0,
15991,4,4,2,4,0,
15992,3,3,11,3,0,
15993,4,4,2,4,1,98
15994,3,3,11,3,1,99
15995,3,3,11,3,1,212
15996,2,2,11,3,0,
15997,5,0,1,5,0,
15998,2,2,5,2,0,
15999,4,6,2,4,0,
16000,3,3,11,3,0,
16001,4,4,2,4,0,
16002,3,3,8,8,0,
16003,4,4,2,4,0,
16004,4,4,2,4,0,
16005,4,4,2,4,0,
16006,2,2,5,2,0,
16007,3,3,11,3,0,
16008,5,5,1,5,0,
16009,3,3,11,3,0,
16010,2,2,5,2,0,
16011,3,3,2,4,0,
16012,5,5,1,5,0,
16013,4,4,2,4,0,
16014,3,2,11,3,0,
16015,2,2,5,2,0,
16016,4,3,11,3,1,99
16017,6,6,2,4,0,
16018,2,2,5,2,0,
16019,4,4,2,4,0,
16020,4,2,5,2,0,
16021,2,3,11,3,0,
16022,4,4,2,4,0,
16023,4,4,2,4,0,
16024,2,2,5,2,0,
16025,2,2,5,2,0,
16026,3,3,11,3,0,
16027,3,4,2,4,1,98
16028,4,4,2,4,0,
16029,4,2,2,4,0,
16030,4,4,2,4,1,99
16031,4,4,2,4,0,
16032,1,1,7,1,0,
16033,4,4,2,4,0,
16034,3,4,11,3,0,
16035,4,4,2,4,0,
16036,3,1,5,2,1,47
16037,4,4,2,4,1,99
16038,5,5,1,5,0,
16039,2,2,5,2,1,97
16040,1,1,7,1,1,99
16041,1,2,11,3,0,
16042,1,4,2,4,0,
16043,4,4,2,4,0,
16044,4,4,2,4,0,
16045,4,4,2,4,0,
16046,4,4,2,4,0,
16047,5,5,1,5,0,
16048,3,3,11,3,1,99
16049,4,4,2,4,0,
16050,1,1,7,1,0,
16051,8,8,8,8,0,
16052,4,6,2,4,0,
16053,2,2,5,2,0,
16054,1,3,2,4,0,
16055,2,2,5,2,0,
16056,3,3,11,3,0,
16057,4,4,2,4,1,99
16058,3,2,11,3,0,
16059,3,2,11,3,0,
16060,2,2,7,1,0,
16061,1,1,7,1,1,99
16062,3,3,11,3,1,99
16063,3,3,11,3,0,
16064,3,3,11,3,0,
16065,2,2,5,2,0,
16066,3,3,11,3,0,
16067,4,2,11,3,0,
16068,3,3,11,3,1,99
16069,3,3,11,3,0,
16070,4,4,2,4,0,
16071,3,3,11,3,0,
16072,3,3,11,3,1,99
16073,3,6,11,3,0,
16074,4,4,2,4,1,99
16075,4,6,2,4,1,99
16076,4,6,11,3,0,
16077,3,3,5,2,0,
16078,3,3,11,3,1,99
16079,3,3,11,3,1,98
16080,3,3,11,3,0,
16081,2,3,5,2,0,
16082,2,2,5,2,0,
16083,2,2,5,2,0,
16084,1,1,7,1,1,99
16085,4,4,11,3,0,
16086,4,4,2,4,0,
16087,4,4,2,4,0,
16088,2,2,5,2,0,
16089,2,2,5,2,0,
16090,2,2,5,2,0,
16091,4,4,2,4,0,
16092,3,3,11,3,0,
16093,4,4,2,4,0,
16094,3,2,11,3,0,
16095,2,2,5,2,0,
16096,2,2,5,2,0,
16097,4,4,2,4,0,
16098,3,3,11,3,0,
16099,3,4,2,4,0,
16100,4,4,5,2,0,
16101,3,2,5,2,0,
16102,4,4,2,4,0,
16103,4,4,2,4,0,
16104,1,1,7,1,0,
16105,2,2,5,2,1,93
16106,3,3,11,3,0,
16107,3,3,5,2,0,
16108,3,3,11,3,1,99
16109,2,2,5,2,0,
16110,3,3,5,2,0,
16111,3,3,11,3,0,
16112,6,6,2,4,0,
16113,4,3,11,3,1,90
16114,2,2,5,2,0,
16115,4,4,2,4,0,
16116,4,6,11,3,0,
16117,1,1,7,1,1,95
16118,3,2,11,3,0,
16119,3,3,11,3,0,
16120,4,4,2,4,1,99
16121,5,4,1,5,0,
16122,4,4,2,4,0,
16123,3,3,11,3,0,
16124,3,3,11,3,0,
16125,6,6,11,3,0,
16126,5,5,1,5,0,
16127,2,2,5,2,0,
16128,3,3,5,2,0,
16129,2,3,11,3,0,
16130,4,4,11,3,1,99
16131,6,6,2,4,0,
16132,4,4,2,4,1,99
16133,2,2,5,2,0,
16134,2,2,5,2,0,
16135,3,3,11,3,0,
16136,1,3,2,4,0,
16137,3,3,11,3,0,
16138,3,3,11,3,0,
16139,6,6,2,4,0,
16140,4,4,2,4,0,
16141,1,2,7,1,0,
16142,2,2,5,2,1,99
16143,8,8,8,8,0,
16144,4,4,2,4,1,99
16145,3,3,11,3,0,
16146,6,6,11,3,0,
16147,3,3,11,3,0,
16148,4,4,2,4,0,
16149,3,3,5,2,0,
16150,6,6,2,4,1,99
16151,4,4,2,4,1,99
16152,3,3,5,2,0,
16153,3,3,11,3,0,
16154,3,3,11,3,0,
16155,2,2,5,2,0,
16156,2,2,5,2,0,
16157,3,4,2,4,0,
16158,3,3,2,4,1,52
16159,3,3,11,3,0,
16160,4,2,5,2,1,81
16161,3,6,5,2,0,
16162,4,4,2,4,1,95
16163,4,4,2,4,0,
16164,2,2,5,2,0,
16165,3,3,11,3,0,
16166,3,2,5,2,0,
16167,3,3,11,3,0,
16168,3,2,11,3,0,
16169,3,3,11,3,0,
16170,4,4,2,4,0,
16171,3,3,11,3,0,
16172,3,3,11,3,0,
16173,2,2,5,2,0,
16174,4,4,2,4,0,
16175,2,2,5,2,1,99
16176,2,2,5,2,0,
16177,4,4,2,4,0,
16178,4,4,2,4,0,
16179,4,4,2,4,0,
16180,1,1,7,1,0,
16181,3,3,11,3,0,
16182,3,3,11,3,0,
16183,1,1,7,1,0,
16184,4,4,2,4,0,
16185,3,3,11,3,0,
16186,4,4,2,4,0,
16187,4,4,11,3,0,
16188,3,3,11,3,0,
16189,1,1,7,1,0,
16190,1,4,2,4,1,151
16191,3,3,11,3,0,
16192,5,5,1,5,0,
16193,3,3,11,3,0,
16194,3,3,11,3,0,
16195,3,4,11,3,0,
16196,3,3,11,3,0,
16197,4,4,2,4,0,
16198,2,2,5,2,1,96
16199,4,4,2,4,0,
16200,4,4,2,4,0,
16201,5,5,1,5,0,
16202,4,3,11,3,0,
16203,2,2,5,2,0,
16204,3,2,11,3,0,
16205,4,4,2,4,0,
16206,4,4,2,4,0,
16207,4,4,7,1,0,
16208,3,3,8,8,0,
16209,3,3,5,2,0,
16210,3,3,11,3,1,99
16211,2,2,5,2,0,
16212,4,4,2,4,1,99
16213,3,2,11,3,0,
16214,3,3,11,3,0,
16215,1,1,7,1,0,
16216,4,4,2,4,0,
16217,6,6,11,3,1,99
16218,3,3,2,4,1,74
16219,4,4,2,4,1,99
16220,2,2,5,2,0,
16221,2,2,5,2,0,
16222,3,3,11,3,1,98
16223,3,3,11,3,0,
16224,2,2,5,2,0,
16225,2,2,5,2,1,99
16226,4,3,2,4,0,
16227,3,3,11,3,0,
16228,3,3,11,3,1,96
16229,3,3,11,3,0,
16230,5,0,1,5,0,
16231,2,2,5,2,1,99
16232,3,3,11,3,0,
16233,4,4,2,4,0,
16234,3,8,8,8,0,
16235,4,4,2,4,0,
16236,3,2,11,3,0,
16237,2,2,5,2,1,99
16238,3,3,11,3,0,
16239,1,1,7,1,1,98
16240,6,6,2,4,0,
16241,5,5,1,5,0,
16242,5,5,1,5,0,
16243,1,1,7,1,0,
16244,6,6,4,6,0,
16245,3,3,11,3,0,
16246,3,3,11,3,0,
16247,4,4,2,4,0,
16248,3,3,11,3,0,
16249,3,3,11,3,0,
16250,3,3,11,3,0,
16251,3,2,11,3,1,84
16252,3,2,5,2,0,
16253,3,3,11,3,0,
16254,3,3,8,8,0,
16255,2,2,5,2,0,
16256,4,4,11,3,1,77
16257,3,3,11,3,0,
16258,3,3,11,3,0,
16259,2,2,5,2,0,
16260,2,2,5,2,1,89
16261,4,4,2,4,0,
16262,6,6,11,3,0,
16263,4,4,2,4,0,
16264,1,1,7,1,0,
16265,4,3,11,3,0,
16266,6,6,2,4,0,
16267,2,2,5,2,0,
16268,3,3,11,3,0,
16269,3,3,11,3,0,
16270,2,2,5,2,0,
16271,2,2,5,2,0,
16272,3,3,11,3,1,95
16273,5,5,1,5,1,99
16274,3,3,11,3,0,
16275,5,5,1,5,1,100
16276,3,3,11,3,0,
16277,3,3,11,3,0,
16278,6,6,2,4,0,
16279,2,2,5,2,1,89
16280,4,3,2,4,0,
16281,2,4,2,4,0,
16282,6,6,4,6,1,100
16283,4,2,5,2,0,
16284,4,4,2,4,1,99
16285,4,4,2,4,1,90
16286,3,3,5,2,0,
16287,2,3,5,2,0,
16288,4,3,11,3,1,99
16289,5,5,1,5,0,
16290,4,3,2,4,0,
16291,5,5,1,5,0,
16292,4,4,11,3,0,
16293,4,4,2,4,0,
16294,3,3,11,3,0,
16295,4,4,2,4,0,
16296,4,4,2,4,0,
16297,5,5,1,5,1,100
16298,2,2,5,2,0,
16299,5,5,1,5,1,99
16300,1,1,7,1,0,
16301,3,3,2,4,1,151
16302,3,3,11,3,0,
16303,4,4,2,4,1,90
16304,3,2,5,2,0,
16305,4,4,2,4,0,
16306,6,6,2,4,0,
16307,5,5,1,5,0,
16308,4,4,11,3,0,
16309,4,4,2,4,1,97
16310,5,5,1,5,0,
16311,1,2,11,3,0,
16312,3,4,2,4,0,
16313,4,4,2,4,0,
16314,4,4,2,4,0,
16315,2,2,5,2,0,
16316,4,4,2,4,0,
16317,5,5,1,5,0,
16318,4,4,2,4,1,99
16319,5,5,1,5,1,100
16320,3,3,11,3,0,
16321,6,6,4,6,0,
16322,2,2,5,2,1,98
16323,3,3,11,3,1,99
16324,1,3,7,1,0,
16325,6,6,2,4,1,99
16326,3,3,11,3,1,99
16327,2,3,5,2,0,
16328,1,2,7,1,0,
16329,6,6,2,4,1,99
16330,3,3,11,3,1,99
16331,6,6,2,4,1,99
16332,2,2,5,2,0,
16333,1,2,7,1,0,
16334,6,6,2,4,1,99
16335,4,4,2,4,0,
16336,3,3,11,3,0,
16337,3,8,8,8,0,
16338,1,1,7,1,0,
16339,1,3,11,3,0,
16340,3,3,11,3,0,
16341,1,4,2,4,0,
16342,4,4,7,1,0,
16343,3,3,11,3,0,
16344,4,3,11,3,1,57
16345,4,4,2,4,0,
16346,3,3,11,3,0,
16347,3,4,11,3,0,
16348,3,3,11,3,1,99
16349,2,2,5,2,0,
16350,4,4,2,4,0,
16351,2,3,5,2,0,
16352,3,3,11,3,0,
16353,3,3,11,3,0,
16354,3,1,5,2,0,
16355,2,2,5,2,0,
16356,4,4,2,4,0,
16357,3,3,11,3,0,
16358,3,4,11,3,1,49
16359,6,6,2,4,1,99
16360,4,4,2,4,0,
16361,3,4,2,4,0,
16362,4,4,2,4,0,
16363,2,2,5,2,0,
16364,5,5,1,5,0,
16365,2,2,5,2,0,
16366,4,4,2,4,0,
16367,2,2,5,2,0,
16368,3,3,11,3,0,
16369,2,2,5,2,1,95
16370,4,4,2,4,0,
16371,1,2,7,1,0,
16372,3,3,11,3,1,99
16373,3,2,5,2,0,
16374,4,6,2,4,0,
16375,3,2,11,3,0,
16376,3,6,11,3,0,
16377,2,2,5,2,0,
16378,4,4,2,4,0,
16379,5,5,1,5,0,
16380,6,6,2,4,0,
16381,3,3,11,3,0,
16382,3,3,11,3,0,
16383,2,2,5,2,0,
16384,2,2,5,2,0,
16385,3,2,5,2,0,
16386,4,4,2,4,0,
16387,4,4,2,4,0,
16388,4,4,2,4,0,
16389,4,2,2,4,0,
16390,3,3,11,3,0,
16391,2,2,11,3,1,59
16392,3,3,11,3,0,
16393,4,4,2,4,0,
16394,2,2,5,2,0,
16395,4,4,2,4,1,99
16396,2,2,5,2,0,
16397,2,2,5,2,0,
16398,6,6,2,4,0,
16399,4,4,2,4,0,
16400,2,2,5,2,1,92
16401,3,2,11,3,0,
16402,3,3,11,3,0,
16403,4,4,2,4,0,
16404,3,3,11,3,0,
16405,4,3,11,3,0,
16406,1,1,7,1,0,
16407,4,6,2,4,0,
16408,2,2,5,2,0,
16409,3,3,11,3,0,
16410,6,6,2,4,0,
16411,4,4,2,4,0,
16412,3,3,11,3,0,
16413,3,2,5,2,0,
16414,4,4,2,4,1,91
16415,6,6,2,4,0,
16416,4,4,2,4,0,
16417,2,2,5,2,0,
16418,5,6,1,5,0,
16419,2,2,5,2,0,
16420,4,4,2,4,1,151
16421,4,4,2,4,0,
16422,1,1,7,1,0,
16423,3,3,11,3,0,
16424,3,3,11,3,0,
16425,4,4,2,4,1,99
16426,5,5,1,5,1,99
16427,3,3,8,8,1,99
16428,3,3,11,3,1,99
16429,3,3,11,3,0,
16430,3,3,11,3,0,
16431,2,2,5,2,0,
16432,3,2,11,3,1,88
16433,4,3,11,3,0,
16434,4,4,2,4,0,
16435,4,3,7,1,0,
16436,4,4,11,3,0,
16437,3,3,11,3,1,88
16438,2,2,5,2,0,
16439,3,3,11,3,0,
16440,4,6,2,4,0,
16441,4,4,2,4,0,
16442,3,2,11,3,1,98
16443,3,3,11,3,0,
16444,3,2,2,4,0,
16445,4,4,2,4,0,
16446,3,2,5,2,0,
16447,2,2,5,2,0,
16448,4,3,11,3,0,
16449,4,4,2,4,0,
16450,4,4,2,4,0,
16451,3,3,11,3,0,
16452,3,3,11,3,1,99
16453,2,2,5,2,1,99
16454,4,4,2,4,0,
16455,2,2,5,2,1,99
16456,3,3,11,3,1,98
16457,1,1,7,1,0,
16458,3,3,11,3,0,
16459,4,4,2,4,1,90
16460,3,2,11,3,0,
16461,4,4,2,4,0,
16462,4,4,2,4,0,
16463,3,3,11,3,0,
16464,4,4,11,3,1,96
16465,4,4,11,3,0,
16466,6,6,2,4,0,
16467,2,2,5,2,1,99
16468,4,4,2,4,0,
16469,3,3,11,3,0,
16470,4,4,11,3,0,
16471,3,3,11,3,0,
16472,3,3,11,3,0,
16473,1,1,7,1,0,
16474,3,3,11,3,0,
16475,2,2,5,2,0,
16476,2,2,5,2,0,
16477,3,3,11,3,0,
16478,3,3,11,3,0,
16479,6,6,5,2,0,
16480,8,3,8,8,0,
16481,4,4,2,4,1,95
16482,4,4,2,4,0,
16483,5,5,1,5,0,
16484,3,3,11,3,0,
16485,2,4,2,4,0,
16486,2,2,5,2,0,
16487,3,3,11,3,0,
16488,2,2,11,3,0,
16489,3,3,11,3,0,
16490,4,4,2,4,0,
16491,2,2,5,2,0,
16492,3,3,5,2,0,
16493,3,3,11,3,1,99
16494,4,4,2,4,0,
16495,2,2,5,2,1,84
16496,3,3,11,3,1,99
16497,3,3,11,3,0,
16498,3,3,11,3,0,
16499,6,6,2,4,0,
16500,6,6,2,4,0,
16501,5,5,1,5,0,
16502,2,2,5,2,0,
16503,2,2,5,2,0,
16504,4,4,2,4,1,99
16505,4,4,2,4,0,
16506,3,2,11,3,0,
16507,3,4,11,3,1,69
16508,2,2,5,2,0,
16509,4,4,2,4,0,
16510,3,3,11,3,0,
16511,4,4,2,4,1,85
16512,5,0,1,5,0,
16513,2,2,5,2,0,
16514,3,4,11,3,1,66
16515,3,3,11,3,0,
16516,4,4,2,4,1,94
16517,8,8,11,3,0,
16518,2,2,11,3,0,
16519,3,3,11,3,0,
16520,3,3,11,3,1,99
16521,6,6,2,4,0,
16522,6,6,2,4,1,99
16523,3,3,5,2,0,
16524,2,2,5,2,0,
16525,4,4,11,3,0,
16526,2,2,5,2,0,
16527,4,4,11,3,0,
16528,4,4,11,3,0,
16529,5,5,1,5,0,
16530,2,2,5,2,0,
16531,4,3,11,3,0,
16532,3,2,5,2,0,
16533,3,2,5,2,0,
16534,3,3,11,3,1,96
16535,3,3,11,3,0,
16536,3,3,11,3,0,
16537,4,4,11,3,0,
16538,3,3,11,3,1,96
16539,2,2,11,3,0,
16540,1,8,7,1,0,
16541,4,4,2,4,1,99
16542,3,3,11,3,0,
16543,3,3,11,3,0,
16544,3,3,11,3,0,
16545,4,4,2,4,1,99
16546,3,3,11,3,0,
16547,2,2,5,2,0,
16548,4,3,11,3,0,
16549,4,4,2,4,0,
16550,4,2,2,4,1,89
16551,4,4,2,4,1,99
16552,6,6,2,4,0,
16553,5,5,1,5,1,100
16554,3,3,11,3,0,
16555,3,3,11,3,0,
16556,5,5,1,5,0,
16557,3,2,11,3,0,
16558,4,4,2,4,0,
16559,3,8,11,3,0,
16560,4,4,2,4,0,
16561,1,1,7,1,0,
16562,1,1,7,1,0,
16563,6,4,2,4,1,93
16564,2,3,5,2,0,
16565,4,4,1,5,0,
16566,2,2,5,2,1,99
16567,2,2,5,2,0,
16568,6,6,4,6,1,99
16569,2,2,5,2,0,
16570,2,2,5,2,0,
16571,2,2,5,2,0,
16572,4,4,2,4,0,
16573,3,3,11,3,1,98
16574,3,3,11,3,0,
16575,1,1,7,1,0,
16576,3,3,11,3,0,
16577,3,2,11,3,0,
16578,2,2,5,2,0,
16579,3,3,11,3,1,99
16580,5,5,1,5,0,
16581,2,2,5,2,0,
16582,5,5,1,5,0,
16583,1,1,5,2,0,
16584,6,6,4,6,0,
16585,3,3,11,3,0,
16586,3,3,11,3,0,
16587,3,3,11,3,0,
16588,3,2,5,2,1,96
16589,6,6,2,4,0,
16590,3,3,11,3,0,
16591,2,2,5,2,0,
16592,3,2,11,3,0,
16593,4,4,2,4,0,
16594,3,3,11,3,1,99
16595,2,2,5,2,1,99
16596,3,3,11,3,0,
16597,4,4,2,4,1,98
16598,3,3,11,3,0,
16599,6,6,2,4,0,
16600,3,2,5,2,0,
16601,4,6,2,4,0,
16602,4,4,2,4,0,
16603,4,4,2,4,0,
16604,4,4,2,4,0,
16605,3,3,11,3,0,
16606,3,3,11,3,1,97
16607,3,3,11,3,0,
16608,8,8,8,8,1,97
16609,3,3,11,3,0,
16610,6,6,2,4,0,
16611,6,6,2,4,0,
16612,4,4,11,3,0,
16613,2,2,5,2,0,
16614,3,3,11,3,1,94
16615,2,2,5,2,1,92
16616,1,3,2,4,1,61
16617,4,4,2,4,1,99
16618,2,2,11,3,0,
16619,3,3,11,3,0,
16620,3,3,11,3,0,
16621,1,3,2,4,0,
16622,2,2,11,3,0,
16623,2,2,5,2,0,
16624,3,3,11,3,0,
16625,3,2,5,2,0,
16626,3,3,11,3,0,
16627,6,6,2,4,0,
16628,6,4,2,4,0,
16629,4,3,11,3,0,
16630,3,3,11,3,0,
16631,3,3,11,3,0,
16632,3,3,11,3,0,
16633,2,2,5,2,0,
16634,3,3,11,3,0,
16635,4,4,2,4,0,
16636,3,2,11,3,0,
16637,4,3,11,3,1,82
16638,3,3,11,3,1,99
16639,2,2,5,2,0,
16640,4,4,2,4,0,
16641,2,2,5,2,0,
16642,5,5,1,5,0,
16643,4,3,11,3,0,
16644,3,3,11,3,1,99
16645,6,6,2,4,0,
16646,3,3,11,3,0,
16647,3,2,5,2,0,
16648,4,4,2,4,0,
16649,3,3,2,4,0,
16650,3,3,5,2,1,93
16651,4,3,2,4,0,
16652,6,6,4,6,0,
16653,3,3,11,3,0,
16654,3,3,11,3,0,
16655,4,6,2,4,0,
16656,4,4,2,4,0,
16657,3,3,11,3,0,
16658,3,3,11,3,0,
16659,3,3,11,3,0,
16660,5,5,1,5,0,
16661,3,3,5,2,0,
16662,3,3,11,3,0,
16663,4,4,2,4,1,99
16664,4,4,11,3,0,
16665,3,3,11,3,0,
16666,3,3,11,3,0,
16667,3,3,11,3,0,
16668,4,4,2,4,0,
16669,5,5,1,5,0,
16670,1,4,2,4,1,98
16671,2,2,5,2,0,
16672,4,4,2,4,0,
16673,3,3,11,3,0,
16674,2,2,5,2,1,93
16675,4,4,2,4,1,99
16676,1,1,7,1,0,
16677,2,2,5,2,0,
16678,5,5,1,5,0,
16679,4,2,2,4,0,
16680,5,5,1,5,1,100
16681,4,4,2,4,0,
16682,6,6,2,4,0,
16683,3,2,5,2,0,
16684,3,3,11,3,1,99
16685,5,5,1,5,0,
16686,3,3,11,3,0,
16687,4,4,2,4,0,
16688,3,3,11,3,0,
16689,3,3,11,3,0,
16690,4,6,2,4,1,100
16691,6,6,2,4,0,
16692,4,4,11,3,1,99
16693,3,3,11,3,0,
16694,3,4,11,3,0,
16695,3,3,11,3,0,
16696,2,2,5,2,0,
16697,3,2,11,3,0,
16698,3,3,11,3,0,
16699,2,2,5,2,0,
16700,2,2,5,2,0,
16701,6,6,2,4,0,
16702,3,3,11,3,0,
16703,8,8,11,3,0,
16704,3,3,11,3,0,
16705,1,1,7,1,0,
16706,4,4,11,3,0,
16707,4,4,2,4,0,
16708,3,3,11,3,0,
16709,4,4,2,4,1,97
16710,4,4,2,4,0,
16711,3,3,11,3,1,61
16712,4,4,2,4,0,
16713,3,3,11,3,1,99
16714,1,3,7,1,0,
16715,3,3,11,3,0,
16716,2,6,5,2,0,
16717,4,4,2,4,0,
16718,3,3,11,3,0,
16719,4,4,2,4,0,
16720,3,3,11,3,1,99
16721,4,4,2,4,0,
16722,2,3,5,2,1,99
16723,1,3,7,1,1,66
16724,2,2,5,2,1,211
16725,3,3,11,3,0,
16726,3,3,11,3,0,
16727,1,2,5,2,0,
16728,3,3,11,3,1,99
16729,2,3,5,2,0,
16730,3,3,11,3,0,
16731,5,5,1,5,0,
16732,6,6,2,4,1,100
16733,4,4,2,4,0,
16734,4,4,2,4,0,
16735,4,6,2,4,0,
16736,3,3,11,3,0,
16737,6,6,4,6,0,
16738,4,4,2,4,0,
16739,3,2,2,4,1,63
16740,4,4,2,4,1,97
16741,4,4,2,4,0,
16742,3,3,11,3,0,
16743,2,2,7,1,0,
16744,3,3,11,3,0,
16745,8,8,8,8,0,
16746,4,4,11,3,0,
16747,3,3,11,3,1,99
16748,3,5,5,2,0,
16749,4,4,2,4,0,
16750,4,4,2,4,0,
16751,3,3,11,3,0,
16752,3,3,11,3,0,
16753,4,4,11,3,0,
16754,3,2,11,3,0,
16755,4,2,2,4,0,
16756,2,2,5,2,0,
16757,2,2,5,2,0,
16758,3,3,11,3,1,97
16759,5,5,1,5,0,
16760,4,4,2,4,0,
16761,3,2,5,2,0,
16762,3,3,11,3,0,
16763,4,4,2,4,0,
16764,1,2,7,1,0,
16765,3,4,2,4,0,
16766,3,3,11,3,0,
16767,2,2,2,4,0,
16768,2,2,5,2,1,99
16769,3,3,11,3,0,
16770,4,4,2,4,1,99
16771,3,2,5,2,0,
16772,4,4,2,4,0,
16773,2,6,5,2,1,99
16774,3,3,11,3,1,99
16775,2,2,5,2,0,
16776,3,3,11,3,1,99
16777,6,6,11,3,0,
16778,3,3,11,3,0,
16779,5,6,1,5,0,
16780,2,2,5,2,1,99
16781,4,4,2,4,0,
16782,4,4,2,4,0,
16783,4,3,11,3,1,99
16784,2,2,5,2,0,
16785,3,3,11,3,0,
16786,3,3,11,3,1,99
16787,3,3,11,3,0,
16788,4,4,2,4,0,
16789,3,3,11,3,0,
16790,2,2,5,2,0,
16791,3,3,11,3,0,
16792,2,2,5,2,1,99
16793,4,4,2,4,1,97
16794,3,3,11,3,0,
16795,2,2,11,3,1,94
16796,4,4,2,4,0,
16797,2,2,5,2,0,
16798,4,1,2,4,0,
16799,2,2,5,2,0,
16800,2,2,5,2,1,99
16801,1,1,7,1,0,
16802,4,2,2,4,0,
16803,3,3,11,3,0,
16804,2,2,5,2,1,99
16805,3,3,11,3,0,
16806,2,2,5,2,0,
16807,3,3,11,3,0,
16808,2,2,5,2,1,99
16809,3,3,11,3,0,
16810,4,4,2,4,0,
16811,3,3,5,2,0,
16812,3,2,11,3,1,77
16813,3,3,11,3,0,
16814,4,4,2,4,0,
16815,3,3,11,3,0,
16816,4,4,2,4,1,99
16817,4,4,11,3,0,
16818,2,2,5,2,1,99
16819,3,3,11,3,0,
16820,4,4,2,4,1,99
16821,4,3,11,3,1,96
16822,4,6,2,4,1,99
16823,4,4,2,4,0,
16824,3,3,11,3,0,
16825,3,2,2,4,0,
16826,3,3,11,3,1,99
16827,3,3,11,3,0,
16828,3,3,11,3,1,99
16829,2,2,5,2,0,
16830,3,3,11,3,0,
16831,4,4,2,4,0,
16832,3,3,11,3,0,
16833,3,3,5,2,0,
16834,3,3,11,3,0,
16835,5,5,1,5,0,
16836,3,2,5,2,0,
16837,3,3,11,3,0,
16838,3,2,5,2,0,
16839,4,4,11,3,0,
16840,5,5,1,5,0,
16841,2,2,5,2,0,
16842,2,3,11,3,1,93
16843,3,3,11,3,0,
16844,2,2,5,2,1,96
16845,4,4,11,3,0,
16846,3,3,11,3,1,98
16847,1,1,11,3,0,
16848,4,4,2,4,0,
16849,3,4,11,3,1,91
16850,4,4,2,4,0,
16851,3,2,5,2,0,
16852,2,2,5,2,0,
16853,6,2,11,3,0,
16854,4,4,2,4,0,
16855,4,8,11,3,0,
16856,4,4,2,4,1,95
16857,5,5,1,5,0,
16858,2,2,5,2,0,
16859,3,3,11,3,0,
16860,3,3,11,3,0,
16861,4,6,7,1,0,
16862,3,3,11,3,1,98
16863,4,4,2,4,0,
16864,4,4,11,3,1,99
16865,4,4,2,4,0,
16866,2,2,5,2,1,99
16867,2,2,5,2,0,
16868,4,4,2,4,0,
16869,2,2,5,2,0,
16870,4,4,2,4,0,
16871,3,3,11,3,0,
16872,3,3,11,3,0,
16873,3,3,11,3,0,
16874,5,5,1,5,0,
16875,3,3,11,3,0,
16876,4,4,2,4,1,47
16877,4,4,2,4,0,
16878,3,3,11,3,0,
16879,2,2,5,2,0,
16880,3,3,11,3,0,
16881,2,2,5,2,0,
16882,2,2,5,2,0,
16883,4,6,2,4,0,
16884,2,2,5,2,0,
16885,3,3,11,3,0,
16886,2,2,5,2,0,
16887,3,3,11,3,1,99
16888,2,2,5,2,1,99
16889,3,3,11,3,0,
16890,6,4,2,4,0,
16891,2,3,5,2,0,
16892,4,4,2,4,0,
16893,6,4,2,4,0,
16894,2,2,5,2,0,
16895,4,4,11,3,1,99
16896,5,5,1,5,0,
16897,3,3,11,3,0,
16898,5,5,1,5,1,99
16899,2,2,5,2,0,
16900,3,3,11,3,0,
16901,2,2,5,2,1,86
16902,4,4,2,4,0,
16903,4,4,2,4,0,
16904,4,4,2,4,0,
16905,3,3,11,3,0,
16906,3,3,11,3,0,
16907,3,3,11,3,0,
16908,6,6,2,4,0,
16909,2,2,5,2,0,
16910,3,3,11,3,0,
16911,3,3,11,3,0,
16912,4,6,2,4,0,
16913,3,3,11,3,1,99
16914,4,4,2,4,0,
16915,3,3,11,3,1,92
16916,4,4,2,4,1,99
16917,3,3,11,3,1,99
16918,1,1,11,3,1,55
16919,2,2,5,2,1,92
16920,4,4,2,4,0,
16921,2,2,5,2,1,99
16922,4,4,2,4,0,
16923,4,3,11,3,0,
16924,4,4,2,4,0,
16925,2,2,5,2,1,96
16926,3,3,11,3,0,
16927,3,3,11,3,1,99
16928,4,4,11,3,1,87
16929,5,5,1,5,0,
16930,6,4,2,4,0,
16931,3,1,5,2,0,
16932,2,2,5,2,0,
16933,4,4,11,3,0,
16934,2,2,5,2,1,99
16935,5,5,1,5,0,
16936,4,4,11,3,0,
16937,3,3,11,3,0,
16938,3,2,11,3,0,
16939,3,3,11,3,1,99
16940,3,3,11,3,0,
16941,4,4,2,4,0,
16942,4,4,2,4,0,
16943,1,1,5,2,0,
16944,1,4,7,1,1,57
16945,4,4,11,3,0,
16946,3,2,5,2,0,
16947,4,4,2,4,0,
16948,2,2,5,2,1,99
16949,2,2,5,2,0,
16950,2,2,5,2,1,90
16951,3,3,11,3,0,
16952,2,2,5,2,0,
16953,4,4,2,4,1,99
16954,4,2,7,1,0,
16955,3,3,11,3,1,99
16956,3,3,11,3,0,
16957,3,2,5,2,0,
16958,4,4,11,3,0,
16959,4,4,2,4,0,
16960,4,4,2,4,1,98
16961,3,2,5,2,0,
16962,3,3,11,3,0,
16963,4,4,2,4,1,59
16964,5,5,1,5,0,
16965,2,2,5,2,1,99
16966,3,3,11,3,0,
16967,3,3,11,3,0,
16968,3,3,11,3,0,
16969,3,3,11,3,0,
16970,2,2,5,2,1,99
16971,4,4,2,4,0,
16972,4,4,2,4,1,90
16973,4,4,2,4,1,99
16974,5,5,1,5,1,100
16975,3,3,11,3,0,
16976,2,2,2,4,0,
16977,3,3,11,3,1,92
16978,3,3,11,3,1,99
16979,3,4,11,3,0,
16980,3,3,11,3,0,
16981,2,2,5,2,0,
16982,6,6,2,4,0,
16983,3,8,11,3,0,
16984,1,1,7,1,0,
16985,3,3,11,3,0,
16986,2,3,11,3,0,
16987,6,6,2,4,0,
16988,2,2,5,2,0,
16989,3,3,11,3,0,
16990,3,3,11,3,0,
16991,4,4,2,4,0,
16992,3,4,11,3,0,
16993,3,3,11,3,0,
16994,3,3,11,3,0,
16995,4,4,2,4,0,
16996,3,8,11,3,0,
16997,3,3,11,3,0,
16998,3,3,8,8,0,
16999,3,3,11,3,0,
17000,4,4,2,4,0,
17001,3,3,11,3,0,
17002,1,2,5,2,0,
17003,4,4,2,4,0,
17004,2,2,5,2,0,
17005,1,1,7,1,0,
17006,2,2,5,2,0,
17007,3,3,11,3,1,94
17008,2,2,5,2,0,
17009,1,1,2,4,0,
17010,3,3,11,3,0,
17011,2,2,5,2,0,
17012,3,3,5,2,0,
17013,3,3,11,3,0,
17014,3,2,11,3,0,
17015,3,3,11,3,1,99
17016,4,4,2,4,0,
17017,3,3,11,3,0,
17018,3,3,11,3,0,
17019,3,2,5,2,0,
17020,2,2,5,2,1,82
17021,3,3,11,3,1,99
17022,4,1,2,4,0,
17023,3,3,11,3,0,
17024,3,3,11,3,0,
17025,3,2,5,2,1,89
17026,3,3,11,3,0,
17027,5,5,1,5,0,
17028,4,4,2,4,0,
17029,4,4,2,4,0,
17030,3,3,11,3,0,
17031,4,4,2,4,0,
17032,2,2,5,2,0,
17033,2,2,5,2,1,98
17034,2,2,5,2,0,
17035,4,1,7,1,0,
17036,3,3,11,3,0,
17037,4,4,11,3,0,
17038,4,4,2,4,0,
17039,3,3,11,3,1,99
17040,3,2,11,3,0,
17041,3,3,11,3,0,
17042,3,3,11,3,0,
17043,4,4,2,4,0,
17044,5,8,1,5,1,99
17045,2,2,5,2,0,
17046,4,4,2,4,0,
17047,3,3,11,3,1,99
17048,2,2,5,2,0,
17049,3,3,11,3,1,71
17050,4,4,2,4,0,
17051,3,3,11,3,0,
17052,4,4,11,3,1,99
17053,4,3,11,3,0,
17054,3,2,11,3,0,
17055,3,3,11,3,0,
17056,3,3,11,3,0,
17057,2,2,5,2,0,
17058,3,3,11,3,0,
17059,3,2,11,3,0,
17060,3,3,11,3,1,97
17061,6,3,11,3,0,
17062,3,3,11,3,1,99
17063,5,5,1,5,0,
17064,3,3,11,3,0,
17065,2,2,5,2,0,
17066,6,6,4,6,0,
17067,4,4,2,4,0,
17068,3,3,11,3,0,
17069,3,3,11,3,0,
17070,3,3,11,3,0,
17071,2,2,5,2,0,
17072,5,5,1,5,0,
17073,3,3,11,3,1,99
17074,3,3,11,3,0,
17075,4,3,11,3,0,
17076,3,3,11,3,0,
17077,3,3,11,3,0,
17078,2,2,5,2,1,81
17079,4,4,2,4,1,99
17080,3,3,11,3,0,
17081,3,3,11,3,0,
17082,4,4,2,4,0,
17083,3,4,2,4,0,
17084,4,4,2,4,0,
17085,3,3,11,3,0,
17086,5,5,1,5,0,
17087,4,4,2,4,0,
17088,3,3,11,3,0,
17089,3,4,11,3,0,
17090,3,3,11,3,0,
17091,4,4,2,4,0,
17092,2,2,5,2,0,
17093,1,2,5,2,0,
17094,1,2,5,2,0,
17095,3,3,11,3,0,
17096,2,2,5,2,0,
17097,4,4,2,4,0,
17098,3,3,11,3,0,
17099,3,3,11,3,1,99
17100,2,2,5,2,0,
17101,2,2,5,2,0,
17102,5,5,1,5,0,
17103,2,2,5,2,0,
17104,4,6,2,4,0,
17105,4,4,2,4,0,
17106,4,4,2,4,0,
17107,3,3,11,3,1,99
17108,3,3,7,1,0,
17109,5,5,1,5,0,
17110,2,2,5,2,0,
17111,3,2,5,2,0,
17112,3,3,11,3,1,99
17113,2,3,11,3,1,97
17114,4,4,2,4,1,151
17115,4,4,2,4,0,
17116,3,3,11,3,0,
17117,2,2,5,2,0,
17118,2,2,5,2,0,
17119,3,3,11,3,0,
17120,4,4,2,4,0,
17121,3,3,11,3,0,
17122,3,3,11,3,0,
17123,2,2,5,2,0,
17124,3,3,8,8,0,
17125,5,5,1,5,0,
17126,4,4,2,4,0,
17127,5,5,1,5,0,
17128,3,3,11,3,0,
17129,3,3,5,2,0,
17130,4,4,7,1,0,
17131,3,3,11,3,0,
17132,2,2,5,2,0,
17133,3,3,11,3,0,
17134,3,3,11,3,0,
17135,3,4,11,3,0,
17136,6,6,2,4,0,
17137,3,2,5,2,0,
17138,4,6,2,4,0,
17139,4,4,2,4,1,85
17140,2,6,5,2,0,
17141,4,3,11,3,0,
17142,3,4,2,4,0,
17143,5,6,1,5,0,
17144,5,5,1,5,0,
17145,2,2,5,2,0,
17146,3,3,11,3,0,
17147,4,4,2,4,0,
17148,5,5,1,5,1,99
17149,4,4,2,4,0,
17150,3,3,11,3,0,
17151,3,2,5,2,0,
17152,4,1,7,1,1,87
17153,1,1,7,1,0,
17154,2,3,5,2,0,
17155,3,3,11,3,0,
17156,3,3,2,4,1,92
17157,3,3,11,3,0,
17158,4,4,2,4,0,
17159,4,4,2,4,0,
17160,3,6,2,4,0,
17161,3,3,11,3,0,
17162,1,4,2,4,0,
17163,6,6,2,4,0,
17164,1,2,7,1,0,
17165,2,2,5,2,1,99
17166,4,4,2,4,0,
17167,2,2,5,2,1,99
17168,4,4,2,4,0,
17169,3,3,11,3,0,
17170,2,3,5,2,0,
17171,1,2,7,1,0,
17172,1,1,7,1,0,
17173,3,3,11,3,0,
17174,2,3,5,2,1,51
17175,4,4,2,4,0,
17176,4,4,2,4,0,
17177,3,3,11,3,1,99
17178,2,2,5,2,0,
17179,2,4,5,2,1,87
17180,3,3,11,3,0,
17181,4,3,11,3,0,
17182,4,4,11,3,0,
17183,3,3,8,8,0,
17184,3,3,11,3,0,
17185,3,2,11,3,0,
17186,2,2,5,2,0,
17187,3,3,11,3,0,
17188,4,4,2,4,0,
17189,4,4,2,4,0,
17190,3,3,11,3,1,99
17191,3,3,11,3,0,
17192,3,3,11,3,0,
17193,3,3,11,3,0,
17194,3,3,11,3,0,
17195,5,5,1,5,0,
17196,3,3,11,3,0,
17197,3,1,7,1,0,
17198,4,4,2,4,1,98
17199,3,3,11,3,0,
17200,3,3,11,3,1,211
17201,4,4,2,4,0,
17202,2,2,5,2,0,
17203,4,4,2,4,0,
17204,4,4,2,4,1,151
17205,4,4,2,4,0,
17206,6,6,2,4,0,
17207,3,3,11,3,0,
17208,4,4,2,4,0,
17209,4,4,2,4,0,
17210,3,3,11,3,0,
17211,4,3,11,3,0,
17212,5,5,1,5,0,
17213,4,4,2,4,0,
17214,2,2,5,2,1,61
17215,4,3,11,3,0,
17216,4,4,2,4,1,151
17217,4,4,2,4,0,
17218,3,3,11,3,0,
17219,3,2,5,2,0,
17220,3,3,11,3,0,
17221,4,4,2,4,1,99
17222,2,2,11,3,0,
17223,1,3,11,3,0,
17224,2,2,5,2,0,
17225,1,2,5,2,0,
17226,2,2,5,2,1,99
17227,3,3,11,3,0,
17228,3,4,11,3,0,
17229,3,3,11,3,0,
17230,4,4,2,4,0,
17231,3,3,11,3,0,
17232,3,3,11,3,0,
17233,3,3,11,3,0,
17234,2,2,11,3,0,
17235,4,4,11,3,0,
17236,3,3,11,3,0,
17237,2,2,5,2,1,99
17238,3,3,5,2,1,80
17239,3,3,11,3,0,
17240,3,3,2,4,0,
17241,3,3,11,3,0,
17242,6,6,2,4,0,
17243,3,3,11,3,0,
17244,4,4,2,4,0,
17245,8,8,8,8,0,
17246,2,2,5,2,0,
17247,3,3,11,3,1,99
17248,3,3,11,3,0,
17249,4,4,2,4,0,
17250,3,4,11,3,0,
17251,3,3,11,3,0,
17252,4,4,11,3,0,
17253,4,6,2,4,0,
17254,3,3,11,3,1,99
17255,2,2,5,2,0,
17256,3,3,11,3,1,99
17257,3,3,11,3,0,
17258,3,3,11,3,0,
17259,5,5,1,5,0,
17260,2,2,11,3,0,
17261,3,3,11,3,1,85
17262,4,4,2,4,0,
17263,3,2,11,3,0,
17264,3,3,11,3,0,
17265,2,2,5,2,0,
17266,4,4,2,4,0,
17267,2,2,5,2,0,
17268,2,2,5,2,0,
17269,4,4,11,3,0,
17270,4,4,2,4,0,
17271,2,2,5,2,0,
17272,4,4,2,4,1,98
17273,3,3,11,3,0,
17274,4,4,2,4,1,86
17275,4,4,2,4,0,
17276,4,4,2,4,1,98
17277,8,8,11,3,0,
17278,4,4,2,4,1,91
17279,3,3,11,3,0,
17280,3,3,2,4,0,
17281,4,4,2,4,0,
17282,1,3,11,3,1,97
17283,3,3,11,3,1,99
17284,3,3,11,3,1,90
17285,4,4,2,4,0,
17286,3,3,11,3,0,
17287,1,1,7,1,0,
17288,4,3,2,4,0,
17289,2,2,5,2,0,
17290,4,4,2,4,1,98
17291,3,3,11,3,0,
17292,4,4,2,4,1,86
17293,3,3,11,3,0,
17294,3,3,11,3,0,
17295,3,8,11,3,0,
17296,1,4,11,3,1,87
17297,2,2,5,2,0,
17298,4,6,2,4,0,
17299,3,3,11,3,0,
17300,2,2,5,2,0,
17301,4,4,11,3,1,99
17302,2,2,5,2,0,
17303,3,3,11,3,1,86
17304,3,3,11,3,0,
17305,4,4,2,4,0,
17306,1,2,7,1,0,
17307,4,4,2,4,0,
17308,4,4,2,4,0,
17309,3,3,11,3,0,
17310,3,3,11,3,0,
17311,4,4,2,4,0,
17312,4,4,2,4,0,
17313,3,3,11,3,0,
17314,1,1,7,1,0,
17315,3,2,2,4,1,55
17316,2,2,5,2,0,
17317,4,4,2,4,0,
17318,4,2,5,2,0,
17319,5,5,1,5,0,
17320,3,3,11,3,1,99
17321,5,5,1,5,0,
17322,3,3,11,3,0,
17323,2,2,5,2,0,
17324,4,2,5,2,0,
17325,4,4,2,4,0,
17326,4,3,11,3,1,74
17327,2,2,5,2,0,
17328,8,3,11,3,0,
17329,4,2,2,4,0,
17330,4,4,2,4,0,
17331,3,3,2,4,0,
17332,6,6,11,3,0,
17333,4,4,2,4,0,
17334,6,6,11,3,1,99
17335,2,2,5,2,0,
17336,4,4,11,3,0,
17337,4,4,2,4,0,
17338,2,2,5,2,1,99
17339,4,4,2,4,1,99
17340,4,4,2,4,1,96
17341,3,3,11,3,0,
17342,3,3,11,3,0,
17343,3,3,11,3,0,
17344,2,1,7,1,0,
17345,3,3,11,3,0,
17346,2,2,5,2,1,99
17347,2,2,5,2,0,
17348,5,5,1,5,0,
17349,3,2,2,4,0,
17350,3,3,11,3,0,
17351,4,4,2,4,0,
17352,3,3,11,3,0,
17353,2,2,5,2,0,
17354,4,4,2,4,0,
17355,4,4,2,4,0,
17356,4,4,2,4,0,
17357,3,3,11,3,1,99
17358,3,3,11,3,0,
17359,4,4,11,3,0,
17360,3,3,11,3,0,
17361,2,3,5,2,0,
17362,3,3,11,3,1,99
17363,4,4,2,4,1,99
17364,4,4,2,4,0,
17365,3,3,11,3,0,
17366,3,3,11,3,0,
17367,4,4,11,3,0,
17368,3,2,11,3,1,98
17369,3,3,11,3,1,97
17370,3,3,11,3,0,
17371,4,3,11,3,0,
17372,3,3,11,3,0,
17373,2,2,5,2,0,
17374,1,4,2,4,0,
17375,2,2,5,2,0,
17376,2,2,5,2,0,
17377,1,2,7,1,0,
17378,3,3,11,3,1,99
17379,4,4,2,4,0,
17380,3,3,5,2,0,
17381,2,2,11,3,0,
17382,3,4,2,4,0,
17383,1,1,7,1,0,
17384,2,2,5,2,1,99
17385,4,4,2,4,0,
17386,2,2,5,2,0,
17387,2,2,5,2,1,99
17388,4,4,2,4,0,
17389,4,4,2,4,0,
17390,3,3,11,3,0,
17391,3,3,11,3,0,
17392,2,2,5,2,0,
17393,3,3,11,3,1,99
17394,2,2,5,2,0,
17395,4,4,2,4,0,
17396,4,4,2,4,0,
17397,3,3,11,3,0,
17398,3,3,11,3,0,
17399,3,3,11,3,0,
17400,3,3,11,3,0,
17401,4,4,2,4,0,
17402,2,3,11,3,0,
17403,5,5,1,5,0,
17404,6,6,4,6,0,
17405,2,2,5,2,0,
17406,1,1,7,1,0,
17407,1,1,2,4,0,
17408,1,2,7,1,0,
17409,3,3,11,3,1,99
17410,3,3,11,3,1,211
17411,6,6,2,4,0,
17412,3,2,5,2,0,
17413,3,2,11,3,0,
17414,4,4,2,4,0,
17415,4,4,2,4,0,
17416,4,4,2,4,0,
17417,2,2,11,3,1,94
17418,4,4,2,4,0,
17419,3,2,5,2,0,
17420,3,3,11,3,0,
17421,2,2,5,2,0,
17422,2,2,5,2,0,
17423,3,2,5,2,0,
17424,3,3,11,3,0,
17425,3,3,11,3,0,
17426,4,4,2,4,0,
17427,3,3,11,3,0,
17428,3,3,11,3,0,
17429,1,3,5,2,0,
17430,2,2,5,2,0,
17431,4,4,2,4,0,
17432,4,4,2,4,0,
17433,8,8,8,8,0,
17434,3,3,11,3,0,
17435,4,4,2,4,0,
17436,4,4,2,4,0,
17437,3,3,11,3,0,
17438,3,3,11,3,0,
17439,3,3,5,2,0,
17440,5,5,1,5,0,
17441,4,4,2,4,1,99
17442,3,2,11,3,0,
17443,1,1,7,1,0,
17444,2,2,5,2,0,
17445,3,4,2,4,0,
17446,6,6,2,4,1,99
17447,6,6,4,6,0,
17448,4,4,2,4,0,
17449,4,3,11,3,0,
17450,2,2,5,2,0,
17451,3,3,11,3,0,
17452,3,2,11,3,0,
17453,3,3,11,3,0,
17454,3,3,11,3,0,
17455,3,3,11,3,0,
17456,2,2,5,2,0,
17457,2,2,5,2,0,
17458,4,6,2,4,0,
17459,3,3,11,3,0,
17460,2,2,5,2,0,
17461,3,6,11,3,0,
17462,4,4,2,4,0,
17463,3,3,5,2,1,74
17464,2,2,5,2,0,
17465,3,3,11,3,0,
17466,3,3,11,3,1,99
17467,4,2,2,4,0,
17468,2,2,5,2,0,
17469,4,4,2,4,0,
17470,2,2,5,2,0,
17471,2,2,5,2,1,99
17472,3,3,11,3,0,
17473,2,2,5,2,0,
17474,3,3,11,3,1,99
17475,6,6,11,3,0,
17476,3,3,11,3,0,
17477,3,3,11,3,1,99
17478,1,2,7,1,0,
17479,1,1,7,1,0,
17480,4,4,2,4,0,
17481,4,4,11,3,0,
17482,2,2,5,2,0,
17483,4,4,2,4,0,
17484,1,2,7,1,0,
17485,6,6,2,4,0,
17486,4,3,5,2,0,
17487,6,6,2,4,0,
17488,3,3,11,3,0,
17489,3,3,11,3,0,
17490,2,2,11,3,1,95
17491,3,3,11,3,0,
17492,3,3,11,3,1,99
17493,3,2,11,3,0,
17494,5,5,1,5,0,
17495,2,2,5,2,0,
17496,4,4,2,4,0,
17497,3,3,8,8,0,
17498,4,4,2,4,0,
17499,2,2,5,2,0,
17500,4,3,11,3,1,152
17501,3,3,11,3,0,
17502,4,3,11,3,0,
17503,3,2,11,3,0,
17504,1,1,7,1,0,
17505,4,4,2,4,0,
17506,3,3,11,3,0,
17507,3,3,11,3,0,
17508,4,4,2,4,1,99
17509,4,4,2,4,1,99
17510,3,3,11,3,0,
17511,4,4,2,4,0,
17512,6,6,11,3,0,
17513,3,3,11,3,1,96
17514,4,3,11,3,0,
17515,4,4,2,4,0,
17516,2,2,5,2,0,
17517,2,2,5,2,1,99
17518,4,4,2,4,1,151
17519,1,1,7,1,0,
17520,3,3,11,3,1,211
17521,2,2,5,2,0,
17522,3,3,8,8,0,
17523,1,6,5,2,0,
17524,3,3,11,3,0,
17525,5,5,1,5,0,
17526,1,1,7,1,0,
17527,2,2,5,2,0,
17528,2,2,5,2,0,
17529,3,8,11,3,0,
17530,3,3,11,3,0,
17531,2,2,5,2,0,
17532,4,4,2,4,1,85
17533,5,5,1,5,1,100
17534,4,3,2,4,1,82
17535,3,3,11,3,0,
17536,5,5,1,5,0,
17537,4,4,2,4,0,
17538,4,4,2,4,1,99
17539,3,3,11,3,1,98
17540,3,2,11,3,0,
17541,4,4,2,4,0,
17542,4,4,2,4,0,
17543,3,2,11,3,0,
17544,4,4,2,4,0,
17545,3,3,11,3,1,97
17546,3,3,11,3,0,
17547,4,4,2,4,0,
17548,5,5,1,5,0,
17549,2,2,5,2,1,99
17550,4,4,2,4,0,
17551,3,3,11,3,0,
17552,4,4,2,4,0,
17553,3,3,11,3,0,
17554,4,4,2,4,0,
17555,5,5,1,5,0,
17556,3,3,11,3,0,
17557,3,2,11,3,0,
17558,2,2,5,2,0,
17559,3,4,11,3,0,
17560,4,4,2,4,1,99
17561,3,3,11,3,0,
17562,3,3,11,3,0,
17563,3,3,11,3,1,99
17564,3,3,11,3,1,93
17565,2,2,5,2,0,
17566,4,4,2,4,0,
17567,6,6,5,2,0,
17568,3,3,11,3,1,99
17569,6,6,2,4,0,
17570,3,3,5,2,0,
17571,4,4,2,4,0,
17572,3,3,11,3,0,
17573,4,4,11,3,0,
17574,4,4,2,4,0,
17575,6,4,2,4,0,
17576,3,3,11,3,0,
17577,1,1,7,1,0,
17578,4,3,11,3,0,
17579,3,3,11,3,1,96
17580,4,3,2,4,0,
17581,3,3,11,3,0,
17582,3,3,11,3,0,
17583,3,3,11,3,0,
17584,6,6,2,4,0,
17585,2,2,5,2,0,
17586,4,4,11,3,1,62
17587,3,3,11,3,1,73
17588,4,4,2,4,0,
17589,4,3,11,3,0,
17590,3,3,11,3,0,
17591,4,4,2,4,1,151
17592,1,2,2,4,0,
17593,2,2,5,2,1,99
17594,6,4,2,4,0,
17595,4,4,2,4,0,
17596,4,4,2,4,0,
17597,3,3,11,3,1,99
17598,4,4,2,4,0,
17599,2,2,5,2,0,
17600,2,2,5,2,0,
17601,2,2,5,2,1,99
17602,4,4,2,4,0,
17603,4,4,2,4,0,
17604,4,4,2,4,1,95
17605,3,3,11,3,1,99
17606,2,2,5,2,0,
17607,2,2,11,3,0,
17608,1,2,5,2,0,
17609,3,3,11,3,0,
17610,4,4,2,4,0,
17611,4,4,2,4,0,
17612,6,6,2,4,0,
17613,4,4,2,4,0,
17614,5,0,1,5,1,
17615,4,4,2,4,0,
17616,3,2,11,3,0,
17617,3,3,11,3,0,
17618,3,3,11,3,0,
17619,4,4,2,4,0,
17620,3,3,11,3,0,
17621,2,2,5,2,0,
17622,3,3,11,3,0,
17623,4,4,2,4,0,
17624,3,3,11,3,1,98
17625,4,4,2,4,0,
17626,4,4,2,4,0,
17627,2,2,5,2,0,
17628,3,3,11,3,0,
17629,4,4,2,4,0,
17630,3,3,11,3,0,
17631,4,3,11,3,0,
17632,6,3,11,3,0,
17633,1,8,8,8,1,52
17634,5,5,1,5,0,
17635,6,6,2,4,0,
17636,4,4,2,4,0,
17637,3,3,11,3,0,
17638,3,3,11,3,1,96
17639,1,3,7,1,0,
17640,1,1,7,1,0,
17641,4,4,2,4,0,
17642,2,2,11,3,0,
17643,3,3,11,3,1,99
17644,3,3,5,2,0,
17645,2,2,11,3,0,
17646,3,3,11,3,0,
17647,4,4,2,4,0,
17648,2,2,5,2,1,95
17649,5,5,1,5,0,
17650,8,3,8,8,0,
17651,4,3,11,3,0,
17652,2,3,5,2,0,
17653,4,3,11,3,0,
17654,4,4,2,4,0,
17655,4,4,11,3,0,
17656,4,4,11,3,0,
17657,4,4,2,4,1,151
17658,3,3,11,3,0,
17659,2,2,5,2,1,99
17660,1,1,7,1,1,99
17661,4,4,2,4,1,99
17662,4,4,2,4,1,99
17663,3,3,11,3,1,99
17664,3,3,11,3,0,
17665,3,3,11,3,0,
17666,6,6,4,6,0,
17667,2,2,5,2,0,
17668,3,3,11,3,0,
17669,4,4,2,4,1,85
17670,4,4,2,4,0,
17671,4,4,2,4,0,
17672,6,6,2,4,0,
17673,3,3,11,3,1,99
17674,5,5,1,5,0,
17675,4,4,11,3,0,
17676,4,4,2,4,0,
17677,2,2,5,2,0,
17678,2,2,5,2,0,
17679,4,4,2,4,0,
17680,3,3,11,3,0,
17681,2,2,5,2,0,
17682,4,4,2,4,0,
17683,3,3,11,3,0,
17684,3,3,11,3,0,
17685,3,3,11,3,0,
17686,4,4,2,4,0,
17687,3,3,11,3,1,211
17688,3,3,11,3,0,
17689,3,3,11,3,0,
17690,4,3,11,3,0,
17691,8,3,8,8,1,99
17692,2,2,5,2,0,
17693,2,2,5,2,0,
17694,4,3,2,4,0,
17695,3,3,11,3,0,
17696,3,2,8,8,1,212
17697,4,4,2,4,0,
17698,2,2,5,2,0,
17699,2,2,5,2,0,
17700,2,2,5,2,0,
17701,3,3,5,2,0,
17702,1,1,7,1,0,
17703,6,6,11,3,0,
17704,2,2,5,2,0,
17705,4,4,2,4,0,
17706,3,3,11,3,0,
17707,4,4,2,4,0,
17708,3,2,5,2,1,98
17709,1,1,7,1,0,
17710,2,2,5,2,0,
17711,2,2,5,2,0,
17712,4,4,11,3,0,
17713,3,2,2,4,1,85
17714,2,2,5,2,0,
17715,5,3,1,5,0,
17716,4,4,2,4,0,
17717,4,4,2,4,0,
17718,4,4,2,4,0,
17719,5,5,1,5,0,
17720,4,4,2,4,1,93
17721,4,4,2,4,0,
17722,6,6,2,4,0,
17723,4,4,5,2,0,
17724,4,4,2,4,1,74
17725,2,2,5,2,0,
17726,3,8,8,8,1,71
17727,3,3,11,3,0,
17728,4,4,2,4,0,
17729,2,2,11,3,0,
17730,3,3,2,4,0,
17731,2,2,5,2,0,
17732,4,4,11,3,1,99
17733,2,2,5,2,0,
17734,4,4,2,4,0,
17735,4,4,2,4,0,
17736,3,3,2,4,0,
17737,4,4,2,4,0,
17738,3,3,11,3,1,99
17739,4,4,11,3,0,
17740,3,3,2,4,0,
17741,3,3,2,4,0,
17742,4,4,2,4,0,
17743,3,3,11,3,0,
17744,3,3,11,3,1,152
17745,2,2,11,3,0,
17746,5,5,1,5,0,
17747,3,3,11,3,1,49
17748,5,5,1,5,0,
17749,3,3,11,3,0,
17750,3,3,11,3,0,
17751,3,3,11,3,1,99
17752,3,3,11,3,1,99
17753,3,3,11,3,0,
17754,3,2,5,2,0,
17755,4,4,2,4,0,
17756,3,3,11,3,0,
17757,6,6,4,6,0,
17758,2,2,5,2,0,
17759,6,3,11,3,0,
17760,4,4,2,4,1,83
17761,3,3,11,3,0,
17762,2,1,5,2,0,
17763,6,6,2,4,0,
17764,3,4,11,3,0,
17765,3,3,2,4,0,
17766,3,3,11,3,0,
17767,5,5,1,5,1,99
17768,6,6,2,4,0,
17769,4,3,11,3,0,
17770,3,3,11,3,0,
17771,2,2,11,3,1,98
17772,1,1,7,1,0,
17773,3,3,11,3,0,
17774,4,4,2,4,0,
17775,3,3,11,3,0,
17776,3,3,11,3,0,
17777,4,4,2,4,1,99
17778,3,2,2,4,0,
17779,3,3,11,3,0,
17780,4,3,2,4,0,
17781,4,4,2,4,1,99
17782,1,1,7,1,0,
17783,3,2,11,3,1,96
17784,3,3,11,3,0,
17785,4,4,1,5,0,
17786,3,3,11,3,0,
17787,3,6,11,3,1,99
17788,1,2,7,1,0,
17789,3,2,2,4,0,
17790,3,3,11,3,0,
17791,3,2,11,3,0,
17792,3,3,11,3,0,
17793,2,2,5,2,1,99
17794,3,3,11,3,1,99
17795,4,4,2,4,0,
17796,3,3,11,3,1,97
17797,3,3,11,3,0,
17798,3,3,11,3,0,
17799,2,2,5,2,0,
17800,1,1,7,1,0,
17801,4,4,2,4,0,
17802,6,6,4,6,0,
17803,2,2,5,2,1,99
17804,4,4,2,4,0,
17805,6,6,2,4,0,
17806,2,2,5,2,0,
17807,2,2,11,3,0,
17808,2,2,2,4,1,66
17809,4,4,2,4,0,
17810,3,3,11,3,0,
17811,4,4,2,4,0,
17812,4,1,2,4,0,
17813,3,3,11,3,0,
17814,2,2,5,2,0,
17815,1,1,7,1,1,99
17816,3,3,11,3,0,
17817,2,2,5,2,1,96
17818,2,2,5,2,1,99
17819,2,2,5,2,1,96
17820,4,2,2,4,0,
17821,4,4,2,4,0,
17822,2,2,5,2,0,
17823,1,1,7,1,0,
17824,4,4,2,4,0,
17825,3,3,11,3,0,
17826,3,3,11,3,0,
17827,3,2,11,3,0,
17828,4,2,2,4,0,
17829,1,1,7,1,0,
17830,4,4,2,4,0,
17831,8,8,11,3,0,
17832,1,3,7,1,0,
17833,2,2,5,2,0,
17834,3,3,2,4,0,
17835,3,3,11,3,0,
17836,6,6,2,4,1,99
17837,3,2,11,3,0,
17838,4,4,2,4,1,78
17839,4,4,2,4,0,
17840,3,3,11,3,1,98
17841,4,4,2,4,0,
17842,4,4,2,4,1,99
17843,4,4,2,4,0,
17844,3,3,11,3,0,
17845,1,3,7,1,0,
17846,3,2,11,3,0,
17847,6,6,5,2,0,
17848,1,1,7,1,1,96
17849,3,3,11,3,0,
17850,4,4,2,4,0,
17851,4,4,2,4,0,
17852,1,4,2,4,0,
17853,3,3,11,3,0,
17854,2,2,5,2,1,99
17855,4,4,2,4,0,
17856,6,6,11,3,0,
17857,3,3,11,3,0,
17858,4,4,2,4,0,
17859,3,3,11,3,0,
17860,3,3,11,3,0,
17861,4,4,2,4,1,99
17862,3,3,11,3,0,
17863,2,2,5,2,0,
17864,1,1,7,1,0,
17865,4,4,11,3,1,99
17866,4,4,2,4,0,
17867,3,3,11,3,0,
17868,4,4,2,4,0,
17869,3,3,11,3,0,
17870,2,2,11,3,0,
17871,3,3,11,3,0,
17872,4,4,2,4,0,
17873,3,3,8,8,1,99
17874,3,3,11,3,0,
17875,3,3,11,3,0,
17876,4,4,2,4,0,
17877,3,3,11,3,0,
17878,4,4,2,4,0,
17879,2,2,5,2,1,99
17880,3,3,11,3,0,
17881,2,2,5,2,0,
17882,4,4,2,4,0,
17883,4,2,5,2,0,
17884,4,4,2,4,0,
17885,3,3,11,3,0,
17886,4,4,2,4,0,
17887,2,2,5,2,0,
17888,3,6,11,3,0,
17889,2,2,5,2,0,
17890,6,6,2,4,1,99
17891,4,4,2,4,0,
17892,3,3,11,3,0,
17893,3,3,11,3,0,
17894,2,2,5,2,0,
17895,5,5,1,5,0,
17896,4,6,2,4,0,
17897,3,3,11,3,0,
17898,4,4,2,4,0,
17899,6,6,2,4,0,
17900,4,4,2,4,0,
17901,4,3,2,4,0,
17902,5,5,1,5,1,100
17903,2,2,11,3,0,
17904,4,4,2,4,1,99
17905,3,3,11,3,0,
17906,2,2,5,2,0,
17907,3,3,11,3,0,
17908,4,3,11,3,0,
17909,4,4,2,4,0,
17910,4,4,2,4,1,96
17911,3,3,11,3,0,
17912,3,3,11,3,0,
17913,2,2,5,2,1,211
17914,3,2,5,2,0,
17915,5,5,1,5,0,
17916,2,2,5,2,0,
17917,3,3,11,3,0,
17918,4,4,2,4,0,
17919,2,2,5,2,0,
17920,4,6,2,4,1,99
17921,5,5,1,5,0,
17922,4,4,2,4,0,
17923,4,4,2,4,0,
17924,2,3,5,2,0,
17925,3,5,1,5,0,
17926,4,4,2,4,1,69
17927,4,4,2,4,0,
17928,4,4,2,4,0,
17929,2,2,5,2,0,
17930,3,3,11,3,0,
17931,4,4,2,4,1,99
17932,2,2,5,2,0,
17933,2,2,5,2,0,
17934,2,2,5,2,1,99
17935,4,4,2,4,0,
17936,2,2,5,2,0,
17937,3,3,11,3,0,
17938,4,4,2,4,0,
17939,3,3,11,3,0,
17940,1,2,2,4,0,
17941,3,3,11,3,0,
17942,3,3,11,3,0,
17943,4,4,2,4,0,
17944,4,4,2,4,0,
17945,4,3,11,3,0,
17946,3,8,11,3,1,97
17947,3,3,11,3,1,96
17948,4,6,2,4,1,99
17949,3,2,11,3,0,
17950,2,2,5,2,0,
17951,4,3,2,4,0,
17952,3,2,5,2,1,88
17953,4,4,2,4,0,
17954,4,3,11,3,1,99
17955,3,3,11,3,0,
17956,5,5,1,5,0,
17957,2,2,5,2,1,99
17958,5,5,1,5,0,
17959,3,3,11,3,0,
17960,6,6,11,3,0,
17961,3,3,11,3,0,
17962,2,2,5,2,0,
17963,2,2,5,2,1,86
17964,3,3,11,3,0,
17965,3,3,11,3,0,
17966,4,4,2,4,0,
17967,3,3,11,3,1,99
17968,3,2,5,2,1,99
17969,3,3,11,3,0,
17970,3,3,11,3,0,
17971,4,4,2,4,0,
17972,5,5,1,5,0,
17973,2,2,5,2,0,
17974,4,4,2,4,0,
17975,4,4,2,4,0,
17976,3,3,11,3,0,
17977,2,2,5,2,0,
17978,4,4,2,4,0,
17979,2,2,5,2,0,
17980,6,6,2,4,0,
17981,3,3,11,3,1,211
17982,4,3,11,3,0,
17983,3,3,11,3,0,
17984,3,3,11,3,0,
17985,3,3,11,3,1,99
17986,3,3,11,3,0,
17987,3,3,11,3,0,
17988,3,6,11,3,0,
17989,4,4,2,4,0,
17990,4,4,2,4,0,
17991,3,2,11,3,0,
17992,4,4,2,4,0,
17993,3,2,5,2,1,99
17994,3,3,11,3,0,
17995,5,5,1,5,0,
17996,3,3,11,3,0,
17997,5,5,1,5,0,
17998,3,3,11,3,0,
17999,4,4,2,4,1,99
18000,4,4,2,4,0,
18001,3,3,11,3,0,
18002,3,3,11,3,0,
18003,4,4,2,4,0,
18004,2,2,5,2,0,
18005,4,4,2,4,1,99
18006,1,2,11,3,0,
18007,3,3,11,3,0,
18008,3,2,11,3,0,
18009,3,3,11,3,0,
18010,3,2,11,3,0,
18011,5,5,1,5,0,
18012,3,8,11,3,1,67
18013,3,3,11,3,0,
18014,2,2,5,2,0,
18015,5,5,1,5,0,
18016,4,4,11,3,0,
18017,3,3,11,3,0,
18018,3,3,11,3,0,
18019,4,4,7,1,0,
18020,3,3,11,3,1,99
18021,3,3,11,3,0,
18022,3,3,11,3,1,211
18023,4,4,2,4,0,
18024,3,3,11,3,0,
18025,3,3,11,3,0,
18026,3,8,8,8,0,
18027,4,2,11,3,0,
18028,3,3,11,3,0,
18029,1,1,7,1,0,
18030,3,3,11,3,0,
18031,3,3,11,3,0,
18032,4,3,11,3,0,
18033,2,2,5,2,0,
18034,5,5,1,5,0,
18035,2,2,5,2,0,
18036,3,3,11,3,1,99
18037,3,3,11,3,0,
18038,6,6,2,4,0,
18039,4,6,7,1,1,99
18040,3,3,11,3,0,
18041,4,4,2,4,0,
18042,4,4,2,4,0,
18043,4,4,2,4,1,151
18044,2,2,5,2,0,
18045,6,6,11,3,1,100
18046,4,4,2,4,0,
18047,3,2,11,3,1,89
18048,3,3,11,3,1,99
18049,2,2,5,2,1,99
18050,1,1,7,1,0,
18051,3,3,11,3,0,
18052,3,3,11,3,0,
18053,3,2,5,2,0,
18054,2,2,5,2,0,
18055,4,4,2,4,0,
18056,3,3,11,3,0,
18057,4,4,2,4,0,
18058,2,2,2,4,0,
18059,3,3,11,3,0,
18060,4,4,2,4,1,99
18061,2,2,5,2,0,
18062,3,3,11,3,1,96
18063,3,3,11,3,0,
18064,4,4,2,4,0,
18065,3,4,11,3,0,
18066,3,3,11,3,0,
18067,4,4,2,4,0,
18068,4,4,2,4,1,99
18069,3,3,11,3,0,
18070,3,8,11,3,0,
18071,2,2,5,2,0,
18072,2,2,5,2,0,
18073,4,4,2,4,0,
18074,4,5,1,5,0,
18075,3,8,11,3,0,
18076,4,3,11,3,0,
18077,2,2,5,2,0,
18078,2,1,11,3,0,
18079,4,4,2,4,0,
18080,4,4,2,4,0,
18081,3,3,11,3,0,
18082,4,4,2,4,0,
18083,2,2,5,2,0,
18084,8,3,11,3,0,
18085,5,5,1,5,0,
18086,3,2,5,2,0,
18087,4,4,2,4,0,
18088,5,5,1,5,0,
18089,3,2,11,3,1,87
18090,3,3,11,3,0,
18091,1,1,7,1,0,
18092,2,2,5,2,0,
18093,4,3,5,2,0,
18094,2,2,5,2,0,
18095,3,3,11,3,0,
18096,3,3,11,3,0,
18097,4,4,2,4,0,
18098,4,4,7,1,0,
18099,1,1,7,1,0,
18100,3,3,11,3,0,
18101,4,4,2,4,0,
18102,4,4,2,4,0,
18103,3,3,11,3,0,
18104,4,4,2,4,0,
18105,3,2,5,2,1,95
18106,3,3,11,3,0,
18107,3,3,11,3,0,
18108,3,2,5,2,0,
18109,3,8,8,8,0,
18110,4,3,11,3,0,
18111,3,3,11,3,0,
18112,3,2,7,1,0,
18113,3,3,11,3,1,59
18114,4,4,11,3,0,
18115,3,3,11,3,1,99
18116,2,2,5,2,0,
18117,3,8,8,8,0,
18118,3,3,11,3,0,
18119,3,3,11,3,0,
18120,4,4,2,4,0,
18121,3,3,11,3,0,
18122,1,3,11,3,0,
18123,2,2,5,2,1,99
18124,2,2,5,2,0,
18125,4,4,2,4,0,
18126,4,4,2,4,0,
18127,2,2,5,2,0,
18128,4,4,2,4,0,
18129,4,4,2,4,0,
18130,4,4,2,4,0,
18131,4,3,11,3,0,
18132,3,8,11,3,1,68
18133,3,3,11,3,0,
18134,3,3,11,3,1,99
18135,5,5,1,5,0,
18136,3,3,11,3,1,99
18137,4,4,2,4,1,91
18138,3,3,11,3,0,
18139,3,3,11,3,0,
18140,2,2,5,2,0,
18141,1,3,11,3,0,
18142,3,3,11,3,0,
18143,3,2,5,2,0,
18144,6,6,2,4,0,
18145,5,5,1,5,0,
18146,2,2,5,2,1,99
18147,3,2,2,4,1,29
18148,6,6,2,4,0,
18149,1,1,7,1,0,
18150,3,3,11,3,0,
18151,5,5,1,5,0,
18152,4,3,11,3,0,
18153,5,5,1,5,0,
18154,3,2,11,3,0,
18155,6,2,5,2,0,
18156,3,3,11,3,0,
18157,3,3,11,3,1,99
18158,3,3,11,3,0,
18159,3,3,11,3,0,
18160,4,4,2,4,0,
18161,3,3,11,3,0,
18162,2,2,5,2,1,98
18163,3,3,11,3,0,
18164,3,4,11,3,1,99
18165,3,3,11,3,0,
18166,3,3,11,3,0,
18167,4,4,11,3,1,99
18168,3,3,11,3,0,
18169,3,3,11,3,0,
18170,4,4,11,3,0,
18171,4,2,2,4,1,44
18172,3,2,5,2,0,
18173,4,4,2,4,0,
18174,3,4,11,3,0,
18175,6,6,2,4,0,
18176,4,4,2,4,0,
18177,3,4,11,3,0,
18178,2,4,5,2,0,
18179,3,2,5,2,1,99
18180,4,4,2,4,0,
18181,4,4,2,4,0,
18182,2,2,5,2,0,
18183,3,3,11,3,0,
18184,3,3,11,3,0,
18185,3,3,11,3,0,
18186,4,4,2,4,0,
18187,3,3,11,3,0,
18188,2,2,5,2,1,99
18189,4,3,11,3,0,
18190,3,3,11,3,1,78
18191,1,1,7,1,1,99
18192,3,3,5,2,0,
18193,4,4,2,4,1,99
18194,4,4,2,4,0,
18195,4,4,2,4,0,
18196,4,4,2,4,0,
18197,3,3,11,3,0,
18198,4,4,2,4,0,
18199,4,4,2,4,0,
18200,4,4,2,4,0,
18201,2,2,5,2,0,
18202,4,4,2,4,0,
18203,3,3,11,3,0,
18204,2,2,5,2,1,99
18205,3,3,11,3,0,
18206,3,3,11,3,0,
18207,4,3,11,3,0,
18208,4,3,11,3,1,99
18209,6,6,1,5,0,
18210,4,4,2,4,0,
18211,6,4,11,3,0,
18212,4,4,2,4,0,
18213,6,6,2,4,0,
18214,4,4,2,4,0,
18215,3,2,11,3,0,
18216,2,2,5,2,0,
18217,2,2,5,2,1,84
18218,2,2,5,2,0,
18219,4,4,2,4,1,99
18220,6,6,2,4,0,
18221,4,4,2,4,1,99
18222,3,3,11,3,0,
18223,4,4,2,4,0,
18224,2,2,5,2,1,99
18225,4,4,11,3,0,
18226,6,6,2,4,0,
18227,5,5,1,5,0,
18228,2,2,5,2,0,
18229,4,6,2,4,0,
18230,3,2,5,2,0,
18231,3,1,7,1,1,53
18232,1,2,7,1,0,
18233,2,2,5,2,0,
18234,4,1,7,1,0,
18235,4,6,11,3,0,
18236,5,0,1,5,0,
18237,6,6,2,4,0,
18238,8,8,8,8,0,
18239,5,5,1,5,0,
18240,2,2,5,2,0,
18241,3,3,11,3,0,
18242,3,3,11,3,1,98
18243,3,3,11,3,0,
18244,1,1,7,1,0,
18245,3,3,11,3,0,
18246,6,6,2,4,0,
18247,3,3,11,3,1,99
18248,3,8,11,3,0,
18249,4,4,2,4,0,
18250,2,2,5,2,0,
18251,3,3,11,3,0,
18252,4,4,2,4,0,
18253,3,3,11,3,0,
18254,3,3,11,3,0,
18255,3,3,11,3,1,99
18256,3,3,11,3,0,
18257,4,4,2,4,0,
18258,3,4,11,3,1,97
18259,4,4,2,4,0,
18260,2,2,7,1,0,
18261,2,2,5,2,0,
18262,6,6,4,6,0,
18263,4,4,2,4,0,
18264,6,6,2,4,0,
18265,4,4,2,4,0,
18266,3,3,11,3,0,
18267,4,4,5,2,0,
18268,3,2,11,3,0,
18269,4,4,2,4,0,
18270,4,4,2,4,0,
18271,3,3,11,3,1,99
18272,4,4,11,3,0,
18273,4,4,2,4,0,
18274,3,3,11,3,0,
18275,3,3,11,3,0,
18276,3,3,11,3,1,99
18277,3,3,11,3,0,
18278,2,2,5,2,0,
18279,3,3,11,3,0,
18280,4,4,2,4,0,
18281,3,2,11,3,1,98
18282,4,4,2,4,0,
18283,2,2,5,2,0,
18284,3,3,11,3,0,
18285,4,4,11,3,0,
18286,2,2,5,2,0,
18287,3,2,5,2,0,
18288,5,5,1,5,0,
18289,4,4,2,4,0,
18290,4,4,11,3,0,
18291,3,3,5,2,0,
18292,3,2,11,3,0,
18293,6,3,2,4,0,
18294,4,4,2,4,0,
18295,4,4,2,4,0,
18296,4,4,2,4,0,
18297,4,4,2,4,0,
18298,5,5,1,5,0,
18299,3,1,5,2,0,
18300,3,2,5,2,1,93
18301,4,4,2,4,0,
18302,3,3,11,3,0,
18303,4,4,2,4,0,
18304,3,3,2,4,0,
18305,3,3,11,3,0,
18306,6,6,4,6,0,
18307,4,4,2,4,1,151
18308,4,4,2,4,0,
18309,4,4,2,4,0,
18310,4,4,2,4,0,
18311,4,4,2,4,1,99
18312,3,3,11,3,0,
18313,4,4,11,3,0,
18314,2,2,5,2,0,
18315,3,3,11,3,0,
18316,3,2,11,3,1,82
18317,6,1,7,1,0,
18318,4,2,7,1,0,
18319,6,6,11,3,0,
18320,6,6,2,4,0,
18321,4,6,11,3,0,
18322,6,2,11,3,0,
18323,1,2,7,1,0,
18324,2,2,5,2,0,
18325,2,2,5,2,1,84
18326,2,2,5,2,0,
18327,2,2,5,2,0,
18328,4,6,2,4,0,
18329,3,2,5,2,1,99
18330,2,2,5,2,1,97
18331,2,1,5,2,0,
18332,2,2,5,2,0,
18333,3,3,11,3,0,
18334,3,8,11,3,0,
18335,3,3,11,3,1,99
18336,4,4,2,4,0,
18337,3,6,11,3,0,
18338,4,4,2,4,1,99
18339,4,3,11,3,0,
18340,4,4,2,4,0,
18341,3,4,2,4,1,99
18342,6,6,11,3,1,99
18343,3,3,11,3,0,
18344,1,1,7,1,0,
18345,3,3,11,3,0,
18346,3,3,11,3,0,
18347,3,3,5,2,0,
18348,2,2,5,2,0,
18349,6,6,5,2,0,
18350,3,3,11,3,0,
18351,3,8,11,3,1,67
18352,3,3,11,3,1,99
18353,2,2,5,2,1,73
18354,3,2,11,3,1,99
18355,1,3,11,3,0,
18356,3,3,11,3,1,99
18357,4,4,2,4,0,
18358,3,3,11,3,0,
18359,3,3,2,4,0,
18360,3,3,2,4,0,
18361,4,4,2,4,0,
18362,6,6,2,4,0,
18363,3,3,11,3,0,
18364,3,2,11,3,1,63
18365,3,3,11,3,0,
18366,3,3,11,3,1,50
18367,4,2,2,4,0,
18368,3,3,11,3,0,
18369,4,4,2,4,0,
18370,6,6,2,4,0,
18371,3,3,8,8,0,
18372,2,2,11,3,0,
18373,3,3,2,4,0,
18374,6,6,2,4,0,
18375,3,3,11,3,0,
18376,3,3,11,3,0,
18377,3,4,2,4,1,151
18378,2,2,5,2,0,
18379,2,2,11,3,0,
18380,4,4,5,2,0,
18381,3,3,11,3,0,
18382,4,4,2,4,1,99
18383,4,4,2,4,0,
18384,3,3,11,3,0,
18385,3,3,11,3,0,
18386,2,2,5,2,0,
18387,4,6,2,4,1,99
18388,3,3,11,3,0,
18389,3,4,2,4,0,
18390,2,2,5,2,1,99
18391,4,4,2,4,0,
18392,1,1,2,4,0,
18393,4,3,11,3,0,
18394,4,4,2,4,1,151
18395,3,4,11,3,0,
18396,2,2,5,2,1,99
18397,2,2,5,2,0,
18398,4,3,11,3,1,99
18399,3,3,11,3,0,
18400,3,3,11,3,0,
18401,3,3,11,3,1,99
18402,5,5,1,5,0,
18403,3,3,11,3,0,
18404,5,5,1,5,0,
18405,3,2,5,2,0,
18406,3,3,11,3,1,211
18407,2,2,5,2,1,99
18408,3,2,11,3,0,
18409,3,2,2,4,1,81
18410,3,3,11,3,0,
18411,2,2,5,2,0,
18412,4,4,2,4,1,99
18413,3,3,11,3,0,
18414,3,3,11,3,0,
18415,4,4,2,4,0,
18416,4,4,2,4,0,
18417,6,6,11,3,1,99
18418,4,4,2,4,0,
18419,2,2,5,2,1,98
18420,3,3,11,3,0,
18421,4,4,2,4,0,
18422,4,4,11,3,0,
18423,3,3,11,3,0,
18424,4,4,2,4,0,
18425,3,3,11,3,0,
18426,1,1,7,1,0,
18427,3,2,2,4,0,
18428,3,3,11,3,0,
18429,3,3,11,3,0,
18430,3,3,11,3,0,
18431,3,3,11,3,0,
18432,3,3,11,3,0,
18433,2,2,5,2,0,
18434,3,3,11,3,0,
18435,1,1,7,1,0,
18436,6,6,2,4,0,
18437,3,3,5,2,0,
18438,3,2,11,3,0,
18439,4,6,2,4,1,99
18440,3,3,11,3,0,
18441,2,2,5,2,0,
18442,3,2,5,2,0,
18443,3,3,11,3,0,
18444,2,2,5,2,1,98
18445,3,3,11,3,1,99
18446,3,8,11,3,0,
18447,3,3,11,3,0,
18448,2,2,5,2,0,
18449,2,3,5,2,0,
18450,4,4,2,4,0,
18451,3,3,11,3,0,
18452,4,4,2,4,0,
18453,6,6,2,4,0,
18454,3,3,11,3,0,
18455,1,3,2,4,0,
18456,6,2,11,3,0,
18457,5,5,1,5,0,
18458,5,5,1,5,1,99
18459,2,2,5,2,0,
18460,4,4,2,4,0,
18461,2,2,5,2,0,
18462,3,3,11,3,0,
18463,3,3,11,3,0,
18464,4,4,2,4,0,
18465,1,2,11,3,0,
18466,3,3,11,3,0,
18467,4,4,2,4,1,99
18468,3,3,11,3,0,
18469,3,3,11,3,0,
18470,3,3,11,3,1,99
18471,3,3,11,3,1,95
18472,3,3,11,3,0,
18473,4,4,11,3,0,
18474,3,3,11,3,1,71
18475,4,4,11,3,0,
18476,3,2,5,2,1,99
18477,3,3,8,8,1,99
18478,4,6,2,4,0,
18479,4,4,2,4,0,
18480,3,3,11,3,0,
18481,3,3,11,3,0,
18482,4,4,2,4,0,
18483,6,6,2,4,0,
18484,3,3,11,3,0,
18485,4,4,11,3,1,97
18486,3,6,11,3,0,
18487,2,2,5,2,0,
18488,4,3,11,3,0,
18489,3,3,11,3,0,
18490,3,3,11,3,0,
18491,4,4,2,4,1,99
18492,4,4,2,4,0,
18493,5,8,1,5,0,
18494,3,2,11,3,0,
18495,8,8,8,8,1,99
18496,3,3,11,3,0,
18497,6,2,5,2,0,
18498,4,2,2,4,0,
18499,3,2,11,3,0,
18500,3,3,11,3,0,
18501,4,4,11,3,0,
18502,3,3,11,3,0,
18503,3,3,11,3,1,99
18504,3,3,11,3,0,
18505,4,3,11,3,0,
18506,8,8,11,3,0,
18507,2,2,5,2,1,99
18508,3,3,2,4,0,
18509,2,2,5,2,0,
18510,4,4,2,4,0,
18511,4,3,11,3,0,
18512,3,3,11,3,0,
18513,3,3,11,3,0,
18514,3,2,5,2,0,
18515,3,2,11,3,0,
18516,3,3,11,3,0,
18517,3,3,11,3,0,
18518,3,3,5,2,0,
18519,2,2,5,2,0,
18520,4,4,2,4,0,
18521,3,3,11,3,0,
18522,8,8,1,5,0,
18523,6,6,11,3,1,100
18524,4,4,2,4,0,
18525,3,3,11,3,0,
18526,4,2,2,4,1,92
18527,4,4,2,4,1,99
18528,2,2,5,2,0,
18529,3,2,2,4,0,
18530,6,6,11,3,0,
18531,2,2,5,2,0,
18532,3,3,11,3,0,
18533,3,3,11,3,1,99
18534,4,4,2,4,0,
18535,2,2,5,2,0,
18536,4,2,5,2,0,
18537,2,2,5,2,0,
18538,3,3,11,3,0,
18539,5,5,1,5,1,85
18540,4,4,11,3,0,
18541,3,2,11,3,0,
18542,2,2,5,2,0,
18543,5,6,4,6,0,
18544,4,2,5,2,0,
18545,4,6,2,4,0,
18546,3,3,11,3,0,
18547,4,4,2,4,0,
18548,5,5,1,5,0,
18549,2,2,5,2,0,
18550,2,2,5,2,0,
18551,3,3,11,3,0,
18552,3,1,5,2,1,64
18553,4,4,2,4,0,
18554,3,3,11,3,0,
18555,3,3,11,3,0,
18556,4,4,2,4,0,
18557,5,5,1,5,1,100
18558,2,2,5,2,0,
18559,4,4,2,4,1,96
18560,3,3,11,3,0,
18561,4,2,11,3,0,
18562,2,2,5,2,0,
18563,4,4,2,4,0,
18564,3,3,11,3,0,
18565,3,3,11,3,0,
18566,3,3,11,3,0,
18567,3,3,11,3,1,99
18568,3,3,11,3,0,
18569,3,3,11,3,0,
18570,4,4,2,4,1,82
18571,4,4,2,4,0,
18572,4,4,2,4,0,
18573,4,4,2,4,0,
18574,4,4,2,4,0,
18575,4,4,2,4,0,
18576,3,4,11,3,0,
18577,4,4,2,4,0,
18578,4,4,2,4,0,
18579,5,5,1,5,0,
18580,3,2,5,2,0,
18581,3,3,11,3,0,
18582,3,3,11,3,0,
18583,4,4,2,4,0,
18584,3,3,11,3,0,
18585,3,2,5,2,0,
18586,2,2,5,2,1,98
18587,4,4,2,4,0,
18588,2,2,5,2,0,
18589,4,2,2,4,1,43
18590,4,4,2,4,0,
18591,2,2,5,2,0,
18592,4,4,7,1,1,51
18593,4,4,2,4,0,
18594,4,4,2,4,0,
18595,3,3,8,8,1,99
18596,3,3,11,3,1,99
18597,4,4,2,4,0,
18598,5,5,1,5,0,
18599,3,3,11,3,0,
18600,4,4,2,4,0,
18601,4,4,2,4,0,
18602,3,2,11,3,0,
18603,3,3,5,2,0,
18604,3,2,5,2,0,
18605,4,4,11,3,0,
18606,4,4,11,3,0,
18607,4,4,11,3,0,
18608,4,4,2,4,0,
18609,3,3,11,3,0,
18610,1,1,7,1,0,
18611,2,2,5,2,0,
18612,6,6,4,6,0,
18613,5,5,1,5,0,
18614,2,2,5,2,0,
18615,3,2,11,3,0,
18616,2,2,5,2,0,
18617,4,4,2,4,0,
18618,2,2,5,2,0,
18619,2,2,5,2,0,
18620,5,5,1,5,0,
18621,4,4,2,4,1,99
18622,4,4,2,4,0,
18623,4,4,2,4,0,
18624,3,3,11,3,0,
18625,3,3,11,3,0,
18626,6,6,11,3,0,
18627,3,3,11,3,0,
18628,2,2,5,2,1,97
18629,3,2,5,2,0,
18630,3,3,5,2,0,
18631,3,3,11,3,0,
18632,2,2,5,2,0,
18633,4,3,11,3,0,
18634,5,5,1,5,1,99
18635,6,6,2,4,0,
18636,2,2,5,2,1,95
18637,3,2,5,2,1,99
18638,2,2,5,2,1,99
18639,4,4,11,3,0,
18640,4,4,2,4,0,
18641,5,5,1,5,1,100
18642,3,3,11,3,1,99
18643,3,3,11,3,1,98
18644,4,4,2,4,0,
18645,5,5,1,5,1,99
18646,3,2,11,3,0,
18647,1,2,11,3,0,
18648,1,2,5,2,1,61
18649,4,2,11,3,0,
18650,3,3,11,3,0,
18651,2,2,5,2,0,
18652,3,2,11,3,1,83
18653,4,4,2,4,1,97
18654,4,4,2,4,0,
18655,4,4,2,4,0,
18656,4,3,5,2,0,
18657,3,2,5,2,1,99
18658,5,5,1,5,1,99
18659,4,4,2,4,1,96
18660,4,4,2,4,1,65
18661,6,6,2,4,0,
18662,2,2,5,2,0,
18663,3,3,11,3,0,
18664,2,2,11,3,0,
18665,3,2,5,2,0,
18666,3,3,11,3,0,
18667,2,2,5,2,1,99
18668,2,2,5,2,0,
18669,3,3,11,3,1,62
18670,4,4,2,4,1,99
18671,3,3,11,3,0,
18672,3,3,11,3,0,
18673,2,2,5,2,0,
18674,2,2,5,2,0,
18675,3,3,11,3,0,
18676,3,4,2,4,0,
18677,3,2,11,3,0,
18678,6,2,5,2,0,
18679,2,2,5,2,0,
18680,4,4,2,4,1,151
18681,4,4,11,3,0,
18682,3,3,11,3,0,
18683,3,2,2,4,0,
18684,4,4,11,3,0,
18685,3,3,11,3,1,99
18686,4,3,11,3,0,
18687,4,4,2,4,0,
18688,4,4,2,4,1,97
18689,4,6,2,4,0,
18690,2,2,5,2,0,
18691,1,1,5,2,0,
18692,4,4,2,4,0,
18693,4,4,2,4,1,97
18694,8,8,11,3,0,
18695,2,2,5,2,0,
18696,1,1,7,1,0,
18697,2,2,5,2,1,82
18698,2,2,5,2,0,
18699,4,4,2,4,0,
18700,4,4,2,4,1,99
18701,4,4,2,4,0,
18702,3,3,11,3,0,
18703,3,3,11,3,0,
18704,2,2,11,3,0,
18705,4,1,2,4,0,
18706,6,2,2,4,0,
18707,4,4,2,4,0,
18708,3,2,11,3,0,
18709,3,3,11,3,0,
18710,3,3,11,3,0,
18711,2,2,5,2,0,
18712,3,3,11,3,0,
18713,3,2,11,3,0,
18714,3,3,5,2,0,
18715,3,3,11,3,0,
18716,6,6,2,4,1,99
18717,5,5,1,5,1,99
18718,3,8,11,3,0,
18719,8,3,11,3,0,
18720,3,3,11,3,1,99
18721,5,5,1,5,0,
18722,3,8,11,3,1,76
18723,4,4,2,4,0,
18724,4,4,2,4,0,
18725,3,3,11,3,1,99
18726,2,2,5,2,1,99
18727,3,3,11,3,0,
18728,3,6,1,5,1,99
18729,3,3,11,3,0,
18730,2,2,5,2,1,99
18731,4,4,2,4,0,
18732,3,3,11,3,0,
18733,3,3,11,3,0,
18734,4,4,2,4,1,99
18735,3,3,11,3,0,
18736,2,2,5,2,0,
18737,4,3,11,3,1,83
18738,4,4,2,4,0,
18739,3,3,11,3,0,
18740,4,4,2,4,0,
18741,2,2,5,2,0,
18742,4,4,2,4,0,
18743,4,4,2,4,0,
18744,3,3,11,3,0,
18745,3,3,11,3,0,
18746,2,2,5,2,0,
18747,1,4,2,4,0,
18748,3,3,11,3,1,99
18749,1,2,7,1,0,
18750,4,4,2,4,0,
18751,1,3,11,3,0,
18752,6,6,2,4,0,
18753,4,4,2,4,0,
18754,3,3,11,3,1,94
18755,4,4,2,4,0,
18756,4,3,2,4,1,151
18757,5,5,1,5,0,
18758,3,3,11,3,0,
18759,4,4,2,4,0,
18760,4,4,2,4,0,
18761,2,2,5,2,0,
18762,2,2,5,2,0,
18763,4,4,2,4,1,97
18764,3,2,5,2,1,79
18765,3,3,11,3,0,
18766,3,2,11,3,0,
18767,3,2,11,3,0,
18768,3,3,11,3,0,
18769,3,3,11,3,1,99
18770,4,4,11,3,0,
18771,3,3,11,3,0,
18772,3,3,11,3,0,
18773,5,5,1,5,0,
18774,4,6,2,4,0,
18775,4,4,2,4,0,
18776,4,4,2,4,0,
18777,2,2,5,2,0,
18778,3,3,11,3,0,
18779,3,3,11,3,1,62
18780,1,1,7,1,0,
18781,3,3,11,3,0,
18782,4,4,2,4,0,
18783,1,1,7,1,0,
18784,4,4,2,4,0,
18785,3,3,11,3,0,
18786,3,3,11,3,0,
18787,4,4,2,4,0,
18788,4,4,2,4,0,
18789,4,4,2,4,0,
18790,2,6,5,2,0,
18791,5,5,1,5,0,
18792,3,3,11,3,0,
18793,4,4,2,4,0,
18794,3,3,11,3,0,
18795,3,3,11,3,0,
18796,4,3,2,4,0,
18797,2,2,5,2,1,99
18798,3,3,5,2,0,
18799,4,4,11,3,0,
18800,3,3,11,3,1,99
18801,4,4,2,4,1,99
18802,4,4,2,4,0,
18803,3,3,11,3,0,
18804,3,3,11,3,0,
18805,3,3,11,3,0,
18806,2,2,5,2,1,97
18807,4,4,2,4,0,
18808,3,2,11,3,0,
18809,2,2,5,2,0,
18810,3,3,11,3,0,
18811,2,2,5,2,0,
18812,4,3,2,4,0,
18813,6,2,2,4,1,86
18814,2,2,5,2,0,
18815,4,3,11,3,0,
18816,4,4,2,4,0,
18817,3,3,11,3,0,
18818,6,6,5,2,1,99
18819,3,3,11,3,0,
18820,6,6,2,4,0,
18821,3,2,7,1,0,
18822,3,3,11,3,0,
18823,3,3,11,3,0,
18824,4,4,2,4,0,
18825,4,2,5,2,1,81
18826,3,3,2,4,0,
18827,2,3,5,2,0,
18828,3,3,11,3,0,
18829,4,2,2,4,0,
18830,3,3,11,3,0,
18831,4,4,2,4,0,
18832,4,4,11,3,0,
18833,3,3,11,3,0,
18834,1,3,11,3,0,
18835,3,3,11,3,0,
18836,3,3,11,3,0,
18837,2,2,5,2,0,
18838,4,4,2,4,0,
18839,4,4,2,4,0,
18840,3,3,11,3,0,
18841,3,3,11,3,0,
18842,3,6,11,3,1,99
18843,4,4,2,4,0,
18844,4,4,2,4,0,
18845,3,3,11,3,0,
18846,3,3,11,3,0,
18847,2,2,5,2,0,
18848,2,2,5,2,1,99
18849,4,4,2,4,0,
18850,3,3,11,3,1,99
18851,2,2,5,2,1,99
18852,4,4,11,3,0,
18853,3,3,11,3,0,
18854,4,4,11,3,0,
18855,4,6,2,4,1,99
18856,3,3,11,3,0,
18857,3,3,11,3,0,
18858,4,4,2,4,0,
18859,3,3,11,3,0,
18860,1,1,5,2,1,78
18861,2,2,5,2,0,
18862,4,3,2,4,0,
18863,2,2,5,2,0,
18864,4,4,2,4,0,
18865,3,2,7,1,1,85
18866,1,1,7,1,0,
18867,3,3,11,3,0,
18868,3,6,2,4,1,99
18869,3,3,5,2,0,
18870,4,4,2,4,0,
18871,3,2,5,2,0,
18872,3,3,11,3,0,
18873,2,2,5,2,0,
18874,5,5,1,5,0,
18875,3,3,11,3,1,99
18876,5,5,1,5,0,
18877,3,3,11,3,1,49
18878,3,3,11,3,0,
18879,4,4,2,4,0,
18880,3,3,11,3,0,
18881,4,4,2,4,0,
18882,3,3,11,3,0,
18883,3,3,11,3,0,
18884,4,4,2,4,0,
18885,2,2,5,2,0,
18886,5,5,1,5,0,
18887,3,3,11,3,0,
18888,3,3,11,3,1,99
18889,4,4,11,3,0,
18890,3,2,11,3,0,
18891,4,4,2,4,0,
18892,2,2,5,2,0,
18893,4,4,9,7,0,
18894,6,6,11,3,0,
18895,4,3,2,4,0,
18896,2,2,5,2,1,99
18897,3,3,11,3,0,
18898,3,2,5,2,0,
18899,3,3,11,3,0,
18900,3,3,11,3,0,
18901,4,3,5,2,0,
18902,3,3,11,3,0,
18903,3,3,11,3,1,99
18904,5,5,1,5,0,
18905,3,3,11,3,0,
18906,5,5,1,5,1,100
18907,3,3,11,3,0,
18908,3,2,11,3,0,
18909,3,3,11,3,0,
18910,3,3,11,3,0,
18911,2,2,5,2,0,
18912,4,4,2,4,0,
18913,3,3,11,3,0,
18914,3,3,11,3,0,
18915,1,6,7,1,0,
18916,4,4,2,4,1,89
18917,2,2,5,2,0,
18918,2,2,5,2,1,95
18919,3,3,11,3,0,
18920,3,3,2,4,0,
18921,3,3,5,2,0,
18922,3,3,11,3,1,99
18923,4,4,2,4,0,
18924,2,2,5,2,0,
18925,3,3,5,2,0,
18926,6,6,11,3,0,
18927,5,5,1,5,1,100
18928,3,3,11,3,1,99
18929,1,1,7,1,0,
18930,2,2,5,2,0,
18931,4,4,2,4,0,
18932,4,4,11,3,0,
18933,3,3,11,3,0,
18934,4,4,2,4,0,
18935,3,3,11,3,1,99
18936,3,3,11,3,0,
18937,6,6,11,3,0,
18938,5,5,1,5,0,
18939,3,3,11,3,0,
18940,3,3,11,3,0,
18941,2,2,5,2,0,
18942,3,3,11,3,0,
18943,5,5,1,5,0,
18944,8,3,8,8,1,99
18945,3,3,11,3,0,
18946,2,2,5,2,0,
18947,5,5,1,5,0,
18948,3,3,11,3,0,
18949,3,3,11,3,0,
18950,4,4,2,4,0,
18951,3,3,11,3,0,
18952,3,3,11,3,1,99
18953,1,1,7,1,0,
18954,3,2,5,2,0,
18955,3,3,11,3,0,
18956,4,4,2,4,0,
18957,1,4,2,4,0,
18958,3,3,11,3,0,
18959,1,1,7,1,0,
18960,6,4,2,4,0,
18961,2,2,5,2,0,
18962,4,4,2,4,0,
18963,3,3,11,3,0,
18964,3,2,11,3,0,
18965,5,5,1,5,0,
18966,3,3,11,3,0,
18967,2,2,5,2,0,
18968,3,2,11,3,0,
18969,3,3,11,3,0,
18970,3,2,5,2,0,
18971,3,3,11,3,0,
18972,3,3,11,3,0,
18973,2,2,5,2,1,98
18974,5,5,1,5,1,99
18975,4,4,2,4,0,
18976,2,6,5,2,0,
18977,4,4,11,3,0,
18978,3,3,11,3,0,
18979,3,3,11,3,0,
18980,2,2,5,2,0,
18981,3,3,11,3,0,
18982,2,2,11,3,0,
18983,4,3,2,4,0,
18984,4,4,2,4,0,
18985,6,6,2,4,0,
18986,5,5,1,5,0,
18987,2,2,5,2,0,
18988,1,1,7,1,0,
18989,2,2,5,2,0,
18990,4,4,11,3,0,
18991,3,3,11,3,0,
18992,2,2,5,2,0,
18993,4,4,2,4,1,99
18994,5,0,1,5,1,
18995,2,2,5,2,1,99
18996,4,6,2,4,0,
18997,4,3,11,3,1,86
18998,4,4,2,4,0,
18999,3,3,5,2,0,
19000,1,1,7,1,1,58
19001,4,4,2,4,0,
19002,4,4,2,4,0,
19003,3,2,11,3,1,67
19004,4,4,2,4,0,
19005,3,3,11,3,1,99
19006,3,3,11,3,0,
19007,4,4,2,4,0,
19008,3,3,11,3,0,
19009,3,3,11,3,0,
19010,8,3,11,3,0,
19011,3,3,5,2,0,
19012,3,3,11,3,0,
19013,2,2,5,2,0,
19014,4,4,2,4,0,
19015,4,4,2,4,0,
19016,2,2,5,2,0,
19017,3,3,11,3,1,99
19018,3,2,5,2,0,
19019,4,4,2,4,0,
19020,4,2,5,2,0,
19021,4,4,2,4,1,95
19022,3,3,11,3,0,
19023,3,3,11,3,0,
19024,4,4,11,3,0,
19025,3,3,11,3,0,
19026,5,5,1,5,0,
19027,4,4,2,4,0,
19028,3,3,11,3,0,
19029,3,3,11,3,0,
19030,4,3,2,4,0,
19031,5,5,1,5,0,
19032,5,5,1,5,0,
19033,5,5,1,5,0,
19034,3,3,11,3,0,
19035,3,3,11,3,0,
19036,3,3,11,3,0,
19037,3,3,11,3,0,
19038,4,4,11,3,0,
19039,3,2,11,3,0,
19040,2,2,5,2,1,98
19041,4,3,11,3,1,98
19042,1,1,7,1,0,
19043,3,3,11,3,1,99
19044,4,4,2,4,1,99
19045,5,5,1,5,0,
19046,4,4,2,4,0,
19047,3,8,11,3,0,
19048,3,3,11,3,0,
19049,3,3,11,3,0,
19050,3,3,11,3,0,
19051,3,3,11,3,0,
19052,3,3,7,1,0,
19053,4,4,2,4,0,
19054,3,2,5,2,0,
19055,3,2,11,3,0,
19056,2,2,5,2,0,
19057,2,2,5,2,0,
19058,4,4,2,4,0,
19059,6,6,2,4,0,
19060,3,3,11,3,0,
19061,6,6,2,4,0,
19062,3,3,11,3,1,99
19063,3,2,5,2,0,
19064,3,2,5,2,0,
19065,5,1,11,3,0,
19066,4,4,2,4,0,
19067,4,4,2,4,0,
19068,3,3,11,3,1,99
19069,3,3,5,2,0,
19070,4,4,2,4,1,94
19071,3,3,11,3,0,
19072,5,0,1,5,0,
19073,3,3,11,3,0,
19074,1,2,5,2,0,
19075,3,2,2,4,0,
19076,4,4,2,4,1,99
19077,3,3,11,3,1,99
19078,3,3,11,3,0,
19079,4,4,2,4,1,99
19080,3,2,11,3,0,
19081,3,2,5,2,0,
19082,2,2,5,2,0,
19083,4,4,2,4,1,99
19084,4,4,2,4,0,
19085,1,1,7,1,1,97
19086,2,2,5,2,0,
19087,8,8,8,8,0,
19088,3,3,11,3,0,
19089,3,3,11,3,0,
19090,3,3,5,2,0,
19091,4,4,2,4,0,
19092,2,2,5,2,0,
19093,3,2,5,2,0,
19094,2,2,5,2,0,
19095,3,4,11,3,0,
19096,3,3,11,3,1,92
19097,1,3,5,2,0,
19098,5,5,1,5,0,
19099,1,2,7,1,0,
19100,4,2,2,4,0,
19101,2,3,5,2,0,
19102,3,5,1,5,0,
19103,5,5,1,5,0,
19104,2,2,5,2,1,99
19105,4,4,2,4,0,
19106,3,3,11,3,0,
19107,3,3,11,3,0,
19108,6,6,5,2,1,99
19109,3,3,11,3,0,
19110,3,3,11,3,0,
19111,4,2,11,3,0,
19112,4,4,2,4,0,
19113,2,2,5,2,0,
19114,2,2,5,2,1,97
19115,3,3,11,3,0,
19116,4,4,2,4,0,
19117,8,8,8,8,1,100
19118,4,4,2,4,0,
19119,2,2,5,2,1,99
19120,4,4,11,3,0,
19121,4,4,2,4,0,
19122,2,2,5,2,1,99
19123,4,4,2,4,1,90
19124,3,2,11,3,0,
19125,3,3,11,3,0,
19126,4,4,7,1,0,
19127,4,4,2,4,0,
19128,4,4,2,4,0,
19129,3,3,11,3,0,
19130,8,8,11,3,1,99
19131,3,2,11,3,0,
19132,3,8,11,3,0,
19133,1,4,2,4,1,92
19134,3,3,11,3,1,99
19135,3,3,11,3,0,
19136,3,3,11,3,0,
19137,3,3,11,3,1,99
19138,4,4,2,4,0,
19139,2,2,5,2,0,
19140,3,3,11,3,0,
19141,3,3,11,3,0,
19142,2,3,11,3,0,
19143,4,4,2,4,0,
19144,4,3,7,1,1,36
19145,3,3,11,3,0,
19146,4,3,11,3,0,
19147,3,3,11,3,0,
19148,3,3,11,3,0,
19149,2,2,5,2,0,
19150,2,2,5,2,0,
19151,3,3,11,3,0,
19152,4,4,2,4,0,
19153,4,4,2,4,0,
19154,6,6,2,4,0,
19155,3,3,11,3,0,
19156,3,4,11,3,1,212
19157,6,6,2,4,0,
19158,3,3,11,3,0,
19159,4,4,11,3,0,
19160,4,4,11,3,0,
19161,3,3,5,2,0,
19162,1,4,2,4,1,37
19163,2,2,5,2,0,
19164,2,2,5,2,0,
19165,3,3,11,3,0,
19166,3,4,11,3,0,
19167,3,3,11,3,0,
19168,3,3,11,3,1,91
19169,4,4,2,4,0,
19170,2,2,5,2,0,
19171,2,2,5,2,0,
19172,5,5,1,5,0,
19173,3,3,11,3,1,99
19174,5,5,1,5,0,
19175,4,4,11,3,1,151
19176,2,2,5,2,0,
19177,4,4,2,4,1,75
19178,4,4,2,4,0,
19179,2,2,5,2,0,
19180,2,2,5,2,0,
19181,3,3,11,3,0,
19182,2,2,5,2,1,94
19183,3,3,11,3,0,
19184,4,2,2,4,0,
19185,3,3,11,3,0,
19186,4,4,2,4,1,97
19187,2,2,5,2,0,
19188,3,3,11,3,0,
19189,3,3,11,3,0,
19190,2,2,5,2,0,
19191,3,3,11,3,0,
19192,3,6,11,3,0,
19193,3,4,11,3,0,
19194,3,2,11,3,0,
19195,6,6,2,4,0,
19196,2,2,5,2,1,99
19197,3,3,11,3,0,
19198,4,4,2,4,0,
19199,2,2,5,2,0,
19200,4,4,2,4,0,
19201,4,4,2,4,0,
19202,3,2,11,3,0,
19203,4,6,2,4,0,
19204,2,2,5,2,1,94
19205,4,4,2,4,0,
19206,6,4,2,4,0,
19207,4,4,2,4,1,97
19208,3,3,11,3,0,
19209,2,2,5,2,0,
19210,4,4,11,3,0,
19211,8,8,11,3,0,
19212,6,6,11,3,0,
19213,3,3,11,3,0,
19214,4,4,2,4,0,
19215,3,3,5,2,0,
19216,1,2,5,2,0,
19217,4,4,2,4,0,
19218,4,4,2,4,0,
19219,2,2,5,2,0,
19220,6,6,2,4,0,
19221,3,3,11,3,0,
19222,3,2,11,3,1,89
19223,3,2,11,3,0,
19224,3,3,11,3,1,99
19225,6,6,2,4,1,99
19226,3,3,11,3,0,
19227,4,4,2,4,0,
19228,3,3,11,3,1,82
19229,1,1,7,1,0,
19230,4,4,2,4,0,
19231,4,3,11,3,0,
19232,4,4,2,4,0,
19233,4,4,2,4,0,
19234,5,5,1,5,0,
19235,2,2,5,2,0,
19236,4,4,11,3,1,151
19237,2,2,5,2,0,
19238,3,2,2,4,1,96
19239,4,4,2,4,0,
19240,3,3,11,3,0,
19241,3,3,11,3,0,
19242,1,3,2,4,0,
19243,3,3,5,2,0,
19244,4,1,7,1,0,
19245,3,3,11,3,1,99
19246,3,1,5,2,0,
19247,3,2,5,2,0,
19248,3,3,11,3,0,
19249,3,3,11,3,0,
19250,4,4,2,4,0,
19251,4,4,2,4,0,
19252,3,3,11,3,1,99
19253,4,3,11,3,0,
19254,4,4,11,3,0,
19255,2,2,5,2,0,
19256,4,4,2,4,0,
19257,3,3,11,3,0,
19258,2,2,5,2,0,
19259,1,1,7,1,1,96
19260,4,4,2,4,0,
19261,4,4,11,3,0,
19262,3,3,11,3,0,
19263,3,3,11,3,0,
19264,3,2,5,2,0,
19265,3,2,11,3,0,
19266,6,6,2,4,1,99
19267,3,3,11,3,0,
19268,2,2,5,2,0,
19269,3,3,11,3,0,
19270,5,5,1,5,0,
19271,2,2,5,2,0,
19272,2,2,5,2,1,99
19273,4,4,2,4,0,
19274,3,3,11,3,0,
19275,3,3,11,3,1,99
19276,4,4,2,4,0,
19277,2,2,5,2,0,
19278,2,2,5,2,1,99
19279,2,2,5,2,0,
19280,5,5,1,5,0,
19281,4,3,11,3,0,
19282,4,4,2,4,0,
19283,1,2,5,2,0,
19284,4,4,11,3,0,
19285,4,4,2,4,0,
19286,3,3,11,3,0,
19287,4,3,11,3,0,
19288,2,4,2,4,1,38
19289,2,2,5,2,0,
19290,8,3,11,3,1,99
19291,4,4,2,4,1,99
19292,3,3,2,4,1,99
19293,3,3,11,3,0,
19294,3,3,11,3,0,
19295,5,5,1,5,0,
19296,4,4,2,4,1,99
19297,3,3,11,3,1,99
19298,3,3,11,3,0,
19299,4,4,2,4,0,
19300,3,3,11,3,1,99
19301,8,3,11,3,0,
19302,4,4,2,4,0,
19303,3,3,11,3,0,
19304,3,3,11,3,0,
19305,3,2,11,3,1,71
19306,2,2,5,2,0,
19307,3,3,11,3,1,99
19308,4,4,2,4,0,
19309,6,6,2,4,0,
19310,4,3,11,3,1,72
19311,3,3,11,3,0,
19312,3,3,11,3,0,
19313,5,5,1,5,0,
19314,3,3,11,3,1,99
19315,4,3,11,3,0,
19316,4,4,2,4,0,
19317,4,4,2,4,0,
19318,2,2,5,2,0,
19319,5,5,1,5,0,
19320,3,3,11,3,0,
19321,5,5,1,5,0,
19322,3,3,5,2,0,
19323,2,2,5,2,1,99
19324,4,4,2,4,0,
19325,3,3,11,3,0,
19326,5,5,1,5,0,
19327,3,3,11,3,0,
19328,2,2,5,2,0,
19329,3,3,11,3,0,
19330,3,3,11,3,0,
19331,2,2,5,2,1,99
19332,4,4,11,3,0,
19333,2,2,5,2,1,99
19334,6,6,4,6,1,99
19335,4,3,2,4,0,
19336,4,4,2,4,0,
19337,3,3,11,3,1,98
19338,2,2,5,2,1,99
19339,4,3,2,4,1,60
19340,4,6,5,2,0,
19341,2,2,5,2,0,
19342,4,2,5,2,1,97
19343,4,4,2,4,0,
19344,3,2,5,2,0,
19345,3,3,11,3,0,
19346,3,3,11,3,0,
19347,4,4,11,3,0,
19348,2,2,5,2,0,
19349,3,2,5,2,0,
19350,2,3,5,2,0,
19351,2,2,11,3,0,
19352,6,6,2,4,0,
19353,3,3,11,3,1,99
19354,4,4,2,4,0,
19355,2,2,5,2,0,
19356,3,2,11,3,1,92
19357,2,2,5,2,0,
19358,4,4,2,4,0,
19359,4,4,2,4,0,
19360,4,4,2,4,0,
19361,3,3,11,3,1,99
19362,1,1,7,1,0,
19363,4,4,2,4,0,
19364,3,3,11,3,0,
19365,3,3,11,3,0,
19366,3,3,11,3,0,
19367,2,2,5,2,0,
19368,3,2,7,1,0,
19369,2,2,5,2,0,
19370,3,2,11,3,0,
19371,3,3,11,3,1,99
19372,4,4,2,4,0,
19373,3,3,11,3,0,
19374,4,3,11,3,1,152
19375,3,3,11,3,0,
19376,4,4,2,4,0,
19377,5,5,1,5,0,
19378,4,4,2,4,0,
19379,3,2,11,3,0,
19380,6,6,2,4,0,
19381,5,5,1,5,0,
19382,1,2,11,3,1,76
19383,4,3,2,4,0,
19384,6,6,11,3,0,
19385,3,3,11,3,1,99
19386,3,3,11,3,1,99
19387,4,4,2,4,0,
19388,2,2,5,2,0,
19389,2,2,5,2,0,
19390,3,3,11,3,0,
19391,3,3,11,3,0,
19392,3,3,11,3,0,
19393,5,5,1,5,0,
19394,2,2,5,2,0,
19395,4,3,5,2,1,96
19396,4,4,2,4,0,
19397,6,6,2,4,0,
19398,3,3,11,3,0,
19399,2,2,5,2,1,99
19400,3,3,11,3,0,
19401,1,2,11,3,0,
19402,4,2,2,4,0,
19403,4,4,2,4,0,
19404,3,2,11,3,0,
19405,2,2,5,2,0,
19406,3,3,11,3,1,99
19407,2,2,5,2,0,
19408,4,4,2,4,0,
19409,3,3,11,3,1,99
19410,6,6,11,3,0,
19411,8,3,11,3,0,
19412,6,6,2,4,0,
19413,2,2,5,2,1,99
19414,2,2,11,3,0,
19415,3,3,5,2,0,
19416,3,3,5,2,1,70
19417,3,3,11,3,0,
19418,4,2,5,2,0,
19419,3,3,11,3,0,
19420,3,6,11,3,0,
19421,6,2,5,2,0,
19422,6,2,11,3,0,
19423,4,4,2,4,0,
19424,2,2,5,2,0,
19425,2,3,5,2,1,74
19426,3,3,2,4,1,99
19427,4,4,2,4,0,
19428,4,4,2,4,0,
19429,5,5,1,5,1,99
19430,3,3,11,3,0,
19431,3,2,7,1,0,
19432,2,2,11,3,0,
19433,4,6,2,4,0,
19434,4,6,2,4,0,
19435,3,3,11,3,0,
19436,3,3,5,2,0,
19437,4,4,2,4,0,
19438,3,3,11,3,0,
19439,3,2,11,3,1,99
19440,3,2,11,3,0,
19441,1,2,5,2,0,
19442,2,2,5,2,0,
19443,3,3,11,3,0,
19444,1,2,7,1,0,
19445,3,3,11,3,0,
19446,4,4,2,4,0,
19447,3,6,5,2,0,
19448,5,5,1,5,1,100
19449,4,4,2,4,1,93
19450,4,4,2,4,0,
19451,2,2,5,2,0,
19452,3,3,11,3,0,
19453,1,3,11,3,0,
19454,2,2,5,2,0,
19455,5,5,1,5,0,
19456,2,2,5,2,0,
19457,6,6,11,3,0,
19458,3,3,11,3,0,
19459,4,1,2,4,0,
19460,3,3,11,3,0,
19461,3,4,2,4,0,
19462,2,2,5,2,0,
19463,6,6,2,4,1,99
19464,3,3,11,3,0,
19465,2,2,5,2,0,
19466,3,4,2,4,0,
19467,3,3,5,2,0,
19468,4,4,2,4,0,
19469,3,3,11,3,0,
19470,4,4,2,4,0,
19471,6,6,2,4,1,99
19472,3,3,11,3,0,
19473,5,5,1,5,0,
19474,3,4,5,2,1,54
19475,4,5,1,5,0,
19476,5,5,1,5,0,
19477,3,2,11,3,0,
19478,1,1,7,1,1,99
19479,8,8,8,8,0,
19480,3,2,11,3,1,99
19481,4,4,2,4,0,
19482,3,3,11,3,0,
19483,4,4,2,4,0,
19484,4,4,2,4,0,
19485,2,2,5,2,0,
19486,2,2,5,2,0,
19487,2,6,5,2,0,
19488,4,4,2,4,1,151
19489,1,1,5,2,1,96
19490,3,3,11,3,0,
19491,4,4,2,4,1,98
19492,6,6,2,4,0,
19493,3,3,11,3,0,
19494,3,3,5,2,0,
19495,3,3,11,3,0,
19496,5,5,1,5,0,
19497,4,2,7,1,1,83
19498,3,3,11,3,0,
19499,3,2,11,3,0,
19500,3,3,11,3,0,
19501,8,8,11,3,1,51
19502,4,4,2,4,0,
19503,3,2,11,3,0,
19504,2,2,5,2,0,
19505,4,4,2,4,0,
19506,2,2,5,2,0,
19507,5,5,1,5,0,
19508,2,2,11,3,1,212
19509,4,4,2,4,0,
19510,3,3,11,3,0,
19511,2,2,5,2,0,
19512,3,2,2,4,0,
19513,2,2,5,2,0,
19514,6,6,11,3,0,
19515,4,4,2,4,0,
19516,3,3,2,4,1,90
19517,3,2,11,3,0,
19518,3,3,11,3,1,99
19519,3,3,11,3,0,
19520,2,2,5,2,0,
19521,1,2,7,1,0,
19522,5,5,5,2,0,
19523,8,3,11,3,0,
19524,2,2,5,2,0,
19525,3,3,11,3,0,
19526,4,2,2,4,1,54
19527,5,5,1,5,0,
19528,3,3,11,3,0,
19529,6,6,2,4,0,
19530,4,4,2,4,0,
19531,6,6,2,4,1,99
19532,5,0,1,5,0,
19533,4,4,2,4,0,
19534,3,3,11,3,0,
19535,4,4,2,4,0,
19536,6,6,2,4,0,
19537,3,3,11,3,0,
19538,3,3,11,3,0,
19539,2,2,5,2,0,
19540,3,3,11,3,0,
19541,6,6,2,4,0,
19542,3,3,11,3,1,96
19543,3,3,11,3,0,
19544,6,6,11,3,0,
19545,4,6,2,4,0,
19546,3,3,11,3,0,
19547,4,3,2,4,1,98
19548,4,4,2,4,0,
19549,2,2,5,2,0,
19550,3,3,11,3,0,
19551,2,2,5,2,0,
19552,4,4,11,3,0,
19553,3,2,11,3,1,96
19554,1,1,11,3,0,
19555,3,2,11,3,1,212
19556,3,3,11,3,0,
19557,3,6,11,3,0,
19558,2,3,11,3,0,
19559,4,4,2,4,0,
19560,2,2,11,3,0,
19561,2,2,5,2,0,
19562,4,4,2,4,1,99
19563,4,4,2,4,1,91
19564,3,3,11,3,0,
19565,3,2,5,2,0,
19566,3,3,11,3,1,99
19567,1,1,7,1,1,99
19568,4,4,2,4,1,91
19569,3,4,11,3,0,
19570,3,3,11,3,0,
19571,4,4,2,4,1,99
19572,3,2,11,3,0,
19573,3,3,11,3,0,
19574,3,3,11,3,0,
19575,4,4,11,3,0,
19576,3,3,11,3,0,
19577,3,3,11,3,0,
19578,4,4,2,4,0,
19579,3,3,11,3,0,
19580,4,3,11,3,1,85
19581,4,4,2,4,1,99
19582,1,1,7,1,0,
19583,3,3,11,3,0,
19584,3,3,2,4,0,
19585,3,2,11,3,0,
19586,3,2,7,1,0,
19587,3,2,11,3,0,
19588,3,3,5,2,0,
19589,1,1,7,1,1,96
19590,2,2,5,2,0,
19591,3,3,11,3,0,
19592,3,3,11,3,0,
19593,2,2,5,2,0,
19594,4,4,2,4,1,99
19595,5,5,1,5,0,
19596,4,2,2,4,0,
19597,3,3,11,3,0,
19598,2,3,11,3,0,
19599,3,2,11,3,0,
19600,3,3,11,3,0,
19601,4,4,2,4,0,
19602,3,3,8,8,1,93
19603,2,6,5,2,0,
19604,4,4,2,4,0,
19605,4,4,2,4,0,
19606,3,2,5,2,1,96
19607,3,3,11,3,0,
19608,3,2,11,3,0,
19609,2,2,5,2,0,
19610,3,3,11,3,0,
19611,2,3,5,2,0,
19612,3,3,11,3,0,
19613,3,3,11,3,1,99
19614,2,2,5,2,0,
19615,4,2,2,4,0,
19616,2,2,5,2,0,
19617,2,2,5,2,0,
19618,2,2,11,3,0,
19619,3,3,11,3,1,99
19620,3,3,8,8,0,
19621,3,3,11,3,0,
19622,1,1,7,1,0,
19623,4,4,2,4,0,
19624,4,2,2,4,1,54
19625,2,2,5,2,1,99
19626,3,3,11,3,0,
19627,3,3,11,3,0,
19628,3,3,11,3,0,
19629,4,4,2,4,0,
19630,4,3,11,3,0,
19631,6,2,5,2,0,
19632,3,3,11,3,0,
19633,4,4,2,4,0,
19634,3,3,5,2,1,94
19635,8,8,11,3,0,
19636,3,3,11,3,0,
19637,4,4,2,4,0,
19638,5,5,1,5,0,
19639,2,2,5,2,1,99
19640,3,4,2,4,0,
19641,3,3,11,3,0,
19642,4,4,2,4,1,99
19643,1,1,7,1,0,
19644,1,2,7,1,0,
19645,3,3,11,3,0,
19646,4,4,2,4,0,
19647,3,3,11,3,0,
19648,2,2,5,2,0,
19649,3,3,11,3,0,
19650,4,4,2,4,0,
19651,4,4,2,4,1,98
19652,3,3,11,3,0,
19653,3,3,11,3,0,
19654,4,4,2,4,1,151
19655,3,3,11,3,0,
19656,4,4,2,4,0,
19657,3,8,11,3,0,
19658,3,3,5,2,1,91
19659,2,2,5,2,0,
19660,2,2,11,3,1,84
19661,3,3,11,3,0,
19662,3,3,11,3,0,
19663,1,1,7,1,0,
19664,3,3,11,3,0,
19665,3,3,11,3,0,
19666,4,4,2,4,1,98
19667,6,5,1,5,0,
19668,4,4,11,3,1,94
19669,1,1,7,1,0,
19670,2,2,5,2,1,95
19671,4,4,2,4,0,
19672,4,4,2,4,1,99
19673,4,4,2,4,0,
19674,3,2,5,2,0,
19675,3,3,11,3,0,
19676,2,2,5,2,1,99
19677,3,3,11,3,0,
19678,3,2,5,2,0,
19679,4,4,2,4,0,
19680,3,3,11,3,0,
19681,3,3,5,2,0,
19682,1,2,5,2,0,
19683,4,4,2,4,1,94
19684,3,2,11,3,0,
19685,3,3,11,3,0,
19686,2,2,5,2,0,
19687,2,2,11,3,0,
19688,3,2,5,2,0,
19689,3,3,11,3,1,99
19690,2,2,5,2,0,
19691,3,3,11,3,0,
19692,3,3,11,3,0,
19693,4,4,11,3,0,
19694,2,2,5,2,0,
19695,2,2,5,2,0,
19696,3,3,11,3,1,98
19697,4,4,2,4,0,
19698,3,3,11,3,0,
19699,3,3,11,3,0,
19700,6,3,11,3,0,
19701,3,2,2,4,0,
19702,3,3,11,3,0,
19703,2,2,5,2,0,
19704,5,5,1,5,0,
19705,4,4,2,4,0,
19706,3,3,11,3,0,
19707,2,2,5,2,1,99
19708,5,5,1,5,1,99
19709,2,2,5,2,1,92
19710,3,3,11,3,0,
19711,3,3,11,3,0,
19712,2,2,5,2,0,
19713,3,3,11,3,1,98
19714,2,2,5,2,1,99
19715,4,4,2,4,1,67
19716,5,5,1,5,1,100
19717,3,3,11,3,0,
19718,3,3,11,3,1,99
19719,2,2,5,2,0,
19720,4,4,2,4,0,
19721,4,4,2,4,0,
19722,2,2,5,2,0,
19723,5,5,1,5,0,
19724,5,5,1,5,0,
19725,4,4,2,4,0,
19726,4,4,2,4,0,
19727,2,2,5,2,0,
19728,4,4,2,4,0,
19729,5,5,1,5,0,
19730,4,4,2,4,0,
19731,3,6,2,4,0,
19732,3,2,5,2,0,
19733,4,3,2,4,0,
19734,4,4,2,4,0,
19735,3,2,11,3,0,
19736,4,4,2,4,1,88
19737,2,2,5,2,0,
19738,3,2,5,2,0,
19739,3,2,11,3,0,
19740,2,2,5,2,0,
19741,2,2,5,2,1,91
19742,6,6,2,4,0,
19743,6,6,2,4,0,
19744,3,3,11,3,0,
19745,3,3,5,2,0,
19746,4,4,2,4,0,
19747,3,2,5,2,0,
19748,4,4,2,4,0,
19749,3,3,11,3,0,
19750,5,5,1,5,1,100
19751,4,4,2,4,0,
19752,6,6,2,4,1,98
19753,5,5,1,5,0,
19754,2,2,5,2,0,
19755,3,3,11,3,0,
19756,4,4,11,3,0,
19757,3,2,5,2,0,
19758,3,3,11,3,0,
19759,2,2,5,2,0,
19760,2,4,5,2,0,
19761,3,3,11,3,0,
19762,4,3,2,4,0,
19763,3,3,11,3,0,
19764,4,4,2,4,0,
19765,3,3,11,3,1,90
19766,4,2,2,4,0,
19767,4,4,2,4,1,99
19768,4,4,2,4,0,
19769,4,4,2,4,0,
19770,3,3,11,3,0,
19771,6,2,5,2,1,95
19772,5,5,1,5,0,
19773,6,6,11,3,1,99
19774,3,3,11,3,0,
19775,4,4,2,4,0,
19776,4,3,11,3,0,
19777,1,1,11,3,0,
19778,6,6,2,4,1,99
19779,4,4,2,4,0,
19780,2,2,5,2,1,99
19781,8,3,8,8,1,99
19782,5,5,1,5,0,
19783,4,4,2,4,0,
19784,2,2,5,2,1,98
19785,3,3,11,3,1,151
19786,3,2,11,3,1,91
19787,3,4,11,3,0,
19788,5,5,1,5,0,
19789,4,4,2,4,0,
19790,1,1,7,1,0,
19791,1,2,7,1,0,
19792,4,4,11,3,0,
19793,1,1,7,1,0,
19794,2,2,5,2,0,
19795,2,2,5,2,0,
19796,3,3,11,3,1,99
19797,3,3,11,3,0,
19798,3,3,11,3,1,99
19799,3,4,11,3,0,
19800,3,6,11,3,0,
19801,3,3,11,3,1,98
19802,4,4,2,4,1,151
19803,3,3,11,3,0,
19804,4,4,2,4,0,
19805,6,6,2,4,0,
19806,3,3,11,3,0,
19807,4,4,2,4,0,
19808,3,2,5,2,0,
19809,4,4,2,4,0,
19810,3,2,11,3,0,
19811,1,1,7,1,0,
19812,3,3,11,3,0,
19813,2,2,5,2,0,
19814,4,4,2,4,0,
19815,3,3,11,3,0,
19816,4,4,2,4,1,96
19817,1,1,7,1,0,
19818,3,3,5,2,1,64
19819,1,1,7,1,0,
19820,2,2,5,2,0,
19821,4,4,2,4,0,
19822,3,3,11,3,0,
19823,2,2,5,2,0,
19824,4,4,2,4,0,
19825,3,3,11,3,0,
19826,3,2,11,3,1,98
19827,4,4,2,4,0,
19828,3,3,11,3,1,99
19829,4,3,11,3,0,
19830,6,6,2,4,0,
19831,4,3,11,3,0,
19832,2,2,5,2,0,
19833,3,3,11,3,0,
19834,4,4,2,4,0,
19835,2,2,5,2,0,
19836,3,3,11,3,0,
19837,4,3,2,4,0,
19838,3,3,11,3,0,
19839,3,3,11,3,0,
19840,1,4,2,4,0,
19841,4,4,2,4,0,
19842,3,3,11,3,0,
19843,3,2,7,1,0,
19844,3,3,11,3,0,
19845,3,3,11,3,1,99
19846,5,5,1,5,0,
19847,3,3,11,3,0,
19848,4,4,11,3,0,
19849,2,2,5,2,0,
19850,4,4,2,4,0,
19851,2,2,5,2,1,99
19852,3,2,11,3,0,
19853,3,3,11,3,0,
19854,4,4,11,3,0,
19855,2,2,5,2,0,
19856,4,4,2,4,0,
19857,1,1,7,1,0,
19858,3,3,11,3,1,99
19859,3,3,11,3,1,98
19860,5,5,1,5,0,
19861,3,3,11,3,0,
19862,3,3,11,3,1,99
19863,3,3,11,3,0,
19864,3,3,11,3,1,95
19865,3,3,11,3,0,
19866,1,2,7,1,0,
19867,4,4,2,4,1,99
19868,6,2,5,2,0,
19869,3,3,11,3,0,
19870,4,4,2,4,1,99
19871,3,3,11,3,0,
19872,4,2,2,4,0,
19873,4,4,2,4,1,99
19874,6,6,2,4,0,
19875,3,3,11,3,1,89
19876,8,8,8,8,0,
19877,1,2,7,1,0,
19878,3,3,11,3,0,
19879,4,3,2,4,1,45
19880,3,3,11,3,0,
19881,3,3,11,3,1,99
19882,4,3,2,4,0,
19883,3,3,11,3,1,99
19884,3,3,11,3,0,
19885,3,3,11,3,0,
19886,4,4,2,4,1,84
19887,4,3,2,4,1,85
19888,3,3,11,3,0,
19889,3,3,11,3,0,
19890,3,3,11,3,0,
19891,4,4,2,4,0,
19892,5,5,1,5,0,
19893,3,3,11,3,0,
19894,4,4,2,4,0,
19895,4,3,11,3,0,
19896,3,3,11,3,0,
19897,3,3,11,3,0,
19898,4,4,2,4,1,97
19899,4,4,2,4,0,
19900,2,2,5,2,0,
19901,2,2,5,2,0,
19902,2,2,5,2,0,
19903,4,6,2,4,0,
19904,2,2,5,2,0,
19905,4,4,11,3,1,99
19906,2,2,5,2,1,99
19907,3,3,11,3,0,
19908,2,2,5,2,0,
19909,4,4,2,4,0,
19910,3,3,11,3,0,
19911,2,2,5,2,0,
19912,4,4,2,4,1,99
19913,3,2,5,2,1,96
19914,3,4,11,3,0,
19915,5,5,1,5,0,
19916,2,2,5,2,0,
19917,3,6,5,2,0,
19918,5,5,1,5,0,
19919,4,4,2,4,0,
19920,6,6,2,4,0,
19921,2,2,5,2,0,
19922,2,6,11,3,0,
19923,4,4,2,4,0,
19924,3,3,11,3,0,
19925,5,5,1,5,0,
19926,6,6,11,3,1,99
19927,3,3,11,3,1,99
19928,3,3,11,3,0,
19929,3,3,11,3,0,
19930,3,2,11,3,0,
19931,3,3,11,3,0,
19932,2,2,5,2,0,
19933,3,3,11,3,0,
19934,2,2,5,2,1,99
19935,3,2,11,3,1,99
19936,4,4,2,4,0,
19937,3,2,11,3,0,
19938,3,3,11,3,0,
19939,3,3,11,3,1,99
19940,4,4,2,4,0,
19941,3,3,11,3,0,
19942,4,4,2,4,0,
19943,5,5,1,5,0,
19944,2,2,5,2,1,99
19945,3,3,11,3,0,
19946,5,5,1,5,0,
19947,4,2,7,1,0,
19948,4,4,11,3,0,
19949,4,3,2,4,0,
19950,2,2,5,2,0,
19951,3,3,11,3,0,
19952,3,3,11,3,0,
19953,3,3,11,3,0,
19954,4,4,2,4,0,
19955,2,2,5,2,0,
19956,4,4,2,4,0,
19957,3,3,11,3,0,
19958,6,3,11,3,0,
19959,3,3,11,3,0,
19960,4,4,2,4,0,
19961,2,2,11,3,0,
19962,3,3,11,3,0,
19963,3,3,11,3,0,
19964,6,6,2,4,0,
19965,1,1,7,1,1,64
19966,4,4,2,4,0,
19967,4,6,2,4,0,
19968,3,3,11,3,0,
19969,3,3,11,3,1,99
19970,2,2,11,3,0,
19971,2,2,2,4,0,
19972,3,3,4,6,0,
19973,6,6,2,4,0,
19974,3,3,11,3,0,
19975,3,3,11,3,0,
19976,3,3,11,3,0,
19977,6,6,2,4,1,99
19978,2,2,5,2,0,
19979,4,4,2,4,0,
19980,4,4,2,4,1,99
19981,3,3,11,3,0,
19982,6,6,11,3,0,
19983,3,3,11,3,0,
19984,3,3,11,3,0,
19985,3,2,5,2,0,
19986,8,3,11,3,0,
19987,2,2,5,2,0,
19988,4,4,2,4,0,
19989,3,3,11,3,1,99
19990,5,5,1,5,0,
19991,4,4,2,4,0,
19992,3,3,11,3,0,
19993,3,3,11,3,0,
19994,2,2,5,2,0,
19995,3,3,11,3,1,81
19996,4,4,2,4,0,
19997,3,3,11,3,1,99
19998,3,3,11,3,1,99
19999,3,3,11,3,0,
20000,3,3,7,1,0,
20001,3,3,11,3,0,
20002,3,2,11,3,0,
20003,4,4,2,4,0,
20004,2,2,5,2,0,
20005,4,4,2,4,0,
20006,2,2,5,2,0,
20007,4,4,2,4,0,
20008,2,2,5,2,0,
20009,1,4,11,3,0,
20010,1,8,8,8,0,
20011,3,3,5,2,0,
20012,2,3,5,2,0,
20013,4,4,2,4,0,
20014,2,2,5,2,0,
20015,3,3,11,3,1,99
20016,4,3,11,3,0,
20017,3,3,11,3,0,
20018,3,3,11,3,0,
20019,3,3,11,3,0,
20020,1,2,7,1,0,
20021,1,1,7,1,0,
20022,3,3,11,3,0,
20023,4,4,2,4,0,
20024,4,3,11,3,0,
20025,4,4,2,4,0,
20026,3,3,11,3,1,99
20027,5,5,1,5,1,100
20028,2,2,5,2,0,
20029,3,3,11,3,0,
20030,1,3,7,1,0,
20031,2,2,5,2,0,
20032,1,3,7,1,0,
20033,2,2,5,2,0,
20034,1,4,7,1,1,80
20035,5,5,1,5,0,
20036,3,3,11,3,0,
20037,3,3,11,3,1,99
20038,3,2,11,3,1,85
20039,4,4,11,3,0,
20040,5,5,1,5,0,
20041,2,2,5,2,1,86
20042,4,4,2,4,1,92
20043,2,2,5,2,0,
20044,3,3,11,3,0,
20045,3,3,11,3,0,
20046,3,3,11,3,0,
20047,2,2,11,3,0,
20048,4,4,2,4,0,
20049,4,3,11,3,0,
20050,3,3,5,2,1,99
20051,3,3,11,3,1,99
20052,1,1,7,1,1,99
20053,5,5,1,5,0,
20054,3,2,11,3,1,94
20055,3,3,11,3,1,99
20056,1,1,7,1,0,
20057,2,2,5,2,1,70
20058,2,2,5,2,0,
20059,5,5,1,5,1,99
20060,3,8,11,3,0,
20061,4,4,7,1,0,
20062,3,3,11,3,0,
20063,3,2,5,2,0,
20064,2,2,5,2,0,
20065,3,3,11,3,0,
20066,2,2,5,2,0,
20067,3,3,11,3,0,
20068,1,1,7,1,0,
20069,1,2,7,1,0,
20070,4,4,2,4,0,
20071,3,3,11,3,0,
20072,2,2,5,2,0,
20073,4,4,2,4,1,77
20074,3,3,11,3,0,
20075,1,1,7,1,0,
20076,3,3,11,3,0,
20077,4,4,11,3,1,151
20078,3,3,11,3,0,
20079,4,4,2,4,0,
20080,3,6,11,3,0,
20081,3,2,5,2,0,
20082,2,2,5,2,0,
20083,3,3,11,3,0,
20084,3,3,11,3,0,
20085,3,3,11,3,1,99
20086,5,5,1,5,0,
20087,4,4,2,4,0,
20088,2,2,5,2,0,
20089,2,2,5,2,0,
20090,6,6,2,4,0,
20091,3,3,11,3,0,
20092,1,2,2,4,0,
20093,3,3,11,3,1,97
20094,2,2,5,2,0,
20095,3,3,11,3,1,99
20096,3,2,5,2,1,71
20097,2,2,5,2,1,99
20098,5,5,1,5,0,
20099,3,3,11,3,1,83
20100,2,2,5,2,0,
20101,1,1,7,1,0,
20102,5,5,1,5,0,
20103,2,2,5,2,0,
20104,4,4,2,4,0,
20105,2,2,5,2,1,99
20106,2,2,5,2,0,
20107,4,4,11,3,0,
20108,8,3,11,3,0,
20109,2,2,5,2,0,
20110,2,2,5,2,0,
20111,5,5,1,5,0,
20112,3,3,11,3,0,
20113,3,3,11,3,0,
20114,4,4,2,4,0,
20115,1,4,2,4,0,
20116,4,4,2,4,0,
20117,4,6,2,4,0,
20118,3,3,11,3,1,99
20119,4,4,2,4,0,
20120,3,3,11,3,0,
20121,3,3,5,2,1,94
20122,4,4,2,4,0,
20123,3,3,11,3,0,
20124,2,2,5,2,0,
20125,3,3,11,3,0,
20126,3,3,11,3,0,
20127,1,2,5,2,0,
20128,4,1,7,1,0,
20129,4,4,2,4,1,99
20130,4,4,2,4,0,
20131,2,2,5,2,0,
20132,2,2,2,4,0,
20133,4,3,2,4,0,
20134,5,5,1,5,0,
20135,1,1,7,1,0,
20136,2,2,5,2,0,
20137,4,4,2,4,0,
20138,3,3,11,3,1,91
20139,3,3,11,3,0,
20140,5,5,1,5,1,99
20141,2,2,11,3,0,
20142,4,4,2,4,0,
20143,3,3,7,1,0,
20144,2,2,5,2,1,99
20145,3,2,5,2,1,64
20146,3,3,11,3,0,
20147,4,4,11,3,0,
20148,4,3,11,3,1,60
20149,3,3,11,3,0,
20150,3,1,11,3,0,
20151,3,3,11,3,0,
20152,3,3,11,3,0,
20153,4,4,2,4,0,
20154,4,4,2,4,1,99
20155,3,2,11,3,0,
20156,3,3,11,3,0,
20157,4,4,2,4,0,
20158,4,4,2,4,1,99
20159,4,4,2,4,0,
20160,6,6,2,4,0,
20161,3,4,2,4,1,99
20162,4,4,2,4,0,
20163,4,4,2,4,0,
20164,3,2,11,3,0,
20165,4,4,2,4,1,99
20166,3,2,5,2,0,
20167,3,4,11,3,1,97
20168,4,4,2,4,0,
20169,2,4,2,4,0,
20170,4,4,2,4,0,
20171,3,3,11,3,0,
20172,3,2,11,3,0,
20173,4,4,2,4,0,
20174,3,3,11,3,1,99
20175,3,6,5,2,1,66
20176,3,3,11,3,0,
20177,4,4,7,1,0,
20178,2,2,5,2,0,
20179,3,3,11,3,1,99
20180,5,5,1,5,0,
20181,3,3,11,3,0,
20182,3,3,11,3,0,
20183,1,1,7,1,0,
20184,2,2,2,4,0,
20185,2,2,5,2,0,
20186,2,2,11,3,0,
20187,4,4,2,4,0,
20188,6,4,2,4,0,
20189,4,4,5,2,1,99
20190,5,5,1,5,1,100
20191,5,5,1,5,0,
20192,4,4,2,4,0,
20193,1,2,7,1,0,
20194,3,3,11,3,0,
20195,3,3,11,3,0,
20196,6,6,2,4,0,
20197,3,3,11,3,0,
20198,4,4,11,3,0,
20199,4,4,2,4,1,99
20200,3,3,11,3,0,
20201,1,1,7,1,1,79
20202,5,5,1,5,0,
20203,3,2,11,3,1,57
20204,3,2,2,4,0,
20205,3,3,8,8,0,
20206,4,4,2,4,0,
20207,4,4,2,4,0,
20208,4,4,2,4,0,
20209,5,5,1,5,0,
20210,2,2,5,2,1,99
20211,4,4,2,4,0,
20212,3,3,11,3,0,
20213,3,3,11,3,0,
20214,4,4,2,4,0,
20215,3,3,11,3,0,
20216,4,4,2,4,0,
20217,3,4,11,3,1,97
20218,3,2,11,3,0,
20219,3,3,11,3,0,
20220,2,2,5,2,0,
20221,4,4,11,3,0,
20222,3,3,11,3,0,
20223,3,3,5,2,0,
20224,3,2,2,4,0,
20225,3,2,11,3,0,
20226,4,4,2,4,0,
20227,1,1,7,1,0,
20228,4,4,2,4,0,
20229,2,2,5,2,0,
20230,2,2,5,2,1,99
20231,4,4,2,4,0,
20232,4,4,2,4,0,
20233,2,2,5,2,0,
20234,6,4,2,4,1,98
20235,4,4,2,4,1,99
20236,4,4,2,4,0,
20237,2,2,5,2,0,
20238,3,3,11,3,0,
20239,5,5,1,5,0,
20240,4,2,5,2,1,69
20241,3,3,11,3,0,
20242,6,3,11,3,1,152
20243,2,2,5,2,1,99
20244,6,6,2,4,0,
20245,3,1,5,2,0,
20246,4,4,2,4,0,
20247,3,3,11,3,0,
20248,4,4,2,4,0,
20249,4,4,2,4,0,
20250,5,5,1,5,0,
20251,3,3,11,3,0,
20252,2,2,5,2,0,
20253,6,6,2,4,0,
20254,3,3,11,3,1,99
20255,2,2,5,2,0,
20256,3,3,11,3,0,
20257,3,3,11,3,0,
20258,4,4,2,4,0,
20259,4,4,11,3,1,99
20260,1,1,7,1,0,
20261,4,4,2,4,0,
20262,2,2,5,2,0,
20263,3,3,11,3,0,
20264,5,5,1,5,0,
20265,6,6,2,4,0,
20266,3,3,11,3,1,99
20267,3,3,11,3,0,
20268,2,2,5,2,1,99
20269,4,4,2,4,0,
20270,2,3,11,3,0,
20271,4,4,2,4,0,
20272,3,3,11,3,1,97
20273,4,6,7,1,0,
20274,3,3,11,3,0,
20275,4,3,2,4,1,96
20276,4,4,2,4,1,99
20277,3,4,2,4,0,
20278,4,4,2,4,1,99
20279,5,5,1,5,0,
20280,3,2,11,3,0,
20281,6,6,11,3,1,99
20282,4,4,2,4,0,
20283,4,4,2,4,0,
20284,2,2,11,3,0,
20285,4,4,2,4,0,
20286,5,5,1,5,0,
20287,4,4,2,4,0,
20288,2,2,5,2,1,99
20289,3,3,11,3,0,
20290,4,2,2,4,0,
20291,2,2,5,2,0,
20292,4,4,11,3,0,
20293,4,4,2,4,1,99
20294,4,4,2,4,0,
20295,3,3,11,3,1,99
20296,5,5,1,5,0,
20297,3,3,11,3,1,99
20298,3,3,11,3,0,
20299,2,2,5,2,0,
20300,3,3,11,3,1,97
20301,3,3,11,3,0,
20302,6,5,11,3,1,66
20303,1,2,7,1,0,
20304,3,3,11,3,0,
20305,2,2,5,2,0,
20306,4,4,2,4,0,
20307,2,2,11,3,0,
20308,4,4,2,4,0,
20309,1,1,2,4,0,
20310,1,1,11,3,0,
20311,3,2,5,2,0,
20312,5,6,2,4,1,99
20313,4,4,2,4,0,
20314,6,8,4,6,0,
20315,4,4,2,4,0,
20316,3,2,11,3,0,
20317,4,2,2,4,0,
20318,3,3,11,3,0,
20319,3,2,11,3,0,
20320,2,2,5,2,0,
20321,3,3,11,3,1,99
20322,1,1,7,1,1,66
20323,4,4,2,4,0,
20324,3,3,11,3,0,
20325,3,3,11,3,0,
20326,6,2,2,4,1,96
20327,3,3,11,3,0,
20328,4,3,7,1,0,
20329,2,2,5,2,0,
20330,4,6,2,4,0,
20331,4,4,11,3,0,
20332,2,2,5,2,0,
20333,4,3,2,4,0,
20334,3,3,11,3,0,
20335,5,5,1,5,0,
20336,4,4,2,4,0,
20337,4,4,7,1,0,
20338,2,2,5,2,1,99
20339,3,2,11,3,0,
20340,3,3,11,3,0,
20341,4,4,11,3,1,99
20342,4,4,2,4,0,
20343,3,2,11,3,0,
20344,4,4,2,4,0,
20345,2,2,5,2,0,
20346,3,3,11,3,1,152
20347,3,3,11,3,0,
20348,2,2,5,2,0,
20349,3,3,11,3,0,
20350,4,4,2,4,0,
20351,4,4,2,4,1,69
20352,3,3,11,3,0,
20353,4,4,2,4,0,
20354,1,1,7,1,0,
20355,2,2,11,3,0,
20356,4,3,2,4,1,151
20357,3,3,11,3,0,
20358,4,3,2,4,1,152
20359,3,3,11,3,0,
20360,3,3,11,3,0,
20361,6,6,2,4,0,
20362,4,4,2,4,0,
20363,4,4,2,4,0,
20364,3,3,11,3,0,
20365,4,4,2,4,1,76
20366,2,6,5,2,1,99
20367,4,4,2,4,0,
20368,3,3,11,3,0,
20369,3,3,11,3,0,
20370,3,3,11,3,0,
20371,4,3,11,3,0,
20372,2,2,5,2,0,
20373,3,3,11,3,1,98
20374,3,3,11,3,0,
20375,5,5,1,5,0,
20376,3,3,11,3,1,99
20377,6,6,2,4,0,
20378,4,4,2,4,0,
20379,4,4,2,4,0,
20380,2,2,5,2,0,
20381,4,4,11,3,0,
20382,4,4,2,4,1,99
20383,3,3,11,3,0,
20384,3,3,11,3,1,60
20385,1,1,7,1,1,87
20386,3,2,5,2,0,
20387,3,3,11,3,0,
20388,4,4,2,4,0,
20389,3,3,11,3,0,
20390,3,3,11,3,0,
20391,4,4,2,4,0,
20392,6,6,11,3,0,
20393,3,3,11,3,0,
20394,2,2,5,2,1,99
20395,2,2,5,2,0,
20396,4,4,2,4,0,
20397,4,3,2,4,0,
20398,3,3,11,3,0,
20399,3,3,11,3,0,
20400,3,3,11,3,0,
20401,2,2,5,2,0,
20402,3,3,11,3,1,99
20403,5,5,1,5,1,99
20404,5,5,1,5,0,
20405,3,3,11,3,1,98
20406,3,3,11,3,0,
20407,4,3,11,3,0,
20408,3,3,11,3,1,99
20409,3,2,11,3,0,
20410,4,4,2,4,0,
20411,2,2,5,2,0,
20412,6,6,1,5,0,
20413,4,4,11,3,0,
20414,3,4,11,3,0,
20415,4,4,2,4,1,99
20416,4,2,2,4,0,
20417,2,2,5,2,1,99
20418,2,2,5,2,0,
20419,2,2,5,2,0,
20420,3,3,11,3,0,
20421,2,2,5,2,0,
20422,6,6,5,2,0,
20423,4,4,2,4,0,
20424,4,4,2,4,1,99
20425,2,2,5,2,1,99
20426,6,2,11,3,0,
20427,6,6,2,4,0,
20428,4,4,2,4,0,
20429,1,1,2,4,0,
20430,4,3,2,4,1,152
20431,3,3,11,3,0,
20432,8,8,8,8,0,
20433,3,3,5,2,1,92
20434,3,3,5,2,0,
20435,4,4,2,4,1,97
20436,3,3,11,3,0,
20437,4,4,11,3,0,
20438,3,3,11,3,0,
20439,3,3,11,3,1,99
20440,4,4,2,4,0,
20441,3,3,11,3,1,99
20442,4,2,5,2,0,
20443,4,4,11,3,0,
20444,3,3,11,3,0,
20445,6,6,2,4,0,
20446,3,3,11,3,0,
20447,3,3,11,3,0,
20448,3,3,11,3,0,
20449,3,2,2,4,0,
20450,3,3,11,3,0,
20451,3,3,11,3,0,
20452,3,3,11,3,0,
20453,3,3,11,3,0,
20454,1,1,7,1,1,91
20455,3,3,11,3,0,
20456,3,2,5,2,1,56
20457,1,1,7,1,0,
20458,3,3,11,3,0,
20459,4,4,2,4,0,
20460,4,4,2,4,0,
20461,4,4,2,4,0,
20462,4,6,2,4,0,
20463,2,2,5,2,1,99
20464,2,2,5,2,0,
20465,3,3,11,3,1,99
20466,4,4,2,4,1,99
20467,4,4,2,4,0,
20468,3,3,11,3,0,
20469,4,4,2,4,0,
20470,4,4,2,4,0,
20471,3,3,11,3,1,99
20472,3,3,11,3,0,
20473,3,3,11,3,0,
20474,4,4,2,4,0,
20475,3,3,11,3,0,
20476,3,3,11,3,0,
20477,2,2,5,2,1,99
20478,4,4,11,3,0,
20479,4,2,2,4,0,
20480,4,4,2,4,0,
20481,1,1,7,1,1,85
20482,3,2,11,3,0,
20483,3,3,11,3,0,
20484,1,6,7,1,1,211
20485,4,3,2,4,0,
20486,3,6,11,3,1,96
20487,2,2,5,2,0,
20488,3,3,11,3,1,99
20489,5,5,1,5,0,
20490,6,6,2,4,0,
20491,4,4,2,4,0,
20492,4,1,2,4,0,
20493,3,3,11,3,1,99
20494,4,6,5,2,0,
20495,3,2,5,2,1,95
20496,4,4,2,4,0,
20497,2,2,5,2,0,
20498,4,4,2,4,0,
20499,5,5,1,5,0,
20500,4,4,2,4,0,
20501,3,3,5,2,0,
20502,4,4,2,4,0,
20503,3,4,11,3,0,
20504,4,4,11,3,0,
20505,6,6,11,3,0,
20506,3,6,5,2,1,95
20507,4,4,2,4,0,
20508,1,2,2,4,0,
20509,3,2,5,2,0,
20510,3,2,11,3,0,
20511,3,3,11,3,0,
20512,3,3,11,3,0,
20513,4,4,7,1,0,
20514,5,5,1,5,0,
20515,2,2,5,2,0,
20516,2,2,5,2,0,
20517,2,2,5,2,1,99
20518,6,6,11,3,0,
20519,3,2,7,1,1,88
20520,2,2,5,2,0,
20521,3,3,11,3,0,
20522,1,1,7,1,0,
20523,3,3,11,3,0,
20524,6,6,7,1,0,
20525,1,4,2,4,0,
20526,3,2,5,2,0,
20527,4,4,7,1,0,
20528,1,1,7,1,0,
20529,4,3,11,3,0,
20530,1,4,2,4,0,
20531,2,2,5,2,0,
20532,4,4,2,4,0,
20533,1,1,7,1,0,
20534,2,2,5,2,0,
20535,3,3,11,3,0,
20536,4,3,11,3,1,90
20537,4,4,2,4,0,
20538,4,4,2,4,0,
20539,2,2,5,2,1,99
20540,3,3,11,3,0,
20541,3,2,11,3,0,
20542,3,2,11,3,0,
20543,5,5,1,5,0,
20544,6,6,2,4,0,
20545,2,2,5,2,1,99
20546,3,3,11,3,0,
20547,2,2,5,2,0,
20548,4,3,2,4,0,
20549,1,2,5,2,1,64
20550,4,4,2,4,1,99
20551,3,3,11,3,0,
20552,3,3,11,3,1,99
20553,4,3,11,3,0,
20554,4,4,2,4,0,
20555,4,3,11,3,0,
20556,4,4,2,4,1,99
20557,4,4,2,4,0,
20558,3,2,5,2,0,
20559,1,1,7,1,0,
20560,4,4,2,4,0,
20561,4,4,2,4,0,
20562,3,3,11,3,0,
20563,4,3,11,3,1,99
20564,4,4,2,4,0,
20565,3,3,11,3,0,
20566,3,3,2,4,0,
20567,4,3,11,3,0,
20568,1,1,7,1,0,
20569,3,3,11,3,0,
20570,2,2,5,2,0,
20571,4,4,2,4,1,75
20572,3,3,11,3,0,
20573,3,3,11,3,1,95
20574,3,3,11,3,0,
20575,4,4,11,3,0,
20576,2,2,5,2,0,
20577,4,4,2,4,0,
20578,4,4,7,1,0,
20579,3,3,5,2,0,
20580,2,2,5,2,0,
20581,1,1,7,1,0,
20582,4,4,2,4,0,
20583,1,1,7,1,0,
20584,3,3,11,3,0,
20585,4,3,11,3,0,
20586,2,2,5,2,0,
20587,4,4,2,4,0,
20588,3,3,11,3,0,
20589,4,4,2,4,0,
20590,2,2,5,2,1,95
20591,3,3,11,3,0,
20592,4,3,11,3,0,
20593,5,5,1,5,0,
20594,3,3,11,3,0,
20595,3,3,11,3,0,
20596,3,3,11,3,0,
20597,4,4,2,4,0,
20598,2,2,5,2,0,
20599,3,3,11,3,0,
20600,4,4,2,4,0,
20601,3,3,11,3,0,
20602,4,4,11,3,1,97
20603,3,3,11,3,0,
20604,3,3,11,3,0,
20605,3,2,11,3,1,74
20606,3,2,5,2,0,
20607,8,8,8,8,0,
20608,4,4,2,4,1,99
20609,3,3,11,3,0,
20610,4,6,2,4,0,
20611,3,3,5,2,0,
20612,4,4,2,4,1,99
20613,4,4,2,4,1,99
20614,2,2,5,2,0,
20615,2,2,11,3,0,
20616,3,3,11,3,0,
20617,5,5,1,5,1,99
20618,4,4,2,4,0,
20619,2,2,5,2,1,99
20620,4,4,2,4,0,
20621,3,3,11,3,1,97
20622,2,2,5,2,0,
20623,6,6,2,4,0,
20624,3,3,11,3,0,
20625,3,4,2,4,0,
20626,3,3,2,4,1,61
20627,3,3,11,3,1,99
20628,2,2,5,2,0,
20629,4,4,2,4,0,
20630,3,3,11,3,0,
20631,4,4,2,4,0,
20632,3,3,11,3,0,
20633,3,3,11,3,1,99
20634,3,3,11,3,0,
20635,3,3,11,3,1,99
20636,4,4,11,3,1,99
20637,3,2,11,3,0,
20638,1,2,7,1,0,
20639,3,3,11,3,0,
20640,4,3,11,3,0,
20641,2,2,5,2,0,
20642,6,2,11,3,0,
20643,3,3,11,3,0,
20644,3,3,11,3,1,99
20645,4,4,2,4,0,
20646,3,3,11,3,0,
20647,1,1,11,3,0,
20648,2,2,5,2,0,
20649,3,3,11,3,0,
20650,4,4,2,4,1,99
20651,3,3,11,3,0,
20652,4,4,2,4,0,
20653,3,3,8,8,0,
20654,3,3,11,3,0,
20655,3,3,11,3,0,
20656,2,3,5,2,0,
20657,3,3,11,3,0,
20658,3,3,11,3,0,
20659,2,2,5,2,1,99
20660,4,4,2,4,0,
20661,3,3,11,3,1,84
20662,3,3,11,3,0,
20663,6,6,2,4,0,
20664,3,3,11,3,1,99
20665,6,6,2,4,0,
20666,2,2,5,2,0,
20667,3,1,2,4,1,53
20668,4,4,2,4,0,
20669,3,3,11,3,0,
20670,4,4,2,4,0,
20671,3,3,11,3,0,
20672,3,3,11,3,0,
20673,3,3,11,3,1,99
20674,3,3,5,2,0,
20675,6,6,2,4,0,
20676,3,3,11,3,0,
20677,3,3,11,3,0,
20678,3,3,11,3,1,99
20679,4,4,2,4,1,99
20680,3,3,11,3,0,
20681,2,2,5,2,0,
20682,3,3,5,2,0,
20683,3,3,11,3,0,
20684,2,2,5,2,0,
20685,4,3,2,4,0,
20686,3,3,11,3,0,
20687,3,3,11,3,0,
20688,3,3,11,3,1,99
20689,6,8,8,8,1,79
20690,3,3,11,3,0,
20691,3,3,11,3,0,
20692,2,2,5,2,0,
20693,4,4,2,4,0,
20694,4,4,2,4,0,
20695,6,2,7,1,0,
20696,3,3,11,3,0,
20697,3,3,11,3,0,
20698,3,3,11,3,0,
20699,6,3,11,3,1,211
20700,4,4,11,3,0,
20701,4,4,2,4,0,
20702,4,3,7,1,0,
20703,3,3,11,3,0,
20704,4,4,2,4,0,
20705,4,4,11,3,1,99
20706,2,2,5,2,1,99
20707,5,5,1,5,1,100
20708,4,4,2,4,0,
20709,4,4,2,4,0,
20710,2,2,5,2,0,
20711,4,4,2,4,0,
20712,4,4,2,4,1,99
20713,4,4,2,4,0,
20714,3,3,11,3,0,
20715,3,3,11,3,0,
20716,2,2,5,2,1,99
20717,4,4,2,4,0,
20718,3,5,1,5,0,
20719,2,2,11,3,1,99
20720,6,6,1,5,0,
20721,6,6,2,4,0,
20722,3,3,11,3,0,
20723,3,3,11,3,0,
20724,2,2,5,2,0,
20725,3,3,11,3,0,
20726,3,3,11,3,1,98
20727,4,4,2,4,1,99
20728,4,4,2,4,1,99
20729,4,4,2,4,0,
20730,3,3,11,3,0,
20731,6,6,2,4,0,
20732,4,4,2,4,0,
20733,2,2,5,2,0,
20734,3,3,11,3,0,
20735,3,3,11,3,1,99
20736,3,3,11,3,0,
20737,3,3,11,3,0,
20738,5,5,1,5,0,
20739,3,3,11,3,1,99
20740,4,4,2,4,1,90
20741,3,3,5,2,0,
20742,3,3,11,3,0,
20743,3,2,5,2,0,
20744,3,3,11,3,0,
20745,3,3,11,3,0,
20746,4,3,11,3,1,99
20747,4,4,2,4,0,
20748,5,5,1,5,0,
20749,3,3,11,3,0,
20750,6,6,2,4,0,
20751,2,2,5,2,0,
20752,8,8,8,8,0,
20753,4,4,2,4,0,
20754,2,2,5,2,0,
20755,6,6,2,4,1,99
20756,6,4,2,4,0,
20757,3,2,2,4,0,
20758,5,6,4,6,1,96
20759,4,1,7,1,0,
20760,2,2,5,2,0,
20761,2,2,5,2,0,
20762,5,5,1,5,0,
20763,2,2,5,2,0,
20764,3,3,11,3,1,99
20765,3,3,11,3,0,
20766,4,3,11,3,1,99
20767,1,1,7,1,0,
20768,3,3,11,3,0,
20769,3,3,11,3,0,
20770,4,4,2,4,0,
20771,4,4,2,4,1,99
20772,5,4,1,5,1,83
20773,5,8,1,5,1,99
20774,6,6,2,4,0,
20775,4,4,2,4,1,99
20776,3,3,11,3,0,
20777,2,2,5,2,0,
20778,4,4,2,4,0,
20779,3,3,11,3,0,
20780,3,3,11,3,0,
20781,3,3,11,3,0,
20782,3,3,11,3,0,
20783,4,3,5,2,0,
20784,3,2,11,3,1,85
20785,3,3,11,3,1,99
20786,3,3,11,3,0,
20787,4,4,2,4,1,97
20788,5,5,1,5,0,
20789,3,3,2,4,1,52
20790,3,3,11,3,1,99
20791,3,3,11,3,0,
20792,1,1,7,1,1,49
20793,3,3,11,3,0,
20794,3,3,11,3,0,
20795,4,4,2,4,0,
20796,3,2,5,2,0,
20797,5,5,1,5,1,100
20798,2,3,5,2,0,
20799,3,3,11,3,0,
20800,3,3,11,3,0,
20801,2,4,2,4,1,90
20802,4,4,2,4,0,
20803,2,2,5,2,0,
20804,5,5,1,5,0,
20805,4,2,5,2,0,
20806,3,3,11,3,0,
20807,2,2,5,2,1,99
20808,3,3,11,3,1,80
20809,2,2,5,2,1,87
20810,5,5,1,5,0,
20811,1,1,7,1,1,99
20812,3,2,5,2,0,
20813,3,4,2,4,0,
20814,3,3,11,3,0,
20815,2,2,5,2,0,
20816,3,3,11,3,0,
20817,3,3,11,3,0,
20818,2,2,5,2,0,
20819,4,4,2,4,0,
20820,5,5,1,5,0,
20821,3,3,11,3,1,97
20822,3,3,11,3,0,
20823,4,4,2,4,0,
20824,4,4,11,3,1,99
20825,5,5,1,5,0,
20826,6,6,2,4,0,
20827,4,4,2,4,0,
20828,3,3,11,3,0,
20829,6,6,2,4,0,
20830,4,4,2,4,0,
20831,3,3,11,3,0,
20832,3,3,11,3,0,
20833,4,4,2,4,0,
20834,3,3,11,3,0,
20835,3,2,5,2,0,
20836,1,1,7,1,0,
20837,4,4,2,4,0,
20838,5,5,1,5,1,60
20839,4,6,2,4,0,
20840,4,4,2,4,0,
20841,4,2,11,3,1,97
20842,8,3,11,3,0,
20843,3,3,11,3,0,
20844,4,4,2,4,0,
20845,4,4,2,4,0,
20846,6,6,2,4,0,
20847,4,4,2,4,0,
20848,3,3,11,3,0,
20849,3,2,11,3,0,
20850,2,2,5,2,0,
20851,3,3,11,3,0,
20852,6,4,4,6,0,
20853,2,2,5,2,0,
20854,4,4,2,4,0,
20855,3,4,2,4,0,
20856,3,3,11,3,0,
20857,2,2,5,2,0,
20858,2,2,5,2,0,
20859,2,2,5,2,0,
20860,2,2,5,2,0,
20861,3,4,11,3,0,
20862,5,5,1,5,0,
20863,4,4,2,4,0,
20864,6,6,11,3,0,
20865,2,2,5,2,0,
20866,4,4,2,4,0,
20867,3,3,11,3,0,
20868,3,3,11,3,1,99
20869,3,3,5,2,0,
20870,2,2,5,2,0,
20871,5,6,1,5,0,
20872,3,3,11,3,0,
20873,6,6,2,4,1,99
20874,4,4,2,4,0,
20875,3,3,11,3,0,
20876,4,4,11,3,0,
20877,4,3,11,3,0,
20878,3,3,11,3,0,
20879,4,3,11,3,0,
20880,2,2,5,2,0,
20881,3,3,11,3,0,
20882,2,2,5,2,1,99
20883,2,2,11,3,0,
20884,2,2,5,2,0,
20885,2,2,5,2,0,
20886,4,4,2,4,0,
20887,4,3,11,3,0,
20888,2,6,5,2,0,
20889,3,3,11,3,0,
20890,3,3,11,3,0,
20891,3,3,11,3,0,
20892,2,2,5,2,1,90
20893,3,3,11,3,0,
20894,2,2,5,2,0,
20895,3,3,11,3,0,
20896,3,2,11,3,1,99
20897,4,4,2,4,1,99
20898,3,2,5,2,0,
20899,3,2,11,3,0,
20900,3,3,11,3,0,
20901,2,2,5,2,0,
20902,6,2,5,2,0,
20903,3,3,11,3,0,
20904,2,2,5,2,0,
20905,3,3,11,3,0,
20906,3,3,11,3,0,
20907,3,3,11,3,0,
20908,3,2,5,2,1,66
20909,3,3,11,3,0,
20910,3,3,11,3,0,
20911,4,4,2,4,1,99
20912,2,2,5,2,0,
20913,5,5,1,5,0,
20914,3,3,11,3,0,
20915,2,2,5,2,0,
20916,5,5,1,5,0,
20917,3,3,11,3,0,
20918,3,3,11,3,0,
20919,2,2,5,2,0,
20920,2,2,5,2,0,
20921,4,4,2,4,0,
20922,4,4,2,4,0,
20923,3,3,11,3,0,
20924,4,4,2,4,0,
20925,4,4,2,4,0,
20926,3,4,9,7,0,
20927,3,3,11,3,0,
20928,3,3,11,3,0,
20929,5,5,1,5,0,
20930,1,3,7,1,1,69
20931,2,2,5,2,0,
20932,4,4,2,4,0,
20933,3,3,2,4,1,41
20934,2,2,5,2,0,
20935,4,4,2,4,0,
20936,4,4,2,4,1,99
20937,4,4,2,4,0,
20938,4,4,2,4,0,
20939,3,3,11,3,0,
20940,3,2,11,3,0,
20941,4,4,2,4,0,
20942,5,5,1,5,0,
20943,5,5,1,5,0,
20944,3,3,11,3,0,
20945,1,1,7,1,1,98
20946,2,2,5,2,0,
20947,2,2,5,2,1,99
20948,6,6,2,4,0,
20949,2,2,5,2,0,
20950,3,3,11,3,0,
20951,4,4,2,4,0,
20952,5,0,1,5,0,
20953,3,3,11,3,0,
20954,2,2,5,2,0,
20955,4,4,2,4,0,
20956,1,1,7,1,1,99
20957,3,3,11,3,1,99
20958,4,4,2,4,1,151
20959,4,4,2,4,0,
20960,4,4,11,3,0,
20961,3,3,11,3,1,58
20962,3,3,11,3,1,99
20963,3,3,11,3,0,
20964,4,4,2,4,0,
20965,4,4,2,4,0,
20966,2,2,5,2,1,99
20967,2,2,5,2,0,
20968,3,3,11,3,1,97
20969,3,3,11,3,0,
20970,4,4,2,4,0,
20971,4,4,2,4,0,
20972,6,6,11,3,0,
20973,4,4,2,4,0,
20974,2,2,5,2,0,
20975,3,3,11,3,0,
20976,6,6,2,4,1,100
20977,3,2,11,3,0,
20978,2,2,5,2,1,99
20979,2,2,5,2,0,
20980,2,2,5,2,1,99
20981,3,3,11,3,0,
20982,3,3,11,3,0,
20983,6,6,11,3,0,
20984,3,3,11,3,0,
20985,3,3,11,3,0,
20986,5,5,1,5,0,
20987,3,3,11,3,0,
20988,4,4,11,3,1,151
20989,6,6,2,4,0,
20990,5,5,1,5,0,
20991,3,2,11,3,1,95
20992,3,3,11,3,1,99
20993,3,2,4,6,0,
20994,4,4,2,4,0,
20995,2,3,5,2,1,69
20996,4,4,2,4,0,
20997,2,2,5,2,1,94
20998,6,6,2,4,0,
20999,3,2,5,2,0,
21000,3,3,11,3,0,
21001,2,2,5,2,0,
21002,3,3,11,3,0,
21003,3,3,11,3,0,
21004,3,3,11,3,0,
21005,4,4,2,4,0,
21006,3,3,11,3,1,99
21007,3,2,11,3,0,
21008,3,3,11,3,0,
21009,3,3,11,3,0,
21010,4,4,2,4,0,
21011,3,3,11,3,0,
21012,1,1,5,2,0,
21013,4,4,2,4,0,
21014,1,1,7,1,0,
21015,4,4,2,4,0,
21016,4,4,2,4,0,
21017,5,5,1,5,0,
21018,5,5,1,5,0,
21019,4,4,2,4,0,
21020,4,4,2,4,0,
21021,1,2,11,3,1,92
21022,4,4,11,3,0,
21023,6,4,2,4,0,
21024,1,2,5,2,0,
21025,2,2,5,2,0,
21026,2,2,5,2,0,
21027,4,4,2,4,1,99
21028,1,2,11,3,0,
21029,2,2,5,2,0,
21030,2,2,5,2,1,99
21031,2,2,5,2,0,
21032,4,4,2,4,0,
21033,6,6,2,4,0,
21034,3,3,11,3,1,99
21035,5,5,1,5,0,
21036,3,3,5,2,0,
21037,3,3,11,3,0,
21038,3,2,11,3,0,
21039,2,2,5,2,0,
21040,6,2,5,2,0,
21041,3,3,11,3,0,
21042,2,2,5,2,0,
21043,4,1,7,1,1,98
21044,2,2,5,2,0,
21045,4,4,2,4,0,
21046,4,4,2,4,0,
21047,2,2,5,2,0,
21048,4,4,2,4,1,99
21049,4,4,2,4,1,97
21050,1,2,11,3,0,
21051,4,4,2,4,0,
21052,2,2,11,3,0,
21053,4,4,11,3,0,
21054,4,4,2,4,0,
21055,5,5,1,5,0,
21056,4,4,2,4,0,
21057,5,5,1,5,1,100
21058,4,4,2,4,1,80
21059,3,3,8,8,0,
21060,3,4,2,4,0,
21061,6,5,1,5,0,
21062,2,2,5,2,1,99
21063,4,4,2,4,0,
21064,3,3,11,3,0,
21065,4,4,2,4,0,
21066,2,3,5,2,0,
21067,8,3,11,3,0,
21068,4,4,11,3,0,
21069,3,3,11,3,1,99
21070,4,4,2,4,0,
21071,4,4,1,5,0,
21072,3,3,11,3,0,
21073,1,1,7,1,1,90
21074,4,4,2,4,0,
21075,1,1,7,1,0,
21076,4,4,2,4,1,98
21077,2,2,5,2,0,
21078,3,2,11,3,0,
21079,2,2,5,2,0,
21080,4,4,2,4,0,
21081,3,3,11,3,1,99
21082,2,2,5,2,0,
21083,3,3,2,4,0,
21084,3,8,8,8,0,
21085,3,3,11,3,0,
21086,4,4,5,2,0,
21087,4,2,5,2,0,
21088,4,4,2,4,1,99
21089,4,6,2,4,0,
21090,4,4,2,4,0,
21091,4,4,2,4,0,
21092,3,3,11,3,0,
21093,4,3,11,3,0,
21094,3,3,11,3,0,
21095,4,4,2,4,0,
21096,4,4,2,4,0,
21097,2,2,5,2,1,99
21098,3,2,5,2,1,54
21099,1,2,5,2,1,78
21100,3,3,11,3,0,
21101,3,3,11,3,0,
21102,3,3,11,3,0,
21103,4,3,11,3,0,
21104,4,4,2,4,1,99
21105,5,5,1,5,0,
21106,2,6,5,2,0,
21107,4,4,2,4,0,
21108,4,4,2,4,0,
21109,3,2,11,3,0,
21110,5,5,1,5,0,
21111,3,3,5,2,1,99
21112,1,1,11,3,0,
21113,4,6,2,4,0,
21114,4,1,7,1,0,
21115,3,2,11,3,0,
21116,3,3,11,3,0,
21117,4,4,2,4,0,
21118,6,6,4,6,0,
21119,3,3,11,3,0,
21120,5,5,1,5,0,
21121,3,3,5,2,0,
21122,3,2,5,2,0,
21123,2,2,5,2,0,
21124,2,2,5,2,1,99
21125,4,4,2,4,0,
21126,2,2,11,3,1,96
21127,3,2,5,2,0,
21128,3,3,11,3,0,
21129,5,5,1,5,1,99
21130,2,2,5,2,0,
21131,3,3,11,3,0,
21132,2,2,5,2,0,
21133,4,4,2,4,0,
21134,4,4,11,3,0,
21135,3,3,11,3,0,
21136,3,3,11,3,0,
21137,3,3,11,3,0,
21138,2,2,5,2,0,
21139,3,2,5,2,0,
21140,2,2,5,2,0,
21141,3,3,5,2,0,
21142,3,3,11,3,0,
21143,5,5,1,5,0,
21144,2,2,11,3,0,
21145,4,4,2,4,0,
21146,4,4,11,3,1,99
21147,3,4,11,3,1,99
21148,4,4,2,4,0,
21149,4,4,11,3,0,
21150,2,2,5,2,1,62
21151,3,3,11,3,0,
21152,4,4,2,4,0,
21153,8,3,8,8,1,86
21154,3,3,8,8,0,
21155,2,2,5,2,0,
21156,3,3,11,3,1,98
21157,4,3,11,3,0,
21158,3,3,11,3,0,
21159,4,4,2,4,1,99
21160,4,4,2,4,0,
21161,4,4,2,4,0,
21162,5,0,1,5,0,
21163,3,2,11,3,0,
21164,3,3,11,3,0,
21165,5,5,1,5,1,95
21166,4,4,2,4,0,
21167,5,5,1,5,0,
21168,2,2,5,2,0,
21169,3,3,11,3,0,
21170,3,2,5,2,0,
21171,4,4,2,4,1,99
21172,1,1,7,1,1,99
21173,3,1,5,2,0,
21174,3,3,11,3,0,
21175,4,4,2,4,1,99
21176,4,3,11,3,1,53
21177,4,4,2,4,0,
21178,4,2,5,2,0,
21179,4,4,2,4,0,
21180,4,4,2,4,0,
21181,3,3,11,3,0,
21182,7,7,9,7,0,
21183,4,4,2,4,0,
21184,4,4,2,4,0,
21185,3,3,11,3,1,90
21186,3,3,11,3,0,
21187,2,6,5,2,0,
21188,4,4,7,1,0,
21189,4,3,11,3,0,
21190,2,2,11,3,0,
21191,3,3,11,3,0,
21192,4,4,2,4,1,97
21193,3,3,11,3,0,
21194,3,2,2,4,1,63
21195,8,3,8,8,0,
21196,4,4,2,4,1,93
21197,3,3,11,3,0,
21198,3,4,2,4,0,
21199,1,1,7,1,0,
21200,3,3,11,3,0,
21201,2,2,5,2,0,
21202,3,3,5,2,0,
21203,1,3,11,3,0,
21204,3,3,11,3,0,
21205,3,3,11,3,0,
21206,4,4,11,3,0,
21207,4,4,2,4,0,
21208,3,3,11,3,1,99
21209,3,3,11,3,0,
21210,3,3,11,3,0,
21211,3,3,11,3,0,
21212,4,4,2,4,0,
21213,3,3,11,3,0,
21214,2,2,5,2,0,
21215,3,3,11,3,0,
21216,3,3,11,3,0,
21217,4,4,2,4,0,
21218,4,4,2,4,0,
21219,3,3,11,3,0,
21220,2,2,11,3,0,
21221,3,3,11,3,1,99
21222,3,3,11,3,0,
21223,4,4,5,2,0,
21224,4,4,2,4,1,99
21225,1,1,7,1,0,
21226,2,2,5,2,1,58
21227,3,3,11,3,0,
21228,5,5,1,5,1,99
21229,3,2,11,3,0,
21230,1,1,7,1,0,
21231,3,3,11,3,0,
21232,3,3,11,3,1,99
21233,4,4,2,4,1,99
21234,2,2,5,2,1,98
21235,4,4,2,4,0,
21236,1,1,7,1,0,
21237,3,3,11,3,1,99
21238,3,2,5,2,0,
21239,3,3,11,3,1,50
21240,2,2,5,2,0,
21241,3,2,5,2,1,99
21242,4,4,2,4,0,
21243,3,3,11,3,1,99
21244,3,3,11,3,0,
21245,3,3,11,3,0,
21246,4,2,2,4,0,
21247,4,4,2,4,0,
21248,4,3,11,3,0,
21249,1,1,7,1,0,
21250,2,2,5,2,0,
21251,3,3,11,3,0,
21252,4,4,2,4,1,99
21253,3,3,11,3,1,99
21254,3,3,11,3,0,
21255,3,2,5,2,0,
21256,2,2,5,2,0,
21257,3,3,11,3,0,
21258,2,2,5,2,0,
21259,1,1,7,1,0,
21260,3,3,11,3,1,99
21261,1,3,7,1,0,
21262,3,3,11,3,1,95
21263,2,2,5,2,0,
21264,3,3,11,3,0,
21265,5,5,1,5,0,
21266,3,3,11,3,0,
21267,1,1,7,1,0,
21268,4,4,11,3,0,
21269,2,2,5,2,0,
21270,4,4,2,4,0,
21271,3,3,11,3,0,
21272,2,2,5,2,0,
21273,6,6,2,4,0,
21274,3,3,11,3,0,
21275,2,1,5,2,0,
21276,1,2,7,1,0,
21277,5,5,1,5,0,
21278,4,4,11,3,0,
21279,3,3,11,3,0,
21280,5,5,1,5,0,
21281,2,2,11,3,0,
21282,4,4,2,4,0,
21283,3,3,11,3,0,
21284,4,4,2,4,1,98
21285,4,4,2,4,0,
21286,3,3,11,3,1,99
21287,2,2,5,2,0,
21288,4,4,2,4,0,
21289,2,2,5,2,0,
21290,4,4,2,4,1,84
21291,3,6,11,3,0,
21292,3,3,11,3,0,
21293,4,4,2,4,0,
21294,3,3,5,2,0,
21295,5,5,1,5,1,99
21296,3,3,11,3,0,
21297,2,2,5,2,1,99
21298,4,4,2,4,0,
21299,1,1,7,1,1,86
21300,4,4,2,4,0,
21301,2,3,5,2,0,
21302,4,4,11,3,0,
21303,3,3,11,3,0,
21304,2,2,5,2,0,
21305,2,2,5,2,0,
21306,3,3,11,3,0,
21307,4,4,2,4,1,97
21308,3,3,11,3,1,99
21309,3,3,11,3,0,
21310,1,1,7,1,1,49
21311,4,4,2,4,0,
21312,2,2,5,2,0,
21313,4,4,2,4,1,92
21314,4,4,11,3,0,
21315,2,2,5,2,1,99
21316,3,3,5,2,0,
21317,6,6,2,4,0,
21318,3,3,5,2,0,
21319,3,2,5,2,0,
21320,5,5,1,5,0,
21321,2,2,5,2,0,
21322,3,3,11,3,0,
21323,4,4,2,4,1,98
21324,4,4,2,4,0,
21325,3,3,11,3,0,
21326,6,6,4,6,0,
21327,4,4,2,4,1,69
21328,4,4,2,4,0,
21329,3,3,11,3,0,
21330,3,3,11,3,0,
21331,3,3,7,1,0,
21332,4,3,11,3,0,
21333,2,2,5,2,0,
21334,3,3,11,3,0,
21335,2,2,5,2,0,
21336,3,3,11,3,0,
21337,4,4,11,3,0,
21338,3,3,11,3,0,
21339,5,5,1,5,0,
21340,3,4,2,4,0,
21341,2,2,5,2,1,99
21342,2,3,11,3,1,64
21343,6,6,2,4,0,
21344,3,3,11,3,0,
21345,3,3,11,3,0,
21346,4,4,2,4,0,
21347,4,4,2,4,1,99
21348,2,2,5,2,0,
21349,2,2,5,2,1,99
21350,5,5,1,5,0,
21351,6,6,5,2,0,
21352,3,2,5,2,0,
21353,3,3,11,3,0,
21354,4,3,11,3,0,
21355,3,3,11,3,0,
21356,4,4,2,4,0,
21357,4,4,2,4,0,
21358,4,4,2,4,0,
21359,2,2,5,2,0,
21360,3,3,11,3,0,
21361,3,3,11,3,0,
21362,3,3,11,3,0,
21363,3,3,11,3,0,
21364,2,2,5,2,0,
21365,3,3,11,3,0,
21366,4,4,7,1,1,67
21367,2,2,5,2,1,55
21368,3,3,11,3,0,
21369,2,2,5,2,0,
21370,3,2,5,2,1,96
21371,3,3,11,3,0,
21372,1,1,7,1,0,
21373,3,3,11,3,0,
21374,4,4,2,4,1,73
21375,3,3,11,3,1,99
21376,2,2,11,3,0,
21377,3,3,11,3,1,98
21378,3,3,11,3,0,
21379,3,3,11,3,0,
21380,3,3,5,2,1,98
21381,1,4,2,4,0,
21382,5,6,2,4,0,
21383,3,3,11,3,1,99
21384,3,3,11,3,0,
21385,2,2,5,2,1,99
21386,3,2,5,2,0,
21387,3,3,11,3,0,
21388,3,3,11,3,0,
21389,6,6,11,3,1,99
21390,3,3,11,3,0,
21391,4,4,2,4,0,
21392,4,4,2,4,1,99
21393,3,3,11,3,0,
21394,1,2,7,1,0,
21395,3,3,11,3,0,
21396,3,3,11,3,0,
21397,3,3,11,3,0,
21398,3,3,11,3,1,99
21399,2,2,5,2,0,
21400,1,2,5,2,0,
21401,5,5,1,5,0,
21402,3,3,11,3,0,
21403,4,4,2,4,0,
21404,4,4,2,4,0,
21405,4,3,2,4,0,
21406,2,2,5,2,0,
21407,3,3,11,3,0,
21408,4,4,2,4,0,
21409,2,2,5,2,0,
21410,4,4,2,4,0,
21411,1,1,7,1,0,
21412,3,3,11,3,0,
21413,2,2,5,2,0,
21414,3,3,11,3,0,
21415,4,4,2,4,1,93
21416,3,2,5,2,1,96
21417,1,2,5,2,0,
21418,4,2,5,2,0,
21419,6,1,7,1,0,
21420,3,3,11,3,1,99
21421,4,1,2,4,0,
21422,3,3,11,3,0,
21423,2,2,5,2,0,
21424,5,5,1,5,0,
21425,4,4,2,4,1,99
21426,3,3,11,3,0,
21427,1,1,7,1,0,
21428,1,2,11,3,1,72
21429,6,6,2,4,0,
21430,3,3,11,3,0,
21431,3,3,11,3,0,
21432,4,4,2,4,0,
21433,8,3,11,3,0,
21434,4,4,2,4,1,84
21435,3,3,11,3,1,99
21436,2,2,11,3,0,
21437,4,4,2,4,0,
21438,6,6,2,4,0,
21439,4,4,2,4,0,
21440,6,6,2,4,0,
21441,6,6,2,4,0,
21442,5,5,1,5,0,
21443,3,3,11,3,0,
21444,2,2,5,2,0,
21445,6,6,2,4,0,
21446,2,2,5,2,0,
21447,3,3,8,8,1,99
21448,1,1,7,1,1,99
21449,3,3,11,3,0,
21450,2,2,5,2,0,
21451,3,3,11,3,0,
21452,3,3,11,3,0,
21453,3,3,11,3,0,
21454,3,3,11,3,0,
21455,3,3,11,3,0,
21456,1,1,7,1,1,91
21457,3,3,11,3,0,
21458,6,6,2,4,0,
21459,3,3,5,2,0,
21460,2,2,5,2,0,
21461,5,5,1,5,0,
21462,3,2,5,2,0,
21463,3,3,11,3,0,
21464,4,4,2,4,0,
21465,2,2,5,2,0,
21466,2,2,5,2,0,
21467,2,2,5,2,0,
21468,1,2,7,1,1,66
21469,3,3,11,3,0,
21470,4,4,2,4,1,99
21471,1,1,7,1,0,
21472,2,4,11,3,0,
21473,4,3,2,4,0,
21474,3,3,11,3,0,
21475,3,2,11,3,0,
21476,3,3,11,3,0,
21477,3,3,11,3,0,
21478,2,2,5,2,0,
21479,4,4,2,4,0,
21480,3,3,11,3,0,
21481,3,3,11,3,0,
21482,4,6,2,4,1,99
21483,3,1,11,3,0,
21484,6,6,2,4,0,
21485,3,4,2,4,0,
21486,6,4,2,4,0,
21487,3,1,5,2,0,
21488,5,5,1,5,1,100
21489,3,3,11,3,1,91
21490,3,3,11,3,0,
21491,3,3,11,3,0,
21492,4,4,2,4,0,
21493,6,6,2,4,1,99
21494,3,3,11,3,0,
21495,2,2,5,2,1,98
21496,4,4,2,4,0,
21497,5,5,1,5,1,100
21498,4,4,2,4,1,98
21499,3,3,11,3,1,89
21500,4,4,2,4,0,
21501,4,4,2,4,0,
21502,6,6,2,4,0,
21503,4,4,2,4,0,
21504,4,4,2,4,1,98
21505,1,1,11,3,1,66
21506,3,2,11,3,0,
21507,2,2,5,2,0,
21508,3,2,5,2,0,
21509,3,3,11,3,0,
21510,3,2,11,3,0,
21511,3,3,11,3,0,
21512,6,6,2,4,1,99
21513,5,3,9,7,1,94
21514,6,6,2,4,1,99
21515,3,3,11,3,0,
21516,4,4,2,4,0,
21517,3,3,11,3,0,
21518,3,3,11,3,1,99
21519,3,3,11,3,0,
21520,4,3,11,3,0,
21521,3,3,11,3,0,
21522,2,2,5,2,0,
21523,3,3,11,3,0,
21524,5,5,1,5,0,
21525,2,2,5,2,0,
21526,5,5,1,5,0,
21527,3,3,11,3,0,
21528,3,3,11,3,0,
21529,4,4,11,3,0,
21530,2,2,5,2,0,
21531,3,3,11,3,0,
21532,3,2,11,3,0,
21533,4,3,2,4,0,
21534,3,3,11,3,0,
21535,5,5,1,5,0,
21536,3,3,11,3,1,99
21537,3,2,11,3,0,
21538,3,3,11,3,0,
21539,2,2,5,2,0,
21540,4,4,2,4,0,
21541,3,3,11,3,0,
21542,3,3,11,3,1,99
21543,3,3,11,3,0,
21544,3,2,11,3,1,99
21545,3,3,11,3,0,
21546,3,3,11,3,0,
21547,2,2,5,2,0,
21548,4,4,2,4,0,
21549,2,2,5,2,0,
21550,3,3,11,3,0,
21551,4,4,2,4,0,
21552,3,3,11,3,0,
21553,3,3,11,3,1,78
21554,3,3,11,3,0,
21555,3,3,11,3,0,
21556,3,3,11,3,0,
21557,1,1,7,1,1,99
21558,1,1,7,1,0,
21559,4,4,2,4,0,
21560,3,3,11,3,0,
21561,4,4,2,4,0,
21562,4,6,2,4,0,
21563,3,3,11,3,0,
21564,4,4,2,4,0,
21565,6,6,2,4,0,
21566,1,1,7,1,0,
21567,3,3,11,3,0,
21568,3,3,11,3,0,
21569,2,2,5,2,1,89
21570,2,2,5,2,0,
21571,3,3,11,3,0,
21572,4,4,2,4,0,
21573,2,2,5,2,1,93
21574,3,3,11,3,0,
21575,2,2,5,2,0,
21576,2,3,5,2,0,
21577,3,3,11,3,0,
21578,2,2,5,2,0,
21579,4,2,11,3,0,
21580,3,2,5,2,0,
21581,3,3,11,3,0,
21582,4,4,2,4,0,
21583,6,6,11,3,0,
21584,8,3,8,8,0,
21585,4,3,11,3,0,
21586,2,2,5,2,0,
21587,5,5,1,5,1,99
21588,4,4,2,4,0,
21589,3,3,5,2,0,
21590,6,4,2,4,0,
21591,4,4,11,3,1,65
21592,4,4,2,4,0,
21593,1,4,7,1,0,
21594,4,4,2,4,0,
21595,6,2,5,2,0,
21596,3,2,5,2,0,
21597,2,2,5,2,0,
21598,4,4,2,4,0,
21599,4,4,2,4,1,99
21600,3,3,11,3,0,
21601,3,2,5,2,0,
21602,2,2,5,2,0,
21603,2,2,5,2,1,97
21604,3,3,11,3,0,
21605,2,2,5,2,0,
21606,2,2,5,2,0,
21607,4,4,2,4,0,
21608,3,3,11,3,0,
21609,8,8,8,8,1,99
21610,2,2,5,2,1,99
21611,2,2,5,2,0,
21612,3,6,11,3,0,
21613,3,3,11,3,0,
21614,3,2,5,2,0,
21615,2,2,5,2,0,
21616,1,1,7,1,0,
21617,2,2,5,2,0,
21618,4,3,11,3,1,94
21619,2,2,5,2,1,91
21620,1,1,7,1,0,
21621,3,3,11,3,0,
21622,3,3,11,3,0,
21623,2,2,5,2,0,
21624,2,2,5,2,0,
21625,3,3,7,1,1,78
21626,3,3,11,3,1,96
21627,3,3,11,3,0,
21628,3,3,11,3,0,
21629,5,5,1,5,0,
21630,3,3,11,3,0,
21631,3,3,11,3,1,95
21632,3,3,5,2,0,
21633,3,3,11,3,0,
21634,1,1,7,1,1,38
21635,3,3,11,3,0,
21636,2,2,5,2,0,
21637,3,3,11,3,1,99
21638,4,4,11,3,0,
21639,2,2,5,2,0,
21640,5,5,1,5,0,
21641,3,3,11,3,0,
21642,3,3,11,3,0,
21643,4,4,2,4,0,
21644,2,2,5,2,1,98
21645,3,3,2,4,0,
21646,3,3,11,3,0,
21647,3,2,11,3,0,
21648,3,3,11,3,0,
21649,4,4,2,4,0,
21650,6,6,2,4,0,
21651,3,3,5,2,1,80
21652,2,2,5,2,0,
21653,3,3,11,3,0,
21654,2,2,5,2,0,
21655,4,4,2,4,0,
21656,6,6,2,4,0,
21657,5,5,1,5,1,100
21658,3,3,11,3,0,
21659,1,2,11,3,0,
21660,2,2,5,2,0,
21661,3,3,11,3,0,
21662,3,3,11,3,1,99
21663,4,4,2,4,0,
21664,3,3,11,3,0,
21665,6,6,2,4,0,
21666,2,2,5,2,0,
21667,4,4,11,3,0,
21668,2,2,5,2,0,
21669,2,2,5,2,0,
21670,5,5,1,5,0,
21671,4,6,2,4,0,
21672,3,3,11,3,0,
21673,4,4,2,4,0,
21674,2,2,5,2,0,
21675,4,4,2,4,0,
21676,4,4,2,4,0,
21677,5,5,11,3,0,
21678,4,4,2,4,1,93
21679,3,3,11,3,1,99
21680,4,4,2,4,1,99
21681,3,3,11,3,0,
21682,6,4,11,3,0,
21683,6,6,2,4,0,
21684,3,3,11,3,0,
21685,2,2,5,2,0,
21686,3,3,11,3,0,
21687,3,2,2,4,1,85
21688,3,3,11,3,0,
21689,3,3,11,3,0,
21690,4,4,2,4,0,
21691,4,4,2,4,1,72
21692,3,3,11,3,0,
21693,4,4,2,4,0,
21694,5,5,1,5,0,
21695,2,2,5,2,0,
21696,3,3,11,3,0,
21697,3,3,11,3,0,
21698,4,4,2,4,0,
21699,2,2,5,2,0,
21700,3,3,11,3,0,
21701,1,1,7,1,0,
21702,4,4,2,4,0,
21703,3,3,11,3,0,
21704,4,4,2,4,0,
21705,1,1,7,1,0,
21706,4,4,2,4,0,
21707,2,2,5,2,0,
21708,2,2,5,2,1,99
21709,3,3,11,3,0,
21710,3,3,11,3,0,
21711,1,2,5,2,0,
21712,6,6,2,4,0,
21713,4,4,2,4,0,
21714,6,6,2,4,0,
21715,4,4,2,4,0,
21716,4,4,2,4,0,
21717,2,2,5,2,0,
21718,4,6,2,4,0,
21719,3,3,7,1,0,
21720,4,4,2,4,1,99
21721,5,5,1,5,0,
21722,4,4,2,4,0,
21723,3,3,11,3,0,
21724,4,4,2,4,0,
21725,5,5,1,5,0,
21726,4,4,2,4,1,90
21727,4,4,2,4,0,
21728,4,4,11,3,0,
21729,4,4,2,4,0,
21730,4,4,2,4,0,
21731,4,2,11,3,0,
21732,2,2,5,2,1,99
21733,1,1,5,2,0,
21734,2,2,5,2,0,
21735,4,4,11,3,0,
21736,3,2,5,2,0,
21737,3,3,11,3,0,
21738,2,2,5,2,0,
21739,2,3,5,2,0,
21740,3,2,11,3,1,81
21741,4,4,2,4,0,
21742,4,4,11,3,0,
21743,3,3,11,3,1,99
21744,2,2,7,1,0,
21745,2,2,5,2,0,
21746,3,3,11,3,0,
21747,3,3,11,3,0,
21748,3,3,11,3,1,99
21749,6,6,2,4,0,
21750,2,2,11,3,1,97
21751,5,5,1,5,0,
21752,6,3,2,4,0,
21753,2,2,11,3,0,
21754,6,6,2,4,0,
21755,3,3,11,3,0,
21756,3,3,11,3,0,
21757,1,1,7,1,0,
21758,4,4,2,4,0,
21759,3,3,11,3,0,
21760,3,3,11,3,0,
21761,2,2,5,2,1,99
21762,4,4,2,4,0,
21763,4,4,2,4,0,
21764,4,4,2,4,0,
21765,3,3,8,8,0,
21766,2,3,5,2,0,
21767,4,4,2,4,0,
21768,3,3,11,3,0,
21769,4,4,2,4,0,
21770,4,4,2,4,0,
21771,3,2,11,3,0,
21772,8,3,11,3,0,
21773,1,1,11,3,0,
21774,1,2,7,1,0,
21775,3,3,11,3,0,
21776,3,3,11,3,0,
21777,3,3,11,3,0,
21778,1,1,7,1,0,
21779,3,3,11,3,0,
21780,3,8,11,3,0,
21781,4,4,2,4,0,
21782,3,3,11,3,0,
21783,4,4,11,3,0,
21784,2,2,5,2,1,98
21785,3,3,11,3,1,99
21786,4,4,2,4,0,
21787,3,2,2,4,1,51
21788,5,5,1,5,0,
21789,4,4,2,4,0,
21790,8,8,8,8,1,99
21791,4,4,2,4,0,
21792,4,4,2,4,0,
21793,4,4,2,4,0,
21794,4,4,2,4,1,93
21795,3,3,11,3,0,
21796,4,4,2,4,1,99
21797,3,3,5,2,0,
21798,2,2,5,2,0,
21799,2,2,5,2,0,
21800,3,2,5,2,1,99
21801,3,3,11,3,0,
21802,1,3,5,2,1,66
21803,4,4,2,4,1,99
21804,3,3,11,3,1,99
21805,3,2,5,2,0,
21806,5,5,1,5,0,
21807,1,3,7,1,0,
21808,3,3,11,3,0,
21809,2,3,5,2,0,
21810,2,2,5,2,0,
21811,1,1,7,1,0,
21812,3,3,11,3,0,
21813,2,2,5,2,0,
21814,4,4,2,4,1,97
21815,3,1,11,3,1,96
21816,6,6,2,4,0,
21817,3,3,11,3,0,
21818,4,4,2,4,1,99
21819,6,6,11,3,1,100
21820,2,2,5,2,0,
21821,4,4,2,4,0,
21822,3,2,11,3,0,
21823,1,4,2,4,1,151
21824,3,3,11,3,0,
21825,3,2,2,4,0,
21826,3,2,5,2,0,
21827,4,2,2,4,0,
21828,5,5,1,5,0,
21829,4,3,11,3,1,99
21830,3,3,11,3,0,
21831,3,2,11,3,0,
21832,4,4,2,4,0,
21833,6,4,2,4,1,98
21834,3,3,11,3,0,
21835,2,2,5,2,0,
21836,2,6,5,2,1,99
21837,3,3,11,3,0,
21838,3,3,11,3,0,
21839,5,5,1,5,0,
21840,3,3,11,3,1,99
21841,6,4,2,4,0,
21842,3,3,11,3,0,
21843,3,3,11,3,0,
21844,3,3,11,3,0,
21845,5,5,1,5,0,
21846,2,2,5,2,0,
21847,2,2,11,3,0,
21848,8,3,8,8,0,
21849,6,6,2,4,0,
21850,6,6,11,3,0,
21851,1,3,11,3,0,
21852,8,8,8,8,1,72
21853,2,2,5,2,0,
21854,3,3,11,3,0,
21855,1,1,7,1,0,
21856,4,4,2,4,0,
21857,1,1,7,1,0,
21858,3,2,11,3,0,
21859,3,3,11,3,0,
21860,4,4,2,4,1,99
21861,2,2,5,2,0,
21862,3,3,11,3,0,
21863,3,3,11,3,0,
21864,5,5,1,5,1,99
21865,3,6,7,1,1,99
21866,3,3,11,3,0,
21867,2,2,5,2,0,
21868,1,2,5,2,0,
21869,5,5,1,5,0,
21870,2,3,5,2,0,
21871,2,2,5,2,0,
21872,1,3,7,1,0,
21873,2,2,5,2,0,
21874,2,2,5,2,0,
21875,4,4,2,4,1,98
21876,3,3,11,3,0,
21877,4,4,2,4,0,
21878,3,2,5,2,0,
21879,3,2,5,2,1,71
21880,4,4,2,4,0,
21881,6,2,11,3,1,99
21882,3,3,11,3,1,99
21883,3,3,11,3,0,
21884,4,4,2,4,0,
21885,4,4,2,4,0,
21886,4,4,2,4,0,
21887,5,5,1,5,0,
21888,1,2,5,2,0,
21889,3,3,11,3,1,99
21890,3,3,11,3,1,99
21891,3,3,5,2,0,
21892,3,3,11,3,0,
21893,3,2,11,3,0,
21894,3,3,11,3,0,
21895,6,6,2,4,1,99
21896,3,3,11,3,0,
21897,3,3,11,3,0,
21898,5,5,1,5,0,
21899,4,4,2,4,0,
21900,6,6,2,4,0,
21901,6,6,5,2,0,
21902,4,1,7,1,0,
21903,3,1,11,3,0,
21904,4,4,2,4,0,
21905,1,1,7,1,0,
21906,4,4,2,4,0,
21907,2,2,5,2,0,
21908,3,3,11,3,0,
21909,6,2,5,2,0,
21910,3,3,11,3,1,99
21911,3,3,11,3,0,
21912,3,3,11,3,0,
21913,2,2,11,3,0,
21914,4,4,2,4,0,
21915,3,3,11,3,0,
21916,5,5,1,5,0,
21917,2,2,5,2,0,
21918,3,3,8,8,1,99
21919,4,4,2,4,0,
21920,1,2,7,1,0,
21921,4,4,2,4,1,97
21922,3,3,11,3,1,99
21923,1,1,7,1,1,74
21924,4,4,2,4,0,
21925,3,3,11,3,0,
21926,3,3,11,3,1,99
21927,6,6,2,4,0,
21928,3,3,11,3,0,
21929,6,6,2,4,0,
21930,4,4,2,4,0,
21931,2,2,5,2,0,
21932,4,3,2,4,1,99
21933,5,6,8,8,0,
21934,4,4,2,4,0,
21935,8,8,8,8,0,
21936,3,3,11,3,0,
21937,3,3,11,3,0,
21938,2,2,5,2,1,99
21939,3,2,11,3,1,86
21940,4,4,2,4,0,
21941,3,2,5,2,1,99
21942,6,6,2,4,0,
21943,3,3,11,3,0,
21944,4,4,2,4,1,99
21945,5,6,1,5,0,
21946,1,8,7,1,1,94
21947,3,3,5,2,1,82
21948,4,4,2,4,0,
21949,4,4,2,4,1,99
21950,3,4,2,4,1,68
21951,2,2,5,2,0,
21952,3,3,11,3,0,
21953,6,6,11,3,0,
21954,2,2,5,2,0,
21955,4,4,2,4,0,
21956,4,4,11,3,0,
21957,8,3,11,3,0,
21958,6,6,2,4,0,
21959,3,4,2,4,0,
21960,2,2,5,2,1,99
21961,8,8,8,8,0,
21962,8,8,8,8,0,
21963,3,3,11,3,0,
21964,4,4,2,4,0,
21965,3,2,5,2,0,
21966,4,4,11,3,1,99
21967,2,2,5,2,0,
21968,4,3,11,3,0,
21969,4,4,2,4,0,
21970,2,2,5,2,0,
21971,2,2,5,2,0,
21972,6,4,2,4,0,
21973,4,4,2,4,0,
21974,3,2,5,2,0,
21975,3,3,11,3,0,
21976,3,3,11,3,1,99
21977,4,4,2,4,1,98
21978,4,4,2,4,0,
21979,4,4,2,4,0,
21980,3,3,11,3,0,
21981,2,2,5,2,0,
21982,4,4,7,1,0,
21983,3,3,11,3,0,
21984,2,2,5,2,0,
21985,3,2,11,3,1,93
21986,3,3,11,3,0,
21987,1,2,7,1,0,
21988,4,4,2,4,1,99
21989,3,3,11,3,0,
21990,2,2,5,2,0,
21991,4,4,2,4,0,
21992,8,8,8,8,0,
21993,6,4,2,4,0,
21994,3,3,11,3,0,
21995,2,2,5,2,0,
21996,3,3,11,3,0,
21997,4,1,7,1,0,
21998,3,2,5,2,0,
21999,2,2,5,2,0,
22000,6,3,11,3,0,
22001,4,4,2,4,0,
22002,2,2,5,2,0,
22003,6,6,2,4,1,99
22004,1,4,2,4,0,
22005,3,3,11,3,0,
22006,3,3,11,3,0,
22007,3,3,11,3,1,99
22008,4,1,7,1,0,
22009,3,3,11,3,0,
22010,1,1,7,1,0,
22011,2,2,5,2,0,
22012,6,6,2,4,0,
22013,3,3,11,3,0,
22014,2,2,5,2,0,
22015,4,4,2,4,0,
22016,2,2,5,2,0,
22017,6,6,4,6,0,
22018,3,3,11,3,1,98
22019,6,4,2,4,1,80
22020,4,4,2,4,0,
22021,3,3,11,3,0,
22022,4,6,2,4,0,
22023,4,4,2,4,0,
22024,2,2,5,2,0,
22025,4,4,2,4,1,96
22026,3,2,5,2,0,
22027,3,3,11,3,0,
22028,5,5,1,5,0,
22029,6,6,2,4,0,
22030,1,1,5,2,0,
22031,3,3,11,3,0,
22032,2,2,5,2,0,
22033,4,4,2,4,0,
22034,3,3,11,3,0,
22035,2,2,5,2,1,95
22036,3,3,11,3,0,
22037,5,5,1,5,0,
22038,4,4,2,4,0,
22039,3,2,11,3,0,
22040,4,2,2,4,0,
22041,2,2,11,3,0,
22042,3,2,11,3,1,87
22043,3,3,11,3,0,
22044,4,3,2,4,0,
22045,3,3,11,3,1,72
22046,3,3,11,3,0,
22047,4,3,2,4,1,152
22048,3,3,11,3,0,
22049,4,6,2,4,0,
22050,4,4,2,4,0,
22051,6,6,2,4,0,
22052,3,2,11,3,1,87
22053,5,5,1,5,0,
22054,3,2,11,3,0,
22055,2,2,5,2,1,98
22056,3,3,11,3,1,84
22057,3,3,11,3,0,
22058,1,1,7,1,1,99
22059,4,4,2,4,1,83
22060,1,1,7,1,1,38
22061,3,3,11,3,0,
22062,4,3,11,3,0,
22063,4,4,2,4,0,
22064,4,4,2,4,0,
22065,4,3,2,4,0,
22066,3,3,11,3,1,99
22067,6,6,2,4,0,
22068,3,3,11,3,1,99
22069,4,4,2,4,1,99
22070,5,5,1,5,0,
22071,4,4,2,4,1,99
22072,3,3,11,3,0,
22073,4,4,2,4,0,
22074,6,6,2,4,0,
22075,3,3,11,3,0,
22076,4,4,2,4,1,99
22077,1,1,2,4,0,
22078,2,2,5,2,1,99
22079,4,4,2,4,1,99
22080,2,2,5,2,0,
22081,6,6,2,4,0,
22082,3,3,11,3,0,
22083,2,2,5,2,0,
22084,4,1,7,1,1,92
22085,4,4,2,4,0,
22086,3,3,11,3,1,211
22087,3,3,11,3,1,99
22088,3,3,11,3,1,99
22089,4,4,2,4,0,
22090,5,5,1,5,0,
22091,6,6,2,4,0,
22092,1,1,7,1,0,
22093,6,5,11,3,0,
22094,3,3,11,3,1,98
22095,4,4,2,4,1,99
22096,3,3,11,3,0,
22097,3,3,11,3,0,
22098,3,3,11,3,0,
22099,3,3,11,3,1,99
22100,2,3,5,2,1,212
22101,4,4,2,4,0,
22102,3,3,11,3,0,
22103,2,2,5,2,0,
22104,5,5,1,5,0,
22105,3,3,11,3,0,
22106,4,4,5,2,0,
22107,4,3,2,4,0,
22108,4,4,2,4,1,99
22109,3,3,11,3,0,
22110,8,3,11,3,1,99
22111,1,2,7,1,0,
22112,2,2,5,2,0,
22113,3,3,11,3,0,
22114,3,3,11,3,1,99
22115,5,5,1,5,0,
22116,3,6,11,3,0,
22117,2,2,5,2,1,99
22118,3,3,11,3,1,99
22119,4,6,2,4,0,
22120,3,3,11,3,0,
22121,4,8,2,4,0,
22122,3,4,2,4,0,
22123,3,3,5,2,0,
22124,6,6,11,3,1,99
22125,3,3,11,3,0,
22126,4,4,2,4,0,
22127,3,3,11,3,0,
22128,3,8,11,3,1,97
22129,2,2,5,2,1,96
22130,3,4,2,4,0,
22131,4,4,2,4,0,
22132,2,2,5,2,0,
22133,3,3,11,3,1,98
22134,3,3,11,3,1,96
22135,3,2,11,3,0,
22136,2,2,5,2,0,
22137,2,2,5,2,0,
22138,3,3,11,3,0,
22139,2,2,5,2,0,
22140,2,2,5,2,0,
22141,4,4,2,4,1,99
22142,4,4,11,3,0,
22143,3,3,11,3,0,
22144,3,8,11,3,0,
22145,3,3,2,4,0,
22146,3,3,5,2,0,
22147,3,3,11,3,0,
22148,2,2,5,2,0,
22149,3,3,5,2,0,
22150,8,8,8,8,0,
22151,4,4,11,3,0,
22152,3,3,2,4,0,
22153,4,4,2,4,0,
22154,2,2,5,2,0,
22155,4,4,2,4,0,
22156,3,3,11,3,0,
22157,3,3,11,3,0,
22158,6,6,2,4,1,99
22159,2,2,5,2,0,
22160,3,3,11,3,0,
22161,3,3,11,3,0,
22162,3,2,5,2,1,96
22163,3,3,11,3,0,
22164,3,3,11,3,0,
22165,2,2,7,1,0,
22166,3,3,5,2,0,
22167,4,4,2,4,1,99
22168,5,5,1,5,1,100
22169,3,3,11,3,0,
22170,4,4,2,4,0,
22171,3,8,11,3,1,61
22172,2,2,5,2,0,
22173,3,2,5,2,0,
22174,2,2,5,2,0,
22175,3,4,2,4,1,94
22176,3,3,11,3,0,
22177,3,4,2,4,0,
22178,4,4,2,4,0,
22179,2,2,5,2,0,
22180,4,4,2,4,0,
22181,4,2,2,4,0,
22182,1,3,5,2,1,66
22183,3,3,11,3,0,
22184,3,3,11,3,1,99
22185,3,3,11,3,0,
22186,2,2,5,2,0,
22187,3,3,11,3,0,
22188,3,3,11,3,1,99
22189,1,1,7,1,0,
22190,3,3,11,3,0,
22191,3,3,11,3,1,99
22192,2,2,5,2,0,
22193,2,2,5,2,0,
22194,5,5,1,5,0,
22195,4,4,2,4,0,
22196,4,4,2,4,1,99
22197,8,4,11,3,1,89
22198,4,6,2,4,0,
22199,2,2,5,2,0,
22200,3,3,11,3,1,99
22201,3,3,5,2,0,
22202,4,4,2,4,0,
22203,2,2,5,2,0,
22204,4,3,11,3,1,98
22205,2,2,5,2,0,
22206,3,3,11,3,0,
22207,4,3,11,3,0,
22208,3,3,11,3,1,99
22209,1,2,7,1,0,
22210,3,3,11,3,0,
22211,3,4,2,4,0,
22212,3,2,11,3,0,
22213,2,2,5,2,1,99
22214,4,4,2,4,0,
22215,3,3,5,2,0,
22216,3,3,11,3,0,
22217,3,3,11,3,1,99
22218,3,3,5,2,0,
22219,2,2,5,2,1,99
22220,2,2,5,2,0,
22221,3,3,11,3,0,
22222,2,2,5,2,0,
22223,3,3,11,3,0,
22224,4,4,2,4,1,95
22225,3,3,11,3,0,
22226,3,3,11,3,0,
22227,4,4,2,4,0,
22228,3,3,11,3,1,99
22229,1,1,7,1,1,97
22230,1,1,7,1,0,
22231,5,0,1,5,0,
22232,4,3,2,4,0,
22233,3,2,11,3,0,
22234,2,2,5,2,0,
22235,4,4,2,4,1,99
22236,3,3,11,3,0,
22237,3,3,11,3,0,
22238,3,3,11,3,0,
22239,4,4,2,4,0,
22240,4,4,2,4,0,
22241,4,4,2,4,0,
22242,4,4,2,4,0,
22243,5,5,1,5,0,
22244,3,3,11,3,0,
22245,2,2,5,2,0,
22246,2,2,5,2,0,
22247,3,3,11,3,0,
22248,3,3,11,3,0,
22249,4,4,2,4,1,99
22250,1,2,5,2,0,
22251,3,3,2,4,0,
22252,2,2,5,2,0,
22253,2,2,5,2,0,
22254,3,2,11,3,0,
22255,3,3,11,3,0,
22256,3,3,11,3,0,
22257,2,2,5,2,0,
22258,1,4,2,4,0,
22259,4,4,2,4,0,
22260,3,3,11,3,0,
22261,2,2,5,2,0,
22262,4,4,11,3,0,
22263,6,6,2,4,0,
22264,4,2,2,4,0,
22265,4,4,11,3,0,
22266,3,3,5,2,0,
22267,4,4,11,3,1,99
22268,5,5,1,5,0,
22269,2,2,5,2,1,99
22270,3,3,5,2,0,
22271,5,5,1,5,0,
22272,4,4,2,4,1,151
22273,4,4,11,3,0,
22274,2,2,5,2,1,99
22275,3,3,11,3,0,
22276,2,2,5,2,0,
22277,2,2,5,2,0,
22278,3,4,11,3,0,
22279,4,4,2,4,0,
22280,3,3,11,3,0,
22281,4,4,2,4,1,99
22282,5,5,1,5,0,
22283,4,4,2,4,1,97
22284,4,4,2,4,0,
22285,2,2,5,2,0,
22286,3,3,11,3,0,
22287,3,2,11,3,0,
22288,2,2,5,2,0,
22289,3,6,5,2,0,
22290,3,3,11,3,1,99
22291,3,3,11,3,1,99
22292,3,4,11,3,0,
22293,2,2,5,2,1,99
22294,4,4,2,4,0,
22295,3,3,11,3,0,
22296,4,4,2,4,0,
22297,4,4,2,4,0,
22298,4,4,2,4,0,
22299,4,4,2,4,0,
22300,3,3,11,3,0,
22301,6,6,11,3,0,
22302,2,2,5,2,0,
22303,4,4,11,3,0,
22304,3,3,11,3,0,
22305,3,3,11,3,0,
22306,4,6,2,4,0,
22307,6,4,2,4,0,
22308,3,3,11,3,0,
22309,6,2,5,2,0,
22310,4,4,2,4,0,
22311,4,4,2,4,0,
22312,4,4,2,4,1,98
22313,4,6,2,4,0,
22314,3,3,11,3,0,
22315,4,4,2,4,0,
22316,3,3,11,3,0,
22317,2,2,5,2,0,
22318,3,3,5,2,0,
22319,3,3,5,2,0,
22320,2,2,5,2,0,
22321,2,2,5,2,0,
22322,6,6,2,4,0,
22323,4,4,2,4,0,
22324,4,3,2,4,0,
22325,3,3,11,3,1,99
22326,3,3,11,3,0,
22327,6,3,5,2,0,
22328,5,5,1,5,0,
22329,4,4,2,4,0,
22330,1,1,7,1,0,
22331,3,4,11,3,0,
22332,3,3,11,3,0,
22333,6,6,11,3,0,
22334,3,3,11,3,0,
22335,4,3,11,3,0,
22336,3,4,11,3,0,
22337,6,6,2,4,0,
22338,3,2,11,3,0,
22339,4,4,2,4,0,
22340,3,3,11,3,0,
22341,3,3,11,3,0,
22342,3,3,11,3,0,
22343,3,3,11,3,0,
22344,4,4,2,4,0,
22345,1,1,7,1,0,
22346,4,4,2,4,0,
22347,3,3,11,3,0,
22348,3,3,11,3,0,
22349,2,2,5,2,0,
22350,3,3,11,3,0,
22351,3,2,11,3,0,
22352,4,4,2,4,0,
22353,4,4,2,4,1,79
22354,2,2,5,2,0,
22355,2,2,5,2,0,
22356,3,3,11,3,0,
22357,4,1,7,1,1,66
22358,3,3,11,3,0,
22359,5,5,1,5,0,
22360,3,3,11,3,1,99
22361,4,4,2,4,0,
22362,3,3,11,3,1,99
22363,2,2,5,2,0,
22364,3,3,11,3,0,
22365,2,2,5,2,0,
22366,5,5,1,5,1,100
22367,3,3,11,3,1,99
22368,6,6,4,6,0,
22369,4,4,2,4,0,
22370,2,2,5,2,1,99
22371,3,2,11,3,0,
22372,2,3,5,2,0,
22373,3,3,11,3,1,99
22374,6,6,2,4,1,99
22375,3,3,11,3,0,
22376,5,5,1,5,0,
22377,3,3,11,3,0,
22378,3,3,5,2,0,
22379,2,2,5,2,0,
22380,3,2,7,1,0,
22381,4,4,11,3,0,
22382,2,2,5,2,0,
22383,2,3,5,2,0,
22384,2,2,5,2,0,
22385,3,3,5,2,1,99
22386,4,4,2,4,1,99
22387,3,8,11,3,1,59
22388,3,3,11,3,0,
22389,3,4,11,3,0,
22390,4,4,11,3,1,99
22391,4,4,2,4,0,
22392,3,3,5,2,0,
22393,4,4,2,4,1,99
22394,5,5,1,5,0,
22395,3,2,11,3,0,
22396,3,3,11,3,1,99
22397,5,5,1,5,0,
22398,3,3,8,8,0,
22399,3,3,11,3,0,
22400,2,2,5,2,1,89
22401,4,4,2,4,0,
22402,6,6,2,4,0,
22403,2,2,5,2,0,
22404,6,6,2,4,0,
22405,2,2,5,2,1,91
22406,3,3,11,3,0,
22407,2,2,5,2,0,
22408,3,3,11,3,0,
22409,3,3,11,3,1,96
22410,2,2,5,2,0,
22411,3,2,5,2,0,
22412,3,8,11,3,1,97
22413,4,4,2,4,0,
22414,3,3,11,3,0,
22415,3,3,11,3,1,99
22416,3,3,11,3,0,
22417,6,6,11,3,1,99
22418,3,3,11,3,0,
22419,3,3,11,3,1,88
22420,3,3,5,2,0,
22421,3,3,11,3,0,
22422,2,2,5,2,0,
22423,3,3,11,3,0,
22424,4,4,2,4,0,
22425,3,3,2,4,0,
22426,4,4,2,4,0,
22427,3,3,5,2,0,
22428,3,3,11,3,1,99
22429,5,8,1,5,0,
22430,2,2,5,2,0,
22431,3,3,11,3,0,
22432,3,3,2,4,0,
22433,1,1,7,1,0,
22434,5,5,1,5,0,
22435,3,3,11,3,1,89
22436,4,4,2,4,0,
22437,4,6,2,4,0,
22438,3,3,5,2,0,
22439,2,2,5,2,0,
22440,2,2,5,2,0,
22441,3,3,11,3,0,
22442,6,6,11,3,0,
22443,6,6,2,4,0,
22444,4,4,2,4,0,
22445,4,3,11,3,1,99
22446,2,2,5,2,1,80
22447,3,3,11,3,1,98
22448,3,3,11,3,0,
22449,3,3,11,3,0,
22450,5,5,1,5,0,
22451,3,3,11,3,0,
22452,4,4,2,4,0,
22453,4,4,2,4,0,
22454,5,5,1,5,1,99
22455,2,2,5,2,1,99
22456,3,3,11,3,0,
22457,2,2,5,2,0,
22458,2,3,5,2,0,
22459,3,6,4,6,1,72
22460,3,3,5,2,0,
22461,3,3,11,3,0,
22462,4,4,11,3,1,97
22463,3,3,11,3,0,
22464,4,4,2,4,0,
22465,4,4,11,3,0,
22466,2,2,5,2,0,
22467,2,2,5,2,1,94
22468,3,3,11,3,0,
22469,3,3,11,3,0,
22470,3,3,11,3,1,99
22471,4,4,2,4,0,
22472,3,3,11,3,0,
22473,2,2,5,2,0,
22474,3,2,11,3,0,
22475,3,3,11,3,0,
22476,4,4,2,4,1,99
22477,3,3,11,3,0,
22478,3,3,11,3,0,
22479,2,2,5,2,0,
22480,6,6,11,3,0,
22481,4,1,2,4,0,
22482,3,3,11,3,0,
22483,3,3,11,3,0,
22484,3,3,11,3,0,
22485,3,3,11,3,0,
22486,2,2,5,2,0,
22487,6,6,2,4,0,
22488,2,2,11,3,0,
22489,4,3,11,3,0,
22490,3,3,11,3,0,
22491,3,4,11,3,0,
22492,3,3,11,3,0,
22493,3,3,11,3,0,
22494,3,3,11,3,0,
22495,3,2,5,2,1,86
22496,3,3,11,3,1,99
22497,6,2,4,6,0,
22498,4,1,7,1,0,
22499,4,4,2,4,0,
22500,3,3,5,2,0,
22501,3,3,11,3,1,98
22502,3,3,11,3,0,
22503,3,5,11,3,0,
22504,4,4,2,4,0,
22505,4,4,2,4,0,
22506,2,2,5,2,0,
22507,3,4,11,3,0,
22508,4,3,11,3,0,
22509,1,3,5,2,0,
22510,4,4,2,4,0,
22511,4,4,2,4,0,
22512,2,2,5,2,0,
22513,3,3,11,3,0,
22514,3,3,11,3,0,
22515,4,4,2,4,0,
22516,3,3,11,3,1,211
22517,3,3,11,3,0,
22518,4,4,2,4,0,
22519,6,4,2,4,1,55
22520,1,1,2,4,0,
22521,3,3,11,3,0,
22522,4,4,11,3,0,
22523,5,5,8,8,0,
22524,1,1,7,1,0,
22525,3,3,11,3,0,
22526,4,4,2,4,0,
22527,3,2,11,3,0,
22528,5,5,1,5,1,100
22529,4,4,2,4,1,151
22530,2,2,5,2,0,
22531,3,3,11,3,0,
22532,4,3,11,3,1,50
22533,3,3,11,3,0,
22534,5,5,1,5,0,
22535,2,2,5,2,0,
22536,2,2,5,2,0,
22537,3,3,11,3,0,
22538,3,3,11,3,0,
22539,3,3,11,3,0,
22540,3,2,11,3,0,
22541,2,3,11,3,0,
22542,4,4,2,4,0,
22543,2,2,5,2,1,99
22544,1,1,7,1,1,99
22545,4,4,11,3,1,99
22546,4,4,2,4,0,
22547,3,4,2,4,1,99
22548,4,4,11,3,1,97
22549,4,4,2,4,0,
22550,3,2,11,3,1,94
22551,2,2,5,2,0,
22552,1,2,7,1,0,
22553,4,4,2,4,0,
22554,4,4,2,4,0,
22555,2,2,5,2,0,
22556,4,4,2,4,1,83
22557,3,2,5,2,0,
22558,3,3,11,3,0,
22559,3,3,11,3,0,
22560,1,1,5,2,0,
22561,2,2,5,2,0,
22562,5,5,0,0,1,100
22563,2,2,5,2,0,
22564,1,2,2,4,0,
22565,2,2,5,2,0,
22566,3,3,5,2,0,
22567,1,1,7,1,0,
22568,2,2,5,2,0,
22569,3,3,11,3,0,
22570,6,6,2,4,0,
22571,3,3,11,3,0,
22572,3,4,11,3,0,
22573,1,1,2,4,1,63
22574,5,5,1,5,0,
22575,5,5,1,5,0,
22576,3,3,11,3,0,
22577,5,5,1,5,0,
22578,4,4,2,4,1,87
22579,4,4,2,4,0,
22580,4,4,2,4,0,
22581,3,3,11,3,0,
22582,4,4,2,4,0,
22583,6,4,2,4,0,
22584,4,4,1,5,0,
22585,3,3,11,3,0,
22586,4,4,2,4,1,99
22587,2,2,5,2,0,
22588,5,5,1,5,0,
22589,2,2,5,2,0,
22590,4,4,2,4,1,151
22591,1,1,7,1,1,99
22592,5,5,1,5,0,
22593,2,2,5,2,1,99
22594,4,4,2,4,0,
22595,3,3,11,3,0,
22596,2,2,5,2,1,97
22597,4,4,2,4,0,
22598,3,3,11,3,1,97
22599,8,3,11,3,0,
22600,3,3,11,3,0,
22601,3,3,11,3,0,
22602,2,2,5,2,0,
22603,2,2,5,2,1,99
22604,3,3,11,3,1,99
22605,4,4,2,4,0,
22606,3,3,11,3,1,99
22607,3,3,11,3,1,99
22608,4,3,11,3,1,99
22609,6,6,2,4,0,
22610,3,3,11,3,1,99
22611,4,6,2,4,0,
22612,2,2,5,2,0,
22613,3,3,11,3,0,
22614,4,6,2,4,1,99
22615,3,3,11,3,1,99
22616,4,4,2,4,0,
22617,3,3,11,3,1,99
22618,6,2,5,2,0,
22619,4,4,2,4,0,
22620,3,3,11,3,0,
22621,3,3,11,3,0,
22622,3,3,11,3,0,
22623,5,5,1,5,0,
22624,2,2,5,2,0,
22625,3,3,5,2,0,
22626,4,4,2,4,0,
22627,4,4,11,3,0,
22628,6,6,2,4,0,
22629,3,3,11,3,0,
22630,5,2,5,2,0,
22631,3,3,11,3,0,
22632,3,3,5,2,0,
22633,3,3,11,3,1,99
22634,4,4,2,4,1,65
22635,3,3,11,3,0,
22636,2,2,5,2,0,
22637,3,3,11,3,1,99
22638,2,2,5,2,0,
22639,3,2,2,4,0,
22640,2,3,5,2,1,58
22641,3,4,2,4,1,98
22642,1,1,7,1,0,
22643,3,3,5,2,0,
22644,6,4,2,4,0,
22645,3,3,5,2,0,
22646,1,1,7,1,1,90
22647,6,6,2,4,0,
22648,2,2,5,2,0,
22649,3,3,11,3,0,
22650,4,4,2,4,1,92
22651,3,4,11,3,0,
22652,3,3,11,3,0,
22653,4,4,2,4,0,
22654,4,3,2,4,0,
22655,3,2,11,3,0,
22656,4,4,2,4,0,
22657,3,3,11,3,0,
22658,2,2,5,2,0,
22659,4,4,2,4,0,
22660,3,2,5,2,0,
22661,2,2,5,2,0,
22662,3,3,11,3,0,
22663,2,2,5,2,0,
22664,2,2,5,2,0,
22665,5,5,1,5,0,
22666,3,3,11,3,0,
22667,4,3,11,3,0,
22668,3,2,11,3,0,
22669,3,3,11,3,0,
22670,5,5,1,5,0,
22671,3,2,11,3,0,
22672,2,2,5,2,0,
22673,3,3,11,3,0,
22674,4,4,2,4,0,
22675,4,4,2,4,1,99
22676,4,4,2,4,0,
22677,3,2,2,4,0,
22678,3,3,5,2,1,85
22679,4,4,2,4,0,
22680,3,3,11,3,0,
22681,3,4,2,4,0,
22682,4,4,2,4,0,
22683,3,3,11,3,0,
22684,2,2,5,2,1,92
22685,4,4,11,3,0,
22686,3,3,11,3,1,99
22687,3,2,11,3,0,
22688,4,4,2,4,0,
22689,3,3,11,3,0,
22690,1,1,7,1,0,
22691,3,3,11,3,0,
22692,4,4,2,4,1,99
22693,5,5,1,5,0,
22694,6,6,11,3,1,100
22695,4,2,11,3,0,
22696,3,4,2,4,0,
22697,4,4,2,4,0,
22698,3,2,11,3,0,
22699,6,4,2,4,0,
22700,3,3,11,3,1,99
22701,3,3,11,3,1,67
22702,4,4,2,4,0,
22703,3,3,11,3,0,
22704,4,4,2,4,0,
22705,3,2,11,3,0,
22706,5,5,1,5,0,
22707,3,3,11,3,0,
22708,2,2,5,2,0,
22709,3,2,5,2,0,
22710,3,3,11,3,0,
22711,4,4,2,4,1,89
22712,8,8,11,3,0,
22713,1,1,7,1,0,
22714,6,4,2,4,0,
22715,2,2,5,2,0,
22716,2,2,5,2,0,
22717,4,4,2,4,0,
22718,4,4,2,4,0,
22719,3,3,11,3,0,
22720,2,2,5,2,0,
22721,3,3,11,3,0,
22722,3,3,11,3,0,
22723,3,3,11,3,0,
22724,3,3,11,3,0,
22725,4,4,2,4,1,90
22726,4,4,2,4,0,
22727,3,8,11,3,0,
22728,4,4,2,4,1,99
22729,3,3,5,2,0,
22730,4,4,5,2,0,
22731,6,6,5,2,0,
22732,3,3,11,3,1,97
22733,3,2,11,3,0,
22734,4,2,2,4,0,
22735,3,3,11,3,1,98
22736,1,1,7,1,0,
22737,3,3,11,3,0,
22738,2,2,5,2,1,99
22739,3,3,11,3,1,99
22740,5,5,1,5,0,
22741,4,4,2,4,0,
22742,3,2,11,3,0,
22743,2,2,5,2,1,95
22744,4,4,11,3,0,
22745,2,3,11,3,1,86
22746,2,2,5,2,0,
22747,4,4,2,4,0,
22748,5,5,1,5,0,
22749,3,3,11,3,0,
22750,2,2,5,2,0,
22751,1,4,2,4,0,
22752,2,2,5,2,0,
22753,3,3,11,3,0,
22754,4,4,2,4,0,
22755,4,4,2,4,0,
22756,3,3,11,3,0,
22757,2,2,5,2,0,
22758,3,3,11,3,0,
22759,2,2,5,2,0,
22760,5,8,1,5,0,
22761,4,2,2,4,0,
22762,2,2,5,2,0,
22763,3,3,11,3,0,
22764,3,3,11,3,0,
22765,3,2,11,3,0,
22766,2,6,5,2,1,89
22767,2,3,5,2,0,
22768,2,2,5,2,0,
22769,2,2,5,2,0,
22770,3,2,5,2,0,
22771,3,2,5,2,1,97
22772,3,3,11,3,0,
22773,4,3,11,3,0,
22774,4,4,2,4,0,
22775,4,6,2,4,0,
22776,2,2,5,2,0,
22777,3,3,11,3,0,
22778,2,2,5,2,0,
22779,4,4,11,3,0,
22780,6,6,2,4,0,
22781,4,4,2,4,0,
22782,1,2,5,2,0,
22783,3,3,11,3,0,
22784,4,4,2,4,0,
22785,4,2,7,1,1,94
22786,3,3,11,3,0,
22787,3,2,5,2,0,
22788,3,2,5,2,1,99
22789,3,3,11,3,0,
22790,3,3,11,3,0,
22791,2,2,5,2,0,
22792,4,4,2,4,0,
22793,3,3,11,3,0,
22794,4,4,2,4,0,
22795,3,3,11,3,1,99
22796,3,3,11,3,0,
22797,3,2,11,3,0,
22798,4,4,11,3,0,
22799,3,4,11,3,0,
22800,2,2,5,2,0,
22801,1,1,7,1,0,
22802,4,4,2,4,0,
22803,5,5,1,5,0,
22804,3,3,11,3,0,
22805,3,2,2,4,0,
22806,3,3,11,3,1,99
22807,5,5,1,5,0,
22808,3,3,2,4,1,99
22809,2,2,5,2,1,99
22810,2,2,5,2,0,
22811,2,2,5,2,0,
22812,1,1,7,1,0,
22813,4,4,2,4,0,
22814,2,2,5,2,0,
22815,3,3,11,3,1,99
22816,3,3,11,3,0,
22817,4,4,11,3,0,
22818,4,4,2,4,0,
22819,4,4,2,4,1,99
22820,4,6,2,4,1,99
22821,3,8,11,3,0,
22822,2,2,11,3,0,
22823,2,2,5,2,0,
22824,4,4,11,3,0,
22825,4,4,2,4,0,
22826,2,2,5,2,0,
22827,3,3,11,3,0,
22828,4,4,2,4,1,85
22829,3,3,11,3,0,
22830,4,4,11,3,0,
22831,4,3,2,4,0,
22832,3,3,11,3,0,
22833,3,3,11,3,1,99
22834,4,4,2,4,0,
22835,3,3,11,3,1,99
22836,3,3,11,3,0,
22837,3,2,11,3,0,
22838,2,2,5,2,0,
22839,2,2,5,2,0,
22840,4,2,5,2,0,
22841,3,2,11,3,1,73
22842,4,4,2,4,0,
22843,3,3,11,3,1,99
22844,3,2,11,3,0,
22845,4,3,5,2,0,
22846,2,2,5,2,0,
22847,3,3,5,2,1,97
22848,4,4,2,4,1,86
22849,3,3,5,2,0,
22850,6,6,4,6,0,
22851,3,3,11,3,0,
22852,4,4,2,4,0,
22853,3,3,11,3,0,
22854,3,3,11,3,0,
22855,2,2,5,2,1,99
22856,3,3,11,3,0,
22857,2,2,11,3,0,
22858,3,3,11,3,0,
22859,3,3,11,3,0,
22860,1,1,7,1,0,
22861,3,2,11,3,0,
22862,4,4,2,4,0,
22863,4,4,7,1,0,
22864,5,5,1,5,0,
22865,2,2,5,2,0,
22866,4,4,2,4,0,
22867,4,3,2,4,0,
22868,3,2,5,2,0,
22869,3,8,11,3,1,80
22870,3,3,11,3,0,
22871,3,3,11,3,1,99
22872,4,4,2,4,0,
22873,2,2,5,2,0,
22874,6,6,2,4,1,99
22875,4,4,2,4,0,
22876,3,3,11,3,0,
22877,3,3,11,3,1,94
22878,3,3,11,3,0,
22879,3,3,11,3,0,
22880,6,7,11,3,0,
22881,2,2,5,2,0,
22882,2,2,5,2,0,
22883,5,5,1,5,0,
22884,2,2,5,2,1,91
22885,4,4,2,4,0,
22886,3,2,11,3,0,
22887,3,4,2,4,0,
22888,4,4,2,4,1,99
22889,3,3,11,3,1,99
22890,6,6,2,4,0,
22891,3,3,11,3,0,
22892,4,4,11,3,0,
22893,3,3,11,3,0,
22894,3,3,11,3,1,79
22895,3,2,11,3,1,98
22896,4,4,2,4,0,
22897,3,3,5,2,0,
22898,3,3,11,3,1,99
22899,5,5,1,5,0,
22900,2,2,5,2,0,
22901,3,3,11,3,0,
22902,3,3,11,3,0,
22903,4,4,2,4,0,
22904,2,2,5,2,0,
22905,3,4,11,3,0,
22906,4,4,11,3,0,
22907,4,4,11,3,0,
22908,2,2,5,2,0,
22909,3,2,7,1,0,
22910,3,2,11,3,0,
22911,4,4,2,4,0,
22912,8,8,8,8,0,
22913,3,3,11,3,1,99
22914,4,4,2,4,0,
22915,2,2,5,2,0,
22916,5,5,1,5,0,
22917,3,3,11,3,0,
22918,3,3,11,3,1,99
22919,4,4,2,4,1,99
22920,6,4,2,4,0,
22921,2,2,5,2,0,
22922,4,4,2,4,0,
22923,2,2,11,3,0,
22924,3,3,11,3,0,
22925,3,3,11,3,0,
22926,1,1,7,1,0,
22927,2,2,5,2,1,99
22928,3,3,11,3,0,
22929,3,3,5,2,1,97
22930,8,3,11,3,0,
22931,3,3,5,2,0,
22932,4,4,2,4,1,99
22933,3,3,11,3,0,
22934,4,4,2,4,0,
22935,6,6,2,4,0,
22936,4,4,11,3,0,
22937,3,3,5,2,0,
22938,2,2,5,2,0,
22939,2,2,5,2,1,83
22940,4,4,11,3,0,
22941,4,4,2,4,0,
22942,4,4,2,4,0,
22943,2,2,5,2,0,
22944,3,3,11,3,1,63
22945,3,2,5,2,0,
22946,3,3,11,3,0,
22947,3,3,11,3,0,
22948,1,1,7,1,0,
22949,3,3,11,3,0,
22950,2,2,5,2,0,
22951,1,1,7,1,0,
22952,4,4,2,4,0,
22953,3,3,11,3,0,
22954,1,1,7,1,0,
22955,3,3,11,3,1,69
22956,4,4,2,4,0,
22957,4,4,11,3,0,
22958,3,3,11,3,0,
22959,3,3,11,3,0,
22960,2,2,5,2,0,
22961,5,5,1,5,0,
22962,2,2,11,3,0,
22963,4,4,11,3,0,
22964,4,4,2,4,0,
22965,3,3,5,2,0,
22966,3,3,11,3,0,
22967,4,4,2,4,1,99
22968,3,3,11,3,0,
22969,4,4,2,4,1,99
22970,4,6,2,4,0,
22971,2,2,5,2,0,
22972,4,4,11,3,0,
22973,5,5,1,5,0,
22974,1,1,11,3,0,
22975,3,3,11,3,0,
22976,2,2,5,2,0,
22977,3,3,11,3,0,
22978,4,4,2,4,1,99
22979,3,3,11,3,0,
22980,4,4,2,4,1,99
22981,1,1,7,1,0,
22982,2,2,5,2,0,
22983,3,3,11,3,0,
22984,3,4,11,3,0,
22985,3,3,11,3,0,
22986,1,1,7,1,0,
22987,1,3,11,3,1,99
22988,2,1,2,4,0,
22989,4,4,2,4,1,99
22990,2,2,5,2,0,
22991,3,3,11,3,0,
22992,4,4,2,4,0,
22993,4,4,2,4,1,151
22994,3,6,11,3,1,51
22995,4,4,2,4,0,
22996,3,3,11,3,1,99
22997,3,3,11,3,0,
22998,3,3,11,3,0,
22999,2,2,5,2,1,99
23000,3,4,11,3,0,
23001,3,3,11,3,1,61
23002,1,2,7,1,0,
23003,3,3,11,3,0,
23004,3,3,11,3,0,
23005,4,4,11,3,0,
23006,3,3,11,3,0,
23007,6,4,2,4,0,
23008,4,6,2,4,0,
23009,4,4,2,4,1,74
23010,1,3,11,3,0,
23011,6,4,2,4,1,99
23012,2,2,5,2,0,
23013,3,3,5,2,0,
23014,4,4,2,4,0,
23015,6,6,2,4,0,
23016,4,3,11,3,0,
23017,8,3,11,3,0,
23018,3,3,11,3,0,
23019,5,5,1,5,0,
23020,3,3,11,3,0,
23021,4,1,7,1,0,
23022,2,2,5,2,0,
23023,3,3,11,3,0,
23024,2,2,5,2,0,
23025,1,1,11,3,0,
23026,4,4,2,4,0,
23027,3,3,11,3,0,
23028,4,4,2,4,0,
23029,2,2,5,2,0,
23030,2,2,5,2,0,
23031,4,4,2,4,1,151
23032,4,4,2,4,1,52
23033,4,4,2,4,0,
23034,2,2,5,2,1,68
23035,3,3,11,3,0,
23036,2,2,5,2,0,
23037,4,4,11,3,0,
23038,2,2,5,2,0,
23039,4,6,2,4,0,
23040,2,2,5,2,1,95
23041,3,3,11,3,0,
23042,3,3,11,3,0,
23043,8,8,9,7,0,
23044,3,2,5,2,1,71
23045,1,6,7,1,0,
23046,3,3,5,2,0,
23047,3,2,11,3,0,
23048,1,6,2,4,0,
23049,3,3,11,3,0,
23050,4,4,2,4,0,
23051,3,2,11,3,0,
23052,4,4,2,4,0,
23053,4,4,2,4,0,
23054,3,3,11,3,0,
23055,6,6,11,3,0,
23056,3,2,11,3,1,99
23057,4,4,2,4,0,
23058,3,3,11,3,0,
23059,4,4,2,4,0,
23060,4,4,2,4,1,98
23061,2,2,5,2,0,
23062,4,4,2,4,0,
23063,4,3,2,4,0,
23064,3,3,5,2,0,
23065,1,1,7,1,0,
23066,3,3,11,3,0,
23067,4,4,2,4,0,
23068,3,2,5,2,0,
23069,4,4,2,4,1,99
23070,3,3,11,3,0,
23071,2,2,5,2,0,
23072,2,2,5,2,1,99
23073,3,2,11,3,1,68
23074,1,2,5,2,0,
23075,2,2,5,2,0,
23076,4,4,2,4,0,
23077,3,3,11,3,0,
23078,4,4,2,4,0,
23079,3,3,5,2,0,
23080,4,4,2,4,0,
23081,2,2,5,2,1,99
23082,3,3,11,3,0,
23083,3,3,11,3,1,99
23084,3,3,11,3,0,
23085,3,3,11,3,0,
23086,6,4,2,4,0,
23087,2,2,5,2,0,
23088,3,3,11,3,0,
23089,3,3,11,3,1,56
23090,2,2,5,2,0,
23091,1,2,5,2,0,
23092,1,2,7,1,0,
23093,4,4,2,4,0,
23094,4,4,2,4,0,
23095,3,2,11,3,0,
23096,3,3,11,3,1,99
23097,3,3,11,3,0,
23098,3,3,11,3,0,
23099,2,2,5,2,0,
23100,4,4,2,4,1,96
23101,4,4,2,4,0,
23102,4,4,2,4,1,99
23103,4,6,2,4,1,99
23104,3,3,11,3,0,
23105,3,3,11,3,0,
23106,3,6,5,2,0,
23107,5,5,1,5,0,
23108,4,4,2,4,1,99
23109,3,3,11,3,0,
23110,2,2,5,2,0,
23111,3,3,11,3,0,
23112,2,2,5,2,0,
23113,2,2,5,2,0,
23114,3,6,2,4,1,99
23115,2,2,5,2,0,
23116,3,3,11,3,0,
23117,3,2,11,3,0,
23118,4,3,11,3,0,
23119,4,4,2,4,0,
23120,4,4,2,4,0,
23121,4,4,2,4,0,
23122,8,3,8,8,1,88
23123,6,6,2,4,0,
23124,3,3,11,3,0,
23125,6,1,2,4,0,
23126,4,6,2,4,0,
23127,3,3,11,3,0,
23128,3,3,11,3,0,
23129,4,4,2,4,0,
23130,3,2,5,2,0,
23131,6,6,2,4,1,99
23132,4,3,2,4,0,
23133,3,3,11,3,1,99
23134,1,1,7,1,0,
23135,3,3,11,3,0,
23136,2,2,5,2,0,
23137,4,4,2,4,0,
23138,4,4,11,3,0,
23139,3,3,11,3,1,99
23140,4,5,2,4,1,88
23141,4,4,2,4,0,
23142,3,8,11,3,1,99
23143,3,6,11,3,0,
23144,5,5,1,5,0,
23145,4,4,2,4,0,
23146,3,3,11,3,0,
23147,3,3,11,3,0,
23148,2,2,5,2,0,
23149,2,2,5,2,0,
23150,2,2,5,2,0,
23151,4,4,2,4,1,151
23152,3,3,11,3,0,
23153,2,3,11,3,0,
23154,3,2,5,2,0,
23155,3,3,11,3,0,
23156,4,4,11,3,0,
23157,2,2,5,2,0,
23158,6,3,11,3,0,
23159,2,2,5,2,0,
23160,3,3,11,3,0,
23161,4,4,2,4,1,99
23162,5,3,2,4,0,
23163,2,2,5,2,0,
23164,2,2,5,2,0,
23165,3,3,11,3,1,98
23166,3,3,11,3,0,
23167,3,3,7,1,0,
23168,2,2,5,2,0,
23169,3,3,11,3,0,
23170,4,4,11,3,0,
23171,5,8,1,5,0,
23172,5,5,1,5,0,
23173,2,2,5,2,0,
23174,5,5,1,5,0,
23175,2,2,5,2,1,93
23176,2,6,5,2,0,
23177,3,3,11,3,0,
23178,4,4,2,4,0,
23179,3,3,11,3,0,
23180,3,2,7,1,0,
23181,3,3,11,3,0,
23182,2,2,5,2,0,
23183,2,2,5,2,0,
23184,4,4,2,4,1,99
23185,3,3,11,3,0,
23186,3,3,11,3,0,
23187,2,2,5,2,0,
23188,4,3,2,4,1,85
23189,2,2,5,2,0,
23190,4,4,2,4,0,
23191,1,2,11,3,1,98
23192,2,2,5,2,0,
23193,3,2,11,3,0,
23194,6,6,11,3,1,64
23195,3,3,11,3,0,
23196,3,2,2,4,0,
23197,4,4,2,4,0,
23198,6,4,2,4,1,56
23199,2,2,5,2,1,99
23200,6,2,11,3,0,
23201,3,2,11,3,0,
23202,6,4,11,3,0,
23203,4,4,2,4,0,
23204,2,2,5,2,0,
23205,2,2,5,2,0,
23206,6,4,2,4,0,
23207,3,3,11,3,0,
23208,6,6,2,4,0,
23209,2,2,5,2,0,
23210,5,5,1,5,1,99
23211,3,3,11,3,0,
23212,2,2,5,2,0,
23213,2,2,5,2,0,
23214,4,4,11,3,0,
23215,2,2,5,2,1,96
23216,5,3,2,4,0,
23217,4,4,5,2,1,71
23218,2,2,5,2,1,99
23219,4,4,2,4,0,
23220,3,3,11,3,1,99
23221,1,1,7,1,0,
23222,3,3,11,3,0,
23223,4,4,2,4,0,
23224,3,2,11,3,0,
23225,1,1,7,1,1,97
23226,1,1,7,1,1,97
23227,1,2,7,1,0,
23228,3,3,11,3,0,
23229,3,3,11,3,0,
23230,3,3,11,3,0,
23231,1,2,7,1,0,
23232,8,8,8,8,0,
23233,4,4,2,4,0,
23234,4,4,2,4,0,
23235,4,3,11,3,1,151
23236,3,3,11,3,0,
23237,2,2,5,2,0,
23238,2,2,5,2,0,
23239,1,1,7,1,0,
23240,2,2,5,2,1,99
23241,4,3,2,4,0,
23242,5,5,1,5,0,
23243,4,2,5,2,0,
23244,2,2,5,2,1,99
23245,3,3,11,3,0,
23246,2,2,5,2,0,
23247,1,1,7,1,0,
23248,6,6,2,4,0,
23249,4,4,2,4,0,
23250,8,3,8,8,1,91
23251,3,3,5,2,0,
23252,3,3,11,3,0,
23253,6,6,11,3,1,100
23254,3,2,5,2,0,
23255,1,2,5,2,0,
23256,3,3,11,3,0,
23257,4,4,2,4,0,
23258,1,4,2,4,0,
23259,4,4,2,4,0,
23260,3,3,11,3,0,
23261,2,2,5,2,0,
23262,3,3,11,3,0,
23263,1,1,7,1,0,
23264,1,1,7,1,0,
23265,2,2,5,2,0,
23266,3,3,11,3,0,
23267,6,6,2,4,1,99
23268,3,3,11,3,0,
23269,4,4,2,4,1,151
23270,3,3,11,3,0,
23271,3,2,11,3,0,
23272,5,5,1,5,0,
23273,6,6,2,4,0,
23274,3,3,11,3,1,99
23275,2,2,5,2,1,99
23276,4,4,2,4,0,
23277,3,3,11,3,0,
23278,5,5,1,5,0,
23279,4,6,4,6,1,99
23280,3,3,11,3,0,
23281,3,3,11,3,0,
23282,3,3,11,3,0,
23283,4,4,11,3,0,
23284,4,4,2,4,0,
23285,6,6,11,3,0,
23286,3,2,11,3,0,
23287,4,4,2,4,0,
23288,2,2,5,2,0,
23289,4,4,2,4,0,
23290,3,3,11,3,0,
23291,3,3,11,3,0,
23292,4,4,2,4,0,
23293,5,5,1,5,0,
23294,4,4,2,4,0,
23295,4,4,11,3,0,
23296,3,8,11,3,0,
23297,4,4,2,4,0,
23298,3,3,11,3,0,
23299,2,2,5,2,0,
23300,4,4,2,4,0,
23301,2,2,5,2,0,
23302,4,4,2,4,0,
23303,2,2,5,2,0,
23304,2,2,5,2,0,
23305,3,3,11,3,0,
23306,3,3,11,3,1,99
23307,4,4,11,3,0,
23308,2,2,5,2,0,
23309,2,2,5,2,0,
23310,2,2,5,2,0,
23311,2,1,5,2,0,
23312,3,3,11,3,0,
23313,3,3,11,3,0,
23314,2,2,5,2,0,
23315,3,3,11,3,1,98
23316,2,2,5,2,0,
23317,3,4,5,2,0,
23318,3,3,11,3,1,99
23319,2,2,5,2,0,
23320,4,4,2,4,1,99
23321,3,3,11,3,0,
23322,3,3,11,3,0,
23323,6,6,2,4,0,
23324,1,1,7,1,0,
23325,6,4,2,4,0,
23326,1,2,7,1,0,
23327,2,2,5,2,0,
23328,6,6,4,6,0,
23329,4,3,11,3,0,
23330,3,3,11,3,0,
23331,1,3,11,3,0,
23332,2,2,5,2,0,
23333,4,4,11,3,1,99
23334,4,4,2,4,0,
23335,4,4,2,4,0,
23336,3,3,11,3,0,
23337,3,3,11,3,0,
23338,2,2,5,2,1,99
23339,3,8,11,3,1,81
23340,3,3,11,3,0,
23341,6,2,5,2,1,99
23342,2,2,5,2,0,
23343,4,4,11,3,0,
23344,4,4,11,3,0,
23345,3,3,11,3,0,
23346,2,2,5,2,0,
23347,4,2,2,4,0,
23348,3,3,11,3,0,
23349,5,5,1,5,1,77
23350,2,2,5,2,0,
23351,3,3,11,3,1,99
23352,2,2,5,2,1,99
23353,3,3,11,3,0,
23354,2,2,5,2,0,
23355,3,5,11,3,1,47
23356,4,4,2,4,0,
23357,3,3,11,3,0,
23358,2,2,5,2,0,
23359,3,3,11,3,0,
23360,3,2,5,2,0,
23361,3,2,11,3,0,
23362,4,4,2,4,0,
23363,1,1,7,1,0,
23364,4,4,2,4,0,
23365,2,2,5,2,0,
23366,5,5,1,5,0,
23367,2,2,5,2,0,
23368,6,6,2,4,0,
23369,2,2,5,2,0,
23370,3,3,8,8,0,
23371,3,2,5,2,1,98
23372,3,2,2,4,0,
23373,4,4,11,3,0,
23374,5,5,1,5,0,
23375,2,2,5,2,0,
23376,3,3,11,3,0,
23377,2,2,5,2,1,99
23378,2,2,5,2,0,
23379,3,3,11,3,0,
23380,2,2,5,2,0,
23381,3,3,11,3,0,
23382,4,4,2,4,0,
23383,3,2,11,3,1,99
23384,4,4,2,4,0,
23385,2,2,5,2,0,
23386,5,5,1,5,0,
23387,3,3,11,3,0,
23388,6,6,2,4,0,
23389,5,6,2,4,1,99
23390,3,3,11,3,0,
23391,4,3,11,3,0,
23392,3,3,11,3,0,
23393,4,4,2,4,0,
23394,6,6,2,4,1,99
23395,1,1,7,1,1,41
23396,6,6,11,3,0,
23397,6,2,11,3,0,
23398,4,4,2,4,0,
23399,2,2,5,2,1,99
23400,3,3,11,3,0,
23401,3,2,11,3,1,76
23402,3,3,11,3,0,
23403,3,2,5,2,0,
23404,2,2,5,2,1,99
23405,3,3,11,3,1,99
23406,4,4,2,4,0,
23407,4,4,2,4,1,99
23408,3,3,11,3,0,
23409,3,3,11,3,0,
23410,3,3,11,3,0,
23411,2,2,5,2,1,88
23412,2,2,5,2,0,
23413,3,1,5,2,0,
23414,3,3,11,3,0,
23415,3,3,11,3,0,
23416,2,2,5,2,1,99
23417,3,3,11,3,0,
23418,3,3,11,3,0,
23419,4,4,2,4,0,
23420,4,3,11,3,0,
23421,4,4,2,4,0,
23422,4,3,2,4,0,
23423,1,1,7,1,0,
23424,3,3,11,3,0,
23425,4,3,2,4,0,
23426,4,4,2,4,0,
23427,2,2,5,2,0,
23428,3,3,11,3,0,
23429,5,5,1,5,0,
23430,4,1,2,4,0,
23431,3,3,11,3,0,
23432,2,2,5,2,0,
23433,8,8,8,8,1,99
23434,4,4,2,4,1,99
23435,2,2,5,2,0,
23436,6,6,2,4,1,99
23437,2,2,5,2,0,
23438,4,4,2,4,0,
23439,3,3,2,4,0,
23440,3,3,2,4,0,
23441,2,2,5,2,0,
23442,4,4,2,4,0,
23443,2,2,5,2,1,99
23444,4,4,2,4,0,
23445,4,6,2,4,0,
23446,5,6,4,6,1,98
23447,2,2,5,2,0,
23448,3,3,11,3,0,
23449,1,1,7,1,1,97
23450,3,2,5,2,0,
23451,6,6,2,4,0,
23452,4,3,11,3,0,
23453,3,3,11,3,0,
23454,3,3,11,3,0,
23455,3,3,11,3,0,
23456,1,3,5,2,0,
23457,5,5,1,5,0,
23458,8,8,8,8,0,
23459,3,3,11,3,0,
23460,4,6,2,4,1,99
23461,2,2,5,2,1,99
23462,4,4,2,4,0,
23463,4,3,2,4,0,
23464,2,2,5,2,0,
23465,4,3,2,4,0,
23466,3,3,11,3,0,
23467,4,4,2,4,0,
23468,1,1,7,1,0,
23469,3,8,11,3,0,
23470,3,6,11,3,0,
23471,4,4,11,3,0,
23472,3,3,11,3,0,
23473,3,2,5,2,0,
23474,3,3,11,3,0,
23475,4,4,2,4,1,99
23476,2,2,5,2,0,
23477,4,4,2,4,1,99
23478,3,3,11,3,0,
23479,2,2,5,2,0,
23480,2,2,5,2,1,92
23481,3,3,11,3,0,
23482,3,3,11,3,0,
23483,3,3,11,3,0,
23484,3,3,11,3,0,
23485,4,4,2,4,0,
23486,4,4,2,4,1,99
23487,4,2,2,4,0,
23488,1,4,2,4,0,
23489,2,2,5,2,0,
23490,4,4,2,4,0,
23491,8,3,8,8,0,
23492,3,3,11,3,1,99
23493,3,3,11,3,0,
23494,4,4,2,4,1,99
23495,2,2,5,2,0,
23496,4,4,2,4,0,
23497,4,4,2,4,0,
23498,3,2,7,1,0,
23499,2,2,5,2,0,
23500,2,2,5,2,1,53
23501,4,4,2,4,0,
23502,3,3,11,3,0,
23503,3,3,11,3,0,
23504,3,3,11,3,0,
23505,2,2,5,2,0,
23506,4,4,2,4,1,99
23507,3,3,5,2,0,
23508,3,3,11,3,1,66
23509,6,4,11,3,0,
23510,4,4,11,3,0,
23511,1,1,7,1,0,
23512,3,3,11,3,1,98
23513,4,2,5,2,1,99
23514,3,3,11,3,1,99
23515,2,2,5,2,1,71
23516,4,4,2,4,1,86
23517,3,3,11,3,0,
23518,3,3,5,2,0,
23519,5,5,1,5,0,
23520,3,3,11,3,0,
23521,3,3,11,3,0,
23522,3,3,11,3,0,
23523,4,4,2,4,0,
23524,2,2,5,2,0,
23525,3,3,11,3,0,
23526,3,3,11,3,0,
23527,5,5,1,5,0,
23528,2,2,5,2,0,
23529,1,1,7,1,0,
23530,3,3,11,3,1,54
23531,2,2,5,2,0,
23532,4,4,2,4,0,
23533,3,3,11,3,0,
23534,4,6,2,4,0,
23535,2,2,5,2,0,
23536,2,2,5,2,0,
23537,1,1,7,1,0,
23538,3,3,11,3,0,
23539,4,4,2,4,0,
23540,3,3,11,3,0,
23541,6,6,2,4,0,
23542,3,3,5,2,0,
23543,4,4,2,4,1,99
23544,2,2,11,3,0,
23545,4,4,2,4,1,99
23546,4,4,2,4,0,
23547,6,6,11,3,0,
23548,3,4,2,4,1,91
23549,3,3,11,3,0,
23550,2,2,5,2,0,
23551,5,5,1,5,0,
23552,3,2,11,3,0,
23553,2,2,5,2,0,
23554,2,2,5,2,0,
23555,5,5,1,5,0,
23556,2,2,11,3,0,
23557,2,2,5,2,0,
23558,6,6,2,4,0,
23559,6,2,5,2,0,
23560,6,6,11,3,1,99
23561,4,3,2,4,0,
23562,4,4,2,4,0,
23563,4,4,11,3,1,99
23564,3,3,11,3,1,99
23565,3,3,11,3,0,
23566,4,4,2,4,0,
23567,4,4,11,3,0,
23568,4,4,11,3,0,
23569,5,5,1,5,0,
23570,3,3,11,3,0,
23571,3,3,11,3,0,
23572,1,2,7,1,0,
23573,3,3,11,3,0,
23574,3,4,11,3,0,
23575,3,3,11,3,0,
23576,4,6,7,1,0,
23577,4,4,2,4,0,
23578,3,3,11,3,0,
23579,2,2,5,2,0,
23580,2,2,5,2,0,
23581,2,2,5,2,0,
23582,6,6,2,4,0,
23583,4,4,11,3,0,
23584,4,4,2,4,1,99
23585,3,3,11,3,0,
23586,3,3,11,3,0,
23587,3,3,11,3,0,
23588,5,5,1,5,0,
23589,2,2,11,3,0,
23590,3,3,11,3,0,
23591,3,3,11,3,1,99
23592,2,2,5,2,0,
23593,2,2,5,2,0,
23594,1,1,7,1,0,
23595,4,4,2,4,0,
23596,3,2,11,3,0,
23597,3,4,2,4,0,
23598,4,4,2,4,0,
23599,4,4,2,4,0,
23600,3,3,11,3,0,
23601,3,4,2,4,0,
23602,4,4,2,4,0,
23603,3,3,11,3,0,
23604,3,3,11,3,1,99
23605,3,3,11,3,0,
23606,2,2,5,2,0,
23607,3,3,5,2,1,99
23608,3,3,11,3,0,
23609,3,2,11,3,0,
23610,3,3,11,3,1,99
23611,4,2,2,4,0,
23612,3,3,11,3,1,99
23613,4,4,2,4,1,97
23614,2,2,5,2,1,88
23615,3,2,11,3,0,
23616,3,2,11,3,0,
23617,6,6,11,3,1,100
23618,2,2,5,2,0,
23619,3,3,11,3,1,99
23620,2,2,5,2,0,
23621,3,3,11,3,0,
23622,3,4,11,3,0,
23623,1,4,7,1,0,
23624,3,3,11,3,1,99
23625,4,4,2,4,0,
23626,3,3,11,3,0,
23627,5,5,1,5,0,
23628,2,3,5,2,0,
23629,3,2,5,2,1,84
23630,4,4,2,4,0,
23631,2,2,5,2,0,
23632,3,2,5,2,0,
23633,2,2,5,2,0,
23634,2,2,5,2,0,
23635,3,2,11,3,1,97
23636,2,2,5,2,1,98
23637,4,4,2,4,1,97
23638,3,4,2,4,1,151
23639,4,4,2,4,0,
23640,3,3,11,3,0,
23641,4,4,2,4,0,
23642,3,3,5,2,0,
23643,2,2,5,2,0,
23644,3,2,5,2,0,
23645,3,3,11,3,0,
23646,3,3,11,3,1,99
23647,6,2,11,3,0,
23648,3,3,11,3,1,99
23649,4,6,2,4,1,99
23650,2,2,5,2,0,
23651,4,4,2,4,1,151
23652,3,3,11,3,0,
23653,5,5,1,5,1,100
23654,4,4,2,4,1,99
23655,4,4,2,4,0,
23656,4,4,2,4,0,
23657,4,4,2,4,1,99
23658,1,2,5,2,1,83
23659,3,3,11,3,1,59
23660,6,6,2,4,1,99
23661,4,4,2,4,0,
23662,3,3,11,3,0,
23663,4,4,2,4,0,
23664,3,3,11,3,0,
23665,4,3,11,3,0,
23666,4,4,2,4,0,
23667,3,3,11,3,0,
23668,2,2,5,2,0,
23669,3,3,11,3,0,
23670,2,2,5,2,0,
23671,1,4,2,4,0,
23672,3,3,11,3,0,
23673,3,3,11,3,1,97
23674,3,3,11,3,0,
23675,2,6,5,2,0,
23676,3,3,11,3,0,
23677,5,5,4,6,0,
23678,4,4,2,4,0,
23679,2,2,5,2,1,73
23680,4,3,11,3,1,86
23681,4,4,2,4,0,
23682,4,4,2,4,1,99
23683,2,2,5,2,0,
23684,3,3,11,3,0,
23685,3,3,11,3,1,99
23686,5,5,1,5,0,
23687,4,4,2,4,0,
23688,2,2,5,2,0,
23689,2,2,5,2,0,
23690,4,6,2,4,0,
23691,4,4,11,3,0,
23692,3,3,11,3,1,99
23693,4,4,2,4,0,
23694,3,3,11,3,0,
23695,4,4,2,4,0,
23696,4,4,2,4,0,
23697,4,4,2,4,0,
23698,2,2,5,2,0,
23699,3,3,11,3,0,
23700,2,2,5,2,0,
23701,3,3,11,3,0,
23702,4,4,2,4,0,
23703,3,3,11,3,1,99
23704,3,3,11,3,0,
23705,6,6,2,4,0,
23706,3,3,11,3,1,99
23707,3,3,11,3,0,
23708,5,5,1,5,1,100
23709,1,1,7,1,0,
23710,4,4,2,4,0,
23711,1,2,2,4,0,
23712,6,6,5,2,1,99
23713,3,3,11,3,1,92
23714,5,5,1,5,0,
23715,2,2,5,2,0,
23716,5,5,1,5,0,
23717,6,4,2,4,0,
23718,2,2,5,2,1,87
23719,2,2,5,2,1,99
23720,3,3,11,3,1,99
23721,2,2,5,2,0,
23722,2,2,5,2,0,
23723,4,4,2,4,1,98
23724,2,3,5,2,1,74
23725,6,6,11,3,0,
23726,1,2,5,2,0,
23727,3,3,2,4,0,
23728,4,2,2,4,0,
23729,1,4,11,3,0,
23730,4,4,2,4,0,
23731,3,3,11,3,0,
23732,6,4,2,4,1,99
23733,3,4,2,4,0,
23734,2,2,5,2,0,
23735,5,5,1,5,1,100
23736,3,3,11,3,0,
23737,4,4,2,4,0,
23738,2,2,5,2,0,
23739,5,5,1,5,0,
23740,3,3,11,3,0,
23741,4,4,2,4,0,
23742,3,3,11,3,1,99
23743,3,2,11,3,0,
23744,3,3,11,3,0,
23745,3,3,11,3,1,99
23746,3,3,11,3,0,
23747,4,4,2,4,1,99
23748,4,4,2,4,0,
23749,3,3,11,3,0,
23750,4,4,2,4,0,
23751,4,4,2,4,0,
23752,2,2,5,2,0,
23753,4,4,2,4,1,85
23754,3,3,11,3,1,99
23755,3,3,11,3,0,
23756,8,8,8,8,0,
23757,2,2,5,2,0,
23758,3,3,11,3,0,
23759,3,3,11,3,1,76
23760,1,1,7,1,0,
23761,4,4,2,4,1,99
23762,3,3,11,3,0,
23763,2,2,5,2,0,
23764,3,3,11,3,0,
23765,3,3,11,3,1,99
23766,2,2,5,2,0,
23767,4,4,2,4,0,
23768,4,4,2,4,1,99
23769,3,3,11,3,0,
23770,3,3,11,3,0,
23771,5,5,1,5,0,
23772,2,2,11,3,0,
23773,3,3,11,3,0,
23774,5,5,1,5,0,
23775,4,4,2,4,0,
23776,2,2,5,2,0,
23777,4,4,2,4,1,97
23778,3,3,11,3,1,94
23779,3,3,5,2,0,
23780,4,4,2,4,1,99
23781,3,3,11,3,0,
23782,4,3,2,4,1,83
23783,4,4,2,4,0,
23784,2,2,5,2,1,97
23785,3,3,11,3,1,98
23786,3,3,11,3,0,
23787,3,3,11,3,0,
23788,4,4,2,4,0,
23789,4,4,2,4,0,
23790,6,6,2,4,0,
23791,3,3,11,3,0,
23792,3,3,11,3,1,99
23793,2,2,11,3,1,95
23794,3,8,11,3,0,
23795,4,4,2,4,1,99
23796,2,2,5,2,1,91
23797,4,4,2,4,0,
23798,2,2,5,2,1,99
23799,3,2,11,3,0,
23800,2,2,5,2,0,
23801,3,3,11,3,0,
23802,3,3,11,3,0,
23803,4,4,2,4,0,
23804,3,2,5,2,0,
23805,4,4,2,4,0,
23806,1,1,7,1,0,
23807,4,4,2,4,0,
23808,6,4,2,4,1,97
23809,4,4,2,4,0,
23810,3,6,11,3,0,
23811,4,4,2,4,0,
23812,5,5,1,5,0,
23813,4,4,2,4,0,
23814,4,2,2,4,1,95
23815,1,2,7,1,1,51
23816,3,3,11,3,0,
23817,6,2,5,2,0,
23818,3,3,2,4,0,
23819,3,3,11,3,1,99
23820,3,3,11,3,0,
23821,6,2,11,3,1,99
23822,3,3,11,3,0,
23823,3,3,11,3,1,82
23824,2,2,11,3,0,
23825,5,5,1,5,0,
23826,3,3,11,3,0,
23827,3,2,7,1,0,
23828,1,2,7,1,0,
23829,2,2,5,2,0,
23830,2,2,5,2,0,
23831,4,4,2,4,0,
23832,3,3,11,3,1,99
23833,3,3,11,3,1,99
23834,3,3,11,3,1,99
23835,3,3,11,3,0,
23836,4,4,2,4,0,
23837,3,4,2,4,0,
23838,3,3,5,2,1,79
23839,3,3,11,3,0,
23840,4,4,2,4,0,
23841,3,3,7,1,1,64
23842,3,3,11,3,0,
23843,5,5,1,5,0,
23844,3,3,11,3,1,99
23845,1,1,7,1,0,
23846,3,1,2,4,0,
23847,2,2,5,2,0,
23848,3,4,11,3,1,74
23849,3,3,11,3,0,
23850,3,3,11,3,1,99
23851,5,5,1,5,0,
23852,4,3,5,2,0,
23853,3,3,11,3,0,
23854,3,3,11,3,0,
23855,3,4,2,4,0,
23856,4,4,2,4,0,
23857,5,5,1,5,0,
23858,3,3,5,2,1,99
23859,4,2,5,2,0,
23860,4,4,2,4,0,
23861,4,4,2,4,1,151
23862,4,4,2,4,0,
23863,2,2,5,2,0,
23864,6,2,1,5,0,
23865,3,3,11,3,0,
23866,4,4,2,4,0,
23867,2,2,5,2,0,
23868,1,1,5,2,0,
23869,4,3,11,3,1,99
23870,2,2,5,2,0,
23871,3,3,11,3,0,
23872,4,3,11,3,0,
23873,3,3,11,3,1,99
23874,3,3,11,3,0,
23875,5,5,1,5,0,
23876,2,2,5,2,0,
23877,1,1,7,1,0,
23878,4,4,2,4,0,
23879,2,2,5,2,0,
23880,4,4,2,4,0,
23881,4,4,2,4,0,
23882,3,2,11,3,0,
23883,5,5,1,5,0,
23884,1,2,7,1,0,
23885,2,2,5,2,1,99
23886,2,2,5,2,1,82
23887,3,8,11,3,0,
23888,6,6,11,3,0,
23889,3,3,11,3,1,68
23890,4,4,2,4,1,151
23891,3,3,11,3,1,99
23892,1,1,7,1,0,
23893,1,1,7,1,0,
23894,4,4,2,4,0,
23895,3,3,11,3,0,
23896,2,2,5,2,0,
23897,3,2,5,2,1,97
23898,4,3,2,4,1,151
23899,3,3,11,3,0,
23900,1,1,7,1,0,
23901,2,2,5,2,0,
23902,3,3,11,3,0,
23903,3,3,11,3,0,
23904,2,2,5,2,0,
23905,3,3,11,3,0,
23906,3,3,11,3,0,
23907,4,4,2,4,0,
23908,2,2,5,2,0,
23909,4,4,2,4,0,
23910,1,1,7,1,0,
23911,3,3,11,3,1,98
23912,2,3,11,3,0,
23913,4,4,2,4,1,99
23914,3,3,11,3,0,
23915,2,2,5,2,0,
23916,2,2,5,2,0,
23917,5,4,1,5,0,
23918,4,4,2,4,0,
23919,4,4,2,4,0,
23920,3,3,11,3,0,
23921,1,1,7,1,1,98
23922,6,6,2,4,0,
23923,3,3,7,1,0,
23924,3,3,11,3,0,
23925,1,1,2,4,1,77
23926,3,3,11,3,1,99
23927,2,2,5,2,0,
23928,2,2,5,2,1,88
23929,1,1,7,1,1,99
23930,2,2,5,2,0,
23931,4,3,2,4,1,212
23932,2,2,5,2,0,
23933,2,2,5,2,0,
23934,3,3,11,3,0,
23935,3,4,2,4,0,
23936,3,3,11,3,0,
23937,4,4,2,4,1,99
23938,4,4,11,3,0,
23939,2,2,5,2,0,
23940,3,3,11,3,0,
23941,2,2,5,2,0,
23942,4,4,11,3,0,
23943,2,2,5,2,0,
23944,4,4,2,4,1,99
23945,3,3,11,3,1,95
23946,3,3,11,3,0,
23947,2,2,5,2,0,
23948,4,4,2,4,0,
23949,3,2,5,2,0,
23950,3,3,11,3,0,
23951,2,2,5,2,0,
23952,3,3,11,3,0,
23953,3,4,2,4,0,
23954,5,5,1,5,0,
23955,4,4,2,4,0,
23956,2,2,2,4,0,
23957,4,4,2,4,0,
23958,6,3,11,3,0,
23959,6,6,2,4,0,
23960,5,5,1,5,0,
23961,3,4,11,3,0,
23962,3,3,11,3,0,
23963,5,5,1,5,0,
23964,3,3,11,3,0,
23965,1,1,7,1,0,
23966,4,4,11,3,0,
23967,4,4,2,4,0,
23968,4,4,11,3,0,
23969,3,3,11,3,0,
23970,1,1,7,1,0,
23971,5,5,1,5,0,
23972,4,4,2,4,1,151
23973,4,4,2,4,0,
23974,3,3,11,3,0,
23975,4,4,2,4,0,
23976,3,2,5,2,0,
23977,2,2,5,2,0,
23978,3,3,11,3,0,
23979,4,4,2,4,0,
23980,1,1,7,1,0,
23981,4,4,2,4,0,
23982,5,5,1,5,1,100
23983,1,4,2,4,1,93
23984,5,5,1,5,0,
23985,2,2,5,2,0,
23986,6,6,2,4,0,
23987,2,2,5,2,0,
23988,3,2,11,3,0,
23989,2,2,11,3,0,
23990,4,4,2,4,1,99
23991,2,2,5,2,0,
23992,3,3,11,3,0,
23993,5,5,1,5,0,
23994,4,4,2,4,1,99
23995,5,5,1,5,0,
23996,4,6,2,4,0,
23997,6,6,2,4,0,
23998,1,1,7,1,0,
23999,4,3,11,3,1,93
24000,4,6,2,4,0,
24001,4,4,2,4,0,
24002,6,6,11,3,0,
24003,4,4,2,4,0,
24004,2,2,5,2,0,
24005,1,2,7,1,0,
24006,3,3,11,3,0,
24007,2,2,5,2,0,
24008,3,3,2,4,0,
24009,2,3,5,2,0,
24010,3,3,11,3,0,
24011,4,4,2,4,0,
24012,6,4,2,4,0,
24013,3,3,11,3,0,
24014,4,4,2,4,0,
24015,4,4,2,4,1,151
24016,4,4,2,4,0,
24017,3,3,11,3,0,
24018,3,3,11,3,1,99
24019,3,2,11,3,0,
24020,4,4,2,4,0,
24021,3,3,11,3,0,
24022,3,3,11,3,0,
24023,2,2,5,2,0,
24024,4,2,11,3,0,
24025,4,4,2,4,1,99
24026,4,4,2,4,0,
24027,4,4,2,4,0,
24028,3,3,11,3,0,
24029,1,2,2,4,0,
24030,2,2,5,2,0,
24031,5,5,1,5,0,
24032,3,2,11,3,0,
24033,2,2,5,2,0,
24034,4,4,2,4,1,211
24035,1,8,8,8,1,80
24036,4,4,2,4,0,
24037,4,3,11,3,0,
24038,6,6,2,4,0,
24039,1,1,7,1,0,
24040,3,3,11,3,0,
24041,3,3,11,3,0,
24042,3,3,11,3,0,
24043,4,3,11,3,0,
24044,3,2,11,3,0,
24045,1,1,7,1,0,
24046,5,5,1,5,0,
24047,4,4,2,4,0,
24048,3,3,5,2,0,
24049,4,4,11,3,0,
24050,2,2,5,2,0,
24051,4,4,2,4,0,
24052,2,2,5,2,0,
24053,3,3,11,3,0,
24054,5,5,1,5,0,
24055,4,4,11,3,0,
24056,4,3,2,4,1,57
24057,6,6,2,4,0,
24058,3,3,11,3,0,
24059,5,5,1,5,0,
24060,4,4,2,4,0,
24061,1,1,7,1,0,
24062,3,3,11,3,0,
24063,2,2,5,2,0,
24064,1,1,7,1,1,93
24065,2,2,5,2,1,93
24066,3,3,11,3,0,
24067,3,3,11,3,0,
24068,3,3,11,3,0,
24069,2,2,5,2,0,
24070,4,4,2,4,1,98
24071,3,3,11,3,0,
24072,2,2,5,2,0,
24073,4,4,2,4,0,
24074,5,5,1,5,1,99
24075,3,3,11,3,0,
24076,2,2,5,2,0,
24077,3,3,11,3,0,
24078,3,4,11,3,0,
24079,4,4,2,4,0,
24080,4,4,2,4,1,99
24081,4,4,2,4,0,
24082,2,2,5,2,0,
24083,2,2,5,2,0,
24084,4,4,2,4,0,
24085,3,3,11,3,0,
24086,3,3,11,3,0,
24087,2,2,5,2,1,90
24088,3,3,11,3,1,97
24089,5,5,1,5,0,
24090,3,3,11,3,0,
24091,4,4,2,4,0,
24092,1,1,7,1,0,
24093,3,3,11,3,0,
24094,2,2,5,2,0,
24095,4,4,2,4,0,
24096,3,2,11,3,0,
24097,3,3,11,3,1,99
24098,3,2,11,3,1,97
24099,4,4,2,4,0,
24100,3,3,11,3,0,
24101,3,3,11,3,0,
24102,3,3,11,3,0,
24103,3,3,5,2,0,
24104,5,5,1,5,0,
24105,2,2,5,2,0,
24106,2,2,5,2,0,
24107,3,3,11,3,0,
24108,3,3,11,3,1,99
24109,1,1,7,1,0,
24110,5,5,1,5,0,
24111,4,4,11,3,0,
24112,4,4,2,4,1,91
24113,4,4,2,4,0,
24114,2,2,5,2,0,
24115,3,3,11,3,0,
24116,2,2,5,2,0,
24117,4,4,2,4,1,95
24118,2,2,5,2,0,
24119,3,3,11,3,0,
24120,3,3,11,3,0,
24121,3,2,11,3,0,
24122,5,5,1,5,1,99
24123,1,3,11,3,0,
24124,4,6,2,4,0,
24125,1,1,7,1,1,98
24126,1,1,7,1,0,
24127,4,4,2,4,0,
24128,4,3,2,4,0,
24129,3,3,5,2,0,
24130,3,3,11,3,1,65
24131,3,2,5,2,0,
24132,2,2,5,2,0,
24133,1,1,7,1,0,
24134,3,3,11,3,0,
24135,6,6,2,4,0,
24136,3,3,5,2,0,
24137,4,4,2,4,0,
24138,4,4,2,4,1,99
24139,5,5,1,5,1,99
24140,1,2,7,1,1,57
24141,2,2,5,2,0,
24142,3,3,11,3,0,
24143,4,4,2,4,0,
24144,4,4,2,4,1,99
24145,4,4,2,4,0,
24146,2,2,5,2,0,
24147,3,4,11,3,0,
24148,4,4,2,4,0,
24149,2,2,5,2,0,
24150,4,4,2,4,0,
24151,4,4,2,4,0,
24152,6,6,2,4,0,
24153,1,1,7,1,1,87
24154,4,4,2,4,0,
24155,2,2,5,2,0,
24156,4,4,2,4,0,
24157,3,3,11,3,0,
24158,3,3,11,3,0,
24159,4,4,2,4,0,
24160,3,3,11,3,0,
24161,3,3,11,3,0,
24162,2,2,5,2,0,
24163,3,3,2,4,0,
24164,3,3,11,3,0,
24165,5,5,1,5,0,
24166,3,3,11,3,0,
24167,4,4,11,3,0,
24168,8,8,11,3,1,99
24169,5,5,1,5,1,100
24170,3,3,11,3,0,
24171,3,8,11,3,0,
24172,1,2,7,1,0,
24173,5,5,1,5,0,
24174,6,6,2,4,0,
24175,5,1,7,1,0,
24176,5,5,1,5,1,100
24177,4,4,2,4,1,99
24178,4,4,2,4,0,
24179,4,4,2,4,0,
24180,2,2,5,2,0,
24181,3,2,11,3,0,
24182,3,3,11,3,1,99
24183,5,5,1,5,0,
24184,4,3,11,3,1,97
24185,4,4,2,4,0,
24186,3,3,5,2,0,
24187,2,2,5,2,0,
24188,4,4,11,3,1,99
24189,3,3,11,3,0,
24190,2,2,5,2,0,
24191,4,2,5,2,0,
24192,3,3,11,3,1,99
24193,3,3,11,3,1,99
24194,3,3,11,3,0,
24195,6,6,5,2,0,
24196,5,6,1,5,0,
24197,3,3,11,3,1,94
24198,5,5,1,5,0,
24199,4,4,2,4,0,
24200,3,3,11,3,0,
24201,4,3,5,2,0,
24202,2,2,5,2,0,
24203,3,3,11,3,1,99
24204,4,4,2,4,0,
24205,2,2,5,2,0,
24206,3,3,11,3,0,
24207,6,6,2,4,0,
24208,5,5,1,5,1,99
24209,3,2,11,3,0,
24210,1,3,11,3,0,
24211,3,3,11,3,0,
24212,4,4,2,4,1,68
24213,4,4,2,4,0,
24214,5,5,1,5,0,
24215,6,6,2,4,0,
24216,3,3,8,8,0,
24217,2,2,5,2,0,
24218,2,2,5,2,1,99
24219,6,4,2,4,0,
24220,4,4,2,4,0,
24221,2,2,5,2,0,
24222,5,5,1,5,0,
24223,3,3,11,3,0,
24224,2,2,5,2,0,
24225,3,3,11,3,0,
24226,4,4,2,4,0,
24227,3,3,11,3,1,97
24228,4,4,2,4,1,99
24229,5,5,1,5,1,89
24230,4,4,2,4,1,99
24231,4,4,2,4,1,99
24232,4,4,2,4,0,
24233,4,4,2,4,0,
24234,4,4,2,4,1,95
24235,4,4,2,4,1,99
24236,2,2,5,2,0,
24237,4,4,11,3,0,
24238,3,3,11,3,0,
24239,3,3,11,3,0,
24240,2,2,5,2,0,
24241,3,3,11,3,0,
24242,2,2,7,1,0,
24243,1,1,7,1,0,
24244,3,3,11,3,0,
24245,2,2,11,3,1,99
24246,4,3,2,4,0,
24247,4,4,2,4,0,
24248,3,3,11,3,0,
24249,3,3,11,3,1,99
24250,2,2,5,2,0,
24251,3,2,11,3,1,92
24252,4,4,11,3,0,
24253,3,3,11,3,1,99
24254,4,4,2,4,0,
24255,4,4,2,4,0,
24256,4,4,2,4,1,99
24257,5,5,1,5,1,99
24258,3,2,11,3,0,
24259,3,3,11,3,0,
24260,2,2,5,2,0,
24261,4,4,2,4,1,89
24262,3,3,11,3,1,99
24263,1,1,7,1,0,
24264,3,4,2,4,1,92
24265,2,2,5,2,0,
24266,3,3,5,2,0,
24267,6,6,2,4,0,
24268,4,4,2,4,1,151
24269,3,3,11,3,0,
24270,3,3,11,3,1,99
24271,2,2,5,2,0,
24272,4,4,2,4,0,
24273,3,3,11,3,0,
24274,4,4,2,4,0,
24275,3,3,11,3,0,
24276,2,2,5,2,0,
24277,3,3,11,3,0,
24278,3,2,5,2,1,88
24279,3,3,11,3,0,
24280,5,0,1,5,0,
24281,4,6,2,4,0,
24282,6,6,11,3,0,
24283,4,4,2,4,0,
24284,2,2,5,2,1,97
24285,4,4,11,3,1,96
24286,3,3,11,3,0,
24287,3,2,11,3,0,
24288,3,3,11,3,0,
24289,3,3,11,3,0,
24290,2,2,5,2,0,
24291,2,3,11,3,1,85
24292,3,3,11,3,0,
24293,6,6,2,4,0,
24294,3,2,5,2,0,
24295,2,2,5,2,0,
24296,3,3,11,3,0,
24297,4,4,2,4,0,
24298,4,4,2,4,0,
24299,4,4,2,4,0,
24300,4,4,2,4,1,99
24301,4,4,2,4,0,
24302,4,4,2,4,1,99
24303,2,2,5,2,0,
24304,5,5,1,5,1,99
24305,2,2,5,2,0,
24306,3,4,2,4,0,
24307,4,4,11,3,0,
24308,3,3,11,3,1,99
24309,4,4,2,4,0,
24310,3,2,11,3,0,
24311,4,4,11,3,0,
24312,4,4,2,4,0,
24313,4,4,2,4,1,99
24314,3,3,11,3,1,99
24315,3,3,11,3,0,
24316,3,3,11,3,0,
24317,3,3,11,3,0,
24318,3,3,11,3,0,
24319,2,2,5,2,1,99
24320,6,6,2,4,0,
24321,3,4,2,4,0,
24322,1,2,7,1,0,
24323,3,3,11,3,0,
24324,4,4,2,4,0,
24325,6,4,2,4,0,
24326,3,3,11,3,0,
24327,3,3,11,3,0,
24328,3,2,11,3,0,
24329,3,3,5,2,0,
24330,1,4,7,1,0,
24331,3,2,5,2,0,
24332,3,3,11,3,0,
24333,4,4,2,4,0,
24334,4,4,2,4,0,
24335,6,4,2,4,0,
24336,2,4,2,4,1,151
24337,3,3,11,3,0,
24338,3,3,11,3,0,
24339,4,4,2,4,0,
24340,2,2,11,3,0,
24341,3,3,5,2,0,
24342,1,1,5,2,0,
24343,3,3,11,3,0,
24344,3,3,11,3,0,
24345,2,2,5,2,0,
24346,6,6,2,4,0,
24347,3,2,11,3,1,99
24348,4,4,2,4,0,
24349,4,4,2,4,0,
24350,2,2,11,3,1,95
24351,2,2,5,2,1,94
24352,4,4,2,4,0,
24353,2,2,5,2,1,99
24354,3,3,11,3,0,
24355,3,3,11,3,0,
24356,4,4,2,4,0,
24357,4,3,11,3,1,96
24358,3,3,11,3,0,
24359,3,3,11,3,0,
24360,3,2,2,4,0,
24361,3,3,11,3,0,
24362,2,2,5,2,1,82
24363,3,3,11,3,0,
24364,4,4,2,4,0,
24365,4,6,2,4,0,
24366,2,2,5,2,0,
24367,5,5,1,5,0,
24368,6,6,11,3,0,
24369,4,4,2,4,1,99
24370,3,3,11,3,0,
24371,3,3,11,3,1,99
24372,3,3,11,3,0,
24373,3,4,2,4,0,
24374,4,4,2,4,0,
24375,4,4,2,4,0,
24376,3,2,11,3,0,
24377,4,4,2,4,0,
24378,6,5,1,5,0,
24379,1,1,7,1,0,
24380,4,4,2,4,0,
24381,3,3,11,3,0,
24382,3,3,11,3,0,
24383,4,4,11,3,0,
24384,4,4,2,4,0,
24385,4,4,2,4,0,
24386,3,2,11,3,0,
24387,4,4,2,4,0,
24388,3,3,11,3,0,
24389,3,3,11,3,0,
24390,2,2,5,2,0,
24391,3,3,5,2,1,48
24392,4,4,2,4,0,
24393,2,2,11,3,0,
24394,3,3,11,3,1,90
24395,4,4,11,3,0,
24396,2,3,5,2,0,
24397,6,6,2,4,0,
24398,2,2,11,3,1,99
24399,3,3,11,3,0,
24400,3,3,11,3,0,
24401,4,4,2,4,0,
24402,3,3,11,3,0,
24403,2,2,5,2,0,
24404,3,3,11,3,0,
24405,3,3,11,3,0,
24406,3,3,11,3,0,
24407,5,5,1,5,1,99
24408,3,2,11,3,0,
24409,5,5,1,5,0,
24410,2,2,5,2,0,
24411,4,4,2,4,0,
24412,4,4,11,3,0,
24413,3,3,11,3,0,
24414,2,2,5,2,1,99
24415,3,3,11,3,0,
24416,3,2,11,3,1,96
24417,3,3,11,3,1,99
24418,3,3,11,3,0,
24419,4,4,2,4,0,
24420,4,4,2,4,0,
24421,4,4,2,4,1,99
24422,3,3,11,3,1,99
24423,3,3,11,3,0,
24424,3,2,11,3,0,
24425,4,3,2,4,0,
24426,2,2,5,2,0,
24427,3,3,11,3,0,
24428,2,2,5,2,1,99
24429,6,6,2,4,1,99
24430,4,4,2,4,0,
24431,4,3,11,3,0,
24432,1,4,7,1,0,
24433,4,4,2,4,0,
24434,3,3,11,3,1,98
24435,5,5,1,5,0,
24436,2,2,5,2,0,
24437,3,3,8,8,0,
24438,4,4,7,1,0,
24439,4,3,11,3,0,
24440,3,3,11,3,0,
24441,1,2,2,4,0,
24442,5,5,1,5,0,
24443,4,4,7,1,0,
24444,4,1,7,1,0,
24445,4,4,2,4,1,94
24446,2,2,5,2,0,
24447,3,3,11,3,0,
24448,1,3,7,1,0,
24449,1,1,7,1,1,99
24450,2,2,11,3,0,
24451,6,6,2,4,0,
24452,1,2,2,4,0,
24453,3,3,11,3,0,
24454,4,3,2,4,1,57
24455,3,3,11,3,0,
24456,4,4,11,3,0,
24457,3,3,11,3,1,86
24458,8,8,8,8,0,
24459,2,1,5,2,0,
24460,3,3,11,3,0,
24461,4,4,2,4,0,
24462,6,6,2,4,0,
24463,3,3,11,3,1,211
24464,4,4,2,4,0,
24465,3,3,11,3,1,98
24466,2,2,5,2,0,
24467,3,3,11,3,0,
24468,4,6,2,4,0,
24469,6,6,2,4,0,
24470,3,3,11,3,0,
24471,4,4,2,4,0,
24472,2,2,5,2,0,
24473,3,3,11,3,0,
24474,2,2,5,2,0,
24475,4,3,11,3,1,60
24476,3,3,11,3,0,
24477,2,4,2,4,0,
24478,3,3,11,3,0,
24479,3,1,11,3,1,69
24480,3,3,11,3,0,
24481,4,4,2,4,1,99
24482,4,4,2,4,0,
24483,8,8,8,8,0,
24484,5,6,4,6,0,
24485,1,1,7,1,0,
24486,4,3,11,3,0,
24487,3,2,5,2,0,
24488,3,3,11,3,0,
24489,3,3,5,2,0,
24490,4,4,2,4,1,99
24491,4,4,2,4,1,33
24492,4,4,2,4,1,94
24493,4,4,2,4,0,
24494,3,3,11,3,0,
24495,3,3,11,3,0,
24496,4,4,2,4,0,
24497,1,1,1,5,1,99
24498,2,2,5,2,0,
24499,3,3,11,3,1,98
24500,5,5,4,6,0,
24501,4,4,2,4,1,99
24502,2,2,5,2,1,55
24503,3,3,11,3,0,
24504,2,3,5,2,0,
24505,4,3,11,3,1,99
24506,4,4,2,4,0,
24507,5,4,2,4,0,
24508,2,2,5,2,0,
24509,4,4,2,4,0,
24510,4,4,2,4,1,99
24511,3,2,11,3,0,
24512,5,5,1,5,0,
24513,3,3,11,3,0,
24514,3,1,11,3,0,
24515,3,3,11,3,0,
24516,5,5,1,5,0,
24517,1,1,7,1,0,
24518,3,2,5,2,0,
24519,3,3,11,3,0,
24520,3,3,11,3,0,
24521,3,3,11,3,1,99
24522,3,3,5,2,1,92
24523,2,2,5,2,1,99
24524,1,4,2,4,0,
24525,4,4,11,3,0,
24526,4,4,2,4,1,99
24527,3,3,11,3,1,98
24528,4,4,2,4,0,
24529,6,2,11,3,1,45
24530,3,3,11,3,0,
24531,2,2,5,2,1,99
24532,4,4,2,4,0,
24533,2,2,5,2,1,99
24534,2,2,11,3,1,97
24535,6,6,2,4,0,
24536,4,4,11,3,0,
24537,3,3,11,3,0,
24538,2,2,5,2,0,
24539,6,6,4,6,0,
24540,1,1,7,1,0,
24541,4,4,2,4,0,
24542,4,4,2,4,0,
24543,2,2,5,2,0,
24544,1,1,7,1,0,
24545,8,8,11,3,1,99
24546,2,2,5,2,0,
24547,3,3,11,3,1,99
24548,5,5,1,5,0,
24549,4,3,11,3,0,
24550,8,3,11,3,1,67
24551,3,4,2,4,1,83
24552,6,6,2,4,0,
24553,3,2,2,4,1,54
24554,4,4,11,3,0,
24555,4,4,2,4,0,
24556,1,1,7,1,0,
24557,1,1,5,2,1,67
24558,2,2,11,3,0,
24559,3,3,11,3,0,
24560,2,2,5,2,0,
24561,3,3,11,3,1,99
24562,6,6,4,6,0,
24563,5,6,2,4,0,
24564,6,6,1,5,0,
24565,4,4,11,3,1,99
24566,4,4,11,3,0,
24567,3,3,11,3,0,
24568,4,4,2,4,0,
24569,3,3,11,3,0,
24570,5,5,1,5,0,
24571,4,4,2,4,0,
24572,3,3,11,3,0,
24573,3,3,11,3,0,
24574,2,2,11,3,0,
24575,4,4,2,4,0,
24576,1,4,7,1,0,
24577,2,2,5,2,0,
24578,6,6,2,4,0,
24579,4,4,2,4,0,
24580,8,3,8,8,0,
24581,4,4,2,4,0,
24582,3,3,11,3,1,99
24583,3,2,11,3,1,96
24584,3,3,11,3,0,
24585,3,2,11,3,1,99
24586,3,2,11,3,0,
24587,3,3,11,3,0,
24588,2,2,5,2,0,
24589,2,2,11,3,0,
24590,4,4,11,3,0,
24591,6,6,4,6,0,
24592,4,4,2,4,0,
24593,3,2,5,2,1,72
24594,3,3,11,3,0,
24595,2,2,5,2,0,
24596,8,8,8,8,0,
24597,3,3,11,3,0,
24598,3,3,11,3,0,
24599,3,3,11,3,1,98
24600,6,6,2,4,0,
24601,3,3,11,3,0,
24602,4,4,2,4,0,
24603,4,4,2,4,0,
24604,4,4,11,3,1,99
24605,3,2,5,2,0,
24606,2,2,5,2,0,
24607,5,5,1,5,0,
24608,3,3,11,3,0,
24609,6,4,2,4,0,
24610,3,2,5,2,0,
24611,3,2,11,3,1,99
24612,4,4,2,4,0,
24613,4,4,2,4,0,
24614,4,4,2,4,0,
24615,2,2,5,2,0,
24616,3,3,11,3,0,
24617,3,1,11,3,1,40
24618,5,5,1,5,0,
24619,4,4,2,4,1,96
24620,4,4,2,4,0,
24621,1,1,5,2,0,
24622,3,3,11,3,0,
24623,3,3,11,3,1,99
24624,4,4,2,4,0,
24625,4,4,2,4,0,
24626,3,2,11,3,0,
24627,2,2,5,2,1,99
24628,3,3,11,3,0,
24629,2,2,5,2,1,96
24630,4,4,2,4,1,86
24631,6,3,11,3,0,
24632,4,4,2,4,0,
24633,4,4,2,4,0,
24634,2,2,5,2,0,
24635,3,3,11,3,0,
24636,3,3,11,3,0,
24637,2,2,5,2,0,
24638,3,3,11,3,0,
24639,4,4,2,4,0,
24640,4,4,2,4,0,
24641,5,5,1,5,0,
24642,3,3,11,3,0,
24643,3,3,11,3,0,
24644,8,3,11,3,0,
24645,4,4,2,4,0,
24646,4,4,2,4,0,
24647,3,3,11,3,0,
24648,3,3,11,3,0,
24649,1,1,5,2,0,
24650,2,2,5,2,1,97
24651,2,2,5,2,0,
24652,3,3,11,3,0,
24653,3,3,11,3,0,
24654,4,4,2,4,0,
24655,2,3,5,2,1,70
24656,2,2,5,2,0,
24657,1,2,7,1,1,90
24658,3,3,11,3,0,
24659,4,4,2,4,0,
24660,4,4,2,4,0,
24661,3,2,11,3,1,82
24662,3,3,11,3,0,
24663,3,3,11,3,1,99
24664,3,3,11,3,1,97
24665,8,8,8,8,0,
24666,4,4,11,3,0,
24667,4,4,2,4,0,
24668,4,4,11,3,0,
24669,3,4,11,3,0,
24670,3,2,5,2,0,
24671,2,2,5,2,0,
24672,4,4,2,4,1,99
24673,4,4,2,4,0,
24674,3,3,11,3,0,
24675,3,3,11,3,1,99
24676,3,2,5,2,1,53
24677,6,6,2,4,0,
24678,3,3,11,3,1,99
24679,4,4,2,4,0,
24680,4,4,2,4,0,
24681,6,6,2,4,1,99
24682,3,3,11,3,0,
24683,3,5,11,3,1,212
24684,3,3,11,3,0,
24685,4,4,2,4,0,
24686,4,4,2,4,1,99
24687,4,4,2,4,1,91
24688,4,4,2,4,0,
24689,3,3,11,3,0,
24690,3,3,11,3,0,
24691,3,3,11,3,0,
24692,2,2,5,2,1,99
24693,3,3,11,3,1,98
24694,4,4,2,4,0,
24695,3,3,11,3,0,
24696,6,6,2,4,0,
24697,4,4,2,4,0,
24698,3,3,11,3,0,
24699,3,3,11,3,0,
24700,2,2,5,2,0,
24701,4,4,2,4,1,99
24702,3,3,11,3,0,
24703,1,1,7,1,1,99
24704,2,2,5,2,0,
24705,5,5,1,5,1,99
24706,2,2,5,2,0,
24707,4,3,7,1,0,
24708,3,3,11,3,0,
24709,2,2,5,2,0,
24710,6,6,2,4,0,
24711,5,5,1,5,1,100
24712,3,2,11,3,0,
24713,5,5,1,5,0,
24714,5,5,1,5,0,
24715,5,5,1,5,0,
24716,2,2,5,2,1,99
24717,1,1,7,1,0,
24718,4,4,2,4,0,
24719,4,4,2,4,0,
24720,3,3,11,3,0,
24721,3,2,11,3,0,
24722,4,4,11,3,0,
24723,3,3,11,3,0,
24724,5,5,1,5,0,
24725,3,3,11,3,0,
24726,3,3,11,3,0,
24727,4,6,2,4,0,
24728,4,4,2,4,0,
24729,4,6,2,4,0,
24730,5,8,8,8,0,
24731,4,4,2,4,1,99
24732,4,4,2,4,0,
24733,3,3,11,3,1,63
24734,5,5,1,5,0,
24735,4,4,7,1,0,
24736,4,4,2,4,0,
24737,3,3,11,3,0,
24738,1,1,7,1,0,
24739,2,2,11,3,1,99
24740,3,2,5,2,0,
24741,3,4,2,4,0,
24742,2,2,5,2,0,
24743,3,2,2,4,0,
24744,4,4,2,4,0,
24745,4,3,2,4,0,
24746,3,3,11,3,1,99
24747,4,4,2,4,0,
24748,3,3,11,3,0,
24749,3,3,5,2,0,
24750,4,4,2,4,0,
24751,4,4,2,4,0,
24752,4,4,2,4,0,
24753,1,1,7,1,0,
24754,3,3,11,3,0,
24755,4,4,11,3,0,
24756,2,2,5,2,0,
24757,3,2,5,2,0,
24758,4,4,2,4,0,
24759,3,3,11,3,0,
24760,3,3,11,3,0,
24761,2,2,5,2,0,
24762,2,2,5,2,0,
24763,2,2,5,2,0,
24764,3,3,5,2,1,63
24765,3,3,5,2,0,
24766,3,3,11,3,1,99
24767,4,4,2,4,0,
24768,4,4,2,4,0,
24769,3,3,11,3,0,
24770,6,6,2,4,1,99
24771,5,5,1,5,0,
24772,5,5,1,5,0,
24773,4,4,2,4,0,
24774,4,4,2,4,1,151
24775,2,2,5,2,1,99
24776,4,4,2,4,1,99
24777,3,3,11,3,0,
24778,4,4,2,4,0,
24779,8,3,8,8,0,
24780,3,3,11,3,0,
24781,2,2,5,2,0,
24782,4,4,2,4,1,151
24783,3,2,5,2,0,
24784,2,2,5,2,0,
24785,3,3,11,3,0,
24786,3,3,11,3,0,
24787,3,3,11,3,0,
24788,4,4,2,4,0,
24789,4,4,2,4,0,
24790,2,2,5,2,0,
24791,4,4,2,4,0,
24792,3,6,2,4,0,
24793,2,2,5,2,0,
24794,3,3,11,3,1,48
24795,3,3,11,3,1,99
24796,5,5,1,5,0,
24797,4,4,2,4,0,
24798,2,2,5,2,0,
24799,4,4,2,4,1,151
24800,2,2,11,3,0,
24801,3,3,11,3,0,
24802,3,3,11,3,0,
24803,3,3,11,3,0,
24804,3,6,11,3,0,
24805,3,3,11,3,0,
24806,4,4,11,3,0,
24807,4,4,2,4,0,
24808,2,2,5,2,0,
24809,4,4,2,4,1,99
24810,4,4,11,3,0,
24811,4,4,2,4,1,99
24812,4,4,2,4,1,44
24813,3,3,11,3,0,
24814,2,2,5,2,1,99
24815,3,3,11,3,0,
24816,4,4,2,4,1,95
24817,2,2,5,2,0,
24818,2,2,5,2,0,
24819,4,4,2,4,0,
24820,3,3,11,3,0,
24821,4,4,2,4,0,
24822,4,4,11,3,0,
24823,3,3,11,3,0,
24824,4,4,2,4,1,99
24825,4,2,11,3,0,
24826,4,4,2,4,0,
24827,4,4,2,4,0,
24828,4,2,5,2,0,
24829,3,2,5,2,0,
24830,4,4,2,4,0,
24831,2,2,5,2,0,
24832,4,4,11,3,0,
24833,2,2,5,2,0,
24834,4,3,2,4,0,
24835,2,2,5,2,1,98
24836,1,1,7,1,0,
24837,4,4,2,4,0,
24838,2,2,5,2,0,
24839,4,4,2,4,1,97
24840,2,2,5,2,0,
24841,4,4,5,2,0,
24842,2,2,5,2,0,
24843,3,3,11,3,0,
24844,3,3,11,3,0,
24845,2,2,5,2,0,
24846,4,4,2,4,0,
24847,1,1,7,1,0,
24848,4,4,2,4,0,
24849,3,3,11,3,0,
24850,4,4,7,1,0,
24851,3,3,8,8,1,99
24852,3,2,5,2,0,
24853,3,3,11,3,0,
24854,4,4,2,4,0,
24855,3,3,5,2,1,78
24856,4,4,2,4,0,
24857,2,2,5,2,0,
24858,5,5,1,5,0,
24859,5,5,1,5,0,
24860,4,4,2,4,0,
24861,3,3,11,3,1,99
24862,3,2,7,1,0,
24863,5,5,1,5,0,
24864,3,3,11,3,0,
24865,3,3,11,3,0,
24866,3,3,11,3,0,
24867,4,4,2,4,0,
24868,5,5,1,5,1,100
24869,3,3,11,3,0,
24870,4,4,2,4,1,99
24871,4,4,2,4,0,
24872,3,3,11,3,0,
24873,2,2,5,2,0,
24874,4,2,5,2,0,
24875,3,3,11,3,0,
24876,3,2,5,2,0,
24877,2,2,5,2,0,
24878,2,3,5,2,0,
24879,3,4,5,2,1,151
24880,2,2,11,3,1,70
24881,1,2,11,3,0,
24882,1,1,7,1,0,
24883,3,3,11,3,0,
24884,2,2,5,2,1,98
24885,3,3,11,3,0,
24886,3,2,11,3,0,
24887,5,5,1,5,0,
24888,3,3,11,3,0,
24889,4,4,2,4,1,94
24890,6,6,11,3,0,
24891,2,2,5,2,0,
24892,2,2,5,2,0,
24893,4,4,2,4,0,
24894,3,4,11,3,1,99
24895,4,4,2,4,0,
24896,3,3,11,3,1,99
24897,3,3,5,2,0,
24898,4,4,2,4,0,
24899,3,4,11,3,0,
24900,3,3,11,3,1,98
24901,4,4,2,4,1,99
24902,3,3,11,3,0,
24903,4,4,11,3,0,
24904,2,2,5,2,0,
24905,2,2,5,2,1,99
24906,6,4,2,4,0,
24907,2,2,5,2,0,
24908,4,4,2,4,0,
24909,3,3,11,3,0,
24910,6,6,2,4,0,
24911,3,3,11,3,0,
24912,3,3,11,3,0,
24913,5,5,1,5,1,99
24914,4,4,11,3,0,
24915,3,3,11,3,0,
24916,4,4,2,4,0,
24917,3,3,11,3,0,
24918,4,4,2,4,0,
24919,3,3,5,2,0,
24920,3,3,11,3,1,99
24921,3,3,11,3,0,
24922,4,4,2,4,0,
24923,3,3,11,3,0,
24924,4,6,2,4,0,
24925,3,3,11,3,0,
24926,3,3,11,3,0,
24927,3,3,11,3,0,
24928,5,5,1,5,0,
24929,1,1,7,1,0,
24930,3,2,11,3,0,
24931,5,5,1,5,0,
24932,3,2,11,3,0,
24933,4,4,2,4,0,
24934,2,2,5,2,0,
24935,3,2,5,2,0,
24936,3,3,11,3,0,
24937,3,3,11,3,0,
24938,4,4,2,4,0,
24939,4,4,2,4,0,
24940,4,4,11,3,1,82
24941,3,3,11,3,0,
24942,4,4,2,4,0,
24943,2,2,5,2,0,
24944,2,2,5,2,1,97
24945,4,4,2,4,0,
24946,3,3,11,3,0,
24947,1,2,2,4,0,
24948,3,3,11,3,0,
24949,3,3,11,3,0,
24950,4,4,2,4,1,96
24951,4,4,2,4,0,
24952,2,2,5,2,0,
24953,3,8,11,3,1,99
24954,4,4,2,4,1,151
24955,4,4,2,4,0,
24956,3,3,11,3,0,
24957,5,5,1,5,0,
24958,2,2,11,3,0,
24959,4,4,2,4,0,
24960,4,4,2,4,1,99
24961,4,4,11,3,1,99
24962,2,2,5,2,0,
24963,2,2,5,2,0,
24964,2,2,5,2,0,
24965,6,6,11,3,1,100
24966,3,3,11,3,0,
24967,5,5,1,5,1,100
24968,3,3,11,3,0,
24969,3,3,11,3,1,99
24970,3,3,11,3,0,
24971,2,2,5,2,0,
24972,1,2,11,3,0,
24973,4,3,2,4,0,
24974,3,3,11,3,0,
24975,4,3,11,3,1,99
24976,1,1,5,2,0,
24977,3,3,11,3,0,
24978,4,4,11,3,0,
24979,3,3,11,3,0,
24980,6,3,11,3,0,
24981,4,4,2,4,0,
24982,4,4,2,4,0,
24983,4,4,2,4,0,
24984,1,1,7,1,0,
24985,3,3,11,3,0,
24986,3,3,11,3,0,
24987,2,2,5,2,0,
24988,3,3,11,3,0,
24989,3,3,11,3,0,
24990,4,3,11,3,0,
24991,4,4,2,4,0,
24992,6,6,2,4,0,
24993,3,2,5,2,0,
24994,1,1,7,1,1,67
24995,2,2,5,2,0,
24996,3,3,11,3,0,
24997,4,4,2,4,0,
24998,3,6,11,3,0,
24999,2,2,5,2,0,
25000,4,4,2,4,0,
