sample_id,stratum,ref_forest,gfc_v2,worldcover_raw,worldcover_forest
1950942,1002,1,1,10,1
1950943,1002,1,1,10,1
1950944,1002,1,1,10,1
1950945,1002,1,1,10,1
1950946,1002,1,1,10,1
1950947,1002,1,1,10,1
1950948,1002,1,1,10,1
1950949,1002,1,1,10,1
1950950,1003,1,1,10,1
1950951,1002,1,1,10,1
1950952,1002,1,1,10,1
1950953,1003,1,1,10,1
1950954,1003,1,1,10,1
1950955,1003,1,1,10,1
1950956,1002,1,1,10,1
1950957,1003,1,1,10,1
1950958,1003,1,1,10,1
1950959,1003,1,1,10,1
1950960,1003,1,1,10,1
1950961,1001,1,1,10,1
1950962,1001,1,1,10,1
1950963,1001,1,1,10,1
1950964,1001,1,1,10,1
1950965,1001,1,1,10,1
1950966,1001,1,1,10,1
1950967,1001,1,1,10,1
1950968,1002,1,1,10,1
1950969,1002,1,1,10,1
1950970,1002,1,1,10,1
1950971,1002,1,1,10,1
1950972,1002,1,1,10,1
1950973,1002,1,1,10,1
1950974,1221,0,0,50,0
1950975,1106,0,0,40,0
1950976,1001,1,1,10,1
1950977,1102,0,0,10,1
1950978,1004,0,0,60,0
1950979,1004,0,0,60,0
1950980,1104,0,0,30,0
1950981,1002,1,1,10,1
1950982,1002,1,1,10,1
1950983,1002,1,1,10,1
1950984,1002,1,1,10,1
1950985,1102,1,1,10,1
1950986,1102,1,1,10,1
1950987,1102,1,1,10,1
1950988,1102,1,1,10,1
1950989,1102,1,1,10,1
1950990,1102,1,1,10,1
1950991,1102,1,1,10,1
1950992,1102,1,1,10,1
1950993,1102,1,1,10,1
1950994,1102,1,1,10,1
1950995,1102,1,1,10,1
1950996,1102,1,1,10,1
1950997,1103,1,1,10,1
1950998,1003,1,0,10,1
1950999,1003,1,1,10,1
1951000,1103,1,1,10,1
1951001,1103,1,1,10,1
1951002,1001,1,1,10,1
1951003,1001,1,1,10,1
1951004,1002,1,1,10,1
1951005,1003,1,1,10,1
1951006,1003,1,1,10,1
1951007,1003,1,1,10,1
1951008,1101,1,1,10,1
1951009,1101,1,1,10,1
1951010,1101,1,1,10,1
1951011,1101,1,1,10,1
1951012,1101,1,1,10,1
1951013,1101,1,1,10,1
1951014,1101,1,1,10,1
1951015,1101,1,1,10,1
1951016,1101,1,1,10,1
1951017,1101,1,1,10,1
1951018,1101,1,1,10,1
1951019,1101,1,1,10,1
1951020,1101,1,1,10,1
1951021,1101,1,1,10,1
1951022,1101,1,1,10,1
1951023,1101,1,1,10,1
1951024,1101,1,1,10,1
1951025,1102,1,1,10,1
1951026,1102,1,1,10,1
1951027,1102,1,1,10,1
1951028,1102,1,1,10,1
1951029,1102,1,1,10,1
1951030,1102,1,1,10,1
1951031,1102,1,1,10,1
1951032,1102,1,1,10,1
1951033,1102,1,1,10,1
1951034,1102,1,1,10,1
1951035,1103,1,1,10,1
1951036,1102,1,1,95,1
1951037,1001,1,1,10,1
1951038,1002,1,1,10,1
1951039,1002,1,1,10,1
1951040,1002,1,1,10,1
1951041,1002,1,1,10,1
1951042,1002,1,1,10,1
1951043,1003,1,1,10,1
1951044,1003,1,1,10,1
1951045,1003,1,1,10,1
1951046,1003,0,0,30,0
1951047,1003,0,0,30,0
1951048,1003,1,0,30,0
1951049,1003,0,0,30,0
1951050,1003,1,1,10,1
1951051,1003,0,0,30,0
1951052,1222,0,0,80,0
1951053,1003,1,1,10,1
1951054,1003,1,1,10,1
1951055,1003,1,1,10,1
1951056,1003,1,1,10,1
1951057,1003,1,1,10,1
1951058,1003,1,1,10,1
1951059,1003,1,1,10,1
1951060,1003,1,1,10,1
1951061,1001,1,1,10,1
1951062,1001,1,1,10,1
1951063,1001,1,1,10,1
1951064,1001,1,1,10,1
1951065,1001,1,1,10,1
1951066,1001,1,1,10,1
1951067,1001,1,1,10,1
1951068,1001,1,1,10,1
1951069,1001,1,1,10,1
1951070,1001,1,1,10,1
1951071,1001,1,1,10,1
1951072,1001,1,1,10,1
1951073,1001,1,1,10,1
1951074,1001,0,1,10,1
1951075,1001,1,1,10,1
1951076,1001,1,1,10,1
1951077,1001,1,1,10,1
1951078,1002,1,1,10,1
1951079,1002,1,1,10,1
1951080,1002,1,1,10,1
1951081,1002,1,1,10,1
1951082,1002,1,1,10,1
1951083,1002,1,1,10,1
1951084,1002,1,1,10,1
1951085,1101,1,1,10,1
1951086,1101,1,1,10,1
1951087,1101,1,1,10,1
1951088,1101,1,1,10,1
1951089,1101,1,1,10,1
1951090,1101,1,1,10,1
1951091,1101,1,1,10,1
1951092,1101,1,1,10,1
1951093,1101,1,1,10,1
1951094,1101,1,1,10,1
1951095,1101,1,1,10,1
1951096,1101,1,1,10,1
1951097,1101,1,1,10,1
1951098,1101,1,1,10,1
1951099,1101,1,1,10,1
1951100,1101,1,1,10,1
1951101,1101,1,1,10,1
1951102,1101,1,1,10,1
1951103,1101,1,1,10,1
1951104,1101,1,1,10,1
1951105,1101,1,1,10,1
1951106,1101,1,1,10,1
1951107,1101,1,1,10,1
1951108,1101,1,1,10,1
1951109,1101,1,1,10,1
1951110,1101,1,1,10,1
1951111,1102,1,1,10,1
1951112,1102,1,1,10,1
1951113,1102,1,1,10,1
1951114,1102,1,1,10,1
1951115,1103,1,1,10,1
1951116,1103,1,1,10,1
1951117,1103,1,1,10,1
1951118,1103,0,0,30,0
1951119,1103,0,1,10,1
1951120,1103,1,1,10,1
1951121,1103,1,1,10,1
1951122,1103,1,1,10,1
1951123,1103,1,1,10,1
1951124,1103,1,1,10,1
1951125,1103,0,0,30,0
1951126,1103,1,1,10,1
1951127,1222,0,0,80,0
1951128,1222,0,0,80,0
1951129,1222,0,0,80,0
1951130,1004,0,0,60,0
1951131,1004,0,0,60,0
1951132,1104,0,0,30,0
1951133,1104,0,0,60,0
1951134,1103,1,1,10,1
1951135,1104,0,0,30,0
1951136,1104,0,0,30,0
1951137,1104,0,0,30,0
1951138,1106,0,0,30,0
1951139,1002,1,1,10,1
1951140,1002,1,1,10,1
1951141,1002,1,1,10,1
1951142,1002,1,1,10,1
1951143,1002,1,1,10,1
1951144,1003,1,1,10,1
1951145,1102,1,1,10,1
1951146,1102,1,1,10,1
1951147,1102,1,1,10,1
1951148,1102,1,1,10,1
1951149,1102,1,1,10,1
1951150,1102,1,1,10,1
1951151,1102,1,1,10,1
1951152,1102,1,1,10,1
1951153,1102,1,1,10,1
1951154,1103,1,1,10,1
1951155,1103,1,1,10,1
1951156,1103,1,1,10,1
1951157,1003,1,1,10,1
1951158,1003,1,1,10,1
1951159,1103,1,1,10,1
1951160,1001,1,1,10,1
1951161,1001,1,1,10,1
1951162,1002,1,1,10,1
1951163,1002,1,1,10,1
1951164,1002,1,1,10,1
1951165,1002,1,1,10,1
1951166,1002,1,1,10,1
1951167,1002,1,1,10,1
1951168,1002,1,1,10,1
1951169,1002,1,1,10,1
1951170,1002,1,1,10,1
1951171,1002,1,1,10,1
1951172,1002,1,1,10,1
1951173,1002,1,1,10,1
1951174,1002,1,1,10,1
1951175,1002,1,1,10,1
1951176,1002,1,1,10,1
1951177,1002,1,1,10,1
1951178,1002,1,1,10,1
1951179,1002,1,1,10,1
1951180,1002,1,1,10,1
1951181,1002,1,1,10,1
1951182,1002,1,1,10,1
1951183,1002,1,1,10,1
1951184,1002,1,1,10,1
1951185,1002,1,1,10,1
1951186,1003,1,1,10,1
1951187,1003,1,1,10,1
1951188,1102,1,1,10,1
1951189,1102,1,1,10,1
1951190,1002,1,1,10,1
1951191,1002,1,1,10,1
1951192,1002,1,1,10,1
1951193,1002,1,1,10,1
1951194,1002,1,1,10,1
1951195,1003,1,1,10,1
1951196,1003,1,1,10,1
1951197,1001,1,1,10,1
1951198,1001,1,1,10,1
1951199,1001,1,1,10,1
1951200,1001,1,1,10,1
1951201,1001,1,1,10,1
1951202,1001,1,1,10,1
1951203,1001,0,0,10,1
1951204,1001,1,1,10,1
1951205,1001,1,1,10,1
1951206,1001,1,1,10,1
1951207,1001,1,1,10,1
1951208,1001,1,1,10,1
1951209,1002,1,1,10,1
1951210,1002,1,1,10,1
1951211,1002,1,1,10,1
1951212,1003,0,1,20,0
1951213,1002,1,1,10,1
1951214,1002,1,1,10,1
1951215,1002,1,1,10,1
1951216,1102,1,1,10,1
1951217,1003,1,1,10,1
1951218,1101,1,1,10,1
1951219,1101,1,1,10,1
1951220,1101,1,1,10,1
1951221,1101,1,1,10,1
1951222,1101,1,1,10,1
1951223,1101,1,1,10,1
1951224,1101,1,1,10,1
1951225,1101,1,1,10,1
1951226,1101,1,1,10,1
1951227,1101,1,1,10,1
1951228,1101,0,0,30,0
1951229,1101,1,1,10,1
1951230,1101,1,1,10,1
1951231,1101,1,1,10,1
1951232,1101,1,1,10,1
1951233,1101,1,1,10,1
1951234,1101,1,1,10,1
1951235,1101,1,1,10,1
1951236,1102,1,1,10,1
1951237,1102,1,1,10,1
1951238,1102,1,1,10,1
1951239,1102,1,1,10,1
1951240,1102,1,1,10,1
1951241,1102,1,1,10,1
1951242,1102,1,1,10,1
1951243,1102,1,1,10,1
1951244,1102,1,1,10,1
1951245,1102,1,1,10,1
1951246,1102,1,1,10,1
1951247,1102,1,1,10,1
1951248,1102,1,1,10,1
1951249,1102,1,1,10,1
1951250,1103,1,1,10,1
1951251,1222,0,0,80,0
1951252,1002,1,1,10,1
1951253,1002,0,0,30,0
1951254,1002,0,1,10,1
1951255,1002,1,1,10,1
1951256,1002,0,0,30,0
1951257,1002,1,1,10,1
1951258,1002,1,1,10,1
1951259,1003,0,0,30,0
1951260,1003,1,1,10,1
1951261,1103,0,0,30,0
1951262,1103,1,1,10,1
1951263,1003,1,1,10,1
1951264,1003,1,1,10,1
1951265,1003,1,1,10,1
1951266,1003,1,1,10,1
1951267,1003,1,1,10,1
1951268,1003,1,1,10,1
1951269,1003,1,1,10,1
1951270,1103,0,0,30,0
1951271,1003,1,1,10,1
1951272,1103,0,0,30,0
1951273,1103,1,1,10,1
1951274,1103,1,1,10,1
1951275,1001,1,1,10,1
1951276,1001,1,1,10,1
1951277,1001,1,1,10,1
1951278,1001,1,1,10,1
1951279,1001,1,1,10,1
1951280,1001,1,1,10,1
1951281,1001,1,1,10,1
1951282,1001,1,1,10,1
1951283,1001,1,1,10,1
1951284,1001,1,1,10,1
1951285,1001,1,1,10,1
1951286,1001,1,1,10,1
1951287,1001,1,1,10,1
1951288,1001,1,1,10,1
1951289,1001,1,1,10,1
1951290,1001,1,1,10,1
1951291,1001,1,1,10,1
1951292,1001,1,1,10,1
1951293,1001,1,1,10,1
1951294,1001,1,1,10,1
1951295,1001,1,1,10,1
1951296,1001,1,1,10,1
1951297,1001,1,1,10,1
1951298,1001,1,1,10,1
1951299,1001,1,1,10,1
1951300,1001,1,1,10,1
1951301,1001,1,1,10,1
1951302,1001,1,1,10,1
1951303,1001,1,1,10,1
1951304,1001,1,1,10,1
1951305,1001,1,1,10,1
1951306,1001,1,1,10,1
1951307,1001,1,1,10,1
1951308,1002,1,1,10,1
1951309,1002,1,1,10,1
1951310,1002,1,1,10,1
1951311,1002,1,1,10,1
1951312,1002,1,1,10,1
1951313,1002,1,1,10,1
1951314,1002,1,1,10,1
1951315,1002,1,1,10,1
1951316,1002,1,1,10,1
1951317,1003,1,1,10,1
1951318,1003,1,1,10,1
1951319,1003,1,1,10,1
1951320,1101,1,1,10,1
1951321,1101,1,1,10,1
1951322,1101,1,1,10,1
1951323,1101,1,1,10,1
1951324,1101,1,1,10,1
1951325,1101,1,1,10,1
1951326,1101,1,1,10,1
1951327,1101,0,0,30,0
1951328,1101,0,1,10,1
1951329,1101,1,1,10,1
1951330,1101,1,1,10,1
1951331,1101,1,1,10,1
1951332,1101,1,1,10,1
1951333,1101,1,1,10,1
1951334,1101,1,1,10,1
1951335,1101,1,1,10,1
1951336,1101,1,1,10,1
1951337,1101,1,1,10,1
1951338,1101,1,1,10,1
1951339,1101,1,1,10,1
1951340,1101,1,1,10,1
1951341,1101,1,1,10,1
1951342,1101,1,1,10,1
1951343,1101,1,1,10,1
1951344,1101,1,1,10,1
1951345,1102,1,1,10,1
1951346,1102,1,1,10,1
1951347,1102,1,1,10,1
1951348,1103,0,0,20,0
1951349,1103,1,1,10,1
1951350,1103,1,1,10,1
1951351,1103,0,0,30,0
1951352,1103,1,1,10,1
1951353,1103,1,1,10,1
1951354,1103,1,1,10,1
1951355,1103,1,1,10,1
1951356,1103,1,1,10,1
1951357,1103,0,0,30,0
1951358,1103,1,1,10,1
1951359,1103,1,1,10,1
1951360,1103,1,1,10,1
1951361,1221,0,0,50,0
1951362,1222,0,0,80,0
1951363,1222,0,0,80,0
1951364,1222,0,0,80,0
1951365,1004,0,0,60,0
1951366,1004,0,0,60,0
1951367,1004,0,0,60,0
1951368,1004,0,0,60,0
1951369,1104,0,0,60,0
1951370,1200,0,0,40,0
1951371,1200,0,0,40,0
1951372,1200,1,0,40,0
1951373,1200,0,0,40,0
1951374,1221,0,0,50,0
1951375,1200,0,0,40,0
1951376,1200,0,0,40,0
1951377,1200,0,0,40,0
1951378,1200,0,0,40,0
1951379,1200,0,0,40,0
1951380,1200,0,0,40,0
1951381,1200,0,0,40,0
1951382,1200,0,0,60,0
1951383,1004,0,0,60,0
1951384,1004,0,0,60,0
1951385,1004,0,0,60,0
1951386,1004,0,0,60,0
1951387,1004,0,0,60,0
1951388,1004,0,0,60,0
1951389,1004,0,0,60,0
1951390,1004,0,0,60,0
1951391,1104,0,0,60,0
1951392,1104,0,0,40,0
1951393,1106,0,0,60,0
1951394,1106,0,0,60,0
1951395,1004,0,0,60,0
1951396,1004,0,0,60,0
1951397,1004,0,0,60,0
1951398,1004,0,0,60,0
1951399,1004,0,0,60,0
1951400,1104,0,0,60,0
1951401,1104,0,0,60,0
1951402,1104,0,0,60,0
1951403,1104,0,0,60,0
1951404,1104,0,0,60,0
1951405,1104,0,0,60,0
1951406,1104,0,0,60,0
1951407,1104,0,0,60,0
1951408,1104,0,0,60,0
1951409,1104,0,0,60,0
1951410,1104,0,0,60,0
1951411,1002,1,1,10,1
1951412,1102,1,1,10,1
1951413,1104,0,0,60,0
1951414,1103,0,0,30,0
1951415,1104,0,0,30,0
1951416,1104,0,0,30,0
1951417,1104,0,0,60,0
1951418,1106,0,0,40,0
1951419,1106,0,0,40,0
1951420,1106,0,0,30,0
1951421,1103,1,1,10,1
1951422,1104,0,1,20,0
1951423,1006,0,0,30,0
1951424,1222,0,0,80,0
1951425,1104,0,0,20,0
1951426,1106,0,0,20,0
1951427,1003,0,0,30,0
1951428,1003,0,0,30,0
1951429,1103,0,0,30,0
1951430,1103,0,0,30,0
1951431,1103,1,1,10,1
1951432,1222,0,0,80,0
1951433,1103,1,1,10,1
1951434,1222,0,0,80,0
1951435,1222,0,0,80,0
1951436,1222,0,0,80,0
1951437,1222,0,0,80,0
1951438,1222,0,0,80,0
1951439,1222,0,0,80,0
1951440,1222,0,0,80,0
1951441,1222,0,0,80,0
1951442,1003,0,0,30,0
1951443,1103,1,1,10,1
1951444,1103,1,1,10,1
1951445,1103,1,1,10,1
1951446,1103,1,1,10,1
1951447,1003,1,1,10,1
1951448,1106,0,0,40,0
1951449,1006,0,0,40,0
1951450,1106,0,0,40,0
1951451,1006,0,0,30,0
1951452,1006,0,0,40,0
1951453,1114,1,1,10,1
1951454,1004,0,0,60,0
1951455,1004,0,0,60,0
1951456,1004,0,0,60,0
1951457,1004,0,0,60,0
1951458,1004,0,0,60,0
1951459,1004,0,0,60,0
1951460,1104,0,0,60,0
1951461,1104,0,0,60,0
1951462,1104,0,0,60,0
1951463,1200,0,0,60,0
1951464,1222,0,0,80,0
1951465,1200,0,0,40,0
1951466,1004,0,0,60,0
1951467,1200,0,0,60,0
1951468,1200,0,0,60,0
1951469,1200,0,0,60,0
1951470,1221,0,0,50,0
1951471,1104,0,0,50,0
1951472,1200,0,0,40,0
1951473,1200,0,0,60,0
1951474,1200,0,0,60,0
1951475,1200,0,0,40,0
1951476,1210,0,0,60,0
1951477,1210,0,0,60,0
1951478,1004,0,0,60,0
1951479,1004,0,0,60,0
1951480,1004,0,0,60,0
1951481,1004,0,0,60,0
1951482,1004,0,0,60,0
1951483,1004,0,0,60,0
1951484,1004,0,0,60,0
1951485,1004,0,0,60,0
1951486,1004,0,0,60,0
1951487,1004,0,0,60,0
1951488,1004,0,0,60,0
1951489,1004,0,0,60,0
1951490,1004,0,0,60,0
1951491,1004,0,0,60,0
1951492,1004,0,0,60,0
1951493,1004,0,0,60,0
1951494,1008,0,0,40,0
1951495,1104,0,0,60,0
1951496,1104,0,0,60,0
1951497,1104,0,0,60,0
1951498,1004,0,0,60,0
1951499,1004,0,0,60,0
1951500,1004,0,0,60,0
1951501,1004,0,0,60,0
1951502,1104,0,0,40,0
1951503,1104,0,0,60,0
1951504,1104,0,0,60,0
1951505,1104,0,0,60,0
1951506,1104,0,0,60,0
1951507,1104,0,0,60,0
1951508,1222,0,0,80,0
1951509,1222,0,0,80,0
1951510,1104,0,0,60,0
1951511,1104,0,0,60,0
1951512,1104,0,0,60,0
1951513,1222,0,0,80,0
1951514,1006,0,0,30,0
1951515,1103,0,0,90,0
1951516,1106,0,0,40,0
1951517,1106,0,0,30,0
1951518,1106,0,0,40,0
1951519,1222,0,0,80,0
1951520,1103,1,1,10,1
1951521,1222,0,0,80,0
1951522,1222,0,0,80,0
1951523,1103,1,1,10,1
1951524,1103,1,1,10,1
1951525,1222,0,0,80,0
1951526,1222,0,0,80,0
1951527,1222,0,0,80,0
1951528,1222,0,0,80,0
1951529,1222,0,0,80,0
1951530,1222,0,0,80,0
1951531,1222,0,0,80,0
1951532,1222,0,0,80,0
1951533,1222,0,0,80,0
1951534,1222,0,0,80,0
1951535,1222,0,0,80,0
1951536,1222,0,0,80,0
1951537,1222,0,0,80,0
1951538,1102,1,1,10,1
1951539,1004,0,0,60,0
1951540,1004,0,0,60,0
1951541,1004,0,0,60,0
1951542,1004,0,0,60,0
1951543,1004,0,0,60,0
1951544,1004,0,0,60,0
1951545,1004,0,0,60,0
1951546,1004,0,0,60,0
1951547,1004,0,0,60,0
1951548,1004,0,0,60,0
1951549,1004,0,0,60,0
1951550,1008,0,0,60,0
1951551,1008,0,0,40,0
1951552,1008,0,0,40,0
1951553,1104,0,0,60,0
1951554,1104,0,0,60,0
1951555,1104,0,0,60,0
1951556,1004,0,0,60,0
1951557,1004,0,0,60,0
1951558,1004,0,0,60,0
1951559,1004,0,0,60,0
1951560,1004,0,0,60,0
1951561,1004,0,0,60,0
1951562,1004,0,0,60,0
1951563,1004,0,0,60,0
1951564,1104,0,0,60,0
1951565,1004,0,0,60,0
1951566,1004,0,0,60,0
1951567,1004,0,0,60,0
1951568,1222,0,0,80,0
1951569,1008,0,0,40,0
1951570,1008,0,0,40,0
1951571,1008,0,0,40,0
1951572,1008,0,0,10,1
1951573,1104,0,0,60,0
1951574,1104,0,0,60,0
1951575,1104,0,0,60,0
1951576,1104,0,0,60,0
1951577,1104,0,0,60,0
1951578,1004,0,0,60,0
1951579,1104,0,0,60,0
1951580,1102,1,1,10,1
1951581,1106,0,0,40,0
1951582,1103,0,0,10,1
1951583,1103,1,1,10,1
1951584,1103,0,0,10,1
1951585,1002,1,1,10,1
1951586,1002,1,1,10,1
1951587,1101,1,1,10,1
1951588,1101,1,1,10,1
1951589,1101,1,1,10,1
1951590,1102,1,1,10,1
1951591,1102,1,1,10,1
1951592,1102,1,1,10,1
1951593,1102,1,1,10,1
1951594,1102,1,1,10,1
1951595,1103,1,1,10,1
1951596,1210,0,0,40,0
1951597,1015,0,0,40,0
1951598,1102,1,1,10,1
1951599,1102,1,1,10,1
1951600,1006,0,0,30,0
1951601,1004,0,0,60,0
1951602,1004,0,0,60,0
1951603,1004,0,0,60,0
1951604,1004,0,0,60,0
1951605,1004,0,0,60,0
1951606,1004,0,0,60,0
1951607,1004,0,0,60,0
1951608,1004,0,0,60,0
1951609,1006,0,0,60,0
1951610,1008,0,0,40,0
1951611,1104,0,0,60,0
1951612,1104,0,0,60,0
1951613,1104,0,0,60,0
1951614,1106,0,0,40,0
1951615,1004,0,0,60,0
1951616,1222,0,0,80,0
1951617,1004,0,0,60,0
1951618,1004,0,0,60,0
1951619,1008,0,0,40,0
1951620,1008,0,0,40,0
1951621,1008,0,0,40,0
1951622,1008,0,0,60,0
1951623,1008,0,0,30,0
1951624,1008,0,0,40,0
1951625,1008,0,0,40,0
1951626,1222,0,0,60,0
1951627,1004,0,0,60,0
1951628,1004,0,0,60,0
1951629,1004,0,0,60,0
1951630,1004,0,0,60,0
1951631,1104,0,0,60,0
1951632,1210,0,0,60,0
1951633,1222,0,0,80,0
1951634,1103,1,1,10,1
1951635,1002,1,1,10,1
1951636,1002,1,1,10,1
1951637,1106,0,0,90,0
1951638,1222,0,0,80,0
1951640,1103,1,1,10,1
1951641,1001,1,1,10,1
1951642,1102,1,0,10,1
1951643,1102,0,1,20,0
1951644,1102,1,1,10,1
1951645,1102,1,1,10,1
1951646,1200,0,0,10,1
1951647,1221,0,0,50,0
1951648,1222,0,0,80,0
1951649,1222,0,0,80,0
1951650,1222,0,0,80,0
1951651,1004,0,0,60,0
1951652,1222,0,0,80,0
1951653,1222,0,0,80,0
1951654,1222,0,0,80,0
1951655,1222,0,0,80,0
1951656,1222,0,0,80,0
1951657,1222,0,0,80,0
1951658,1222,0,0,80,0
1951659,1222,0,0,80,0
1951660,1222,0,0,80,0
1951661,1222,0,0,80,0
1951662,1222,0,0,80,0
1951663,1222,0,0,80,0
1951664,1222,0,0,80,0
1951665,1222,0,0,80,0
1951666,1222,0,0,80,0
1951667,1222,0,0,80,0
1951668,1222,0,0,80,0
1951669,1222,0,0,80,0
1951670,1222,0,0,80,0
1951671,1222,0,0,80,0
1951672,1222,0,0,80,0
1951673,1222,0,0,80,0
1951674,1222,0,0,80,0
1951675,1222,0,0,80,0
1951676,1222,0,0,80,0
1951677,1222,0,0,80,0
1951678,1222,0,0,80,0
1951679,1222,0,0,80,0
1951680,1222,0,0,80,0
1951681,1222,0,0,80,0
1951682,1222,0,0,80,0
1951683,1222,0,0,80,0
1951684,1222,0,0,80,0
1951685,1222,0,0,80,0
1951686,1222,0,0,80,0
1951687,1222,0,0,80,0
1951688,1222,0,0,80,0
1951689,1222,0,0,80,0
1951690,1222,0,0,80,0
1951691,1222,0,0,80,0
1951692,1222,0,0,80,0
1951693,1222,0,0,80,0
1951694,1222,0,0,80,0
1951695,1222,0,0,80,0
1951696,1222,0,0,80,0
1951697,1222,0,0,80,0
1951698,1222,0,0,80,0
1951699,1222,0,0,80,0
1951700,1222,0,0,80,0
1951701,1222,0,0,80,0
1951702,1222,0,0,80,0
1951703,1222,0,0,80,0
1951704,1222,0,0,80,0
1951705,1222,0,0,80,0
1951706,1222,0,0,80,0
1951707,1222,0,0,80,0
1951708,1222,0,0,80,0
1951709,1222,0,0,80,0
1951710,1222,0,0,80,0
1951711,1222,0,0,80,0
1951712,1222,0,0,80,0
1951713,1222,0,0,80,0
1951714,1222,0,0,80,0
1951715,1222,0,0,80,0
1951716,1222,0,0,80,0
1951717,1222,0,0,80,0
1951718,1222,0,0,80,0
1951719,1222,0,0,80,0
1951720,1222,0,0,80,0
1951721,1222,0,0,80,0
1951722,1222,0,0,80,0
1951723,1222,0,0,80,0
1951724,1222,0,0,80,0
1951725,1222,0,0,80,0
1951726,1222,0,0,80,0
1951727,1222,0,0,80,0
1951728,1222,0,0,80,0
1951729,1222,0,0,80,0
1951730,1222,0,0,80,0
1951731,1222,0,0,80,0
1951732,1222,0,0,80,0
1951733,1222,0,0,80,0
1951734,1222,0,0,80,0
1951735,1222,0,0,80,0
1951736,1222,0,0,80,0
1951737,1222,0,0,80,0
1951738,1222,0,0,80,0
1951739,1222,0,0,80,0
1951740,1222,0,0,80,0
1951741,1222,0,0,80,0
1951742,1222,0,0,80,0
1951743,1222,0,0,80,0
1951744,1222,0,0,80,0
1951745,1222,0,0,80,0
1951746,1222,0,0,80,0
1951747,1222,0,0,80,0
1951748,1222,0,0,80,0
1951749,1222,0,0,80,0
1951750,1222,0,0,80,0
1951751,1222,0,0,80,0
1951752,1222,0,0,80,0
1951753,1222,0,0,80,0
1951754,1222,0,0,80,0
1951755,1222,0,0,80,0
1951756,1222,0,0,80,0
1951757,1222,0,0,80,0
1951758,1222,0,0,80,0
1951759,1222,0,0,80,0
1951760,1222,0,0,80,0
1951761,1004,0,0,60,0
1951762,1222,0,0,80,0
1951763,1222,0,0,80,0
1951764,1222,0,0,80,0
1951765,1222,0,0,80,0
1951766,1222,0,0,80,0
1951767,1222,0,0,80,0
1951768,1222,0,0,80,0
1951769,1222,0,0,80,0
1951770,1222,0,0,80,0
1951771,1222,0,0,80,0
1951772,1222,0,0,80,0
1951773,1222,0,0,80,0
1951774,1222,0,0,80,0
1951775,1222,0,0,80,0
1951776,1222,0,0,80,0
1951777,1222,0,0,80,0
1951778,1222,0,0,80,0
1951779,1222,0,0,80,0
1951780,1222,0,0,80,0
1951781,1222,0,0,80,0
1951782,1222,0,0,80,0
1951783,1222,0,0,80,0
1951784,1222,0,0,80,0
1951785,1222,0,0,80,0
1951786,1222,0,0,80,0
1951787,1222,0,0,80,0
1951788,1222,0,0,80,0
1951789,1222,0,0,80,0
1951790,1222,0,0,80,0
1951791,1222,0,0,80,0
1951792,1222,0,0,80,0
1951793,1222,0,0,80,0
1951794,1222,0,0,80,0
1951795,1222,0,0,80,0
1951796,1222,0,0,80,0
1951797,1222,0,0,80,0
1951798,1222,0,0,80,0
1951799,1222,0,0,80,0
1951800,1222,0,0,90,0
1951801,1222,0,0,80,0
1951802,1222,0,0,80,0
1951803,1222,0,0,80,0
1951804,1222,0,0,80,0
1951805,1222,0,0,80,0
1951806,1222,0,0,80,0
1951807,1222,0,0,80,0
1951808,1222,0,0,80,0
1951809,1223,0,0,30,0
1951810,1222,0,0,80,0
1951811,1221,0,0,80,0
1951812,1222,0,0,80,0
1951813,1104,0,0,60,0
1951814,1102,0,1,10,1
1951815,1222,0,0,80,0
1951817,1104,0,0,60,0
1951818,1222,0,0,80,0
1951819,1102,1,1,10,1
1951820,1102,1,1,10,1
1951821,1222,0,0,80,0
1951822,1223,0,0,90,0
1951823,1003,1,1,10,1
1951824,1003,1,1,10,1
1951825,1104,0,0,60,0
1951826,1222,0,0,80,0
1951827,1222,0,0,80,0
1951828,1104,0,0,60,0
1951829,1223,0,0,90,0
1951830,1103,0,0,30,0
1951831,1104,0,0,60,0
1951832,1222,0,0,80,0
1951833,1104,0,0,80,0
1951834,1003,1,1,10,1
1951835,1102,1,1,10,1
1951836,1222,0,0,60,0
1951837,1102,1,1,10,1
1951838,1002,1,1,10,1
1951839,1222,0,0,80,0
1951840,1222,0,0,80,0
1951841,1104,0,0,30,0
1951842,1102,0,0,40,0
1951843,1222,0,0,80,0
1951844,1102,1,1,10,1
1951845,1102,1,1,10,1
1951846,1103,1,1,10,1
1951847,1222,0,0,80,0
1951848,1003,1,1,10,1
1951849,1003,0,0,30,0
1951850,1222,0,0,80,0
1951851,1103,0,1,10,1
1951852,1003,1,1,10,1
1951853,1210,0,0,60,0
1951854,1222,0,0,80,0
1951855,1103,1,1,10,1
1951856,1002,1,1,10,1
1951857,1222,0,0,80,0
1951858,1104,0,0,60,0
1951859,1104,0,0,60,0
1951860,1103,1,1,10,1
1951861,1223,0,0,30,0
1951862,1103,0,0,60,0
1951863,1004,0,0,60,0
1951864,1222,0,0,80,0
1951865,1102,1,1,10,1
1951866,1222,0,0,30,0
1951867,1210,0,0,60,0
1951868,1004,0,0,60,0
1951869,1103,1,1,10,1
1951870,1102,1,1,10,1
1951871,1003,1,1,10,1
1951872,1104,0,0,60,0
1951873,1222,0,0,80,0
1951874,1003,1,1,10,1
1951875,1103,0,0,30,0
1951876,1003,1,1,10,1
1951877,1223,0,0,90,0
1951878,1103,1,1,10,1
1951879,1222,0,0,80,0
1951880,1222,0,0,80,0
1951881,1004,0,0,60,0
1951882,1106,0,0,30,0
1951883,1106,0,0,30,0
1951884,1003,1,1,10,1
1951885,1103,1,1,10,1
1951886,1006,0,0,30,0
1951887,1106,0,0,30,0
1951888,1003,0,0,30,0
1951889,1014,0,0,30,0
1951890,1003,1,1,10,1
1951891,1106,0,0,30,0
1951892,1106,0,0,30,0
1951893,1014,0,0,30,0
1951894,1003,1,1,10,1
1951895,1006,0,0,30,0
1951896,1103,1,1,10,1
1951897,1003,0,0,30,0
1951898,1222,0,0,80,0
1951899,1114,1,1,10,1
1951900,1015,1,1,10,1
1951901,1114,1,1,10,1
1951902,1015,0,0,30,0
1951903,1004,0,0,20,0
1951904,1102,1,1,10,1
1951905,1106,0,0,40,0
1951906,1006,1,1,10,1
1951907,1014,0,0,30,0
1951908,1106,1,1,10,1
1951909,1003,1,1,10,1
1951910,1003,1,1,10,1
1951911,1106,1,1,10,1
1951912,1014,0,0,40,0
1951913,1114,1,1,10,1
1951914,1106,0,0,30,0
1951915,1103,1,1,10,1
1951916,1006,0,0,30,0
1951917,1222,0,0,80,0
1951918,1004,0,0,60,0
1951919,1004,0,0,60,0
1951920,1104,0,0,60,0
1951921,1002,1,1,10,1
1951922,1102,1,0,30,0
1951923,1200,1,1,10,1
1951924,1200,1,1,10,1
1951925,1106,0,0,30,0
1951926,1004,0,0,60,0
1951927,1004,0,0,60,0
1951928,1004,0,0,60,0
1951929,1104,0,0,60,0
1951930,1102,1,1,10,1
1951931,1102,0,0,10,1
1951932,1102,1,1,10,1
1951933,1102,0,0,10,1
1951934,1102,1,1,10,1
1951935,1014,0,0,30,0
1951936,1106,0,0,30,0
1951937,1014,0,0,30,0
1951938,1006,0,0,30,0
1951939,1002,0,0,30,0
1951940,1014,0,0,20,0
1951941,1014,1,0,40,0
1951942,1006,0,0,40,0
1951943,1014,0,0,20,0
1951944,1015,1,1,10,1
1951945,1200,0,0,30,0
1951946,1222,0,0,80,0
1951947,1106,0,0,40,0
1951948,1003,1,1,10,1
1951949,1200,0,0,40,0
1951950,1014,0,0,40,0
1951951,1014,0,0,30,0
1951952,1006,0,0,30,0
1951953,1103,1,1,10,1
1951954,1014,0,0,30,0
1951955,1222,0,0,80,0
1951956,1014,0,0,30,0
1951957,1015,0,0,30,0
1951958,1104,0,0,20,0
1951959,1223,0,0,30,0
1951960,1223,0,0,30,0
1951961,1223,0,0,80,0
1951962,1223,0,0,30,0
1951963,1223,0,0,90,0
1951964,1223,0,0,95,1
1951965,1223,0,0,30,0
1951966,1223,0,0,90,0
1951967,1222,0,0,90,0
1951968,1223,0,0,30,0
1951969,1223,0,0,30,0
1951970,1223,0,0,30,0
1951971,1223,0,0,30,0
1951972,1223,0,0,90,0
1951973,1223,0,0,30,0
1951974,1223,0,0,30,0
1951975,1223,0,0,90,0
1951976,1223,0,0,30,0
1951977,1223,0,0,90,0
1951978,1223,0,0,90,0
1951979,1223,0,0,30,0
1951980,1223,0,0,30,0
1951981,1223,0,0,30,0
1951982,1223,0,0,90,0
1951983,1223,0,0,90,0
1951984,1223,0,0,30,0
1951985,1223,0,0,90,0
1951986,1223,0,0,30,0
1951987,1223,0,0,90,0
1951988,1223,0,0,80,0
1951989,1223,0,0,30,0
1951990,1223,0,0,90,0
1951991,1103,0,0,80,0
1951992,1223,0,0,90,0
1951993,1223,0,0,90,0
1951994,1223,0,0,30,0
1951995,1223,0,0,30,0
1951996,1223,0,0,80,0
1951997,1223,0,0,30,0
1951998,1223,0,0,30,0
1951999,1223,0,0,30,0
1952000,1223,0,0,30,0
1952001,1223,0,0,90,0
1952002,1223,0,0,80,0
1952003,1223,0,0,30,0
1952004,1223,0,0,90,0
1952005,1223,0,0,30,0
1952006,1210,0,0,90,0
1952007,1223,0,0,90,0
1952008,1103,0,0,30,0
1952009,1223,0,0,90,0
1952010,1223,0,0,30,0
1952011,1223,0,0,30,0
1952012,1223,0,0,90,0
1952013,1223,0,0,90,0
1952014,1223,0,0,30,0
1952015,1223,0,0,90,0
1952016,1104,0,0,40,0
1952017,1200,0,0,50,0
1952018,1200,0,0,40,0
1952019,1200,0,0,60,0
1952020,1200,0,0,40,0
1952021,1200,0,0,50,0
1952022,1200,0,0,60,0
1952023,1200,0,0,40,0
1952024,1221,0,0,50,0
1952025,1200,0,0,40,0
1952026,1200,0,0,40,0
1952027,1200,0,0,40,0
1952028,1221,0,0,10,1
1952029,1221,0,0,50,0
1952030,1200,0,0,40,0
1952031,1200,0,0,40,0
1952032,1200,0,0,40,0
1952033,1200,0,0,40,0
1952034,1200,0,0,40,0
1952035,1200,0,0,40,0
1952036,1221,0,0,50,0
1952037,1200,0,0,80,0
1952038,1200,0,0,50,0
1952039,1200,0,0,20,0
1952040,1104,0,0,60,0
1952041,1200,0,0,20,0
1952042,1200,0,0,40,0
1952043,1200,0,0,40,0
1952044,1200,0,0,40,0
1952045,1221,0,0,60,0
1952046,1221,0,0,50,0
1952047,1200,0,0,40,0
1952048,1200,0,0,40,0
1952049,1200,0,0,50,0
1952050,1200,0,0,40,0
1952051,1221,0,0,10,1
1952052,1200,0,0,40,0
1952053,1200,0,0,40,0
1952054,1200,0,0,40,0
1952055,1200,0,0,40,0
1952056,1200,0,0,40,0
1952057,1200,0,0,60,0
1952058,1221,0,0,40,0
1952059,1222,0,0,90,0
1952060,1104,0,0,20,0
1952061,1104,0,0,60,0
1952062,1104,0,0,60,0
1952063,1106,0,0,40,0
1952064,1104,0,0,20,0
1952065,1104,0,0,60,0
1952066,1104,0,0,60,0
1952067,1104,0,0,60,0
1952068,1104,0,0,60,0
1952069,1004,0,0,60,0
1952070,1104,0,0,60,0
1952071,1104,0,0,60,0
1952072,1104,0,0,60,0
1952073,1104,0,0,30,0
1952074,1200,0,0,60,0
1952075,1221,0,0,60,0
1952076,1210,0,0,60,0
1952077,1210,0,0,60,0
1952079,1003,1,1,10,1
1952080,1003,1,1,10,1
1952081,1003,1,1,10,1
1952082,1003,1,1,20,0
1952083,1003,1,1,20,0
1952084,1003,1,1,10,1
1952085,1003,1,1,10,1
1952086,1003,1,1,10,1
1952087,1003,1,1,20,0
1952088,1003,1,1,20,0
1952089,1003,0,1,20,0
1952090,1003,1,1,10,1
1952091,1003,1,1,10,1
1952092,1003,1,1,10,1
1952093,1003,0,1,10,1
1952094,1006,1,0,20,0
1952095,1006,0,1,20,0
1952096,1006,0,0,20,0
1952097,1006,0,0,20,0
1952098,1103,0,1,20,0
1952099,1103,1,1,10,1
1952100,1104,0,0,60,0
1952101,1106,0,1,20,0
1952102,1002,0,0,30,0
1952103,1003,1,1,10,1
1952104,1003,0,0,30,0
1952105,1006,0,0,60,0
1952106,1006,0,1,20,0
1952107,1102,0,0,30,0
1952108,1102,0,0,40,0
1952109,1102,0,0,40,0
1952110,1102,0,0,20,0
1952111,1102,0,0,40,0
1952112,1102,0,0,40,0
1952113,1102,0,0,40,0
1952114,1102,0,0,40,0
1952115,1102,0,0,40,0
1952116,1102,0,0,30,0
1952117,1102,0,0,40,0
1952118,1102,0,0,40,0
1952119,1102,0,0,30,0
1952120,1102,0,0,10,1
1952121,1102,0,0,40,0
1952122,1102,0,0,10,1
1952123,1102,1,0,10,1
1952124,1102,1,1,10,1
1952125,1102,0,0,30,0
1952126,1102,0,0,40,0
1952127,1103,0,0,40,0
1952128,1103,0,0,40,0
1952129,1103,0,0,40,0
1952130,1103,0,0,30,0
1952131,1103,0,0,40,0
1952132,1103,0,1,30,0
1952133,1103,0,0,40,0
1952134,1103,0,0,30,0
1952135,1103,0,0,40,0
1952136,1103,1,1,10,1
1952137,1103,0,0,40,0
1952138,1103,0,0,30,0
1952139,1103,0,0,20,0
1952140,1103,0,0,40,0
1952141,1103,1,1,10,1
1952142,1106,0,0,40,0
1952143,1103,0,0,40,0
1952144,1104,0,0,20,0
1952145,1104,0,0,30,0
1952146,1104,0,0,20,0
1952147,1104,1,0,20,0
1952148,1104,0,0,60,0
1952149,1104,0,0,20,0
1952150,1104,0,0,20,0
1952151,1104,0,0,20,0
1952152,1104,0,0,20,0
1952153,1104,0,0,30,0
1952154,1106,0,0,20,0
1952155,1106,0,0,30,0
1952156,1106,0,0,20,0
1952157,1106,0,0,30,0
1952158,1106,0,1,20,0
1952159,1106,0,0,20,0
1952160,1106,0,0,20,0
1952161,1106,0,0,60,0
1952162,1106,0,0,20,0
1952163,1106,0,0,40,0
1952164,1106,0,0,20,0
1952165,1106,0,0,30,0
1952166,1106,0,0,60,0
1952167,1106,0,0,20,0
1952168,1106,0,0,30,0
1952169,1106,0,0,20,0
1952170,1106,0,0,40,0
1952171,1200,0,0,40,0
1952172,1200,0,0,40,0
1952173,1004,0,0,30,0
1952174,1004,0,0,60,0
1952175,1004,0,0,60,0
1952176,1104,0,0,20,0
1952177,1104,0,0,60,0
1952178,1104,1,0,30,0
1952179,1104,0,0,60,0
1952180,1104,0,0,60,0
1952181,1104,0,0,20,0
1952182,1104,0,0,20,0
1952183,1104,0,0,60,0
1952184,1104,0,0,60,0
1952185,1104,0,0,60,0
1952186,1104,0,0,60,0
1952187,1104,0,0,20,0
1952188,1104,0,0,60,0
1952189,1104,0,0,30,0
1952190,1104,0,0,60,0
1952191,1104,0,0,20,0
1952192,1104,0,0,30,0
1952193,1104,0,0,60,0
1952194,1104,0,0,60,0
1952195,1104,0,0,60,0
1952196,1106,0,0,20,0
1952197,1106,0,0,30,0
1952198,1210,0,0,60,0
1952199,1003,1,1,20,0
1952200,1003,1,1,30,0
1952201,1003,0,0,90,0
1952202,1003,1,1,20,0
1952203,1003,0,1,20,0
1952204,1003,1,1,20,0
1952205,1003,1,0,20,0
1952206,1003,1,1,20,0
1952207,1004,0,0,30,0
1952208,1004,0,0,30,0
1952209,1006,0,0,30,0
1952210,1006,0,0,20,0
1952211,1006,0,1,30,0
1952212,1006,0,1,20,0
1952213,1006,0,0,30,0
1952214,1006,1,1,20,0
1952215,1006,0,0,30,0
1952216,1103,0,0,30,0
1952217,1103,0,1,30,0
1952218,1103,0,0,10,1
1952219,1103,0,1,20,0
1952220,1103,0,0,90,0
1952221,1103,0,0,30,0
1952222,1103,0,0,30,0
1952223,1103,1,1,30,0
1952224,1103,0,1,30,0
1952225,1103,0,1,20,0
1952226,1104,0,0,40,0
1952227,1104,0,0,40,0
1952228,1104,0,0,40,0
1952229,1104,0,0,40,0
1952230,1104,0,0,30,0
1952231,1104,0,0,30,0
1952232,1104,0,0,30,0
1952233,1104,0,0,40,0
1952234,1104,0,0,30,0
1952235,1104,0,0,30,0
1952236,1104,0,0,30,0
1952237,1104,0,0,30,0
1952238,1104,0,0,30,0
1952239,1104,0,0,60,0
1952240,1004,0,0,30,0
1952241,1106,0,0,10,1
1952242,1106,0,0,30,0
1952243,1106,0,0,30,0
1952244,1106,0,0,30,0
1952245,1106,0,0,30,0
1952246,1106,0,0,40,0
1952247,1106,0,0,30,0
1952248,1106,1,1,30,0
1952249,1106,0,0,30,0
1952250,1106,1,1,10,1
1952251,1106,0,1,20,0
1952252,1106,0,1,20,0
1952253,1106,0,0,30,0
1952254,1106,1,1,20,0
1952255,1106,0,0,20,0
1952256,1106,1,1,20,0
1952257,1106,0,0,30,0
1952258,1106,0,1,20,0
1952259,1106,1,1,20,0
1952260,1106,0,0,40,0
1952261,1106,0,0,40,0
1952262,1106,0,0,30,0
1952263,1106,0,0,30,0
1952264,1106,0,0,30,0
1952265,1106,0,0,30,0
1952266,1106,0,0,30,0
1952267,1106,0,0,30,0
1952268,1106,0,0,30,0
1952269,1003,1,1,10,1
1952270,1003,0,1,10,1
1952271,1003,1,1,10,1
1952272,1003,0,0,30,0
1952273,1003,0,0,20,0
1952274,1003,1,1,10,1
1952275,1003,0,0,30,0
1952276,1003,1,1,30,0
1952277,1003,1,1,10,1
1952278,1003,1,1,10,1
1952279,1003,1,1,10,1
1952280,1003,0,1,20,0
1952281,1003,1,1,10,1
1952282,1003,1,1,30,0
1952283,1003,1,1,10,1
1952284,1003,1,1,10,1
1952285,1003,1,1,10,1
1952286,1003,1,1,10,1
1952287,1003,1,1,10,1
1952288,1003,0,1,20,0
1952289,1003,1,1,10,1
1952290,1103,1,1,20,0
1952291,1103,0,0,20,0
1952292,1103,1,1,10,1
1952293,1103,0,1,30,0
1952294,1103,0,1,10,1
1952295,1103,1,1,20,0
1952296,1103,0,1,10,1
1952297,1103,1,1,10,1
1952298,1003,0,0,20,0
1952299,1003,0,0,20,0
1952300,1006,1,1,20,0
1952301,1006,0,0,20,0
1952302,1006,0,0,30,0
1952303,1006,0,0,20,0
1952304,1103,0,0,40,0
1952305,1103,0,0,20,0
1952306,1103,1,1,10,1
1952307,1103,0,0,20,0
1952308,1103,0,1,20,0
1952309,1103,1,1,20,0
1952310,1103,0,0,10,1
1952311,1103,0,0,20,0
1952312,1103,0,0,20,0
1952313,1103,0,0,20,0
1952314,1104,0,0,30,0
1952315,1104,0,0,20,0
1952316,1104,0,0,20,0
1952317,1104,0,0,30,0
1952318,1104,0,0,20,0
1952319,1004,0,0,20,0
1952320,1104,1,1,10,1
1952321,1104,1,0,20,0
1952322,1104,0,0,20,0
1952323,1104,0,0,20,0
1952324,1104,0,0,20,0
1952325,1104,0,0,20,0
1952326,1104,0,0,20,0
1952327,1104,1,0,20,0
1952328,1104,1,1,10,1
1952329,1106,1,1,20,0
1952330,1106,0,0,40,0
1952331,1106,0,0,30,0
1952332,1106,0,0,30,0
1952333,1106,1,1,20,0
1952334,1106,0,0,60,0
1952335,1106,0,0,20,0
1952336,1106,0,0,20,0
1952337,1003,0,0,30,0
1952338,1003,0,0,10,1
1952339,1003,0,0,20,0
1952340,1103,0,0,30,0
1952341,1003,1,0,20,0
1952342,1003,0,0,30,0
1952343,1006,0,0,30,0
1952344,1006,0,0,20,0
1952345,1006,0,0,20,0
1952346,1006,0,0,20,0
1952347,1006,0,0,20,0
1952348,1103,0,0,20,0
1952349,1103,0,1,20,0
1952350,1104,0,0,60,0
1952351,1004,0,0,20,0
1952352,1106,0,0,30,0
1952353,1106,0,0,20,0
1952354,1200,0,0,10,1
1952355,1222,0,0,80,0
1952356,1004,1,0,20,0
1952357,1004,0,0,60,0
1952358,1004,0,0,20,0
1952359,1104,0,0,20,0
1952360,1104,0,0,20,0
1952361,1104,0,0,20,0
1952362,1104,0,0,20,0
1952363,1104,0,0,60,0
1952364,1104,0,0,20,0
1952365,1104,0,0,20,0
1952366,1104,0,0,20,0
1952367,1104,0,0,20,0
1952368,1104,0,0,20,0
1952369,1104,1,1,20,0
1952370,1104,0,0,20,0
1952371,1104,0,0,30,0
1952372,1104,1,0,20,0
1952373,1104,0,0,20,0
1952374,1104,0,0,30,0
1952375,1104,0,0,20,0
1952376,1106,1,1,20,0
1952377,1106,1,1,20,0
1952378,1106,0,0,20,0
1952379,1106,0,0,20,0
1952380,1106,0,0,20,0
1952381,1106,0,0,20,0
1952382,1106,1,0,20,0
1952383,1106,0,0,20,0
1952384,1106,0,1,20,0
1952385,1106,0,1,20,0
1952386,1210,0,0,30,0
1952387,1003,1,1,10,1
1952388,1003,1,1,20,0
1952389,1003,0,1,30,0
1952390,1003,1,1,10,1
1952391,1003,0,0,30,0
1952392,1003,0,0,30,0
1952393,1003,1,1,10,1
1952394,1003,0,1,20,0
1952395,1003,1,1,20,0
1952396,1103,0,1,20,0
1952397,1103,0,0,30,0
1952398,1103,1,1,10,1
1952399,1103,0,0,30,0
1952400,1103,1,1,20,0
1952401,1103,0,0,30,0
1952402,1103,1,1,30,0
1952403,1103,0,1,20,0
1952404,1103,0,1,30,0
1952405,1101,0,0,20,0
1952406,1103,0,0,40,0
1952407,1103,0,0,30,0
1952408,1103,1,1,10,1
1952409,1103,0,0,30,0
1952410,1103,0,0,40,0
1952411,1103,0,0,20,0
1952412,1103,0,0,20,0
1952413,1103,0,0,30,0
1952414,1221,0,0,20,0
1952415,1001,1,1,10,1
1952416,1002,1,1,10,1
1952417,1003,1,1,10,1
1952418,1003,1,1,20,0
1952419,1003,1,1,10,1
1952420,1003,1,1,10,1
1952421,1003,0,1,20,0
1952422,1003,1,1,10,1
1952423,1101,0,1,10,1
1952424,1102,1,1,10,1
1952425,1102,0,1,20,0
1952426,1102,1,1,10,1
1952427,1102,0,0,10,1
1952428,1102,1,1,10,1
1952429,1103,1,1,10,1
1952430,1103,1,1,10,1
1952431,1103,0,0,10,1
1952432,1103,0,0,30,0
1952433,1103,1,1,10,1
1952434,1103,1,1,10,1
1952435,1103,0,0,30,0
1952436,1103,0,0,10,1
1952437,1003,0,0,20,0
1952438,1003,0,1,20,0
1952439,1003,0,0,20,0
1952440,1003,0,0,30,0
1952441,1003,0,0,30,0
1952442,1003,0,0,20,0
1952443,1006,0,1,20,0
1952444,1006,0,0,20,0
1952445,1006,0,0,20,0
1952446,1106,0,0,20,0
1952447,1006,1,1,20,0
1952448,1101,0,0,20,0
1952449,1101,0,0,10,1
1952450,1102,1,0,10,1
1952451,1103,0,0,20,0
1952452,1103,1,1,20,0
1952453,1103,0,0,40,0
1952454,1103,1,1,10,1
1952455,1103,0,0,30,0
1952456,1103,0,0,10,1
1952457,1103,1,1,10,1
1952458,1103,0,0,30,0
1952459,1106,0,0,20,0
1952460,1106,0,0,30,0
1952461,1106,0,0,20,0
1952462,1200,0,0,30,0
1952463,1221,0,0,50,0
1952464,1200,0,0,10,1
1952465,1200,0,0,10,1
1952466,1200,0,0,30,0
1952468,1103,0,0,20,0
1952469,1103,0,0,30,0
1952470,1103,0,0,10,1
1952471,1103,0,1,40,0
1952472,1103,0,0,40,0
1952473,1200,1,0,30,0
1952474,1104,0,1,20,0
1952475,1104,1,0,20,0
1952476,1104,1,1,20,0
1952477,1106,1,0,20,0
1952478,1106,0,0,30,0
1952479,1106,1,0,20,0
1952480,1101,0,1,10,1
1952481,1101,1,1,20,0
1952482,1102,1,1,10,1
1952483,1103,1,1,10,1
1952484,1103,0,0,60,0
1952485,1103,1,1,10,1
1952486,1103,0,0,40,0
1952487,1103,0,0,40,0
1952488,1103,0,0,40,0
1952489,1103,0,0,20,0
1952490,1103,0,1,20,0
1952491,1103,1,1,10,1
1952492,1103,0,0,40,0
1952493,1103,0,0,30,0
1952494,1103,1,1,10,1
1952495,1103,0,0,30,0
1952496,1103,1,0,30,0
1952497,1103,0,1,20,0
1952498,1103,0,0,20,0
1952499,1103,1,0,40,0
1952500,1103,0,1,20,0
1952501,1103,1,1,20,0
1952502,1103,1,1,20,0
1952503,1103,0,0,60,0
1952504,1103,1,1,10,1
1952505,1103,1,1,10,1
1952506,1103,0,0,30,0
1952507,1103,1,1,20,0
1952508,1104,1,1,20,0
1952509,1104,1,1,20,0
1952510,1104,1,1,10,1
1952511,1104,1,1,10,1
1952512,1104,0,1,10,1
1952513,1106,1,1,10,1
1952514,1106,0,0,40,0
1952515,1106,1,0,20,0
1952516,1106,1,1,20,0
1952517,1106,0,1,20,0
1952518,1106,0,0,30,0
1952519,1106,0,0,40,0
1952520,1106,0,0,20,0
1952521,1103,0,0,40,0
1952522,1106,1,0,20,0
1952523,1106,0,0,20,0
1952524,1221,0,0,50,0
1952525,1200,0,0,10,1
1952526,1221,0,0,10,1
1952527,1200,0,0,30,0
1952528,1200,0,0,30,0
1952529,1200,0,0,30,0
1952530,1101,0,0,10,1
1952531,1103,1,1,10,1
1952532,1103,0,0,40,0
1952533,1200,0,0,40,0
1952534,1200,0,0,10,1
1952535,1210,0,0,20,0
1952536,1001,1,1,10,1
1952537,1001,1,1,10,1
1952538,1001,1,1,10,1
1952539,1001,1,1,10,1
1952540,1002,1,1,10,1
1952541,1003,0,0,30,0
1952542,1003,0,0,30,0
1952543,1101,0,0,10,1
1952544,1101,1,1,10,1
1952545,1102,0,0,30,0
1952546,1102,1,0,10,1
1952547,1102,0,0,30,0
1952548,1102,1,1,10,1
1952549,1103,1,1,10,1
1952550,1103,0,1,30,0
1952551,1103,0,0,30,0
1952552,1103,0,1,10,1
1952553,1103,0,0,30,0
1952554,1103,0,0,20,0
1952555,1103,1,1,10,1
1952556,1103,1,1,20,0
1952557,1103,0,0,30,0
1952558,1103,0,0,30,0
1952559,1103,0,1,20,0
1952560,1103,0,0,30,0
1952561,1103,1,1,10,1
1952562,1103,0,0,50,0
1952563,1103,1,1,10,1
1952564,1103,0,0,30,0
1952565,1103,0,0,20,0
1952566,1103,0,0,30,0
1952567,1103,1,1,10,1
1952568,1103,1,1,10,1
1952569,1103,0,1,10,1
1952570,1103,1,1,10,1
1952571,1103,0,0,30,0
1952572,1103,0,0,40,0
1952573,1103,0,0,30,0
1952574,1103,0,0,30,0
1952575,1103,0,0,30,0
1952576,1103,1,0,10,1
1952577,1103,0,0,30,0
1952578,1103,0,1,30,0
1952579,1103,0,0,30,0
1952580,1103,0,1,30,0
1952581,1103,0,0,10,1
1952582,1103,1,1,10,1
1952583,1103,0,0,30,0
1952584,1103,0,1,20,0
1952585,1103,1,1,30,0
1952586,1103,1,1,10,1
1952587,1103,1,1,10,1
1952588,1103,0,0,30,0
1952589,1103,1,1,10,1
1952590,1103,1,1,20,0
1952591,1103,0,1,10,1
1952592,1103,1,1,10,1
1952593,1103,0,0,30,0
1952594,1103,1,1,10,1
1952595,1103,1,0,10,1
1952596,1103,0,1,20,0
1952597,1103,0,0,30,0
1952598,1103,1,1,10,1
1952599,1103,1,1,10,1
1952600,1103,0,1,20,0
1952601,1103,0,0,20,0
1952602,1200,0,0,30,0
1952603,1103,0,1,30,0
1952604,1200,0,0,30,0
1952605,1210,0,0,20,0
1952606,1210,0,0,30,0
1952607,1103,0,0,40,0
1952608,1103,0,1,20,0
1952609,1103,0,0,30,0
1952610,1221,0,0,10,1
1952611,1221,0,0,40,0
1952612,1221,0,0,40,0
1952613,1221,0,0,50,0
1952614,1221,0,0,50,0
1952615,1103,0,0,10,1
1952616,1221,0,0,10,1
1952617,1221,0,0,50,0
1952618,1221,0,0,10,1
1952619,1221,0,0,50,0
1952620,1221,0,0,50,0
1952621,1221,0,0,10,1
1952622,1221,0,0,10,1
1952623,1221,0,0,50,0
1952624,1221,0,0,50,0
1952625,1221,0,0,60,0
1952626,1221,0,0,60,0
1952627,1221,0,0,50,0
1952628,1221,0,0,40,0
1952629,1221,0,0,40,0
1952630,1221,0,0,50,0
1952631,1200,0,0,50,0
1952632,1104,0,0,60,0
1952633,1103,0,0,60,0
1952634,1106,0,0,50,0
1952635,1221,0,0,10,1
1952636,1221,0,0,50,0
1952637,1221,0,0,50,0
1952638,1221,0,0,50,0
1952639,1221,0,0,50,0
1952640,1221,0,0,50,0
1952641,1221,0,0,50,0
1952642,1221,0,0,60,0
1952643,1221,0,0,30,0
1952644,1221,0,0,50,0
1952645,1221,0,0,60,0
1952646,1221,1,0,10,1
1952647,1004,0,0,60,0
1952648,1221,0,0,20,0
1952649,1221,0,0,50,0
1952650,1104,0,0,50,0
1952651,1221,0,0,30,0
1952652,1221,0,0,20,0
1952653,1221,0,0,60,0
1952654,1221,0,0,50,0
1952655,1104,0,0,50,0
1952656,1221,0,0,50,0
1952657,1221,0,0,60,0
1952658,1221,0,0,50,0
1952659,1221,0,0,60,0
1952660,1221,0,0,30,0
1952661,1004,0,0,60,0
1952662,1221,0,0,30,0
1952663,1221,0,0,50,0
1952664,1221,0,0,60,0
1952665,1221,0,0,60,0
1952666,1221,0,0,50,0
1952667,1221,0,0,50,0
1952668,1222,0,0,80,0
1952669,1006,0,0,60,0
1952670,1222,0,0,10,1
1952671,1222,0,0,80,0
1952672,1006,0,0,20,0
1952673,1104,0,0,60,0
1952674,1106,0,0,30,0
1952675,1106,0,0,30,0
1952677,1103,0,0,30,0
1952678,1222,0,0,80,0
1952679,1222,0,0,80,0
1952680,1210,0,0,80,0
1952681,1104,0,0,60,0
1952682,1210,0,0,60,0
1952683,1222,0,0,80,0
1952684,1222,0,0,80,0
1952685,1004,1,1,20,0
1952686,1222,0,0,80,0
1952687,1210,0,0,80,0
1952688,1004,0,0,80,0
1952689,1003,0,1,20,0
1952690,1222,0,0,80,0
1952691,1104,1,0,20,0
1952692,1104,0,0,20,0
1952693,1222,0,0,80,0
1952694,1103,0,0,40,0
1952695,1003,1,1,10,1
1952696,1210,0,1,10,1
1952697,1103,0,1,20,0
1952698,1103,0,0,20,0
1952699,1221,0,0,10,1
1952700,1221,0,0,50,0
1952701,1221,0,0,50,0
1952702,1103,0,0,20,0
1952703,1106,0,0,20,0
1952704,1106,0,0,20,0
1952705,1104,1,1,10,1
1952706,1106,1,0,20,0
1952707,1106,1,1,20,0
1952708,1104,0,0,30,0
1952709,1106,0,0,20,0
1952710,1104,0,0,30,0
1952711,1106,0,0,20,0
1952712,1102,0,0,40,0
1952713,1103,0,0,30,0
1952714,1003,0,0,20,0
1952715,1006,0,0,30,0
1952716,1104,0,0,30,0
1952717,1104,0,0,30,0
1952718,1223,0,0,80,0
1952719,1223,0,0,80,0
1952721,1223,0,0,80,0
1952722,1223,0,1,10,1
1952723,1223,0,0,80,0
1952724,1223,0,0,90,0
1952727,1103,0,0,30,0
1952728,1222,0,0,80,0
1952729,1223,0,0,80,0
1952730,1223,0,0,80,0
1952731,1223,0,0,90,0
1952732,1223,0,0,80,0
1952733,1223,0,0,30,0
1952734,1223,1,1,10,1
1952735,1223,0,0,80,0
1952736,1223,0,0,40,0
1952737,1103,0,0,90,0
1952738,1103,0,0,80,0
1952739,1223,0,0,90,0
1952740,1210,0,0,80,0
1952741,1223,0,0,60,0
1952742,1223,0,0,90,0
1952743,1223,0,0,10,1
1952744,1223,0,0,80,0
1952746,1004,0,0,60,0
1952747,1004,0,0,60,0
1952748,1004,0,0,60,0
1952749,1006,0,0,30,0
1952750,1006,0,0,60,0
1952751,1008,0,0,30,0
1952752,1008,0,0,30,0
1952753,1008,0,1,10,1
1952754,1008,0,0,10,1
1952755,1008,0,0,20,0
1952756,1106,0,0,30,0
1952757,1008,0,1,10,1
1952758,1008,0,0,30,0
1952759,1008,0,0,40,0
1952760,1008,0,0,10,1
1952761,1008,0,0,20,0
1952762,1008,0,0,40,0
1952763,1008,1,0,20,0
1952764,1008,0,0,30,0
1952765,1008,0,0,30,0
1952766,1008,1,1,10,1
1952767,1008,0,0,40,0
1952768,1008,0,0,20,0
1952769,1008,0,1,10,1
1952770,1008,0,0,20,0
1952771,1008,0,0,40,0
1952772,1008,0,0,60,0
1952773,1008,0,0,30,0
1952774,1008,0,0,40,0
1952775,1008,0,0,30,0
1952776,1008,0,0,40,0
1952777,1008,0,0,30,0
1952778,1008,0,0,60,0
1952779,1008,0,0,40,0
1952780,1008,0,0,30,0
1952781,1008,0,0,40,0
1952782,1008,0,1,20,0
1952783,1008,0,0,60,0
1952784,1008,0,0,30,0
1952785,1008,0,0,60,0
1952786,1008,0,0,30,0
1952787,1008,0,0,40,0
1952788,1008,0,0,40,0
1952789,1008,0,0,40,0
1952790,1008,0,0,40,0
1952791,1104,0,0,60,0
1952792,1104,0,0,60,0
1952793,1104,0,0,60,0
1952794,1104,0,0,60,0
1952795,1104,0,0,40,0
1952796,1104,0,0,60,0
1952797,1104,0,0,60,0
1952798,1104,0,0,60,0
1952799,1104,0,0,60,0
1952800,1104,0,0,60,0
1952801,1104,0,0,60,0
1952802,1104,0,0,60,0
1952803,1104,0,0,60,0
1952804,1106,0,0,60,0
1952805,1106,0,0,30,0
1952806,1106,0,0,30,0
1952807,1106,0,0,60,0
1952808,1106,0,0,60,0
1952809,1106,0,0,60,0
1952810,1221,0,0,50,0
1952811,1210,0,0,60,0
1952812,1210,0,0,30,0
1952813,1004,0,0,60,0
1952814,1104,0,0,30,0
1952815,1104,0,0,60,0
1952816,1104,0,0,60,0
1952817,1104,0,0,60,0
1952818,1104,0,0,60,0
1952819,1004,0,0,60,0
1952820,1004,0,0,60,0
1952821,1221,0,0,50,0
1952822,1008,0,0,60,0
1952823,1008,0,0,30,0
1952824,1008,1,1,10,1
1952825,1008,1,1,10,1
1952826,1104,0,0,60,0
1952827,1106,0,0,60,0
1952828,1106,0,0,30,0
1952829,1106,0,0,60,0
1952830,1106,0,0,30,0
1952831,1004,0,0,30,0
1952832,1004,0,0,60,0
1952833,1104,0,0,30,0
1952834,1104,0,0,30,0
1952835,1104,0,0,30,0
1952836,1104,0,0,60,0
1952837,1104,0,0,30,0
1952838,1104,0,0,30,0
1952839,1106,0,0,40,0
1952840,1106,0,0,90,0
1952841,1106,0,0,40,0
1952842,1106,0,0,30,0
1952843,1106,0,0,30,0
1952844,1004,0,0,60,0
1952845,1104,0,0,30,0
1952846,1104,0,0,60,0
1952847,1104,0,0,30,0
1952848,1104,0,0,30,0
1952849,1104,0,0,30,0
1952850,1104,0,0,60,0
1952851,1106,0,0,30,0
1952852,1008,0,0,60,0
1952853,1008,0,0,30,0
1952854,1008,0,0,60,0
1952855,1008,0,0,30,0
1952856,1008,0,0,40,0
1952857,1008,0,0,30,0
1952858,1008,0,0,40,0
1952859,1008,0,0,10,1
1952860,1008,0,0,30,0
1952861,1008,0,0,40,0
1952862,1008,0,0,40,0
1952863,1008,0,0,40,0
1952864,1008,1,0,20,0
1952865,1008,0,0,30,0
1952866,1008,0,1,20,0
1952867,1008,0,0,60,0
1952868,1008,0,1,20,0
1952869,1008,0,0,10,1
1952870,1008,0,0,40,0
1952871,1008,1,1,10,1
1952872,1008,0,0,40,0
1952873,1008,0,0,40,0
1952874,1008,0,1,10,1
1952875,1008,0,0,40,0
1952876,1008,0,0,40,0
1952877,1008,0,0,60,0
1952878,1008,0,0,30,0
1952879,1008,1,1,10,1
1952880,1008,0,0,60,0
1952881,1008,0,0,40,0
1952882,1008,1,1,10,1
1952883,1008,0,0,40,0
1952884,1008,0,0,30,0
1952885,1104,0,0,30,0
1952886,1104,0,0,20,0
1952887,1104,0,0,60,0
1952888,1104,0,0,60,0
1952889,1104,0,0,50,0
1952890,1104,0,0,60,0
1952891,1104,0,0,60,0
1952892,1106,0,0,40,0
1952893,1106,0,0,40,0
1952894,1106,0,0,30,0
1952895,1106,0,0,30,0
1952896,1106,0,0,30,0
1952897,1106,0,0,60,0
1952898,1106,0,0,60,0
1952899,1200,0,0,30,0
1952900,1200,0,0,30,0
1952901,1200,0,0,20,0
1952902,1200,0,0,40,0
1952903,1200,0,0,40,0
1952904,1200,0,0,30,0
1952905,1200,0,0,10,1
1952906,1210,0,0,60,0
1952907,1210,1,1,10,1
1952908,1004,0,0,60,0
1952909,1004,0,0,60,0
1952910,1004,0,0,60,0
1952911,1004,0,0,60,0
1952912,1004,0,0,60,0
1952913,1104,0,0,60,0
1952914,1104,0,0,30,0
1952915,1104,0,0,30,0
1952916,1104,0,0,30,0
1952917,1104,0,0,30,0
1952918,1104,0,0,40,0
1952919,1104,0,0,40,0
1952920,1104,0,0,30,0
1952921,1104,0,0,30,0
1952922,1104,0,0,30,0
1952923,1104,0,0,30,0
1952924,1106,0,0,60,0
1952925,1008,0,0,30,0
1952926,1008,0,0,30,0
1952927,1008,1,1,10,1
1952928,1008,0,0,40,0
1952929,1104,0,0,30,0
1952930,1104,0,0,30,0
1952931,1104,0,0,60,0
1952932,1104,1,1,10,1
1952933,1104,0,0,60,0
1952934,1104,0,0,40,0
1952935,1104,0,0,60,0
1952936,1104,0,0,20,0
1952937,1104,0,0,60,0
1952938,1104,0,0,60,0
1952939,1008,0,0,30,0
1952940,1004,0,0,60,0
1952941,1103,1,1,20,0
1952942,1103,0,0,40,0
1952943,1103,0,0,40,0
1952944,1103,0,0,40,0
1952945,1103,1,1,20,0
1952946,1106,0,0,30,0
1952947,1103,0,0,20,0
1952948,1103,1,1,20,0
1952949,1103,0,0,40,0
1952950,1106,0,0,20,0
1952951,1106,0,0,30,0
1952952,1106,1,1,20,0
1952953,1106,0,0,40,0
1952954,1106,1,0,20,0
1952955,1106,0,0,20,0
1952956,1106,0,0,30,0
1952957,1106,0,0,30,0
1952958,1106,0,1,20,0
1952959,1106,0,0,30,0
1952960,1106,0,0,40,0
1952961,1221,0,0,50,0
1952962,1106,0,0,30,0
1952963,1200,0,0,50,0
1952964,1222,0,0,30,0
1952965,1103,1,1,10,1
1952966,1103,0,1,30,0
1952967,1106,0,0,30,0
1952968,1106,0,0,30,0
1952969,1106,0,0,30,0
1952970,1210,0,0,30,0
1952971,1003,1,1,10,1
1952972,1006,0,0,30,0
1952973,1006,1,0,30,0
1952974,1006,0,1,20,0
1952975,1006,0,0,20,0
1952976,1006,1,1,20,0
1952977,1006,0,0,30,0
1952978,1103,1,1,10,1
1952979,1103,0,1,30,0
1952980,1103,1,1,20,0
1952981,1103,0,0,40,0
1952982,1103,0,0,40,0
1952983,1103,0,1,20,0
1952984,1103,1,1,20,0
1952985,1103,0,0,30,0
1952986,1103,0,0,20,0
1952987,1103,0,0,30,0
1952988,1103,0,0,20,0
1952989,1004,0,0,30,0
1952990,1104,0,0,30,0
1952991,1104,0,0,30,0
1952992,1104,0,0,30,0
1952993,1104,0,1,20,0
1952994,1104,0,0,20,0
1952995,1104,0,0,30,0
1952996,1104,0,0,30,0
1952997,1106,0,0,30,0
1952998,1106,0,0,30,0
1952999,1106,0,0,30,0
1953000,1106,0,0,30,0
1953001,1106,0,0,30,0
1953002,1106,1,1,20,0
1953003,1106,0,0,30,0
1953004,1106,0,0,30,0
1953005,1106,0,0,30,0
1953006,1106,0,0,30,0
1953007,1106,0,0,30,0
1953008,1106,0,0,30,0
1953009,1106,0,0,30,0
1953010,1106,1,1,20,0
1953011,1210,0,0,30,0
1953012,1103,0,0,20,0
1953013,1103,1,1,20,0
1953014,1103,0,1,40,0
1953015,1103,0,1,20,0
1953016,1103,1,0,30,0
1953017,1103,0,0,40,0
1953018,1103,1,1,20,0
1953019,1103,1,1,20,0
1953020,1103,0,0,20,0
1953021,1102,0,0,30,0
1953022,1102,1,1,95,1
1953023,1103,0,0,40,0
1953024,1103,1,1,30,0
1953025,1103,0,0,30,0
1953026,1103,1,1,10,1
1953027,1103,1,1,10,1
1953028,1103,0,0,30,0
1953029,1103,1,1,10,1
1953030,1103,0,0,10,1
1953031,1103,0,0,30,0
1953032,1103,0,1,20,0
1953033,1103,0,0,30,0
1953034,1103,0,0,60,0
1953035,1221,0,0,50,0
1953036,1103,0,0,10,1
1953037,1103,0,1,30,0
1953038,1103,1,0,20,0
1953039,1103,0,0,10,1
1953040,1003,0,0,30,0
1953041,1103,1,1,10,1
1953042,1103,1,1,10,1
1953043,1003,0,1,30,0
1953044,1003,0,1,20,0
1953045,1006,0,0,60,0
1953046,1103,0,0,30,0
1953047,1003,1,1,20,0
1953048,1103,1,1,20,0
1953049,1103,0,0,30,0
1953050,1103,0,0,20,0
1953051,1103,0,0,30,0
1953052,1103,0,0,20,0
1953053,1103,0,0,40,0
1953054,1103,1,0,20,0
1953055,1103,0,0,30,0
1953056,1103,0,0,20,0
1953057,1103,0,0,40,0
1953058,1103,0,1,20,0
1953059,1106,0,0,30,0
1953060,1106,0,0,30,0
1953061,1106,0,0,30,0
1953062,1106,0,0,40,0
1953063,1106,0,0,30,0
1953064,1106,0,0,40,0
1953065,1106,0,0,20,0
1953066,1106,0,0,20,0
1953067,1106,0,0,20,0
1953068,1106,0,0,30,0
1953069,1106,0,0,20,0
1953070,1106,0,0,40,0
1953071,1106,0,0,30,0
1953072,1106,0,0,30,0
1953073,1106,0,0,30,0
1953074,1104,0,0,30,0
1953075,1104,0,0,30,0
1953076,1104,0,0,60,0
1953077,1104,0,0,30,0
1953078,1104,0,0,30,0
1953079,1104,0,0,30,0
1953080,1106,0,0,30,0
1953081,1106,0,0,30,0
1953082,1106,0,0,40,0
1953083,1106,0,0,40,0
1953084,1106,0,0,30,0
1953085,1106,0,0,30,0
1953086,1106,0,0,40,0
1953087,1106,0,0,30,0
1953088,1106,0,0,30,0
1953089,1106,0,0,30,0
1953090,1106,0,0,40,0
1953091,1106,0,0,30,0
1953092,1103,1,1,10,1
1953093,1103,0,0,40,0
1953094,1103,1,1,10,1
1953095,1103,1,1,20,0
1953096,1103,0,0,60,0
1953097,1103,1,1,10,1
1953098,1103,0,1,20,0
1953099,1103,0,0,20,0
1953100,1103,0,0,20,0
1953101,1103,0,1,10,1
1953102,1103,0,0,20,0
1953103,1103,1,1,10,1
1953104,1103,0,0,40,0
1953105,1103,1,0,20,0
1953106,1103,0,0,40,0
1953107,1103,0,0,20,0
1953108,1103,0,0,20,0
1953109,1103,0,0,20,0
1953110,1103,1,1,10,1
1953111,1103,0,0,40,0
1953112,1103,0,1,20,0
1953113,1103,0,0,30,0
1953114,1103,0,0,40,0
1953115,1103,0,0,40,0
1953116,1103,0,0,40,0
1953117,1103,0,0,40,0
1953118,1103,0,0,20,0
1953119,1103,0,0,40,0
1953120,1103,0,0,40,0
1953121,1103,0,0,20,0
1953122,1103,1,1,10,1
1953123,1103,1,1,10,1
1953124,1103,0,0,40,0
1953125,1103,0,0,30,0
1953126,1103,1,1,20,0
1953127,1103,0,0,40,0
1953128,1103,1,1,20,0
1953129,1103,0,0,40,0
1953130,1104,0,0,60,0
1953131,1104,0,0,30,0
1953132,1104,0,0,30,0
1953133,1106,0,0,40,0
1953134,1106,0,0,40,0
1953135,1106,0,0,40,0
1953136,1106,0,0,40,0
1953137,1106,0,0,30,0
1953138,1106,0,0,30,0
1953139,1106,0,0,30,0
1953140,1106,0,0,40,0
1953141,1106,0,0,40,0
1953142,1106,0,0,30,0
1953143,1106,0,0,40,0
1953144,1106,0,0,30,0
1953145,1106,0,0,30,0
1953146,1106,0,0,30,0
1953147,1106,0,0,40,0
1953148,1106,0,0,30,0
1953149,1200,0,0,40,0
1953150,1200,0,0,10,1
1953151,1200,1,1,20,0
1953152,1200,0,0,50,0
1953153,1200,0,0,40,0
1953154,1200,0,0,30,0
1953155,1102,0,1,10,1
1953156,1102,0,1,10,1
1953157,1103,1,1,10,1
1953158,1103,0,0,30,0
1953159,1103,0,1,20,0
1953160,1103,0,0,30,0
1953161,1103,1,0,20,0
1953162,1221,0,0,50,0
1953163,1102,0,0,30,0
1953164,1103,1,1,10,1
1953165,1103,1,0,20,0
1953166,1103,0,0,30,0
1953167,1200,0,1,30,0
1953168,1102,0,0,10,1
1953169,1103,0,0,10,1
1953170,1103,0,0,10,1
1953171,1103,0,1,10,1
1953172,1103,0,0,30,0
1953173,1103,0,0,10,1
1953174,1200,0,0,30,0
1953175,1221,0,0,50,0
1953176,1103,0,0,30,0
1953177,1102,0,0,10,1
1953178,1102,0,0,10,1
1953179,1102,0,0,10,1
1953180,1103,0,0,40,0
1953181,1103,0,1,20,0
1953182,1103,0,0,10,1
1953183,1103,0,0,10,1
1953184,1103,0,1,10,1
1953185,1103,0,0,10,1
1953186,1103,0,0,20,0
1953187,1103,0,0,10,1
1953188,1103,0,0,10,1
1953189,1103,1,1,10,1
1953190,1103,0,0,10,1
1953191,1103,0,0,10,1
1953192,1103,0,0,30,0
1953193,1103,0,0,20,0
1953194,1221,0,0,10,1
1953195,1200,0,0,50,0
1953196,1002,1,1,10,1
1953197,1221,0,0,60,0
1953198,1102,0,0,30,0
1953199,1102,0,1,30,0
1953200,1102,1,1,10,1
1953201,1102,1,1,10,1
1953202,1102,1,1,10,1
1953203,1102,0,1,10,1
1953204,1200,0,0,40,0
1953205,1102,0,0,10,1
1953206,1102,0,0,10,1
1953207,1102,0,1,95,1
1953208,1102,0,1,20,0
1953209,1102,1,1,10,1
1953210,1103,0,0,20,0
1953211,1103,0,0,30,0
1953212,1103,0,0,20,0
1953213,1103,0,0,40,0
1953214,1103,0,0,10,1
1953215,1103,0,1,10,1
1953216,1221,0,0,10,1
1953217,1221,0,0,50,0
1953218,1200,0,1,30,0
1953219,1200,0,0,40,0
1953220,1200,1,0,20,0
1953221,1200,1,1,95,1
1953222,1200,0,1,30,0
1953223,1221,0,0,50,0
1953224,1200,0,0,10,1
1953225,1221,0,0,50,0
1953226,1221,0,0,50,0
1953227,1200,0,0,10,1
1953228,1200,0,1,10,1
1953229,1221,0,0,10,1
1953230,1221,0,0,50,0
1953231,1200,0,0,30,0
1953232,1102,0,0,90,0
1953233,1103,0,0,40,0
1953234,1221,0,0,50,0
1953235,1221,0,0,50,0
1953236,1002,0,0,30,0
1953237,1002,0,0,30,0
1953238,1003,0,0,30,0
1953239,1003,0,0,30,0
1953240,1103,0,0,10,1
1953241,1103,0,0,30,0
1953242,1210,0,0,80,0
1953243,1210,1,1,10,1
1953244,1003,0,0,30,0
1953245,1103,0,0,30,0
1953246,1106,0,0,40,0
1953247,1221,0,0,50,0
1953248,1221,0,0,50,0
1953249,1221,0,0,50,0
1953250,1221,0,0,60,0
1953251,1221,0,0,30,0
1953252,1221,0,0,50,0
1953253,1221,0,0,60,0
1953254,1221,0,0,60,0
1953255,1221,0,0,50,0
1953256,1221,0,0,10,1
1953257,1221,0,0,20,0
1953258,1221,0,0,50,0
1953259,1221,0,0,50,0
1953260,1221,0,0,50,0
1953261,1103,0,0,50,0
1953262,1221,0,0,50,0
1953263,1106,0,0,30,0
1953264,1221,0,0,40,0
1953265,1103,0,0,50,0
1953266,1221,0,0,50,0
1953267,1008,0,0,60,0
1953268,1221,0,0,50,0
1953269,1221,0,0,50,0
1953270,1221,0,0,60,0
1953271,1106,0,0,50,0
1953272,1221,0,0,50,0
1953273,1221,0,0,30,0
1953274,1106,0,0,60,0
1953275,1106,0,0,50,0
1953276,1221,0,0,50,0
1953277,1221,0,0,50,0
1953278,1221,0,0,50,0
1953279,1008,0,0,30,0
1953280,1221,0,0,50,0
1953281,1221,0,0,50,0
1953282,1221,0,0,50,0
1953283,1221,0,0,50,0
1953284,1106,0,0,50,0
1953285,1221,0,0,60,0
1953286,1106,0,0,50,0
1953287,1103,0,1,10,1
1953288,1104,0,0,60,0
1953289,1221,0,0,60,0
1953290,1221,0,0,50,0
1953291,1221,0,0,50,0
1953292,1221,0,0,50,0
1953293,1221,0,0,30,0
1953294,1103,0,0,60,0
1953295,1221,0,0,30,0
1953296,1221,0,0,50,0
1953297,1221,0,0,10,1
1953298,1221,0,0,50,0
1953299,1200,0,0,10,1
1953300,1221,0,0,50,0
1953301,1221,0,0,10,1
1953302,1221,0,0,50,0
1953303,1221,0,0,50,0
1953304,1221,0,0,50,0
1953305,1221,0,0,50,0
1953306,1221,0,0,50,0
1953307,1221,0,0,50,0
1953308,1221,0,0,50,0
1953309,1221,0,0,40,0
1953310,1221,0,0,40,0
1953311,1103,0,0,50,0
1953312,1221,0,0,50,0
1953313,1221,0,0,10,1
1953314,1221,0,0,50,0
1953315,1221,0,0,50,0
1953316,1221,0,0,10,1
1953317,1103,0,0,10,1
1953318,1106,0,0,10,1
1953319,1221,0,0,50,0
1953320,1221,0,0,50,0
1953321,1221,0,0,50,0
1953322,1221,0,0,50,0
1953323,1221,0,0,50,0
1953324,1221,0,0,10,1
1953325,1221,0,0,60,0
1953326,1221,0,0,50,0
1953327,1221,0,0,50,0
1953328,1221,0,0,50,0
1953329,1221,0,0,50,0
1953330,1221,0,0,40,0
1953331,1221,0,0,50,0
1953332,1103,0,0,50,0
1953333,1221,0,0,20,0
1953334,1221,0,0,50,0
1953335,1221,0,0,50,0
1953336,1221,0,0,50,0
1953337,1102,0,0,50,0
1953338,1221,0,0,50,0
1953339,1008,0,0,30,0
1953340,1221,0,0,50,0
1953341,1221,0,0,50,0
1953342,1103,0,0,50,0
1953343,1221,0,0,50,0
1953344,1106,0,0,50,0
1953345,1221,0,0,50,0
1953346,1221,0,0,50,0
1953347,1221,0,0,50,0
1953348,1104,0,0,50,0
1953349,1221,0,0,10,1
1953350,1103,0,0,40,0
1953351,1008,0,0,50,0
1953352,1221,0,0,50,0
1953353,1221,0,0,40,0
1953354,1221,0,0,50,0
1953355,1221,0,0,10,1
1953356,1221,0,0,10,1
1953357,1103,0,0,60,0
1953358,1221,0,0,50,0
1953359,1221,0,0,50,0
1953360,1221,0,0,50,0
1953361,1221,0,0,50,0
1953362,1221,0,0,60,0
1953363,1221,0,0,50,0
1953364,1103,0,0,10,1
1953365,1210,0,0,50,0
1953366,1004,0,0,60,0
1953367,1221,0,0,10,1
1953368,1221,0,0,10,1
1953369,1210,0,1,95,1
1953370,1222,0,0,80,0
1953371,1102,0,0,20,0
1953372,1103,1,1,10,1
1953373,1102,0,1,30,0
1953374,1103,0,0,10,1
1953375,1103,0,0,10,1
1953376,1103,0,0,10,1
1953377,1222,0,0,90,0
1953378,1102,1,1,10,1
1953379,1222,0,0,80,0
1953380,1102,1,1,10,1
1953381,1223,0,0,90,0
1953382,1222,0,0,80,0
1953383,1104,0,0,30,0
1953384,1103,1,0,95,1
1953385,1222,0,0,80,0
1953386,1103,0,1,10,1
1953387,1103,0,0,30,0
1953388,1003,0,0,30,0
1953389,1222,0,0,80,0
1953390,1104,0,0,80,0
1953391,1102,0,0,80,0
1953392,1103,0,0,10,1
1953393,1102,0,0,10,1
1953394,1102,0,1,10,1
1953395,1222,0,0,60,0
1953396,1222,0,0,90,0
1953397,1102,1,1,10,1
1953398,1103,0,0,90,0
1953399,1210,0,1,10,1
1953400,1004,0,0,80,0
1953401,1102,1,1,95,1
1953402,1103,0,0,20,0
1953403,1102,1,1,10,1
1953404,1222,0,0,80,0
1953405,1106,0,0,40,0
1953406,1103,1,1,20,0
1953407,1102,0,0,40,0
1953408,1104,0,0,60,0
1953409,1102,1,1,95,1
1953410,1008,0,0,40,0
1953411,1210,0,0,60,0
1953412,1223,0,0,80,0
1953413,1103,0,0,20,0
1953414,1222,0,0,90,0
1953415,1102,0,0,10,1
1953416,1103,0,0,20,0
1953417,1103,0,0,40,0
1953418,1006,0,0,30,0
1953419,1004,0,0,60,0
1953420,1004,0,0,60,0
1953421,1104,0,0,30,0
1953422,1104,0,0,30,0
1953423,1104,0,0,30,0
1953424,1104,0,0,30,0
1953425,1104,0,0,60,0
1953426,1104,0,0,30,0
1953427,1106,0,0,30,0
1953428,1104,0,0,60,0
1953429,1104,0,0,30,0
1953430,1104,0,0,20,0
1953431,1104,0,0,30,0
1953432,1106,0,0,30,0
1953433,1106,0,0,20,0
1953434,1221,0,0,50,0
1953435,1004,0,0,60,0
1953436,1102,0,0,20,0
1953437,1102,0,0,30,0
1953438,1103,1,1,10,1
1953439,1103,0,0,30,0
1953440,1103,1,1,20,0
1953441,1103,1,1,10,1
1953442,1106,1,1,20,0
1953443,1103,1,1,10,1
1953444,1103,1,1,20,0
1953445,1103,1,0,20,0
1953446,1102,1,1,20,0
1953447,1102,0,1,10,1
1953448,1102,1,1,10,1
1953449,1103,0,1,10,1
1953450,1200,0,0,50,0
1953451,1200,0,0,30,0
1953452,1004,0,0,30,0
1953453,1004,0,0,60,0
1953454,1104,0,0,30,0
1953455,1106,0,0,30,0
1953456,1104,0,0,30,0
1953457,1104,0,0,30,0
1953458,1104,0,0,30,0
1953459,1106,1,1,20,0
1953460,1102,0,0,30,0
1953461,1102,0,1,20,0
1953462,1103,0,1,30,0
1953463,1210,0,1,10,1
1953464,1103,1,1,20,0
1953465,1003,0,0,40,0
1953466,1103,0,0,30,0
1953467,1106,0,0,30,0
1953468,1102,0,0,60,0
1953469,1102,0,1,10,1
1953470,1102,0,0,30,0
1953471,1103,1,1,10,1
1953472,1103,0,1,10,1
1953473,1200,0,0,30,0
1953474,1102,1,1,10,1
1953475,1221,0,0,50,0
1953476,1221,0,0,10,1
1953477,1221,0,0,50,0
1953478,1221,0,0,50,0
1953479,1221,0,0,60,0
1953480,1221,0,0,30,0
1953481,1221,0,0,40,0
1953482,1221,0,0,50,0
1953483,1103,0,0,20,0
1953484,1103,0,0,30,0
1953485,1223,0,0,80,0
1953486,1223,0,0,40,0
1953487,1223,0,0,30,0
1953488,1222,0,0,80,0
1953489,1210,0,0,60,0
1953490,1223,0,0,40,0
1953491,1102,0,1,95,1
1953492,1210,0,0,80,0
1953493,1223,0,0,80,0
1953494,1223,0,0,90,0
1953495,1223,0,0,30,0
1953496,1223,0,0,40,0
1953498,1223,0,0,80,0
1953499,1223,0,0,30,0
1953500,1102,0,0,60,0
1953501,1106,0,0,10,1
1953502,1223,0,0,90,0
1953503,1223,0,0,10,1
1953504,1102,0,0,40,0
1953505,1210,0,0,90,0
1953506,1223,0,0,60,0
1953507,1103,0,0,30,0
1953509,1103,0,0,10,1
1953510,1004,0,0,20,0
1953511,1006,1,0,20,0
1953512,1006,0,0,20,0
1953513,1006,0,0,20,0
1953514,1004,0,0,20,0
1953515,1006,0,0,20,0
1953516,1004,0,0,20,0
1953517,1004,0,0,60,0
1953518,1106,0,0,50,0
1953519,1106,0,0,20,0
1953520,1103,1,1,20,0
1953521,1103,1,1,20,0
1953522,1103,1,1,20,0
1953523,1106,1,1,20,0
1953524,1103,1,1,10,1
1953525,1006,0,0,20,0
1953526,1103,0,0,40,0
1953527,1103,0,1,30,0
1953528,1103,0,0,20,0
1953529,1006,0,1,20,0
1953530,1103,0,0,40,0
1953531,1006,0,0,20,0
1953532,1006,0,0,30,0
1953533,1103,1,1,10,1
1953534,1103,1,1,20,0
1953535,1006,0,0,30,0
1953536,1103,1,1,10,1
1953537,1103,0,1,10,1
1953538,1003,0,0,20,0
1953539,1103,0,1,20,0
1953540,1006,0,0,20,0
1953541,1006,0,0,20,0
1953542,1103,1,1,10,1
1953543,1103,0,0,30,0
1953544,1103,1,1,10,1
1953545,1103,0,0,30,0
1953546,1006,0,0,30,0
1953547,1003,0,0,20,0
1953548,1006,0,1,20,0
1953549,1006,0,0,30,0
1953550,1006,0,0,20,0
1953551,1006,0,0,30,0
1953552,1004,0,0,60,0
1953553,1103,0,1,30,0
1953554,1103,0,1,20,0
1953555,1103,0,0,30,0
1953556,1006,0,0,30,0
1953557,1004,0,0,60,0
1953558,1004,0,0,20,0
1953559,1006,0,0,20,0
1953560,1103,1,1,10,1
1953561,1006,0,0,20,0
1953562,1106,0,0,20,0
1953563,1006,0,0,30,0
1953564,1103,0,0,30,0
1953565,1222,0,0,80,0
1953566,1106,0,0,30,0
1953567,1006,0,1,20,0
1953568,1103,0,0,30,0
1953569,1003,1,1,20,0
1953570,1006,1,1,10,1
1953571,1103,1,0,10,1
1953572,1103,0,0,30,0
1953573,1003,0,1,20,0
1953574,1103,1,1,10,1
1953575,1004,0,0,50,0
1953576,1006,0,1,20,0
1953577,1103,0,0,30,0
1953578,1006,0,0,20,0
1953579,1103,1,1,20,0
1953580,1006,0,0,30,0
1953581,1003,1,1,20,0
1953582,1103,1,1,20,0
1953583,1104,0,0,20,0
1953584,1103,1,1,10,1
1953585,1006,0,0,20,0
1953586,1006,0,0,20,0
1953587,1003,1,1,20,0
1953588,1004,0,0,20,0
1953589,1006,0,0,50,0
1953590,1006,0,0,20,0
1953591,1006,0,0,20,0
1953592,1003,1,1,10,1
1953593,1006,0,0,20,0
1953594,1006,0,0,20,0
1953595,1004,0,0,60,0
1953596,1006,1,0,20,0
1953597,1103,0,1,10,1
1953598,1003,1,1,10,1
1953599,1006,1,1,10,1
1953600,1006,0,0,20,0
1953601,1003,0,0,20,0
1953602,1200,0,0,30,0
1953603,1103,0,0,20,0
1953604,1104,0,0,30,0
1953605,1008,0,1,20,0
1953606,1003,1,1,20,0
1953607,1003,1,1,20,0
1953608,1103,1,1,10,1
1953609,1004,0,0,30,0
1953610,1006,0,0,20,0
1953611,1003,1,1,10,1
1953612,1006,1,1,20,0
1953613,1006,0,0,20,0
1953614,1006,1,1,10,1
1953615,1210,0,0,50,0
1953616,1004,0,0,30,0
1953617,1221,0,0,50,0
1953618,1103,1,1,10,1
1953619,1003,1,1,20,0
1953620,1221,0,0,50,0
1953621,1006,0,0,20,0
1953622,1008,0,0,30,0
1953623,1003,1,1,10,1
1953624,1003,1,1,10,1
1953625,1008,0,0,20,0
1953626,1003,1,1,10,1
1953627,1006,0,0,20,0
1953628,1006,0,0,20,0
1953629,1003,0,0,20,0
1953630,1003,1,1,30,0
1953631,1003,1,1,10,1
1953632,1200,0,0,30,0
1953633,1200,0,0,60,0
1953634,1006,0,0,20,0
1953635,1008,0,0,30,0
1953636,1006,0,0,20,0
1953637,1008,0,0,20,0
1953638,1008,0,0,30,0
1953639,1004,0,0,20,0
1953640,1006,1,1,20,0
1953641,1223,0,0,90,0
1953642,1008,0,0,40,0
1953643,1003,1,1,10,1
1953644,1004,0,0,20,0
1953645,1004,0,0,20,0
1953646,1221,0,0,30,0
1953647,1223,0,0,80,0
1953648,1006,0,0,20,0
1953649,1004,0,0,20,0
1953650,1006,0,0,20,0
1953651,1006,0,0,20,0
1953652,1003,0,1,30,0
1953653,1006,0,0,20,0
1953654,1006,0,0,20,0
1953655,1004,0,0,30,0
1953656,1003,1,0,20,0
1953657,1006,1,0,20,0
1953658,1006,0,0,20,0
1953659,1003,0,1,30,0
1953660,1003,1,1,10,1
1953661,1006,0,0,20,0
1953662,1003,0,1,30,0
1953663,1003,1,1,10,1
1953664,1006,0,0,20,0
1953665,1006,0,0,20,0
1953666,1006,0,0,20,0
1953667,1114,0,0,20,0
1953668,1014,0,1,30,0
1953669,1014,0,0,40,0
1953670,1003,0,0,30,0
1953671,1006,0,0,20,0
1953672,1014,0,0,20,0
1953673,1014,0,0,30,0
1953674,1014,0,0,30,0
1953675,1003,0,1,10,1
1953676,1003,1,1,10,1
1953677,1003,1,1,10,1
1953678,1004,0,0,20,0
1953679,1014,0,0,40,0
1953680,1006,0,0,20,0
1953681,1003,1,1,10,1
1953682,1014,0,0,30,0
1953683,1223,0,1,20,0
1953684,1014,0,1,20,0
1953685,1114,0,0,20,0
1953686,1114,0,1,20,0
1953687,1014,0,0,30,0
1953688,1006,0,0,30,0
1953689,1114,0,1,10,1
1953690,1014,0,0,20,0
1953691,1003,0,1,30,0
1953692,1014,0,1,30,0
1953693,1006,0,0,20,0
1953694,1014,1,1,20,0
1953695,1006,0,1,20,0
1953696,1014,0,0,20,0
1953697,1014,0,0,30,0
1953698,1014,0,0,20,0
1953699,1014,0,1,10,1
1953700,1003,0,1,20,0
1953701,1014,0,0,30,0
1953702,1003,0,0,10,1
1953703,1003,0,1,20,0
1953704,1003,0,1,20,0
1953705,1014,0,0,20,0
1953706,1006,0,0,20,0
1953707,1014,0,0,40,0
1953708,1003,0,1,20,0
1953709,1006,1,0,10,1
1953710,1003,0,0,30,0
1953711,1014,0,0,30,0
1953712,1006,0,0,20,0
1953713,1014,0,0,30,0
1953714,1003,0,0,30,0
1953715,1003,0,1,20,0
1953716,1003,0,0,30,0
1953717,1003,0,1,20,0
1953718,1003,1,1,10,1
1953719,1003,1,1,10,1
1953720,1006,0,0,20,0
1953721,1006,0,0,20,0
1953722,1003,0,0,90,0
1953723,1004,0,0,30,0
1953724,1003,0,0,30,0
1953725,1006,0,0,30,0
1953726,1003,0,0,30,0
1953727,1003,0,1,20,0
1953728,1004,0,0,30,0
1953729,1006,0,0,20,0
1953730,1003,1,1,10,1
1953731,1006,0,0,20,0
1953732,1223,0,0,90,0
1953733,1223,1,1,10,1
1953734,1003,0,0,30,0
1953735,1003,0,0,20,0
1953736,1006,0,0,20,0
1953737,1006,1,1,20,0
1953738,1006,0,0,20,0
1953739,1003,1,1,10,1
1953740,1003,0,0,30,0
1953741,1004,0,0,20,0
1953742,1006,0,0,20,0
1953743,1003,1,1,10,1
1953744,1003,0,0,30,0
1953745,1006,0,0,20,0
1953746,1006,0,0,20,0
1953747,1006,0,0,20,0
1953748,1003,1,1,10,1
1953749,1103,0,1,10,1
1953750,1006,0,0,20,0
1953751,1103,1,1,20,0
1953752,1006,0,0,20,0
1953753,1223,0,0,30,0
1953754,1006,0,0,30,0
1953755,1004,0,0,30,0
1953756,1006,0,0,20,0
1953757,1006,1,1,20,0
1953758,1006,1,0,20,0
1953759,1015,0,0,20,0
1953760,1015,0,0,30,0
1953761,1223,0,0,90,0
1953762,1006,0,0,20,0
1953763,1015,1,1,10,1
1953764,1006,0,0,20,0
1953765,1223,0,0,90,0
1953766,1004,0,0,30,0
1953767,1223,0,0,90,0
1953768,1006,0,0,90,0
1953769,1223,0,0,90,0
1953770,1103,1,1,10,1
1953771,1103,1,1,10,1
1953772,1006,0,0,20,0
1953773,1006,0,0,20,0
1953774,1006,0,0,20,0
1953775,1103,1,1,20,0
1953776,1015,0,0,30,0
1953777,1004,0,0,20,0
1953778,1006,0,0,30,0
1953779,1223,0,0,20,0
1953780,1221,0,0,30,0
1953781,1003,0,0,30,0
1953782,1003,0,0,30,0
1953783,1006,0,0,20,0
1953784,1006,0,0,20,0
1953785,1223,0,0,90,0
1953786,1006,0,0,30,0
1953787,1103,0,0,90,0
1953788,1103,0,0,90,0
1953789,1006,0,0,30,0
1953790,1003,1,1,10,1
1953791,1210,0,0,30,0
1953792,1006,0,0,30,0
1953793,1006,0,0,30,0
1953794,1015,0,0,20,0
1953795,1103,0,1,20,0
1953796,1223,0,0,90,0
1953797,1006,0,0,20,0
1953798,1003,1,1,10,1
1953799,1006,0,0,30,0
1953800,1106,1,1,20,0
1953801,1003,0,0,30,0
1953802,1223,0,0,80,0
1953803,1003,1,1,20,0
1953804,1006,0,0,20,0
1953805,1006,0,0,20,0
1953806,1006,0,0,20,0
1953807,1006,0,0,20,0
1953808,1006,0,0,30,0
1953809,1003,1,1,10,1
1953810,1006,0,0,20,0
1953811,1006,0,0,20,0
1953812,1006,0,0,60,0
1953813,1223,0,0,90,0
1953814,1006,0,0,20,0
1953815,1006,1,0,20,0
1953816,1006,0,0,20,0
1953817,1006,0,0,20,0
1953818,1006,0,0,30,0
1953819,1006,0,0,30,0
1953820,1003,1,1,10,1
1953821,1006,1,1,20,0
1953822,1006,0,0,20,0
1953823,1006,0,0,40,0
1953824,1006,0,0,20,0
1953825,1200,0,0,30,0
1953826,1222,0,0,80,0
1953827,1103,1,1,10,1
1953828,1006,0,0,20,0
1953829,1106,0,0,90,0
1953830,1006,0,0,20,0
1953831,1006,0,1,20,0
1953832,1006,0,0,30,0
1953833,1015,1,1,10,1
1953834,1006,0,0,40,0
1953835,1103,0,0,30,0
1953836,1006,0,0,30,0
1953837,1003,1,1,10,1
1953838,1006,0,0,20,0
1953839,1106,1,1,10,1
1953840,1003,0,0,30,0
1953841,1106,0,0,30,0
1953842,1221,0,0,50,0
1953843,1223,0,0,80,0
1953844,1014,0,1,10,1
1953845,1014,0,0,30,0
1953846,1006,0,0,30,0
1953847,1014,0,0,30,0
1953848,1006,0,0,20,0
1953849,1221,0,0,50,0
1953850,1006,0,0,20,0
1953851,1014,0,0,30,0
1953852,1014,0,0,30,0
1953853,1014,1,0,10,1
1953854,1014,0,0,20,0
1953855,1014,1,0,20,0
1953856,1006,0,0,20,0
1953857,1014,0,0,30,0
1953858,1014,0,0,30,0
1953859,1223,0,0,20,0
1953860,1014,0,0,20,0
1953861,1003,0,0,30,0
1953862,1014,0,0,30,0
1953863,1106,0,0,20,0
1953864,1222,0,0,30,0
1953865,1006,0,0,20,0
1953866,1221,0,0,10,1
1953867,1006,1,0,30,0
1953868,1006,0,0,30,0
1953869,1014,1,0,20,0
1953870,1103,0,1,20,0
1953871,1106,0,0,30,0
1953872,1106,0,0,30,0
1953873,1006,0,0,20,0
1953874,1006,0,1,20,0
1953875,1006,0,0,20,0
1953876,1006,0,0,20,0
1953877,1223,1,1,20,0
1953878,1106,0,0,30,0
1953879,1006,0,0,30,0
1953880,1103,1,1,10,1
1953881,1221,0,0,30,0
1953882,1006,0,0,20,0
1953883,1103,1,1,10,1
1953884,1003,1,1,10,1
1953885,1006,1,1,20,0
1953886,1006,1,1,20,0
1953887,1006,0,1,20,0
1953888,1006,1,0,20,0
1953889,1006,0,0,30,0
1953890,1015,0,0,30,0
1953891,1223,0,0,80,0
1953892,1015,0,0,20,0
1953893,1006,0,0,30,0
1953894,1015,0,0,30,0
1953895,1006,0,0,20,0
1953896,1006,0,0,20,0
1953897,1106,0,0,20,0
1953898,1006,0,0,30,0
1953899,1106,1,1,10,1
1953900,1015,0,0,40,0
1953901,1223,0,0,80,0
1953902,1103,1,1,20,0
1953903,1210,1,1,10,1
1953904,1006,0,0,20,0
1953905,1006,0,0,20,0
1953906,1106,0,0,30,0
1953907,1015,0,0,60,0
1953908,1015,0,0,30,0
1953909,1103,1,1,10,1
1953910,1015,0,0,20,0
1953911,1103,0,0,40,0
1953912,1006,1,1,20,0
1953913,1223,0,0,30,0
1953914,1221,0,0,60,0
1953915,1103,0,1,20,0
1953916,1006,1,1,20,0
1953917,1103,0,0,30,0
1953918,1103,0,0,30,0
1953919,1222,0,0,80,0
1953920,1015,1,1,20,0
1953921,1015,1,1,10,1
1953922,1106,0,0,60,0
1953923,1106,0,1,10,1
1953924,1106,0,0,30,0
1953925,1106,1,1,20,0
1953926,1223,0,0,80,0
1953927,1221,0,0,30,0
1953928,1200,1,1,20,0
1953929,1210,0,0,80,0
1953930,1103,0,1,30,0
1953931,1103,0,0,20,0
1953932,1221,0,0,10,1
1953933,1103,0,1,30,0
1953934,1221,0,0,10,1
1953935,1106,0,0,60,0
1953936,1221,0,0,10,1
1953937,1015,0,0,30,0
1953938,1015,0,0,30,0
1953939,1221,0,0,50,0
1953940,1106,0,0,30,0
1953941,1221,0,0,10,1
1953942,1221,0,0,50,0
1953943,1221,0,0,50,0
1953944,1221,0,0,20,0
1953945,1221,0,0,30,0
1953946,1221,0,0,60,0
1953947,1106,0,0,40,0
1953948,1221,0,0,50,0
1953949,1221,0,0,60,0
1953950,1221,0,0,30,0
1953951,1221,0,0,50,0
1953952,1221,0,0,30,0
1953953,1106,1,1,20,0
1953954,1106,0,0,30,0
1953955,1106,0,0,20,0
1953956,1103,1,1,20,0
1953957,1015,1,1,10,1
1953958,1106,0,0,30,0
1953959,1106,0,0,40,0
1953960,1106,0,0,30,0
1953961,1103,0,0,40,0
1953962,1221,0,0,10,1
1953963,1200,0,0,20,0
1953964,1106,0,1,10,1
1953965,1103,0,1,30,0
1953966,1106,0,0,20,0
1953967,1106,0,0,30,0
1953968,1221,0,0,50,0
1953969,1106,0,0,20,0
1953970,1015,1,1,10,1
1953971,1103,0,0,10,1
1953972,1221,0,0,50,0
1953973,1221,0,0,50,0
1953974,1015,0,0,40,0
1953975,1106,0,0,30,0
1953976,1006,0,0,20,0
1953977,1103,1,1,10,1
1953978,1221,0,0,50,0
1953979,1103,0,0,20,0
1953980,1106,1,1,20,0
1953981,1015,1,1,10,1
1953982,1103,1,1,10,1
1953983,1221,0,0,50,0
1953984,1106,1,0,20,0
1953985,1103,0,0,30,0
1953986,1103,0,0,20,0
1953987,1006,0,0,20,0
1953988,1221,0,0,40,0
1953989,1106,0,0,40,0
1953990,1103,0,1,20,0
1953991,1006,0,0,30,0
1953992,1006,0,0,30,0
1953993,1106,0,0,20,0
1953994,1103,1,1,10,1
1953995,1103,0,0,30,0
1953996,1106,1,1,10,1
1953997,1106,0,0,30,0
1953998,1006,1,0,20,0
1953999,1103,1,1,10,1
1954000,1106,0,0,50,0
1954001,1114,0,0,30,0
1954002,1114,0,0,30,0
1954003,1114,0,0,30,0
1954004,1103,0,0,20,0
1954005,1223,0,1,20,0
1954006,1221,0,0,50,0
1954007,1106,0,0,20,0
1954008,1114,1,0,10,1
1954009,1103,0,0,20,0
1954010,1114,0,0,60,0
1954011,1106,0,1,20,0
1954012,1015,0,0,40,0
1954013,1223,0,0,30,0
1954014,1106,0,0,50,0
1954015,1114,1,1,10,1
1954016,1103,0,0,30,0
1954017,1103,1,1,10,1
1954018,1103,0,0,20,0
1954019,1106,1,1,20,0
1954020,1221,0,0,50,0
1954021,1103,0,0,60,0
1954022,1114,0,1,30,0
1954023,1221,0,0,50,0
1954024,1003,1,1,10,1
1954025,1003,1,1,10,1
1954026,1114,0,1,10,1
1954027,1221,0,0,10,1
1954028,1114,1,0,10,1
1954029,1103,1,1,20,0
1954030,1221,1,0,10,1
1954031,1114,0,0,20,0
1954032,1106,1,1,10,1
1954033,1114,0,1,10,1
1954034,1103,0,0,30,0
1954035,1106,0,0,30,0
1954036,1221,0,0,10,1
1954037,1106,1,0,20,0
1954038,1106,0,0,30,0
1954039,1103,0,0,30,0
1954040,1006,0,0,20,0
1954041,1003,1,1,10,1
1954042,1221,0,0,10,1
1954043,1103,0,1,20,0
1954044,1114,1,1,10,1
1954045,1006,0,0,30,0
1954046,1103,0,1,20,0
1954047,1006,0,0,30,0
1954048,1003,1,1,10,1
1954049,1106,1,1,10,1
1954050,1114,1,1,20,0
1954051,1103,0,0,30,0
1954052,1106,0,1,10,1
1954053,1006,0,0,30,0
1954054,1006,0,0,20,0
1954055,1003,0,0,30,0
1954056,1014,0,0,40,0
1954057,1006,0,0,40,0
1954058,1103,0,1,20,0
1954059,1114,0,0,30,0
1954060,1106,0,0,30,0
1954061,1014,0,1,10,1
1954062,1114,0,0,30,0
1954063,1114,1,1,10,1
1954064,1014,0,0,30,0
1954065,1114,1,1,10,1
1954066,1114,0,1,20,0
1954067,1114,0,0,30,0
1954068,1103,0,1,20,0
1954069,1006,1,1,10,1
1954070,1114,1,1,10,1
1954071,1114,0,1,20,0
1954072,1003,1,1,10,1
1954073,1003,0,1,10,1
1954074,1114,0,0,20,0
1954075,1103,0,1,30,0
1954076,1106,0,0,80,0
1954077,1014,0,1,10,1
1954078,1114,0,1,30,0
1954079,1106,0,0,60,0
1954080,1003,0,0,20,0
1954081,1114,0,0,30,0
1954082,1221,0,0,10,1
1954083,1106,0,0,20,0
1954084,1114,1,1,10,1
1954085,1114,0,0,30,0
1954086,1103,0,0,20,0
1954087,1014,1,1,10,1
1954088,1103,0,1,20,0
1954089,1114,0,0,90,0
1954090,1014,0,0,30,0
1954091,1014,1,1,10,1
1954092,1014,0,1,10,1
1954093,1003,0,1,30,0
1954094,1003,0,0,30,0
1954095,1222,0,0,90,0
1954096,1222,0,0,80,0
1954097,1114,1,1,10,1
1954098,1103,0,0,30,0
1954099,1200,0,0,30,0
1954100,1200,0,0,30,0
1954101,1114,0,0,50,0
1954102,1014,0,0,30,0
1954103,1221,0,0,50,0
1954104,1114,0,0,30,0
1954105,1103,0,0,30,0
1954106,1222,0,0,80,0
1954107,1221,0,0,50,0
1954108,1003,0,0,10,1
1954109,1221,0,0,50,0
1954110,1103,0,1,20,0
1954111,1221,0,0,50,0
1954112,1103,0,1,20,0
1954113,1003,0,1,30,0
1954114,1103,0,1,20,0
1954115,1103,0,0,50,0
1954116,1222,0,0,90,0
1954117,1006,0,0,20,0
1954118,1003,0,1,20,0
1954119,1103,0,1,10,1
1954120,1103,0,1,20,0
1954121,1223,0,0,60,0
1954122,1103,0,0,30,0
1954123,1103,1,1,30,0
1954124,1003,1,1,10,1
1954125,1103,0,0,20,0
1954126,1103,1,1,30,0
1954127,1103,1,1,10,1
1954128,1103,0,0,20,0
1954129,1103,0,1,20,0
1954130,1200,0,1,20,0
1954131,1103,0,0,60,0
1954132,1106,1,1,10,1
1954133,1103,0,1,20,0
1954134,1003,0,0,30,0
1954135,1006,0,0,30,0
1954136,1006,0,0,40,0
1954137,1221,0,0,50,0
1954138,1103,1,1,10,1
1954139,1210,0,0,95,1
1954140,1003,0,0,60,0
1954141,1003,1,1,10,1
1954142,1003,1,1,10,1
1954143,1223,1,0,95,1
1954144,1003,1,1,10,1
1954145,1103,0,1,20,0
1954146,1003,1,1,20,0
1954147,1103,0,0,30,0
1954148,1103,0,0,40,0
1954149,1223,0,0,30,0
1954150,1003,1,1,30,0
1954151,1003,0,1,20,0
1954152,1223,0,0,90,0
1954153,1003,1,1,10,1
1954154,1003,1,1,20,0
1954155,1003,0,0,40,0
1954156,1210,1,1,95,1
1954157,1103,0,1,10,1
1954158,1103,0,0,20,0
1954159,1103,0,1,30,0
1954160,1103,0,1,30,0
1954161,1003,1,1,20,0
1954162,1003,1,0,20,0
1954163,1103,0,0,30,0
1954164,1003,1,1,10,1
1954165,1103,1,1,10,1
1954166,1103,0,0,20,0
1954167,1003,1,1,10,1
1954168,1003,1,1,20,0
1954169,1103,1,1,20,0
1954170,1103,1,1,10,1
1954171,1103,0,0,30,0
1954172,1103,1,1,10,1
1954173,1003,0,0,20,0
1954174,1103,1,1,20,0
1954175,1003,0,0,20,0
1954176,1103,1,1,20,0
1954177,1103,1,1,10,1
1954178,1103,0,1,20,0
1954179,1103,0,0,30,0
1954180,1103,1,1,10,1
1954181,1103,0,0,20,0
1954182,1103,1,1,10,1
1954183,1103,0,0,95,1
1954184,1221,0,0,50,0
1954185,1103,0,0,20,0
1954186,1223,0,0,95,1
1954187,1006,0,1,20,0
1954188,1106,0,0,20,0
1954189,1106,0,1,20,0
1954190,1106,0,0,20,0
1954191,1103,0,0,10,1
1954192,1003,0,0,30,0
1954193,1003,0,0,30,0
1954194,1106,1,1,10,1
1954195,1103,0,1,10,1
1954196,1003,0,0,30,0
1954197,1103,1,1,10,1
1954198,1003,0,0,60,0
1954199,1003,0,0,30,0
1954200,1003,0,0,30,0
1954201,1210,0,0,20,0
1954202,1003,0,0,30,0
1954203,1106,0,0,30,0
1954204,1221,0,0,10,1
1954205,1103,0,0,20,0
1954206,1106,0,0,30,0
1954207,1003,0,0,30,0
1954208,1003,0,0,30,0
1954209,1006,0,0,30,0
1954210,1222,0,0,80,0
1954211,1006,0,0,30,0
1954212,1222,1,0,40,0
1954213,1006,0,0,30,0
1954214,1003,0,0,30,0
1954215,1103,0,0,20,0
1954216,1103,0,0,30,0
1954217,1003,0,0,30,0
1954218,1103,0,0,30,0
1954219,1103,1,1,20,0
1954220,1103,0,0,30,0
1954221,1003,0,0,30,0
1954222,1103,0,0,40,0
1954223,1103,0,0,30,0
1954224,1102,1,1,10,1
1954225,1103,0,0,30,0
1954226,1103,0,0,30,0
1954227,1103,0,0,30,0
1954228,1102,0,0,30,0
1954229,1114,0,0,30,0
1954230,1015,0,1,30,0
1954231,1200,0,0,30,0
1954232,1102,0,0,30,0
1954233,1221,0,0,60,0
1954234,1102,0,0,20,0
1954235,1114,0,0,30,0
1954236,1102,0,0,30,0
1954237,1102,0,0,30,0
1954238,1101,0,0,20,0
1954239,1015,0,0,30,0
1954240,1101,0,0,20,0
1954241,1101,1,0,10,1
1954242,1114,0,0,30,0
1954243,1114,0,1,20,0
1954244,1114,0,0,20,0
1954245,1101,0,0,20,0
1954246,1103,0,0,30,0
1954247,1210,0,1,30,0
1954248,1102,0,1,30,0
1954249,1114,0,0,30,0
1954250,1114,0,1,20,0
1954251,1114,0,0,30,0
1954252,1114,0,1,30,0
1954253,1102,0,0,30,0
1954254,1114,0,0,30,0
1954255,1114,0,0,20,0
1954256,1114,0,0,20,0
1954257,1102,0,0,30,0
1954258,1114,0,1,20,0
1954259,1114,0,0,30,0
1954260,1102,0,0,30,0
1954261,1114,0,0,20,0
1954262,1114,0,1,20,0
1954263,1114,0,0,20,0
1954264,1102,0,0,30,0
1954265,1114,0,0,40,0
1954266,1114,1,1,10,1
1954267,1114,0,0,10,1
1954268,1114,0,0,20,0
1954269,1101,0,0,30,0
1954270,1114,0,0,20,0
1954271,1102,0,0,30,0
1954272,1114,0,0,20,0
1954273,1102,0,0,30,0
1954274,1114,0,0,30,0
1954275,1114,0,1,20,0
1954276,1114,1,1,10,1
1954277,1102,0,0,40,0
1954278,1114,1,1,10,1
1954279,1114,0,1,10,1
1954280,1101,0,0,20,0
1954281,1114,0,0,30,0
1954282,1102,0,0,30,0
1954283,1102,1,0,10,1
1954284,1102,0,1,30,0
1954285,1102,1,1,20,0
1954286,1002,0,1,10,1
1954287,1101,0,1,10,1
1954288,1002,0,0,10,1
1954289,1102,0,1,10,1
1954290,5008,1,1,10,1
1954291,5015,0,0,40,0
1954292,5025,1,1,10,1
1954293,5025,1,1,10,1
1954294,5025,1,1,10,1
1954295,5025,1,1,10,1
1954296,5025,0,0,30,0
1954297,5223,0,0,90,0
1954298,5223,0,0,80,0
1954299,5025,0,0,30,0
1954300,5025,0,0,30,0
1954301,5025,1,1,10,1
1954302,5223,0,0,90,0
1954303,5027,1,1,10,1
1954304,5027,0,1,10,1
1954305,5027,1,1,30,0
1954306,5027,1,1,10,1
1954307,5027,0,0,30,0
1954308,5027,1,1,10,1
1954309,5027,0,0,30,0
1954310,5027,0,0,30,0
1954311,5027,0,0,30,0
1954312,5027,1,1,10,1
1954313,5027,1,1,10,1
1954314,5027,1,1,10,1
1954315,5027,1,1,10,1
1954316,5027,1,1,10,1
1954317,5027,1,1,10,1
1954318,5027,1,1,10,1
1954319,5027,1,1,10,1
1954320,5027,1,1,10,1
1954321,5027,0,0,40,0
1954322,5027,0,1,30,0
1954323,5027,1,1,10,1
1954324,5114,0,0,40,0
1954325,5114,0,0,30,0
1954326,5114,0,0,40,0
1954327,5114,0,0,40,0
1954328,5114,0,0,40,0
1954329,5114,0,0,40,0
1954330,5114,0,0,40,0
1954331,5114,0,0,40,0
1954332,5114,1,1,10,1
1954333,5114,1,1,10,1
1954334,5114,0,0,10,1
1954335,5114,0,0,40,0
1954336,5114,1,1,10,1
1954337,5114,1,1,10,1
1954338,5114,0,0,40,0
1954339,5114,0,0,40,0
1954340,5114,0,0,40,0
1954341,5114,0,0,30,0
1954342,5114,0,0,40,0
1954343,5114,0,0,40,0
1954344,5114,0,0,40,0
1954345,5114,0,0,40,0
1954346,5114,0,0,40,0
1954347,5114,0,0,30,0
1954348,5114,0,0,40,0
1954349,5114,0,0,40,0
1954350,5114,0,0,30,0
1954351,5125,1,1,10,1
1954352,5125,1,1,10,1
1954353,5125,0,0,40,0
1954354,5125,1,1,10,1
1954355,5125,0,0,30,0
1954356,5125,1,1,10,1
1954357,5125,0,0,40,0
1954358,5125,0,0,40,0
1954359,5125,0,0,40,0
1954360,5125,0,0,30,0
1954361,5125,1,1,10,1
1954362,5125,0,0,40,0
1954363,5125,1,1,10,1
1954364,5125,0,0,40,0
1954365,5125,0,0,40,0
1954366,5125,0,0,40,0
1954367,5125,0,0,40,0
1954368,5125,1,1,10,1
1954369,5125,0,0,40,0
1954370,5125,0,0,40,0
1954371,5221,0,0,60,0
1954372,5125,1,1,30,0
1954373,5125,0,0,30,0
1954374,5221,0,0,10,1
1954375,5125,1,1,10,1
1954376,5125,0,0,40,0
1954377,5125,0,0,90,0
1954378,5125,1,1,10,1
1954379,5125,0,0,40,0
1954380,5125,1,1,10,1
1954381,5125,1,1,10,1
1954382,5125,1,1,10,1
1954383,5125,0,0,40,0
1954384,5125,0,0,40,0
1954385,5125,0,0,30,0
1954386,5125,0,0,40,0
1954387,5125,1,1,10,1
1954388,5125,0,0,40,0
1954389,5125,0,1,10,1
1954390,5125,1,1,10,1
1954391,5125,0,0,40,0
1954392,5125,1,1,10,1
1954393,5221,0,0,40,0
1954394,5125,1,0,10,1
1954395,5125,0,1,30,0
1954396,5125,1,1,10,1
1954397,5125,0,0,30,0
1954398,5125,0,0,10,1
1954399,5125,0,0,40,0
1954400,5125,0,0,40,0
1954401,5125,1,1,10,1
1954402,5221,0,0,50,0
1954403,5125,0,0,30,0
1954404,5125,0,0,40,0
1954405,5125,0,0,40,0
1954406,5125,0,0,40,0
1954407,5125,0,0,30,0
1954408,5125,1,1,10,1
1954409,5125,0,0,40,0
1954410,5125,0,0,30,0
1954411,5125,0,0,40,0
1954412,5125,0,0,40,0
1954413,5125,0,0,40,0
1954414,5125,0,0,40,0
1954415,5125,0,0,40,0
1954416,5125,0,0,40,0
1954417,5125,0,0,40,0
1954418,5125,1,0,10,1
1954419,5125,0,0,40,0
1954420,5125,0,0,10,1
1954421,5125,0,0,30,0
1954422,5125,0,0,40,0
1954423,5125,0,0,40,0
1954424,5222,0,0,80,0
1954425,5125,0,0,40,0
1954426,5125,0,0,40,0
1954427,5125,1,1,10,1
1954428,5125,0,0,40,0
1954429,5222,0,0,80,0
1954430,5125,1,1,10,1
1954431,5125,1,1,10,1
1954432,5125,0,0,30,0
1954433,5125,0,0,40,0
1954434,5125,0,0,30,0
1954435,5125,0,0,30,0
1954436,5125,0,0,40,0
1954437,5125,0,0,40,0
1954438,5125,0,1,10,1
1954439,5125,0,0,40,0
1954440,5125,0,0,30,0
1954441,5125,0,0,40,0
1954442,5125,1,1,10,1
1954443,5125,1,1,10,1
1954444,5125,0,0,40,0
1954445,5125,0,1,10,1
1954446,5125,0,0,40,0
1954447,5125,1,1,10,1
1954448,5125,0,0,30,0
1954449,5125,1,1,10,1
1954450,5125,0,0,40,0
1954451,5125,0,0,40,0
1954452,5125,0,0,40,0
1954453,5125,0,0,40,0
1954454,5125,0,0,30,0
1954455,5125,0,0,30,0
1954456,5125,0,1,10,1
1954457,5125,0,0,30,0
1954458,5125,1,1,10,1
1954459,5125,1,1,10,1
1954460,5125,0,0,30,0
1954461,5125,0,0,40,0
1954462,5125,0,0,40,0
1954463,5125,0,0,30,0
1954464,5125,0,0,40,0
1954465,5125,1,1,10,1
1954466,5125,1,1,10,1
1954467,5125,0,0,40,0
1954468,5125,0,0,40,0
1954469,5125,1,1,10,1
1954470,5200,0,0,40,0
1954471,5125,0,0,40,0
1954472,5125,0,0,40,0
1954473,5125,1,1,10,1
1954474,5125,0,0,40,0
1954475,5125,0,1,10,1
1954476,5125,0,0,40,0
1954477,5125,1,1,10,1
1954478,5125,1,1,10,1
1954479,5125,0,0,30,0
1954480,5125,0,0,40,0
1954481,5125,1,1,10,1
1954482,5125,1,1,10,1
1954483,5125,0,0,40,0
1954484,5125,1,1,10,1
1954485,5125,1,1,10,1
1954486,5125,0,0,30,0
1954487,5125,0,0,40,0
1954488,5125,1,1,30,0
1954489,5125,1,1,10,1
1954490,5125,1,1,10,1
1954491,5221,0,0,40,0
1954492,5125,1,1,10,1
1954493,5125,0,0,40,0
1954494,5125,1,1,10,1
1954495,5125,0,1,30,0
1954496,5125,0,0,40,0
1954497,5125,0,0,40,0
1954498,5125,1,1,10,1
1954499,5125,0,0,40,0
1954500,5125,1,1,10,1
1954501,5125,0,0,40,0
1954502,5125,0,0,30,0
1954503,5125,1,1,10,1
1954504,5125,0,0,40,0
1954505,5125,0,0,40,0
1954506,5125,1,1,10,1
1954507,5125,1,1,10,1
1954508,5223,0,0,10,1
1954509,5125,0,0,40,0
1954510,5125,1,1,10,1
1954511,5125,0,0,40,0
1954512,5125,0,1,10,1
1954513,5125,0,0,40,0
1954514,5125,0,1,10,1
1954515,5125,1,1,10,1
1954516,5125,0,1,10,1
1954517,5125,0,0,30,0
1954518,5125,1,1,10,1
1954519,5125,1,1,10,1
1954520,5125,0,1,10,1
1954521,5221,0,0,50,0
1954522,5125,1,1,10,1
1954523,5125,1,1,10,1
1954524,5125,0,0,40,0
1954525,5125,1,1,10,1
1954526,5125,0,1,30,0
1954527,5125,0,0,40,0
1954528,5125,0,0,40,0
1954529,5125,1,1,10,1
1954530,5125,0,0,40,0
1954531,5125,0,0,40,0
1954532,5125,0,0,40,0
1954533,5125,0,0,30,0
1954534,5125,0,0,40,0
1954535,5125,0,0,30,0
1954536,5125,0,0,30,0
1954537,5125,1,1,10,1
1954538,5125,0,0,30,0
1954539,5125,0,0,40,0
1954540,5125,0,0,40,0
1954541,5125,0,0,40,0
1954542,5125,0,0,40,0
1954543,5125,0,0,30,0
1954544,5125,0,0,40,0
1954545,5125,0,0,40,0
1954546,5125,0,0,40,0
1954547,5125,0,0,40,0
1954548,5125,0,0,90,0
1954549,5223,0,1,10,1
1954550,5125,0,0,30,0
1954551,5125,0,0,40,0
1954552,5125,1,0,30,0
1954553,5125,0,0,40,0
1954554,5125,1,1,10,1
1954555,5125,1,1,10,1
1954556,5125,1,1,10,1
1954557,5125,1,1,10,1
1954558,5125,0,0,30,0
1954559,5125,0,0,40,0
1954560,5125,0,0,30,0
1954561,5125,0,0,40,0
1954562,5125,1,1,10,1
1954563,5125,0,0,40,0
1954564,5125,0,0,30,0
1954565,5125,0,0,40,0
1954566,5125,1,1,10,1
1954567,5125,0,0,40,0
1954568,5125,0,0,30,0
1954569,5125,0,0,40,0
1954570,5125,0,0,30,0
1954571,5125,1,1,10,1
1954572,5125,0,0,40,0
1954573,5125,1,1,10,1
1954574,5125,0,0,30,0
1954575,5125,1,1,10,1
1954576,5125,0,1,10,1
1954577,5125,1,0,30,0
1954578,5125,1,1,10,1
1954579,5125,0,0,40,0
1954580,5125,0,0,40,0
1954581,5125,0,0,40,0
1954582,5125,0,1,10,1
1954583,5125,0,0,40,0
1954584,5125,0,0,40,0
1954585,5125,0,0,30,0
1954586,5125,0,1,30,0
1954587,5125,0,0,30,0
1954588,5125,1,1,10,1
1954589,5125,0,0,30,0
1954590,5125,1,1,10,1
1954591,5125,0,0,40,0
1954592,5125,1,1,10,1
1954593,5125,0,0,10,1
1954594,5125,0,0,40,0
1954595,5125,1,0,10,1
1954596,5125,1,1,10,1
1954597,5125,1,1,10,1
1954598,5125,1,1,10,1
1954599,5125,0,0,40,0
1954600,5125,0,1,10,1
1954601,5125,0,0,30,0
1954602,5125,0,0,30,0
1954603,5125,0,0,30,0
1954604,5125,1,1,10,1
1954605,5125,0,0,30,0
1954606,5125,1,1,10,1
1954607,5125,0,0,30,0
1954608,5125,0,0,30,0
1954609,5125,1,1,10,1
1954610,5125,0,0,10,1
1954611,5125,0,0,40,0
1954612,5125,0,1,10,1
1954613,5125,1,1,10,1
1954614,5125,0,0,40,0
1954615,5125,1,1,10,1
1954616,5125,0,0,30,0
1954617,5125,0,0,40,0
1954618,5125,1,1,10,1
1954619,5125,1,0,10,1
1954620,5125,0,0,40,0
1954621,5125,0,0,40,0
1954622,5125,1,1,10,1
1954623,5125,0,0,40,0
1954624,5125,1,1,10,1
1954625,5125,0,0,40,0
1954626,5125,1,1,10,1
1954627,5125,0,0,30,0
1954628,5125,0,0,40,0
1954629,5125,0,0,30,0
1954630,5125,0,0,40,0
1954631,5125,0,0,30,0
1954632,5125,0,0,30,0
1954633,5125,0,0,30,0
1954634,5125,1,1,10,1
1954635,5125,0,0,40,0
1954636,5125,1,1,10,1
1954637,5125,1,1,10,1
1954638,5125,0,0,40,0
1954639,5125,0,0,30,0
1954640,5125,0,0,40,0
1954641,5125,0,0,30,0
1954642,5125,0,0,40,0
1954643,5125,0,0,10,1
1954644,5125,0,0,40,0
1954645,5125,1,1,10,1
1954646,5125,0,0,40,0
1954647,5125,0,0,40,0
1954648,5125,0,0,40,0
1954649,5125,0,0,30,0
1954650,5221,0,0,50,0
1954651,5125,0,0,40,0
1954652,5125,0,0,40,0
1954653,5125,0,0,40,0
1954654,5125,0,0,30,0
1954655,5125,0,0,30,0
1954656,5125,1,1,10,1
1954657,5125,0,0,40,0
1954658,5125,0,0,40,0
1954659,5125,0,1,10,1
1954660,5125,0,0,40,0
1954661,5125,1,1,10,1
1954662,5125,1,1,10,1
1954663,5125,0,0,40,0
1954664,5125,0,0,40,0
1954665,5125,0,0,40,0
1954666,5125,0,0,30,0
1954667,5125,0,0,40,0
1954668,5125,0,0,40,0
1954669,5223,0,0,90,0
1954670,5125,0,0,30,0
1954671,5125,0,1,10,1
1954672,5125,0,0,40,0
1954673,5125,0,0,40,0
1954674,5125,1,1,10,1
1954675,5125,0,1,30,0
1954676,5125,0,0,40,0
1954677,5125,0,0,30,0
1954678,5125,0,0,40,0
1954679,5125,1,1,10,1
1954680,5125,1,1,10,1
1954681,5125,0,0,40,0
1954682,5125,0,0,30,0
1954683,5125,0,0,30,0
1954684,5125,1,1,10,1
1954685,5125,0,1,10,1
1954686,5223,0,0,80,0
1954687,5125,0,0,30,0
1954688,5125,0,0,30,0
1954689,5125,1,1,10,1
1954690,5125,1,1,10,1
1954691,5125,0,0,30,0
1954692,5125,0,0,40,0
1954693,5125,0,0,40,0
1954694,5125,0,0,30,0
1954695,5125,1,1,10,1
1954696,5125,0,0,40,0
1954697,5125,1,1,10,1
1954698,5125,0,0,40,0
1954699,5125,0,0,40,0
1954700,5125,0,0,40,0
1954701,5125,0,0,30,0
1954702,5125,0,0,40,0
1954703,5125,0,0,30,0
1954704,5125,0,0,40,0
1954705,5125,0,0,40,0
1954706,5125,0,0,40,0
1954707,5125,0,0,40,0
1954708,5125,0,0,40,0
1954709,5125,1,1,10,1
1954710,5125,0,1,10,1
1954711,5125,0,0,30,0
1954712,5221,0,0,30,0
1954713,5125,0,0,40,0
1954714,5125,0,0,40,0
1954715,5125,0,0,40,0
1954716,5125,0,0,40,0
1954717,5125,0,0,40,0
1954718,5125,1,1,10,1
1954719,5125,0,0,40,0
1954720,5125,0,0,40,0
1954721,5125,0,0,40,0
1954722,5125,0,0,40,0
1954723,5125,1,1,10,1
1954724,5125,1,1,10,1
1954725,5125,0,0,40,0
1954726,5125,1,1,10,1
1954727,5125,1,1,10,1
1954728,5125,1,1,10,1
1954729,5125,0,0,40,0
1954730,5125,0,1,30,0
1954731,5125,1,1,10,1
1954732,5125,0,1,30,0
1954733,5125,1,1,10,1
1954734,5221,0,0,10,1
1954735,5125,1,1,10,1
1954736,5125,0,0,10,1
1954737,5125,0,0,30,0
1954738,5125,0,0,40,0
1954739,5125,1,1,10,1
1954740,5125,0,0,30,0
1954741,5125,0,0,40,0
1954742,5125,0,0,40,0
1954743,5125,0,0,40,0
1954744,5125,0,0,40,0
1954745,5125,0,0,40,0
1954746,5125,1,1,10,1
1954747,5125,1,1,10,1
1954748,5125,1,1,10,1
1954749,5125,0,0,40,0
1954750,5125,1,1,10,1
1954751,5125,0,0,40,0
1954752,5125,0,0,40,0
1954753,5125,1,1,10,1
1954754,5125,1,1,10,1
1954755,5125,1,1,10,1
1954756,5125,0,0,40,0
1954757,5125,1,1,10,1
1954758,5125,1,1,10,1
1954759,5125,0,0,40,0
1954760,5125,0,0,40,0
1954761,5125,0,0,40,0
1954762,5125,0,0,40,0
1954763,5125,0,0,30,0
1954764,5125,1,1,10,1
1954765,5125,0,0,40,0
1954766,5125,0,0,40,0
1954767,5125,0,1,10,1
1954768,5125,0,0,40,0
1954769,5125,0,0,40,0
1954770,5125,1,1,10,1
1954771,5125,0,0,30,0
1954772,5125,0,0,30,0
1954773,5125,0,0,50,0
1954774,5125,0,0,90,0
1954775,5125,1,1,10,1
1954776,5125,1,1,10,1
1954777,5125,0,0,40,0
1954778,5125,1,1,10,1
1954779,5125,0,0,30,0
1954780,5125,1,1,10,1
1954781,5125,0,0,40,0
1954782,5125,0,0,40,0
1954783,5125,0,0,40,0
1954784,5125,0,0,40,0
1954785,5125,1,1,10,1
1954786,5125,0,1,10,1
1954787,5125,0,0,40,0
1954788,5125,0,0,40,0
1954789,5125,0,0,40,0
1954790,5125,0,0,40,0
1954791,5125,0,0,40,0
1954792,5125,1,1,10,1
1954793,5125,1,1,10,1
1954794,5125,1,1,10,1
1954795,5125,0,0,40,0
1954796,5125,0,1,30,0
1954797,5125,0,0,40,0
1954798,5125,0,0,40,0
1954799,5125,0,0,40,0
1954800,5125,1,0,30,0
1954801,5125,0,0,30,0
1954802,5125,1,0,10,1
1954803,5125,0,0,40,0
1954804,5125,0,0,40,0
1954805,5125,0,0,30,0
1954806,5125,0,0,30,0
1954807,5125,1,1,10,1
1954808,5125,0,0,40,0
1954809,5125,1,1,10,1
1954810,5125,0,0,40,0
1954811,5125,0,0,40,0
1954812,5125,0,0,40,0
1954813,5221,0,0,60,0
1954814,5125,0,0,40,0
1954815,5125,1,1,10,1
1954816,5125,1,1,10,1
1954817,5125,1,1,10,1
1954818,5125,0,0,40,0
1954819,5125,0,1,40,0
1954820,5125,0,0,40,0
1954821,5125,1,1,10,1
1954822,5125,0,0,30,0
1954823,5125,1,1,10,1
1954824,5125,1,1,10,1
1954825,5125,1,1,10,1
1954826,5125,0,0,40,0
1954827,5125,0,0,40,0
1954828,5125,1,1,10,1
1954829,5125,0,0,40,0
1954830,5125,0,0,40,0
1954831,5125,0,0,40,0
1954832,5125,0,0,40,0
1954833,5125,1,1,10,1
1954834,5125,1,1,10,1
1954835,5125,0,0,40,0
1954836,5125,0,0,40,0
1954837,5125,0,0,30,0
1954838,5125,1,1,10,1
1954839,5125,0,0,10,1
1954840,5125,1,1,10,1
1954841,5125,1,1,10,1
1954842,5125,1,1,10,1
1954843,5125,0,0,40,0
1954844,5125,1,1,10,1
1954845,5125,0,0,30,0
1954846,5125,1,1,10,1
1954847,5125,1,1,10,1
1954848,5125,1,1,10,1
1954849,5125,1,1,10,1
1954850,5125,0,1,10,1
1954851,5125,0,0,30,0
1954852,5125,1,1,10,1
1954853,5125,0,0,40,0
1954854,5125,0,0,40,0
1954855,5125,1,1,10,1
1954856,5125,1,1,10,1
1954857,5125,1,1,10,1
1954858,5125,0,0,30,0
1954859,5125,1,1,10,1
1954860,5125,0,0,30,0
1954861,5125,0,0,30,0
1954862,5125,0,0,30,0
1954863,5125,0,0,30,0
1954864,5125,0,0,90,0
1954865,5125,0,0,40,0
1954866,5125,0,0,40,0
1954867,5222,0,0,80,0
1954868,5125,0,0,40,0
1954869,5125,0,0,40,0
1954870,5125,0,0,40,0
1954871,5125,0,0,40,0
1954872,5125,0,0,30,0
1954873,5125,0,0,30,0
1954874,5125,0,0,40,0
1954875,5125,0,0,30,0
1954876,5125,0,0,40,0
1954877,5125,0,0,40,0
1954878,5125,0,0,40,0
1954879,5125,0,0,40,0
1954880,5125,0,1,10,1
1954881,5125,1,1,10,1
1954882,5125,0,0,40,0
1954883,5125,1,0,40,0
1954884,5125,0,0,40,0
1954885,5125,0,0,40,0
1954886,5125,0,0,60,0
1954887,5125,0,0,40,0
1954888,5125,1,0,10,1
1954889,5125,1,0,30,0
1954890,5125,1,1,10,1
1954891,5125,0,0,30,0
1954892,5125,0,0,40,0
1954893,5125,0,0,50,0
1954894,5125,0,0,40,0
1954895,5125,1,1,10,1
1954896,5125,1,1,10,1
1954897,5125,1,1,10,1
1954898,5221,0,0,50,0
1954899,5221,0,0,30,0
1954900,5200,1,1,10,1
1954901,5200,0,0,30,0
1954902,5221,0,0,50,0
1954903,5200,0,0,60,0
1954904,5200,0,0,40,0
1954905,5221,0,0,50,0
1954906,5200,0,0,40,0
1954907,5200,0,0,50,0
1954908,5200,0,0,30,0
1954909,5221,0,0,60,0
1954910,5200,0,0,30,0
1954911,5221,0,0,10,1
1954912,5221,0,0,50,0
1954913,5223,0,1,10,1
1954914,5221,0,0,50,0
1954915,5200,0,0,10,1
1954916,5200,1,1,10,1
1954917,5221,0,0,50,0
1954918,5221,0,0,50,0
1954919,5200,0,0,30,0
1954920,5200,0,0,10,1
1954921,5200,0,0,30,0
1954922,5221,0,0,10,1
1954923,5200,0,0,40,0
1954924,5200,1,1,10,1
1954925,5200,0,0,30,0
1954926,5223,0,1,10,1
1954927,5200,0,0,40,0
1954928,5221,0,0,50,0
1954929,5200,0,0,30,0
1954930,5210,0,0,40,0
1954931,5210,0,0,30,0
1954932,5222,0,0,80,0
1954933,5210,0,0,80,0
1954934,5210,0,0,80,0
1954935,5210,0,1,10,1
1954936,5223,0,0,90,0
1954937,5125,0,0,30,0
1954938,5210,0,0,30,0
1954939,5222,0,0,80,0
1954940,5222,0,0,80,0
1954941,5222,0,0,80,0
1954942,5015,0,0,30,0
1954943,5015,0,0,30,0
1954944,5015,0,0,30,0
1954945,5015,0,0,30,0
1954946,5015,0,0,30,0
1954947,5015,0,0,40,0
1954948,5015,0,0,30,0
1954949,5015,0,0,30,0
1954950,5015,0,0,30,0
1954951,5015,0,0,40,0
1954952,5015,1,1,10,1
1954953,5015,0,0,30,0
1954954,5015,0,0,30,0
1954955,5015,0,0,30,0
1954956,5015,0,0,40,0
1954957,5015,0,0,30,0
1954958,5015,0,0,30,0
1954959,5015,0,0,30,0
1954960,5015,0,0,30,0
1954961,5015,0,0,40,0
1954962,5015,0,0,30,0
1954963,5015,0,0,30,0
1954964,5015,0,0,30,0
1954965,5015,1,1,10,1
1954966,5015,0,0,30,0
1954967,5015,1,1,10,1
1954968,5015,0,0,30,0
1954969,5015,0,0,30,0
1954970,5015,0,0,30,0
1954971,5015,0,0,30,0
1954972,5015,0,0,30,0
1954973,5015,0,0,30,0
1954974,5015,0,0,30,0
1954975,5015,0,0,10,1
1954976,5015,0,0,40,0
1954977,5015,0,0,30,0
1954978,5015,0,0,30,0
1954979,5015,0,1,10,1
1954980,5015,0,0,30,0
1954981,5015,0,0,30,0
1954982,5015,0,0,40,0
1954983,5015,0,1,10,1
1954984,5015,0,0,30,0
1954985,5221,0,0,50,0
1954986,5015,0,1,30,0
1954987,5015,0,0,40,0
1954988,5015,0,0,30,0
1954989,5015,0,0,30,0
1954990,5015,0,0,30,0
1954991,5015,0,0,30,0
1954992,5015,0,0,30,0
1954993,5015,0,0,30,0
1954994,5015,0,0,30,0
1954995,5015,0,0,30,0
1954996,5015,0,0,40,0
1954997,5015,0,0,40,0
1954998,5015,0,0,30,0
1954999,5015,0,0,30,0
1955000,5015,1,0,10,1
1955001,5015,0,0,30,0
1955002,5015,0,1,30,0
1955003,5221,0,0,50,0
1955004,5015,1,1,10,1
1955005,5015,0,0,30,0
1955006,5015,0,0,30,0
1955007,5015,0,0,30,0
1955008,5015,0,0,30,0
1955009,5015,0,0,30,0
1955010,5015,0,0,30,0
1955011,5015,0,0,30,0
1955012,5015,0,0,30,0
1955013,5015,0,0,40,0
1955014,5015,0,0,30,0
1955015,5015,0,0,30,0
1955016,5015,0,0,40,0
1955017,5015,0,0,30,0
1955018,5015,0,0,10,1
1955019,5015,0,0,40,0
1955020,5015,1,0,10,1
1955021,5015,1,1,10,1
1955022,5015,0,0,30,0
1955023,5015,0,0,30,0
1955024,5015,0,0,30,0
1955025,5015,0,0,30,0
1955026,5015,0,0,40,0
1955027,5015,0,0,40,0
1955028,5015,0,0,50,0
1955029,5015,0,0,30,0
1955030,5015,0,0,30,0
1955031,5015,0,0,40,0
1955032,5015,0,0,40,0
1955033,5015,1,1,10,1
1955034,5015,0,1,30,0
1955035,5015,0,0,30,0
1955036,5015,0,0,30,0
1955037,5015,0,0,30,0
1955038,5015,0,0,10,1
1955039,5015,0,1,30,0
1955040,5015,0,0,40,0
1955041,5015,0,0,30,0
1955042,5015,0,0,40,0
1955043,5015,0,0,30,0
1955044,5015,0,0,40,0
1955045,5015,0,0,30,0
1955046,5015,0,0,30,0
1955047,5015,0,0,30,0
1955048,5015,1,1,10,1
1955049,5015,0,0,30,0
1955050,5015,0,0,40,0
1955051,5015,0,0,30,0
1955052,5015,1,0,10,1
1955053,5015,0,0,30,0
1955054,5015,0,0,30,0
1955055,5015,0,0,40,0
1955056,5015,0,0,30,0
1955057,5015,0,0,30,0
1955058,5015,0,0,40,0
1955059,5015,1,1,10,1
1955060,5015,0,0,30,0
1955061,5015,0,0,30,0
1955062,5015,0,0,30,0
1955063,5015,0,0,30,0
1955064,5015,0,0,30,0
1955065,5015,1,1,10,1
1955066,5015,0,0,30,0
1955067,5015,1,0,30,0
1955068,5015,0,0,40,0
1955069,5015,0,0,30,0
1955070,5015,0,0,30,0
1955071,5015,0,0,30,0
1955072,5015,0,1,30,0
1955073,5015,0,0,40,0
1955074,5015,0,0,30,0
1955075,5015,0,0,30,0
1955076,5015,0,0,40,0
1955077,5015,1,1,10,1
1955078,5015,1,1,30,0
1955079,5015,0,0,30,0
1955080,5015,0,0,30,0
1955081,5015,0,0,30,0
1955082,5015,0,0,40,0
1955083,5015,0,0,50,0
1955084,5015,0,0,30,0
1955085,5025,0,1,10,1
1955086,5025,1,1,10,1
1955087,5025,1,1,10,1
1955088,5025,1,1,10,1
1955089,5025,1,1,10,1
1955090,5025,0,0,40,0
1955091,5025,1,1,10,1
1955092,5025,1,1,10,1
1955093,5025,0,0,90,0
1955094,5223,1,0,10,1
1955095,5025,1,1,10,1
1955096,5025,1,1,10,1
1955097,5025,1,1,10,1
1955098,5025,0,0,80,0
1955099,5025,0,0,10,1
1955100,5025,1,1,10,1
1955101,5025,0,1,10,1
1955102,5025,0,0,10,1
1955103,5025,1,1,10,1
1955104,5025,0,0,30,0
1955105,5222,0,0,80,0
1955106,5025,1,1,10,1
1955107,5025,0,1,30,0
1955108,5025,0,0,30,0
1955109,5223,0,0,80,0
1955110,5025,0,1,10,1
1955111,5025,1,1,10,1
1955112,5025,1,1,10,1
1955113,5025,1,1,10,1
1955114,5025,1,1,10,1
1955115,5025,1,1,10,1
1955116,5025,1,1,10,1
1955117,5025,1,1,10,1
1955118,5025,1,1,10,1
1955119,5025,1,1,10,1
1955120,5025,1,1,10,1
1955121,5025,1,1,10,1
1955122,5025,1,1,10,1
1955123,5025,1,1,10,1
1955124,5025,1,1,10,1
1955125,5027,1,1,10,1
1955126,5027,0,0,100,0
1955127,5027,0,0,100,0
1955128,5027,0,0,30,0
1955129,5027,0,0,30,0
1955130,5027,0,0,30,0
1955131,5027,1,1,10,1
1955132,5027,1,1,10,1
1955133,5027,1,1,10,1
1955134,5027,0,1,10,1
1955135,5027,0,0,30,0
1955136,5027,1,1,10,1
1955137,5027,0,1,30,0
1955138,5027,1,0,30,0
1955139,5027,0,1,30,0
1955140,5027,0,0,30,0
1955141,5027,1,1,10,1
1955142,5027,1,1,30,0
1955143,5027,0,0,100,0
1955144,5027,0,0,100,0
1955145,5027,0,0,30,0
1955146,5027,0,0,10,1
1955147,5027,1,1,10,1
1955148,5027,0,1,10,1
1955149,5027,0,0,10,1
1955150,5027,0,0,100,0
1955151,5027,1,1,10,1
1955152,5027,1,1,10,1
1955153,5027,1,1,10,1
1955154,5027,0,0,30,0
1955155,5027,0,0,30,0
1955156,5027,0,0,30,0
1955157,5027,0,0,30,0
1955158,5027,1,1,10,1
1955159,5027,0,0,30,0
1955160,5027,1,1,10,1
1955161,5027,1,1,10,1
1955162,5027,0,0,100,0
1955163,5027,1,1,10,1
1955164,5027,1,0,30,0
1955165,5027,1,1,10,1
1955166,5027,0,1,10,1
1955167,5027,0,0,30,0
1955168,5027,1,1,10,1
1955169,5027,1,1,10,1
1955170,5027,0,0,100,0
1955171,5027,1,1,10,1
1955172,5027,0,1,30,0
1955173,5027,1,1,10,1
1955174,5027,0,0,30,0
1955175,5027,1,1,10,1
1955176,5027,0,0,90,0
1955177,5027,1,1,10,1
1955178,5027,1,1,10,1
1955179,5027,1,1,10,1
1955180,5027,1,1,10,1
1955181,5027,1,1,10,1
1955182,5027,1,1,10,1
1955183,5027,1,1,10,1
1955184,5027,1,1,10,1
1955185,5027,1,1,30,0
1955186,5027,1,0,10,1
1955187,5027,0,1,10,1
1955188,5027,1,1,10,1
1955189,5027,0,0,60,0
1955190,5027,0,0,30,0
1955191,5027,1,1,10,1
1955192,5027,1,1,10,1
1955193,5027,0,0,30,0
1955194,5027,1,1,10,1
1955195,5027,1,0,30,0
1955196,5222,0,0,80,0
1955197,5027,0,0,40,0
1955198,5027,0,0,30,0
1955199,5027,0,0,30,0
1955200,5027,0,0,80,0
1955201,5027,1,1,10,1
1955202,5027,1,1,10,1
1955203,5027,0,0,30,0
1955204,5027,1,1,10,1
1955205,5027,0,1,10,1
1955206,5027,0,1,10,1
1955207,5027,1,1,10,1
1955208,5027,1,0,30,0
1955209,5027,1,1,10,1
1955210,5027,0,0,40,0
1955211,5027,0,1,10,1
1955212,5027,1,1,10,1
1955213,5027,1,1,10,1
1955214,5027,1,1,20,0
1955215,5027,0,0,40,0
1955216,5027,0,0,100,0
1955217,5027,1,1,30,0
1955218,5225,0,0,60,0
1955219,5027,1,1,10,1
1955220,5222,0,0,80,0
1955221,5027,1,1,10,1
1955222,5027,0,0,100,0
1955223,5027,1,1,10,1
1955224,5027,1,1,10,1
1955225,5027,0,0,30,0
1955226,5027,0,0,30,0
1955227,5027,1,1,10,1
1955228,5027,1,1,10,1
1955229,5027,1,1,10,1
1955230,5027,1,1,10,1
1955231,5027,1,0,30,0
1955232,5027,1,1,10,1
1955233,5027,0,0,100,0
1955234,5027,1,1,30,0
1955235,5027,1,1,10,1
1955236,5027,1,1,10,1
1955237,5027,0,0,30,0
1955238,5027,1,1,10,1
1955239,5027,1,1,10,1
1955240,5027,1,1,10,1
1955241,5027,1,1,10,1
1955242,5027,1,1,10,1
1955243,5027,1,1,10,1
1955244,5027,1,1,10,1
1955245,5027,0,0,30,0
1955246,5027,0,0,90,0
1955247,5027,1,1,10,1
1955248,5027,0,0,30,0
1955249,5027,0,0,100,0
1955250,5027,0,0,30,0
1955251,5027,1,1,10,1
1955252,5222,0,0,80,0
1955253,5027,1,1,10,1
1955254,5027,0,0,100,0
1955255,5027,1,1,10,1
1955256,5027,0,0,30,0
1955257,5027,0,1,10,1
1955258,5027,0,1,10,1
1955259,5027,0,0,30,0
1955260,5027,0,0,80,0
1955261,5027,0,0,30,0
1955262,5027,0,0,30,0
1955263,5027,1,1,10,1
1955264,5027,0,0,30,0
1955265,5027,0,0,30,0
1955266,5027,1,1,10,1
1955267,5027,0,0,30,0
1955268,5027,1,1,10,1
1955269,5027,1,1,10,1
1955270,5027,1,1,10,1
1955271,5027,1,1,10,1
1955272,5027,0,0,30,0
1955273,5027,0,0,30,0
1955274,5027,0,0,60,0
1955275,5027,0,0,100,0
1955276,5027,0,0,100,0
1955277,5027,1,0,30,0
1955278,5027,1,0,30,0
1955279,5027,1,1,10,1
1955280,5027,1,1,10,1
1955281,5027,1,0,30,0
1955282,5027,1,1,10,1
1955283,5027,1,1,10,1
1955284,5027,1,1,10,1
1955285,5027,0,0,100,0
1955286,5027,1,1,30,0
1955287,5027,1,1,10,1
1955288,5027,0,0,30,0
1955289,5027,1,1,10,1
1955290,5027,0,1,10,1
1955291,5027,0,0,100,0
1955292,5027,0,0,30,0
1955293,5027,1,1,10,1
1955294,5225,0,0,60,0
1955295,5027,1,1,10,1
1955296,5027,1,1,10,1
1955297,5027,0,1,10,1
1955298,5027,1,1,10,1
1955299,5027,0,1,10,1
1955300,5027,1,1,10,1
1955301,5027,1,1,10,1
1955302,5027,0,0,60,0
1955303,5027,1,1,10,1
1955304,5027,0,0,100,0
1955305,5027,0,1,30,0
1955306,5027,1,0,10,1
1955307,5027,1,1,10,1
1955308,5222,0,0,80,0
1955309,5027,1,1,10,1
1955310,5027,0,1,30,0
1955311,5027,1,1,10,1
1955312,5027,0,0,30,0
1955313,5027,0,1,30,0
1955314,5027,1,1,10,1
1955315,5027,0,0,100,0
1955316,5027,1,1,10,1
1955317,5027,0,0,100,0
1955318,5226,0,0,70,0
1955319,5027,0,0,100,0
1955320,5027,0,0,40,0
1955321,5027,0,0,30,0
1955322,5027,1,1,10,1
1955323,5027,1,1,10,1
1955324,5027,0,0,40,0
1955325,5027,1,1,10,1
1955326,5027,1,1,10,1
1955327,5027,1,1,10,1
1955328,5027,1,1,10,1
1955329,5027,1,1,10,1
1955330,5027,0,0,30,0
1955331,5027,0,0,30,0
1955332,5027,0,0,30,0
1955333,5027,0,0,30,0
1955334,5027,1,1,10,1
1955335,5027,0,0,30,0
1955336,5027,0,0,30,0
1955337,5027,0,0,30,0
1955338,5027,1,1,10,1
1955339,5027,0,0,90,0
1955340,5027,0,0,100,0
1955341,5027,1,1,20,0
1955342,5027,0,0,30,0
1955343,5027,0,0,30,0
1955344,5027,0,0,100,0
1955345,5027,1,1,10,1
1955346,5027,0,0,100,0
1955347,5027,1,1,10,1
1955348,5027,1,1,10,1
1955349,5027,1,1,10,1
1955350,5027,1,1,10,1
1955351,5027,1,1,10,1
1955352,5226,0,0,70,0
1955353,5027,1,0,30,0
1955354,5027,1,1,10,1
1955355,5027,1,1,10,1
1955356,5027,0,0,30,0
1955357,5027,1,1,10,1
1955358,5027,0,0,30,0
1955359,5027,1,1,10,1
1955360,5027,0,0,30,0
1955361,5027,1,1,10,1
1955362,5027,1,1,10,1
1955363,5027,1,1,10,1
1955364,5027,1,1,10,1
1955365,5027,0,0,100,0
1955366,5027,0,1,10,1
1955367,5027,0,0,100,0
1955368,5027,1,1,10,1
1955369,5027,1,1,10,1
1955370,5027,0,0,30,0
1955371,5027,0,0,30,0
1955372,5027,1,1,10,1
1955373,5027,1,1,10,1
1955374,5027,1,1,10,1
1955375,5027,1,1,10,1
1955376,5027,0,0,100,0
1955377,5027,1,1,10,1
1955378,5027,0,0,100,0
1955379,5027,1,1,10,1
1955380,5027,0,0,30,0
1955381,5027,1,1,10,1
1955382,5027,1,1,10,1
1955383,5027,1,1,10,1
1955384,5027,0,0,70,0
1955385,5027,0,1,30,0
1955386,5027,1,0,30,0
1955387,5222,0,0,80,0
1955388,5027,1,1,10,1
1955389,5027,1,1,10,1
1955390,5027,1,1,10,1
1955391,5225,0,0,70,0
1955392,5027,1,1,10,1
1955393,5027,0,0,100,0
1955394,5027,0,0,30,0
1955395,5027,1,1,10,1
1955396,5027,1,1,10,1
1955397,5027,0,0,30,0
1955398,5027,1,1,10,1
1955399,5027,1,1,10,1
1955400,5027,0,0,100,0
1955401,5226,0,0,70,0
1955402,5027,1,1,10,1
1955403,5027,1,1,10,1
1955404,5226,0,0,60,0
1955405,5027,0,0,100,0
1955406,5027,0,0,30,0
1955407,5027,1,1,10,1
1955408,5027,0,0,100,0
1955409,5027,0,0,60,0
1955410,5027,1,1,10,1
1955411,5225,0,0,60,0
1955412,5027,0,0,30,0
1955413,5027,1,1,10,1
1955414,5225,0,0,60,0
1955415,5027,1,1,10,1
1955416,5027,1,1,10,1
1955417,5027,1,1,10,1
1955418,5027,1,1,10,1
1955419,5027,1,1,10,1
1955420,5027,1,1,30,0
1955421,5027,0,0,30,0
1955422,5027,0,0,100,0
1955423,5027,0,0,100,0
1955424,5027,0,0,30,0
1955425,5027,1,0,30,0
1955426,5027,0,0,30,0
1955427,5027,0,1,10,1
1955428,5027,1,1,10,1
1955429,5027,0,1,10,1
1955430,5027,1,1,10,1
1955431,5027,1,1,10,1
1955432,5027,0,1,10,1
1955433,5027,1,1,10,1
1955434,5027,1,1,10,1
1955435,5027,0,0,30,0
1955436,5027,1,1,10,1
1955437,5027,0,0,30,0
1955438,5027,1,1,10,1
1955439,5027,0,0,100,0
1955440,5027,0,1,10,1
1955441,5027,0,0,40,0
1955442,5027,1,0,30,0
1955443,5027,1,1,10,1
1955444,5027,1,1,10,1
1955445,5027,1,1,10,1
1955446,5027,0,1,10,1
1955447,5027,0,1,10,1
1955448,5027,1,1,10,1
1955449,5027,1,1,10,1
1955450,5027,1,1,10,1
1955451,5027,1,1,10,1
1955452,5027,0,1,10,1
1955453,5027,1,1,10,1
1955454,5027,0,0,10,1
1955455,5027,0,0,30,0
1955456,5027,0,1,30,0
1955457,5027,1,1,10,1
1955458,5027,1,1,10,1
1955459,5027,0,1,10,1
1955460,5027,1,1,10,1
1955461,5027,0,1,10,1
1955462,5029,0,0,70,0
1955463,5029,0,0,60,0
1955464,5029,0,0,80,0
1955465,5225,0,0,60,0
1955466,5029,0,0,30,0
1955467,5029,0,0,60,0
1955468,5029,0,0,100,0
1955469,5029,0,0,100,0
1955470,5029,0,0,100,0
1955471,5029,0,0,30,0
1955472,5029,0,0,70,0
1955473,5226,0,0,70,0
1955474,5226,0,0,60,0
1955475,5029,0,0,30,0
1955476,5029,0,0,60,0
1955477,5029,0,0,70,0
1955478,5226,0,0,70,0
1955479,5227,0,0,60,0
1955480,5029,0,0,70,0
1955481,5029,0,0,70,0
1955482,5029,0,0,100,0
1955483,5029,0,0,30,0
1955484,5029,0,0,70,0
1955485,5029,0,0,30,0
1955486,5029,0,0,70,0
1955487,5029,0,0,100,0
1955488,5029,0,0,70,0
1955489,5029,0,0,100,0
1955490,5029,0,0,30,0
1955492,5029,0,0,30,0
1955493,5029,0,0,100,0
1955494,5029,0,0,100,0
1955495,5029,0,0,30,0
1955496,5029,0,0,60,0
1955497,5029,0,0,30,0
1955498,5029,0,0,100,0
1955499,5029,0,0,60,0
1955500,5226,0,0,70,0
1955501,5029,0,0,100,0
1955502,5029,0,0,100,0
1955503,5125,0,1,30,0
1955504,5125,1,1,10,1
1955505,5221,0,0,30,0
1955506,5125,1,1,10,1
1955507,5125,0,1,30,0
1955508,5125,1,1,10,1
1955509,5125,0,0,10,1
1955510,5125,1,1,10,1
1955511,5125,0,1,10,1
1955512,5125,0,1,10,1
1955513,5125,1,1,10,1
1955514,5125,0,1,10,1
1955515,5125,0,0,30,0
1955516,5125,1,1,10,1
1955517,5125,0,0,40,0
1955518,5125,1,1,10,1
1955519,5125,0,1,10,1
1955520,5125,1,1,10,1
1955521,5223,0,0,90,0
1955522,5125,1,1,10,1
1955523,5125,1,1,10,1
1955524,5125,0,1,10,1
1955525,5125,1,1,10,1
1955526,5125,1,1,10,1
1955527,5125,1,1,10,1
1955528,5222,0,0,80,0
1955529,5125,0,1,30,0
1955530,5125,0,0,40,0
1955531,5125,1,1,10,1
1955532,5125,0,1,30,0
1955533,5125,0,0,40,0
1955534,5125,1,1,10,1
1955535,5125,0,0,30,0
1955536,5125,0,1,10,1
1955537,5125,1,1,10,1
1955538,5125,0,0,30,0
1955539,5125,1,1,10,1
1955540,5125,0,0,30,0
1955541,5125,1,1,10,1
1955542,5125,0,0,10,1
1955543,5125,0,0,40,0
1955544,5125,1,1,10,1
1955545,5125,0,0,30,0
1955546,5125,0,0,30,0
1955547,5125,1,1,10,1
1955548,5222,0,0,80,0
1955549,5125,1,1,10,1
1955550,5125,0,0,30,0
1955551,5125,0,0,40,0
1955552,5125,1,1,10,1
1955553,5125,1,1,10,1
1955554,5125,1,1,10,1
1955555,5125,0,1,10,1
1955556,5125,0,0,40,0
1955557,5125,0,0,40,0
1955558,5125,1,1,10,1
1955559,5125,0,0,40,0
1955560,5125,1,1,10,1
1955561,5125,0,1,30,0
1955562,5125,0,1,10,1
1955563,5125,0,1,30,0
1955564,5125,1,1,10,1
1955565,5125,1,1,10,1
1955566,5125,1,1,10,1
1955567,5125,1,1,10,1
1955568,5125,0,0,30,0
1955569,5125,0,0,40,0
1955570,5125,0,1,10,1
1955571,5125,1,1,10,1
1955572,5125,0,0,40,0
1955573,5125,1,1,10,1
1955574,5125,0,0,40,0
1955575,5125,0,0,40,0
1955576,5125,0,0,40,0
1955577,5125,0,0,10,1
1955578,5125,0,0,30,0
1955579,5125,1,1,10,1
1955580,5125,0,0,30,0
1955581,5125,1,1,10,1
1955582,5125,1,1,10,1
1955583,5125,1,1,10,1
1955584,5125,0,0,40,0
1955585,5125,1,1,10,1
1955586,5125,0,0,40,0
1955587,5125,1,1,10,1
1955588,5125,1,1,10,1
1955589,5125,1,1,10,1
1955590,5221,0,0,30,0
1955591,5125,1,1,10,1
1955592,5125,1,1,10,1
1955593,5125,0,1,10,1
1955594,5125,1,1,10,1
1955595,5221,0,0,30,0
1955596,5125,0,0,30,0
1955597,5125,1,1,10,1
1955598,5125,1,1,10,1
1955599,5125,1,1,10,1
1955600,5125,0,1,30,0
1955601,5125,1,1,10,1
1955602,5125,0,0,40,0
1955603,5125,1,1,10,1
1955604,5125,1,1,10,1
1955605,5125,0,0,40,0
1955606,5125,0,1,10,1
1955607,5125,0,0,40,0
1955608,5125,1,1,10,1
1955609,5125,1,1,10,1
1955610,5125,0,0,30,0
1955611,5222,0,0,80,0
1955612,5125,0,0,40,0
1955613,5125,1,1,10,1
1955614,5125,1,1,10,1
1955615,5125,1,1,10,1
1955616,5125,0,1,10,1
1955617,5125,0,0,40,0
1955618,5125,0,0,40,0
1955619,5125,1,1,10,1
1955620,5125,0,0,40,0
1955621,5125,1,1,10,1
1955622,5125,0,0,30,0
1955623,5222,0,0,80,0
1955624,5125,0,0,30,0
1955625,5125,0,0,40,0
1955626,5125,0,0,10,1
1955627,5125,0,1,30,0
1955628,5125,0,0,40,0
1955629,5125,0,0,40,0
1955630,5125,0,1,10,1
1955631,5125,0,0,40,0
1955632,5221,0,0,10,1
1955633,5200,0,0,30,0
1955634,5200,0,0,30,0
1955635,5200,0,0,30,0
1955636,5200,0,0,10,1
1955637,5221,0,0,50,0
1955638,5200,0,0,30,0
1955639,5200,0,0,30,0
1955640,5200,0,0,10,1
1955641,5221,0,0,50,0
1955642,5200,0,0,30,0
1955643,5200,0,0,40,0
1955644,5200,0,0,60,0
1955645,5221,0,0,50,0
1955646,5200,0,0,30,0
1955647,5200,0,0,40,0
1955648,5200,1,1,10,1
1955649,5221,0,0,50,0
1955650,5221,0,0,50,0
1955651,5200,0,0,40,0
1955652,5200,0,0,60,0
1955653,5221,0,0,50,0
1955654,5221,0,0,10,1
1955655,5200,0,0,80,0
1955656,5200,0,0,10,1
1955657,5200,0,0,40,0
1955658,5210,1,1,10,1
1955659,5222,0,0,80,0
1955660,5222,0,0,80,0
1955661,5222,0,0,80,0
1955662,5222,0,0,80,0
1955663,5222,0,0,80,0
1955664,5210,0,0,30,0
1955665,5222,0,0,80,0
1955666,5210,0,0,30,0
1955667,5222,0,0,80,0
1955668,5222,0,0,80,0
1955669,5210,0,0,30,0
1955670,5210,1,1,30,0
1955671,5210,0,0,80,0
1955672,5210,0,0,10,1
1955673,5210,0,0,30,0
1955674,5222,0,0,80,0
1955675,5210,0,0,40,0
1955676,5210,0,0,30,0
1955677,5210,0,1,10,1
1955678,5210,1,1,10,1
1955679,5210,0,0,60,0
1955680,5225,0,0,60,0
1955681,5210,0,0,40,0
1955683,5210,1,1,10,1
1955684,5222,0,0,80,0
1955685,5210,1,1,10,1
1955686,5210,1,1,10,1
1955687,5210,1,1,10,1
1955688,5226,0,0,70,0
1955689,5210,1,0,10,1
1955690,5210,1,1,10,1
1955691,5210,0,0,80,0
1955692,5222,0,0,80,0
1955693,5210,1,1,10,1
1955694,5210,0,0,50,0
1955695,5210,0,0,30,0
1955696,5222,0,0,80,0
1955697,5210,0,0,30,0
1955699,5210,0,0,30,0
1955700,5210,0,0,30,0
1955701,5210,0,0,80,0
1955703,5210,1,1,10,1
1955704,5226,0,0,70,0
1955705,5210,0,0,90,0
1955706,5210,0,0,40,0
1955707,5210,0,0,30,0
1955708,5210,0,0,10,1
1955709,5222,0,0,80,0
1955710,5222,0,0,80,0
1955711,5222,0,0,80,0
1955712,5210,0,0,30,0
1955713,5222,0,0,80,0
1955714,5210,0,0,30,0
1955715,5210,1,1,10,1
1955716,5222,0,0,80,0
1955717,5222,0,0,80,0
1955718,5210,0,0,30,0
1955720,5226,0,0,70,0
1955721,5210,0,0,30,0
1955722,5210,1,1,10,1
1955723,5222,0,0,80,0
1955724,5210,1,1,10,1
1955725,5210,0,0,100,0
1955726,5210,1,1,10,1
1955727,5210,0,0,30,0
1955728,5210,1,1,10,1
1955729,5210,0,1,100,0
1955730,5222,0,0,80,0
1955731,5210,0,0,30,0
1955732,5210,1,1,10,1
1955733,5222,0,0,80,0
1955734,5210,0,0,30,0
1955735,5226,0,0,70,0
1955736,5210,1,1,10,1
1955737,5004,1,1,10,1
1955738,5004,1,1,10,1
1955739,5004,0,0,30,0
1955740,5004,0,0,30,0
1955741,5004,0,0,30,0
1955742,5004,0,0,30,0
1955743,5004,0,0,60,0
1955744,5004,0,0,30,0
1955745,5004,0,0,30,0
1955746,5004,0,0,30,0
1955747,5004,0,0,50,0
1955748,5004,0,0,30,0
1955749,5004,1,1,10,1
1955750,5004,0,0,30,0
1955751,5004,0,0,60,0
1955752,5004,0,1,30,0
1955753,5004,0,0,30,0
1955754,5004,0,0,30,0
1955755,5004,0,0,30,0
1955756,5004,0,0,60,0
1955757,5004,0,0,30,0
1955758,5004,0,0,30,0
1955759,5004,0,0,30,0
1955760,5004,0,0,30,0
1955761,5004,0,0,30,0
1955762,5004,0,0,60,0
1955763,5004,1,0,50,0
1955764,5004,0,0,30,0
1955765,5004,0,0,60,0
1955766,5004,0,0,30,0
1955767,5004,0,0,30,0
1955768,5004,0,0,30,0
1955769,5004,0,0,30,0
1955770,5004,0,0,30,0
1955771,5004,0,0,60,0
1955772,5004,0,0,30,0
1955773,5004,0,0,30,0
1955774,5004,0,0,20,0
1955775,5004,0,0,30,0
1955776,5004,0,0,60,0
1955777,5004,0,0,30,0
1955778,5004,0,0,30,0
1955779,5004,0,0,30,0
1955780,5004,0,0,30,0
1955781,5004,0,0,30,0
1955782,5004,0,0,60,0
1955783,5004,0,0,60,0
1955784,5004,0,0,20,0
1955785,5004,0,0,30,0
1955786,5004,0,0,10,1
1955787,5004,1,1,10,1
1955788,5004,0,0,30,0
1955789,5004,0,0,30,0
1955790,5004,0,0,30,0
1955791,5004,0,0,30,0
1955792,5006,0,0,40,0
1955793,5006,0,0,40,0
1955794,5006,1,1,10,1
1955795,5006,0,0,40,0
1955796,5006,0,0,40,0
1955797,5006,0,0,30,0
1955798,5006,0,0,40,0
1955799,5006,0,0,30,0
1955800,5006,1,1,10,1
1955801,5006,0,0,40,0
1955802,5006,0,0,30,0
1955803,5006,1,1,10,1
1955804,5006,0,0,30,0
1955805,5006,0,1,20,0
1955806,5006,0,0,30,0
1955807,5006,0,0,40,0
1955808,5006,0,0,40,0
1955809,5006,1,1,10,1
1955810,5006,1,1,10,1
1955811,5006,1,1,10,1
1955812,5006,1,1,10,1
1955813,5006,1,1,10,1
1955814,5006,0,1,10,1
1955815,5006,1,1,10,1
1955816,5006,0,0,40,0
1955817,5006,0,1,30,0
1955818,5006,1,1,10,1
1955819,5006,0,0,30,0
1955820,5006,0,0,40,0
1955821,5006,0,0,30,0
1955822,5006,0,1,10,1
1955823,5006,0,0,30,0
1955824,5006,0,0,30,0
1955825,5006,0,0,30,0
1955826,5006,0,0,30,0
1955827,5006,0,0,30,0
1955828,5006,0,0,30,0
1955829,5006,1,1,10,1
1955830,5006,1,1,10,1
1955831,5006,1,1,10,1
1955832,5006,0,0,30,0
1955833,5006,0,0,40,0
1955834,5006,0,0,40,0
1955835,5006,0,0,40,0
1955836,5006,0,0,40,0
1955837,5006,0,0,30,0
1955838,5006,1,1,10,1
1955839,5006,0,0,30,0
1955840,5006,1,1,10,1
1955841,5006,0,0,30,0
1955842,5006,1,1,10,1
1955843,5006,0,0,30,0
1955844,5006,0,0,40,0
1955845,5006,0,0,30,0
1955846,5006,0,1,20,0
1955847,5008,0,0,30,0
1955848,5008,1,1,10,1
1955849,5008,0,1,10,1
1955850,5008,0,0,20,0
1955851,5008,0,0,60,0
1955852,5008,1,1,10,1
1955853,5008,1,0,10,1
1955854,5008,0,0,50,0
1955855,5008,0,0,20,0
1955856,5008,0,0,40,0
1955857,5008,1,1,10,1
1955858,5008,1,1,10,1
1955859,5008,0,0,30,0
1955860,5008,0,1,10,1
1955861,5008,0,1,30,0
1955862,5008,0,0,30,0
1955863,5008,0,0,10,1
1955864,5008,0,0,40,0
1955865,5008,0,0,40,0
1955866,5008,1,1,10,1
1955867,5008,0,0,40,0
1955868,5008,1,1,10,1
1955869,5008,0,0,40,0
1955870,5008,0,0,40,0
1955871,5008,0,0,30,0
1955872,5008,0,1,10,1
1955873,5008,0,1,30,0
1955874,5008,0,0,40,0
1955875,5008,0,1,10,1
1955876,5008,0,0,30,0
1955877,5008,0,0,40,0
1955878,5008,0,1,10,1
1955879,5008,0,0,60,0
1955880,5008,0,0,40,0
1955881,5008,0,0,20,0
1955882,5008,0,1,10,1
1955883,5008,0,0,30,0
1955884,5008,0,1,30,0
1955885,5008,0,0,30,0
1955886,5008,0,0,30,0
1955887,5008,1,1,10,1
1955888,5008,0,0,30,0
1955889,5008,0,1,30,0
1955890,5008,1,1,10,1
1955891,5008,0,0,40,0
1955892,5008,0,0,40,0
1955893,5008,1,1,10,1
1955894,5008,0,0,30,0
1955895,5008,1,1,30,0
1955896,5008,0,0,50,0
1955897,5008,0,1,10,1
1955898,5008,0,1,10,1
1955899,5008,0,0,30,0
1955900,5008,0,0,40,0
1955901,5008,1,1,10,1
1955902,5008,0,0,40,0
1955903,5008,0,0,40,0
1955904,5221,0,0,50,0
1955905,5008,0,0,30,0
1955906,5008,0,0,20,0
1955907,5008,1,1,10,1
1955908,5008,1,1,10,1
1955909,5008,0,1,10,1
1955910,5221,0,1,10,1
1955911,5008,1,1,10,1
1955912,5008,0,1,10,1
1955913,5008,0,0,30,0
1955914,5008,0,0,20,0
1955915,5008,0,1,10,1
1955916,5008,0,0,20,0
1955917,5008,0,0,20,0
1955918,5008,0,0,20,0
1955919,5008,1,1,10,1
1955920,5008,1,1,10,1
1955921,5008,1,1,10,1
1955922,5008,0,0,30,0
1955923,5008,0,1,60,0
1955924,5008,1,1,10,1
1955925,5008,0,1,10,1
1955926,5008,0,0,40,0
1955927,5008,0,1,10,1
1955928,5008,0,1,10,1
1955929,5008,0,1,10,1
1955930,5008,0,0,10,1
1955931,5008,0,0,40,0
1955932,5008,0,1,10,1
1955933,5008,0,0,40,0
1955934,5008,0,0,30,0
1955935,5008,1,1,10,1
1955936,5008,1,1,10,1
1955937,5008,1,1,10,1
1955938,5008,0,0,40,0
1955939,5008,1,1,10,1
1955940,5008,1,1,10,1
1955941,5008,0,1,10,1
1955942,5008,1,1,10,1
1955943,5008,0,0,10,1
1955944,5008,0,0,30,0
1955945,5008,0,0,30,0
1955946,5008,0,0,60,0
1955947,5008,1,1,10,1
1955948,5008,0,1,10,1
1955949,5008,0,0,10,1
1955950,5008,0,1,30,0
1955951,5008,0,1,10,1
1955952,5008,0,0,40,0
1955953,5008,1,1,10,1
1955954,5008,0,1,10,1
1955955,5008,0,0,30,0
1955956,5008,0,0,20,0
1955957,5008,1,1,30,0
1955958,5008,1,1,10,1
1955959,5008,1,1,10,1
1955960,5008,0,1,10,1
1955961,5008,1,1,10,1
1955962,5008,1,1,10,1
1955963,5008,0,0,40,0
1955964,5008,0,0,20,0
1955965,5008,0,1,10,1
1955966,5008,1,1,10,1
1955967,5008,0,1,20,0
1955968,5008,0,0,40,0
1955969,5008,0,1,10,1
1955970,5008,1,1,20,0
1955971,5008,0,0,30,0
1955972,5008,1,1,10,1
1955973,5008,0,1,20,0
1955974,5008,0,1,20,0
1955975,5008,1,1,10,1
1955976,5008,0,0,30,0
1955977,5008,0,0,30,0
1955978,5008,0,0,30,0
1955979,5008,0,0,30,0
1955980,5008,0,0,40,0
1955981,5008,0,0,40,0
1955982,5008,0,1,20,0
1955983,5221,0,0,30,0
1955984,5008,1,1,10,1
1955985,5008,0,0,20,0
1955986,5008,0,0,40,0
1955987,5008,0,1,10,1
1955988,5008,0,0,30,0
1955989,5008,1,1,10,1
1955990,5008,0,0,40,0
1955991,5008,0,0,20,0
1955992,5008,0,1,10,1
1955993,5008,0,1,10,1
1955994,5008,1,1,10,1
1955995,5008,0,0,20,0
1955996,5008,0,0,30,0
1955997,5008,0,0,30,0
1955998,5008,0,0,10,1
1955999,5008,1,1,10,1
1956000,5008,0,0,30,0
1956001,5008,0,0,30,0
1956002,5008,1,1,10,1
1956003,5008,0,0,30,0
1956004,5008,1,1,10,1
1956005,5008,0,0,30,0
1956006,5008,0,1,20,0
1956007,5008,0,1,10,1
1956008,5008,0,0,40,0
1956009,5008,0,1,10,1
1956010,5008,0,0,20,0
1956011,5008,0,0,40,0
1956012,5008,0,1,20,0
1956013,5008,0,0,30,0
1956014,5008,0,1,10,1
1956015,5008,0,0,40,0
1956016,5221,0,0,30,0
1956017,5008,0,0,30,0
1956018,5008,0,0,40,0
1956019,5008,0,0,30,0
1956020,5008,0,0,30,0
1956021,5008,0,1,20,0
1956022,5008,1,0,10,1
1956023,5008,0,0,40,0
1956024,5008,0,1,30,0
1956025,5008,1,1,10,1
1956026,5008,0,0,40,0
1956027,5008,0,0,10,1
1956028,5008,1,1,10,1
1956029,5008,1,1,10,1
1956030,5008,1,1,10,1
1956031,5008,1,1,20,0
1956032,5008,0,0,30,0
1956033,5008,0,1,10,1
1956034,5008,1,1,10,1
1956035,5008,0,1,10,1
1956036,5008,0,1,10,1
1956037,5008,0,0,20,0
1956038,5008,1,1,10,1
1956039,5008,0,0,30,0
1956040,5008,0,0,30,0
1956041,5008,0,0,40,0
1956042,5008,0,0,30,0
1956043,5008,0,0,30,0
1956044,5008,0,1,20,0
1956045,5008,1,1,10,1
1956046,5008,1,1,10,1
1956047,5008,0,0,10,1
1956048,5008,0,0,60,0
1956049,5008,0,0,30,0
1956050,5008,1,1,10,1
1956051,5008,1,1,10,1
1956052,5008,1,1,10,1
1956053,5008,1,1,10,1
1956054,5008,0,0,40,0
1956055,5008,0,0,30,0
1956056,5008,1,1,10,1
1956057,5008,0,0,30,0
1956058,5008,0,0,30,0
1956059,5008,0,1,30,0
1956060,5008,0,1,30,0
1956061,5008,0,1,20,0
1956062,5008,0,0,30,0
1956063,5008,0,0,30,0
1956064,5008,1,1,10,1
1956065,5008,0,0,40,0
1956066,5008,0,0,40,0
1956067,5008,0,1,20,0
1956068,5008,0,0,30,0
1956069,5008,0,0,40,0
1956070,5008,1,1,10,1
1956071,5008,1,1,10,1
1956072,5008,0,0,40,0
1956073,5008,1,1,10,1
1956074,5008,0,0,40,0
1956075,5008,0,0,30,0
1956076,5014,1,1,10,1
1956077,5014,1,1,10,1
1956078,5014,0,1,30,0
1956079,5014,0,0,40,0
1956080,5014,0,0,30,0
1956081,5014,1,1,10,1
1956082,5014,0,0,30,0
1956083,5014,0,0,30,0
1956084,5014,1,1,10,1
1956085,5014,1,1,10,1
1956086,5014,1,1,10,1
1956087,5014,0,0,10,1
1956088,5014,1,1,10,1
1956089,5014,0,0,30,0
1956090,5014,1,1,10,1
1956091,5014,0,0,30,0
1956092,5014,1,1,10,1
1956093,5014,0,1,10,1
1956094,5014,1,1,10,1
1956095,5014,0,0,30,0
1956096,5014,1,1,10,1
1956097,5014,1,1,10,1
1956098,5014,0,0,40,0
1956099,5014,1,1,10,1
1956100,5014,1,1,10,1
1956101,5014,1,1,10,1
1956102,5014,0,0,40,0
1956103,5014,1,1,10,1
1956104,5014,0,1,10,1
1956105,5014,1,1,10,1
1956106,5014,1,0,10,1
1956107,5014,0,0,30,0
1956108,5006,0,0,40,0
1956109,5014,0,0,30,0
1956110,5014,0,1,10,1
1956111,5014,1,1,10,1
1956112,5014,0,0,30,0
1956113,5014,1,1,10,1
1956114,5014,0,0,40,0
1956115,5014,0,0,30,0
1956116,5014,1,1,10,1
1956117,5014,0,0,40,0
1956118,5014,0,0,40,0
1956119,5014,0,0,40,0
1956120,5014,1,1,10,1
1956121,5014,1,1,10,1
1956122,5014,1,1,10,1
1956123,5014,1,1,10,1
1956124,5014,0,0,30,0
1956125,5014,0,0,50,0
1956126,5014,0,1,10,1
1956127,5014,1,1,10,1
1956128,5015,0,0,20,0
1956129,5015,1,1,10,1
1956130,5015,0,0,40,0
1956131,5015,0,0,20,0
1956132,5015,0,0,60,0
1956133,5015,0,0,40,0
1956134,5015,1,1,10,1
1956135,5015,1,1,10,1
1956136,5015,0,1,10,1
1956137,5015,1,1,10,1
1956138,5015,0,0,30,0
1956139,5015,0,0,40,0
1956140,5015,0,0,30,0
1956141,5015,0,0,30,0
1956142,5015,0,0,40,0
1956143,5015,1,1,10,1
1956144,5222,0,0,80,0
1956145,5015,1,1,10,1
1956146,5015,0,0,30,0
1956147,5015,0,0,30,0
1956148,5015,1,1,10,1
1956149,5015,1,1,10,1
1956150,5015,1,1,10,1
1956151,5015,0,0,30,0
1956152,5015,0,0,30,0
1956153,5221,0,0,50,0
1956154,5015,0,1,10,1
1956155,5015,0,0,20,0
1956156,5015,0,0,30,0
1956157,5015,1,1,10,1
1956158,5015,0,0,30,0
1956159,5015,0,0,10,1
1956160,5015,1,1,10,1
1956161,5015,0,1,20,0
1956162,5015,0,0,20,0
1956163,5015,1,1,20,0
1956164,5015,0,0,30,0
1956165,5015,0,0,30,0
1956166,5015,0,0,40,0
1956167,5015,0,0,40,0
1956168,5015,0,0,40,0
1956169,5015,1,1,10,1
1956170,5015,1,1,10,1
1956171,5015,1,1,10,1
1956172,5015,1,1,10,1
1956173,5015,0,0,40,0
1956174,5015,0,0,40,0
1956175,5015,0,0,40,0
1956176,5015,0,1,30,0
1956177,5225,0,0,60,0
1956178,5015,0,0,30,0
1956179,5015,0,0,30,0
1956180,5015,0,0,40,0
1956181,5015,1,1,10,1
1956182,5015,1,1,10,1
1956183,5015,0,0,40,0
1956184,5015,1,1,10,1
1956185,5025,0,0,30,0
1956186,5025,1,1,10,1
1956187,5027,0,0,30,0
1956188,5027,1,1,10,1
1956189,5027,1,1,10,1
1956190,5027,1,1,10,1
1956191,5029,1,1,10,1
1956192,5029,1,1,10,1
1956193,5104,0,0,60,0
1956194,5104,0,0,30,0
1956195,5225,0,0,60,0
1956196,5104,0,0,30,0
1956197,5104,0,0,60,0
1956198,5104,0,0,30,0
1956199,5104,0,0,30,0
1956200,5104,0,0,60,0
1956201,5104,0,0,60,0
1956202,5104,0,0,30,0
1956203,5104,0,0,30,0
1956204,5104,0,1,10,1
1956205,5104,0,0,50,0
1956206,5104,0,0,30,0
1956207,5104,0,0,60,0
1956208,5104,0,0,60,0
1956209,5104,0,0,20,0
1956210,5104,0,0,10,1
1956211,5104,0,0,30,0
1956212,5104,0,0,30,0
1956213,5104,0,0,60,0
1956214,5225,0,0,60,0
1956215,5104,0,0,60,0
1956216,5104,0,0,30,0
1956217,5104,0,0,30,0
1956218,5104,0,0,60,0
1956219,5104,0,0,60,0
1956220,5104,0,0,30,0
1956221,5104,0,1,20,0
1956222,5104,0,0,60,0
1956223,5104,0,0,30,0
1956224,5104,0,0,30,0
1956225,5104,0,0,50,0
1956226,5225,0,0,30,0
1956227,5104,0,0,60,0
1956228,5225,0,0,60,0
1956229,5104,0,0,60,0
1956230,5104,0,0,60,0
1956231,5104,0,0,30,0
1956232,5104,0,0,30,0
1956233,5104,0,0,60,0
1956234,5104,0,1,30,0
1956235,5104,0,0,30,0
1956236,5104,0,0,30,0
1956237,5104,0,0,60,0
1956238,5104,0,0,30,0
1956239,5104,0,0,30,0
1956240,5104,0,0,20,0
1956241,5104,0,0,60,0
1956242,5104,1,1,10,1
1956243,5104,0,0,60,0
1956244,5225,0,0,60,0
1956245,5104,0,0,60,0
1956246,5104,0,0,20,0
1956247,5104,0,0,40,0
1956248,5104,0,0,40,0
1956249,5225,0,0,60,0
1956250,5104,0,0,30,0
1956251,5104,0,0,60,0
1956252,5225,0,0,60,0
1956253,5104,0,0,30,0
1956254,5104,0,0,10,1
1956255,5104,0,0,60,0
1956256,5104,1,1,10,1
1956257,5104,0,0,30,0
1956258,5104,0,0,30,0
1956259,5221,0,0,50,0
1956260,5104,0,1,10,1
1956261,5106,0,0,40,0
1956262,5106,0,1,10,1
1956263,5106,0,0,30,0
1956264,5106,1,1,10,1
1956265,5106,0,0,30,0
1956266,5106,0,1,20,0
1956267,5106,0,0,40,0
1956268,5106,0,1,10,1
1956269,5106,0,0,40,0
1956270,5106,0,0,40,0
1956271,5106,0,0,30,0
1956272,5106,0,0,30,0
1956273,5106,0,0,60,0
1956274,5106,0,0,40,0
1956275,5106,0,0,30,0
1956276,5106,1,1,10,1
1956277,5106,0,0,40,0
1956278,5106,0,0,30,0
1956279,5106,1,1,10,1
1956280,5106,0,0,30,0
1956281,5106,0,0,30,0
1956282,5106,1,1,10,1
1956283,5221,0,0,60,0
1956284,5106,0,0,60,0
1956285,5106,1,1,10,1
1956286,5106,0,0,30,0
1956287,5106,0,0,30,0
1956288,5106,0,1,10,1
1956289,5106,0,0,40,0
1956290,5106,0,0,30,0
1956291,5106,0,0,60,0
1956292,5106,0,0,40,0
1956293,5106,0,0,10,1
1956294,5106,1,1,10,1
1956295,5106,0,0,40,0
1956296,5106,0,0,20,0
1956297,5106,0,0,20,0
1956298,5106,0,0,40,0
1956299,5106,0,0,40,0
1956300,5106,0,0,40,0
1956301,5106,0,1,10,1
1956302,5106,0,0,40,0
1956303,5106,0,0,40,0
1956304,5221,0,0,60,0
1956305,5106,0,0,40,0
1956306,5106,0,0,40,0
1956307,5106,0,0,30,0
1956308,5106,0,0,30,0
1956309,5106,0,1,10,1
1956310,5106,0,0,30,0
1956311,5106,0,0,20,0
1956312,5106,0,0,40,0
1956313,5106,0,0,40,0
1956314,5106,0,0,40,0
1956315,5106,0,1,10,1
1956316,5106,0,0,40,0
1956317,5106,0,0,40,0
1956318,5106,0,0,30,0
1956319,5106,0,0,20,0
1956320,5106,0,0,40,0
1956321,5106,1,1,10,1
1956322,5106,0,0,40,0
1956323,5106,0,0,40,0
1956324,5106,0,0,60,0
1956325,5221,0,0,60,0
1956326,5106,0,1,10,1
1956327,5106,0,1,10,1
1956328,5106,0,0,40,0
1956329,5106,0,0,30,0
1956330,5106,1,1,10,1
1956331,5106,0,0,30,0
1956332,5106,0,0,40,0
1956333,5106,0,1,10,1
1956334,5106,0,0,40,0
1956335,5106,0,0,30,0
1956336,5106,0,0,60,0
1956337,5106,0,1,10,1
1956338,5106,0,0,10,1
1956339,5106,0,0,40,0
1956340,5106,0,1,20,0
1956341,5106,1,1,10,1
1956342,5106,0,0,20,0
1956343,5106,0,0,30,0
1956344,5106,0,0,40,0
1956345,5106,0,0,60,0
1956346,5106,0,0,40,0
1956347,5106,0,0,30,0
1956348,5106,0,0,60,0
1956349,5106,0,0,60,0
1956350,5106,1,1,10,1
1956351,5106,0,0,30,0
1956352,5106,0,0,20,0
1956353,5106,0,0,40,0
1956354,5106,0,0,60,0
1956355,5106,0,0,30,0
1956356,5106,0,0,40,0
1956357,5114,0,0,40,0
1956358,5221,0,0,50,0
1956359,5114,0,0,10,1
1956360,5114,0,0,30,0
1956361,5114,0,0,60,0
1956362,5114,0,1,10,1
1956363,5114,0,0,30,0
1956364,5114,1,1,10,1
1956365,5114,0,0,40,0
1956366,5114,0,1,10,1
1956367,5114,0,0,30,0
1956368,5114,0,0,30,0
1956369,5114,0,1,10,1
1956370,5221,0,0,50,0
1956371,5114,0,0,30,0
1956372,5114,1,1,10,1
1956373,5114,0,0,20,0
1956374,5114,1,1,30,0
1956375,5114,1,1,10,1
1956376,5114,0,0,40,0
1956377,5114,0,0,30,0
1956378,5114,0,0,40,0
1956379,5114,1,1,10,1
1956380,5114,1,1,10,1
1956381,5114,0,0,30,0
1956382,5114,1,1,10,1
1956383,5114,0,1,30,0
1956384,5114,0,1,10,1
1956385,5114,0,0,30,0
1956386,5114,0,0,40,0
1956387,5114,0,1,10,1
1956388,5114,1,1,10,1
1956389,5114,1,1,10,1
1956390,5114,0,0,40,0
1956391,5114,0,0,40,0
1956392,5114,0,0,40,0
1956393,5114,0,0,30,0
1956394,5223,0,0,30,0
1956395,5114,1,1,10,1
1956396,5114,0,1,10,1
1956397,5114,0,1,10,1
1956398,5114,0,0,40,0
1956399,5114,1,1,10,1
1956400,5114,0,1,10,1
1956401,5114,0,0,30,0
1956402,5114,0,0,60,0
1956403,5114,1,1,10,1
1956404,5114,0,0,40,0
1956405,5114,1,1,10,1
1956406,5114,0,0,30,0
1956407,5114,0,0,40,0
1956408,5114,1,1,10,1
1956409,5114,1,1,10,1
1956410,5114,1,1,10,1
1956411,5114,1,1,10,1
1956412,5114,0,0,60,0
1956413,5114,0,0,30,0
1956414,5114,1,1,10,1
1956415,5114,1,1,10,1
1956416,5114,0,0,40,0
1956417,5114,0,0,50,0
1956418,5114,0,0,40,0
1956419,5114,0,0,60,0
1956420,5114,0,0,40,0
1956421,5114,0,0,30,0
1956422,5114,1,1,10,1
1956423,5114,0,0,30,0
1956424,5114,0,0,40,0
1956425,5114,0,0,30,0
1956426,5114,0,0,40,0
1956427,5114,0,0,10,1
1956428,5114,0,1,10,1
1956429,5114,1,1,10,1
1956430,5114,1,1,10,1
1956431,5114,1,1,10,1
1956432,5114,0,1,10,1
1956433,5114,0,0,40,0
1956434,5114,1,1,10,1
1956435,5221,0,0,10,1
1956436,5114,1,1,10,1
1956437,5114,0,1,10,1
1956438,5221,0,0,50,0
1956439,5114,1,1,10,1
1956440,5114,1,1,10,1
1956441,5114,0,0,40,0
1956442,5114,0,0,40,0
1956443,5114,0,1,10,1
1956444,5221,0,0,50,0
1956445,5114,0,0,60,0
1956446,5114,0,0,30,0
1956447,5114,0,1,10,1
1956448,5125,1,1,10,1
1956449,5125,0,0,60,0
1956450,5125,0,1,10,1
1956451,5125,0,1,10,1
1956452,5125,1,1,10,1
1956453,5125,0,1,10,1
1956454,5125,0,0,40,0
1956455,5125,0,0,30,0
1956456,5125,1,1,10,1
1956457,5125,0,0,40,0
1956458,5125,1,1,10,1
1956459,5125,0,0,60,0
1956460,5125,1,1,10,1
1956461,5125,0,0,40,0
1956462,5125,0,0,40,0
1956463,5125,1,1,10,1
1956464,5125,0,0,40,0
1956465,5125,0,0,30,0
1956466,5221,0,0,40,0
1956467,5125,0,0,30,0
1956468,5125,0,0,40,0
1956469,5125,1,1,10,1
1956470,5125,0,0,40,0
1956471,5125,0,1,10,1
1956472,5125,1,1,10,1
1956473,5125,1,1,10,1
1956474,5125,0,0,40,0
1956475,5125,1,1,10,1
1956476,5125,0,0,40,0
1956477,5221,0,0,50,0
1956478,5125,1,1,10,1
1956479,5125,1,1,10,1
1956480,5125,0,0,40,0
1956481,5125,0,0,50,0
1956482,5125,0,0,30,0
1956483,5125,0,0,40,0
1956484,5125,1,1,10,1
1956485,5125,0,0,30,0
1956486,5125,1,1,10,1
1956487,5125,0,0,40,0
1956488,5125,0,0,30,0
1956489,5125,0,0,30,0
1956490,5125,1,1,10,1
1956491,5125,0,0,40,0
1956492,5200,0,1,10,1
1956493,5221,0,0,50,0
1956494,5221,0,0,10,1
1956495,5221,0,0,50,0
1956496,5200,0,0,40,0
1956497,5221,0,0,30,0
1956498,5200,0,0,40,0
1956499,5200,1,1,10,1
1956500,5200,0,0,10,1
1956501,5200,0,0,20,0
1956502,5008,0,0,30,0
1956503,5200,0,0,30,0
1956504,5221,0,0,30,0
1956505,5200,0,0,40,0
1956506,5200,1,1,10,1
1956507,5200,0,0,30,0
1956508,5221,0,0,10,1
1956509,5200,0,1,10,1
1956510,5200,1,1,10,1
1956511,5221,0,0,50,0
1956512,5200,1,1,10,1
1956513,5200,0,0,30,0
1956514,5200,0,0,60,0
1956515,5200,0,0,10,1
1956516,5200,0,0,30,0
1956517,5210,0,0,20,0
1956518,5210,1,1,10,1
1956519,5210,0,1,20,0
1956520,5210,0,0,30,0
1956521,5210,1,1,10,1
1956522,5210,0,0,20,0
1956523,5210,0,0,20,0
1956524,5221,0,0,50,0
1956525,5223,0,0,90,0
1956526,5210,0,0,80,0
1956527,5210,1,1,10,1
1956528,5210,0,0,30,0
1956529,5210,0,0,80,0
1956530,5210,0,1,30,0
1956531,5210,0,1,10,1
1956532,5210,0,0,30,0
1956533,5210,0,0,50,0
1956534,5210,0,1,10,1
1956535,5210,0,0,60,0
1956536,5210,0,0,30,0
1956537,5210,0,0,30,0
1956538,5210,0,0,20,0
1956539,5210,0,0,20,0
1956540,5221,0,0,50,0
1956541,5210,0,1,10,1
1956542,5210,1,1,10,1
1956543,6014,0,1,30,0
1956544,4014,0,0,30,0
1956545,4004,0,0,60,0
1956546,4004,0,0,60,0
1956547,4004,0,0,60,0
1956548,4004,0,0,60,0
1956549,4004,0,0,60,0
1956550,4004,0,0,60,0
1956551,4004,0,0,60,0
1956552,4004,0,0,60,0
1956553,4004,0,0,60,0
1956554,4004,0,0,60,0
1956555,4004,0,0,60,0
1956556,4004,0,0,60,0
1956557,4004,0,0,60,0
1956558,4004,0,0,60,0
1956559,4004,0,0,60,0
1956560,4004,0,0,60,0
1956561,4004,0,0,60,0
1956562,4004,0,0,60,0
1956563,4004,0,0,60,0
1956564,4004,0,0,60,0
1956565,4004,0,0,60,0
1956566,4004,0,0,60,0
1956567,4004,0,0,60,0
1956568,4004,0,0,60,0
1956569,4004,0,0,60,0
1956570,4004,0,0,60,0
1956571,4004,0,0,60,0
1956572,4004,0,0,60,0
1956573,4004,0,0,60,0
1956574,4004,0,0,60,0
1956575,4004,0,0,60,0
1956576,4004,0,0,50,0
1956577,4004,0,0,60,0
1956578,4004,0,0,60,0
1956579,4004,0,0,60,0
1956580,4004,0,0,60,0
1956581,4004,0,0,60,0
1956582,4004,0,0,60,0
1956583,4004,0,0,60,0
1956584,4004,0,0,60,0
1956585,4004,0,0,60,0
1956586,4004,0,0,60,0
1956587,4004,0,0,60,0
1956588,4006,0,0,60,0
1956589,4006,0,0,60,0
1956590,4006,0,0,60,0
1956591,4006,0,0,60,0
1956592,4006,0,0,60,0
1956593,4006,0,0,60,0
1956594,4008,0,0,30,0
1956595,4008,0,0,40,0
1956596,4008,0,0,40,0
1956597,4008,0,0,40,0
1956598,4224,1,1,10,1
1956599,4008,0,0,30,0
1956600,4008,0,0,30,0
1956601,4008,0,0,40,0
1956602,4008,0,0,40,0
1956603,4008,0,0,30,0
1956604,4008,0,0,40,0
1956605,4008,0,0,40,0
1956606,4008,0,0,60,0
1956607,4008,0,0,40,0
1956608,4008,1,1,10,1
1956609,4008,0,0,30,0
1956610,4221,0,0,30,0
1956611,4008,0,0,10,1
1956612,4008,1,1,10,1
1956613,4008,0,0,40,0
1956614,4008,1,1,10,1
1956615,4008,0,0,30,0
1956616,4008,0,0,40,0
1956617,4008,0,0,40,0
1956618,4008,0,0,50,0
1956619,4008,0,0,30,0
1956620,4008,0,0,30,0
1956621,4008,0,0,40,0
1956622,4008,0,0,30,0
1956623,4008,0,0,40,0
1956624,4008,0,0,40,0
1956625,4008,0,0,30,0
1956626,4008,0,0,40,0
1956627,4210,0,0,40,0
1956628,4008,0,0,30,0
1956629,4008,0,0,60,0
1956630,4008,0,0,30,0
1956631,4008,1,1,10,1
1956632,4008,0,0,10,1
1956633,4008,1,1,10,1
1956634,4008,1,1,10,1
1956635,4008,0,0,40,0
1956636,4008,0,0,30,0
1956637,4008,0,1,20,0
1956638,4008,1,1,10,1
1956639,4008,1,1,10,1
1956640,4008,0,0,40,0
1956641,4008,0,0,30,0
1956642,4008,1,1,10,1
1956643,4008,0,0,30,0
1956644,4008,0,0,40,0
1956645,4008,0,0,40,0
1956646,4008,0,0,40,0
1956647,4008,0,0,30,0
1956648,4008,0,1,20,0
1956649,4008,0,0,40,0
1956650,4008,0,0,30,0
1956651,4008,0,0,20,0
1956652,4008,0,0,40,0
1956653,4008,0,0,30,0
1956654,4008,0,0,40,0
1956655,4008,1,1,10,1
1956656,4008,0,0,60,0
1956657,4008,0,0,40,0
1956658,4008,1,1,10,1
1956659,4008,1,1,10,1
1956660,4008,0,0,30,0
1956661,4008,0,1,10,1
1956662,4014,1,1,10,1
1956663,4104,0,0,60,0
1956664,4104,0,0,60,0
1956665,4104,0,0,60,0
1956666,4104,0,0,40,0
1956667,4104,0,0,60,0
1956668,4104,0,0,60,0
1956669,4104,0,0,60,0
1956670,4104,0,0,60,0
1956671,4104,0,0,60,0
1956672,4104,0,0,60,0
1956673,4104,0,0,60,0
1956674,4104,0,0,60,0
1956675,4104,0,0,60,0
1956676,4104,0,0,60,0
1956677,4104,0,0,60,0
1956678,4104,0,0,60,0
1956679,4104,0,0,60,0
1956680,4104,0,0,60,0
1956681,4104,0,0,60,0
1956682,4104,0,0,60,0
1956683,4104,0,0,60,0
1956684,4104,0,0,60,0
1956685,4104,0,0,60,0
1956686,4104,0,0,60,0
1956687,4104,0,0,60,0
1956688,4104,0,0,60,0
1956689,4104,0,0,60,0
1956690,4104,0,0,60,0
1956691,4104,0,0,60,0
1956692,4104,0,0,60,0
1956693,4104,0,0,60,0
1956694,4104,0,0,60,0
1956695,4104,0,0,60,0
1956696,4104,0,0,40,0
1956697,4104,0,0,60,0
1956698,4104,0,0,60,0
1956699,4104,0,0,60,0
1956700,4104,0,0,60,0
1956701,4104,0,0,60,0
1956702,4104,0,0,60,0
1956703,4104,0,0,60,0
1956704,4104,0,0,60,0
1956705,4104,0,0,60,0
1956706,4224,0,0,60,0
1956707,4104,0,0,60,0
1956708,4104,0,0,60,0
1956709,4104,0,0,60,0
1956710,4104,0,0,60,0
1956711,4104,0,0,60,0
1956712,4104,0,0,60,0
1956713,4104,0,0,60,0
1956714,4104,0,0,60,0
1956715,4104,0,0,60,0
1956716,4104,0,0,60,0
1956717,4104,0,0,60,0
1956718,4104,0,0,60,0
1956719,4104,0,0,60,0
1956720,4104,0,0,20,0
1956721,4104,0,0,60,0
1956722,4104,0,0,60,0
1956723,4104,0,0,60,0
1956724,4104,0,0,60,0
1956725,4104,0,0,60,0
1956726,4104,0,0,60,0
1956727,4104,0,0,60,0
1956728,4104,0,0,60,0
1956729,4104,0,0,60,0
1956730,4104,0,0,60,0
1956731,4104,0,0,60,0
1956732,4104,0,0,60,0
1956733,4104,0,0,60,0
1956734,4104,0,0,60,0
1956735,4104,0,0,60,0
1956736,4104,0,0,60,0
1956737,4104,0,0,60,0
1956738,4104,0,0,60,0
1956739,4104,0,0,60,0
1956740,4104,0,0,60,0
1956741,4104,0,0,60,0
1956742,4104,0,0,60,0
1956743,4104,0,0,60,0
1956744,4104,0,0,60,0
1956745,4104,0,0,60,0
1956746,4104,0,0,60,0
1956747,4104,0,0,60,0
1956748,4104,0,0,60,0
1956749,4104,0,0,60,0
1956750,4104,0,0,20,0
1956751,4104,0,0,60,0
1956752,4104,0,0,60,0
1956753,4104,0,0,60,0
1956754,4104,0,0,60,0
1956755,4104,0,0,60,0
1956756,4104,0,0,60,0
1956757,4104,0,0,60,0
1956758,4104,0,0,60,0
1956759,4104,0,0,40,0
1956760,4224,0,0,20,0
1956761,4104,0,0,60,0
1956762,4104,0,0,60,0
1956763,4221,0,0,50,0
1956764,4104,0,0,60,0
1956765,4104,0,0,60,0
1956766,4104,0,0,60,0
1956767,4104,0,0,60,0
1956768,4104,0,0,60,0
1956769,4104,0,0,60,0
1956770,4104,0,0,60,0
1956771,4104,0,0,60,0
1956772,4104,0,0,60,0
1956773,4104,0,0,60,0
1956774,4224,0,0,30,0
1956775,4104,0,0,60,0
1956776,4104,0,0,60,0
1956777,4104,0,0,60,0
1956778,4104,0,0,60,0
1956779,4104,0,0,60,0
1956780,4104,0,0,60,0
1956781,4104,0,0,60,0
1956782,4104,0,0,60,0
1956783,4104,0,0,60,0
1956784,4104,0,0,60,0
1956785,4104,0,0,60,0
1956786,4104,0,0,60,0
1956787,4104,0,0,60,0
1956788,4104,0,0,60,0
1956789,4104,0,0,40,0
1956790,4224,0,0,60,0
1956791,4104,0,0,60,0
1956792,4104,0,0,60,0
1956793,4104,0,0,60,0
1956794,4104,0,0,60,0
1956795,4104,0,0,60,0
1956796,4104,0,0,60,0
1956797,4104,0,0,60,0
1956798,4104,0,0,60,0
1956799,4104,0,0,60,0
1956800,4104,0,0,60,0
1956801,4104,0,0,60,0
1956802,4104,0,0,60,0
1956803,4104,0,0,60,0
1956804,4104,0,0,40,0
1956805,4104,0,0,60,0
1956806,4104,0,0,60,0
1956807,4104,0,0,60,0
1956808,4104,0,0,60,0
1956809,4104,0,0,60,0
1956810,4104,0,0,60,0
1956811,4104,0,0,20,0
1956812,4104,0,0,60,0
1956813,4104,0,0,60,0
1956814,4104,0,0,60,0
1956815,4104,0,0,60,0
1956816,4104,0,0,60,0
1956817,4104,0,0,60,0
1956818,4104,0,0,60,0
1956819,4104,0,0,40,0
1956820,4104,0,0,60,0
1956821,4104,0,0,60,0
1956822,4104,0,0,60,0
1956823,4104,0,0,60,0
1956824,4104,0,0,60,0
1956825,4104,0,0,60,0
1956826,4104,0,0,60,0
1956827,4104,0,0,60,0
1956828,4104,0,0,30,0
1956829,4224,0,0,40,0
1956830,4104,0,0,60,0
1956831,4104,0,0,60,0
1956832,4104,0,0,60,0
1956833,4104,0,0,60,0
1956834,4104,0,0,60,0
1956835,4104,0,0,60,0
1956836,4104,0,0,60,0
1956837,4104,0,0,40,0
1956838,4104,0,0,60,0
1956839,4224,0,0,60,0
1956840,4104,0,0,60,0
1956841,4104,0,0,60,0
1956842,4104,0,0,60,0
1956843,4104,0,0,60,0
1956844,4104,0,0,60,0
1956845,4104,0,0,60,0
1956846,4104,0,0,60,0
1956847,4104,0,0,60,0
1956848,4104,0,0,60,0
1956849,4104,0,0,60,0
1956850,4104,0,0,60,0
1956851,4104,0,0,60,0
1956852,4104,0,0,60,0
1956853,4104,0,0,60,0
1956854,4104,0,0,60,0
1956855,4104,0,0,40,0
1956856,4104,0,0,60,0
1956857,4106,0,0,40,0
1956858,4106,0,0,60,0
1956859,4106,0,0,30,0
1956860,4106,0,0,100,0
1956861,4106,0,0,40,0
1956862,4106,0,0,40,0
1956863,4221,0,0,50,0
1956864,4106,0,0,40,0
1956865,4106,0,0,50,0
1956866,4106,0,0,60,0
1956867,4106,0,0,60,0
1956868,4106,0,0,40,0
1956869,4106,0,0,60,0
1956870,4106,0,0,60,0
1956871,4106,0,0,60,0
1956872,4106,0,0,60,0
1956873,4106,0,0,30,0
1956874,4106,0,0,60,0
1956875,4106,0,0,40,0
1956876,4106,0,0,30,0
1956877,4106,0,0,40,0
1956878,4106,0,0,40,0
1956879,4106,1,1,10,1
1956880,4106,0,0,60,0
1956881,4224,0,0,30,0
1956882,4106,0,0,30,0
1956883,4106,0,0,60,0
1956884,4106,0,0,60,0
1956885,4106,0,0,60,0
1956886,4106,0,0,60,0
1956887,4106,0,0,30,0
1956888,4106,0,0,30,0
1956889,4106,0,0,60,0
1956890,4106,1,1,10,1
1956891,4106,0,0,60,0
1956892,4106,0,0,40,0
1956893,4106,0,0,40,0
1956894,4106,0,0,60,0
1956895,4106,0,0,60,0
1956896,4106,0,0,60,0
1956897,4106,0,0,20,0
1956898,4106,0,0,30,0
1956899,4106,0,0,60,0
1956900,4106,0,0,60,0
1956901,4106,0,0,30,0
1956902,4106,0,0,30,0
1956903,4106,0,0,60,0
1956904,4106,0,0,60,0
1956905,4106,0,0,60,0
1956906,4106,0,0,60,0
1956907,4106,0,0,30,0
1956908,4106,0,0,60,0
1956909,4106,0,0,60,0
1956910,4106,0,0,30,0
1956911,4106,0,0,60,0
1956912,4106,0,0,60,0
1956913,4106,0,0,30,0
1956914,4106,0,0,20,0
1956915,4106,0,0,40,0
1956916,4106,0,0,30,0
1956917,4224,0,0,30,0
1956918,4224,1,0,30,0
1956919,4106,0,0,30,0
1956920,4106,0,0,60,0
1956921,4106,0,0,60,0
1956922,4106,0,0,60,0
1956923,4106,0,0,40,0
1956924,4106,0,0,60,0
1956925,4106,0,0,60,0
1956926,4106,0,0,60,0
1956927,4106,0,0,20,0
1956928,4106,0,0,30,0
1956929,4221,0,0,40,0
1956930,4106,0,0,60,0
1956931,4106,0,0,10,1
1956932,4106,0,0,60,0
1956933,4106,0,0,60,0
1956934,4106,0,0,30,0
1956935,4106,0,0,60,0
1956936,4106,0,0,20,0
1956937,4106,0,0,60,0
1956938,4106,0,0,60,0
1956939,4106,0,0,60,0
1956940,4106,0,0,30,0
1956941,4106,0,0,40,0
1956942,4106,0,0,60,0
1956943,4106,0,0,60,0
1956944,4106,0,0,60,0
1956945,4106,0,0,60,0
1956946,4106,0,0,30,0
1956947,4106,0,0,60,0
1956948,4106,0,0,40,0
1956949,4106,0,0,30,0
1956950,4106,0,0,60,0
1956951,4106,0,0,60,0
1956952,4106,0,0,40,0
1956953,4106,0,1,10,1
1956954,4106,0,0,30,0
1956955,4106,0,0,60,0
1956956,4106,0,0,60,0
1956957,4106,0,0,40,0
1956958,4106,0,0,30,0
1956959,4106,0,0,60,0
1956960,4106,0,0,40,0
1956961,4106,0,0,60,0
1956962,4114,0,0,10,1
1956963,4114,1,1,10,1
1956964,4114,0,0,40,0
1956965,4114,1,1,10,1
1956966,4114,1,1,30,0
1956967,4114,1,1,10,1
1956968,4114,0,0,30,0
1956969,4114,1,1,10,1
1956970,4114,1,1,10,1
1956971,4114,1,1,10,1
1956972,4114,0,0,40,0
1956973,4114,0,0,40,0
1956974,4114,0,0,40,0
1956975,4114,0,0,30,0
1956976,4224,0,0,30,0
1956977,4114,0,1,10,1
1956978,4125,0,0,30,0
1956979,4125,0,0,30,0
1956980,4125,1,1,10,1
1956981,4125,0,0,30,0
1956982,4125,0,0,30,0
1956983,4125,1,1,10,1
1956984,4125,0,0,40,0
1956985,4125,0,0,30,0
1956986,4125,0,0,30,0
1956987,4125,0,0,30,0
1956988,4125,0,0,30,0
1956989,4125,0,0,30,0
1956990,4125,1,1,10,1
1956991,4125,0,0,100,0
1956992,4125,0,0,40,0
1956993,4200,0,0,40,0
1956994,4200,0,0,40,0
1956995,4200,0,0,60,0
1956996,4200,0,0,10,1
1956997,4200,0,0,50,0
1956998,4200,0,0,60,0
1956999,4222,0,0,80,0
1957000,4222,0,0,80,0
1957001,4222,0,0,80,0
1957002,4222,0,0,80,0
1957003,4222,0,0,80,0
1957004,4222,0,0,80,0
1957005,4222,0,0,80,0
1957006,4210,0,0,60,0
1957007,4210,0,0,60,0
1957008,4210,0,0,60,0
1957009,4210,0,0,40,0
1957010,4222,0,0,80,0
1957011,4222,0,0,80,0
1957012,4222,0,0,80,0
1957013,4222,0,0,80,0
1957014,4222,0,0,80,0
1957015,4222,0,0,80,0
1957016,4210,0,0,60,0
1957017,4210,0,0,60,0
1957018,5008,1,1,10,1
1957019,5008,1,1,10,1
1957020,5008,0,0,40,0
1957021,5008,1,1,10,1
1957022,5008,0,0,20,0
1957023,5221,0,0,50,0
1957024,5008,0,0,30,0
1957025,5008,0,0,30,0
1957026,5008,0,0,30,0
1957027,5008,1,1,10,1
1957028,5222,0,0,80,0
1957029,5008,0,0,30,0
1957030,5008,1,1,10,1
1957031,5008,0,0,30,0
1957032,5008,1,1,10,1
1957033,5008,1,1,10,1
1957034,5014,0,1,10,1
1957035,5014,1,1,10,1
1957036,5014,1,1,10,1
1957037,5221,0,0,10,1
1957038,5015,0,0,40,0
1957039,5221,0,0,50,0
1957040,5015,0,0,40,0
1957041,5221,0,0,50,0
1957042,5015,1,1,10,1
1957043,5015,1,1,10,1
1957044,5015,0,0,30,0
1957045,5015,0,0,30,0
1957046,5015,0,0,30,0
1957047,5015,1,1,10,1
1957048,5015,1,1,10,1
1957049,5015,0,0,40,0
1957050,5015,1,1,10,1
1957051,5015,0,0,40,0
1957052,5015,0,0,60,0
1957053,5015,0,0,40,0
1957054,5015,1,1,10,1
1957055,5221,0,0,50,0
1957056,5015,0,0,30,0
1957057,5015,1,1,10,1
1957058,5015,1,1,10,1
1957059,5015,0,0,30,0
1957060,5015,1,1,10,1
1957061,5015,0,1,40,0
1957062,5015,0,1,10,1
1957063,5015,0,0,40,0
1957064,5015,1,0,40,0
1957065,5015,1,0,10,1
1957066,5015,0,0,40,0
1957067,5015,0,0,40,0
1957068,5015,1,1,10,1
1957069,5015,0,1,30,0
1957070,5221,0,0,50,0
1957071,5015,0,0,30,0
1957072,5015,0,0,40,0
1957073,5015,0,0,40,0
1957074,5015,0,0,40,0
1957075,5015,1,0,10,1
1957076,5015,0,0,40,0
1957077,5015,0,0,30,0
1957078,5015,0,0,40,0
1957079,5221,0,0,10,1
1957080,5015,0,0,40,0
1957081,5015,0,0,40,0
1957082,5221,0,0,50,0
1957083,5015,1,1,10,1
1957084,5015,0,0,40,0
1957085,5015,1,1,10,1
1957086,5015,0,0,30,0
1957087,5015,0,0,40,0
1957088,5015,0,0,40,0
1957089,5015,0,0,30,0
1957090,5015,1,1,10,1
1957091,5015,0,1,10,1
1957092,5015,0,0,40,0
1957093,5015,0,0,40,0
1957094,5015,0,0,30,0
1957095,5015,0,0,40,0
1957096,5015,1,1,10,1
1957097,5015,1,1,10,1
1957098,5015,0,0,40,0
1957099,5015,1,1,10,1
1957100,5015,0,0,30,0
1957101,5015,0,0,40,0
1957102,5015,0,0,10,1
1957103,5015,0,0,30,0
1957104,5015,1,1,10,1
1957105,5015,0,0,40,0
1957106,5015,1,1,10,1
1957107,5015,0,1,10,1
1957108,5015,0,0,40,0
1957109,5015,0,0,40,0
1957110,5015,1,1,10,1
1957111,5015,0,0,30,0
1957112,5015,0,0,10,1
1957113,5015,1,1,10,1
1957114,5015,0,1,30,0
1957115,5015,0,0,30,0
1957116,5015,1,1,10,1
1957117,5015,0,0,30,0
1957118,5015,0,0,30,0
1957119,5015,1,1,10,1
1957120,5015,0,0,40,0
1957121,5015,1,1,30,0
1957122,5015,1,1,10,1
1957123,5015,1,1,10,1
1957124,5015,0,0,30,0
1957125,5015,1,1,10,1
1957126,5015,1,1,10,1
1957127,5015,1,0,10,1
1957128,5015,0,0,40,0
1957129,5015,0,1,30,0
1957130,5015,0,0,30,0
1957131,5015,1,1,10,1
1957132,5015,0,0,40,0
1957133,5015,0,0,40,0
1957134,5015,0,0,30,0
1957135,5015,0,0,40,0
1957136,5015,0,0,40,0
1957137,5221,0,0,30,0
1957138,5015,1,1,10,1
1957139,5015,0,0,40,0
1957140,5015,0,0,40,0
1957141,5015,1,1,10,1
1957142,5015,1,1,10,1
1957143,5015,0,0,30,0
1957144,5015,1,1,10,1
1957145,5015,0,0,30,0
1957146,5015,0,0,40,0
1957147,5015,0,0,40,0
1957148,5015,0,0,30,0
1957149,5015,1,1,10,1
1957150,5015,0,0,40,0
1957151,5015,0,0,30,0
1957152,5015,0,0,30,0
1957153,5015,0,0,40,0
1957154,5015,0,0,40,0
1957155,5015,0,0,40,0
1957156,5015,0,0,30,0
1957157,5015,1,1,10,1
1957158,5015,0,0,10,1
1957159,5015,0,0,30,0
1957160,5015,0,0,30,0
1957161,5015,0,0,30,0
1957162,5015,0,0,30,0
1957163,5015,0,0,30,0
1957164,5015,0,1,10,1
1957165,5015,0,0,30,0
1957166,5015,0,1,10,1
1957167,5221,0,0,50,0
1957168,5015,0,0,30,0
1957169,5015,0,0,40,0
1957170,5015,0,0,30,0
1957171,5015,0,0,80,0
1957172,5015,0,0,40,0
1957173,5015,0,1,10,1
1957174,5015,0,0,40,0
1957175,5015,0,0,40,0
1957176,5015,0,0,30,0
1957177,5015,0,0,10,1
1957178,5221,0,0,30,0
1957179,5015,0,0,30,0
1957180,5015,1,1,10,1
1957181,5015,1,1,10,1
1957182,5015,1,1,10,1
1957183,5015,0,0,30,0
1957184,5015,0,0,40,0
1957185,5015,0,0,30,0
1957186,5015,0,0,30,0
1957187,5015,1,1,10,1
1957188,5015,1,1,10,1
1957189,5015,0,0,30,0
1957190,5015,0,0,50,0
1957191,5015,0,0,30,0
1957192,5015,0,1,10,1
1957193,5015,0,0,40,0
1957194,5015,0,0,30,0
1957195,5015,0,0,30,0
1957196,5015,0,0,40,0
1957197,5015,1,1,10,1
1957198,5015,0,0,60,0
1957199,5015,0,0,40,0
1957200,5015,0,0,40,0
1957201,5015,1,1,10,1
1957202,5015,0,0,40,0
1957203,5015,0,0,40,0
1957204,5015,0,0,40,0
1957205,5015,1,1,10,1
1957206,5015,0,0,40,0
1957207,5015,0,0,40,0
1957208,5015,0,0,40,0
1957209,5015,1,1,10,1
1957210,5015,0,0,30,0
1957211,5015,1,1,10,1
1957212,5015,0,0,40,0
1957213,5015,1,1,10,1
1957214,5015,0,1,10,1
1957215,5015,0,0,40,0
1957216,5015,0,0,30,0
1957217,5015,1,1,10,1
1957218,5015,1,1,10,1
1957219,5015,1,1,10,1
1957220,5015,0,0,30,0
1957221,5015,1,1,10,1
1957222,5015,1,1,10,1
1957223,5015,0,0,40,0
1957224,5015,1,0,30,0
1957225,5015,0,0,30,0
1957226,5015,0,0,30,0
1957227,5015,1,1,10,1
1957228,5015,0,0,40,0
1957229,5015,1,1,10,1
1957230,5015,0,0,40,0
1957231,5015,0,0,30,0
1957232,5015,1,1,10,1
1957233,5015,0,0,40,0
1957234,5015,0,0,30,0
1957235,5015,1,1,10,1
1957236,5015,0,0,40,0
1957237,5015,0,0,40,0
1957238,5015,0,0,40,0
1957239,5015,1,1,10,1
1957240,5015,0,0,40,0
1957241,5015,0,0,40,0
1957242,5015,0,0,10,1
1957243,5015,0,1,10,1
1957244,5015,0,0,30,0
1957245,5015,0,0,30,0
1957246,5015,0,0,40,0
1957247,5015,0,0,40,0
1957248,5015,0,0,80,0
1957249,5015,1,1,10,1
1957250,5015,0,0,40,0
1957251,5015,0,1,10,1
1957252,5015,0,0,30,0
1957253,5015,0,0,30,0
1957254,5015,0,0,30,0
1957255,5015,0,0,40,0
1957256,5015,0,0,40,0
1957257,5015,0,0,40,0
1957258,5015,0,0,40,0
1957259,5015,0,0,40,0
1957260,5015,0,0,40,0
1957261,5015,0,1,30,0
1957262,5015,1,1,10,1
1957263,5015,1,1,10,1
1957264,5015,0,0,30,0
1957265,5015,0,0,40,0
1957266,5015,1,1,10,1
1957267,5015,0,0,30,0
1957268,5015,0,0,10,1
1957269,5015,0,0,40,0
1957270,5015,0,0,40,0
1957271,5015,0,0,40,0
1957272,5015,1,1,10,1
1957273,5015,0,0,60,0
1957274,5015,1,1,10,1
1957275,5015,0,0,30,0
1957276,5015,0,0,10,1
1957277,5015,0,0,30,0
1957278,5015,1,1,10,1
1957279,5015,1,0,10,1
1957280,5015,0,0,10,1
1957281,5015,0,0,30,0
1957282,5015,1,1,10,1
1957283,5015,1,1,10,1
1957284,5015,1,1,10,1
1957285,5015,1,1,10,1
1957286,5015,0,0,40,0
1957287,5015,0,0,40,0
1957288,5015,0,0,30,0
1957289,5015,0,0,40,0
1957290,5015,1,1,10,1
1957291,5015,0,0,30,0
1957292,5015,1,1,10,1
1957293,5015,1,1,10,1
1957294,5015,0,0,30,0
1957295,5015,0,0,30,0
1957296,5015,0,0,30,0
1957297,5015,0,1,30,0
1957298,5015,0,0,40,0
1957299,5015,1,1,10,1
1957300,5025,1,1,10,1
1957301,5025,1,1,10,1
1957302,5027,1,1,10,1
1957303,5027,0,1,30,0
1957304,5027,0,0,30,0
1957305,5027,1,1,10,1
1957306,5027,0,1,20,0
1957307,5027,0,1,30,0
1957308,5027,1,1,10,1
1957309,5027,0,0,30,0
1957310,5027,1,1,10,1
1957311,5027,0,0,30,0
1957312,5027,1,1,10,1
1957313,5027,0,0,40,0
1957314,5027,0,0,30,0
1957315,5225,0,0,100,0
1957316,5027,0,0,30,0
1957317,5027,1,1,10,1
1957318,5027,1,1,10,1
1957319,5027,1,1,10,1
1957320,5027,1,1,10,1
1957321,5027,0,0,30,0
1957322,5029,0,1,30,0
1957323,5029,0,1,30,0
1957324,5029,1,1,10,1
1957325,5029,1,1,10,1
1957326,5029,0,1,10,1
1957327,5029,0,0,30,0
1957328,5029,0,0,30,0
1957329,5225,0,0,70,0
1957330,5221,0,0,50,0
1957331,5029,0,0,50,0
1957332,5029,0,1,10,1
1957333,5029,1,1,10,1
1957334,5029,0,0,30,0
1957335,5029,1,1,10,1
1957336,5029,1,1,10,1
1957337,5029,0,0,100,0
1957338,5029,0,0,30,0
1957339,5029,0,0,30,0
1957340,5029,1,1,10,1
1957341,5029,1,1,10,1
1957342,5029,1,1,10,1
1957343,5226,0,0,70,0
1957344,5029,0,0,30,0
1957345,5029,0,0,40,0
1957346,5029,0,0,10,1
1957347,5114,0,0,10,1
1957348,5114,1,1,10,1
1957349,5114,1,1,10,1
1957350,5114,0,0,30,0
1957351,5114,0,0,40,0
1957352,5125,0,0,40,0
1957353,5125,0,0,40,0
1957354,5125,1,1,10,1
1957355,5125,0,0,30,0
1957356,5125,0,1,10,1
1957357,5125,0,0,40,0
1957358,5125,1,1,10,1
1957359,5125,0,0,40,0
1957360,5125,1,0,10,1
1957361,5125,1,1,10,1
1957362,5125,0,1,10,1
1957363,5125,1,1,10,1
1957364,5125,1,1,10,1
1957365,5125,1,1,10,1
1957366,5125,1,1,10,1
1957367,5125,1,1,10,1
1957368,5125,0,0,40,0
1957369,5223,0,0,80,0
1957370,5125,0,0,30,0
1957371,5125,0,0,30,0
1957372,5125,0,0,30,0
1957373,5125,1,1,10,1
1957374,5125,1,1,10,1
1957375,5125,0,0,40,0
1957376,5125,1,1,10,1
1957377,5125,0,0,40,0
1957378,5125,0,0,40,0
1957379,5125,0,0,30,0
1957380,5125,1,1,10,1
1957381,5125,1,1,10,1
1957382,5125,1,1,10,1
1957383,5125,0,0,30,0
1957384,5125,0,0,40,0
1957385,5125,1,1,10,1
1957386,5125,1,1,10,1
1957387,5008,1,1,10,1
1957388,5125,0,0,30,0
1957389,5125,0,1,30,0
1957390,5125,1,0,40,0
1957391,5125,0,0,30,0
1957392,5125,0,0,40,0
1957393,5125,1,1,10,1
1957394,5125,0,0,40,0
1957395,5221,0,0,50,0
1957396,5125,1,1,10,1
1957397,5125,1,0,10,1
1957398,5125,0,0,40,0
1957399,5125,0,1,30,0
1957400,5125,0,0,40,0
1957401,5125,1,1,10,1
1957402,5125,0,0,10,1
1957403,5125,0,0,40,0
1957404,5125,0,0,30,0
1957405,5125,1,1,10,1
1957406,5125,1,1,10,1
1957407,5125,1,1,10,1
1957408,5125,0,0,10,1
1957409,5125,0,0,40,0
1957410,5125,0,0,40,0
1957411,5125,1,1,10,1
1957412,5125,0,0,40,0
1957413,5223,0,0,80,0
1957414,5125,0,1,10,1
1957415,5125,0,0,40,0
1957416,5125,0,1,10,1
1957417,5125,1,1,10,1
1957418,5125,0,0,40,0
1957419,5125,0,0,30,0
1957420,5125,0,0,30,0
1957421,5125,1,1,10,1
1957422,5125,1,1,10,1
1957423,5125,1,1,10,1
1957424,5125,0,0,40,0
1957425,5125,0,0,30,0
1957426,5125,1,1,10,1
1957427,5125,1,1,10,1
1957428,5125,1,1,10,1
1957429,5125,1,1,10,1
1957430,5125,0,0,30,0
1957431,5125,0,1,10,1
1957432,5125,1,1,10,1
1957433,5125,0,0,40,0
1957434,5125,1,1,10,1
1957435,5125,0,0,50,0
1957436,5125,0,0,40,0
1957437,5125,1,1,10,1
1957438,5125,0,0,50,0
1957439,5125,1,1,10,1
1957440,5125,0,0,40,0
1957441,5125,1,0,10,1
1957442,5125,0,0,30,0
1957443,5125,0,0,40,0
1957444,5125,1,1,10,1
1957445,5125,0,0,30,0
1957446,5125,0,0,40,0
1957447,5125,1,1,10,1
1957448,5125,1,1,10,1
1957449,5125,0,0,30,0
1957450,5125,0,0,40,0
1957451,5125,1,1,10,1
1957452,5221,0,0,50,0
1957453,5200,0,0,30,0
1957454,5200,0,0,10,1
1957455,5200,1,1,10,1
1957456,5200,0,0,40,0
1957457,5221,0,0,50,0
1957458,5221,0,0,50,0
1957459,5200,0,0,90,0
1957460,5200,0,0,40,0
1957461,5221,0,0,50,0
1957462,5200,0,0,30,0
1957463,5200,0,0,50,0
1957464,5221,0,0,10,1
1957465,5200,0,0,30,0
1957466,5200,0,0,30,0
1957467,5200,0,0,10,1
1957468,5200,1,0,10,1
1957469,5200,0,0,10,1
1957470,5200,1,0,10,1
1957471,5200,1,1,10,1
1957472,5200,1,1,10,1
1957473,5221,0,0,10,1
1957474,5200,0,0,50,0
1957475,5221,0,0,10,1
1957476,5221,0,0,50,0
1957477,5200,0,0,40,0
1957478,5200,0,0,30,0
1957479,5221,0,0,50,0
1957480,5221,0,0,50,0
1957481,5200,0,0,30,0
1957482,5221,0,0,50,0
1957483,5221,0,0,10,1
1957484,5221,0,0,10,1
1957485,5221,0,0,50,0
1957486,5221,0,0,50,0
1957487,5221,0,0,50,0
1957488,5200,0,0,30,0
1957489,5200,0,0,10,1
1957490,5200,0,0,30,0
1957491,5221,0,0,50,0
1957492,5210,0,0,10,1
1957493,5210,1,1,10,1
1957494,5222,0,0,80,0
1957495,5210,0,0,40,0
1957496,5210,1,1,10,1
1957497,5210,0,0,30,0
1957498,6004,0,0,60,0
1957499,6004,0,0,60,0
1957500,6004,0,0,60,0
1957501,6004,0,0,60,0
1957502,6004,0,0,60,0
1957503,6004,0,0,30,0
1957504,6004,0,0,60,0
1957505,6004,0,0,60,0
1957506,6004,0,0,60,0
1957507,6004,0,0,60,0
1957508,6004,0,0,60,0
1957509,6004,0,0,30,0
1957510,6004,0,0,60,0
1957511,6004,0,0,60,0
1957512,6004,0,0,60,0
1957513,6004,0,0,60,0
1957514,6004,0,0,60,0
1957515,6004,0,0,60,0
1957516,6004,0,0,60,0
1957517,6004,0,0,60,0
1957518,6004,0,0,60,0
1957519,6004,0,0,60,0
1957520,6004,0,0,60,0
1957521,6004,0,0,60,0
1957522,6004,0,0,60,0
1957523,6004,0,0,60,0
1957524,6004,0,0,60,0
1957525,6004,0,0,60,0
1957526,6004,0,0,60,0
1957527,6004,0,0,60,0
1957528,6004,0,0,60,0
1957529,6004,0,0,60,0
1957530,6004,0,0,60,0
1957531,6004,0,0,60,0
1957532,6004,0,0,30,0
1957533,6004,0,0,60,0
1957534,6004,0,0,60,0
1957535,6004,0,0,60,0
1957536,6004,0,0,60,0
1957537,6004,0,0,60,0
1957538,6004,0,0,60,0
1957539,6004,0,0,60,0
1957540,6004,0,0,30,0
1957541,6004,0,0,60,0
1957542,6004,0,0,60,0
1957543,6004,0,0,60,0
1957544,6004,0,0,60,0
1957545,6004,0,0,60,0
1957546,6004,0,0,30,0
1957547,6004,0,0,60,0
1957548,6006,0,0,30,0
1957549,6006,0,0,30,0
1957550,6006,0,0,30,0
1957551,6006,0,0,60,0
1957552,6006,0,0,30,0
1957553,6006,0,0,30,0
1957554,6006,0,0,30,0
1957555,6006,0,0,60,0
1957556,6006,0,0,30,0
1957557,6006,1,0,30,0
1957558,6006,0,0,60,0
1957559,6006,0,0,30,0
1957560,6222,0,0,80,0
1957561,6006,0,0,30,0
1957562,6006,0,0,30,0
1957563,6006,0,0,30,0
1957564,6006,0,0,30,0
1957565,6006,0,0,30,0
1957566,6006,0,0,60,0
1957567,6006,0,0,100,0
1957568,6006,0,0,30,0
1957569,6006,0,0,30,0
1957570,6006,0,0,30,0
1957571,6006,0,0,30,0
1957572,6006,0,0,60,0
1957573,6006,0,0,30,0
1957574,6006,0,0,30,0
1957575,6006,0,0,30,0
1957576,6006,0,0,30,0
1957577,6006,0,0,30,0
1957578,6006,0,0,30,0
1957579,6006,0,0,100,0
1957580,6006,0,0,30,0
1957581,6006,0,0,30,0
1957582,6006,0,0,60,0
1957583,6006,0,0,30,0
1957584,6006,0,0,30,0
1957585,6006,0,0,30,0
1957586,6006,0,0,30,0
1957587,6006,0,0,30,0
1957588,6006,0,0,30,0
1957589,6006,0,0,30,0
1957590,6006,0,0,30,0
1957591,6006,0,0,30,0
1957592,6006,1,1,10,1
1957593,6222,0,0,60,0
1957594,6006,0,0,60,0
1957595,6006,0,0,30,0
1957596,6006,0,0,100,0
1957597,6006,0,0,60,0
1957598,6006,0,0,30,0
1957599,6006,0,0,30,0
1957600,6006,0,0,60,0
1957601,6006,0,0,30,0
1957602,6006,0,0,100,0
1957603,6006,0,0,30,0
1957604,6006,0,0,60,0
1957605,6006,0,0,30,0
1957606,6006,0,0,60,0
1957607,6006,0,0,30,0
1957608,6006,0,0,60,0
1957609,6006,0,0,30,0
1957610,6006,0,0,60,0
1957611,6006,0,0,30,0
1957612,6006,0,0,30,0
1957613,6006,0,0,30,0
1957614,6006,0,0,60,0
1957615,6006,0,0,60,0
1957616,6006,0,0,60,0
1957617,6006,0,0,30,0
1957618,6006,0,0,30,0
1957619,6006,0,0,30,0
1957620,6006,0,0,60,0
1957621,6006,0,0,60,0
1957622,6006,0,0,60,0
1957623,6006,0,0,30,0
1957624,6006,0,0,30,0
1957625,6006,0,0,60,0
1957626,6006,0,0,30,0
1957627,6006,0,0,30,0
1957628,6006,0,0,30,0
1957629,6006,0,0,60,0
1957630,6006,0,0,60,0
1957631,6006,0,0,30,0
1957632,6006,0,0,60,0
1957633,6006,0,0,60,0
1957634,6006,0,0,60,0
1957635,6006,0,0,30,0
1957636,6006,0,0,60,0
1957637,6006,0,0,30,0
1957638,6006,0,0,60,0
1957639,6006,0,0,60,0
1957640,6006,0,0,30,0
1957641,6006,0,0,30,0
1957642,6006,0,0,60,0
1957643,6006,0,0,30,0
1957644,6006,0,0,30,0
1957645,6006,0,0,100,0
1957646,6006,0,0,60,0
1957647,6006,0,0,60,0
1957648,6006,0,0,30,0
1957649,6006,0,0,30,0
1957650,6006,0,0,30,0
1957651,6006,0,0,30,0
1957652,6006,0,0,30,0
1957653,6006,0,0,100,0
1957654,6006,0,0,30,0
1957655,6006,0,0,30,0
1957656,6006,0,0,30,0
1957657,6006,0,0,60,0
1957658,6006,0,0,60,0
1957659,6006,0,0,60,0
1957660,6025,0,0,30,0
1957661,6025,0,0,30,0
1957662,6025,0,0,30,0
1957663,6025,0,0,30,0
1957664,6025,0,0,30,0
1957665,6025,0,0,30,0
1957666,6027,0,0,30,0
1957667,6027,0,0,100,0
1957668,6027,0,0,30,0
1957669,6027,0,0,100,0
1957670,6027,1,1,10,1
1957671,6027,0,0,30,0
1957672,6027,0,1,10,1
1957673,6027,1,1,10,1
1957674,6027,0,0,30,0
1957675,6027,0,1,30,0
1957676,6027,0,1,30,0
1957677,6027,0,0,30,0
1957678,6027,1,1,10,1
1957679,6027,0,0,30,0
1957680,6027,0,0,30,0
1957681,6027,0,0,30,0
1957682,6027,0,0,30,0
1957683,6027,0,0,30,0
1957684,6027,0,0,30,0
1957685,6027,0,0,30,0
1957686,6027,0,0,30,0
1957687,6027,1,1,10,1
1957688,6027,0,0,100,0
1957689,6027,1,1,10,1
1957690,6027,0,0,80,0
1957691,6027,1,1,10,1
1957692,6027,0,0,100,0
1957693,6027,0,0,30,0
1957694,6027,0,0,30,0
1957695,6027,1,1,10,1
1957696,6027,0,0,30,0
1957697,6104,0,0,60,0
1957698,6104,0,0,60,0
1957699,6106,0,0,60,0
1957700,6222,0,0,80,0
1957701,6222,0,0,80,0
1957702,6210,0,0,30,0
1957703,6210,0,0,80,0
1957704,6222,0,0,80,0
1957705,4004,0,0,60,0
1957706,4004,0,0,60,0
1957707,4004,0,0,60,0
1957708,4004,0,0,60,0
1957709,4004,0,0,60,0
1957710,4004,0,0,60,0
1957711,4004,0,0,60,0
1957712,4004,0,0,60,0
1957713,4004,0,0,60,0
1957714,4004,0,0,60,0
1957715,4004,0,0,60,0
1957716,4004,0,0,60,0
1957717,4004,0,0,60,0
1957718,4006,0,0,30,0
1957719,4006,0,0,30,0
1957720,4006,0,0,30,0
1957721,4006,0,0,60,0
1957722,4006,0,0,30,0
1957723,4006,0,0,30,0
1957724,4006,0,0,30,0
1957725,4006,0,0,30,0
1957726,4006,0,0,30,0
1957727,4025,0,0,30,0
1957728,4025,0,0,30,0
1957729,4025,1,1,10,1
1957730,4025,0,0,30,0
1957731,4025,1,1,10,1
1957732,4025,1,1,10,1
1957733,4025,0,0,30,0
1957734,4025,0,0,30,0
1957735,4025,0,0,30,0
1957736,4025,0,0,30,0
1957737,4025,1,1,10,1
1957738,4025,0,0,30,0
1957739,4025,0,0,30,0
1957740,4025,1,0,30,0
1957741,4025,0,0,30,0
1957742,4025,0,0,30,0
1957743,4223,0,0,30,0
1957744,4025,0,0,30,0
1957745,4025,1,1,10,1
1957746,4025,0,0,30,0
1957747,4025,1,1,10,1
1957748,4025,0,0,30,0
1957749,4223,0,0,90,0
1957750,4223,0,0,30,0
1957751,4025,0,0,30,0
1957752,4025,1,0,10,1
1957753,4025,1,1,10,1
1957754,4025,1,1,10,1
1957755,4025,1,1,10,1
1957756,4025,0,0,30,0
1957757,4025,0,0,30,0
1957758,4025,1,1,10,1
1957759,4025,0,0,30,0
1957760,4025,0,0,30,0
1957761,4025,0,0,30,0
1957762,4025,0,0,30,0
1957763,4027,1,1,10,1
1957764,4027,0,0,30,0
1957765,4027,0,0,30,0
1957766,4027,0,1,10,1
1957767,4027,1,1,10,1
1957768,4027,0,0,30,0
1957769,4027,1,1,10,1
1957770,4027,1,1,10,1
1957771,4027,1,1,10,1
1957772,4027,1,1,10,1
1957773,4027,1,1,10,1
1957774,4027,1,1,10,1
1957775,4027,1,1,10,1
1957776,4027,0,0,30,0
1957777,4027,0,0,30,0
1957778,4027,1,1,10,1
1957779,4027,0,0,30,0
1957780,4027,1,1,10,1
1957781,4027,1,1,10,1
1957782,4027,1,1,10,1
1957783,4027,1,1,10,1
1957784,4027,1,1,10,1
1957785,4027,1,1,10,1
1957786,4027,1,1,10,1
1957787,4027,1,1,10,1
1957788,4027,1,0,30,0
1957789,4027,0,1,30,0
1957790,4027,0,0,30,0
1957791,4027,1,1,10,1
1957792,4027,0,0,30,0
1957793,4027,0,0,40,0
1957794,4027,1,1,10,1
1957795,4027,1,1,10,1
1957796,4027,1,1,10,1
1957797,4027,1,1,10,1
1957798,4027,0,0,30,0
1957799,4027,0,0,30,0
1957800,4027,0,0,10,1
1957801,4027,1,1,10,1
1957802,4027,0,0,40,0
1957803,4027,1,1,10,1
1957804,4027,1,1,10,1
1957805,4027,1,1,10,1
1957806,4027,1,1,10,1
1957807,4027,1,1,10,1
1957808,4027,1,1,10,1
1957809,4027,1,1,10,1
1957810,4027,1,1,10,1
1957811,4027,0,0,30,0
1957812,4027,1,1,10,1
1957813,4027,1,1,10,1
1957814,4027,1,1,30,0
1957815,4027,1,1,10,1
1957816,4027,1,1,10,1
1957817,4027,0,0,40,0
1957818,4027,1,0,10,1
1957819,4027,0,0,30,0
1957820,4027,0,0,30,0
1957821,4104,0,0,60,0
1957822,4104,0,0,60,0
1957823,4104,0,0,60,0
1957824,4104,0,0,60,0
1957825,4104,0,0,60,0
1957826,4104,0,0,60,0
1957827,4106,0,1,30,0
1957828,4106,0,0,30,0
1957829,4106,0,0,40,0
1957830,4106,0,0,30,0
1957831,4106,0,0,60,0
1957832,4106,0,0,30,0
1957833,4106,0,0,60,0
1957834,4106,0,0,60,0
1957835,4106,1,0,30,0
1957836,4106,0,0,60,0
1957837,4106,0,0,30,0
1957838,4106,0,0,30,0
1957839,4106,0,0,40,0
1957840,4106,0,0,20,0
1957841,4106,0,0,30,0
1957842,4106,0,0,30,0
1957843,4106,0,0,30,0
1957844,4106,0,0,40,0
1957845,4106,0,0,60,0
1957846,4106,0,0,60,0
1957847,4106,1,1,10,1
1957848,4106,0,0,60,0
1957849,4125,0,0,30,0
1957850,4125,0,0,30,0
1957851,4125,0,0,40,0
1957852,4125,1,1,10,1
1957853,4125,0,0,30,0
1957854,4125,0,0,30,0
1957855,4125,1,1,10,1
1957856,4125,0,0,60,0
1957857,4125,0,0,40,0
1957858,4125,1,0,10,1
1957859,4125,0,0,30,0
1957860,4125,1,1,10,1
1957861,4125,1,1,10,1
1957862,4125,1,1,10,1
1957863,4125,1,0,40,0
1957864,4125,0,0,40,0
1957865,4125,1,1,10,1
1957866,4125,0,0,30,0
1957867,4125,0,0,30,0
1957868,6004,0,0,30,0
1957869,6006,1,1,10,1
1957870,6006,1,1,10,1
1957871,6006,0,0,30,0
1957872,6006,0,0,30,0
1957873,6006,0,0,100,0
1957874,6006,0,0,30,0
1957875,6006,0,0,30,0
1957877,6006,0,0,30,0
1957878,6006,0,1,30,0
1957879,6223,0,0,90,0
1957880,6025,1,1,10,1
1957881,6025,0,0,30,0
1957882,6025,0,0,30,0
1957883,6223,0,0,30,0
1957884,6025,1,1,10,1
1957885,6025,1,1,10,1
1957886,6025,1,1,10,1
1957887,6025,1,1,10,1
1957888,6025,0,0,30,0
1957889,6025,1,1,10,1
1957890,6025,1,1,10,1
1957891,6025,1,1,30,0
1957892,6025,1,0,30,0
1957893,6025,1,1,10,1
1957894,6025,0,0,90,0
1957895,6025,1,1,10,1
1957896,6025,1,1,10,1
1957897,6025,0,1,10,1
1957898,6025,1,1,10,1
1957899,6025,1,1,10,1
1957900,6223,0,0,90,0
1957901,6025,1,1,10,1
1957902,6025,0,0,30,0
1957903,6025,1,1,10,1
1957904,6025,1,1,10,1
1957905,6025,1,1,10,1
1957906,6223,1,1,10,1
1957907,6025,1,1,10,1
1957908,6025,1,1,10,1
1957909,6223,0,0,30,0
1957910,6025,1,1,10,1
1957911,6025,1,1,10,1
1957912,6025,0,0,30,0
1957913,6025,1,1,10,1
1957914,6025,1,1,10,1
1957915,6025,1,1,10,1
1957916,6025,0,1,20,0
1957917,6025,1,1,10,1
1957918,6025,0,0,100,0
1957919,6025,1,1,10,1
1957920,6025,1,1,10,1
1957921,6025,1,1,10,1
1957922,6025,0,1,30,0
1957923,6025,0,0,90,0
1957924,6025,1,1,10,1
1957925,6025,0,0,100,0
1957926,6025,1,1,10,1
1957927,6025,1,1,10,1
1957928,6025,1,1,10,1
1957929,6025,1,1,10,1
1957930,6025,1,1,10,1
1957931,6025,1,1,10,1
1957932,6025,1,1,10,1
1957933,6025,1,1,10,1
1957934,6025,1,1,20,0
1957935,6025,1,1,10,1
1957936,6025,1,1,10,1
1957937,6025,0,1,10,1
1957938,6223,0,0,90,0
1957939,6025,0,0,30,0
1957940,6025,1,1,10,1
1957941,6025,0,0,30,0
1957942,6223,0,0,30,0
1957943,6025,0,0,90,0
1957944,6025,1,1,10,1
1957945,6025,0,0,100,0
1957946,6025,0,0,30,0
1957947,6025,0,0,30,0
1957948,6025,1,1,10,1
1957949,6025,1,1,10,1
1957950,6025,1,1,10,1
1957951,6025,0,0,90,0
1957952,6025,1,1,10,1
1957953,6025,0,0,40,0
1957954,6025,1,1,10,1
1957955,6025,1,1,10,1
1957956,6025,1,1,10,1
1957957,6025,1,1,10,1
1957958,6025,1,1,10,1
1957959,6025,0,0,40,0
1957960,6025,1,1,10,1
1957961,6025,1,1,10,1
1957962,6025,1,1,10,1
1957963,6025,1,1,10,1
1957964,6025,1,1,10,1
1957965,6025,1,1,10,1
1957966,6223,0,0,90,0
1957967,6025,0,0,30,0
1957968,6025,0,0,30,0
1957969,6025,1,1,10,1
1957970,6224,0,0,30,0
1957971,6025,0,0,40,0
1957972,6025,0,0,30,0
1957973,6025,1,1,10,1
1957974,6223,0,0,80,0
1957975,6025,0,0,30,0
1957976,6025,0,0,30,0
1957977,6025,1,1,10,1
1957978,6025,0,0,30,0
1957979,6025,1,1,10,1
1957980,6025,0,0,40,0
1957981,6025,1,1,10,1
1957982,6223,0,0,90,0
1957983,6025,0,0,30,0
1957984,6025,1,1,10,1
1957985,6025,0,0,30,0
1957986,6025,1,1,10,1
1957987,6025,0,0,30,0
1957988,6025,1,1,10,1
1957989,6025,1,1,10,1
1957990,6025,1,0,30,0
1957991,6025,1,1,10,1
1957992,6025,1,1,10,1
1957993,6025,1,1,10,1
1957994,6025,1,1,10,1
1957995,6025,1,1,10,1
1957996,6025,1,1,10,1
1957997,6025,1,1,10,1
1957998,6027,1,1,10,1
1957999,6224,0,0,30,0
1958000,6027,1,1,10,1
1958001,6027,1,1,10,1
1958002,6223,0,0,90,0
1958003,6027,0,0,100,0
1958004,6027,0,0,30,0
1958005,6027,0,0,100,0
1958006,6027,1,1,10,1
1958007,6027,1,1,10,1
1958008,6027,1,1,10,1
1958009,6027,1,1,10,1
1958010,6223,0,0,40,0
1958011,6027,0,0,100,0
1958012,6027,1,1,10,1
1958013,6027,1,1,10,1
1958014,6224,0,1,20,0
1958015,6027,0,1,10,1
1958016,6027,1,1,10,1
1958017,6027,0,0,30,0
1958018,6027,0,0,100,0
1958019,6222,0,0,80,0
1958020,6027,0,0,30,0
1958021,6027,1,0,10,1
1958022,6027,1,1,10,1
1958023,6027,1,1,10,1
1958024,6027,1,1,10,1
1958025,6027,1,1,10,1
1958026,6027,1,1,10,1
1958027,6027,1,1,10,1
1958028,6027,0,0,30,0
1958029,6027,1,1,10,1
1958030,6027,1,1,10,1
1958031,6027,1,1,10,1
1958032,6027,0,0,30,0
1958033,6027,0,1,10,1
1958034,6027,1,1,10,1
1958035,6027,0,0,30,0
1958036,6222,0,0,80,0
1958037,6027,1,0,90,0
1958038,6027,1,1,10,1
1958039,6027,1,1,10,1
1958040,6027,1,1,10,1
1958041,6027,1,1,10,1
1958042,6027,1,0,30,0
1958043,6027,1,1,10,1
1958044,6027,1,1,10,1
1958045,6227,0,0,60,0
1958046,6027,1,1,10,1
1958047,6027,1,1,10,1
1958048,6027,0,0,100,0
1958049,6027,0,0,30,0
1958050,6027,1,1,30,0
1958051,6027,1,1,10,1
1958052,6027,1,1,30,0
1958053,6027,1,1,10,1
1958054,6027,0,0,30,0
1958055,6027,1,1,10,1
1958056,6027,0,1,10,1
1958057,6027,1,1,10,1
1958058,6027,1,1,10,1
1958059,6027,1,1,10,1
1958060,6027,1,1,10,1
1958061,6027,1,1,10,1
1958062,6223,0,0,90,0
1958063,6027,0,1,20,0
1958064,6027,1,1,10,1
1958065,6027,1,1,10,1
1958066,6027,1,1,10,1
1958067,6027,0,1,10,1
1958068,6027,1,1,10,1
1958069,6223,0,0,90,0
1958070,6027,1,1,10,1
1958071,6027,1,1,10,1
1958072,6027,1,1,10,1
1958073,6027,0,0,30,0
1958074,6027,1,1,10,1
1958075,6224,0,1,10,1
1958076,6027,0,1,10,1
1958077,6027,1,1,10,1
1958078,6027,1,1,10,1
1958079,6027,1,1,10,1
1958080,6027,0,0,40,0
1958081,6027,1,1,10,1
1958082,6027,0,0,100,0
1958083,6027,1,1,10,1
1958084,6027,1,1,10,1
1958085,6027,1,1,10,1
1958086,6027,1,1,10,1
1958087,6027,1,1,10,1
1958088,6027,1,1,10,1
1958089,6027,1,1,10,1
1958090,6027,1,1,10,1
1958091,6027,1,1,10,1
1958092,6027,1,1,10,1
1958093,6224,0,1,30,0
1958094,6027,1,1,10,1
1958095,6027,1,1,10,1
1958096,6027,0,0,30,0
1958097,6027,1,1,10,1
1958098,6027,1,1,10,1
1958099,6027,0,1,30,0
1958100,6027,1,1,10,1
1958101,6027,1,0,30,0
1958102,6027,1,1,10,1
1958103,6027,0,0,30,0
1958104,6027,0,1,10,1
1958105,6027,1,1,30,0
1958106,6027,1,1,10,1
1958107,6027,0,0,30,0
1958108,6027,1,1,10,1
1958109,6027,1,1,10,1
1958110,6027,0,0,30,0
1958111,6027,0,0,30,0
1958112,6027,1,1,10,1
1958113,6027,0,1,30,0
1958114,6027,1,1,10,1
1958115,6027,1,1,10,1
1958116,6027,1,1,10,1
1958117,6027,1,1,10,1
1958118,6027,1,1,10,1
1958119,6027,1,1,10,1
1958120,6224,0,0,20,0
1958121,6027,1,1,10,1
1958122,6027,1,1,10,1
1958123,6027,1,1,10,1
1958124,6027,1,1,10,1
1958125,6027,0,0,30,0
1958126,6027,1,1,10,1
1958127,6027,1,1,20,0
1958128,6224,0,0,20,0
1958129,6027,1,1,10,1
1958130,6027,0,0,30,0
1958131,6027,1,1,10,1
1958132,6223,0,0,90,0
1958133,6027,1,1,10,1
1958134,6027,1,1,10,1
1958135,6027,1,1,10,1
1958136,6027,0,1,10,1
1958137,6223,0,0,30,0
1958138,6223,0,0,90,0
1958139,6027,1,1,10,1
1958140,6027,1,1,10,1
1958141,6027,1,1,10,1
1958142,6027,1,1,10,1
1958143,6027,0,1,10,1
1958144,6027,1,1,10,1
1958145,6027,1,1,10,1
1958146,6027,0,1,10,1
1958147,6027,0,0,30,0
1958148,6027,1,1,10,1
1958149,6224,0,1,10,1
1958150,6027,1,1,10,1
1958151,6027,1,1,10,1
1958152,6223,0,0,90,0
1958153,6027,1,1,10,1
1958154,6027,0,0,30,0
1958155,6027,1,1,10,1
1958156,6027,0,0,10,1
1958157,6027,1,1,10,1
1958158,6027,1,1,10,1
1958159,6027,1,1,10,1
1958160,6027,0,0,30,0
1958161,6027,1,1,10,1
1958162,6027,1,1,10,1
1958163,6027,1,1,10,1
1958164,6224,1,1,20,0
1958165,6027,0,0,100,0
1958166,6027,1,1,10,1
1958167,6027,1,1,10,1
1958168,6027,1,1,10,1
1958169,6040,1,1,10,1
1958170,6040,0,1,10,1
1958171,6040,1,1,10,1
1958172,6227,0,0,60,0
1958173,6106,1,1,10,1
1958174,6106,1,1,10,1
1958175,6106,1,1,10,1
1958176,6106,1,1,10,1
1958177,6106,1,1,10,1
1958178,6106,0,0,40,0
1958179,6106,1,1,10,1
1958180,6106,1,1,10,1
1958181,6125,0,0,40,0
1958182,6125,0,1,30,0
1958183,6125,0,0,40,0
1958184,6125,0,0,40,0
1958185,6125,0,0,90,0
1958186,6125,1,1,10,1
1958187,6125,0,0,40,0
1958188,6125,0,0,40,0
1958189,6125,0,0,30,0
1958190,6125,0,0,30,0
1958191,6125,0,1,10,1
1958192,6125,0,0,90,0
1958193,6125,0,0,40,0
1958194,6125,1,1,10,1
1958195,6125,0,0,40,0
1958196,6125,1,1,10,1
1958197,6125,0,0,30,0
1958198,6125,1,1,10,1
1958199,6125,0,0,40,0
1958200,6125,1,1,10,1
1958201,6125,0,0,40,0
1958202,6125,0,0,40,0
1958203,6125,1,1,10,1
1958204,6125,1,1,30,0
1958205,6125,0,0,40,0
1958206,6125,1,1,10,1
1958207,6125,1,0,30,0
1958208,6125,0,0,10,1
1958209,6125,0,0,30,0
1958210,6125,0,0,30,0
1958211,6125,1,1,10,1
1958212,6125,0,1,10,1
1958213,6125,1,1,10,1
1958214,6125,0,0,40,0
1958215,6125,1,1,10,1
1958216,6125,0,0,30,0
1958217,6125,1,1,10,1
1958218,6125,1,1,10,1
1958219,6125,0,0,40,0
1958220,6125,0,0,30,0
1958221,6125,1,1,10,1
1958222,6125,1,1,10,1
1958223,6125,0,0,30,0
1958224,6125,1,1,10,1
1958225,6125,0,1,30,0
1958226,6125,0,0,30,0
1958227,6125,1,1,10,1
1958228,6221,0,0,50,0
1958229,6221,0,0,50,0
1958230,6200,0,0,30,0
1958231,6200,0,0,60,0
1958232,6200,1,1,10,1
1958233,6221,0,0,50,0
1958234,6200,1,1,10,1
1958235,6200,1,1,10,1
1958236,6200,1,0,10,1
1958237,6200,1,1,10,1
1958238,6221,0,0,10,1
1958239,6200,0,0,30,0
1958240,6200,0,0,40,0
1958241,6222,0,0,80,0
1958242,6200,1,1,10,1
1958243,6200,0,0,10,1
1958244,6200,1,0,10,1
1958245,6200,0,0,40,0
1958246,6221,0,0,30,0
1958247,6222,0,0,80,0
1958248,6210,1,1,10,1
1958249,6222,0,0,80,0
1958250,6210,0,0,40,0
1958251,6222,0,0,80,0
1958252,6222,0,0,80,0
1958253,6222,0,0,80,0
1958254,6210,0,0,30,0
1958255,6222,0,0,80,0
1958256,6222,0,0,80,0
1958257,6222,0,0,80,0
1958258,6210,1,1,10,1
1958259,6210,1,1,10,1
1958260,6210,1,1,10,1
1958261,2002,1,1,10,1
1958262,2002,1,1,20,0
1958263,2002,1,1,10,1
1958264,2002,1,0,20,0
1958265,2002,1,1,10,1
1958266,2002,1,1,10,1
1958267,2002,1,1,10,1
1958268,2002,0,1,20,0
1958269,2002,0,0,20,0
1958270,2002,1,1,10,1
1958271,2002,1,0,10,1
1958272,2002,0,0,20,0
1958273,2002,1,1,10,1
1958274,2002,1,1,10,1
1958275,2002,0,1,10,1
1958276,2002,1,1,10,1
1958277,2002,0,0,20,0
1958278,2002,1,1,10,1
1958279,2102,0,0,30,0
1958280,2002,1,1,10,1
1958281,2002,1,1,10,1
1958282,2002,0,0,10,1
1958283,2002,1,1,10,1
1958284,2002,1,1,20,0
1958285,2002,0,1,30,0
1958286,2002,1,1,10,1
1958287,2002,1,1,10,1
1958288,2003,1,1,10,1
1958289,2003,1,1,10,1
1958290,2003,1,1,20,0
1958291,2003,1,1,10,1
1958292,2003,1,1,10,1
1958293,2003,1,1,10,1
1958294,2223,0,0,90,0
1958295,2003,1,1,10,1
1958296,2003,1,1,20,0
1958297,2003,1,1,10,1
1958298,2003,0,0,60,0
1958299,2003,1,1,20,0
1958300,2003,0,0,20,0
1958301,2003,0,0,30,0
1958302,2003,1,1,10,1
1958303,2003,0,0,30,0
1958304,2003,1,1,20,0
1958305,2003,1,1,10,1
1958306,2003,1,1,10,1
1958307,2003,1,1,10,1
1958308,2003,1,1,10,1
1958309,2003,0,1,10,1
1958310,2003,0,0,20,0
1958311,2003,1,1,10,1
1958312,2003,1,1,10,1
1958313,2003,1,1,10,1
1958314,2003,1,1,20,0
1958315,2003,1,1,10,1
1958316,2003,1,1,10,1
1958317,2003,1,1,10,1
1958318,2003,1,1,10,1
1958319,2003,1,1,10,1
1958320,2003,1,1,10,1
1958321,2003,1,1,10,1
1958322,2003,1,1,10,1
1958323,2003,1,1,10,1
1958324,2003,1,1,10,1
1958325,2003,1,1,10,1
1958326,2003,1,1,10,1
1958327,2003,0,0,40,0
1958328,2003,0,0,20,0
1958329,2003,1,1,10,1
1958330,2003,1,1,10,1
1958331,2003,0,0,30,0
1958332,2003,0,0,30,0
1958333,2003,1,1,10,1
1958334,2003,1,1,10,1
1958335,2003,1,0,10,1
1958336,2003,1,1,10,1
1958337,2003,1,1,10,1
1958338,2003,1,1,10,1
1958339,2003,0,0,20,0
1958340,2003,1,1,10,1
1958341,2003,1,0,30,0
1958342,2004,0,0,60,0
1958343,2004,0,0,20,0
1958344,2004,0,0,20,0
1958345,2004,0,0,20,0
1958346,2004,0,0,20,0
1958347,2004,0,0,60,0
1958348,2004,0,0,20,0
1958349,2004,0,0,20,0
1958350,2004,0,0,20,0
1958351,2225,0,0,60,0
1958352,2004,0,0,20,0
1958353,2004,0,0,20,0
1958354,2004,0,0,20,0
1958355,2004,0,0,60,0
1958356,2004,0,0,20,0
1958357,2225,0,0,60,0
1958358,2004,0,0,20,0
1958359,2004,0,0,30,0
1958360,2006,0,0,20,0
1958361,2006,0,0,20,0
1958362,2006,1,1,10,1
1958363,2006,0,0,20,0
1958364,2006,0,0,20,0
1958365,2006,0,0,20,0
1958366,2006,0,0,20,0
1958367,2006,0,0,20,0
1958368,2006,0,0,20,0
1958369,2006,0,0,20,0
1958370,2006,0,0,20,0
1958371,2006,0,0,20,0
1958372,2006,1,1,10,1
1958373,2006,0,0,20,0
1958374,2006,1,1,10,1
1958375,2006,1,1,10,1
1958376,2006,1,1,20,0
1958377,2006,0,0,20,0
1958378,2006,0,0,20,0
1958379,2006,0,0,30,0
1958380,2006,0,0,20,0
1958381,2006,0,0,20,0
1958382,2006,0,0,20,0
1958383,2006,0,0,20,0
1958384,2006,0,0,20,0
1958385,2006,0,0,20,0
1958386,2006,0,0,60,0
1958387,2006,0,0,40,0
1958388,2006,1,1,10,1
1958389,2006,1,1,10,1
1958390,2006,1,1,10,1
1958391,2006,0,0,20,0
1958392,2006,0,0,20,0
1958393,2006,0,0,60,0
1958394,2008,0,0,20,0
1958395,2015,0,0,60,0
1958396,2015,1,1,10,1
1958397,2015,1,1,10,1
1958398,2015,0,0,20,0
1958399,2015,1,1,10,1
1958400,2015,1,0,10,1
1958401,2101,1,1,10,1
1958402,2101,0,0,30,0
1958403,2101,1,1,10,1
1958404,2101,0,0,30,0
1958405,2101,0,0,10,1
1958406,2101,1,1,10,1
1958407,2101,0,0,30,0
1958408,2101,1,1,10,1
1958409,2101,0,0,30,0
1958410,2101,0,1,10,1
1958411,2101,1,1,10,1
1958412,2101,1,0,30,0
1958413,2101,0,0,30,0
1958414,2101,0,0,10,1
1958415,2101,0,0,30,0
1958416,2101,1,1,10,1
1958417,2101,1,1,30,0
1958418,2101,0,0,30,0
1958419,2101,0,0,30,0
1958420,2101,1,0,20,0
1958421,2101,1,1,10,1
1958422,2101,0,0,30,0
1958423,2101,0,0,30,0
1958424,2101,0,0,20,0
1958425,2101,0,0,30,0
1958426,2101,1,1,10,1
1958427,2101,1,1,10,1
1958428,2101,1,1,10,1
1958429,2101,1,1,10,1
1958430,2101,1,1,10,1
1958431,2101,0,0,30,0
1958432,2101,1,1,10,1
1958433,2101,1,1,10,1
1958434,2101,0,0,30,0
1958435,2101,0,0,10,1
1958436,2101,0,0,30,0
1958437,2101,1,1,10,1
1958438,2101,0,0,30,0
1958439,2101,1,0,20,0
1958440,2101,1,1,10,1
1958441,2101,1,0,30,0
1958442,2101,1,1,10,1
1958443,2101,1,1,10,1
1958444,2101,0,0,30,0
1958445,2101,1,0,30,0
1958446,2102,0,0,30,0
1958447,2102,0,0,10,1
1958448,2102,0,0,30,0
1958449,2102,0,0,30,0
1958450,2102,0,0,30,0
1958451,2102,0,0,30,0
1958452,2223,0,0,30,0
1958453,2102,1,1,95,1
1958454,2102,0,0,30,0
1958455,2102,0,1,30,0
1958456,2102,1,1,10,1
1958457,2102,0,0,10,1
1958458,2102,1,1,10,1
1958459,2102,0,0,30,0
1958460,2102,0,0,40,0
1958461,2102,1,1,10,1
1958462,2102,1,1,10,1
1958463,2102,1,1,10,1
1958464,2102,1,1,10,1
1958465,2102,0,1,30,0
1958466,2102,0,0,10,1
1958467,2102,0,0,30,0
1958468,2102,1,1,10,1
1958469,2102,1,1,10,1
1958470,2102,0,0,40,0
1958471,2102,0,0,30,0
1958472,2102,1,1,10,1
1958473,2102,1,1,10,1
1958474,2102,0,0,30,0
1958475,2102,0,0,30,0
1958476,2102,0,1,30,0
1958477,2102,1,1,10,1
1958478,2102,0,0,10,1
1958479,2102,1,1,10,1
1958480,2102,0,1,10,1
1958481,2102,0,0,30,0
1958482,2102,0,1,30,0
1958483,2102,0,0,80,0
1958484,2102,0,0,20,0
1958485,2102,1,1,10,1
1958486,2102,0,0,30,0
1958487,2102,1,1,30,0
1958488,2102,0,0,40,0
1958489,2102,0,0,30,0
1958490,2102,0,0,30,0
1958491,2102,0,0,30,0
1958492,2102,0,1,30,0
1958493,2102,1,1,10,1
1958494,2102,1,1,10,1
1958495,2102,0,0,30,0
1958496,2102,0,0,30,0
1958497,2102,1,1,10,1
1958498,2102,0,0,40,0
1958499,2102,0,0,10,1
1958500,2103,1,1,10,1
1958501,2103,1,1,20,0
1958502,2103,0,0,60,0
1958503,2103,0,0,40,0
1958504,2103,0,1,10,1
1958505,2103,1,1,10,1
1958506,2103,1,1,10,1
1958507,2103,0,1,20,0
1958508,2103,1,1,10,1
1958509,2103,0,1,10,1
1958510,2103,0,1,20,0
1958511,2103,0,0,40,0
1958512,2103,1,1,10,1
1958513,2103,0,0,20,0
1958514,2103,1,1,10,1
1958515,2103,0,0,20,0
1958516,2103,1,1,20,0
1958517,2103,1,1,10,1
1958518,2103,1,1,20,0
1958519,2103,0,0,20,0
1958520,2103,1,1,10,1
1958521,2103,0,0,20,0
1958522,2103,0,1,10,1
1958523,2103,0,1,10,1
1958524,2103,1,0,10,1
1958525,2103,0,0,40,0
1958526,2103,1,1,10,1
1958527,2103,0,1,10,1
1958528,2103,0,1,10,1
1958529,2103,0,0,60,0
1958530,2103,0,0,60,0
1958531,2103,0,0,40,0
1958532,2103,0,0,20,0
1958533,2103,1,1,10,1
1958534,2103,1,1,10,1
1958535,2103,1,1,10,1
1958536,2103,0,0,20,0
1958537,2103,0,0,30,0
1958538,2103,0,0,30,0
1958539,2103,1,0,20,0
1958540,2103,1,1,20,0
1958541,2103,0,0,40,0
1958542,2103,1,1,10,1
1958543,2103,0,0,30,0
1958544,2103,0,0,20,0
1958545,2103,1,1,20,0
1958546,2103,0,0,30,0
1958547,2223,0,0,30,0
1958548,2103,0,1,20,0
1958549,2103,1,1,10,1
1958550,2103,1,1,10,1
1958552,2103,1,1,10,1
1958553,2103,0,0,20,0
1958554,2103,1,1,10,1
1958555,2103,1,0,10,1
1958556,2103,1,1,20,0
1958557,2103,0,0,10,1
1958558,2103,0,0,30,0
1958559,2103,1,1,10,1
1958560,2103,1,1,10,1
1958561,2103,0,0,30,0
1958562,2103,1,1,10,1
1958563,2103,0,0,30,0
1958564,2103,1,1,10,1
1958565,2223,0,0,30,0
1958566,2103,1,1,10,1
1958567,2103,0,0,30,0
1958568,2103,0,1,10,1
1958569,2103,1,1,30,0
1958570,2103,1,1,10,1
1958571,2103,1,1,10,1
1958572,2103,1,1,10,1
1958573,2103,1,1,10,1
1958574,2103,1,1,10,1
1958575,2103,1,1,10,1
1958576,2103,0,0,10,1
1958577,2103,1,1,10,1
1958578,2103,1,1,10,1
1958579,2222,0,0,30,0
1958580,2104,0,0,20,0
1958581,2104,0,0,20,0
1958582,2104,0,0,20,0
1958583,2104,0,0,20,0
1958584,2104,0,0,40,0
1958585,2104,0,0,20,0
1958586,2104,0,0,20,0
1958587,2104,0,0,20,0
1958588,2104,0,0,20,0
1958589,2104,0,0,60,0
1958590,2104,0,0,20,0
1958591,2104,0,0,20,0
1958592,2104,0,0,20,0
1958593,2104,0,0,20,0
1958594,2104,0,0,20,0
1958595,2225,0,0,60,0
1958596,2104,1,1,10,1
1958597,2104,1,1,20,0
1958598,2104,0,0,60,0
1958599,2104,0,0,60,0
1958600,2104,0,0,20,0
1958601,2104,0,0,60,0
1958602,2104,0,0,20,0
1958603,2104,0,0,20,0
1958604,2104,0,0,60,0
1958605,2225,0,0,60,0
1958606,2104,0,0,60,0
1958607,2104,0,0,20,0
1958608,2104,0,0,20,0
1958609,2104,0,0,20,0
1958610,2104,0,0,20,0
1958611,2104,0,0,20,0
1958612,2104,0,0,20,0
1958613,2104,0,0,20,0
1958614,2104,0,0,60,0
1958615,2104,0,0,60,0
1958616,2104,0,0,20,0
1958617,2104,0,0,60,0
1958618,2104,0,0,40,0
1958619,2106,0,0,20,0
1958620,2106,1,1,10,1
1958621,2106,0,0,20,0
1958622,2106,0,0,20,0
1958623,2106,0,0,20,0
1958624,2106,0,0,20,0
1958625,2106,0,0,20,0
1958626,2106,0,0,60,0
1958627,2106,0,0,40,0
1958628,2106,0,0,60,0
1958629,2106,0,0,20,0
1958630,2106,0,1,20,0
1958631,2106,1,1,10,1
1958632,2106,0,0,30,0
1958633,2106,1,1,10,1
1958634,2106,0,0,30,0
1958635,2106,0,0,20,0
1958636,2106,0,0,20,0
1958637,2106,0,0,30,0
1958638,2106,0,0,40,0
1958639,2106,0,0,40,0
1958640,2106,0,0,30,0
1958641,2106,1,0,10,1
1958642,2106,0,0,20,0
1958643,2106,0,0,60,0
1958644,2221,0,0,20,0
1958645,2106,0,0,60,0
1958646,2106,0,0,20,0
1958647,2106,0,0,30,0
1958648,2106,1,1,10,1
1958649,2106,0,0,20,0
1958650,2106,1,1,10,1
1958651,2106,0,1,10,1
1958652,2106,0,0,20,0
1958653,2106,0,1,20,0
1958654,2106,0,0,20,0
1958655,2106,1,1,20,0
1958656,2106,0,0,40,0
1958657,2106,0,0,20,0
1958658,2106,0,0,20,0
1958659,2106,0,0,20,0
1958660,2106,1,1,20,0
1958661,2106,0,0,20,0
1958662,2106,0,0,20,0
1958663,2106,0,0,40,0
1958664,2106,0,0,30,0
1958665,2106,0,0,20,0
1958666,2106,0,0,20,0
1958667,2106,0,0,20,0
1958668,2114,0,0,10,1
1958669,2114,1,1,20,0
1958670,2114,0,0,30,0
1958671,2114,1,0,10,1
1958672,2200,0,0,60,0
1958673,2200,1,1,20,0
1958674,2200,0,0,40,0
1958675,2200,1,1,10,1
1958676,2200,1,1,10,1
1958677,2221,0,0,50,0
1958678,2200,1,1,20,0
1958679,2200,1,1,10,1
1958680,2200,0,0,20,0
1958681,2200,0,0,20,0
1958682,2200,0,0,20,0
1958683,2200,0,0,50,0
1958684,2221,0,0,50,0
1958685,2200,0,0,40,0
1958686,2200,0,0,40,0
1958687,2200,1,1,10,1
1958688,2200,0,0,30,0
1958689,2221,0,0,60,0
1958690,2221,0,0,50,0
1958691,2200,0,0,20,0
1958692,2200,1,1,10,1
1958693,2200,0,1,10,1
1958694,2223,0,0,90,0
1958695,2200,0,0,60,0
1958696,2200,0,0,40,0
1958697,2200,0,1,20,0
1958699,2222,0,0,80,0
1958700,2001,1,1,10,1
1958701,2001,0,0,30,0
1958702,2001,1,1,10,1
1958703,2001,1,1,10,1
1958704,2001,1,1,10,1
1958705,2001,1,1,10,1
1958706,2001,1,1,10,1
1958707,2001,1,0,60,0
1958708,2001,1,1,10,1
1958709,2001,1,1,10,1
1958710,2001,1,1,10,1
1958711,2001,1,1,10,1
1958712,2001,1,1,10,1
1958713,2001,1,1,10,1
1958714,2225,0,0,60,0
1958715,2225,0,0,60,0
1958716,2001,1,0,30,0
1958717,2001,0,0,30,0
1958718,2001,0,0,30,0
1958719,2001,1,1,20,0
1958720,2001,0,0,30,0
1958721,2001,1,1,10,1
1958722,2001,1,1,10,1
1958723,2001,1,1,10,1
1958724,2001,1,1,10,1
1958725,2001,1,1,10,1
1958726,2225,0,0,60,0
1958727,2001,1,1,10,1
1958728,2001,1,1,10,1
1958729,2001,1,1,10,1
1958730,2001,1,1,10,1
1958731,2225,0,0,60,0
1958732,2001,1,1,20,0
1958733,2001,1,1,20,0
1958734,2225,0,0,60,0
1958735,2001,1,1,10,1
1958736,2001,1,0,30,0
1958737,2001,0,1,30,0
1958738,2001,0,0,30,0
1958739,2001,1,1,10,1
1958740,2001,1,1,10,1
1958741,2001,1,1,10,1
1958742,2001,0,0,30,0
1958743,2225,0,0,60,0
1958744,2001,0,0,30,0
1958745,2222,0,0,60,0
1958746,2001,0,0,30,0
1958747,2225,0,0,60,0
1958748,2225,0,0,60,0
1958749,2001,1,1,10,1
1958750,2001,1,1,10,1
1958751,2225,0,0,50,0
1958752,2001,0,0,30,0
1958753,2001,1,1,10,1
1958754,2001,0,0,30,0
1958755,2223,0,0,90,0
1958756,2002,0,0,90,0
1958757,2223,0,0,90,0
1958758,2223,0,0,90,0
1958759,2223,0,0,90,0
1958760,2223,0,0,90,0
1958761,2223,0,0,90,0
1958762,2223,0,0,90,0
1958763,2002,1,1,10,1
1958764,2002,0,0,30,0
1958765,2223,0,0,90,0
1958766,2223,0,0,90,0
1958767,2223,0,0,90,0
1958768,2002,0,0,30,0
1958769,2223,0,0,90,0
1958770,2223,0,0,90,0
1958771,2223,0,0,90,0
1958772,2002,0,0,40,0
1958773,2002,0,1,10,1
1958774,2223,0,0,90,0
1958775,2223,0,0,90,0
1958776,2223,0,0,90,0
1958777,2002,1,1,10,1
1958778,2223,0,0,90,0
1958779,2223,0,0,90,0
1958780,2223,0,0,90,0
1958781,2223,0,0,90,0
1958782,2223,0,0,90,0
1958783,2003,0,0,30,0
1958784,2004,0,0,60,0
1958785,2225,0,0,60,0
1958786,2004,1,1,10,1
1958787,2004,0,0,30,0
1958788,2004,0,0,20,0
1958789,2004,0,0,30,0
1958790,2225,0,0,60,0
1958791,2004,0,0,20,0
1958792,2004,0,0,30,0
1958793,2225,0,0,60,0
1958794,2004,1,1,10,1
1958795,2225,0,0,60,0
1958796,2004,0,0,30,0
1958797,2004,0,0,60,0
1958798,2004,0,0,10,1
1958799,2225,0,0,60,0
1958800,2225,0,0,60,0
1958801,2225,0,0,60,0
1958802,2004,0,0,60,0
1958803,2225,0,0,60,0
1958804,2004,0,0,30,0
1958805,2004,0,0,60,0
1958806,2004,0,0,60,0
1958807,2004,0,0,20,0
1958808,2004,0,0,20,0
1958809,2004,0,0,20,0
1958810,2004,0,0,30,0
1958811,2004,0,0,30,0
1958812,2004,0,0,60,0
1958813,2004,0,0,30,0
1958814,2225,0,0,60,0
1958815,2004,0,0,60,0
1958816,2225,0,0,60,0
1958817,2004,0,0,30,0
1958818,2004,0,0,20,0
1958819,2004,0,0,30,0
1958820,2004,1,1,10,1
1958821,2006,0,0,60,0
1958822,2006,0,1,30,0
1958823,2006,0,0,30,0
1958824,2006,0,0,30,0
1958825,2225,0,0,60,0
1958826,2006,0,0,30,0
1958827,2006,0,0,20,0
1958828,2006,0,0,30,0
1958829,2006,0,0,30,0
1958830,2006,0,0,30,0
1958831,2006,0,0,30,0
1958832,2006,0,0,30,0
1958833,2006,0,0,30,0
1958834,2006,0,0,20,0
1958835,2006,1,1,10,1
1958836,2006,1,0,30,0
1958837,2006,1,0,30,0
1958838,2006,0,0,100,0
1958839,2006,0,0,30,0
1958840,2006,0,0,30,0
1958841,2006,0,0,30,0
1958842,2006,0,0,30,0
1958843,2006,0,0,30,0
1958844,2006,0,0,30,0
1958845,2006,0,0,20,0
1958846,2006,0,0,20,0
1958847,2006,0,0,30,0
1958848,2210,0,0,30,0
1958849,2006,0,0,60,0
1958850,2006,0,0,30,0
1958851,2006,0,0,20,0
1958852,2006,0,0,30,0
1958853,2006,1,1,10,1
1958854,2006,0,0,20,0
1958855,2006,0,0,30,0
1958856,2006,0,0,60,0
1958857,2006,0,0,40,0
1958858,2006,0,0,20,0
1958859,2006,0,0,30,0
1958860,2006,1,1,10,1
1958861,2006,0,0,30,0
1958862,2006,0,0,30,0
1958863,2006,0,0,20,0
1958864,2006,0,0,40,0
1958865,2225,0,0,60,0
1958866,2006,1,1,10,1
1958867,2006,0,0,30,0
1958868,2006,0,0,30,0
1958869,2006,0,0,60,0
1958870,2006,0,0,30,0
1958871,2006,0,0,30,0
1958872,2006,0,0,20,0
1958873,2006,0,0,30,0
1958874,2225,0,0,60,0
1958875,2225,0,0,60,0
1958876,2006,0,0,60,0
1958877,2006,0,0,60,0
1958878,2006,0,0,20,0
1958879,2006,0,0,40,0
1958880,2006,0,0,30,0
1958881,2006,0,0,30,0
1958882,2006,0,0,60,0
1958883,2006,0,0,60,0
1958884,2006,1,1,10,1
1958885,2006,1,1,10,1
1958886,2006,1,1,30,0
1958887,2006,0,0,10,1
1958888,2006,0,0,30,0
1958889,2006,0,0,40,0
1958890,2006,0,0,30,0
1958891,2006,0,0,30,0
1958892,2006,0,0,20,0
1958893,2006,0,0,30,0
1958894,2006,0,0,40,0
1958895,2006,0,0,60,0
1958896,2006,0,0,30,0
1958897,2006,1,1,10,1
1958898,2006,1,1,10,1
1958899,2006,1,0,10,1
1958900,2006,0,0,30,0
1958901,2006,1,0,60,0
1958902,2006,0,0,40,0
1958903,2006,0,0,20,0
1958904,2006,0,0,20,0
1958905,2006,0,0,20,0
1958906,2006,0,0,20,0
1958907,2006,0,0,30,0
1958908,2006,0,0,30,0
1958909,2006,0,0,20,0
1958910,2006,0,0,50,0
1958911,2006,0,0,30,0
1958912,2006,0,0,30,0
1958913,2006,0,0,40,0
1958914,2006,0,0,30,0
1958915,2006,0,0,30,0
1958916,2006,0,0,30,0
1958917,2006,0,0,30,0
1958918,2006,0,0,30,0
1958919,2006,0,0,30,0
1958920,2006,0,0,30,0
1958921,2006,0,0,60,0
1958922,2006,0,0,40,0
1958923,2006,1,1,10,1
1958924,2006,0,0,30,0
1958925,2006,0,0,30,0
1958926,2006,0,0,30,0
1958927,2006,0,0,30,0
1958928,2006,0,0,40,0
1958929,2006,0,0,30,0
1958930,2006,0,0,40,0
1958931,2006,0,0,30,0
1958932,2006,0,0,60,0
1958933,2006,0,0,30,0
1958934,2006,0,0,20,0
1958935,2006,0,0,30,0
1958936,2006,0,0,10,1
1958937,2006,0,0,20,0
1958938,2006,0,0,30,0
1958939,2006,0,0,60,0
1958940,2006,0,0,20,0
1958941,2006,0,0,40,0
1958942,2006,0,0,30,0
1958943,2006,0,0,30,0
1958944,2006,0,0,30,0
1958945,2006,0,0,30,0
1958946,2006,0,0,30,0
1958947,2006,0,0,30,0
1958948,2006,0,0,20,0
1958949,2006,0,0,30,0
1958950,2006,0,0,20,0
1958951,2006,0,0,40,0
1958952,2006,1,1,10,1
1958953,2006,0,0,30,0
1958954,2006,0,0,20,0
1958955,2006,0,0,30,0
1958956,2006,0,0,30,0
1958957,2006,0,0,30,0
1958958,2006,0,0,30,0
1958959,2006,0,0,60,0
1958960,2006,0,0,20,0
1958961,2006,0,0,30,0
1958962,2006,0,0,30,0
1958963,2006,0,0,40,0
1958964,2006,0,1,10,1
1958965,2006,0,0,60,0
1958966,2006,0,0,30,0
1958967,2006,0,0,30,0
1958968,2006,0,0,40,0
1958969,2006,1,1,10,1
1958970,2006,0,0,30,0
1958971,2006,0,0,30,0
1958972,2006,0,0,30,0
1958973,2006,0,0,30,0
1958974,2008,1,1,10,1
1958975,2225,0,0,20,0
1958976,2008,1,1,10,1
1958977,2008,1,1,30,0
1958978,2008,0,0,30,0
1958979,2008,1,1,10,1
1958980,2221,0,0,10,1
1958981,2008,1,1,10,1
1958982,2008,1,1,10,1
1958983,2008,1,1,10,1
1958984,2008,1,1,10,1
1958985,2008,1,1,10,1
1958986,2008,0,1,10,1
1958987,2222,0,0,80,0
1958988,2008,1,1,10,1
1958989,2008,0,0,30,0
1958990,2008,0,0,30,0
1958991,2008,1,1,10,1
1958992,2008,1,1,10,1
1958993,2008,0,0,30,0
1958994,2008,0,1,10,1
1958995,2008,1,1,10,1
1958996,2008,1,1,10,1
1958997,2008,0,0,60,0
1958998,2008,0,0,40,0
1958999,2008,1,1,10,1
1959000,2008,0,0,20,0
1959001,2008,0,1,20,0
1959002,2008,1,1,10,1
1959003,2008,0,0,30,0
1959004,2008,0,0,30,0
1959005,2008,1,1,10,1
1959006,2008,1,1,10,1
1959007,2008,1,1,10,1
1959008,2008,0,0,30,0
1959009,2008,1,0,10,1
1959010,2008,0,1,10,1
1959011,2008,1,1,10,1
1959012,2008,1,1,10,1
1959013,2008,1,1,10,1
1959014,2008,0,0,40,0
1959015,2008,1,1,10,1
1959016,2008,1,1,10,1
1959017,2008,0,0,30,0
1959018,2008,1,1,10,1
1959019,2222,0,0,80,0
1959020,2008,1,1,10,1
1959021,2008,0,0,20,0
1959022,2008,1,1,10,1
1959023,2008,0,0,30,0
1959024,2008,0,0,40,0
1959025,2008,0,0,30,0
1959026,2008,1,1,10,1
1959027,2008,1,1,10,1
1959028,2014,0,0,10,1
1959029,2014,0,0,30,0
1959030,2014,0,1,10,1
1959031,2014,1,1,10,1
1959032,2014,1,0,10,1
1959033,2014,0,0,30,0
1959034,2014,0,0,30,0
1959035,2014,1,1,10,1
1959036,2014,0,0,20,0
1959037,2014,1,1,10,1
1959038,2014,1,1,10,1
1959039,2014,0,0,40,0
1959040,2014,1,1,10,1
1959041,2014,0,1,10,1
1959042,2014,1,1,10,1
1959043,2014,0,0,60,0
1959044,2014,0,0,30,0
1959045,2014,1,0,10,1
1959046,2014,0,0,40,0
1959047,2014,0,0,30,0
1959048,2014,1,1,10,1
1959049,2014,1,1,10,1
1959050,2223,0,0,30,0
1959051,2014,0,0,40,0
1959052,2014,0,0,30,0
1959053,2014,0,0,30,0
1959054,2014,0,0,50,0
1959055,2014,0,0,90,0
1959056,2014,0,0,30,0
1959057,2014,1,1,10,1
1959058,2014,0,0,40,0
1959059,2014,0,0,30,0
1959060,2014,0,0,30,0
1959061,2014,0,0,30,0
1959062,2014,1,1,10,1
1959063,2014,0,1,10,1
1959064,2014,1,1,10,1
1959065,2014,0,0,30,0
1959066,2014,0,0,30,0
1959067,2014,0,0,40,0
1959068,2014,0,0,80,0
1959069,2014,1,1,10,1
1959070,2014,0,0,30,0
1959071,2014,0,0,20,0
1959072,2014,0,0,40,0
1959073,2014,1,1,10,1
1959074,2014,1,1,10,1
1959075,2014,0,0,30,0
1959076,2014,0,0,30,0
1959077,2014,0,0,10,1
1959078,2014,0,0,40,0
1959079,2014,0,0,40,0
1959080,2014,0,0,30,0
1959081,2014,0,0,30,0
1959082,2014,1,1,10,1
1959083,2015,0,0,100,0
1959084,2015,1,1,10,1
1959085,2015,0,0,30,0
1959086,2015,1,1,10,1
1959087,2015,1,1,10,1
1959088,2015,1,1,10,1
1959089,2015,1,1,10,1
1959090,2015,0,0,30,0
1959091,2222,0,0,80,0
1959092,2015,1,1,10,1
1959093,2015,1,1,10,1
1959094,2015,0,1,10,1
1959095,2015,1,1,10,1
1959096,2015,1,1,10,1
1959097,2015,0,1,30,0
1959098,2015,1,1,10,1
1959099,2015,1,1,10,1
1959100,2015,1,1,10,1
1959101,2015,1,1,10,1
1959102,2015,1,1,10,1
1959103,2015,1,1,10,1
1959104,2015,1,1,10,1
1959105,2025,1,1,10,1
1959106,2025,0,0,60,0
1959107,2025,0,0,30,0
1959108,2025,1,1,10,1
1959109,2025,0,0,30,0
1959110,2025,0,0,30,0
1959111,2025,1,1,10,1
1959112,2025,0,0,30,0
1959113,2025,0,0,40,0
1959114,2025,0,0,30,0
1959115,2025,0,0,40,0
1959116,2025,0,0,30,0
1959117,2025,1,1,10,1
1959118,2025,0,0,40,0
1959119,2025,1,1,10,1
1959120,2025,1,1,10,1
1959121,2025,1,1,10,1
1959122,2025,1,1,10,1
1959123,2025,1,1,10,1
1959124,2025,0,0,10,1
1959125,2025,1,1,10,1
1959126,2222,0,0,80,0
1959127,2025,0,0,10,1
1959128,2025,0,0,40,0
1959129,2025,1,1,10,1
1959130,2025,1,1,10,1
1959131,2025,1,1,10,1
1959132,2222,0,0,80,0
1959133,2025,0,0,30,0
1959134,2025,0,0,40,0
1959135,2025,0,0,10,1
1959136,2025,1,1,10,1
1959137,2025,1,0,30,0
1959138,2025,0,1,10,1
1959139,2025,0,0,30,0
1959140,2025,0,0,30,0
1959141,2025,1,0,30,0
1959142,2025,0,0,40,0
1959143,2025,1,1,10,1
1959144,2025,0,0,30,0
1959145,2025,0,0,30,0
1959146,2025,0,0,40,0
1959147,2025,1,0,30,0
1959148,2025,1,1,10,1
1959149,2025,1,1,10,1
1959150,2025,0,0,40,0
1959151,2025,0,0,20,0
1959152,2025,0,0,40,0
1959153,2025,1,1,10,1
1959154,2025,1,1,10,1
1959155,2025,1,1,10,1
1959156,2025,1,1,10,1
1959157,2025,1,1,10,1
1959158,2025,1,1,10,1
1959159,2025,0,0,30,0
1959160,2025,1,1,10,1
1959161,2025,1,1,10,1
1959162,2025,0,0,30,0
1959163,2025,0,0,30,0
1959164,2025,1,1,10,1
1959165,2025,0,0,30,0
1959166,2025,0,0,30,0
1959167,2025,0,0,30,0
1959168,2025,0,0,40,0
1959169,2025,0,0,30,0
1959170,2025,0,0,30,0
1959171,2025,1,1,10,1
1959172,2025,0,0,40,0
1959173,2025,0,0,30,0
1959174,2025,0,0,40,0
1959175,2025,1,1,10,1
1959176,2025,0,0,30,0
1959177,2025,1,1,10,1
1959178,2025,1,1,10,1
1959179,2025,0,0,60,0
1959180,2025,0,0,40,0
1959181,2225,0,0,70,0
1959182,2025,0,0,30,0
1959183,2025,0,0,30,0
1959184,2025,1,1,10,1
1959185,2025,0,0,30,0
1959186,2025,0,0,40,0
1959187,2025,0,0,40,0
1959188,2025,0,0,40,0
1959189,2025,1,1,10,1
1959190,2025,0,0,30,0
1959191,2025,1,1,10,1
1959192,2025,1,1,10,1
1959193,2025,1,1,10,1
1959194,2025,0,0,30,0
1959195,2025,0,0,50,0
1959196,2025,1,1,10,1
1959197,2025,1,1,10,1
1959198,2025,0,0,40,0
1959199,2025,0,0,20,0
1959200,2025,0,0,40,0
1959201,2025,0,0,40,0
1959202,2025,1,1,10,1
1959203,2025,0,0,40,0
1959204,2025,0,0,30,0
1959205,2025,0,0,40,0
1959206,2025,0,0,30,0
1959207,2025,0,0,40,0
1959208,2025,1,1,10,1
1959209,2025,0,0,30,0
1959210,2025,0,0,40,0
1959211,2025,0,0,30,0
1959212,2025,1,0,30,0
1959213,2025,0,0,30,0
1959214,2025,1,1,10,1
1959215,2025,1,1,10,1
1959216,2025,0,0,40,0
1959217,2025,0,0,30,0
1959218,2025,0,0,40,0
1959219,2025,0,1,10,1
1959220,2025,0,0,30,0
1959221,2025,1,1,10,1
1959222,2025,0,0,40,0
1959223,2025,0,0,40,0
1959224,2025,0,0,30,0
1959225,2025,1,1,10,1
1959226,2025,0,0,30,0
1959227,2025,0,0,40,0
1959228,2025,1,1,10,1
1959229,2025,0,0,30,0
1959230,2025,0,0,30,0
1959231,2025,0,0,30,0
1959232,2025,0,0,40,0
1959233,2025,0,0,30,0
1959234,2025,0,0,30,0
1959235,2025,0,0,40,0
1959236,2025,0,0,30,0
1959237,2025,0,0,30,0
1959238,2025,0,0,40,0
1959239,2025,0,0,30,0
1959240,2025,0,0,40,0
1959241,2025,1,1,10,1
1959242,2025,1,1,10,1
1959243,2025,0,1,10,1
1959244,2025,0,0,30,0
1959245,2025,0,0,30,0
1959246,2025,0,0,40,0
1959247,2025,0,0,40,0
1959248,2025,0,0,10,1
1959249,2025,1,1,10,1
1959250,2025,0,0,30,0
1959251,2025,0,0,40,0
1959252,2025,0,0,30,0
1959253,2025,0,0,30,0
1959254,2025,1,1,10,1
1959255,2025,0,0,30,0
1959256,2025,0,0,30,0
1959257,2025,1,1,10,1
1959258,2027,1,1,10,1
1959259,2027,0,0,30,0
1959260,2027,0,0,30,0
1959261,2027,0,1,10,1
1959262,2027,0,0,30,0
1959263,2027,0,0,30,0
1959264,2027,1,1,10,1
1959265,2027,0,0,60,0
1959266,2027,1,1,10,1
1959267,2027,0,0,30,0
1959268,2027,1,1,10,1
1959269,2027,0,0,30,0
1959270,2027,0,0,30,0
1959271,2027,0,1,10,1
1959272,2027,0,0,100,0
1959273,2027,1,1,10,1
1959274,2027,0,0,30,0
1959275,2027,1,1,10,1
1959276,2223,0,0,30,0
1959277,2027,0,0,100,0
1959278,2027,1,1,10,1
1959279,2027,0,0,30,0
1959280,2027,0,0,30,0
1959281,2027,0,1,10,1
1959282,2027,0,0,30,0
1959283,2027,0,0,60,0
1959284,2027,0,0,30,0
1959285,2027,1,1,10,1
1959286,2027,0,0,30,0
1959287,2027,0,0,70,0
1959288,2027,1,1,10,1
1959289,2027,0,0,90,0
1959290,2027,0,1,10,1
1959291,2027,0,1,10,1
1959292,2027,0,0,30,0
1959293,2027,1,0,30,0
1959294,2027,0,0,20,0
1959295,2027,0,0,30,0
1959296,2223,0,0,30,0
1959297,2027,0,0,30,0
1959298,2027,0,1,30,0
1959299,2027,0,0,30,0
1959300,2027,0,0,30,0
1959301,2027,1,1,30,0
1959302,2027,0,1,30,0
1959303,2027,0,0,100,0
1959304,2027,0,0,100,0
1959305,2027,0,0,30,0
1959306,2027,0,1,10,1
1959307,2027,0,0,30,0
1959308,2027,1,1,10,1
1959309,2027,1,1,30,0
1959310,2027,1,1,10,1
1959311,2027,1,1,10,1
1959312,2027,0,0,30,0
1959313,2027,1,1,10,1
1959314,2027,1,1,10,1
1959315,2027,1,1,10,1
1959316,2027,0,1,20,0
1959317,2027,0,0,30,0
1959318,2027,0,0,30,0
1959319,2027,0,0,100,0
1959320,2027,0,0,30,0
1959321,2027,0,0,100,0
1959322,2027,0,0,30,0
1959323,2225,0,0,70,0
1959324,2027,0,1,10,1
1959325,2027,0,0,30,0
1959326,2027,0,0,30,0
1959327,2027,1,1,10,1
1959328,2225,0,0,70,0
1959329,2027,1,1,10,1
1959330,2027,1,1,10,1
1959331,2027,0,0,100,0
1959332,2223,0,0,90,0
1959333,2027,0,0,30,0
1959334,2027,1,1,10,1
1959335,2027,1,1,10,1
1959336,2027,0,0,30,0
1959337,2027,0,0,30,0
1959338,2027,0,0,30,0
1959339,2027,0,0,100,0
1959340,2027,1,1,10,1
1959341,2027,0,0,30,0
1959342,2027,1,1,10,1
1959343,2027,0,0,100,0
1959344,2027,0,1,10,1
1959345,2027,0,1,10,1
1959346,2223,0,0,90,0
1959347,2027,1,1,10,1
1959348,2027,1,1,10,1
1959349,2027,0,0,30,0
1959350,2027,1,1,10,1
1959351,2027,1,1,10,1
1959352,2027,0,0,30,0
1959353,2027,0,0,30,0
1959354,2027,0,1,10,1
1959355,2027,0,0,30,0
1959356,2222,0,0,80,0
1959357,2027,0,1,10,1
1959358,2027,1,1,10,1
1959359,2027,0,1,10,1
1959360,2027,0,1,10,1
1959361,2029,0,0,30,0
1959362,2223,0,0,80,0
1959363,2029,0,0,100,0
1959364,2029,0,0,30,0
1959365,2223,0,0,90,0
1959366,2225,0,0,60,0
1959367,2029,0,0,100,0
1959368,2029,1,1,10,1
1959369,2029,0,0,100,0
1959370,2223,0,0,90,0
1959371,2225,0,0,70,0
1959372,2027,0,0,70,0
1959373,2027,0,0,70,0
1959374,2210,0,0,70,0
1959375,2101,1,1,10,1
1959376,2101,1,1,20,0
1959377,2101,1,1,10,1
1959378,2101,0,0,30,0
1959379,2101,0,0,20,0
1959380,2101,1,1,10,1
1959381,2223,0,0,60,0
1959382,2101,0,0,30,0
1959383,2101,0,0,60,0
1959384,2101,1,1,10,1
1959385,2102,0,0,30,0
1959386,2103,0,0,30,0
1959387,2103,0,0,60,0
1959388,2104,0,0,10,1
1959389,2225,0,0,60,0
1959390,2221,0,0,50,0
1959391,2225,0,0,60,0
1959392,2104,0,0,60,0
1959393,2104,0,0,30,0
1959394,2104,0,0,20,0
1959395,2104,0,0,20,0
1959396,2104,0,0,50,0
1959397,2104,0,0,20,0
1959398,2104,0,0,60,0
1959399,2104,0,0,20,0
1959400,2104,0,0,30,0
1959401,2104,0,0,30,0
1959402,2104,0,0,30,0
1959403,2104,0,0,60,0
1959404,2106,0,0,30,0
1959405,2106,0,0,30,0
1959406,2106,0,0,60,0
1959407,2106,0,0,30,0
1959408,2106,0,0,40,0
1959409,2106,0,0,60,0
1959410,2106,0,0,20,0
1959411,2106,0,0,40,0
1959412,2106,0,0,50,0
1959413,2106,0,0,30,0
1959414,2106,0,0,40,0
1959415,2106,1,0,10,1
1959416,2106,0,0,20,0
1959417,2106,0,0,30,0
1959418,2106,0,0,40,0
1959419,2106,0,0,30,0
1959420,2225,0,0,60,0
1959421,2106,0,0,40,0
1959422,2106,1,1,10,1
1959423,2106,0,0,20,0
1959424,2106,0,0,30,0
1959425,2106,0,0,30,0
1959426,2106,0,0,40,0
1959427,2106,0,0,60,0
1959428,2106,0,0,60,0
1959429,2106,0,0,30,0
1959430,2106,0,0,40,0
1959431,2106,0,0,20,0
1959432,2106,0,0,40,0
1959433,2106,1,1,20,0
1959434,2106,0,0,60,0
1959435,2106,1,1,10,1
1959436,2114,0,0,30,0
1959437,2114,1,1,10,1
1959438,2114,1,1,10,1
1959439,2114,1,1,10,1
1959440,2114,0,0,30,0
1959441,2114,0,0,10,1
1959442,2114,1,1,10,1
1959443,2114,0,1,10,1
1959444,2114,0,0,30,0
1959445,2114,1,1,10,1
1959446,2114,1,1,10,1
1959447,2114,1,1,10,1
1959448,2114,0,0,10,1
1959449,2114,1,1,30,0
1959450,2114,0,0,30,0
1959451,2114,0,0,10,1
1959452,2114,0,0,40,0
1959453,2114,0,1,30,0
1959454,2114,0,1,10,1
1959455,2114,1,1,10,1
1959456,2114,0,0,40,0
1959457,2114,1,1,10,1
1959458,2114,1,1,10,1
1959459,2114,0,0,10,1
1959460,2114,0,0,40,0
1959461,2114,1,1,10,1
1959462,2114,1,1,10,1
1959463,2114,0,0,40,0
1959464,2114,0,0,40,0
1959465,2114,1,1,10,1
1959466,2114,1,1,10,1
1959467,2114,1,1,10,1
1959468,2114,1,1,10,1
1959469,2114,1,1,10,1
1959470,2114,1,1,10,1
1959471,2114,0,0,40,0
1959472,2114,0,0,30,0
1959473,2114,1,1,10,1
1959474,2114,1,1,10,1
1959475,2114,1,1,10,1
1959476,2114,1,1,10,1
1959477,2114,1,1,10,1
1959478,2114,1,1,10,1
1959479,2114,0,0,30,0
1959480,2114,1,1,10,1
1959481,2114,1,1,10,1
1959482,2114,1,1,10,1
1959483,2114,0,0,30,0
1959484,2114,1,1,10,1
1959485,2114,1,1,10,1
1959486,2114,1,1,10,1
1959487,2222,0,0,80,0
1959488,2114,0,0,50,0
1959489,2114,1,1,10,1
1959490,2114,1,1,10,1
1959491,2114,1,1,10,1
1959492,2114,1,1,10,1
1959493,2114,1,1,10,1
1959494,2114,0,1,10,1
1959495,2114,0,0,30,0
1959496,2114,0,0,40,0
1959497,2114,1,1,10,1
1959498,2114,1,1,10,1
1959499,2114,0,0,30,0
1959500,2114,0,0,40,0
1959501,2114,0,0,40,0
1959502,2114,0,0,40,0
1959503,2114,0,0,40,0
1959504,2114,0,0,40,0
1959505,2114,1,1,10,1
1959506,2114,1,1,10,1
1959507,2114,1,1,10,1
1959508,2114,0,0,40,0
1959509,2114,1,1,10,1
1959510,2114,1,1,10,1
1959511,2114,1,1,10,1
1959512,2114,1,1,10,1
1959513,2114,1,1,10,1
1959514,2114,1,1,10,1
1959515,2114,0,0,50,0
1959516,2114,1,1,10,1
1959517,2114,0,1,10,1
1959518,2114,0,0,40,0
1959519,2114,0,0,30,0
1959520,2114,1,1,10,1
1959521,2114,1,1,10,1
1959522,2114,0,0,30,0
1959523,2114,1,1,10,1
1959524,2114,0,0,90,0
1959525,2114,0,0,30,0
1959526,2114,0,0,30,0
1959527,2114,1,1,10,1
1959528,2114,1,1,10,1
1959529,2114,0,0,30,0
1959530,2114,0,0,30,0
1959531,2114,0,0,40,0
1959532,2114,0,0,30,0
1959533,2114,1,0,30,0
1959534,2221,0,0,10,1
1959535,2114,1,1,10,1
1959536,2114,0,0,30,0
1959537,2114,0,0,30,0
1959538,2114,1,1,10,1
1959539,2114,0,0,30,0
1959540,2114,1,1,10,1
1959541,2114,1,1,10,1
1959542,2114,1,1,10,1
1959543,2114,0,1,10,1
1959544,2222,0,0,80,0
1959545,2114,1,0,10,1
1959546,2114,1,0,10,1
1959547,2114,1,1,10,1
1959548,2114,0,0,30,0
1959549,2114,0,0,30,0
1959550,2114,0,0,30,0
1959551,2114,0,0,60,0
1959552,2114,1,1,10,1
1959553,2114,0,0,50,0
1959554,2114,0,0,40,0
1959555,2114,0,0,40,0
1959556,2114,0,0,40,0
1959557,2114,0,0,30,0
1959558,2114,1,1,10,1
1959559,2114,0,0,40,0
1959560,2114,1,1,10,1
1959561,2114,1,1,10,1
1959562,2114,0,0,30,0
1959563,2114,1,1,10,1
1959564,2114,1,1,10,1
1959565,2114,1,1,10,1
1959566,2114,0,0,30,0
1959567,2114,0,0,40,0
1959568,2114,1,1,10,1
1959569,2114,0,0,30,0
1959570,2114,1,1,10,1
1959571,2114,0,0,30,0
1959572,2114,0,0,30,0
1959573,2114,1,1,10,1
1959574,2114,1,1,10,1
1959575,2114,1,1,10,1
1959576,2114,0,1,30,0
1959577,2114,1,1,10,1
1959578,2114,1,1,10,1
1959579,2114,0,0,10,1
1959580,2114,1,1,10,1
1959581,2114,1,1,10,1
1959582,2114,1,1,10,1
1959583,2114,1,1,10,1
1959584,2114,1,1,10,1
1959585,2114,1,1,10,1
1959586,2114,1,1,10,1
1959587,2114,1,1,10,1
1959588,2114,0,0,40,0
1959589,2114,1,1,10,1
1959590,2114,1,1,10,1
1959591,2114,1,1,10,1
1959592,2114,1,1,10,1
1959593,2114,1,1,10,1
1959594,2114,0,0,40,0
1959595,2114,1,1,10,1
1959596,2114,1,1,10,1
1959597,2114,0,0,40,0
1959598,2114,0,0,60,0
1959599,2114,0,0,40,0
1959600,2223,0,0,10,1
1959601,2114,1,1,10,1
1959602,2114,0,0,30,0
1959603,2114,0,0,30,0
1959604,2114,1,1,10,1
1959605,2114,0,0,30,0
1959606,2114,0,0,30,0
1959607,2114,1,1,10,1
1959608,2114,1,1,10,1
1959609,2114,1,0,10,1
1959610,2125,0,0,40,0
1959611,2125,1,1,10,1
1959612,2125,1,1,10,1
1959613,2125,1,1,10,1
1959614,2125,1,0,10,1
1959615,2125,1,1,10,1
1959616,2125,0,0,40,0
1959617,2125,0,0,40,0
1959618,2125,0,0,40,0
1959619,2125,1,1,10,1
1959620,2125,1,1,10,1
1959621,2125,0,0,40,0
1959622,2125,0,0,40,0
1959623,2125,0,0,40,0
1959624,2125,1,1,10,1
1959625,2125,1,1,10,1
1959626,2125,1,1,10,1
1959627,2125,1,1,10,1
1959628,2125,0,0,30,0
1959629,2125,0,0,40,0
1959630,2125,0,1,10,1
1959631,2125,1,1,10,1
1959632,2125,0,0,10,1
1959633,2125,1,1,10,1
1959634,2125,0,0,40,0
1959635,2125,0,0,40,0
1959636,2125,0,0,40,0
1959637,2125,1,1,10,1
1959638,2125,0,0,40,0
1959639,2125,0,0,10,1
1959640,2125,1,1,10,1
1959641,2125,0,0,40,0
1959642,2125,1,1,10,1
1959643,2125,1,1,10,1
1959644,2125,0,0,40,0
1959645,2125,0,0,40,0
1959646,2125,0,0,30,0
1959647,2125,0,0,30,0
1959648,2125,1,1,10,1
1959649,2125,0,0,40,0
1959650,2125,0,0,40,0
1959651,2125,1,1,10,1
1959652,2125,0,0,30,0
1959653,2125,0,0,30,0
1959654,2125,0,0,30,0
1959655,2221,0,0,50,0
1959656,2125,1,1,10,1
1959657,2125,0,0,60,0
1959658,2125,0,0,40,0
1959659,2125,1,1,10,1
1959660,2125,0,0,10,1
1959661,2125,1,1,10,1
1959662,2125,0,0,40,0
1959663,2125,0,0,40,0
1959664,2125,1,1,10,1
1959665,2125,1,1,10,1
1959666,2125,0,0,40,0
1959667,2125,1,1,10,1
1959668,2125,0,0,40,0
1959669,2125,0,0,40,0
1959670,2125,1,1,10,1
1959671,2125,1,1,10,1
1959672,2125,1,1,10,1
1959673,2125,0,0,40,0
1959674,2125,1,1,10,1
1959675,2125,0,0,40,0
1959676,2125,0,0,40,0
1959677,2125,0,0,30,0
1959678,2125,0,0,40,0
1959679,2125,0,0,40,0
1959680,2125,0,0,40,0
1959681,2125,0,0,30,0
1959682,2125,1,1,10,1
1959683,2125,0,0,40,0
1959684,2221,0,0,30,0
1959685,2125,1,1,10,1
1959686,2125,1,1,10,1
1959687,2125,1,1,10,1
1959688,2125,1,1,10,1
1959689,2125,0,0,40,0
1959690,2125,1,1,10,1
1959691,2125,0,0,30,0
1959692,2125,0,0,40,0
1959693,2125,0,0,40,0
1959694,2125,1,1,10,1
1959695,2125,0,0,40,0
1959696,2125,0,0,40,0
1959697,2125,0,0,40,0
1959698,2125,1,1,10,1
1959699,2125,1,1,10,1
1959700,2125,1,1,10,1
1959701,2221,0,0,30,0
1959702,2125,0,0,30,0
1959703,2125,0,0,40,0
1959704,2221,0,0,30,0
1959705,2125,0,0,40,0
1959706,2125,0,0,10,1
1959707,2125,1,1,10,1
1959708,2125,0,0,30,0
1959709,2125,1,1,10,1
1959710,2125,1,1,10,1
1959711,2125,0,1,10,1
1959712,2125,0,0,40,0
1959713,2125,0,0,40,0
1959714,2125,0,1,10,1
1959715,2125,0,0,40,0
1959716,2125,1,1,10,1
1959717,2125,0,1,10,1
1959718,2125,1,1,10,1
1959719,2125,0,0,40,0
1959720,2125,1,0,10,1
1959721,2125,0,0,40,0
1959722,2125,0,0,40,0
1959723,2125,1,1,10,1
1959724,2125,0,0,50,0
1959725,2125,1,1,10,1
1959726,2125,1,1,10,1
1959727,2125,0,0,40,0
1959728,2125,1,1,10,1
1959729,2125,0,0,10,1
1959730,2125,1,1,10,1
1959731,2125,0,0,40,0
1959732,2125,0,0,30,0
1959733,2125,0,1,30,0
1959734,2125,0,0,10,1
1959735,2125,1,1,10,1
1959736,2125,0,0,40,0
1959737,2125,0,0,40,0
1959738,2125,1,1,10,1
1959739,2125,1,1,10,1
1959740,2125,0,0,10,1
1959741,2125,0,0,10,1
1959742,2125,1,1,10,1
1959743,2125,1,1,10,1
1959744,2125,1,1,10,1
1959745,2125,1,1,10,1
1959746,2125,1,1,10,1
1959747,2125,0,1,30,0
1959748,2125,1,1,10,1
1959749,2125,0,0,10,1
1959750,2125,1,0,40,0
1959751,2125,0,0,40,0
1959752,2125,0,0,50,0
1959753,2125,1,1,10,1
1959754,2125,0,0,40,0
1959755,2125,0,0,40,0
1959756,2125,0,0,40,0
1959757,2125,1,0,10,1
1959758,2125,0,0,10,1
1959759,2125,1,1,10,1
1959760,2125,0,0,40,0
1959761,2125,0,0,30,0
1959762,2125,1,1,10,1
1959763,2125,1,1,10,1
1959764,2125,0,0,30,0
1959765,2200,0,0,10,1
1959766,2200,0,0,10,1
1959767,2221,0,0,10,1
1959768,2221,0,0,50,0
1959769,2200,0,0,10,1
1959770,2221,0,0,10,1
1959771,2221,0,0,50,0
1959772,2200,0,0,10,1
1959773,2221,0,0,50,0
1959774,2222,0,0,80,0
1959775,2221,0,0,10,1
1959776,2200,0,0,10,1
1959777,2200,0,0,10,1
1959778,2200,0,0,10,1
1959779,2200,0,0,50,0
1959780,2200,0,0,10,1
1959781,2221,0,0,60,0
1959782,2221,0,0,50,0
1959783,2200,0,1,10,1
1959784,2200,0,0,50,0
1959785,2200,0,0,50,0
1959786,2200,0,0,30,0
1959787,2221,0,0,50,0
1959789,2221,0,0,60,0
1959790,2221,0,0,50,0
1959791,2200,0,0,30,0
1959792,2221,0,0,10,1
1959793,2200,0,0,50,0
1959794,2200,0,0,50,0
1959795,2221,0,0,10,1
1959796,2221,0,0,50,0
1959797,2221,0,0,50,0
1959798,2200,0,0,40,0
1959799,2221,0,0,50,0
1959800,2221,0,0,60,0
1959801,2221,0,0,50,0
1959802,2200,0,0,50,0
1959803,2221,0,0,50,0
1959804,2221,0,0,30,0
1959806,2200,0,0,60,0
1959807,2221,0,0,30,0
1959808,2200,0,0,50,0
1959809,2200,0,0,30,0
1959810,2200,0,0,30,0
1959811,2200,0,0,50,0
1959812,2200,0,0,10,1
1959813,2200,0,0,10,1
1959814,2221,0,0,50,0
1959815,2200,0,0,30,0
1959816,2221,0,0,50,0
1959817,2221,0,0,50,0
1959818,2221,0,0,30,0
1959819,2221,0,0,50,0
1959820,2200,0,0,30,0
1959821,2200,0,0,10,1
1959822,2221,0,0,50,0
1959823,2221,0,0,10,1
1959824,2200,0,0,60,0
1959825,2221,0,0,20,0
1959826,2200,0,0,30,0
1959827,2221,0,0,10,1
1959828,2221,0,0,50,0
1959829,2200,0,0,30,0
1959830,2221,0,0,10,1
1959831,2200,0,0,30,0
1959832,2200,0,0,10,1
1959833,2221,0,0,10,1
1959834,2200,0,0,30,0
1959835,2221,0,0,30,0
1959836,2200,0,0,30,0
1959837,2200,1,0,10,1
1959838,2200,0,0,10,1
1959839,2221,0,0,10,1
1959840,2221,0,0,10,1
1959841,2200,0,0,30,0
1959842,2200,0,0,30,0
1959843,2221,0,0,50,0
1959844,2221,0,0,50,0
1959845,2221,0,0,10,1
1959846,2200,0,0,10,1
1959847,2200,0,0,60,0
1959848,2221,0,0,50,0
1959849,2200,0,0,10,1
1959850,2225,0,0,90,0
1959851,2221,0,0,50,0
1959852,2221,0,0,50,0
1959853,2221,0,0,50,0
1959854,2200,0,0,50,0
1959855,2221,0,0,50,0
1959856,2200,0,0,30,0
1959857,2200,0,0,50,0
1959858,2221,0,0,10,1
1959859,2221,0,0,10,1
1959860,2200,0,0,30,0
1959861,2200,0,0,40,0
1959862,2200,0,0,10,1
1959863,2200,0,0,50,0
1959864,2221,0,0,50,0
1959865,2210,1,1,10,1
1959866,2210,1,1,10,1
1959867,2222,0,0,80,0
1959868,2222,0,0,80,0
1959869,2210,1,1,10,1
1959870,2210,0,0,40,0
1959871,2210,0,0,30,0
1959872,2210,1,1,10,1
1959873,2222,0,0,80,0
1959874,2210,0,1,10,1
1959875,2210,0,0,60,0
1959876,2222,0,0,80,0
1959877,2223,0,0,80,0
1959878,2210,0,0,30,0
1959879,2210,0,0,90,0
1959881,2210,0,0,90,0
1959882,2210,0,1,30,0
1959883,2210,1,1,10,1
1959884,2210,0,0,100,0
1959885,2210,1,1,10,1
1959886,2210,1,1,10,1
1959887,2210,1,0,10,1
1959888,2210,0,0,40,0
1959890,2210,0,0,90,0
1959891,2210,0,0,50,0
1959892,2223,0,0,90,0
1959893,2210,0,1,10,1
1959894,2006,0,0,40,0
1959895,2006,0,0,40,0
1959896,2006,0,0,40,0
1959897,2006,0,0,40,0
1959898,2015,1,1,10,1
1959899,2015,1,1,10,1
1959900,2015,1,1,10,1
1959901,2015,1,1,10,1
1959902,2015,1,1,10,1
1959903,2015,1,1,10,1
1959904,2015,1,1,10,1
1959905,2015,1,1,10,1
1959906,2015,1,1,10,1
1959907,2015,1,1,10,1
1959908,2015,1,1,10,1
1959909,2015,1,1,10,1
1959910,2015,1,1,30,0
1959911,2015,1,1,10,1
1959912,2015,1,1,10,1
1959913,2015,1,1,10,1
1959914,2015,1,1,10,1
1959915,2015,0,0,10,1
1959916,2225,0,0,60,0
1959917,2015,0,1,10,1
1959918,2015,1,1,10,1
1959919,2015,1,1,10,1
1959920,2015,1,1,10,1
1959921,2015,1,1,10,1
1959922,2015,1,1,10,1
1959923,2015,1,1,10,1
1959924,2015,1,1,10,1
1959925,2025,1,1,10,1
1959926,2025,0,0,40,0
1959927,2025,1,1,10,1
1959928,2025,1,1,10,1
1959929,2025,0,1,30,0
1959930,2025,1,0,20,0
1959931,2025,1,1,10,1
1959932,2025,0,0,40,0
1959933,2025,0,0,30,0
1959934,2025,1,1,10,1
1959935,2025,0,1,10,1
1959936,2025,0,0,30,0
1959937,2025,1,1,10,1
1959938,2025,0,0,40,0
1959939,2025,1,1,10,1
1959940,2025,0,0,40,0
1959941,2025,1,1,10,1
1959942,2025,1,1,10,1
1959943,2025,1,1,10,1
1959944,2025,1,1,10,1
1959945,2025,1,1,10,1
1959946,2025,0,0,30,0
1959947,2025,1,1,10,1
1959948,2025,0,0,40,0
1959949,2025,1,1,10,1
1959950,2025,1,1,10,1
1959951,2025,1,1,10,1
1959952,2025,0,0,40,0
1959953,2025,1,1,10,1
1959954,2025,0,0,30,0
1959955,2025,1,1,10,1
1959956,2025,0,1,30,0
1959957,2025,0,0,40,0
1959958,2025,1,1,10,1
1959959,2025,1,1,10,1
1959960,2025,0,0,30,0
1959961,2025,1,1,10,1
1959962,2025,1,1,10,1
1959963,2025,0,0,40,0
1959964,2222,0,0,80,0
1959965,2025,0,0,40,0
1959966,2025,0,0,30,0
1959967,2025,0,0,40,0
1959968,2025,0,0,40,0
1959969,2025,1,1,10,1
1959970,2025,1,1,10,1
1959971,2025,1,1,10,1
1959972,2025,1,1,10,1
1959973,2025,1,1,10,1
1959974,2025,1,1,10,1
1959975,2025,0,1,10,1
1959976,2025,1,1,10,1
1959977,2025,1,1,10,1
1959978,2025,0,0,40,0
1959979,2025,1,1,10,1
1959980,2025,1,1,10,1
1959981,2025,1,1,10,1
1959982,2025,1,1,10,1
1959983,2025,0,0,20,0
1959984,2025,0,1,20,0
1959985,2025,0,1,10,1
1959986,2025,0,0,40,0
1959987,2025,1,1,10,1
1959988,2025,0,0,10,1
1959989,2025,0,1,30,0
1959990,2025,1,1,10,1
1959991,2025,0,0,50,0
1959992,2025,1,1,10,1
1959993,2025,0,0,40,0
1959994,2222,1,1,10,1
1959995,2025,1,1,10,1
1959996,2025,1,1,10,1
1959997,2025,0,0,100,0
1959998,2025,0,0,60,0
1959999,2025,0,1,30,0
1960000,2025,1,1,10,1
1960001,2025,1,1,10,1
1960002,2025,1,0,10,1
1960003,2025,1,1,10,1
1960004,2025,1,1,10,1
1960005,2025,1,1,10,1
1960006,2025,1,1,10,1
1960007,2025,0,0,30,0
1960008,2025,1,1,10,1
1960009,2025,1,1,10,1
1960010,2025,0,0,30,0
1960011,2025,1,1,10,1
1960012,2025,0,1,10,1
1960013,2025,1,1,10,1
1960014,2025,0,0,10,1
1960015,2025,0,1,30,0
1960016,2025,1,1,10,1
1960017,2025,0,0,40,0
1960018,2025,0,0,40,0
1960019,2025,0,0,40,0
1960020,2025,0,0,30,0
1960021,2025,1,1,10,1
1960022,2025,0,0,40,0
1960023,2025,1,1,10,1
1960024,2025,1,1,10,1
1960025,2025,0,0,40,0
1960026,2025,1,1,10,1
1960027,2025,1,1,10,1
1960028,2025,0,0,30,0
1960029,2025,1,1,10,1
1960030,2025,1,1,10,1
1960031,2025,0,0,40,0
1960032,2025,1,1,10,1
1960033,2025,0,1,20,0
1960034,2025,1,1,10,1
1960035,2025,0,0,90,0
1960036,2025,1,1,10,1
1960037,2025,1,1,10,1
1960038,2025,0,0,30,0
1960039,2025,0,0,30,0
1960040,2025,0,0,30,0
1960041,2025,1,1,10,1
1960042,2025,1,1,10,1
1960043,2025,1,1,10,1
1960044,2025,0,0,30,0
1960045,2025,0,0,40,0
1960046,2025,0,0,30,0
1960047,2025,1,1,10,1
1960048,2222,0,0,80,0
1960049,2025,0,0,40,0
1960050,2025,0,0,30,0
1960051,2025,0,1,10,1
1960052,2025,0,0,30,0
1960053,2025,1,1,10,1
1960054,2025,0,0,30,0
1960055,2025,0,0,40,0
1960056,2025,0,1,10,1
1960057,2025,1,1,10,1
1960058,2025,1,1,10,1
1960059,2025,1,1,10,1
1960060,2025,0,1,10,1
1960061,2025,1,1,10,1
1960062,2025,1,1,10,1
1960063,2025,0,1,30,0
1960064,2025,0,0,40,0
1960065,2025,1,1,10,1
1960066,2025,1,1,10,1
1960067,2025,0,1,10,1
1960068,2025,0,1,10,1
1960069,2025,1,1,10,1
1960070,2025,0,0,10,1
1960071,2025,1,1,10,1
1960072,2025,1,1,10,1
1960073,2025,1,1,10,1
1960074,2025,0,1,30,0
1960075,2222,0,0,80,0
1960076,2025,0,1,10,1
1960077,2025,1,1,10,1
1960078,2222,0,0,80,0
1960079,2025,1,1,20,0
1960080,2025,1,1,10,1
1960081,2025,0,1,20,0
1960082,2025,0,1,10,1
1960083,2025,1,1,10,1
1960084,2225,0,0,70,0
1960085,2025,0,0,40,0
1960086,2025,0,1,10,1
1960087,2025,1,1,10,1
1960088,2025,0,0,40,0
1960089,2025,1,1,10,1
1960090,2025,0,0,40,0
1960091,2025,0,0,40,0
1960092,2025,1,1,10,1
1960093,2025,1,1,10,1
1960094,2025,0,0,40,0
1960095,2025,0,0,40,0
1960096,2025,1,1,10,1
1960097,2025,0,0,40,0
1960098,2222,0,0,80,0
1960099,2025,1,0,10,1
1960100,2027,1,0,10,1
1960101,2027,0,0,30,0
1960102,2027,1,1,10,1
1960103,2027,1,0,20,0
1960104,2223,0,1,10,1
1960105,2027,1,0,20,0
1960106,2027,0,0,30,0
1960107,2027,1,1,30,0
1960108,2027,1,1,10,1
1960109,2225,0,0,60,0
1960110,2027,1,1,10,1
1960111,2027,1,1,10,1
1960112,2027,0,0,30,0
1960113,2027,1,1,10,1
1960114,2027,1,1,10,1
1960115,2027,0,0,30,0
1960116,2027,1,1,10,1
1960117,2027,0,1,30,0
1960118,2027,0,0,30,0
1960119,2027,1,1,10,1
1960120,2027,0,0,30,0
1960121,2027,0,0,30,0
1960122,2027,0,1,10,1
1960123,2027,1,1,10,1
1960124,2027,1,1,10,1
1960125,2027,1,1,10,1
1960126,2027,1,1,10,1
1960127,2027,1,1,10,1
1960128,2027,0,0,60,0
1960129,2027,0,1,10,1
1960130,2027,0,0,30,0
1960131,2027,0,1,10,1
1960132,2027,0,0,30,0
1960133,2027,0,0,30,0
1960134,2027,1,1,10,1
1960135,2027,0,0,30,0
1960136,2027,1,1,10,1
1960137,2027,0,0,30,0
1960138,2027,1,1,10,1
1960139,2027,0,1,10,1
1960140,2027,0,1,30,0
1960141,2027,1,1,10,1
1960142,2027,0,0,20,0
1960143,2027,0,0,30,0
1960144,2027,0,1,30,0
1960145,2027,1,1,10,1
1960146,2027,1,1,10,1
1960147,2027,1,1,20,0
1960148,2027,1,1,10,1
1960149,2027,0,1,20,0
1960150,2027,0,1,30,0
1960151,2027,1,1,10,1
1960152,2027,1,1,10,1
1960153,2027,1,1,10,1
1960154,2223,0,0,30,0
1960155,2223,0,0,90,0
1960156,2027,1,1,10,1
1960157,2027,0,1,30,0
1960158,2027,0,0,30,0
1960159,2027,1,0,20,0
1960160,2027,1,1,10,1
1960161,2027,1,1,10,1
1960162,2027,0,0,30,0
1960163,2027,0,0,30,0
1960164,2027,1,1,10,1
1960165,2027,1,1,10,1
1960166,2027,0,0,30,0
1960167,2027,0,1,30,0
1960169,2027,0,0,30,0
1960170,2027,0,1,10,1
1960171,2222,0,0,80,0
1960172,2222,0,0,80,0
1960173,2027,0,0,30,0
1960174,2027,1,1,10,1
1960175,2027,0,0,30,0
1960176,2027,0,0,30,0
1960177,2027,0,0,40,0
1960178,2027,1,0,30,0
1960179,2027,1,1,10,1
1960180,2027,1,0,20,0
1960181,2222,0,0,80,0
1960182,2027,1,1,10,1
1960183,2223,0,0,30,0
1960184,2027,1,1,10,1
1960185,2027,0,0,30,0
1960186,2027,0,0,100,0
1960187,2027,1,1,10,1
1960188,2027,1,1,10,1
1960189,2027,1,1,10,1
1960190,2027,0,0,30,0
1960191,2225,0,0,100,0
1960192,2027,0,1,10,1
1960193,2027,0,1,10,1
1960194,2027,1,1,10,1
1960195,2027,0,0,100,0
1960196,2027,1,1,20,0
1960197,2027,0,0,100,0
1960198,2027,1,1,10,1
1960199,2027,0,0,30,0
1960200,2222,0,0,80,0
1960201,2027,0,0,30,0
1960202,2027,1,0,90,0
1960203,2027,1,1,10,1
1960204,2027,0,0,30,0
1960205,2027,1,1,10,1
1960206,2027,1,1,10,1
1960207,2027,0,0,90,0
1960208,2027,1,1,10,1
1960209,2027,1,1,20,0
1960210,2027,0,0,30,0
1960211,2027,0,0,30,0
1960212,2027,0,1,10,1
1960213,2222,0,0,80,0
1960214,2027,0,0,30,0
1960215,2027,1,1,10,1
1960216,2027,1,1,100,0
1960217,2027,1,1,20,0
1960218,2027,1,1,10,1
1960219,2027,0,0,30,0
1960220,2027,1,1,10,1
1960221,2027,1,1,10,1
1960222,2027,1,1,10,1
1960223,2027,1,1,10,1
1960224,2027,1,1,10,1
1960225,2027,0,1,10,1
1960226,2027,1,1,10,1
1960227,2027,0,0,80,0
1960228,2027,0,0,30,0
1960229,2027,0,0,100,0
1960230,2027,0,0,30,0
1960231,2027,0,0,100,0
1960232,2222,0,0,80,0
1960233,2027,1,1,10,1
1960234,2222,0,1,10,1
1960235,2027,1,1,10,1
1960236,2027,1,1,10,1
1960237,2027,1,1,20,0
1960238,2027,1,1,10,1
1960239,2027,1,1,10,1
1960240,2027,1,1,10,1
1960241,2027,0,0,30,0
1960242,2027,1,0,20,0
1960243,2027,0,0,30,0
1960244,2027,1,1,10,1
1960245,2027,0,0,90,0
1960246,2027,1,1,10,1
1960247,2027,0,0,100,0
1960248,2027,1,1,30,0
1960249,2027,1,1,10,1
1960250,2027,0,1,30,0
1960251,2027,0,1,20,0
1960252,2027,1,1,10,1
1960253,2027,0,0,20,0
1960254,2027,0,1,10,1
1960255,2027,0,1,10,1
1960256,2027,1,1,10,1
1960257,2027,1,1,10,1
1960258,2027,0,0,30,0
1960259,2027,0,0,100,0
1960260,2027,0,1,30,0
1960261,2027,1,1,10,1
1960262,2027,0,1,10,1
1960263,2027,1,1,10,1
1960264,2027,0,0,100,0
1960265,2027,1,1,10,1
1960266,2027,0,0,30,0
1960267,2027,1,1,10,1
1960268,2222,0,0,80,0
1960269,2225,0,0,60,0
1960270,2027,1,1,10,1
1960271,2027,0,0,30,0
1960272,2027,1,1,10,1
1960273,2027,1,1,10,1
1960274,2027,0,1,20,0
1960275,2222,0,0,80,0
1960276,2027,1,1,10,1
1960277,2027,1,1,10,1
1960278,2027,0,1,100,0
1960279,2027,0,1,10,1
1960281,2027,0,0,100,0
1960282,2027,1,1,10,1
1960283,2027,0,0,30,0
1960284,2222,0,0,80,0
1960285,2027,0,1,10,1
1960286,2027,0,0,30,0
1960287,2027,0,1,10,1
1960288,2027,0,0,30,0
1960289,2027,1,1,10,1
1960290,2027,1,1,10,1
1960291,2027,1,1,10,1
1960292,2027,0,0,30,0
1960293,2027,1,1,10,1
1960294,2027,0,1,10,1
1960295,2027,0,1,30,0
1960296,2027,1,1,10,1
1960297,2222,0,0,80,0
1960298,2027,0,0,30,0
1960299,2027,0,0,20,0
1960300,2027,1,1,10,1
1960301,2027,0,0,20,0
1960302,2027,0,0,30,0
1960303,2027,0,1,30,0
1960304,2027,1,1,10,1
1960305,2027,1,0,30,0
1960306,2027,1,1,10,1
1960307,2027,1,1,10,1
1960308,2027,0,0,20,0
1960309,2027,0,0,30,0
1960310,2027,0,0,30,0
1960311,2027,1,1,10,1
1960312,2027,1,1,10,1
1960313,2027,0,0,20,0
1960314,2027,0,0,100,0
1960315,2027,0,0,100,0
1960316,2225,0,0,60,0
1960317,2027,0,0,100,0
1960318,2027,0,0,30,0
1960319,2027,1,1,10,1
1960320,2027,0,0,20,0
1960321,2027,1,1,10,1
1960322,2027,0,0,30,0
1960323,2027,0,0,30,0
1960324,2027,0,1,10,1
1960325,2027,0,0,30,0
1960326,2027,1,1,10,1
1960327,2027,1,1,10,1
1960328,2027,1,1,10,1
1960329,2027,1,0,20,0
1960330,2027,0,0,80,0
1960331,2027,1,1,10,1
1960332,2027,0,0,20,0
1960333,2027,0,0,30,0
1960334,2027,1,1,10,1
1960335,2027,1,1,10,1
1960336,2027,1,0,20,0
1960337,2027,1,1,30,0
1960338,2027,1,1,10,1
1960339,2027,0,0,30,0
1960340,2027,0,0,90,0
1960341,2027,0,0,30,0
1960342,2027,1,1,10,1
1960343,2027,0,0,30,0
1960344,2027,1,1,10,1
1960345,2027,1,1,10,1
1960346,2027,0,1,10,1
1960347,2027,0,0,40,0
1960348,2027,1,1,10,1
1960349,2027,1,1,30,0
1960350,2223,0,0,90,0
1960351,2027,1,1,10,1
1960352,2027,0,0,20,0
1960353,2027,0,1,10,1
1960354,2027,0,0,20,0
1960355,2027,0,0,100,0
1960356,2027,1,1,10,1
1960357,2027,1,1,10,1
1960358,2027,0,0,30,0
1960359,2027,0,0,30,0
1960360,2027,0,0,90,0
1960361,2027,1,1,10,1
1960362,2027,0,0,80,0
1960363,2027,1,1,10,1
1960364,2027,1,1,10,1
1960365,2027,1,1,10,1
1960366,2027,1,1,10,1
1960367,2027,0,0,100,0
1960368,2027,1,1,10,1
1960369,2027,1,1,20,0
1960370,2027,1,1,10,1
1960371,2027,0,0,100,0
1960372,2027,1,1,10,1
1960373,2027,0,1,10,1
1960374,2027,1,1,10,1
1960375,2027,1,1,10,1
1960376,2027,0,0,30,0
1960377,2027,1,1,10,1
1960378,2027,0,0,30,0
1960379,2027,1,1,10,1
1960380,2027,0,0,30,0
1960381,2027,0,1,10,1
1960382,2027,0,1,10,1
1960383,2027,1,1,10,1
1960384,2027,0,1,30,0
1960385,2027,0,0,80,0
1960386,2027,0,0,30,0
1960387,2223,0,0,90,0
1960388,2027,1,1,10,1
1960389,2027,1,1,10,1
1960390,2027,0,0,90,0
1960391,2027,0,0,20,0
1960392,2225,0,0,60,0
1960393,2027,0,1,10,1
1960394,2027,0,0,100,0
1960395,2027,1,1,10,1
1960396,2027,1,1,10,1
1960397,2027,1,1,10,1
1960398,2027,1,1,10,1
1960399,2027,0,0,20,0
1960400,2027,0,0,40,0
1960401,2027,0,0,30,0
1960402,2027,1,0,20,0
1960403,2027,1,1,10,1
1960404,2027,0,0,30,0
1960405,2027,0,0,30,0
1960406,2027,1,1,10,1
1960407,2027,0,0,100,0
1960408,2225,0,0,60,0
1960409,2027,0,0,30,0
1960410,2027,0,0,30,0
1960411,2027,1,1,10,1
1960412,2027,0,0,30,0
1960413,2027,1,1,10,1
1960414,2027,0,0,30,0
1960415,2027,1,1,10,1
1960416,2027,0,0,100,0
1960417,2027,0,1,10,1
1960418,2027,0,0,30,0
1960419,2027,1,1,10,1
1960420,2027,1,1,30,0
1960421,2027,0,0,30,0
1960422,2027,1,1,30,0
1960423,2027,1,1,10,1
1960424,2027,1,1,10,1
1960425,2027,0,0,30,0
1960426,2027,0,0,30,0
1960427,2027,1,1,10,1
1960428,2027,0,0,20,0
1960429,2027,1,1,10,1
1960430,2027,1,1,10,1
1960431,2027,0,0,30,0
1960432,2027,0,0,20,0
1960433,2027,1,1,10,1
1960434,2027,1,1,10,1
1960435,2027,0,1,10,1
1960436,2027,1,1,10,1
1960437,2027,1,1,10,1
1960438,2027,0,0,30,0
1960439,2027,1,1,10,1
1960440,2027,1,1,10,1
1960441,2027,0,0,80,0
1960442,2027,0,1,20,0
1960443,2027,0,1,10,1
1960444,2027,0,0,30,0
1960445,2027,0,0,100,0
1960446,2027,0,0,30,0
1960447,2027,0,0,100,0
1960448,2027,1,0,20,0
1960449,2027,0,0,80,0
1960450,2027,1,1,10,1
1960451,2027,1,1,10,1
1960452,2027,0,0,30,0
1960453,2027,0,0,30,0
1960454,2027,0,0,100,0
1960455,2027,0,0,20,0
1960456,2027,1,1,10,1
1960457,2027,0,0,30,0
1960458,2027,0,0,80,0
1960459,2027,1,1,10,1
1960460,2027,1,1,10,1
1960461,2027,1,1,10,1
1960462,2223,1,0,10,1
1960463,2027,0,1,100,0
1960464,2027,1,1,10,1
1960465,2027,0,0,90,0
1960466,2027,0,0,70,0
1960467,2027,0,0,30,0
1960468,2027,1,1,10,1
1960469,2027,0,0,30,0
1960470,2027,0,0,30,0
1960471,2027,1,1,10,1
1960472,2027,0,0,100,0
1960473,2027,1,1,10,1
1960474,2027,1,1,10,1
1960475,2027,0,0,30,0
1960476,2027,0,0,30,0
1960477,2027,0,1,10,1
1960478,2027,1,1,10,1
1960479,2027,1,1,10,1
1960480,2027,1,1,10,1
1960481,2222,0,0,80,0
1960482,2027,1,1,10,1
1960483,2027,0,0,30,0
1960484,2027,0,1,30,0
1960485,2027,1,1,10,1
1960486,2027,1,1,10,1
1960487,2027,1,1,10,1
1960488,2027,0,0,90,0
1960489,2029,0,0,100,0
1960490,2029,0,0,90,0
1960491,2029,0,0,100,0
1960493,2222,0,0,80,0
1960494,2029,0,0,100,0
1960495,2029,0,0,100,0
1960496,2029,0,0,30,0
1960497,2029,0,0,60,0
1960498,2029,0,0,60,0
1960499,2029,0,0,100,0
1960500,2029,0,0,100,0
1960501,2029,0,0,60,0
1960502,2225,0,0,60,0
1960503,2029,0,0,80,0
1960504,2029,0,0,100,0
1960505,2029,0,0,70,0
1960506,2029,0,0,100,0
1960507,2029,0,0,100,0
1960508,2029,0,0,100,0
1960509,2029,0,0,100,0
1960510,2029,0,0,30,0
1960511,2029,0,0,90,0
1960512,2029,0,0,30,0
1960514,2029,0,0,60,0
1960515,2029,0,0,60,0
1960516,2029,0,0,100,0
1960518,2029,0,0,100,0
1960519,2029,0,0,100,0
1960520,2029,0,0,30,0
1960521,2029,0,0,100,0
1960522,2029,0,0,100,0
1960523,2029,0,0,100,0
1960524,2029,0,0,100,0
1960525,2222,0,0,80,0
1960526,2029,0,0,60,0
1960527,2029,0,0,100,0
1960528,2029,0,0,100,0
1960529,2029,0,0,100,0
1960530,2029,0,0,30,0
1960531,2029,0,0,100,0
1960532,2029,0,0,60,0
1960533,2029,0,0,100,0
1960534,2029,0,0,90,0
1960535,2222,0,0,80,0
1960536,2029,0,0,100,0
1960537,2029,0,0,100,0
1960538,2029,0,0,60,0
1960539,2029,0,0,60,0
1960540,2029,0,0,80,0
1960541,2029,0,0,100,0
1960542,2222,0,0,80,0
1960543,2029,0,0,100,0
1960544,2029,0,0,30,0
1960545,2029,0,0,100,0
1960546,2222,0,0,80,0
1960547,2029,0,0,100,0
1960548,2029,0,0,30,0
1960549,2029,0,0,100,0
1960550,2029,0,0,100,0
1960551,2029,0,0,60,0
1960552,2029,0,0,100,0
1960553,2029,0,0,100,0
1960554,2029,0,0,100,0
1960555,2029,0,0,90,0
1960556,2222,0,0,80,0
1960557,2029,0,0,100,0
1960558,2029,0,0,60,0
1960559,2029,0,0,30,0
1960560,2029,0,0,30,0
1960561,2029,0,0,100,0
1960562,2029,0,0,100,0
1960563,2029,0,0,30,0
1960564,2029,0,0,60,0
1960565,2029,0,0,60,0
1960566,2029,0,0,30,0
1960567,2029,0,0,60,0
1960568,2029,0,0,100,0
1960569,2029,0,0,60,0
1960570,2029,0,0,30,0
1960571,2029,0,0,100,0
1960572,2029,0,0,30,0
1960573,2029,0,0,100,0
1960574,2029,0,0,100,0
1960575,2029,0,0,30,0
1960576,2029,0,0,60,0
1960577,2029,0,0,100,0
1960578,2029,0,0,100,0
1960579,2029,0,0,100,0
1960580,2029,0,0,80,0
1960582,2029,0,0,60,0
1960583,2029,0,0,100,0
1960584,2029,0,0,100,0
1960585,2029,0,0,80,0
1960586,2029,0,0,60,0
1960587,2029,0,0,30,0
1960589,2029,0,0,60,0
1960590,2029,0,0,100,0
1960591,2029,0,0,100,0
1960592,2222,0,0,80,0
1960593,2029,0,0,80,0
1960594,2029,0,0,30,0
1960595,2029,0,0,60,0
1960596,2029,0,0,100,0
1960597,2029,0,0,60,0
1960598,2029,0,0,30,0
1960599,2029,0,0,60,0
1960601,2029,0,0,100,0
1960602,2029,0,0,90,0
1960603,2029,0,0,100,0
1960604,2029,0,0,100,0
1960605,2029,0,0,100,0
1960606,2029,0,0,60,0
1960607,2029,0,0,100,0
1960608,2029,0,0,80,0
1960609,2029,0,0,100,0
1960610,2029,0,0,60,0
1960611,2029,0,0,100,0
1960613,2222,0,0,80,0
1960614,2029,0,0,60,0
1960615,2222,0,0,80,0
1960616,2029,0,0,60,0
1960617,2029,0,0,100,0
1960618,2029,0,0,90,0
1960619,2029,0,0,60,0
1960620,2029,0,0,100,0
1960621,2029,0,0,30,0
1960622,2029,0,0,30,0
1960623,2029,0,0,60,0
1960624,2222,0,0,80,0
1960625,2029,0,0,100,0
1960626,2029,0,0,30,0
1960627,2029,0,0,100,0
1960628,2029,0,0,60,0
1960629,2029,0,0,100,0
1960630,2029,0,0,100,0
1960631,2029,0,0,60,0
1960632,2029,0,0,60,0
1960633,2029,0,0,30,0
1960634,2029,0,0,100,0
1960635,2029,0,0,30,0
1960636,2029,0,0,30,0
1960637,2029,0,0,100,0
1960638,2029,0,0,100,0
1960639,2029,0,0,60,0
1960640,2222,0,0,80,0
1960641,2029,0,0,100,0
1960642,2029,0,0,100,0
1960643,2029,0,0,100,0
1960644,2029,0,0,100,0
1960645,2029,0,0,100,0
1960646,2222,0,0,80,0
1960647,2029,0,0,100,0
1960648,2029,0,0,100,0
1960649,2029,0,0,100,0
1960650,2029,0,0,60,0
1960651,2029,0,0,100,0
1960652,2029,0,0,100,0
1960653,2029,0,0,100,0
1960654,2029,0,0,30,0
1960655,2029,0,0,80,0
1960656,2029,0,0,100,0
1960657,2222,0,0,80,0
1960658,2029,0,0,60,0
1960659,2029,0,0,60,0
1960660,2029,0,0,90,0
1960661,2029,0,0,30,0
1960662,2029,0,0,60,0
1960663,2029,0,0,100,0
1960664,2222,0,0,80,0
1960665,2029,0,0,100,0
1960666,2029,0,0,60,0
1960667,2029,0,0,30,0
1960668,2029,0,0,70,0
1960669,2029,0,0,100,0
1960670,2029,0,0,100,0
1960671,2029,0,0,30,0
1960672,2029,0,0,100,0
1960673,2029,0,0,100,0
1960674,2029,0,0,80,0
1960675,2029,0,0,100,0
1960676,2222,0,0,80,0
1960677,2029,0,0,30,0
1960678,2029,0,0,100,0
1960679,2029,0,0,60,0
1960680,2029,0,0,60,0
1960681,2029,0,0,30,0
1960683,2222,0,0,80,0
1960684,2029,0,0,100,0
1960685,2029,0,0,100,0
1960686,2222,0,0,80,0
1960687,2029,0,0,60,0
1960688,2029,0,0,100,0
1960690,2029,0,0,30,0
1960691,2029,0,0,60,0
1960692,2029,0,0,100,0
1960693,2029,0,0,100,0
1960694,2029,0,0,60,0
1960695,2029,0,0,30,0
1960696,2222,0,0,80,0
1960697,2029,0,0,100,0
1960698,2029,0,0,100,0
1960699,2029,0,0,100,0
1960700,2029,0,0,100,0
1960701,2029,0,0,80,0
1960702,2222,0,0,80,0
1960704,2029,0,0,30,0
1960705,2029,0,0,100,0
1960706,2029,0,0,60,0
1960707,2029,0,0,30,0
1960708,2029,0,0,100,0
1960709,2029,0,0,30,0
1960710,2029,0,0,60,0
1960711,2029,0,0,100,0
1960712,2029,0,0,100,0
1960713,2029,0,0,60,0
1960714,2029,0,0,100,0
1960715,2029,0,0,60,0
1960716,2222,0,0,80,0
1960717,2029,0,0,100,0
1960718,2029,0,0,100,0
1960719,2029,0,0,60,0
1960721,2029,0,0,80,0
1960722,2029,0,0,30,0
1960723,2029,0,0,100,0
1960725,2029,0,0,100,0
1960726,2029,0,0,100,0
1960727,2029,0,0,60,0
1960728,2029,0,0,100,0
1960729,2029,0,0,60,0
1960730,2029,0,0,100,0
1960731,2029,0,0,100,0
1960732,2029,0,0,60,0
1960733,2029,0,0,100,0
1960735,2029,0,0,100,0
1960736,2029,0,0,100,0
1960737,2222,0,0,80,0
1960738,2029,0,0,100,0
1960739,2029,0,0,60,0
1960740,2029,0,0,100,0
1960741,2029,0,0,30,0
1960742,2029,0,0,70,0
1960743,2029,0,0,100,0
1960744,2029,0,0,90,0
1960745,2222,0,0,80,0
1960746,2029,0,0,30,0
1960747,2029,0,0,30,0
1960748,2029,0,0,80,0
1960750,2029,0,0,100,0
1960751,2029,0,0,100,0
1960752,2210,0,0,70,0
1960753,2029,0,0,70,0
1960755,2029,0,0,70,0
1960756,2029,0,0,70,0
1960757,2210,0,0,70,0
1960758,2210,0,0,70,0
1960759,2210,0,0,70,0
1960760,2210,0,0,70,0
1960761,2029,0,0,70,0
1960762,2210,0,0,70,0
1960763,2029,0,0,70,0
1960764,2030,0,0,60,0
1960765,2025,1,1,10,1
1960766,2210,0,0,70,0
1960767,2210,0,0,70,0
1960768,2210,0,0,70,0
1960769,2210,0,0,70,0
1960770,2210,0,0,70,0
1960771,2210,0,0,70,0
1960772,2210,0,0,70,0
1960773,2210,0,0,70,0
1960774,2210,0,0,70,0
1960775,2210,0,0,70,0
1960776,2210,0,0,70,0
1960777,2210,0,0,70,0
1960778,2029,0,0,70,0
1960779,2030,0,0,70,0
1960780,2210,0,0,70,0
1960782,2210,0,0,70,0
1960783,2210,0,0,70,0
1960784,2029,0,0,70,0
1960785,2210,0,0,70,0
1960786,2210,0,0,70,0
1960787,2210,0,0,70,0
1960789,2029,0,0,70,0
1960790,2210,0,0,70,0
1960791,2210,0,0,70,0
1960792,2030,0,0,70,0
1960793,2210,0,0,70,0
1960794,2210,0,0,70,0
1960795,2210,0,0,70,0
1960796,2210,0,0,70,0
1960797,2210,0,0,70,0
1960798,2210,0,0,70,0
1960799,2210,0,0,70,0
1960802,2210,0,0,70,0
1960803,2210,0,0,70,0
1960804,2210,0,0,70,0
1960805,2210,0,0,70,0
1960806,2210,0,0,70,0
1960807,2210,0,0,80,0
1960808,2210,0,0,70,0
1960809,2210,0,0,70,0
1960810,2210,0,0,70,0
1960811,2210,0,0,70,0
1960812,2210,0,0,70,0
1960813,2030,0,0,70,0
1960814,2210,0,0,70,0
1960816,2210,0,0,70,0
1960817,2030,0,0,70,0
1960818,2210,0,0,70,0
1960819,2210,0,0,70,0
1960821,2225,0,0,70,0
1960822,2210,0,0,70,0
1960824,2210,0,0,70,0
1960825,2210,0,0,70,0
1960826,2210,0,0,70,0
1960827,2210,0,0,70,0
1960828,2210,0,0,70,0
1960829,2210,0,0,70,0
1960831,2210,0,0,70,0
1960832,2210,0,0,70,0
1960833,2210,0,0,70,0
1960834,2210,0,0,70,0
1960835,2210,0,0,70,0
1960836,2029,0,0,70,0
1960837,2210,0,0,70,0
1960838,2210,0,0,70,0
1960839,2210,0,0,70,0
1960840,2029,0,0,70,0
1960841,2210,0,0,70,0
1960842,2210,0,0,70,0
1960843,2029,0,0,70,0
1960844,2210,0,0,100,0
1960845,2210,0,0,70,0
1960846,2210,0,0,70,0
1960847,2210,0,0,70,0
1960848,2029,0,0,100,0
1960849,2210,0,0,70,0
1960850,2210,0,0,70,0
1960851,2030,0,0,70,0
1960853,2210,0,0,70,0
1960854,2210,0,0,70,0
1960855,2210,0,0,70,0
1960856,2210,0,0,70,0
1960857,2210,0,0,70,0
1960858,2210,0,0,70,0
1960859,2029,0,0,70,0
1960860,2029,0,0,70,0
1960861,2225,0,0,60,0
1960862,2210,0,0,70,0
1960863,2210,0,0,70,0
1960864,2210,0,0,70,0
1960865,2210,0,0,70,0
1960866,2210,0,0,70,0
1960867,2210,0,0,70,0
1960868,2210,0,0,70,0
1960869,2210,0,0,70,0
1960870,2210,0,0,70,0
1960871,2030,0,0,70,0
1960872,2210,0,0,70,0
1960873,2210,0,0,70,0
1960874,2210,0,0,70,0
1960875,2210,0,0,70,0
1960877,2030,0,0,70,0
1960878,2210,0,0,70,0
1960879,2210,0,0,70,0
1960880,2210,0,0,70,0
1960882,2210,0,0,70,0
1960883,2029,0,0,70,0
1960884,2210,0,0,70,0
1960885,2106,1,1,10,1
1960886,2125,0,0,40,0
1960887,2125,1,1,10,1
1960888,2125,0,0,30,0
1960889,2125,1,1,10,1
1960890,2125,0,0,40,0
1960891,2125,0,0,40,0
1960892,2125,0,0,30,0
1960893,2125,0,0,100,0
1960894,2125,0,0,40,0
1960895,2125,1,1,10,1
1960896,2125,1,1,10,1
1960897,2125,0,0,90,0
1960898,2125,0,0,30,0
1960899,2125,0,0,40,0
1960900,2125,0,0,10,1
1960901,2125,0,0,30,0
1960902,2125,0,0,40,0
1960903,2125,1,1,10,1
1960904,2125,0,0,40,0
1960905,2125,0,0,30,0
1960906,2125,0,0,40,0
1960907,2125,1,1,10,1
1960908,2125,1,1,10,1
1960909,2200,0,0,10,1
1960910,2200,0,0,50,0
1960911,2200,0,0,30,0
1960912,2221,0,0,10,1
1960913,2222,0,0,80,0
1960914,2221,0,0,50,0
1960915,2200,0,0,10,1
1960916,2200,0,0,10,1
1960917,2200,0,0,30,0
1960918,2221,0,0,10,1
1960919,2225,0,0,50,0
1960920,2210,0,0,60,0
1960921,2210,0,1,10,1
1960922,2210,0,0,90,0
1960923,2210,0,0,100,0
1960924,2222,0,0,80,0
1960925,2222,0,0,80,0
1960926,2222,0,0,80,0
1960927,2210,0,0,100,0
1960928,2222,0,0,80,0
1960929,2210,0,0,30,0
1960930,2210,1,0,20,0
1960931,2210,1,1,10,1
1960932,2210,0,0,40,0
1960933,2210,0,0,30,0
1960934,2210,1,1,10,1
1960935,2210,0,0,60,0
1960936,2210,0,0,30,0
1960937,2210,0,0,30,0
1960938,2222,0,0,80,0
1960939,2222,0,0,80,0
1960940,2210,0,0,30,0
1960941,2210,1,1,10,1
1960942,2210,0,0,30,0
1960943,2222,0,0,80,0
1960944,2222,0,0,80,0
1960945,2210,1,1,10,1
1960946,2222,0,0,80,0
1960947,2210,0,0,80,0
1960948,2222,0,0,80,0
1960949,2210,0,0,90,0
1960950,2222,0,0,80,0
1960951,2210,0,0,60,0
1960952,2210,0,0,80,0
1960953,2210,1,1,10,1
1960954,2210,0,0,60,0
1960955,2210,1,1,20,0
1960956,2210,0,0,90,0
1960957,2210,0,0,60,0
1960958,2210,0,0,70,0
1960959,2210,0,0,60,0
1960960,2210,0,0,30,0
1960961,2210,0,0,30,0
1960962,2222,0,0,80,0
1960963,2210,0,1,30,0
1960964,2210,0,0,100,0
1960965,2210,1,1,10,1
1960966,2210,0,0,60,0
1960967,2210,0,0,30,0
1960968,2222,0,0,80,0
1960969,2210,0,0,100,0
1960970,2210,1,1,10,1
1960971,2210,0,0,60,0
1960973,2222,0,0,30,0
1960974,2222,0,0,80,0
1960975,2222,0,0,80,0
1960976,2222,0,0,80,0
1960977,2222,0,0,80,0
1960978,2210,0,1,10,1
1960979,2210,0,1,10,1
1960980,2222,0,0,80,0
1960981,2222,0,0,80,0
1960982,2210,0,1,10,1
1960983,2210,1,1,10,1
1960984,2210,0,0,60,0
1960985,2210,1,1,10,1
1960986,2210,0,0,80,0
1960987,2210,1,1,10,1
1960988,2222,0,0,80,0
1960989,2223,0,1,30,0
1960990,2210,0,0,90,0
1960991,2210,1,1,10,1
1960992,2210,0,0,30,0
1960993,2210,0,0,100,0
1960994,2222,0,0,80,0
1960995,2210,0,0,30,0
1960996,2222,0,0,80,0
1960997,2210,0,0,60,0
1960998,4004,0,0,20,0
1960999,4004,0,0,60,0
1961000,4004,0,0,60,0
1961001,4004,0,0,60,0
1961002,4004,0,0,60,0
1961003,4004,0,0,60,0
1961004,4004,0,0,60,0
1961005,4224,0,0,60,0
1961006,4004,0,0,60,0
1961007,4004,0,0,60,0
1961008,4006,0,0,60,0
1961009,4006,0,0,30,0
1961010,4006,0,0,60,0
1961011,4006,0,0,60,0
1961012,4006,0,0,20,0
1961013,4006,0,0,40,0
1961014,4006,0,0,100,0
1961015,4006,0,0,60,0
1961016,4006,0,0,60,0
1961017,4104,0,0,60,0
1961018,4104,0,0,60,0
1961019,4104,0,0,60,0
1961020,4104,0,0,60,0
1961021,4104,0,0,60,0
1961022,4224,0,0,60,0
1961023,4104,0,0,60,0
1961024,4104,0,0,60,0
1961025,4104,0,0,60,0
1961026,4104,0,0,60,0
1961027,4104,0,0,40,0
1961028,4104,0,0,20,0
1961029,4104,0,0,60,0
1961030,4104,0,0,60,0
1961031,4224,0,0,60,0
1961032,4104,0,0,60,0
1961033,4224,0,0,60,0
1961034,4104,0,0,30,0
1961035,4104,0,0,60,0
1961036,4104,0,0,60,0
1961037,4104,0,0,60,0
1961038,4104,0,0,20,0
1961039,4104,0,0,60,0
1961040,4104,0,0,60,0
1961041,4104,0,0,60,0
1961042,4224,0,0,60,0
1961043,4224,0,0,60,0
1961044,4104,0,0,60,0
1961045,4104,0,0,60,0
1961046,4104,0,0,60,0
1961047,4104,0,0,60,0
1961048,4104,0,0,60,0
1961049,4104,0,0,60,0
1961050,4104,0,0,40,0
1961051,4104,0,0,60,0
1961052,4104,0,0,60,0
1961053,4104,0,0,30,0
1961054,4104,0,0,40,0
1961055,4106,0,0,60,0
1961056,4106,0,0,40,0
1961057,4106,0,0,30,0
1961058,4106,0,0,40,0
1961059,4106,0,0,30,0
1961060,4106,0,0,60,0
1961061,4224,0,0,60,0
1961062,4106,0,0,100,0
1961063,4106,0,0,30,0
1961064,4106,0,0,30,0
1961065,4106,0,0,30,0
1961066,4106,0,0,30,0
1961067,4106,0,0,60,0
1961068,4106,0,0,60,0
1961069,4106,0,0,60,0
1961070,4106,0,0,30,0
1961071,4106,0,0,30,0
1961072,4106,0,0,30,0
1961073,4106,0,0,30,0
1961074,4106,0,0,60,0
1961075,4106,0,0,30,0
1961076,4106,0,0,40,0
1961077,4106,0,0,30,0
1961078,4106,1,0,30,0
1961079,4106,0,0,60,0
1961080,4106,0,0,30,0
1961081,4106,0,0,30,0
1961082,4106,0,0,30,0
1961083,4106,0,0,30,0
1961084,4106,0,0,30,0
1961085,4106,0,0,30,0
1961086,4106,0,0,30,0
1961087,4106,0,0,100,0
1961088,4106,0,0,30,0
1961089,4106,0,0,60,0
1961090,4106,0,0,20,0
1961091,4106,0,0,30,0
1961092,4106,0,0,30,0
1961093,4106,0,0,60,0
1961094,4106,0,0,30,0
1961095,4106,0,0,30,0
1961096,4106,0,0,40,0
1961097,4106,0,0,30,0
1961098,4106,0,0,30,0
1961099,4106,0,0,30,0
1961100,4106,0,0,30,0
1961101,4106,0,0,30,0
1961102,4106,0,0,30,0
1961103,4106,0,0,30,0
1961104,4106,0,0,60,0
1961105,4106,0,0,30,0
1961106,4106,1,0,30,0
1961107,4106,0,0,30,0
1961108,4125,0,0,40,0
1961109,4200,0,0,60,0
1961110,4200,0,0,60,0
1961111,4221,0,0,50,0
1961112,4210,0,0,90,0
1961113,4222,0,0,80,0
1961114,4210,0,0,80,0
1961115,4210,0,0,60,0
1961116,4222,0,0,80,0
1961117,4222,0,0,80,0
1961118,4222,0,0,80,0
1961119,4222,0,0,80,0
1961120,4222,0,0,80,0
1961121,4210,0,0,60,0
1961122,4210,0,0,60,0
1961123,4222,0,0,80,0
1961124,4222,0,0,80,0
1961125,4210,0,0,60,0
1961126,4222,0,0,80,0
1961127,4222,0,0,80,0
1961128,4003,0,0,100,0
1961129,4226,0,0,70,0
1961130,4004,0,0,60,0
1961131,4004,0,0,60,0
1961132,4004,0,0,60,0
1961133,4004,0,0,60,0
1961134,4004,0,0,60,0
1961135,4004,0,0,60,0
1961136,4004,0,0,60,0
1961137,4004,0,0,60,0
1961138,4004,0,0,60,0
1961139,4004,0,0,60,0
1961140,4004,0,0,60,0
1961141,4004,0,0,60,0
1961142,4004,0,0,60,0
1961143,4004,0,0,60,0
1961144,4004,0,0,60,0
1961145,4004,0,0,60,0
1961146,4004,0,0,60,0
1961147,4004,0,0,100,0
1961148,4004,0,0,60,0
1961149,4004,0,0,60,0
1961150,4004,0,0,60,0
1961151,4004,0,0,60,0
1961152,4004,0,0,60,0
1961153,4004,0,0,60,0
1961154,4004,0,0,30,0
1961155,4004,0,0,60,0
1961156,4004,0,0,60,0
1961157,4004,0,0,60,0
1961158,4004,0,0,60,0
1961159,4004,0,0,60,0
1961160,4004,0,0,30,0
1961161,4004,0,0,60,0
1961162,4004,0,0,60,0
1961163,4004,0,0,60,0
1961164,4226,0,0,70,0
1961165,4004,0,0,60,0
1961166,4006,0,0,60,0
1961167,4006,0,0,30,0
1961168,4006,0,0,30,0
1961169,4006,0,0,30,0
1961170,4006,0,0,60,0
1961171,4006,0,0,30,0
1961172,4006,0,0,30,0
1961173,4006,0,0,30,0
1961174,4006,0,0,30,0
1961175,4006,0,0,60,0
1961176,4006,0,0,60,0
1961177,4006,0,0,60,0
1961178,4006,0,0,30,0
1961179,4006,0,0,60,0
1961180,4006,0,0,60,0
1961181,4006,1,1,10,1
1961182,4006,1,1,10,1
1961183,4006,0,0,100,0
1961184,4006,0,0,60,0
1961185,4006,0,0,30,0
1961186,4006,0,0,60,0
1961187,4006,0,1,30,0
1961188,4006,0,0,60,0
1961189,4006,1,1,10,1
1961190,4006,0,0,30,0
1961191,4006,0,0,60,0
1961192,4006,0,0,30,0
1961193,4006,0,0,30,0
1961194,4006,0,0,60,0
1961195,4006,1,1,10,1
1961196,4006,0,0,60,0
1961197,4006,0,0,60,0
1961198,4006,0,0,30,0
1961199,4006,0,0,30,0
1961200,4006,0,0,60,0
1961201,4006,0,0,30,0
1961202,4006,0,0,60,0
1961203,4006,0,0,30,0
1961204,4006,0,0,60,0
1961205,4006,0,0,30,0
1961206,4006,0,0,30,0
1961207,4006,0,0,30,0
1961208,4006,0,0,60,0
1961209,4006,0,0,60,0
1961210,4006,0,0,60,0
1961211,4006,0,0,30,0
1961212,4006,0,0,30,0
1961213,4006,0,0,60,0
1961214,4006,0,0,60,0
1961215,4006,0,0,60,0
1961216,4006,0,0,60,0
1961217,4006,0,0,30,0
1961218,4006,0,0,30,0
1961219,4006,0,0,30,0
1961220,4006,0,0,30,0
1961221,4006,0,0,60,0
1961222,4006,0,0,30,0
1961223,4006,0,0,30,0
1961224,4006,0,0,100,0
1961225,4006,0,0,30,0
1961226,4006,0,0,30,0
1961227,4006,0,0,30,0
1961228,4006,0,0,60,0
1961229,4006,0,0,60,0
1961230,4006,0,0,30,0
1961231,4006,0,0,30,0
1961232,4006,0,0,60,0
1961233,4006,0,0,60,0
1961234,4006,0,0,30,0
1961235,4006,0,0,60,0
1961236,4006,0,0,60,0
1961237,4006,0,0,30,0
1961238,4006,0,0,60,0
1961239,4006,0,0,60,0
1961240,4006,0,0,60,0
1961241,4006,0,0,30,0
1961242,4006,0,0,60,0
1961243,4006,0,0,60,0
1961244,4006,0,0,60,0
1961245,4006,0,0,30,0
1961246,4006,0,0,30,0
1961247,4015,1,1,10,1
1961248,4015,1,1,10,1
1961249,4015,1,1,10,1
1961250,4015,1,1,10,1
1961251,4015,1,1,10,1
1961252,4015,1,1,10,1
1961253,4015,1,1,10,1
1961254,4015,1,1,10,1
1961255,4015,1,1,10,1
1961256,4015,1,1,10,1
1961257,4025,1,1,10,1
1961258,4025,1,1,10,1
1961259,4025,1,1,10,1
1961260,4025,1,1,10,1
1961261,4025,0,0,40,0
1961262,4025,1,1,10,1
1961263,4025,1,1,10,1
1961264,4025,0,0,30,0
1961265,4025,1,1,10,1
1961266,4025,1,1,10,1
1961267,4025,1,1,10,1
1961268,4025,1,1,10,1
1961269,4025,1,1,10,1
1961270,4025,1,1,10,1
1961271,4025,1,1,10,1
1961272,4025,1,1,10,1
1961273,4025,1,1,10,1
1961274,4025,1,1,10,1
1961275,4025,1,1,10,1
1961276,4027,1,1,10,1
1961277,4027,1,1,10,1
1961278,4027,0,1,30,0
1961279,4027,1,1,10,1
1961280,4027,1,1,10,1
1961281,4027,1,1,10,1
1961282,4027,1,1,10,1
1961283,4027,1,1,10,1
1961284,4027,1,1,10,1
1961285,4027,1,1,10,1
1961286,4029,0,0,30,0
1961287,4029,0,0,100,0
1961288,4029,0,0,30,0
1961289,4029,0,0,60,0
1961290,4029,0,0,60,0
1961291,4029,0,0,60,0
1961292,4029,0,0,30,0
1961293,4029,0,0,30,0
1961294,4029,0,0,30,0
1961295,4029,0,0,30,0
1961296,4222,0,0,80,0
1961297,4029,0,0,30,0
1961298,4029,0,0,30,0
1961299,4029,0,0,30,0
1961300,4029,0,0,30,0
1961301,4029,0,0,30,0
1961302,4029,0,0,30,0
1961303,4029,0,0,30,0
1961304,4029,0,0,30,0
1961305,4029,0,0,30,0
1961306,4029,0,0,30,0
1961307,4029,0,0,30,0
1961308,4029,0,0,30,0
1961309,4029,0,0,30,0
1961310,4029,0,0,100,0
1961311,4029,0,0,30,0
1961312,4029,0,0,30,0
1961313,4029,0,0,60,0
1961314,4029,0,0,30,0
1961315,4029,0,0,30,0
1961316,4029,0,0,30,0
1961317,4226,0,0,70,0
1961318,4029,0,0,30,0
1961319,4029,0,0,30,0
1961320,4029,0,0,30,0
1961321,4029,0,0,60,0
1961322,4029,0,0,30,0
1961323,4029,0,0,30,0
1961324,4029,0,0,30,0
1961325,4029,0,0,30,0
1961326,4029,0,0,60,0
1961327,4029,0,0,30,0
1961328,4029,0,0,30,0
1961329,4029,0,0,30,0
1961330,4029,0,0,30,0
1961331,4029,0,0,60,0
1961332,4029,0,0,100,0
1961333,4029,0,0,30,0
1961334,4029,0,0,30,0
1961335,4029,0,0,30,0
1961336,4222,0,0,80,0
1961337,4029,0,0,30,0
1961338,4029,0,0,30,0
1961339,4029,0,0,30,0
1961340,4029,0,0,30,0
1961341,4029,0,0,60,0
1961342,4029,0,0,60,0
1961343,4029,0,0,100,0
1961344,4029,0,0,60,0
1961345,4226,0,0,70,0
1961346,4029,0,0,30,0
1961347,4029,0,0,30,0
1961348,4029,0,0,30,0
1961349,4029,0,0,30,0
1961350,4029,0,0,30,0
1961351,4226,0,0,70,0
1961352,4029,0,0,30,0
1961353,4029,0,0,30,0
1961354,4102,1,0,10,1
1961355,4103,1,0,10,1
1961356,4103,1,0,10,1
1961357,4103,1,1,10,1
1961358,4103,1,1,30,0
1961359,4103,1,0,10,1
1961360,4103,0,1,10,1
1961361,4221,0,0,50,0
1961362,4103,1,0,10,1
1961363,4104,0,0,60,0
1961364,4104,0,0,40,0
1961365,4104,0,0,40,0
1961366,4104,0,0,60,0
1961367,4104,0,0,60,0
1961368,4104,0,0,60,0
1961369,4104,0,0,60,0
1961370,4104,0,0,30,0
1961371,4104,0,0,60,0
1961372,4104,0,0,30,0
1961373,4104,0,0,60,0
1961374,4104,0,0,60,0
1961375,4104,0,0,60,0
1961376,4104,0,0,60,0
1961377,4104,0,0,60,0
1961378,4104,0,0,60,0
1961379,4104,0,0,60,0
1961380,4104,0,0,60,0
1961381,4104,0,0,60,0
1961382,4104,0,0,60,0
1961383,4104,0,0,30,0
1961384,4104,0,0,60,0
1961385,4104,0,0,40,0
1961386,4104,0,0,60,0
1961387,4104,0,0,60,0
1961388,4104,0,0,60,0
1961389,4104,0,0,60,0
1961390,4104,0,0,40,0
1961391,4104,0,0,60,0
1961392,4104,0,0,60,0
1961393,4104,0,0,40,0
1961394,4104,0,0,60,0
1961395,4104,0,0,60,0
1961396,4104,0,0,60,0
1961397,4104,0,0,40,0
1961398,4104,0,0,30,0
1961399,4104,0,0,60,0
1961400,4104,0,0,60,0
1961401,4104,0,0,60,0
1961402,4104,0,0,60,0
1961403,4104,0,0,60,0
1961404,4104,0,0,30,0
1961405,4104,0,0,20,0
1961406,4104,0,0,60,0
1961407,4104,0,0,60,0
1961408,4104,0,0,60,0
1961409,4104,0,0,60,0
1961410,4106,0,0,30,0
1961411,4106,0,0,30,0
1961412,4106,0,0,40,0
1961413,4106,0,0,40,0
1961414,4106,1,1,10,1
1961415,4106,1,1,10,1
1961416,4106,0,0,30,0
1961417,4106,0,0,30,0
1961418,4106,0,0,60,0
1961419,4106,0,1,30,0
1961420,4106,0,0,30,0
1961421,4106,0,1,10,1
1961422,4106,0,0,60,0
1961423,4224,0,0,30,0
1961424,4224,0,1,30,0
1961425,4106,0,0,30,0
1961426,4224,1,0,30,0
1961427,4106,0,0,30,0
1961428,4106,0,0,60,0
1961429,4106,0,0,30,0
1961430,4106,0,0,30,0
1961431,4106,0,0,60,0
1961432,4106,1,1,10,1
1961433,4106,0,0,30,0
1961434,4106,0,0,30,0
1961435,4106,1,1,10,1
1961436,4106,0,0,60,0
1961437,4106,0,0,30,0
1961438,4106,0,0,30,0
1961439,4106,1,1,10,1
1961440,4106,0,0,30,0
1961441,4106,0,0,30,0
1961442,4106,1,1,10,1
1961443,4106,0,0,30,0
1961444,4106,1,1,10,1
1961445,4106,0,0,30,0
1961446,4106,0,0,30,0
1961447,4106,0,0,30,0
1961448,4106,0,0,30,0
1961449,4106,0,0,30,0
1961450,4106,0,0,60,0
1961451,4106,0,0,30,0
1961452,4106,0,0,30,0
1961453,4106,0,0,30,0
1961454,4106,0,0,40,0
1961455,4106,0,0,30,0
1961456,4106,1,1,10,1
1961457,4106,0,0,30,0
1961458,4106,0,0,30,0
1961459,4106,0,0,60,0
1961460,4106,1,1,10,1
1961461,4106,0,0,60,0
1961462,4106,0,1,30,0
1961463,4106,0,0,40,0
1961464,4106,0,0,30,0
1961465,4114,1,1,10,1
1961466,4114,0,0,40,0
1961467,4114,1,1,10,1
1961468,4114,1,1,10,1
1961469,4114,1,1,10,1
1961470,4114,1,1,10,1
1961471,4114,0,0,80,0
1961472,4114,0,0,40,0
1961473,4114,1,1,10,1
1961474,4114,1,1,10,1
1961475,4114,1,1,10,1
1961476,4114,0,0,60,0
1961477,4114,0,0,40,0
1961478,4114,0,0,40,0
1961479,4114,1,1,10,1
1961480,4114,1,1,10,1
1961481,4114,0,0,50,0
1961482,4114,0,0,40,0
1961483,4114,1,1,10,1
1961484,4114,1,1,10,1
1961485,4114,0,0,40,0
1961486,4114,1,1,10,1
1961487,4114,0,1,10,1
1961488,4114,0,0,50,0
1961489,4114,1,1,10,1
1961490,4114,1,1,10,1
1961491,4114,1,1,10,1
1961492,4114,1,1,10,1
1961493,4114,1,1,10,1
1961494,4114,1,0,10,1
1961495,4114,1,1,60,0
1961496,4114,1,1,30,0
1961497,4114,0,0,40,0
1961498,4114,1,1,10,1
1961499,4114,1,1,10,1
1961500,4114,1,1,10,1
1961501,4114,1,1,10,1
1961502,4114,1,1,10,1
1961503,4114,0,0,10,1
1961504,4114,1,0,10,1
1961505,4114,0,0,10,1
1961506,4114,1,1,10,1
1961507,4114,1,1,10,1
1961508,4114,0,0,30,0
1961509,4114,1,1,10,1
1961510,4114,0,0,10,1
1961511,4114,1,1,10,1
1961512,4114,0,0,50,0
1961513,4114,1,1,10,1
1961514,4114,0,0,30,0
1961515,4114,0,0,40,0
1961516,4114,1,1,10,1
1961517,4114,1,1,30,0
1961518,4114,1,1,10,1
1961519,4114,0,0,40,0
1961520,4114,0,0,40,0
1961521,4114,1,1,10,1
1961522,4114,1,1,10,1
1961523,4114,0,0,10,1
1961524,4114,0,0,100,0
1961525,4114,0,0,60,0
1961526,4114,1,1,10,1
1961527,4221,0,0,40,0
1961528,4114,0,0,40,0
1961529,4114,1,1,10,1
1961530,4114,1,1,10,1
1961531,4114,1,1,10,1
1961532,4114,0,0,30,0
1961533,4114,1,1,10,1
1961534,4114,1,1,10,1
1961535,4114,0,1,10,1
1961536,4114,1,1,10,1
1961537,4114,1,1,10,1
1961538,4114,0,0,40,0
1961539,4114,0,0,30,0
1961540,4114,0,1,10,1
1961541,4221,0,0,60,0
1961542,4114,1,1,10,1
1961543,4114,1,1,10,1
1961544,4114,0,1,10,1
1961545,4114,1,1,10,1
1961546,4114,0,0,40,0
1961547,4114,1,1,10,1
1961548,4114,1,1,10,1
1961549,4114,1,1,10,1
1961550,4114,0,0,30,0
1961551,4114,1,1,10,1
1961552,4114,1,1,10,1
1961553,4114,0,0,40,0
1961554,4114,0,1,10,1
1961555,4114,1,1,10,1
1961556,4114,0,1,10,1
1961557,4114,0,0,60,0
1961558,4114,1,1,10,1
1961559,4114,1,1,10,1
1961560,4114,0,0,30,0
1961561,4114,0,0,40,0
1961562,4114,1,1,10,1
1961563,4114,1,1,10,1
1961564,4114,0,0,40,0
1961565,4114,1,1,10,1
1961566,4114,0,0,10,1
1961567,4114,1,1,10,1
1961568,4114,1,1,10,1
1961569,4114,0,0,60,0
1961570,4114,1,1,10,1
1961571,4114,1,1,10,1
1961572,4114,1,1,10,1
1961573,4114,0,1,10,1
1961574,4114,1,1,10,1
1961575,4114,1,1,10,1
1961576,4114,0,0,40,0
1961577,4114,1,1,10,1
1961578,4114,0,1,10,1
1961579,4114,0,0,30,0
1961580,4114,0,0,60,0
1961581,4114,1,1,10,1
1961582,4114,1,1,10,1
1961583,4114,1,1,10,1
1961584,4114,1,1,10,1
1961585,4114,1,1,10,1
1961586,4114,1,1,10,1
1961587,4114,1,1,10,1
1961588,4114,0,0,40,0
1961589,4114,0,0,10,1
1961590,4114,1,1,10,1
1961591,4114,1,1,10,1
1961592,4114,1,1,10,1
1961593,4114,0,0,40,0
1961594,4114,1,1,10,1
1961595,4114,0,0,40,0
1961596,4114,0,0,40,0
1961597,4114,1,1,10,1
1961598,4114,1,1,10,1
1961599,4114,0,0,60,0
1961600,4114,0,0,40,0
1961601,4114,1,1,10,1
1961602,4114,0,0,40,0
1961603,4114,1,1,10,1
1961604,4114,1,1,10,1
1961605,4114,1,1,10,1
1961606,4114,1,1,10,1
1961607,4114,1,1,10,1
1961608,4114,0,0,40,0
1961609,4114,1,1,10,1
1961610,4114,0,0,10,1
1961611,4114,1,1,10,1
1961612,4114,0,0,40,0
1961613,4114,1,1,10,1
1961614,4114,0,1,10,1
1961615,4114,1,0,10,1
1961616,4114,0,0,40,0
1961617,4114,0,0,40,0
1961618,4114,1,1,10,1
1961619,4114,0,0,40,0
1961620,4114,1,1,10,1
1961621,4114,1,1,10,1
1961622,4114,0,0,60,0
1961623,4114,0,0,40,0
1961624,4114,0,0,30,0
1961625,4114,0,0,10,1
1961626,4114,1,1,10,1
1961627,4114,1,1,10,1
1961628,4114,0,0,40,0
1961629,4114,1,1,10,1
1961630,4114,1,1,10,1
1961631,4114,0,0,50,0
1961632,4224,0,0,30,0
1961633,4114,0,1,10,1
1961634,4114,1,1,10,1
1961635,4114,0,0,40,0
1961636,4114,0,0,50,0
1961637,4114,0,1,10,1
1961638,4114,1,1,10,1
1961639,4114,0,0,50,0
1961640,4114,0,1,10,1
1961641,4114,1,1,10,1
1961642,4114,1,1,10,1
1961643,4114,0,0,40,0
1961644,4114,1,1,10,1
1961645,4221,0,0,50,0
1961646,4114,0,0,30,0
1961647,4114,1,1,10,1
1961648,4114,1,1,10,1
1961649,4114,1,0,40,0
1961650,4114,1,1,10,1
1961651,4114,1,1,10,1
1961652,4114,1,1,10,1
1961653,4114,0,0,30,0
1961654,4114,1,1,10,1
1961655,4114,1,1,10,1
1961656,4114,1,1,10,1
1961657,4114,0,0,40,0
1961658,4114,0,0,50,0
1961659,4114,1,1,10,1
1961660,4114,0,0,40,0
1961661,4114,0,1,10,1
1961662,4114,1,1,10,1
1961663,4114,0,1,10,1
1961664,4224,0,0,30,0
1961665,4114,1,1,10,1
1961666,4114,1,1,10,1
1961667,4114,1,1,10,1
1961668,4114,0,1,10,1
1961669,4114,0,0,40,0
1961670,4114,1,1,10,1
1961671,4114,0,1,10,1
1961672,4114,1,1,10,1
1961673,4114,1,1,10,1
1961674,4114,1,1,10,1
1961675,4114,1,1,10,1
1961676,4114,1,1,10,1
1961677,4114,0,0,40,0
1961678,4114,1,1,10,1
1961679,4114,1,1,10,1
1961680,4114,1,1,10,1
1961681,4114,0,0,30,0
1961682,4114,1,1,10,1
1961683,4114,0,0,40,0
1961684,4114,0,0,60,0
1961685,4114,1,1,10,1
1961686,4114,1,0,10,1
1961687,4114,0,0,60,0
1961688,4114,1,1,10,1
1961689,4114,0,0,50,0
1961690,4114,0,0,100,0
1961691,4114,1,1,10,1
1961692,4114,1,1,10,1
1961693,4114,1,1,10,1
1961694,4114,0,0,40,0
1961695,4114,1,1,10,1
1961696,4114,0,0,80,0
1961697,4114,1,1,10,1
1961698,4114,0,0,40,0
1961699,4114,0,0,40,0
1961700,4114,1,1,10,1
1961701,4114,1,1,10,1
1961702,4114,1,1,10,1
1961703,4114,1,1,10,1
1961704,4114,0,0,40,0
1961705,4114,1,1,10,1
1961706,4114,1,1,10,1
1961707,4114,1,1,10,1
1961708,4114,1,1,10,1
1961709,4221,0,0,50,0
1961710,4114,1,1,10,1
1961711,4125,1,1,10,1
1961712,4125,1,1,10,1
1961713,4125,0,0,40,0
1961714,4125,1,0,20,0
1961715,4125,0,0,40,0
1961716,4125,1,1,10,1
1961717,4125,1,1,30,0
1961718,4125,0,0,40,0
1961719,4125,1,1,10,1
1961720,4125,0,0,30,0
1961721,4125,1,1,30,0
1961722,4221,0,0,60,0
1961723,4125,0,0,40,0
1961724,4125,1,1,10,1
1961725,4125,1,0,40,0
1961726,4125,0,0,40,0
1961727,4125,0,0,40,0
1961728,4125,0,0,40,0
1961729,4125,1,1,10,1
1961730,4125,0,0,40,0
1961731,4125,0,0,40,0
1961732,4125,0,0,30,0
1961733,4125,0,0,40,0
1961734,4125,0,0,40,0
1961735,4125,1,1,10,1
1961736,4125,1,1,10,1
1961737,4125,1,1,10,1
1961738,4125,1,0,10,1
1961739,4125,0,0,10,1
1961740,4125,0,0,40,0
1961741,4125,0,0,60,0
1961742,4125,0,0,40,0
1961743,4125,0,0,40,0
1961744,4125,0,0,40,0
1961745,4125,0,0,40,0
1961746,4125,1,1,10,1
1961747,4125,0,1,10,1
1961748,4125,1,1,10,1
1961749,4125,1,1,10,1
1961750,4125,0,0,40,0
1961751,4125,0,0,40,0
1961752,4125,0,1,10,1
1961753,4125,1,1,10,1
1961754,4125,0,0,10,1
1961755,4125,0,0,40,0
1961756,4125,1,1,10,1
1961757,4125,0,0,50,0
1961758,4125,0,0,80,0
1961759,4125,1,1,10,1
1961760,4125,0,0,40,0
1961761,4125,0,0,40,0
1961762,4125,0,0,40,0
1961763,4125,1,1,10,1
1961764,4125,1,1,10,1
1961765,4125,0,0,40,0
1961766,4125,1,1,10,1
1961767,4125,0,0,40,0
1961768,4125,0,0,40,0
1961769,4125,0,0,40,0
1961770,4125,1,1,10,1
1961771,4125,1,1,10,1
1961772,4125,0,0,40,0
1961773,4125,1,1,10,1
1961774,4125,0,0,40,0
1961775,4125,0,0,40,0
1961776,4125,0,0,30,0
1961777,4125,1,1,10,1
1961778,4221,0,0,50,0
1961779,4125,1,1,10,1
1961780,4125,0,0,40,0
1961781,4125,0,0,30,0
1961782,4125,0,0,40,0
1961783,4125,1,1,10,1
1961784,4125,0,0,40,0
1961785,4125,1,1,10,1
1961786,4125,1,0,10,1
1961787,4125,0,0,60,0
1961788,4125,0,0,40,0
1961789,4125,0,0,30,0
1961790,4125,0,0,40,0
1961791,4125,1,1,10,1
1961792,4125,0,0,40,0
1961793,4125,1,1,10,1
1961794,4125,0,0,40,0
1961795,4125,0,0,40,0
1961796,4125,1,1,10,1
1961797,4125,1,1,10,1
1961798,4125,1,1,10,1
1961799,4125,0,0,40,0
1961800,4125,0,0,40,0
1961801,4125,1,1,10,1
1961802,4125,0,0,40,0
1961803,4125,0,0,30,0
1961804,4125,0,1,30,0
1961805,4125,0,0,40,0
1961806,4125,0,0,40,0
1961807,4125,0,0,40,0
1961808,4125,1,1,10,1
1961809,4125,1,1,10,1
1961810,4125,0,0,30,0
1961811,4125,0,0,40,0
1961812,4125,1,1,10,1
1961813,4125,1,1,10,1
1961814,4125,0,0,60,0
1961815,4125,0,0,40,0
1961816,4125,0,0,60,0
1961817,4125,0,0,40,0
1961818,4125,0,0,40,0
1961819,4125,1,1,10,1
1961820,4125,0,1,10,1
1961821,4125,1,1,10,1
1961822,4125,1,1,10,1
1961823,4125,1,1,10,1
1961824,4125,0,0,30,0
1961825,4125,1,1,10,1
1961826,4125,1,1,10,1
1961827,4125,1,1,10,1
1961828,4125,0,0,40,0
1961829,4125,1,1,10,1
1961830,4125,0,0,40,0
1961831,4125,1,1,10,1
1961832,4125,1,1,10,1
1961833,4125,0,0,40,0
1961834,4125,0,0,40,0
1961835,4125,0,0,30,0
1961836,4125,0,0,40,0
1961837,4125,1,1,10,1
1961838,4125,0,0,40,0
1961839,4125,0,0,40,0
1961840,4125,0,0,40,0
1961841,4125,0,0,40,0
1961842,4125,0,0,60,0
1961843,4125,0,0,40,0
1961844,4125,1,1,10,1
1961845,4125,0,1,30,0
1961846,4125,0,0,40,0
1961847,4125,1,1,10,1
1961848,4125,1,1,30,0
1961849,4125,1,0,10,1
1961850,4125,1,1,10,1
1961851,4125,1,1,10,1
1961852,4125,1,1,10,1
1961853,4125,1,1,10,1
1961854,4125,0,1,10,1
1961855,4125,0,0,40,0
1961856,4125,0,0,30,0
1961857,4125,0,0,40,0
1961858,4125,0,0,40,0
1961859,4125,0,0,40,0
1961860,4125,1,1,10,1
1961861,4125,0,0,40,0
1961862,4125,0,0,40,0
1961863,4125,1,1,10,1
1961864,4125,1,1,10,1
1961865,4125,1,1,10,1
1961866,4125,1,1,10,1
1961867,4200,0,0,50,0
1961868,4200,0,0,30,0
1961869,4200,0,0,40,0
1961870,4224,0,0,80,0
1961871,4221,0,0,40,0
1961872,4200,1,1,10,1
1961873,4221,0,0,60,0
1961874,4200,0,0,60,0
1961875,4221,0,0,50,0
1961876,4200,0,1,30,0
1961877,4200,1,1,10,1
1961878,4221,0,0,10,1
1961879,4221,0,0,50,0
1961880,4224,0,0,30,0
1961881,4200,0,0,90,0
1961882,4200,0,0,40,0
1961883,4221,0,0,50,0
1961884,4221,0,0,10,1
1961885,4200,1,0,10,1
1961886,4200,0,0,60,0
1961887,4200,1,1,10,1
1961888,4221,0,0,50,0
1961889,4221,0,0,50,0
1961890,4200,0,0,50,0
1961891,4200,1,1,10,1
1961892,4200,0,0,60,0
1961893,4221,0,0,10,1
1961894,4221,0,0,10,1
1961895,4200,0,0,40,0
1961896,4200,1,0,10,1
1961897,4200,0,0,50,0
1961898,4200,1,1,10,1
1961899,4221,0,0,40,0
1961900,4200,0,0,40,0
1961901,4200,0,0,60,0
1961902,4221,0,0,50,0
1961903,4200,1,1,10,1
1961904,4200,0,0,30,0
1961905,4200,0,0,40,0
1961906,4200,1,1,10,1
1961907,4200,0,0,50,0
1961908,4221,0,0,50,0
1961909,4221,0,0,50,0
1961910,4200,1,0,10,1
1961911,4200,1,1,10,1
1961912,4221,0,0,40,0
1961913,4210,1,1,10,1
1961914,4223,0,0,40,0
1961915,4226,0,0,70,0
1961916,4210,1,1,10,1
1961917,4222,0,0,80,0
1961918,4210,0,0,40,0
1961919,4210,0,0,80,0
1961920,4210,1,1,10,1
1961921,4222,0,0,80,0
1961922,4222,0,0,80,0
1961923,4210,1,1,10,1
1961924,4210,0,0,40,0
1961925,4222,0,0,80,0
1961926,4222,0,0,80,0
1961927,4224,0,0,50,0
1961928,4222,0,0,90,0
1961929,4222,0,0,80,0
1961930,4221,0,0,50,0
1961931,4210,1,0,10,1
1961932,4222,0,0,80,0
1961933,6004,0,0,30,0
1961934,6004,0,0,30,0
1961935,6004,0,0,30,0
1961936,6004,0,0,30,0
1961937,6004,0,0,20,0
1961938,6004,0,0,20,0
1961939,6224,0,0,30,0
1961940,6004,0,0,20,0
1961941,6222,0,0,60,0
1961942,6004,0,0,30,0
1961943,6004,0,0,30,0
1961944,6004,0,0,30,0
1961945,6004,0,0,30,0
1961946,6004,0,0,60,0
1961947,6004,0,0,60,0
1961948,6004,0,0,60,0
1961949,6004,0,0,30,0
1961950,6004,0,0,30,0
1961951,6004,0,0,30,0
1961952,6004,0,0,30,0
1961953,6004,0,0,30,0
1961954,6004,0,0,30,0
1961955,6224,0,0,60,0
1961956,6004,0,0,60,0
1961957,6004,0,0,30,0
1961958,6004,0,0,30,0
1961959,6004,0,0,30,0
1961960,6004,0,0,30,0
1961961,6224,0,0,60,0
1961962,6004,0,0,30,0
1961963,6004,0,0,30,0
1961964,6004,0,0,60,0
1961965,6004,0,0,60,0
1961966,6004,0,0,60,0
1961967,6004,0,0,20,0
1961968,6004,0,0,60,0
1961969,6004,0,0,20,0
1961970,6004,0,0,60,0
1961971,6004,0,0,30,0
1961972,6004,0,0,30,0
1961973,6223,0,0,90,0
1961974,6004,0,0,30,0
1961975,6004,0,0,20,0
1961976,6004,0,0,30,0
1961977,6004,0,0,60,0
1961978,6004,0,0,60,0
1961979,6004,0,0,30,0
1961980,6004,0,0,20,0
1961981,6004,0,0,30,0
1961982,6004,0,0,60,0
1961983,6004,0,0,30,0
1961984,6004,0,0,30,0
1961985,6004,0,0,30,0
1961986,6004,0,0,30,0
1961987,6004,0,0,30,0
1961988,6004,0,0,30,0
1961989,6004,0,0,30,0
1961990,6004,0,0,30,0
1961991,6006,0,0,30,0
1961992,6006,0,0,40,0
1961993,6006,0,0,30,0
1961994,6006,0,0,30,0
1961995,6006,0,0,30,0
1961996,6006,0,0,30,0
1961997,6006,0,0,30,0
1961998,6223,0,0,90,0
1961999,6006,0,0,30,0
1962000,6006,0,0,30,0
1962001,6222,0,0,60,0
1962002,6006,0,0,20,0
1962003,6006,0,0,30,0
1962004,6006,0,0,30,0
1962005,6006,0,0,30,0
1962006,6006,0,0,30,0
1962007,6006,0,0,30,0
1962008,6006,0,0,30,0
1962009,6224,0,0,20,0
1962010,6006,0,0,30,0
1962011,6006,0,0,30,0
1962012,6006,0,0,30,0
1962013,6006,0,0,30,0
1962014,6006,0,0,30,0
1962015,6006,0,0,30,0
1962016,6006,0,0,60,0
1962017,6006,0,0,30,0
1962018,6006,0,0,30,0
1962019,6006,0,0,30,0
1962020,6006,0,0,30,0
1962021,6006,0,0,30,0
1962022,6006,0,0,30,0
1962023,6006,0,0,30,0
1962024,6006,0,0,30,0
1962025,6006,0,0,30,0
1962026,6006,0,0,30,0
1962027,6006,0,0,30,0
1962028,6006,0,0,30,0
1962029,6006,0,0,30,0
1962030,6006,0,0,30,0
1962031,6006,0,0,30,0
1962032,6006,0,0,30,0
1962033,6006,0,0,30,0
1962034,6006,0,0,30,0
1962035,6006,0,0,30,0
1962036,6224,0,0,20,0
1962037,6006,0,0,30,0
1962038,6006,0,0,80,0
1962039,6006,0,0,30,0
1962040,6006,0,0,30,0
1962041,6006,0,0,30,0
1962042,6224,0,0,20,0
1962043,6006,0,0,30,0
1962044,6006,0,0,60,0
1962045,6006,0,0,30,0
1962046,6006,0,0,30,0
1962047,6006,0,0,30,0
1962048,6006,0,0,30,0
1962049,6006,0,0,30,0
1962050,6006,0,0,30,0
1962051,6006,0,0,30,0
1962052,6006,0,0,30,0
1962053,6006,0,0,30,0
1962054,6006,0,0,30,0
1962055,6006,0,0,30,0
1962056,6006,0,0,30,0
1962057,6006,0,0,30,0
1962058,6006,0,0,30,0
1962059,6006,0,0,30,0
1962060,6006,0,0,30,0
1962061,6006,0,0,30,0
1962062,6006,0,0,30,0
1962063,6006,0,0,30,0
1962064,6006,0,0,30,0
1962065,6006,0,0,30,0
1962066,6006,0,0,30,0
1962067,6006,0,0,30,0
1962068,6006,0,0,30,0
1962069,6006,0,0,30,0
1962070,6006,0,0,30,0
1962071,6006,0,0,30,0
1962072,6006,0,0,30,0
1962073,6006,0,0,30,0
1962074,6006,0,0,60,0
1962075,6006,0,0,30,0
1962076,6006,0,0,30,0
1962077,6006,0,0,30,0
1962078,6006,0,0,30,0
1962079,6006,0,0,30,0
1962080,6006,0,0,30,0
1962081,6006,0,0,30,0
1962082,6006,0,0,30,0
1962083,6006,0,0,30,0
1962084,6006,0,0,30,0
1962085,6006,0,0,30,0
1962086,6006,0,0,30,0
1962087,6224,0,0,20,0
1962088,6006,0,0,30,0
1962089,6006,0,0,30,0
1962090,6006,0,0,30,0
1962091,6006,0,0,30,0
1962092,6006,0,0,30,0
1962093,6006,0,0,30,0
1962094,6224,0,0,60,0
1962095,6006,0,0,60,0
1962096,6006,0,0,30,0
1962097,6006,0,0,30,0
1962098,6006,0,0,30,0
1962099,6006,0,0,30,0
1962100,6006,0,0,20,0
1962101,6006,0,0,30,0
1962102,6006,0,0,30,0
1962103,6006,0,0,40,0
1962104,6006,0,0,30,0
1962105,6006,0,0,30,0
1962106,6006,0,0,30,0
1962107,6006,0,0,30,0
1962108,6006,0,0,30,0
1962109,6006,0,0,30,0
1962110,6006,0,0,30,0
1962111,6006,0,0,30,0
1962112,6006,0,0,20,0
1962113,6006,0,0,30,0
1962114,6006,0,0,30,0
1962115,6006,0,0,30,0
1962116,6006,0,0,30,0
1962117,6006,0,0,30,0
1962118,6006,0,0,30,0
1962119,6006,0,0,30,0
1962120,6006,0,0,30,0
1962121,6006,0,0,30,0
1962122,6006,0,0,30,0
1962123,6006,0,0,90,0
1962124,6006,0,0,30,0
1962125,6006,0,0,30,0
1962126,6006,0,0,30,0
1962127,6006,0,0,30,0
1962128,6006,0,0,30,0
1962129,6025,0,0,30,0
1962130,6025,0,0,30,0
1962131,6025,0,0,30,0
1962132,6025,0,0,30,0
1962133,6025,0,0,40,0
1962134,6025,0,0,30,0
1962135,6025,0,0,30,0
1962136,6025,0,0,30,0
1962137,6025,0,0,40,0
1962138,6025,0,0,30,0
1962139,6025,0,0,30,0
1962140,6025,0,0,30,0
1962141,6025,0,0,30,0
1962142,6025,0,0,30,0
1962143,6025,0,0,40,0
1962144,6025,0,0,40,0
1962145,6025,0,0,30,0
1962146,6025,0,0,30,0
1962147,6025,0,0,30,0
1962148,6025,1,0,30,0
1962149,6025,0,0,30,0
1962150,6025,0,0,30,0
1962151,6025,0,0,30,0
1962152,6025,0,0,30,0
1962153,6025,0,0,30,0
1962154,6025,0,0,30,0
1962155,6025,0,0,30,0
1962156,6025,0,0,30,0
1962157,6025,0,0,30,0
1962158,6025,0,0,30,0
1962159,6025,0,0,30,0
1962160,6025,0,0,30,0
1962161,6025,0,0,30,0
1962162,6025,0,0,40,0
1962163,6025,0,0,30,0
1962164,6025,0,0,30,0
1962165,6025,0,0,30,0
1962166,6025,0,0,30,0
1962167,6025,0,0,30,0
1962168,6025,0,0,30,0
1962169,6025,0,0,40,0
1962170,6025,0,0,30,0
1962171,6025,0,0,30,0
1962172,6025,0,0,40,0
1962173,6025,0,0,40,0
1962174,6025,0,0,30,0
1962175,6025,0,0,30,0
1962176,6025,0,0,30,0
1962177,6025,0,0,30,0
1962178,6025,0,0,30,0
1962179,6025,0,0,30,0
1962180,6025,0,0,30,0
1962181,6025,0,0,30,0
1962182,6025,0,0,30,0
1962183,6025,0,0,30,0
1962184,6025,0,0,40,0
1962185,6025,0,0,30,0
1962186,6025,0,0,30,0
1962187,6025,0,0,40,0
1962188,6025,0,0,40,0
1962189,6025,0,0,30,0
1962190,6025,0,0,30,0
1962191,6025,0,0,30,0
1962192,6025,0,0,30,0
1962193,6025,0,0,30,0
1962194,6025,0,0,30,0
1962195,6025,0,0,30,0
1962196,6025,0,0,30,0
1962197,6025,0,0,30,0
1962198,6025,0,0,30,0
1962199,6025,0,0,30,0
1962200,6025,0,0,30,0
1962201,6025,0,0,30,0
1962202,6025,0,0,30,0
1962203,6025,0,0,40,0
1962204,6025,0,0,30,0
1962205,6025,0,0,30,0
1962206,6025,0,0,40,0
1962207,6025,0,0,40,0
1962208,6025,0,0,40,0
1962209,6025,0,0,30,0
1962210,6025,0,0,30,0
1962211,6025,0,0,30,0
1962212,6025,0,0,30,0
1962213,6025,0,0,30,0
1962214,6025,1,1,10,1
1962215,6025,0,0,30,0
1962216,6025,0,0,30,0
1962217,6025,0,0,30,0
1962218,6025,0,0,30,0
1962219,6025,0,0,40,0
1962220,6025,0,0,30,0
1962221,6025,0,0,30,0
1962222,6025,0,0,40,0
1962223,6025,0,0,30,0
1962224,6025,0,0,30,0
1962225,6025,0,0,30,0
1962226,6025,0,0,30,0
1962227,6025,0,0,30,0
1962228,6104,0,0,30,0
1962229,6104,0,0,30,0
1962230,6104,0,0,30,0
1962231,6104,0,0,30,0
1962232,6104,0,0,30,0
1962233,6104,0,0,30,0
1962234,6104,0,0,30,0
1962235,6104,0,0,30,0
1962236,6104,0,0,60,0
1962237,6104,0,0,30,0
1962238,6104,0,0,30,0
1962239,6104,0,0,40,0
1962240,6104,0,0,30,0
1962241,6104,0,0,30,0
1962242,6104,0,0,30,0
1962243,6104,0,0,30,0
1962244,6104,0,0,30,0
1962245,6104,0,0,30,0
1962246,6104,0,0,30,0
1962247,6104,0,0,30,0
1962248,6104,0,0,30,0
1962249,6104,0,0,30,0
1962250,6104,0,0,30,0
1962251,6104,0,0,30,0
1962252,6104,0,0,30,0
1962253,6104,0,0,40,0
1962254,6104,0,0,30,0
1962255,6104,0,0,30,0
1962256,6104,0,0,30,0
1962257,6104,0,0,30,0
1962258,6104,0,0,30,0
1962259,6104,0,0,40,0
1962260,6104,0,0,30,0
1962261,6104,0,0,30,0
1962262,6104,0,0,30,0
1962263,6104,0,0,30,0
1962264,6104,0,0,30,0
1962265,6104,1,0,30,0
1962266,6104,0,0,30,0
1962267,6104,0,0,30,0
1962268,6104,0,0,30,0
1962269,6104,0,0,30,0
1962270,6104,0,0,30,0
1962271,6104,0,0,40,0
1962272,6104,0,0,30,0
1962273,6104,0,0,30,0
1962274,6104,0,0,30,0
1962275,6104,0,0,30,0
1962276,6104,0,0,30,0
1962277,6104,0,0,30,0
1962278,6104,0,0,30,0
1962279,6104,0,0,30,0
1962280,6104,0,0,60,0
1962281,6104,0,0,30,0
1962282,6104,0,0,60,0
1962283,6104,0,0,30,0
1962284,6104,0,0,30,0
1962285,6104,0,0,30,0
1962286,6104,0,0,40,0
1962287,6104,0,0,30,0
1962288,6104,0,0,30,0
1962289,6104,0,0,30,0
1962290,6104,0,0,30,0
1962291,6221,0,0,50,0
1962292,6104,0,0,30,0
1962293,6104,0,0,30,0
1962294,6106,0,0,60,0
1962295,6106,0,0,40,0
1962296,6106,0,0,30,0
1962297,6106,0,0,40,0
1962298,6106,0,0,30,0
1962299,6106,0,0,30,0
1962300,6106,0,0,30,0
1962301,6106,0,0,30,0
1962302,6106,0,0,30,0
1962303,6106,0,0,30,0
1962304,6106,0,0,30,0
1962305,6106,0,0,40,0
1962306,6106,0,0,30,0
1962307,6106,0,0,30,0
1962308,6106,0,1,30,0
1962309,6106,0,0,30,0
1962310,6106,0,0,30,0
1962311,6106,0,0,30,0
1962312,6106,0,0,30,0
1962313,6106,0,0,30,0
1962314,6106,0,0,30,0
1962315,6106,0,0,30,0
1962316,6106,0,0,30,0
1962317,6106,0,0,30,0
1962318,6106,0,0,40,0
1962319,6106,0,0,30,0
1962320,6106,0,0,30,0
1962321,6106,0,0,30,0
1962322,6106,0,0,30,0
1962323,6106,0,0,30,0
1962324,6226,0,0,70,0
1962325,6106,0,0,30,0
1962326,6106,0,0,30,0
1962327,6223,0,0,20,0
1962328,6106,0,0,60,0
1962329,6106,0,0,30,0
1962330,6106,0,0,30,0
1962331,6106,0,0,40,0
1962332,6106,0,0,30,0
1962333,6106,0,0,30,0
1962334,6106,0,0,30,0
1962335,6106,0,0,30,0
1962336,6106,0,0,30,0
1962337,6106,0,0,30,0
1962338,6106,0,0,30,0
1962339,6106,0,0,40,0
1962340,6106,0,0,40,0
1962341,6106,0,0,30,0
1962342,6106,0,0,30,0
1962343,6106,0,0,30,0
1962344,6106,0,0,40,0
1962345,6106,0,0,40,0
1962346,6106,0,0,30,0
1962347,6106,0,0,30,0
1962348,6106,0,0,40,0
1962349,6221,0,0,50,0
1962350,6106,0,0,30,0
1962351,6106,0,0,30,0
1962352,6106,0,0,30,0
1962353,6106,0,0,30,0
1962354,6106,0,0,30,0
1962355,6106,0,0,60,0
1962356,6106,0,0,30,0
1962357,6106,0,0,30,0
1962358,6106,0,0,40,0
1962359,6106,0,0,40,0
1962360,6106,0,1,30,0
1962361,6106,0,0,30,0
1962362,6106,0,0,30,0
1962363,6106,0,0,30,0
1962364,6106,0,0,30,0
1962365,6106,0,0,30,0
1962366,6106,0,0,40,0
1962367,6106,1,1,30,0
1962368,6106,0,0,30,0
1962369,6106,0,0,30,0
1962370,6106,0,0,60,0
1962371,6106,0,0,30,0
1962372,6106,0,0,30,0
1962373,6106,0,0,30,0
1962374,6106,0,0,100,0
1962375,6106,0,0,30,0
1962376,6125,0,0,40,0
1962377,6125,0,0,40,0
1962378,6125,0,0,40,0
1962379,6125,0,0,30,0
1962380,6125,0,0,40,0
1962381,6125,0,0,40,0
1962382,6125,0,0,30,0
1962383,6125,0,0,30,0
1962384,6125,0,0,30,0
1962385,6125,0,0,40,0
1962386,6125,0,0,40,0
1962387,6125,0,0,40,0
1962388,6125,0,0,40,0
1962389,6125,0,0,30,0
1962390,6125,0,0,40,0
1962391,6125,0,0,30,0
1962392,6125,0,0,30,0
1962393,6125,0,0,90,0
1962394,6125,0,0,30,0
1962395,6125,0,0,40,0
1962396,6125,0,0,40,0
1962397,6125,0,0,40,0
1962398,6125,0,0,40,0
1962399,6125,0,0,40,0
1962400,6125,0,0,40,0
1962401,6125,0,0,30,0
1962402,6125,0,0,40,0
1962403,6125,0,0,30,0
1962404,6125,0,0,30,0
1962405,6125,0,0,40,0
1962406,6125,0,1,10,1
1962407,6125,0,1,10,1
1962408,6221,0,0,50,0
1962409,6200,0,0,50,0
1962410,6221,0,0,30,0
1962411,6221,0,0,50,0
1962412,6200,0,0,30,0
1962413,6221,0,0,50,0
1962414,6221,0,0,50,0
1962415,6200,0,0,60,0
1962416,6200,0,0,50,0
1962417,6221,0,0,50,0
1962418,6210,0,0,90,0
1962419,6222,0,0,80,0
1962420,6222,0,0,80,0
1962421,6210,0,0,60,0
1962422,6222,0,0,80,0
1962423,6222,0,0,80,0
1962424,6222,0,0,80,0
1962425,6210,0,0,30,0
1962426,6210,0,0,60,0
1962427,6222,0,0,80,0
1962428,6222,0,0,80,0
1962429,6222,0,0,80,0
1962430,6222,0,0,80,0
1962431,6222,0,0,80,0
1962432,6222,0,0,80,0
1962433,6210,0,0,60,0
1962434,6222,0,0,80,0
1962435,6210,0,0,30,0
1962436,6222,0,0,80,0
1962437,7001,1,1,10,1
1962438,7001,1,1,10,1
1962439,7001,1,1,10,1
1962440,7001,0,1,10,1
1962441,7001,1,1,10,1
1962442,7001,1,1,10,1
1962443,7001,1,1,10,1
1962444,7001,1,1,10,1
1962445,7001,1,1,10,1
1962446,7001,1,1,10,1
1962447,7222,0,0,80,0
1962448,7001,1,1,10,1
1962449,7001,1,1,10,1
1962450,7001,1,1,10,1
1962451,7001,1,0,10,1
1962452,7001,1,1,10,1
1962453,7001,0,0,30,0
1962454,7001,1,1,10,1
1962455,7001,1,1,10,1
1962456,7001,1,1,10,1
1962457,7001,1,1,10,1
1962458,7001,1,1,10,1
1962459,7001,1,1,10,1
1962460,7001,1,1,10,1
1962461,7001,1,1,10,1
1962462,7001,1,1,10,1
1962463,7001,1,1,10,1
1962464,7001,1,1,10,1
1962465,7001,1,1,10,1
1962466,7001,1,1,10,1
1962467,7001,0,1,10,1
1962468,7001,1,1,10,1
1962469,7001,1,1,10,1
1962470,7001,0,0,60,0
1962471,7001,0,0,10,1
1962472,7222,0,0,80,0
1962473,7001,1,1,10,1
1962474,7001,1,1,10,1
1962475,7001,1,0,10,1
1962476,7001,1,1,10,1
1962477,7001,1,1,10,1
1962478,7001,1,1,10,1
1962479,7001,1,1,10,1
1962480,7001,1,1,10,1
1962481,7001,1,1,10,1
1962482,7001,1,1,10,1
1962483,7001,1,1,10,1
1962484,7001,1,1,10,1
1962485,7001,1,1,10,1
1962486,7001,1,1,10,1
1962487,7001,1,1,10,1
1962488,7001,0,0,10,1
1962489,7001,1,1,10,1
1962490,7001,1,1,10,1
1962491,7001,0,0,30,0
1962492,7015,1,1,10,1
1962493,7015,1,1,10,1
1962494,7015,1,1,10,1
1962495,7015,0,0,30,0
1962496,7015,0,0,30,0
1962497,7015,1,1,10,1
1962498,7015,0,1,30,0
1962499,7015,1,1,10,1
1962500,7015,0,0,30,0
1962501,7015,1,1,10,1
1962502,7015,0,0,30,0
1962503,7015,0,0,30,0
1962504,7015,1,1,10,1
1962505,7015,0,0,60,0
1962506,7015,0,0,30,0
1962507,7015,0,0,30,0
1962508,7015,0,0,30,0
1962509,7015,0,0,30,0
1962510,7015,0,0,30,0
1962511,7015,1,1,10,1
1962512,7015,1,1,10,1
1962513,7015,1,1,10,1
1962514,7015,1,1,10,1
1962515,7015,0,0,30,0
1962516,7015,1,1,10,1
1962517,7015,0,0,30,0
1962518,7015,0,0,30,0
1962519,7015,1,1,10,1
1962520,7015,0,0,30,0
1962521,7015,1,1,10,1
1962522,7015,0,0,40,0
1962523,7015,0,0,30,0
1962524,7015,1,1,10,1
1962525,7015,0,0,30,0
1962526,7015,1,1,10,1
1962527,7015,1,1,10,1
1962528,7015,0,0,30,0
1962529,7015,0,0,30,0
1962530,7015,0,0,30,0
1962531,7015,0,0,30,0
1962532,7015,0,0,30,0
1962533,7015,0,0,30,0
1962534,7015,0,0,30,0
1962535,7015,1,1,10,1
1962536,7015,0,0,30,0
1962537,7015,1,1,10,1
1962538,7015,0,0,30,0
1962539,7015,0,0,30,0
1962540,7015,0,0,30,0
1962541,7015,1,1,10,1
1962542,7015,1,1,10,1
1962543,7015,0,0,30,0
1962544,7015,1,1,10,1
1962545,7015,0,0,30,0
1962546,7015,1,1,10,1
1962547,7015,1,1,10,1
1962548,7015,1,1,10,1
1962549,7225,0,0,60,0
1962550,7015,1,1,10,1
1962551,7015,0,0,30,0
1962552,7015,1,1,10,1
1962553,7015,1,0,90,0
1962554,7015,0,0,30,0
1962555,7015,1,1,10,1
1962556,7015,0,0,30,0
1962557,7015,0,0,30,0
1962558,7015,0,0,30,0
1962559,7015,1,1,10,1
1962560,7015,0,1,10,1
1962561,7015,1,1,10,1
1962562,7015,0,0,30,0
1962563,7015,1,1,10,1
1962564,7015,0,0,40,0
1962565,7015,0,0,30,0
1962566,7015,0,0,30,0
1962567,7015,0,0,30,0
1962568,7015,1,1,10,1
1962569,7015,0,0,30,0
1962570,7015,0,1,30,0
1962571,7015,0,0,40,0
1962572,7015,0,0,30,0
1962573,7015,0,0,30,0
1962574,7015,1,1,10,1
1962575,7015,0,0,30,0
1962576,7015,1,1,10,1
1962577,7015,0,0,30,0
1962578,7015,0,1,30,0
1962579,7015,0,0,40,0
1962580,7015,0,0,30,0
1962581,7015,0,0,30,0
1962582,7015,1,1,10,1
1962583,7015,0,0,30,0
1962584,7015,0,0,30,0
1962585,7015,0,0,30,0
1962586,7015,1,1,10,1
1962587,7015,1,1,10,1
1962588,7015,0,0,40,0
1962589,7015,1,1,10,1
1962590,7015,1,1,10,1
1962591,7015,1,1,10,1
1962592,7015,0,0,30,0
1962593,7015,1,1,10,1
1962594,7015,0,1,10,1
1962595,7015,0,0,30,0
1962596,7015,0,0,30,0
1962597,7015,0,0,30,0
1962598,7015,0,0,30,0
1962599,7015,0,0,30,0
1962600,7015,0,0,30,0
1962601,7015,0,0,30,0
1962602,7015,0,0,60,0
1962603,7015,0,0,40,0
1962604,7225,0,0,60,0
1962605,7101,1,1,10,1
1962606,7101,1,1,10,1
1962607,7101,1,1,30,0
1962608,7101,1,1,10,1
1962609,7101,1,1,10,1
1962610,7101,1,1,10,1
1962611,7101,1,1,10,1
1962612,7101,1,1,10,1
1962613,7101,1,1,10,1
1962614,7101,1,1,10,1
1962616,7101,1,1,10,1
1962617,7101,0,1,30,0
1962618,7101,1,1,10,1
1962619,7101,0,0,30,0
1962620,7101,1,1,10,1
1962621,7101,1,1,10,1
1962622,7101,1,1,10,1
1962623,7101,1,1,10,1
1962624,7101,1,1,10,1
1962625,7101,1,1,10,1
1962626,7101,1,1,10,1
1962627,7101,1,1,10,1
1962628,7101,1,1,10,1
1962629,7101,0,0,30,0
1962630,7101,0,1,10,1
1962631,7101,1,1,10,1
1962632,7101,1,1,30,0
1962633,7101,0,1,10,1
1962634,7101,1,1,10,1
1962635,7101,1,1,10,1
1962636,7101,1,1,10,1
1962637,7101,1,1,30,0
1962638,7101,1,1,10,1
1962639,7101,1,1,10,1
1962640,7101,1,1,10,1
1962641,7101,1,1,10,1
1962642,7101,1,1,10,1
1962643,7101,1,1,10,1
1962644,7101,1,1,10,1
1962645,7101,1,1,10,1
1962646,7101,1,1,10,1
1962647,7101,1,1,10,1
1962648,7101,1,1,10,1
1962649,7101,1,1,10,1
1962650,7101,1,1,10,1
1962651,7101,1,1,10,1
1962652,7101,1,1,10,1
1962653,7101,1,1,10,1
1962654,7101,1,1,10,1
1962655,7101,1,1,10,1
1962656,7101,0,1,10,1
1962657,7101,1,1,10,1
1962658,7101,1,1,10,1
1962659,7101,0,0,10,1
1962660,7101,1,1,10,1
1962661,7101,1,1,10,1
1962662,7101,1,1,10,1
1962663,7101,1,1,10,1
1962664,7101,1,1,10,1
1962665,7101,1,1,10,1
1962666,7101,1,1,10,1
1962667,7101,1,1,10,1
1962668,7101,1,1,10,1
1962669,7101,1,1,10,1
1962670,7101,1,1,10,1
1962671,7101,1,1,10,1
1962672,7101,1,1,10,1
1962673,7101,1,1,10,1
1962674,7101,0,1,30,0
1962675,7101,1,1,10,1
1962676,7101,1,1,10,1
1962677,7101,1,1,10,1
1962678,7101,1,0,10,1
1962679,7101,1,1,10,1
1962680,7101,1,1,10,1
1962681,7101,1,1,10,1
1962682,7101,1,1,10,1
1962683,7101,1,1,10,1
1962684,7101,1,1,10,1
1962685,7101,1,1,10,1
1962686,7101,1,1,10,1
1962687,7101,0,0,10,1
1962688,7101,1,1,10,1
1962689,7101,1,1,10,1
1962690,7101,1,1,10,1
1962691,7101,0,0,10,1
1962692,7101,1,1,10,1
1962693,7101,1,1,10,1
1962694,7101,1,1,10,1
1962695,7101,0,1,10,1
1962696,7101,1,1,10,1
1962697,7101,1,1,10,1
1962698,7101,1,1,10,1
1962699,7101,1,1,10,1
1962700,7101,1,1,10,1
1962701,7101,1,1,10,1
1962702,7101,1,1,10,1
1962703,7101,1,1,10,1
1962704,7101,1,1,10,1
1962705,7101,1,1,10,1
1962706,7101,0,0,50,0
1962707,7101,1,1,10,1
1962708,7101,1,1,10,1
1962709,7101,1,1,10,1
1962710,7101,1,1,10,1
1962711,7101,1,1,10,1
1962712,7101,1,1,10,1
1962713,7101,1,1,10,1
1962714,7101,1,1,10,1
1962715,7101,1,1,10,1
1962716,7101,1,1,10,1
1962717,7101,0,0,10,1
1962718,7101,1,1,10,1
1962719,7101,0,1,30,0
1962720,7101,1,1,10,1
1962721,7101,1,1,10,1
1962722,7101,1,1,10,1
1962723,7101,1,1,10,1
1962724,7101,1,1,10,1
1962725,7101,1,1,10,1
1962726,7101,1,1,10,1
1962727,7101,1,1,10,1
1962728,7101,1,0,10,1
1962729,7101,1,1,10,1
1962730,7101,1,1,10,1
1962731,7101,1,1,10,1
1962732,7101,1,1,10,1
1962733,7101,1,1,10,1
1962734,7101,1,1,20,0
1962735,7101,1,1,10,1
1962736,7101,1,1,10,1
1962737,7101,0,1,30,0
1962738,7101,0,1,10,1
1962739,7101,1,1,10,1
1962740,7102,1,1,10,1
1962741,7102,0,0,30,0
1962742,7102,0,0,30,0
1962743,7102,0,0,30,0
1962744,7102,1,1,10,1
1962745,7102,1,1,10,1
1962746,7102,1,1,10,1
1962747,7102,0,0,10,1
1962748,7102,1,1,10,1
1962749,7102,0,0,30,0
1962750,7102,1,1,10,1
1962751,7102,1,1,10,1
1962752,7102,0,1,10,1
1962753,7102,1,0,60,0
1962754,7102,1,1,10,1
1962755,7102,1,1,10,1
1962756,7102,0,1,10,1
1962757,7102,1,1,10,1
1962758,7102,0,0,30,0
1962759,7102,1,1,10,1
1962760,7102,1,1,10,1
1962761,7102,1,1,10,1
1962762,7102,0,0,30,0
1962763,7102,1,1,10,1
1962764,7102,1,1,10,1
1962765,7102,1,1,10,1
1962766,7102,1,1,10,1
1962767,7102,1,1,10,1
1962768,7102,0,1,10,1
1962769,7102,0,0,30,0
1962770,7102,0,1,10,1
1962771,7102,0,1,30,0
1962772,7102,1,1,10,1
1962773,7102,0,0,10,1
1962774,7102,0,1,10,1
1962775,7102,0,0,30,0
1962776,7102,1,1,10,1
1962777,7102,1,1,10,1
1962778,7102,0,1,30,0
1962779,7102,1,1,10,1
1962780,7102,1,1,10,1
1962781,7102,0,1,30,0
1962782,7102,0,0,30,0
1962783,7102,0,1,30,0
1962784,7102,0,1,10,1
1962785,7102,0,1,10,1
1962786,7102,1,1,10,1
1962787,7102,0,1,30,0
1962788,7102,0,1,10,1
1962789,7102,1,1,10,1
1962790,7102,0,1,10,1
1962791,7102,1,1,10,1
1962792,7102,1,1,10,1
1962793,7102,0,1,30,0
1962794,7102,1,1,10,1
1962795,7102,0,1,10,1
1962796,7102,0,1,10,1
1962797,7102,1,1,10,1
1962798,7102,1,1,10,1
1962799,7102,1,1,10,1
1962800,7102,1,1,10,1
1962801,7102,1,0,10,1
1962802,7102,0,0,30,0
1962803,7102,0,1,10,1
1962804,7102,1,1,10,1
1962805,7102,0,1,10,1
1962806,7102,0,0,10,1
1962807,7102,1,1,10,1
1962808,7102,1,1,10,1
1962809,7102,1,1,10,1
1962810,7102,1,1,10,1
1962811,7102,1,1,10,1
1962812,7102,0,0,30,0
1962813,7102,1,1,10,1
1962814,7102,1,1,10,1
1962815,7102,0,0,80,0
1962816,7102,1,0,10,1
1962817,7102,1,1,10,1
1962818,7103,0,0,30,0
1962819,7103,0,0,30,0
1962820,7103,0,0,30,0
1962821,7103,0,1,30,0
1962822,7103,0,1,30,0
1962823,7103,0,0,30,0
1962824,7103,1,1,10,1
1962825,7103,0,1,20,0
1962826,7103,0,0,10,1
1962827,7103,0,0,30,0
1962828,7103,0,1,50,0
1962829,7103,1,1,10,1
1962830,7103,0,1,10,1
1962831,7103,0,0,10,1
1962832,7103,0,0,30,0
1962833,7103,1,1,10,1
1962834,7103,1,1,10,1
1962835,7103,1,1,10,1
1962836,7103,0,0,30,0
1962837,7103,1,0,10,1
1962838,7103,0,0,30,0
1962840,7103,0,1,10,1
1962841,7103,1,0,10,1
1962842,7103,0,0,30,0
1962843,7103,0,0,10,1
1962844,7103,0,0,60,0
1962845,7103,1,1,10,1
1962846,7103,1,1,10,1
1962847,7103,0,1,10,1
1962848,7103,0,1,10,1
1962849,7103,1,0,10,1
1962850,7103,1,1,10,1
1962851,7103,0,0,30,0
1962852,7103,1,1,10,1
1962853,7103,0,1,10,1
1962854,7223,0,1,95,1
1962855,7103,1,1,10,1
1962856,7103,1,1,10,1
1962857,7103,1,1,10,1
1962858,7103,1,1,10,1
1962859,7103,0,1,30,0
1962860,7103,0,1,10,1
1962861,7103,0,0,30,0
1962862,7200,0,0,10,1
1962863,7200,0,0,50,0
1962864,7200,0,0,50,0
1962865,7200,0,0,30,0
1962866,7225,0,0,50,0
1962867,7200,0,0,30,0
1962868,7200,0,0,30,0
1962869,7200,0,0,30,0
1962870,7200,0,0,30,0
1962871,7200,0,0,50,0
1962872,7200,0,0,50,0
1962873,7200,0,0,50,0
1962874,7200,0,0,50,0
1962875,7200,0,0,50,0
1962876,7200,0,0,10,1
1962877,7200,1,1,10,1
1962878,7200,1,1,10,1
1962879,7200,0,0,30,0
1962880,7200,0,0,30,0
1962881,7200,0,0,30,0
1962882,7200,0,0,50,0
1962883,7200,0,0,50,0
1962884,7200,0,0,10,1
1962885,7222,0,0,80,0
1962886,7200,1,1,10,1
1962887,7200,0,0,50,0
1962888,7210,0,0,30,0
1962889,7210,0,0,30,0
1962890,7210,0,1,10,1
1962891,7210,0,0,30,0
1962892,7210,1,0,10,1
1962893,7210,1,1,10,1
1962894,7210,1,1,10,1
1962895,7210,0,0,30,0
1962896,7210,0,0,30,0
1962897,7210,1,1,10,1
1962898,7210,0,1,10,1
1962899,7210,0,0,30,0
1962900,7222,0,0,80,0
1962901,7210,1,1,10,1
1962902,7210,0,0,30,0
1962903,7210,1,0,10,1
1962904,7210,0,1,10,1
1962905,7210,1,1,10,1
1962906,7210,1,1,30,0
1962907,7210,1,1,10,1
1962908,7210,1,1,10,1
1962909,7210,0,0,30,0
1962910,7210,1,1,10,1
1962911,7222,0,0,80,0
1962912,7210,0,0,30,0
1962913,7210,1,1,10,1
1962915,7210,1,1,10,1
1962916,7210,0,0,80,0
1962917,7210,0,0,60,0
1962919,7210,0,0,70,0
1962920,7210,0,1,30,0
1962921,7210,0,0,60,0
1962922,7223,0,1,30,0
1962923,7210,0,1,10,1
1962924,7210,1,1,10,1
1962925,7210,1,1,10,1
1962926,7210,1,1,10,1
1962927,7210,0,0,30,0
1962928,7210,1,1,10,1
1962929,6025,1,1,10,1
1962930,6025,1,1,10,1
1962931,6025,1,1,10,1
1962932,6025,1,1,10,1
1962933,6025,1,1,10,1
1962934,6027,0,0,30,0
1962935,6027,1,1,10,1
1962936,6027,1,1,10,1
1962937,6027,1,0,30,0
1962938,6027,0,1,10,1
1962939,6027,0,0,30,0
1962940,6027,1,1,10,1
1962941,6027,1,1,10,1
1962942,6027,1,1,10,1
1962943,6027,0,0,40,0
1962944,6027,0,1,10,1
1962945,6027,1,1,10,1
1962946,6027,1,1,30,0
1962947,6223,0,1,30,0
1962948,6027,0,0,30,0
1962949,6223,0,0,90,0
1962950,6027,1,1,10,1
1962951,6027,0,0,100,0
1962952,6027,0,1,10,1
1962953,6027,0,1,10,1
1962954,6027,1,1,10,1
1962955,6027,1,1,10,1
1962956,6027,1,1,10,1
1962957,6027,1,1,10,1
1962958,6027,1,1,10,1
1962959,6027,0,0,100,0
1962960,6027,0,0,100,0
1962961,6027,1,1,10,1
1962962,6027,0,0,100,0
1962963,6027,1,1,10,1
1962964,6027,1,1,10,1
1962965,6027,0,0,30,0
1962966,6027,1,1,10,1
1962967,6027,1,1,10,1
1962968,6027,0,0,30,0
1962969,6222,0,0,80,0
1962970,6027,0,0,30,0
1962971,6224,1,0,20,0
1962972,6027,1,1,10,1
1962973,6027,1,1,10,1
1962974,6027,0,0,100,0
1962975,6222,0,0,80,0
1962976,6027,1,1,10,1
1962977,6027,1,1,10,1
1962978,6027,0,0,100,0
1962979,6027,0,0,100,0
1962980,6027,0,0,100,0
1962981,6027,1,1,10,1
1962982,6027,0,0,100,0
1962983,6027,0,1,10,1
1962984,6027,1,1,10,1
1962985,6027,0,0,30,0
1962986,6027,1,1,10,1
1962987,6027,1,1,10,1
1962988,6027,1,1,10,1
1962989,6027,1,1,10,1
1962990,6027,1,1,10,1
1962991,6027,1,1,10,1
1962992,6027,0,0,80,0
1962993,6027,1,1,10,1
1962994,6027,1,1,10,1
1962995,6224,0,0,10,1
1962996,6027,1,1,10,1
1962997,6027,0,0,30,0
1962998,6027,0,0,90,0
1962999,6027,1,1,10,1
1963000,6027,1,1,10,1
1963001,6027,0,0,100,0
1963002,6027,1,1,10,1
1963003,6027,1,1,10,1
1963004,6027,1,1,10,1
1963005,6027,0,0,30,0
1963006,6027,1,1,10,1
1963007,6223,0,0,90,0
1963008,6027,0,1,10,1
1963009,6027,1,1,10,1
1963010,6027,0,0,30,0
1963011,6027,0,1,10,1
1963012,6027,1,1,10,1
1963013,6027,0,0,30,0
1963014,6027,0,0,90,0
1963015,6027,0,0,100,0
1963016,6027,0,0,30,0
1963017,6027,1,1,10,1
1963018,6027,1,1,10,1
1963019,6027,0,0,100,0
1963020,6027,1,1,10,1
1963021,6027,0,0,30,0
1963022,6027,1,1,10,1
1963023,6027,1,1,10,1
1963024,6027,0,1,30,0
1963025,6223,0,0,90,0
1963026,6027,1,1,10,1
1963027,6027,1,1,10,1
1963028,6027,0,0,30,0
1963029,6027,1,1,10,1
1963030,6027,1,1,10,1
1963031,6027,0,0,100,0
1963032,6027,1,1,10,1
1963033,6027,1,1,10,1
1963034,6027,0,0,30,0
1963035,6027,1,1,10,1
1963036,6027,1,1,10,1
1963037,6027,1,1,10,1
1963038,6027,1,1,10,1
1963039,6027,1,1,10,1
1963040,6027,0,1,10,1
1963041,6027,0,1,10,1
1963042,6027,0,1,10,1
1963043,6027,1,1,10,1
1963044,6027,1,1,10,1
1963045,6027,1,1,10,1
1963046,6027,1,1,10,1
1963047,6027,1,1,10,1
1963048,6027,1,1,10,1
1963049,6223,0,1,10,1
1963050,6027,1,1,10,1
1963051,6223,0,0,30,0
1963052,6027,1,1,10,1
1963053,6027,0,0,100,0
1963054,6027,1,1,10,1
1963055,6027,1,1,10,1
1963056,6027,1,1,10,1
1963057,6027,1,1,10,1
1963058,6027,0,0,100,0
1963059,6027,1,1,10,1
1963060,6027,0,0,30,0
1963061,6027,0,0,100,0
1963062,6027,0,0,30,0
1963063,6224,0,0,30,0
1963064,6027,1,1,10,1
1963065,6027,1,1,10,1
1963066,6027,1,1,10,1
1963067,6027,0,0,30,0
1963068,6027,1,1,10,1
1963069,6027,0,0,90,0
1963070,6027,0,0,100,0
1963071,6027,0,0,100,0
1963072,6027,1,1,10,1
1963073,6027,0,0,30,0
1963074,6027,1,1,10,1
1963075,6224,0,1,10,1
1963076,6027,1,1,10,1
1963077,6027,1,1,10,1
1963078,6027,1,1,10,1
1963079,6027,0,0,30,0
1963080,6027,1,1,10,1
1963081,6027,1,1,10,1
1963082,6027,1,1,10,1
1963083,6027,1,1,10,1
1963084,6027,1,1,10,1
1963085,6027,0,0,30,0
1963086,6027,1,1,10,1
1963087,6027,0,0,30,0
1963088,6027,1,1,10,1
1963089,6223,0,0,90,0
1963090,6027,1,0,30,0
1963091,6027,1,1,10,1
1963092,6027,1,1,10,1
1963093,6027,1,1,10,1
1963094,6027,1,1,10,1
1963095,6224,0,0,20,0
1963096,6027,1,1,10,1
1963097,6027,0,0,100,0
1963098,6027,1,1,30,0
1963099,6027,0,0,60,0
1963100,6027,0,0,30,0
1963101,6224,0,1,10,1
1963102,6027,0,0,30,0
1963103,6227,0,0,100,0
1963104,6027,0,0,30,0
1963105,6027,1,1,10,1
1963106,6027,0,0,90,0
1963107,6027,1,1,30,0
1963108,6027,0,1,10,1
1963109,6027,1,1,10,1
1963110,6027,1,1,10,1
1963111,6027,0,1,30,0
1963112,6027,1,1,10,1
1963113,6224,1,1,30,0
1963114,6027,0,0,90,0
1963115,6027,1,1,10,1
1963116,6027,0,0,90,0
1963117,6027,1,1,10,1
1963118,6027,0,1,10,1
1963119,6223,0,0,90,0
1963120,6027,1,1,10,1
1963121,6027,0,0,30,0
1963122,6027,1,1,10,1
1963123,6224,0,0,30,0
1963124,6027,1,1,10,1
1963125,6027,0,0,30,0
1963126,6027,1,1,10,1
1963127,6027,1,1,10,1
1963128,6027,1,1,10,1
1963129,6027,0,0,10,1
1963130,6027,1,1,10,1
1963131,6027,1,1,10,1
1963132,6027,1,1,10,1
1963133,6027,0,0,30,0
1963134,6027,1,1,10,1
1963135,6027,1,1,10,1
1963136,6027,1,1,10,1
1963137,6027,1,1,10,1
1963138,6027,1,1,10,1
1963139,6027,1,1,10,1
1963140,6027,0,1,10,1
1963141,6027,0,0,30,0
1963142,6027,1,1,10,1
1963143,6027,1,1,10,1
1963144,6224,0,1,10,1
1963145,6027,1,1,10,1
1963146,6027,0,0,30,0
1963147,6027,0,0,100,0
1963148,6027,0,1,10,1
1963149,6027,0,0,30,0
1963150,6027,1,1,10,1
1963151,6027,1,1,10,1
1963152,6027,1,1,10,1
1963153,6027,1,1,10,1
1963154,6027,1,1,10,1
1963155,6027,1,1,10,1
1963156,6027,0,1,10,1
1963157,6027,0,1,10,1
1963158,6027,0,1,10,1
1963159,6027,1,1,10,1
1963160,6027,1,1,10,1
1963161,6027,0,0,30,0
1963162,6027,1,1,10,1
1963163,6027,0,0,100,0
1963164,6027,1,1,10,1
1963165,6027,1,1,10,1
1963166,6027,1,1,10,1
1963167,6227,0,0,100,0
1963168,6027,1,1,10,1
1963169,6027,1,1,10,1
1963170,6027,1,1,10,1
1963171,6027,1,1,10,1
1963172,6027,1,1,10,1
1963173,6027,0,1,30,0
1963174,6027,1,1,10,1
1963175,6027,1,1,10,1
1963176,6027,0,0,30,0
1963177,6027,1,1,10,1
1963178,6027,1,1,10,1
1963179,6027,1,1,10,1
1963180,6027,0,0,90,0
1963181,6027,1,1,10,1
1963182,6027,0,0,30,0
1963183,6027,0,1,10,1
1963184,6027,1,1,10,1
1963185,6027,1,1,10,1
1963186,6027,1,1,10,1
1963187,6027,0,1,10,1
1963188,6027,1,1,10,1
1963189,6027,0,1,10,1
1963190,6027,0,1,10,1
1963191,6027,1,1,10,1
1963192,6027,1,1,10,1
1963193,6027,0,0,30,0
1963194,6027,1,1,10,1
1963195,6027,1,1,10,1
1963196,6027,0,1,10,1
1963197,6027,0,0,30,0
1963198,6027,1,1,10,1
1963199,6224,0,1,10,1
1963200,6027,1,1,10,1
1963201,6227,0,0,100,0
1963202,6027,1,1,10,1
1963203,6027,0,0,100,0
1963204,6027,1,1,10,1
1963205,6027,1,1,10,1
1963206,6027,1,1,10,1
1963207,6027,1,1,10,1
1963208,6027,0,0,30,0
1963209,6027,1,1,10,1
1963210,6027,1,1,10,1
1963211,6027,0,0,100,0
1963212,6027,1,1,10,1
1963213,6027,1,1,10,1
1963214,6027,0,1,10,1
1963215,6027,1,1,10,1
1963216,6027,1,1,10,1
1963217,6027,1,1,10,1
1963218,6223,0,0,30,0
1963219,6027,1,1,10,1
1963220,6027,1,1,10,1
1963221,6027,1,1,10,1
1963222,6027,0,1,10,1
1963223,6027,0,1,10,1
1963224,6223,0,0,90,0
1963225,6027,1,1,10,1
1963226,6027,0,1,10,1
1963227,6027,1,1,10,1
1963228,6027,1,1,10,1
1963229,6027,0,0,30,0
1963230,6027,0,0,30,0
1963231,6027,1,1,10,1
1963232,6027,0,0,100,0
1963233,6027,0,0,20,0
1963234,6027,1,1,10,1
1963235,6027,0,1,30,0
1963236,6027,0,1,10,1
1963237,6027,0,1,20,0
1963238,6027,1,1,10,1
1963239,6027,1,1,10,1
1963240,6027,1,1,10,1
1963241,6027,1,1,10,1
1963242,6027,0,0,30,0
1963244,6027,1,1,10,1
1963245,6027,1,1,10,1
1963246,6027,0,0,30,0
1963247,6027,1,1,10,1
1963248,6027,0,1,10,1
1963249,6224,0,0,90,0
1963250,6027,1,1,10,1
1963251,6027,0,1,10,1
1963252,6027,0,0,30,0
1963253,6224,0,0,100,0
1963254,6027,1,1,10,1
1963255,6027,0,0,30,0
1963256,6027,1,1,10,1
1963257,6027,0,1,10,1
1963258,6027,1,1,10,1
1963259,6027,0,0,30,0
1963260,6223,0,0,30,0
1963261,6224,0,0,30,0
1963262,6027,1,1,10,1
1963263,6027,1,1,10,1
1963264,6027,1,1,10,1
1963265,6027,0,0,90,0
1963266,6027,0,0,100,0
1963267,6027,1,1,10,1
1963268,6027,0,1,30,0
1963269,6027,1,1,10,1
1963270,6027,0,0,30,0
1963271,6027,1,1,10,1
1963272,6027,0,1,30,0
1963273,6027,0,0,30,0
1963274,6027,1,1,10,1
1963275,6027,1,1,10,1
1963276,6027,0,0,30,0
1963277,6027,1,1,10,1
1963278,6027,1,1,10,1
1963279,6027,0,0,30,0
1963280,6027,1,1,10,1
1963281,6027,0,1,10,1
1963282,6027,1,1,10,1
1963283,6027,1,1,10,1
1963284,6027,1,1,10,1
1963285,6027,1,1,10,1
1963286,6027,0,1,10,1
1963287,6027,1,1,10,1
1963288,6027,0,1,10,1
1963289,6222,0,0,80,0
1963290,6027,0,1,10,1
1963291,6027,0,0,20,0
1963292,6027,1,1,10,1
1963293,6027,1,1,10,1
1963294,6027,0,0,100,0
1963295,6027,1,1,10,1
1963296,6027,1,1,10,1
1963297,6027,1,1,10,1
1963298,6027,0,0,30,0
1963299,6027,1,1,10,1
1963300,6027,1,1,10,1
1963301,6027,0,0,100,0
1963302,6027,1,1,10,1
1963303,6027,1,1,10,1
1963304,6027,1,1,10,1
1963305,6027,0,1,10,1
1963306,6027,1,1,10,1
1963307,6027,1,1,10,1
1963308,6027,0,1,10,1
1963309,6223,0,0,90,0
1963310,6027,1,1,10,1
1963311,6027,1,1,10,1
1963312,6027,1,1,10,1
1963313,6027,1,0,30,0
1963314,6027,0,0,100,0
1963315,6027,1,1,10,1
1963316,6027,1,1,10,1
1963317,6027,1,1,10,1
1963318,6027,1,1,10,1
1963319,6027,1,1,10,1
1963320,6027,1,1,10,1
1963321,6027,1,1,10,1
1963322,6027,1,1,10,1
1963323,6027,1,1,10,1
1963324,6027,1,1,10,1
1963325,6027,1,1,10,1
1963326,6027,0,0,30,0
1963327,6027,0,0,30,0
1963328,6027,1,1,10,1
1963329,6027,0,1,10,1
1963330,6027,1,1,10,1
1963331,6027,1,1,10,1
1963332,6027,1,1,10,1
1963333,6027,0,0,100,0
1963334,6027,0,0,10,1
1963335,6027,1,1,10,1
1963336,6027,0,1,10,1
1963337,6027,0,0,90,0
1963338,6027,1,1,10,1
1963339,6027,1,1,10,1
1963340,6027,0,1,10,1
1963341,6027,1,1,10,1
1963342,6027,1,1,10,1
1963343,6027,1,1,10,1
1963344,6027,1,1,10,1
1963345,6027,1,1,10,1
1963346,6027,1,1,10,1
1963347,6027,0,1,30,0
1963348,6027,1,1,10,1
1963349,6027,0,0,30,0
1963350,6224,0,0,30,0
1963351,6027,1,1,10,1
1963352,6027,1,1,10,1
1963353,6027,1,1,10,1
1963354,6027,0,0,30,0
1963355,6027,1,1,10,1
1963356,6027,1,1,10,1
1963357,6027,1,1,10,1
1963358,6027,1,1,10,1
1963359,6027,1,1,10,1
1963360,6027,0,0,100,0
1963361,6027,1,1,10,1
1963362,6027,1,1,10,1
1963363,6027,1,1,10,1
1963364,6224,1,1,10,1
1963365,6027,0,1,10,1
1963366,6224,0,1,10,1
1963367,6027,0,0,30,0
1963368,6027,1,1,10,1
1963369,6027,1,1,10,1
1963370,6027,0,0,100,0
1963372,6027,0,0,30,0
1963373,6027,1,1,10,1
1963374,6027,0,0,90,0
1963375,6027,0,0,90,0
1963376,6027,1,1,10,1
1963377,6027,1,1,10,1
1963378,6027,1,1,10,1
1963379,6027,1,1,10,1
1963380,6027,1,1,10,1
1963381,6027,1,1,10,1
1963382,6027,1,1,10,1
1963383,6027,1,1,10,1
1963384,6027,1,1,10,1
1963385,6027,1,1,10,1
1963386,6224,0,1,30,0
1963387,6029,0,0,30,0
1963388,6226,0,0,70,0
1963389,6029,0,0,30,0
1963390,6029,0,0,100,0
1963391,6227,0,0,100,0
1963392,6029,0,0,100,0
1963393,6029,0,0,30,0
1963394,6029,0,0,30,0
1963395,6227,0,0,100,0
1963396,6029,0,0,100,0
1963397,6029,0,0,100,0
1963398,6226,0,0,70,0
1963399,6029,0,0,100,0
1963400,6029,0,0,30,0
1963401,6029,0,0,100,0
1963402,6029,0,0,30,0
1963403,6029,0,0,30,0
1963404,6029,0,0,90,0
1963405,6029,0,0,90,0
1963406,6029,0,0,80,0
1963407,6029,0,0,90,0
1963408,6223,0,0,90,0
1963409,6029,0,0,30,0
1963410,6029,0,0,100,0
1963411,6029,0,0,60,0
1963412,6029,0,0,30,0
1963413,6029,0,1,30,0
1963414,6029,0,0,100,0
1963415,6029,0,0,30,0
1963416,6227,0,0,100,0
1963417,6223,0,0,90,0
1963418,6227,0,0,100,0
1963419,6226,0,0,70,0
1963420,6029,0,0,90,0
1963421,6223,0,0,90,0
1963422,6029,0,0,30,0
1963423,6223,0,0,90,0
1963424,6223,0,0,90,0
1963425,6029,0,0,30,0
1963426,6029,0,0,100,0
1963427,6029,0,0,30,0
1963428,6029,0,1,10,1
1963429,6029,0,0,90,0
1963430,6029,0,0,30,0
1963431,6029,0,0,90,0
1963432,6029,0,0,30,0
1963433,6223,0,0,80,0
1963434,6029,0,0,90,0
1963435,6222,0,0,80,0
1963436,6029,0,0,90,0
1963437,6029,0,1,10,1
1963438,6029,0,0,30,0
1963439,6029,0,0,30,0
1963440,6223,0,0,90,0
1963441,6029,0,0,30,0
1963442,6222,0,0,80,0
1963443,6227,0,0,30,0
1963444,6029,0,0,100,0
1963445,6226,0,0,70,0
1963446,6222,0,0,80,0
1963447,6227,0,0,100,0
1963448,6029,0,0,90,0
1963449,6029,0,0,30,0
1963450,6029,0,0,30,0
1963451,6029,0,0,30,0
1963452,6029,0,0,30,0
1963453,6029,0,0,100,0
1963454,6029,0,0,30,0
1963455,6223,0,0,90,0
1963456,6227,0,0,100,0
1963457,6029,0,0,60,0
1963458,6029,0,0,30,0
1963459,6227,0,0,100,0
1963460,6227,0,0,100,0
1963461,6029,0,0,30,0
1963462,6040,1,1,10,1
1963463,6040,0,0,60,0
1963464,6040,0,0,30,0
1963465,6040,1,1,10,1
1963466,6040,1,1,10,1
1963467,6040,1,1,10,1
1963468,6040,0,0,30,0
1963469,6040,1,1,10,1
1963470,6040,1,1,10,1
1963471,6040,1,1,10,1
1963472,6040,0,1,30,0
1963473,6040,0,1,10,1
1963474,6040,0,1,10,1
1963475,6040,0,0,30,0
1963476,6040,0,0,30,0
1963477,6040,0,1,10,1
1963478,6040,1,1,10,1
1963479,6040,0,0,30,0
1963480,6227,0,0,100,0
1963481,6040,0,1,10,1
1963482,6040,1,1,10,1
1963483,6040,1,1,10,1
1963484,6040,0,0,30,0
1963485,6040,0,1,10,1
1963486,6040,0,0,100,0
1963487,6040,1,1,10,1
1963488,6040,1,1,10,1
1963489,6040,1,1,10,1
1963490,6040,0,1,10,1
1963491,6040,1,1,10,1
1963492,6040,1,1,10,1
1963493,6040,0,0,100,0
1963494,6040,1,1,10,1
1963495,6040,1,1,10,1
1963496,6223,0,0,30,0
1963497,6040,0,1,10,1
1963498,6222,0,0,80,0
1963500,6224,0,1,30,0
1963501,6224,0,0,100,0
1963502,6223,0,0,90,0
1963503,6040,1,1,20,0
1963504,6040,0,0,30,0
1963505,6040,0,0,100,0
1963506,6040,0,0,80,0
1963507,6040,1,1,10,1
1963508,6040,0,1,30,0
1963509,6040,0,1,10,1
1963510,6040,0,1,10,1
1963511,6040,1,1,10,1
1963512,6040,1,1,10,1
1963513,6040,1,1,10,1
1963514,6040,0,0,30,0
1963515,6040,0,0,100,0
1963516,6040,1,1,10,1
1963517,6223,0,0,90,0
1963518,6040,1,1,10,1
1963519,6040,1,1,10,1
1963520,6040,0,1,10,1
1963521,6040,1,1,10,1
1963522,6040,0,1,10,1
1963523,6040,1,1,10,1
1963524,6040,0,1,10,1
1963525,6040,1,1,10,1
1963526,6040,1,1,10,1
1963527,6040,1,1,10,1
1963528,6040,1,1,10,1
1963529,6040,0,0,30,0
1963530,6040,1,1,10,1
1963531,6040,0,0,30,0
1963532,6040,0,1,10,1
1963533,6227,0,0,30,0
1963534,6040,1,1,10,1
1963535,6040,1,1,10,1
1963536,6040,0,1,10,1
1963537,6040,1,1,10,1
1963538,6040,1,1,10,1
1963539,6040,0,1,10,1
1963540,6040,0,0,100,0
1963541,6040,0,1,30,0
1963542,6040,0,0,100,0
1963543,6040,1,1,10,1
1963544,6040,1,1,10,1
1963545,6040,0,0,100,0
1963546,6040,1,1,10,1
1963547,6040,0,0,30,0
1963548,6040,1,1,10,1
1963549,6040,0,1,10,1
1963550,6040,1,1,10,1
1963551,6040,1,1,10,1
1963552,6040,1,1,10,1
1963553,6040,1,1,10,1
1963554,6040,0,0,100,0
1963555,6224,0,0,30,0
1963557,6227,0,0,60,0
1963558,6040,1,1,10,1
1963559,6040,0,1,10,1
1963560,6040,1,1,10,1
1963561,6040,1,1,10,1
1963562,6040,0,0,100,0
1963563,6040,0,0,100,0
1963564,6040,0,0,10,1
1963565,6040,1,1,10,1
1963566,6040,0,0,100,0
1963567,6040,0,0,30,0
1963568,6040,1,1,10,1
1963569,6040,1,1,10,1
1963570,6040,1,1,10,1
1963571,6040,1,1,10,1
1963572,6040,0,0,100,0
1963573,6040,1,1,10,1
1963574,6040,1,1,10,1
1963575,6040,1,1,10,1
1963576,6040,0,1,100,0
1963577,6040,1,1,10,1
1963578,6040,0,0,100,0
1963579,6040,1,1,10,1
1963580,6040,1,1,10,1
1963581,6223,0,0,90,0
1963582,6040,1,1,10,1
1963583,6040,0,1,10,1
1963584,6040,0,0,80,0
1963585,6040,1,1,10,1
1963586,6040,0,0,100,0
1963587,6040,0,1,30,0
1963588,6040,0,0,30,0
1963589,6040,1,1,10,1
1963590,6040,1,0,10,1
1963591,6040,0,0,100,0
1963592,6040,0,0,60,0
1963593,6040,0,0,100,0
1963594,6040,1,1,10,1
1963595,6040,0,0,100,0
1963596,6224,0,1,100,0
1963597,6040,0,0,60,0
1963598,6040,0,1,30,0
1963599,6040,1,1,10,1
1963600,6040,1,1,10,1
1963601,6040,0,1,10,1
1963602,6040,0,0,100,0
1963603,6040,0,1,10,1
1963604,6040,0,0,100,0
1963605,6224,0,0,30,0
1963606,6040,1,1,10,1
1963607,6040,0,1,10,1
1963608,6040,1,1,10,1
1963609,6040,1,1,10,1
1963610,6040,0,0,60,0
1963611,6227,0,0,100,0
1963612,6040,0,0,100,0
1963613,6040,1,1,10,1
1963614,6040,1,1,10,1
1963615,6040,1,0,100,0
1963616,6040,0,0,100,0
1963617,6040,0,0,30,0
1963618,6040,1,1,10,1
1963619,6040,1,1,100,0
1963620,6040,1,1,10,1
1963621,6040,1,1,10,1
1963622,6125,0,1,10,1
1963623,6125,0,1,10,1
1963624,6125,0,0,30,0
1963625,6200,1,1,30,0
1963626,6200,1,1,10,1
1963627,6200,0,0,30,0
1963628,6200,1,1,10,1
1963629,6200,0,0,30,0
1963630,6200,0,0,50,0
1963631,6200,1,1,10,1
1963632,6221,0,0,10,1
1963633,6200,0,0,30,0
1963634,6200,0,0,30,0
1963635,6210,0,0,30,0
1963636,6210,0,0,20,0
1963637,6222,0,0,80,0
1963639,6210,0,0,80,0
1963640,6210,0,1,10,1
1963641,6223,0,0,90,0
1963642,6210,0,0,80,0
1963643,6223,0,0,90,0
1963644,6222,0,0,90,0
1963645,6222,0,0,80,0
1963646,6210,1,1,10,1
1963647,6210,0,0,80,0
1963648,6224,0,1,20,0
1963649,6222,0,0,80,0
1963650,6210,1,1,10,1
1963651,6210,0,0,90,0
1963652,6222,0,0,80,0
1963653,6210,0,0,80,0
1963655,6210,0,0,90,0
1963656,6222,0,0,80,0
1963657,6210,0,0,80,0
1963658,6223,0,0,90,0
1963659,6223,0,0,90,0
1963660,6222,0,0,80,0
1963661,6210,1,1,10,1
1963662,6006,0,0,30,0
1963663,6006,0,0,30,0
1963664,6006,0,0,30,0
1963665,6222,0,0,80,0
1963666,6006,0,0,30,0
1963667,6006,0,0,30,0
1963668,6006,0,0,30,0
1963669,6006,0,0,30,0
1963670,6006,0,0,30,0
1963671,6006,0,0,30,0
1963672,6006,0,0,30,0
1963673,6006,0,0,30,0
1963674,6006,0,0,30,0
1963675,6014,0,0,30,0
1963676,6014,0,0,30,0
1963677,6014,0,0,30,0
1963678,6014,0,0,60,0
1963679,6014,0,0,30,0
1963680,6014,0,0,30,0
1963681,6014,0,0,100,0
1963682,6014,0,0,30,0
1963683,6014,0,0,60,0
1963684,6014,0,0,100,0
1963685,6014,0,0,30,0
1963686,6014,0,0,100,0
1963687,6014,0,0,100,0
1963688,6226,0,0,100,0
1963689,6014,0,0,100,0
1963690,6014,0,0,60,0
1963691,6014,0,0,30,0
1963692,6014,0,1,30,0
1963693,6014,0,0,30,0
1963694,6014,0,0,30,0
1963695,6014,0,0,30,0
1963696,6014,0,0,30,0
1963697,6014,0,0,30,0
1963698,6014,0,0,60,0
1963699,6014,0,0,60,0
1963700,6014,0,0,30,0
1963701,6014,0,0,100,0
1963702,6014,0,0,60,0
1963703,6014,0,0,100,0
1963704,6014,0,0,30,0
1963705,6014,0,0,60,0
1963706,6014,0,0,30,0
1963707,6014,0,0,60,0
1963708,6014,0,0,30,0
1963709,6014,0,0,30,0
1963710,6014,0,0,100,0
1963711,6014,1,1,10,1
1963712,6014,1,1,10,1
1963713,6014,0,0,100,0
1963714,6014,0,0,100,0
1963715,6014,0,0,30,0
1963716,6014,0,0,60,0
1963717,6014,0,0,60,0
1963718,6014,0,0,30,0
1963719,6014,0,0,100,0
1963720,6014,0,0,30,0
1963721,6014,0,0,100,0
1963722,6014,0,0,30,0
1963723,6014,0,0,30,0
1963724,6014,0,0,30,0
1963725,6014,0,0,60,0
1963726,6014,0,0,100,0
1963727,6014,0,0,60,0
1963728,6025,0,0,30,0
1963729,6025,1,1,10,1
1963730,6025,1,1,10,1
1963731,6025,0,0,30,0
1963732,6025,0,0,30,0
1963733,6025,1,1,10,1
1963734,6025,1,1,10,1
1963735,6223,0,0,90,0
1963736,6025,0,0,40,0
1963737,6025,1,1,10,1
1963738,6025,0,0,40,0
1963739,6025,0,0,30,0
1963740,6025,1,1,10,1
1963741,6025,0,0,40,0
1963742,6025,1,1,10,1
1963743,6025,0,0,40,0
1963744,6025,1,1,10,1
1963745,6025,1,1,10,1
1963746,6025,1,1,10,1
1963747,6025,1,1,10,1
1963748,6025,1,1,10,1
1963749,6025,1,1,10,1
1963750,6025,1,1,10,1
1963751,6025,0,0,30,0
1963752,6025,0,0,30,0
1963753,6025,1,1,10,1
1963754,6025,0,0,30,0
1963755,6025,0,1,10,1
1963756,6025,0,0,40,0
1963757,6025,1,1,10,1
1963758,6025,1,1,10,1
1963759,6025,1,1,10,1
1963760,6025,1,1,10,1
1963761,6025,0,0,30,0
1963762,6025,0,0,40,0
1963763,6025,0,1,10,1
1963764,6025,0,0,30,0
1963765,6025,0,0,40,0
1963766,6025,1,1,10,1
1963767,6025,1,1,10,1
1963768,6223,0,0,90,0
1963769,6224,0,0,30,0
1963770,6222,0,0,80,0
1963771,6027,1,1,10,1
1963772,6027,1,1,10,1
1963773,6027,0,0,90,0
1963774,6027,1,1,10,1
1963775,6027,1,1,10,1
1963776,6027,1,1,10,1
1963777,6027,1,1,10,1
1963778,6027,1,1,10,1
1963779,6027,1,1,10,1
1963780,6223,0,0,30,0
1963781,6027,1,1,10,1
1963782,6027,0,0,30,0
1963783,6027,1,1,10,1
1963784,6027,1,1,10,1
1963785,6027,1,1,10,1
1963786,6222,0,0,80,0
1963787,6027,1,1,10,1
1963788,6027,1,1,10,1
1963789,6223,0,0,30,0
1963790,6027,1,1,10,1
1963791,6027,0,0,30,0
1963792,6027,0,0,90,0
1963793,6027,0,1,10,1
1963794,6027,1,1,10,1
1963795,6027,1,1,30,0
1963796,6027,1,1,10,1
1963797,6027,1,1,10,1
1963798,6027,1,1,10,1
1963799,6027,1,1,10,1
1963800,6027,1,1,10,1
1963801,6222,0,0,80,0
1963802,6027,1,1,10,1
1963803,6027,1,1,10,1
1963804,6027,1,1,10,1
1963805,6027,1,1,10,1
1963806,6027,0,1,10,1
1963807,6027,1,1,10,1
1963808,6027,1,1,10,1
1963809,6027,1,1,10,1
1963810,6027,1,1,10,1
1963811,6027,1,1,10,1
1963812,6027,1,1,10,1
1963813,6027,1,1,10,1
1963814,6027,1,1,10,1
1963815,6027,1,1,10,1
1963816,6223,0,0,90,0
1963817,6027,0,1,10,1
1963818,6027,1,1,10,1
1963819,6027,1,1,10,1
1963820,6027,1,1,10,1
1963821,6027,1,1,10,1
1963822,6027,0,0,40,0
1963823,6027,1,1,10,1
1963824,6027,1,1,10,1
1963825,6027,1,1,10,1
1963826,6027,1,1,10,1
1963827,6027,1,1,10,1
1963828,6027,0,1,10,1
1963829,6027,1,1,10,1
1963830,6027,1,1,10,1
1963831,6027,1,1,10,1
1963832,6027,1,1,10,1
1963833,6027,1,1,10,1
1963834,6027,1,1,10,1
1963835,6027,1,1,10,1
1963836,6027,1,1,10,1
1963837,6027,1,1,10,1
1963838,6027,1,1,10,1
1963839,6027,1,1,10,1
1963840,6027,1,1,10,1
1963841,6027,1,1,10,1
1963842,6027,1,1,10,1
1963843,6027,1,1,10,1
1963844,6027,1,1,10,1
1963845,6224,0,0,80,0
1963846,6027,1,1,10,1
1963847,6027,1,1,10,1
1963848,6027,1,1,10,1
1963849,6027,1,1,10,1
1963850,6027,1,1,10,1
1963851,6027,0,0,30,0
1963852,6027,1,1,10,1
1963853,6027,1,1,10,1
1963854,6027,1,1,10,1
1963855,6027,1,1,10,1
1963856,6027,1,1,10,1
1963857,6027,1,1,10,1
1963858,6224,0,0,90,0
1963859,6027,1,1,10,1
1963860,6027,0,0,10,1
1963861,6027,1,1,10,1
1963862,6106,0,0,30,0
1963863,6106,0,0,40,0
1963864,6106,0,0,20,0
1963865,6106,0,0,40,0
1963866,6106,1,1,10,1
1963867,6221,0,0,50,0
1963868,6223,0,0,90,0
1963869,6106,0,0,30,0
1963870,6106,0,0,30,0
1963871,6106,0,0,30,0
1963872,6106,0,0,30,0
1963873,6106,0,0,30,0
1963874,6106,0,0,30,0
1963875,6223,0,0,90,0
1963876,6106,0,0,30,0
1963877,6106,0,0,30,0
1963878,6223,0,0,90,0
1963879,6106,0,0,90,0
1963880,6114,0,0,30,0
1963881,6114,0,1,10,1
1963882,6114,0,0,30,0
1963883,6114,1,1,10,1
1963884,6114,1,1,10,1
1963885,6114,0,0,40,0
1963886,6114,0,0,30,0
1963887,6114,0,0,60,0
1963888,6114,1,1,10,1
1963889,6114,0,0,30,0
1963890,6114,1,1,10,1
1963891,6114,1,1,10,1
1963892,6114,1,1,10,1
1963893,6114,1,1,10,1
1963894,6114,1,1,10,1
1963895,6114,1,1,10,1
1963896,6114,0,0,40,0
1963897,6114,1,1,10,1
1963898,6114,0,0,30,0
1963899,6114,0,0,30,0
1963900,6114,0,0,30,0
1963901,6114,0,0,60,0
1963902,6114,0,0,30,0
1963903,6114,0,0,30,0
1963904,6114,1,1,10,1
1963905,6114,0,0,30,0
1963906,6114,1,1,10,1
1963907,6114,0,0,30,0
1963908,6114,0,0,30,0
1963909,6114,1,1,10,1
1963910,6114,0,0,30,0
1963911,6114,1,1,10,1
1963912,6114,0,0,30,0
1963913,6114,0,0,30,0
1963914,6114,0,0,100,0
1963915,6223,0,0,40,0
1963916,6114,0,0,30,0
1963917,6114,1,1,10,1
1963918,6114,1,1,10,1
1963919,6114,0,0,30,0
1963920,6114,0,0,30,0
1963921,6114,0,0,30,0
1963922,6221,0,0,40,0
1963923,6114,0,0,40,0
1963924,6114,0,0,30,0
1963925,6114,1,1,10,1
1963926,6114,0,0,30,0
1963927,6114,1,1,10,1
1963928,6114,0,0,100,0
1963929,6114,0,0,30,0
1963930,6114,0,0,40,0
1963931,6114,0,0,40,0
1963932,6114,1,1,10,1
1963933,6114,1,1,10,1
1963934,6114,1,1,10,1
1963935,6114,0,0,30,0
1963936,6114,1,1,10,1
1963937,6114,1,1,10,1
1963938,6114,1,1,10,1
1963939,6114,0,0,60,0
1963940,6114,1,1,10,1
1963941,6114,0,0,30,0
1963942,6114,0,0,30,0
1963943,6114,1,1,10,1
1963944,6114,0,0,30,0
1963945,6114,0,0,60,0
1963946,6114,1,1,10,1
1963947,6114,0,0,30,0
1963948,6221,0,0,50,0
1963949,6125,1,1,10,1
1963950,6125,1,1,10,1
1963951,6125,1,1,10,1
1963952,6125,1,1,10,1
1963953,6125,0,1,10,1
1963954,6125,0,0,30,0
1963955,6125,0,0,30,0
1963956,6125,1,1,10,1
1963957,6125,0,0,40,0
1963958,6125,0,0,40,0
1963959,6125,1,1,10,1
1963960,6125,1,1,10,1
1963961,6125,0,0,40,0
1963962,6125,0,0,40,0
1963963,6125,0,0,40,0
1963964,6125,0,0,30,0
1963965,6125,0,0,40,0
1963966,6125,0,0,30,0
1963967,6125,0,0,30,0
1963968,6125,0,1,10,1
1963969,6125,0,0,30,0
1963970,6125,1,1,10,1
1963971,6125,1,1,10,1
1963972,6125,1,1,10,1
1963973,6222,0,0,80,0
1963974,6125,0,0,30,0
1963975,6125,1,1,10,1
1963976,6125,0,0,40,0
1963977,6125,1,1,10,1
1963978,6125,1,1,10,1
1963979,6125,1,1,10,1
1963980,6125,0,1,10,1
1963981,6125,1,1,10,1
1963982,6125,0,0,40,0
1963983,6125,0,0,30,0
1963984,6125,0,0,40,0
1963985,6125,0,0,30,0
1963986,6125,1,1,10,1
1963987,6125,0,0,40,0
1963988,6125,1,0,10,1
1963989,6125,0,0,40,0
1963990,6125,0,0,40,0
1963991,6125,0,0,30,0
1963992,6125,1,1,10,1
1963993,6125,0,0,30,0
1963994,6125,0,0,40,0
1963995,6125,1,1,10,1
1963996,6125,0,1,30,0
1963997,6125,0,0,40,0
1963998,6125,0,0,40,0
1963999,6125,0,0,40,0
1964000,6125,0,0,80,0
1964001,6125,0,0,40,0
1964002,6125,0,0,40,0
1964003,6125,0,0,30,0
1964004,6125,0,0,40,0
1964005,6125,0,0,10,1
1964006,6125,1,0,30,0
1964007,6125,1,1,10,1
1964008,6125,0,0,30,0
1964009,6125,0,0,30,0
1964010,6125,0,0,30,0
1964011,6125,0,0,40,0
1964012,6125,0,0,40,0
1964013,6125,1,1,10,1
1964014,6125,0,0,30,0
1964015,6125,1,1,10,1
1964016,6125,1,1,10,1
1964017,6125,0,1,10,1
1964018,6125,0,0,40,0
1964019,6125,0,0,40,0
1964020,6125,1,1,10,1
1964021,6125,0,1,10,1
1964022,6125,0,1,10,1
1964023,6125,0,0,40,0
1964024,6125,1,1,10,1
1964025,6125,0,1,30,0
1964026,6125,0,0,40,0
1964027,6125,0,0,40,0
1964028,6125,0,0,40,0
1964029,6125,0,0,40,0
1964030,6125,0,0,50,0
1964031,6125,0,0,30,0
1964032,6125,0,0,30,0
1964033,6125,0,0,40,0
1964034,6125,0,0,40,0
1964035,6125,0,0,30,0
1964036,6125,0,0,40,0
1964037,6125,0,0,30,0
1964038,6125,1,1,10,1
1964039,6125,0,0,30,0
1964040,6125,0,0,10,1
1964041,6125,0,0,40,0
1964042,6125,0,0,40,0
1964043,6125,0,0,30,0
1964044,6125,0,0,30,0
1964045,6125,1,1,10,1
1964046,6125,0,0,30,0
1964047,6125,0,0,40,0
1964048,6125,1,1,10,1
1964049,6125,0,0,40,0
1964050,6125,0,0,40,0
1964051,6125,0,1,10,1
1964052,6125,0,0,30,0
1964053,6125,1,1,10,1
1964054,6125,0,0,30,0
1964055,6125,0,0,40,0
1964056,6125,0,0,30,0
1964057,6125,0,0,40,0
1964058,6125,0,0,40,0
1964059,6125,0,0,40,0
1964060,6125,1,1,10,1
1964061,6125,0,0,30,0
1964062,6125,0,0,40,0
1964063,6125,1,1,10,1
1964064,6125,0,0,30,0
1964065,6125,0,0,40,0
1964066,6125,0,0,40,0
1964067,6125,1,1,10,1
1964068,6125,1,1,10,1
1964069,6125,1,1,10,1
1964070,6125,1,1,10,1
1964071,6125,0,0,40,0
1964072,6125,0,0,30,0
1964073,6125,1,1,10,1
1964074,6125,1,1,10,1
1964075,6125,1,1,10,1
1964076,6125,1,1,10,1
1964077,6125,0,0,30,0
1964078,6125,0,0,40,0
1964079,6125,1,1,10,1
1964080,6125,1,1,10,1
1964081,6125,0,0,40,0
1964082,6125,0,0,40,0
1964083,6125,0,0,40,0
1964084,6125,1,1,10,1
1964085,6125,0,0,30,0
1964086,6125,0,0,30,0
1964087,6125,1,1,10,1
1964088,6125,1,1,10,1
1964089,6125,0,0,40,0
1964090,6125,0,0,40,0
1964091,6125,1,1,10,1
1964092,6125,0,0,30,0
1964093,6125,0,0,10,1
1964094,6125,0,0,40,0
1964095,6125,0,0,40,0
1964096,6125,0,0,40,0
1964097,6125,0,0,40,0
1964098,6125,0,0,40,0
1964099,6125,1,1,10,1
1964100,6125,0,0,40,0
1964101,6125,0,0,40,0
1964102,6125,1,1,10,1
1964103,6125,0,0,40,0
1964104,6125,0,0,30,0
1964105,6125,0,0,30,0
1964106,6125,1,1,10,1
1964107,6125,1,0,30,0
1964108,6125,0,0,40,0
1964109,6125,0,0,40,0
1964110,6125,0,0,40,0
1964111,6125,1,1,10,1
1964112,6125,0,0,30,0
1964113,6125,0,0,30,0
1964114,6125,0,0,30,0
1964115,6125,0,0,40,0
1964116,6125,0,0,30,0
1964117,6125,0,0,40,0
1964118,6125,1,1,10,1
1964119,6125,0,0,40,0
1964120,6125,1,1,10,1
1964121,6125,0,0,30,0
1964122,6125,1,1,10,1
1964123,6125,0,0,40,0
1964124,6125,0,0,40,0
1964125,6125,0,0,40,0
1964126,6125,1,1,10,1
1964127,6125,1,1,10,1
1964128,6125,0,0,40,0
1964129,6125,0,0,40,0
1964130,6125,0,0,30,0
1964131,6222,0,0,80,0
1964132,6125,0,1,30,0
1964133,6125,0,0,30,0
1964134,6125,1,1,10,1
1964135,6125,1,1,10,1
1964136,6125,0,0,40,0
1964137,6125,1,1,10,1
1964138,6125,0,1,10,1
1964139,6125,0,0,40,0
1964140,6125,0,0,40,0
1964141,6125,1,1,10,1
1964142,6125,1,1,10,1
1964143,6125,0,0,30,0
1964144,6125,0,1,10,1
1964145,6125,0,0,80,0
1964146,6125,1,1,10,1
1964147,6125,1,1,10,1
1964148,6125,1,1,10,1
1964149,6125,1,1,10,1
1964150,6125,0,0,40,0
1964151,6125,1,1,10,1
1964152,6125,0,0,40,0
1964153,6125,1,1,10,1
1964154,6125,0,0,30,0
1964155,6125,0,0,40,0
1964156,6125,1,1,10,1
1964157,6125,1,1,10,1
1964158,6125,0,0,30,0
1964159,6125,0,0,30,0
1964160,6125,1,1,10,1
1964161,6200,0,0,60,0
1964162,6200,0,0,30,0
1964163,6200,1,1,10,1
1964164,6221,0,0,10,1
1964165,6221,0,0,50,0
1964166,6200,0,0,30,0
1964167,6221,0,0,10,1
1964168,6200,0,0,30,0
1964169,6221,0,0,50,0
1964170,6221,0,0,50,0
1964171,6200,0,0,60,0
1964172,6200,0,0,30,0
1964173,6221,0,0,50,0
1964174,6200,1,1,10,1
1964175,6200,0,0,40,0
1964176,6200,0,0,30,0
1964177,6200,0,0,40,0
1964178,6200,0,1,10,1
1964179,6221,0,0,40,0
1964180,6200,0,0,40,0
1964181,6200,0,0,60,0
1964182,6223,0,0,90,0
1964183,6200,0,0,50,0
1964184,6200,0,1,10,1
1964185,6200,0,0,30,0
1964186,6200,0,0,30,0
1964187,6200,0,0,30,0
1964188,6200,1,1,10,1
1964189,6221,0,0,50,0
1964190,6200,0,0,90,0
1964191,6221,0,0,50,0
1964192,6200,0,0,80,0
1964193,6221,0,0,30,0
1964194,6200,1,1,10,1
1964195,6200,1,1,10,1
1964196,6200,0,0,50,0
1964197,6200,1,1,10,1
1964198,6221,0,0,80,0
1964199,6200,1,1,10,1
1964200,6200,1,1,10,1
1964201,6221,0,0,40,0
1964202,6200,0,0,30,0
1964203,6200,0,1,10,1
1964204,6200,1,1,10,1
1964205,6200,1,0,10,1
1964206,6200,0,0,40,0
1964207,6200,0,0,40,0
1964208,6200,0,0,40,0
1964209,6200,0,0,30,0
1964210,6200,0,0,10,1
1964211,6200,0,0,30,0
1964212,6200,1,1,10,1
1964213,6221,0,0,30,0
1964214,6200,1,1,10,1
1964215,6200,1,1,10,1
1964216,6200,1,1,10,1
1964217,6222,0,0,80,0
1964218,6221,0,0,50,0
1964219,6200,0,0,30,0
1964220,6200,0,0,80,0
1964221,6200,1,1,10,1
1964222,6222,0,0,80,0
1964223,6200,1,1,10,1
1964224,6200,0,0,40,0
1964225,6200,0,0,40,0
1964226,6200,0,0,30,0
1964227,6200,1,1,10,1
1964228,6200,0,0,50,0
1964229,6200,1,1,10,1
1964230,6200,0,0,10,1
1964231,6200,0,0,40,0
1964232,6200,0,0,10,1
1964233,6221,0,0,10,1
1964234,6221,0,0,50,0
1964235,6221,0,0,50,0
1964236,6200,0,0,40,0
1964237,6200,0,0,40,0
1964238,6200,1,1,10,1
1964239,6200,1,1,10,1
1964240,6223,0,0,90,0
1964241,6221,0,0,50,0
1964242,6200,0,0,30,0
1964243,6200,0,0,40,0
1964244,6223,0,0,90,0
1964245,6200,1,1,10,1
1964246,6200,0,0,50,0
1964247,6222,0,0,80,0
1964248,6210,0,0,20,0
1964249,6222,0,0,80,0
1964250,6222,0,0,80,0
1964251,6210,0,0,90,0
1964252,6222,0,0,80,0
1964253,6210,1,1,10,1
1964254,6222,0,0,80,0
1964255,6222,0,0,80,0
1964256,6222,0,0,80,0
1964257,6210,0,1,10,1
1964258,6222,0,0,80,0
1964259,6222,0,0,80,0
1964260,6210,0,1,10,1
1964261,6222,0,0,80,0
1964262,6222,0,0,80,0
1964263,6222,0,0,80,0
1964264,6222,0,0,80,0
1964265,6222,0,0,80,0
1964266,6025,1,1,10,1
1964267,6025,0,0,30,0
1964268,6025,1,1,10,1
1964269,6025,0,1,30,0
1964270,6027,1,1,10,1
1964271,6027,0,0,90,0
1964272,6027,0,0,90,0
1964273,6223,0,0,90,0
1964274,6223,0,0,20,0
1964275,6027,0,0,30,0
1964276,6027,0,0,30,0
1964277,6223,0,0,30,0
1964278,6027,0,0,30,0
1964279,6027,0,0,100,0
1964280,6224,1,1,10,1
1964281,6224,0,0,90,0
1964282,6027,0,0,90,0
1964283,6027,0,0,90,0
1964284,6027,1,1,10,1
1964285,6027,0,0,30,0
1964286,6027,0,0,30,0
1964287,6227,0,0,100,0
1964288,6027,1,1,10,1
1964289,6223,0,1,20,0
1964290,6223,0,0,90,0
1964291,6027,0,1,10,1
1964292,6027,0,0,30,0
1964293,6027,1,1,10,1
1964294,6027,0,0,30,0
1964295,6027,1,1,10,1
1964296,6224,0,1,10,1
1964297,6223,0,1,10,1
1964298,6223,0,0,80,0
1964299,6027,1,1,10,1
1964300,6027,0,1,10,1
1964301,6027,1,1,10,1
1964302,6027,1,0,10,1
1964303,6027,0,0,30,0
1964304,6027,0,0,30,0
1964305,6027,0,0,90,0
1964306,6223,0,0,90,0
1964307,6027,1,1,10,1
1964308,6027,1,0,30,0
1964309,6223,0,0,90,0
1964310,6027,1,1,10,1
1964311,6223,0,0,30,0
1964312,6027,0,0,100,0
1964313,6027,0,1,10,1
1964314,6223,0,0,80,0
1964315,6027,0,0,30,0
1964316,6027,0,0,30,0
1964317,6027,0,1,10,1
1964318,6027,0,1,10,1
1964319,6027,1,1,10,1
1964320,6027,1,1,10,1
1964321,6027,0,0,100,0
1964322,6223,0,0,90,0
1964323,6223,0,0,20,0
1964324,6027,1,1,10,1
1964325,6027,0,0,100,0
1964326,6027,1,1,10,1
1964327,6223,0,0,90,0
1964328,6027,0,0,30,0
1964329,6027,1,1,10,1
1964330,6027,0,0,30,0
1964331,6027,0,0,100,0
1964332,6027,0,1,100,0
1964333,6027,0,0,30,0
1964334,6027,1,0,30,0
1964335,6224,0,1,20,0
1964336,6027,0,0,60,0
1964337,6224,0,0,90,0
1964338,6222,0,0,30,0
1964339,6027,0,0,100,0
1964340,6027,1,1,10,1
1964341,6027,1,1,10,1
1964342,6027,1,1,30,0
1964343,6027,0,1,10,1
1964344,6027,1,1,10,1
1964345,6224,0,0,80,0
1964346,6027,1,1,10,1
1964347,6027,0,1,10,1
1964348,6027,0,0,90,0
1964349,6027,0,0,90,0
1964350,6227,0,0,90,0
1964351,6027,0,0,30,0
1964352,6027,0,1,10,1
1964353,6027,0,0,30,0
1964354,6027,0,0,100,0
1964355,6027,1,1,10,1
1964356,6027,0,0,30,0
1964357,6027,0,0,90,0
1964358,6224,0,1,10,1
1964359,6027,0,1,10,1
1964360,6027,0,1,10,1
1964361,6027,0,0,90,0
1964362,6027,1,1,10,1
1964363,6027,1,1,10,1
1964364,6027,0,0,20,0
1964365,6027,0,1,10,1
1964366,6027,0,0,30,0
1964367,6027,1,1,10,1
1964368,6223,0,0,90,0
1964369,6027,0,0,100,0
1964370,6027,0,1,10,1
1964371,6027,0,0,30,0
1964372,6222,0,0,80,0
1964373,6027,0,1,10,1
1964374,6027,1,1,10,1
1964375,6027,1,1,10,1
1964376,6223,0,0,90,0
1964377,6027,1,1,10,1
1964378,6027,0,0,90,0
1964379,6223,0,0,90,0
1964380,6027,0,0,90,0
1964381,6222,0,0,80,0
1964382,6027,0,0,100,0
1964383,6027,1,1,10,1
1964384,6027,0,0,100,0
1964385,6027,0,0,30,0
1964386,6223,0,0,90,0
1964387,6224,0,0,20,0
1964388,6027,0,0,20,0
1964389,6224,0,0,20,0
1964390,6027,0,0,90,0
1964391,6027,1,1,10,1
1964392,6223,0,0,90,0
1964393,6027,1,1,10,1
1964394,6027,0,0,100,0
1964395,6029,0,0,90,0
1964396,6029,0,0,90,0
1964397,6029,0,0,30,0
1964398,6029,0,0,90,0
1964399,6029,0,0,30,0
1964400,6029,0,0,30,0
1964401,6029,0,0,90,0
1964402,6227,0,0,60,0
1964403,6029,0,0,90,0
1964404,6029,0,0,90,0
1964405,6029,0,0,90,0
1964406,6029,0,0,90,0
1964407,6227,0,0,100,0
1964408,6029,0,0,30,0
1964409,6029,0,0,30,0
1964410,6029,0,0,30,0
1964411,6222,0,0,80,0
1964412,6029,0,0,90,0
1964413,6029,0,0,30,0
1964414,6029,0,0,30,0
1964415,6029,0,0,100,0
1964416,6029,0,0,30,0
1964417,6223,0,0,80,0
1964418,6029,0,0,100,0
1964419,6029,0,0,90,0
1964420,6223,0,0,80,0
1964421,6029,0,0,30,0
1964422,6029,0,0,100,0
1964423,6029,0,0,100,0
1964424,6029,0,0,30,0
1964425,6029,0,0,30,0
1964426,6029,0,0,90,0
1964427,6029,0,0,100,0
1964428,6029,0,0,100,0
1964429,6029,0,0,90,0
1964430,6029,0,0,30,0
1964431,6029,0,0,30,0
1964432,6029,0,0,30,0
1964433,6029,0,0,100,0
1964434,6029,0,0,90,0
1964435,6029,0,0,100,0
1964436,6029,0,0,30,0
1964437,6227,0,0,100,0
1964438,6029,0,0,100,0
1964439,6029,0,0,30,0
1964440,6029,0,0,90,0
1964441,6029,0,0,90,0
1964442,6029,0,0,30,0
1964443,6223,0,0,90,0
1964444,6029,0,0,30,0
1964445,6227,0,0,100,0
1964446,6029,0,0,30,0
1964447,6029,0,0,100,0
1964448,6029,0,0,90,0
1964449,6029,0,0,100,0
1964450,6029,0,0,30,0
1964451,6029,0,0,30,0
1964452,6029,0,0,90,0
1964453,6227,0,0,100,0
1964454,6029,0,0,30,0
1964455,6029,0,0,30,0
1964456,6029,0,0,90,0
1964457,6030,0,0,60,0
1964458,6030,0,0,100,0
1964459,6030,0,0,60,0
1964460,6030,0,0,100,0
1964462,6030,0,0,70,0
1964463,6030,0,0,70,0
1964468,6030,0,0,60,0
1964469,6030,0,0,70,0
1964471,6030,0,0,80,0
1964472,6030,0,0,60,0
1964473,6030,0,0,60,0
1964475,6030,0,0,70,0
1964476,6030,0,0,70,0
1964478,6030,0,0,80,0
1964480,6030,0,0,60,0
1964483,6030,0,0,70,0
1964484,6030,0,0,70,0
1964485,6030,0,0,70,0
1964486,6030,0,0,100,0
1964492,6030,0,0,70,0
1964494,6030,0,0,60,0
1964495,6030,0,0,70,0
1964498,6030,0,0,100,0
1964499,6030,0,0,60,0
1964501,6030,0,0,100,0
1964502,6030,0,0,70,0
1964503,6030,0,0,90,0
1964505,6030,0,0,100,0
1964506,6030,0,0,100,0
1964507,6030,0,0,90,0
1964508,6030,0,0,90,0
1964509,6030,0,0,70,0
1964511,6030,0,0,70,0
1964512,6125,1,1,10,1
1964513,6125,1,1,30,0
1964514,6125,0,1,10,1
1964515,6125,0,0,40,0
1964516,6125,0,0,40,0
1964517,6125,1,1,10,1
1964518,6200,1,1,10,1
1964519,6200,1,1,10,1
1964520,6221,0,0,50,0
1964521,6224,0,0,90,0
1964522,6200,1,1,10,1
1964523,6221,0,0,50,0
1964524,6221,0,0,80,0
1964525,6200,1,1,10,1
1964526,6200,1,1,10,1
1964527,6200,1,1,10,1
1964528,6200,1,1,10,1
1964529,6224,0,0,30,0
1964530,6210,0,0,90,0
1964531,6210,0,0,30,0
1964532,6223,0,0,90,0
1964533,6222,0,0,80,0
1964534,6223,0,0,90,0
1964535,6210,0,0,80,0
1964536,6222,0,0,80,0
1964537,6223,0,0,90,0
1964538,6222,0,0,80,0
1964539,6210,0,0,30,0
1964540,6210,0,0,30,0
1964541,6210,0,0,90,0
1964542,6210,0,0,90,0
1964543,6222,0,0,80,0
1964544,6210,0,0,30,0
1964545,6210,0,0,100,0
1964546,6210,0,0,30,0
1964547,6210,0,0,60,0
1964548,6223,0,0,90,0
1964549,6210,1,1,10,1
1964550,6222,0,0,80,0
1964551,6222,0,0,80,0
1964552,6223,0,0,30,0
1964553,6210,0,0,30,0
1964554,6210,0,1,10,1
1964555,4004,0,0,60,0
1964556,4004,0,0,60,0
1964557,4004,0,0,60,0
1964558,4004,0,0,60,0
1964559,4004,0,0,60,0
1964560,4004,0,0,60,0
1964561,4004,0,0,60,0
1964562,4006,0,0,60,0
1964563,4006,0,0,30,0
1964564,4006,0,0,60,0
1964565,4006,1,1,10,1
1964566,4014,1,1,10,1
1964567,4014,1,1,10,1
1964568,4014,1,1,10,1
1964569,4014,1,1,10,1
1964570,4015,1,0,10,1
1964571,4015,0,1,10,1
1964572,4015,0,0,30,0
1964573,4015,1,1,30,0
1964574,4015,1,1,10,1
1964575,4015,0,1,10,1
1964576,4015,0,1,10,1
1964577,4015,0,1,30,0
1964578,4015,1,1,10,1
1964579,4015,0,1,10,1
1964580,4015,1,1,10,1
1964581,4015,0,1,10,1
1964582,4015,0,1,10,1
1964583,4015,0,1,10,1
1964584,4015,1,1,10,1
1964585,4015,0,0,10,1
1964586,4015,1,1,10,1
1964587,4015,0,1,30,0
1964588,4015,1,0,10,1
1964589,4015,1,1,10,1
1964590,4015,0,0,30,0
1964591,4015,0,1,30,0
1964592,4015,0,1,10,1
1964593,4015,1,1,10,1
1964594,4015,0,0,10,1
1964595,4015,1,1,10,1
1964596,4015,0,0,30,0
1964597,4015,1,1,10,1
1964598,4015,0,0,10,1
1964599,4015,0,1,10,1
1964600,4015,1,1,10,1
1964601,4015,1,1,10,1
1964602,4015,1,0,10,1
1964603,4015,0,1,30,0
1964604,4015,1,1,10,1
1964605,4015,0,1,10,1
1964606,4015,0,1,30,0
1964607,4015,0,1,10,1
1964608,4015,1,1,10,1
1964609,4015,1,1,10,1
1964610,4015,1,1,10,1
1964611,4015,1,1,10,1
1964612,4015,0,0,10,1
1964613,4015,1,1,10,1
1964614,4015,0,1,10,1
1964615,4101,1,1,10,1
1964616,4102,1,0,10,1
1964617,4102,1,1,10,1
1964618,4102,0,1,10,1
1964619,4102,1,0,10,1
1964620,4102,0,0,10,1
1964621,4102,1,1,10,1
1964622,4102,1,1,10,1
1964623,4102,0,0,40,0
1964624,4102,0,0,30,0
1964625,4102,0,1,60,0
1964626,4102,1,1,10,1
1964627,4102,0,1,10,1
1964628,4102,0,0,40,0
1964629,4102,1,0,10,1
1964631,4102,1,1,10,1
1964632,4102,1,1,10,1
1964633,4102,1,1,10,1
1964634,4102,0,1,10,1
1964635,4102,1,0,10,1
1964636,4102,0,0,10,1
1964637,4102,0,0,40,0
1964638,4102,1,1,10,1
1964639,4103,0,0,40,0
1964640,4103,1,1,10,1
1964641,4103,0,0,40,0
1964642,4103,0,0,10,1
1964643,4103,0,0,30,0
1964644,4103,0,0,40,0
1964645,4103,0,0,30,0
1964646,4103,0,1,10,1
1964647,4103,0,0,40,0
1964648,4103,0,0,40,0
1964649,4103,0,0,50,0
1964650,4103,0,0,40,0
1964651,4103,1,1,10,1
1964652,4103,0,0,40,0
1964653,4103,0,0,40,0
1964654,4103,0,0,40,0
1964655,4103,1,1,10,1
1964656,4103,0,0,40,0
1964657,4103,1,1,10,1
1964658,4224,0,1,10,1
1964659,4103,0,0,10,1
1964660,4103,0,0,40,0
1964661,4103,1,0,10,1
1964662,4103,0,0,10,1
1964663,4103,0,0,40,0
1964664,4103,0,0,40,0
1964665,4103,0,0,40,0
1964666,4103,0,0,40,0
1964667,4103,0,0,40,0
1964668,4103,0,0,40,0
1964669,4103,0,1,10,1
1964670,4103,1,1,10,1
1964671,4103,1,1,10,1
1964672,4103,0,0,30,0
1964673,4103,0,0,40,0
1964674,4222,0,0,80,0
1964675,4103,0,0,40,0
1964676,4103,1,1,10,1
1964677,4103,0,0,60,0
1964678,4103,0,0,30,0
1964679,4103,1,1,10,1
1964680,4103,0,0,40,0
1964681,4103,1,1,10,1
1964682,4103,1,1,10,1
1964683,4103,0,0,80,0
1964684,4103,0,0,50,0
1964685,4103,0,0,40,0
1964686,4103,0,0,10,1
1964687,4103,0,0,40,0
1964688,4103,0,0,40,0
1964689,4223,0,0,80,0
1964690,4103,0,0,40,0
1964691,4222,0,0,80,0
1964692,4103,0,0,80,0
1964693,4103,0,0,40,0
1964694,4224,0,0,40,0
1964695,4103,1,0,30,0
1964696,4103,0,0,40,0
1964697,4103,0,0,40,0
1964698,4103,0,1,10,1
1964699,4103,0,0,40,0
1964700,4103,0,0,30,0
1964701,4103,1,1,10,1
1964702,4103,0,0,40,0
1964703,4103,0,0,40,0
1964704,4103,0,0,40,0
1964705,4103,0,0,40,0
1964706,4103,0,0,40,0
1964707,4224,0,0,30,0
1964708,4103,0,0,40,0
1964709,4103,1,1,10,1
1964710,4103,0,0,40,0
1964711,4103,0,0,60,0
1964712,4103,0,0,40,0
1964713,4103,1,1,10,1
1964714,4103,1,0,10,1
1964715,4103,1,1,10,1
1964716,4103,0,0,10,1
1964717,4103,0,0,40,0
1964718,4103,0,0,40,0
1964719,4103,0,0,40,0
1964720,4103,0,0,40,0
1964721,4103,0,0,40,0
1964722,4103,0,0,40,0
1964723,4223,0,0,90,0
1964724,4103,0,0,40,0
1964725,4103,1,1,10,1
1964726,4103,0,0,30,0
1964727,4103,0,0,40,0
1964728,4103,1,0,30,0
1964729,4103,0,0,40,0
1964730,4103,0,0,40,0
1964731,4103,0,0,10,1
1964732,4224,0,0,40,0
1964733,4103,0,0,30,0
1964734,4103,0,0,10,1
1964735,4103,0,0,60,0
1964736,4103,0,0,40,0
1964737,4103,1,1,10,1
1964738,4103,0,0,40,0
1964739,4103,0,0,30,0
1964740,4103,0,0,40,0
1964741,4103,0,0,40,0
1964742,4103,0,0,40,0
1964743,4103,0,0,20,0
1964744,4103,1,1,10,1
1964745,4103,0,0,40,0
1964746,4103,0,0,30,0
1964747,4103,1,1,10,1
1964748,4103,0,0,10,1
1964749,4103,0,0,40,0
1964750,4103,1,1,10,1
1964751,4103,1,1,10,1
1964752,4103,1,1,10,1
1964753,4103,0,0,40,0
1964754,4103,0,0,40,0
1964755,4103,0,1,20,0
1964756,4103,1,1,10,1
1964757,4103,0,1,40,0
1964758,4103,0,0,40,0
1964759,4103,0,0,30,0
1964760,4103,1,1,10,1
1964761,4103,0,0,40,0
1964762,4103,0,0,40,0
1964763,4103,0,0,40,0
1964764,4103,0,0,60,0
1964765,4103,0,0,40,0
1964766,4103,0,0,40,0
1964767,4103,0,0,40,0
1964768,4103,0,0,20,0
1964769,4103,1,1,10,1
1964770,4103,0,0,60,0
1964771,4103,1,1,10,1
1964772,4224,0,0,50,0
1964773,4103,0,0,40,0
1964774,4103,0,0,30,0
1964775,4103,0,0,30,0
1964776,4103,0,0,40,0
1964777,4103,1,0,10,1
1964778,4103,1,1,10,1
1964779,4103,0,0,40,0
1964780,4103,0,0,40,0
1964781,4103,0,0,40,0
1964782,4103,0,0,60,0
1964783,4221,0,0,40,0
1964784,4103,1,1,10,1
1964785,4103,1,1,10,1
1964786,4103,0,0,40,0
1964787,4103,0,0,40,0
1964788,4103,0,0,40,0
1964789,4103,0,0,40,0
1964790,4224,0,0,20,0
1964791,4224,0,0,60,0
1964792,4104,0,0,50,0
1964793,4226,0,0,70,0
1964794,4104,0,0,60,0
1964795,4104,0,0,60,0
1964796,4104,0,0,40,0
1964797,4104,0,0,60,0
1964798,4104,0,0,60,0
1964799,4104,0,0,40,0
1964800,4104,0,0,40,0
1964801,4104,0,0,60,0
1964802,4104,0,0,80,0
1964803,4104,0,0,20,0
1964804,4104,0,0,60,0
1964805,4104,0,0,40,0
1964806,4104,0,0,40,0
1964807,4104,0,0,60,0
1964808,4104,0,0,40,0
1964809,4104,0,0,60,0
1964810,4104,0,0,60,0
1964811,4104,0,0,60,0
1964812,4104,0,0,40,0
1964813,4104,0,0,60,0
1964814,4104,1,0,20,0
1964815,4104,0,0,40,0
1964816,4224,0,0,60,0
1964817,4224,0,0,60,0
1964818,4224,0,0,20,0
1964819,4224,0,0,20,0
1964820,4104,0,0,40,0
1964821,4224,0,0,60,0
1964822,4224,0,0,60,0
1964823,4104,0,0,20,0
1964824,4224,0,0,20,0
1964825,4224,0,0,60,0
1964826,4104,0,0,40,0
1964827,4104,0,0,40,0
1964828,4104,0,0,40,0
1964829,4104,0,0,60,0
1964830,4224,0,0,60,0
1964831,4104,0,0,60,0
1964832,4221,0,0,50,0
1964833,4106,0,0,60,0
1964834,4106,0,0,40,0
1964835,4106,0,0,20,0
1964836,4106,1,1,10,1
1964837,4106,0,0,40,0
1964838,4106,0,0,40,0
1964839,4106,0,0,60,0
1964840,4106,0,1,10,1
1964841,4106,0,0,40,0
1964842,4106,0,0,40,0
1964843,4106,0,0,40,0
1964844,4106,0,0,40,0
1964845,4226,0,0,70,0
1964846,4106,0,0,60,0
1964847,4106,0,0,60,0
1964848,4106,0,0,100,0
1964849,4106,0,0,40,0
1964850,4106,0,0,40,0
1964851,4106,0,0,60,0
1964852,4224,0,0,20,0
1964853,4106,0,0,60,0
1964854,4106,1,1,10,1
1964855,4106,0,0,60,0
1964856,4106,0,0,60,0
1964857,4106,1,1,10,1
1964858,4106,0,0,60,0
1964859,4106,0,0,30,0
1964860,4106,0,0,20,0
1964861,4106,0,0,40,0
1964862,4106,0,0,40,0
1964863,4106,0,0,60,0
1964864,4106,0,0,30,0
1964865,4106,0,0,60,0
1964866,4106,0,0,60,0
1964867,4106,1,0,20,0
1964868,4106,0,0,30,0
1964869,4224,0,0,20,0
1964870,4106,0,0,60,0
1964871,4106,0,0,40,0
1964872,4106,0,0,60,0
1964873,4106,1,1,10,1
1964874,4106,0,0,40,0
1964875,4106,0,0,40,0
1964876,4106,0,0,10,1
1964877,4106,0,0,40,0
1964878,4106,0,0,30,0
1964879,4106,0,0,40,0
1964880,4106,0,0,40,0
1964881,4106,0,0,60,0
1964882,4106,1,1,10,1
1964883,4106,0,0,60,0
1964884,4106,0,0,40,0
1964885,4106,1,1,10,1
1964886,4106,0,0,30,0
1964887,4106,0,0,60,0
1964888,4106,0,0,40,0
1964889,4106,0,0,50,0
1964890,4106,0,0,30,0
1964891,4224,0,1,20,0
1964892,4106,0,0,60,0
1964893,4106,0,0,60,0
1964894,4106,0,0,60,0
1964895,4106,0,0,60,0
1964896,4224,0,0,60,0
1964897,4106,0,0,40,0
1964898,4106,0,0,60,0
1964899,4106,0,0,40,0
1964900,4224,0,0,40,0
1964901,4106,0,0,40,0
1964902,4221,0,0,50,0
1964903,4106,0,0,60,0
1964904,4226,0,0,70,0
1964905,4106,0,1,10,1
1964906,4106,1,1,10,1
1964907,4106,0,0,40,0
1964908,4106,0,0,40,0
1964909,4106,0,0,40,0
1964910,4106,0,0,50,0
1964911,4106,0,0,40,0
1964912,4224,0,0,40,0
1964913,4224,1,0,20,0
1964914,4224,0,0,60,0
1964915,4106,0,0,40,0
1964916,4106,0,0,40,0
1964917,4106,0,0,40,0
1964918,4106,0,0,40,0
1964919,4106,0,0,20,0
1964920,4106,0,0,40,0
1964921,4106,0,0,40,0
1964922,4106,0,0,40,0
1964923,4106,0,0,30,0
1964924,4106,0,0,60,0
1964925,4106,1,1,10,1
1964926,4114,0,1,10,1
1964927,4114,0,0,80,0
1964928,4114,0,0,80,0
1964929,4114,0,0,40,0
1964930,4114,0,0,40,0
1964931,4114,1,1,10,1
1964932,4114,0,0,40,0
1964933,4114,0,0,40,0
1964934,4114,1,1,10,1
1964935,4114,0,0,10,1
1964936,4114,0,0,10,1
1964937,4114,1,1,10,1
1964938,4114,1,1,10,1
1964939,4114,1,1,10,1
1964940,4200,0,0,90,0
1964941,4200,0,0,80,0
1964942,4200,0,0,40,0
1964943,4221,0,0,50,0
1964944,4200,0,0,50,0
1964945,4200,0,0,40,0
1964946,4200,0,0,60,0
1964947,4200,0,0,40,0
1964948,4200,0,0,10,1
1964949,4200,0,1,10,1
1964950,4200,0,0,40,0
1964951,4200,0,0,40,0
1964952,4200,0,0,40,0
1964953,4200,0,0,10,1
1964954,4200,0,0,40,0
1964955,4200,0,0,40,0
1964956,4200,0,0,40,0
1964957,4200,0,0,40,0
1964958,4200,1,1,10,1
1964959,4200,0,0,40,0
1964960,4200,0,0,80,0
1964961,4200,0,0,40,0
1964962,4200,0,0,40,0
1964963,4200,0,0,40,0
1964964,4200,1,0,40,0
1964965,4200,0,0,40,0
1964966,4200,1,1,10,1
1964967,4200,0,0,40,0
1964968,4200,0,0,40,0
1964969,4200,0,0,40,0
1964970,4200,0,0,40,0
1964971,4221,0,0,50,0
1964972,4200,0,0,40,0
1964973,4200,0,1,10,1
1964974,4200,0,0,40,0
1964975,4200,1,0,10,1
1964976,4200,0,0,10,1
1964977,4221,0,0,50,0
1964978,4200,0,0,10,1
1964979,4200,0,0,40,0
1964980,4200,0,1,10,1
1964981,4200,0,0,40,0
1964982,4200,0,0,40,0
1964983,4200,0,0,40,0
1964984,4200,0,0,60,0
1964985,4200,1,0,10,1
1964986,4200,1,0,10,1
1964987,4200,0,0,40,0
1964988,4200,1,1,10,1
1964989,4200,0,0,40,0
1964990,4221,0,0,50,0
1964991,4200,0,0,40,0
1964992,4200,0,0,60,0
1964993,4200,0,0,10,1
1964994,4200,0,0,50,0
1964995,4200,0,0,40,0
1964996,4200,0,0,40,0
1964997,4200,0,0,10,1
1964998,4200,0,0,40,0
1964999,4200,0,0,40,0
1965000,4200,0,0,40,0
1965001,4200,0,0,10,1
1965002,4200,0,0,40,0
1965003,4200,0,0,40,0
1965004,4200,0,0,40,0
1965005,4221,0,0,50,0
1965006,4210,1,1,10,1
1965008,4210,0,0,60,0
1965009,4226,0,0,70,0
1965010,4222,0,0,80,0
1965011,4210,0,0,40,0
1965012,4210,0,0,60,0
1965013,4222,0,0,80,0
1965014,4210,0,0,80,0
1965015,4210,1,1,10,1
1965016,4210,0,0,80,0
1965017,4001,1,1,10,1
1965018,4001,1,1,10,1
1965019,4001,1,1,10,1
1965020,4001,0,0,40,0
1965021,4001,1,1,10,1
1965022,4001,1,1,10,1
1965023,4001,1,1,10,1
1965024,4001,1,1,10,1
1965025,4001,1,1,10,1
1965026,4001,1,1,10,1
1965027,4001,1,1,10,1
1965028,4001,1,1,10,1
1965029,4001,1,1,10,1
1965030,4001,0,1,10,1
1965031,4001,1,0,10,1
1965032,4001,1,1,10,1
1965033,4001,0,1,10,1
1965034,4001,1,1,10,1
1965035,4001,1,1,10,1
1965036,4001,1,1,10,1
1965037,4001,1,1,10,1
1965038,4001,1,1,10,1
1965039,4001,1,1,10,1
1965040,4001,0,1,10,1
1965041,4001,1,1,10,1
1965042,4001,1,1,10,1
1965043,4001,1,1,95,1
1965044,4001,1,1,10,1
1965045,4001,1,1,10,1
1965046,4001,1,1,10,1
1965047,4001,1,1,10,1
1965048,4001,1,1,10,1
1965049,4001,1,1,10,1
1965050,4001,1,1,10,1
1965051,4001,1,1,10,1
1965052,4001,1,1,10,1
1965053,4001,0,1,30,0
1965054,4001,1,1,10,1
1965055,4001,0,0,10,1
1965056,4001,1,1,10,1
1965057,4001,1,1,10,1
1965058,4001,1,1,10,1
1965059,4001,0,0,30,0
1965060,4001,1,1,10,1
1965061,4001,1,1,10,1
1965062,4001,1,1,10,1
1965063,4001,1,1,10,1
1965064,4001,1,1,10,1
1965065,4001,1,1,10,1
1965066,4001,1,1,10,1
1965067,4001,1,1,10,1
1965068,4001,1,1,10,1
1965069,4001,1,1,10,1
1965070,4001,1,1,10,1
1965071,4001,1,1,10,1
1965072,4001,1,1,10,1
1965073,4001,1,1,10,1
1965074,4001,1,1,10,1
1965075,4001,1,1,10,1
1965076,4001,1,0,60,0
1965077,4001,1,1,10,1
1965078,4001,1,1,10,1
1965079,4001,1,1,10,1
1965080,4001,1,1,10,1
1965081,4001,0,0,30,0
1965082,4001,1,1,10,1
1965083,4001,1,1,10,1
1965084,4001,1,1,10,1
1965085,4001,1,1,10,1
1965086,4001,1,1,10,1
1965087,4001,1,1,10,1
1965088,4001,1,1,10,1
1965089,4001,1,1,10,1
1965090,4001,1,1,10,1
1965091,4001,1,1,10,1
1965092,4001,1,1,10,1
1965093,4001,0,0,30,0
1965094,4001,1,1,10,1
1965095,4001,1,1,10,1
1965096,4001,1,1,10,1
1965097,4001,1,1,10,1
1965098,4001,1,1,10,1
1965099,4001,1,1,10,1
1965100,4001,1,1,10,1
1965101,4001,1,1,10,1
1965102,4001,1,1,10,1
1965103,4001,0,0,30,0
1965104,4001,1,1,10,1
1965105,4001,0,0,30,0
1965106,4001,1,1,10,1
1965107,4001,1,1,10,1
1965108,4001,1,1,10,1
1965109,4001,1,1,10,1
1965110,4001,1,1,10,1
1965111,4001,1,1,10,1
1965112,4001,1,1,10,1
1965113,4002,0,0,30,0
1965115,4002,1,0,10,1
1965116,4002,1,1,10,1
1965117,4002,1,1,10,1
1965118,4002,1,0,10,1
1965119,4002,1,1,30,0
1965120,4002,1,1,10,1
1965121,4002,1,1,10,1
1965122,4002,1,1,10,1
1965123,4002,1,0,40,0
1965124,4002,1,1,10,1
1965125,4002,1,1,10,1
1965126,4002,1,1,10,1
1965127,4002,1,1,10,1
1965128,4002,1,0,10,1
1965129,4002,1,1,10,1
1965130,4002,1,1,10,1
1965131,4002,1,1,10,1
1965132,4002,1,1,10,1
1965133,4002,0,1,10,1
1965134,4002,0,0,30,0
1965135,4002,1,1,10,1
1965136,4002,1,1,10,1
1965137,4002,1,1,10,1
1965138,4002,1,1,10,1
1965139,4002,0,0,10,1
1965140,4002,1,1,10,1
1965141,4002,1,1,10,1
1965142,4002,1,1,10,1
1965143,4002,1,1,30,0
1965144,4002,1,1,10,1
1965145,4002,1,1,10,1
1965146,4002,1,1,10,1
1965147,4002,0,1,10,1
1965148,4002,0,1,10,1
1965149,4002,1,1,10,1
1965150,4002,1,1,10,1
1965151,4002,1,1,10,1
1965152,4002,1,1,10,1
1965153,4002,1,1,10,1
1965154,4002,1,1,10,1
1965155,4002,1,1,10,1
1965156,4002,1,1,10,1
1965157,4002,1,1,10,1
1965158,4002,1,1,10,1
1965159,4002,0,1,10,1
1965160,4224,0,0,30,0
1965161,4002,1,0,10,1
1965162,4002,1,1,10,1
1965163,4002,1,1,10,1
1965164,4002,1,1,10,1
1965165,4002,1,1,10,1
1965166,4002,1,1,10,1
1965167,4002,1,1,10,1
1965168,4002,1,1,10,1
1965169,4002,1,1,10,1
1965170,4224,0,1,10,1
1965171,4002,1,1,10,1
1965172,4002,1,1,10,1
1965173,4002,1,1,10,1
1965174,4002,0,0,30,0
1965175,4002,1,1,10,1
1965176,4002,1,1,10,1
1965177,4002,0,0,30,0
1965178,4002,1,1,10,1
1965179,4002,1,1,10,1
1965180,4002,1,1,10,1
1965181,4003,1,1,10,1
1965182,4003,1,1,30,0
1965183,4003,1,1,10,1
1965184,4003,1,0,10,1
1965185,4003,0,1,10,1
1965186,4003,1,1,10,1
1965187,4003,0,0,80,0
1965188,4003,1,1,10,1
1965189,4003,0,1,10,1
1965190,4003,0,0,30,0
1965191,4003,1,1,10,1
1965192,4003,1,1,10,1
1965193,4003,1,1,10,1
1965194,4003,1,1,10,1
1965195,4003,0,0,10,1
1965196,4003,1,1,10,1
1965197,4003,1,1,10,1
1965198,4003,0,0,30,0
1965199,4003,0,0,30,0
1965200,4003,0,0,30,0
1965201,4003,1,1,95,1
1965202,4003,1,1,10,1
1965203,4003,0,0,30,0
1965204,4003,1,1,10,1
1965205,4003,1,1,10,1
1965206,4003,1,1,10,1
1965207,4003,0,0,10,1
1965208,4003,1,1,10,1
1965209,4003,0,0,40,0
1965210,4003,1,1,10,1
1965211,4003,1,1,10,1
1965212,4003,0,0,30,0
1965213,4003,0,0,10,1
1965214,4003,1,1,10,1
1965215,4003,0,0,10,1
1965216,4003,0,1,10,1
1965217,4003,1,1,10,1
1965218,4003,0,0,30,0
1965219,4003,0,0,30,0
1965220,4003,0,0,30,0
1965221,4003,1,1,10,1
1965222,4003,1,0,10,1
1965223,4224,0,0,30,0
1965224,4003,1,1,10,1
1965225,4003,1,1,10,1
1965226,4003,1,1,10,1
1965227,4003,1,1,10,1
1965228,4003,1,1,10,1
1965229,4003,0,1,30,0
1965230,4003,0,0,30,0
1965231,4003,1,1,10,1
1965232,4003,1,1,10,1
1965233,4003,0,0,30,0
1965234,4003,0,0,10,1
1965235,4003,0,0,40,0
1965236,4003,1,1,10,1
1965237,4003,1,1,10,1
1965238,4003,1,1,10,1
1965239,4003,0,0,30,0
1965240,4003,0,0,20,0
1965241,4003,0,0,30,0
1965242,4003,0,1,10,1
1965243,4003,1,0,10,1
1965244,4003,1,0,10,1
1965245,4003,1,0,30,0
1965246,4003,0,1,30,0
1965247,4014,1,1,10,1
1965248,4014,1,1,10,1
1965249,4014,1,1,10,1
1965250,4014,1,1,10,1
1965251,4014,1,1,10,1
1965252,4014,1,1,10,1
1965253,4014,1,1,10,1
1965254,4014,1,1,10,1
1965255,4014,1,1,10,1
1965256,4014,1,1,10,1
1965257,4014,1,1,10,1
1965258,4014,1,1,10,1
1965259,4014,1,1,10,1
1965260,4014,1,1,10,1
1965262,4014,1,1,10,1
1965263,4014,0,0,30,0
1965264,4014,0,1,10,1
1965265,4014,1,1,10,1
1965266,4014,1,1,10,1
1965267,4014,1,1,10,1
1965268,4014,1,1,10,1
1965269,4014,1,1,10,1
1965270,4014,1,1,10,1
1965271,4014,0,0,30,0
1965272,4014,1,1,10,1
1965273,4014,1,1,10,1
1965274,4014,1,1,10,1
1965275,4014,1,0,10,1
1965276,4014,0,0,40,0
1965277,4014,0,1,10,1
1965278,4014,1,1,10,1
1965279,4014,0,1,10,1
1965280,4014,1,1,10,1
1965281,4014,1,1,10,1
1965283,4014,1,1,10,1
1965284,4014,1,0,10,1
1965285,4014,1,1,10,1
1965286,4014,1,1,10,1
1965287,4014,1,1,10,1
1965288,4014,1,0,10,1
1965289,4014,0,0,40,0
1965290,4014,1,1,10,1
1965292,4014,1,1,10,1
1965293,4014,1,1,10,1
1965294,4014,0,1,10,1
1965295,4014,1,1,10,1
1965296,4014,1,1,10,1
1965297,4101,1,1,10,1
1965298,4101,1,1,10,1
1965299,4101,1,1,10,1
1965300,4101,0,1,10,1
1965301,4101,0,0,10,1
1965302,4101,0,0,10,1
1965303,4101,0,0,50,0
1965304,4101,1,1,10,1
1965305,4101,1,1,10,1
1965306,4101,1,1,10,1
1965307,4101,1,1,10,1
1965308,4101,0,0,10,1
1965309,4101,1,0,10,1
1965310,4101,0,1,30,0
1965311,4101,1,1,10,1
1965312,4101,1,0,10,1
1965313,4101,1,1,10,1
1965314,4101,0,0,30,0
1965315,4101,1,1,10,1
1965316,4101,1,1,10,1
1965317,4101,1,1,10,1
1965318,4101,1,1,10,1
1965319,4101,0,0,10,1
1965320,4101,1,1,10,1
1965321,4101,1,1,10,1
1965322,4101,1,1,10,1
1965323,4101,0,0,10,1
1965324,4101,1,1,10,1
1965325,4101,0,0,10,1
1965326,4101,1,1,10,1
1965327,4101,1,1,10,1
1965328,4101,1,1,10,1
1965329,4101,1,1,10,1
1965330,4101,1,0,10,1
1965331,4101,1,0,10,1
1965332,4101,0,1,30,0
1965333,4101,1,1,10,1
1965334,4101,1,1,10,1
1965335,4101,0,0,10,1
1965336,4101,1,1,10,1
1965337,4101,0,0,10,1
1965338,4101,1,1,10,1
1965339,4101,1,1,10,1
1965340,4101,1,1,10,1
1965341,4101,1,1,10,1
1965342,4101,1,1,10,1
1965343,4101,1,1,10,1
1965344,4101,1,1,10,1
1965345,4101,1,1,10,1
1965346,4101,0,0,10,1
1965347,4101,0,0,10,1
1965348,4101,0,1,10,1
1965349,4101,1,1,10,1
1965350,4101,0,0,30,0
1965351,4101,1,1,10,1
1965352,4101,1,1,10,1
1965353,4101,1,1,10,1
1965354,4101,1,1,10,1
1965355,4101,0,0,30,0
1965356,4101,1,1,10,1
1965357,4101,1,1,10,1
1965358,4101,1,1,10,1
1965359,4101,0,0,10,1
1965360,4101,0,0,10,1
1965361,4101,1,1,10,1
1965362,4101,0,0,10,1
1965363,4101,1,0,10,1
1965364,4101,1,1,10,1
1965365,4101,0,0,10,1
1965366,4101,0,0,10,1
1965367,4101,1,1,10,1
1965368,4101,0,0,10,1
1965369,4101,1,1,10,1
1965370,4101,1,1,10,1
1965371,4101,0,0,10,1
1965372,4101,1,0,95,1
1965373,4101,0,0,10,1
1965374,4101,1,1,10,1
1965375,4101,1,1,10,1
1965376,4101,1,1,10,1
1965377,4101,0,1,10,1
1965378,4101,0,0,30,0
1965379,4101,0,1,10,1
1965380,4101,1,1,10,1
1965381,4101,0,0,10,1
1965382,4101,1,1,10,1
1965383,4101,0,0,10,1
1965384,4101,0,0,10,1
1965385,4101,0,0,40,0
1965386,4101,1,1,10,1
1965387,4101,0,0,10,1
1965388,4101,0,0,10,1
1965389,4101,0,0,10,1
1965390,4101,1,1,10,1
1965391,4101,0,0,10,1
1965392,4101,1,1,10,1
1965393,4101,1,0,10,1
1965394,4101,1,1,10,1
1965395,4101,1,1,10,1
1965396,4101,0,1,10,1
1965397,4101,0,0,10,1
1965398,4101,1,1,10,1
1965399,4101,1,1,10,1
1965400,4101,0,0,10,1
1965401,4101,1,1,10,1
1965402,4101,0,0,10,1
1965403,4101,0,0,10,1
1965404,4101,1,1,10,1
1965405,4101,1,1,10,1
1965406,4101,1,1,10,1
1965407,4101,1,1,10,1
1965408,4101,0,0,10,1
1965409,4101,1,1,10,1
1965410,4101,1,0,10,1
1965411,4101,1,1,10,1
1965412,4101,1,0,10,1
1965413,4101,1,0,10,1
1965414,4101,1,1,10,1
1965415,4101,1,1,10,1
1965416,4224,0,0,20,0
1965417,4101,1,1,10,1
1965418,4101,1,1,10,1
1965419,4101,0,1,10,1
1965420,4101,1,1,10,1
1965421,4101,0,0,10,1
1965422,4101,1,1,10,1
1965423,4101,1,1,10,1
1965424,4101,0,0,10,1
1965425,4101,0,0,10,1
1965426,4101,1,1,10,1
1965427,4101,1,1,10,1
1965428,4101,1,1,10,1
1965429,4101,0,0,10,1
1965430,4101,0,0,60,0
1965431,4101,0,0,10,1
1965432,4101,1,1,10,1
1965433,4101,0,0,10,1
1965434,4101,0,0,10,1
1965435,4101,0,0,60,0
1965436,4101,1,0,10,1
1965437,4101,1,1,10,1
1965438,4101,1,1,10,1
1965439,4101,1,1,10,1
1965440,4101,1,1,10,1
1965441,4101,1,1,30,0
1965442,4101,1,0,10,1
1965443,4101,0,0,40,0
1965444,4101,1,1,10,1
1965445,4101,1,1,10,1
1965446,4101,1,1,10,1
1965447,4221,0,0,50,0
1965448,4101,1,1,10,1
1965449,4101,0,0,90,0
1965450,4223,0,0,40,0
1965451,4101,1,1,10,1
1965452,4101,0,0,10,1
1965453,4101,1,0,10,1
1965454,4101,1,0,10,1
1965455,4101,1,0,10,1
1965456,4101,1,1,10,1
1965457,4101,1,1,10,1
1965458,4101,0,0,10,1
1965459,4101,1,1,10,1
1965460,4102,1,1,10,1
1965461,4102,0,0,80,0
1965462,4102,0,0,10,1
1965463,4102,0,0,40,0
1965464,4102,1,1,10,1
1965465,4102,0,0,40,0
1965466,4102,1,1,10,1
1965467,4102,0,0,40,0
1965468,4102,0,0,40,0
1965469,4102,0,0,40,0
1965470,4102,0,0,10,1
1965471,4102,1,1,10,1
1965472,4102,0,0,10,1
1965473,4221,0,0,60,0
1965474,4102,0,0,40,0
1965475,4102,1,1,10,1
1965476,4102,0,0,10,1
1965477,4102,1,1,10,1
1965478,4102,0,0,10,1
1965479,4102,0,0,80,0
1965480,4102,1,0,10,1
1965481,4102,1,1,10,1
1965482,4102,1,1,10,1
1965483,4102,1,0,10,1
1965484,4102,1,1,10,1
1965485,4102,1,1,10,1
1965486,4102,1,1,10,1
1965487,4102,1,1,10,1
1965488,4102,0,0,40,0
1965489,4102,1,1,10,1
1965490,4102,0,1,10,1
1965491,4102,0,0,40,0
1965492,4102,0,0,10,1
1965493,4102,1,1,10,1
1965494,4102,0,0,10,1
1965495,4102,1,1,10,1
1965496,4221,1,0,10,1
1965497,4102,1,1,10,1
1965498,4102,0,0,10,1
1965499,4102,1,1,10,1
1965500,4102,1,0,10,1
1965501,4102,1,1,20,0
1965502,4102,1,1,10,1
1965503,4102,1,1,10,1
1965504,4102,1,1,10,1
1965505,4102,0,0,40,0
1965506,4102,1,1,10,1
1965507,4102,1,1,10,1
1965508,4102,1,1,10,1
1965509,4102,0,0,10,1
1965510,4102,0,0,10,1
1965511,4102,1,0,10,1
1965512,4102,0,0,10,1
1965513,4102,1,1,10,1
1965514,4102,1,1,10,1
1965515,4102,1,1,10,1
1965516,4102,1,1,10,1
1965517,4102,1,1,10,1
1965518,4102,0,0,40,0
1965519,4102,1,1,10,1
1965520,4102,0,0,10,1
1965521,4102,0,0,10,1
1965522,4102,1,0,30,0
1965523,4102,0,0,10,1
1965524,4102,0,0,10,1
1965525,4102,1,1,10,1
1965526,4102,1,1,10,1
1965527,4102,0,0,10,1
1965528,4102,1,0,10,1
1965529,4102,0,0,40,0
1965530,4102,1,1,10,1
1965531,4102,1,1,10,1
1965532,4102,0,1,10,1
1965533,4102,1,1,10,1
1965534,4102,0,1,10,1
1965535,4102,1,0,10,1
1965536,4102,1,1,10,1
1965537,4102,0,0,40,0
1965538,4102,0,0,10,1
1965539,4102,0,0,60,0
1965540,4102,1,1,10,1
1965541,4102,1,1,10,1
1965542,4102,1,0,10,1
1965543,4102,1,1,10,1
1965544,4102,1,1,10,1
1965545,4103,1,1,10,1
1965546,4103,1,0,40,0
1965547,4221,0,0,50,0
1965548,4103,0,0,40,0
1965549,4103,1,0,10,1
1965550,4103,1,1,10,1
1965551,4103,0,0,30,0
1965552,4103,0,0,40,0
1965553,4103,0,0,40,0
1965554,4103,0,0,10,1
1965555,4103,0,0,90,0
1965556,4103,1,1,10,1
1965557,4103,0,0,40,0
1965558,4103,0,0,40,0
1965559,4103,0,1,10,1
1965560,4103,1,0,10,1
1965561,4103,1,1,10,1
1965562,4103,0,1,10,1
1965563,4222,0,0,80,0
1965564,4103,1,1,10,1
1965565,4103,1,1,10,1
1965566,4103,0,0,40,0
1965567,4221,0,0,40,0
1965568,4103,0,0,40,0
1965569,4103,1,1,10,1
1965570,4103,1,1,10,1
1965571,4103,0,1,30,0
1965572,4103,1,1,10,1
1965573,4103,0,0,30,0
1965574,4103,1,1,30,0
1965575,4103,1,1,10,1
1965576,4223,1,0,60,0
1965577,4103,1,0,10,1
1965578,4103,0,0,30,0
1965579,4221,0,0,50,0
1965580,4103,0,0,30,0
1965581,4103,0,0,40,0
1965582,4103,1,1,10,1
1965583,4103,1,1,10,1
1965584,4103,0,0,40,0
1965585,4103,0,0,40,0
1965586,4103,1,1,10,1
1965587,4103,1,1,10,1
1965588,4103,0,0,40,0
1965589,4103,1,1,10,1
1965590,4103,0,0,40,0
1965591,4103,1,0,10,1
1965592,4103,1,0,10,1
1965593,4103,1,1,10,1
1965594,4103,1,1,10,1
1965595,4103,1,1,10,1
1965596,4103,1,1,10,1
1965597,4103,0,0,30,0
1965598,4103,1,1,10,1
1965599,4103,0,0,40,0
1965600,4103,1,1,10,1
1965601,4103,1,1,10,1
1965602,4103,1,0,10,1
1965603,4103,1,1,10,1
1965604,4103,0,0,40,0
1965605,4103,1,1,10,1
1965606,4103,1,0,40,0
1965607,4103,0,0,10,1
1965608,4103,0,0,40,0
1965609,4103,0,0,40,0
1965610,4103,0,0,40,0
1965611,4103,1,1,10,1
1965612,4103,1,1,10,1
1965613,4103,0,0,30,0
1965614,4103,1,1,10,1
1965615,4103,1,1,10,1
1965616,4103,0,0,40,0
1965617,4103,1,1,10,1
1965618,4103,0,0,40,0
1965619,4103,1,1,10,1
1965620,4103,1,0,10,1
1965621,4103,1,1,10,1
1965622,4103,0,1,10,1
1965623,4103,0,0,10,1
1965624,4103,1,1,10,1
1965625,4103,1,1,10,1
1965626,4103,0,0,40,0
1965627,4103,1,1,10,1
1965628,4103,0,1,30,0
1965629,4103,1,1,10,1
1965630,4103,1,0,10,1
1965631,4103,1,1,10,1
1965632,4103,0,0,40,0
1965633,4103,1,1,10,1
1965634,4103,1,1,10,1
1965635,4103,1,1,10,1
1965636,4103,1,1,10,1
1965637,4103,1,1,10,1
1965638,4103,1,1,30,0
1965639,4103,0,0,30,0
1965640,4103,0,1,30,0
1965641,4103,0,0,40,0
1965642,4103,1,0,10,1
1965643,4221,0,0,60,0
1965644,4103,0,0,40,0
1965645,4103,1,1,10,1
1965646,4103,0,0,40,0
1965647,4103,1,1,10,1
1965648,4103,1,1,10,1
1965649,4103,0,0,40,0
1965650,4103,0,1,10,1
1965651,4103,0,1,10,1
1965652,4103,1,1,10,1
1965653,4103,0,0,60,0
1965654,4103,0,0,10,1
1965655,4103,1,1,10,1
1965656,4103,1,1,10,1
1965657,4103,0,0,40,0
1965658,4103,1,1,20,0
1965659,4114,1,1,10,1
1965660,4114,1,1,10,1
1965661,4114,1,1,10,1
1965662,4114,0,1,10,1
1965663,4114,0,1,10,1
1965664,4114,1,1,10,1
1965665,4114,1,1,10,1
1965666,4114,1,1,10,1
1965667,4114,1,1,10,1
1965668,4114,1,0,10,1
1965669,4114,1,1,10,1
1965670,4114,1,1,10,1
1965671,4114,1,1,10,1
1965672,4114,0,1,10,1
1965673,4114,1,1,10,1
1965674,4114,1,0,10,1
1965675,4114,1,1,10,1
1965676,4114,1,1,10,1
1965677,4114,0,0,40,0
1965678,4114,1,1,10,1
1965679,4114,0,0,40,0
1965680,4114,0,0,30,0
1965681,4114,1,1,10,1
1965682,4114,1,1,10,1
1965683,4114,1,1,10,1
1965684,4200,0,0,40,0
1965685,4221,0,0,50,0
1965686,4200,0,0,40,0
1965687,4221,0,0,50,0
1965688,4221,0,0,50,0
1965689,4200,1,0,10,1
1965690,4200,0,0,50,0
1965691,4200,0,0,40,0
1965692,4200,0,0,40,0
1965693,4221,0,0,10,1
1965694,4200,0,0,95,1
1965695,4221,0,0,50,0
1965696,4200,0,1,10,1
1965697,4200,0,0,10,1
1965698,4200,1,0,10,1
1965699,4200,1,1,10,1
1965700,4210,0,0,10,1
1965701,4222,0,0,80,0
1965702,4210,0,0,40,0
1965703,4210,0,0,40,0
1965704,4210,0,0,10,1
1965705,4210,1,1,10,1
1965706,4210,0,0,40,0
1965707,4210,1,1,10,1
1965708,4210,0,0,10,1
1965709,4210,1,1,95,1
1965710,4222,0,0,80,0
1965711,4222,0,0,80,0
1965712,4210,1,1,10,1
1965713,4210,0,0,60,0
1965714,4210,0,0,80,0
1965715,4210,1,1,95,1
1965716,7006,0,0,30,0
1965717,7003,0,1,10,1
1965718,7102,0,0,30,0
1965719,7015,1,1,10,1
1965720,7004,0,0,60,0
1965721,7004,0,0,30,0
1965722,7014,0,0,30,0
1965723,7006,1,0,30,0
1965724,7014,0,1,30,0
1965725,7008,0,0,40,0
1965726,7114,1,1,10,1
1965727,7015,0,0,30,0
1965728,7102,1,1,10,1
1965729,7200,0,0,50,0
1965730,7006,0,0,30,0
1965731,7014,0,0,30,0
1965732,7106,0,0,40,0
1965733,7004,0,0,30,0
1965734,7006,0,1,30,0
1965735,7003,1,1,10,1
1965736,7015,0,0,30,0
1965737,7200,0,0,60,0
1965738,7004,0,0,30,0
1965739,7015,1,1,10,1
1965740,7200,0,0,30,0
1965741,7104,0,0,30,0
1965742,7003,1,1,20,0
1965743,7006,1,1,10,1
1965744,7006,0,0,20,0
1965745,7015,1,1,10,1
1965746,7006,0,0,30,0
1965747,7004,0,0,20,0
1965748,7004,0,0,30,0
1965749,7004,0,0,30,0
1965750,7006,0,0,20,0
1965751,7200,0,0,10,1
1965752,7004,0,0,30,0
1965753,7104,1,0,10,1
1965754,7002,0,0,80,0
1965755,7200,0,0,50,0
1965756,7006,0,0,30,0
1965757,7006,0,0,30,0
1965758,7103,0,0,60,0
1965759,7004,1,0,20,0
1965760,7006,0,0,30,0
1965761,7004,0,0,60,0
1965762,7210,1,1,10,1
1965763,7114,1,0,10,1
1965764,7103,1,0,30,0
1965765,7004,0,0,20,0
1965766,7003,1,1,10,1
1965767,7006,0,0,30,0
1965768,7015,1,1,10,1
1965769,7102,1,1,10,1
1965770,7006,0,0,30,0
1965771,7103,1,1,10,1
1965772,7015,1,1,10,1
1965773,7006,0,0,30,0
1965774,7015,1,1,10,1
1965775,7014,1,1,10,1
1965776,7104,0,0,20,0
1965777,7104,0,0,20,0
1965778,7014,1,1,10,1
1965779,7200,0,0,30,0
1965780,7106,0,0,30,0
1965781,7015,1,1,30,0
1965782,7002,1,1,10,1
1965783,7004,0,0,20,0
1965784,7114,1,1,10,1
1965785,7200,0,0,10,1
1965786,7004,0,0,30,0
1965787,7200,0,0,60,0
1965788,7008,0,0,50,0
1965789,7106,0,0,40,0
1965790,7104,0,0,30,0
1965791,7004,0,0,30,0
1965792,7003,1,1,10,1
1965793,7004,0,0,30,0
1965794,7015,1,1,10,1
1965795,7200,0,0,50,0
1965796,7015,0,0,30,0
1965797,7103,1,1,10,1
1965798,7103,0,0,30,0
1965799,7200,0,0,30,0
1965800,7002,1,1,10,1
1965801,7200,0,0,50,0
1965802,7004,0,0,30,0
1965803,7006,1,1,10,1
1965804,7004,0,0,30,0
1965805,7002,1,1,10,1
1965806,7014,1,1,10,1
1965807,7114,1,0,10,1
1965808,7015,1,1,10,1
1965809,7004,0,0,30,0
1965810,7004,0,0,30,0
1965811,7210,0,0,20,0
1965812,7006,1,0,20,0
1965813,7210,0,0,20,0
1965814,7003,1,1,10,1
1965815,7003,1,0,10,1
1965816,7004,0,0,20,0
1965817,7002,1,1,10,1
1965818,7006,0,0,30,0
1965819,7106,0,0,40,0
1965820,7015,1,1,10,1
1965821,7004,0,0,30,0
1965822,7210,0,0,30,0
1965823,7003,1,1,10,1
1965824,7103,1,1,10,1
1965825,7200,0,0,50,0
1965826,7004,1,0,10,1
1965827,7003,0,0,30,0
1965828,7008,0,0,30,0
1965829,7106,1,1,10,1
1965830,7106,0,0,40,0
1965831,7200,0,0,30,0
1965832,7106,0,0,40,0
1965833,7006,0,0,30,0
1965834,7004,0,0,30,0
1965835,7014,1,1,10,1
1965836,7006,1,0,30,0
1965837,7004,0,0,30,0
1965838,7003,1,1,10,1
1965839,7006,1,1,10,1
1965840,7004,0,0,30,0
1965841,7103,0,0,30,0
1965842,7006,0,0,30,0
1965843,7006,1,1,10,1
1965844,7014,0,0,40,0
1965845,7004,0,0,30,0
1965846,7014,1,1,10,1
1965847,7006,1,0,30,0
1965848,7004,0,0,30,0
1965849,7004,0,0,60,0
1965850,7006,1,1,10,1
1965851,7006,0,0,30,0
1965852,7006,0,0,30,0
1965853,7114,0,0,30,0
1965854,7006,0,0,30,0
1965855,7015,1,1,10,1
1965856,7114,0,0,40,0
1965857,7004,0,0,30,0
1965858,7114,1,0,30,0
1965859,7004,1,0,20,0
1965860,7222,0,0,60,0
1965861,7004,0,0,30,0
1965862,7006,0,0,30,0
1965863,7014,1,1,10,1
1965864,7003,1,0,30,0
1965865,7006,1,1,10,1
1965866,7004,0,0,60,0
1965867,7006,1,1,10,1
1965868,7014,0,0,30,0
1965869,7114,0,0,30,0
1965870,7004,0,0,30,0
1965871,7004,0,0,30,0
1965872,7006,1,0,20,0
1965873,7210,0,0,20,0
1965874,7006,0,0,30,0
1965875,7106,0,0,40,0
1965876,7200,0,0,50,0
1965877,7015,1,1,10,1
1965878,7104,0,0,10,1
1965879,7006,0,0,60,0
1965880,7004,0,0,30,0
1965881,7200,1,1,10,1
1965882,7004,1,0,20,0
1965883,7106,0,0,40,0
1965884,7003,1,1,10,1
1965885,7008,1,1,30,0
1965886,7014,1,1,10,1
1965887,7200,0,0,50,0
1965888,7006,0,0,30,0
1965889,7015,1,1,10,1
1965890,7106,0,0,30,0
1965891,7200,1,1,10,1
1965892,7101,0,0,30,0
1965893,7103,1,1,10,1
1965894,7114,0,0,40,0
1965895,7014,0,0,30,0
1965896,7106,0,0,40,0
1965897,7015,0,1,10,1
1965898,7006,1,1,10,1
1965899,7200,0,0,10,1
1965900,7006,0,0,30,0
1965901,7002,1,0,10,1
1965902,7004,0,0,60,0
1965903,7004,0,0,30,0
1965904,7008,1,0,30,0
1965905,7004,1,0,20,0
1965906,7004,0,0,30,0
1965907,7002,1,1,10,1
1965908,7004,0,0,30,0
1965909,7200,0,0,50,0
1965910,7200,0,0,50,0
1965911,7006,1,0,30,0
1965912,7200,0,0,10,1
1965913,7106,0,0,40,0
1965914,7004,1,0,30,0
1965915,7006,1,0,30,0
1965916,7008,0,1,20,0
1965917,7006,0,0,30,0
1965918,7004,0,0,30,0
1965919,7004,0,0,30,0
1965920,7210,0,0,30,0
1965921,7004,0,0,30,0
1965922,7104,0,0,30,0
1965923,7200,0,0,90,0
1965924,7200,0,0,50,0
1965925,7200,0,0,40,0
1965926,7006,1,0,20,0
1965927,7103,1,1,10,1
1965928,7006,0,0,30,0
1965929,7006,0,1,10,1
1965930,7002,1,1,10,1
1965931,7014,0,0,40,0
1965932,7004,0,0,20,0
1965933,7006,0,0,30,0
1965934,7114,0,1,30,0
1965935,7003,1,1,10,1
1965936,7004,0,0,30,0
1965937,7006,1,1,10,1
1965938,7210,1,1,10,1
1965939,7006,0,0,30,0
1965940,7006,0,1,30,0
1965941,7004,0,0,20,0
1965942,7106,0,0,40,0
1965943,7004,0,0,30,0
1965944,7015,0,0,30,0
1965945,7102,1,1,10,1
1965946,7004,0,0,30,0
1965947,7004,0,0,30,0
1965948,7004,0,0,30,0
1965949,7006,1,1,10,1
1965950,7004,0,0,30,0
1965951,7014,1,1,10,1
1965952,7004,0,0,30,0
1965953,7006,0,1,10,1
1965954,7200,0,0,30,0
1965955,7006,0,0,30,0
1965956,7004,0,0,30,0
1965957,7103,1,1,30,0
1965958,7004,0,0,30,0
1965959,7004,0,0,30,0
1965960,7002,1,1,95,1
1965961,7006,1,1,10,1
1965962,7004,0,0,30,0
1965963,7004,0,0,20,0
1965964,7014,1,1,10,1
1965965,7004,0,0,30,0
1965966,7004,0,0,30,0
1965967,7006,0,0,30,0
1965968,7004,0,0,60,0
1965969,7102,1,1,10,1
1965970,7006,0,0,10,1
1965971,7008,0,0,60,0
1965972,7106,0,0,30,0
1965973,7015,0,0,30,0
1965974,7004,0,0,30,0
1965975,7004,0,0,30,0
1965976,7004,0,0,30,0
1965977,7200,1,1,10,1
1965978,7006,0,0,40,0
1965979,7004,0,0,30,0
1965980,7006,0,0,40,0
1965981,7104,0,0,30,0
1965982,7003,0,0,30,0
1965983,7014,0,0,40,0
1965984,7200,0,0,30,0
1965985,7015,1,1,10,1
1965986,7003,0,0,30,0
1965987,7008,1,1,10,1
1965988,7106,0,0,50,0
1965990,7106,1,1,30,0
1965991,7006,0,0,30,0
1965992,7106,1,0,30,0
1965993,7114,1,1,10,1
1965994,7004,0,0,30,0
1965995,7003,1,1,10,1
1965996,7004,0,0,30,0
1965997,7004,0,0,30,0
1965998,7004,0,0,30,0
1965999,7002,0,1,10,1
1966000,7003,1,1,20,0
1966001,7004,0,0,30,0
1966002,7006,0,0,30,0
1966003,7014,0,0,30,0
1966004,7015,1,1,10,1
1966005,7004,0,0,20,0
1966006,7006,0,0,10,1
1966007,7114,1,1,10,1
1966008,7014,1,0,10,1
1966009,7103,0,1,10,1
1966010,7004,0,0,30,0
1966011,7210,0,0,30,0
1966012,7006,0,0,30,0
1966013,7104,0,0,30,0
1966014,7200,0,0,50,0
1966015,7004,0,0,20,0
1966016,7004,0,0,20,0
1966017,7004,0,0,30,0
1966018,7006,0,0,30,0
1966019,7004,0,0,30,0
1966020,7004,0,0,30,0
1966021,7006,0,0,20,0
1966022,7225,0,0,60,0
1966023,7008,0,0,30,0
1966024,7004,0,0,20,0
1966025,7004,0,0,20,0
1966026,7002,0,1,10,1
1966027,7102,1,1,10,1
1966028,7014,1,1,10,1
1966029,7004,0,0,20,0
1966031,7015,0,0,30,0
1966032,7006,1,0,30,0
1966033,7200,1,1,10,1
1966034,7006,0,0,30,0
1966035,7014,1,1,10,1
1966036,7210,0,0,30,0
1966037,7004,0,0,20,0
1966038,7008,1,1,10,1
1966039,7006,0,0,40,0
1966040,7003,1,1,10,1
1966041,7102,1,1,10,1
1966042,7003,1,1,10,1
1966043,7015,1,1,10,1
1966044,7004,0,0,30,0
1966045,7014,0,0,40,0
1966046,7015,0,0,30,0
1966047,7015,0,0,80,0
1966048,7004,0,0,20,0
1966049,7004,0,0,30,0
1966050,7003,1,1,10,1
1966051,7004,0,0,20,0
1966052,7006,0,0,40,0
1966053,7014,0,0,40,0
1966054,7003,1,1,10,1
1966055,7002,1,1,30,0
1966056,7008,0,0,40,0
1966057,7200,0,0,10,1
1966058,7004,1,0,10,1
1966059,7114,1,1,10,1
1966060,7015,0,0,30,0
1966061,7104,1,1,10,1
1966062,7015,0,1,10,1
1966063,7004,1,0,20,0
1966064,7008,0,0,40,0
1966065,7008,1,1,10,1
1966066,7103,0,0,30,0
1966067,7004,0,0,60,0
1966068,7006,0,0,30,0
1966069,7004,0,0,20,0
1966070,7210,1,0,20,0
1966071,7006,1,1,10,1
1966072,7103,0,1,30,0
1966073,7008,0,0,40,0
1966074,7004,0,0,20,0
1966075,7002,1,1,10,1
1966076,7114,1,1,10,1
1966077,7004,0,0,20,0
1966078,7004,0,0,60,0
1966079,7002,0,0,95,1
1966080,7006,0,0,20,0
1966081,7006,0,0,30,0
1966082,7014,0,0,30,0
1966083,7006,1,0,20,0
1966084,7014,1,1,10,1
1966085,7015,0,1,10,1
1966086,7004,0,1,10,1
1966087,7008,0,0,30,0
1966088,7006,1,1,10,1
1966089,7114,0,0,30,0
1966090,7006,0,1,30,0
1966091,7106,0,0,40,0
1966092,7006,0,0,20,0
1966093,7014,0,0,40,0
1966094,7104,0,0,30,0
1966095,7004,0,0,30,0
1966096,7006,0,0,30,0
1966097,7004,0,0,10,1
1966098,7014,0,0,30,0
1966099,7106,0,0,30,0
1966100,7103,1,1,10,1
1966101,7106,0,0,40,0
1966102,7006,0,0,30,0
1966103,7004,0,0,20,0
1966104,7004,0,0,30,0
1966105,7200,0,0,60,0
1966106,7106,0,0,30,0
1966107,7004,0,0,20,0
1966108,7004,0,0,20,0
1966109,7102,1,1,10,1
1966110,7104,0,0,20,0
1966111,7200,0,0,10,1
1966112,7004,0,0,20,0
1966113,7004,0,0,30,0
1966114,7006,0,0,30,0
1966115,7004,0,0,30,0
1966116,7006,0,0,20,0
1966117,7015,0,1,30,0
1966118,7003,0,0,30,0
1966119,7102,0,0,10,1
1966120,7008,0,0,30,0
1966121,7104,0,0,30,0
1966122,7004,0,0,30,0
1966123,7015,0,0,30,0
1966124,7102,1,1,10,1
1966125,7114,1,1,10,1
1966126,7015,1,1,10,1
1966127,7006,0,0,30,0
1966128,7006,0,0,40,0
1966129,7003,1,1,10,1
1966130,7006,0,0,40,0
1966131,7104,0,0,30,0
1966132,7006,0,0,30,0
1966133,7004,0,0,30,0
1966134,7006,0,0,30,0
1966135,7004,0,0,30,0
1966136,7103,1,1,10,1
1966137,7225,0,0,60,0
1966138,7002,1,1,10,1
1966139,7004,0,0,30,0
1966140,7014,0,0,40,0
1966141,7210,0,0,30,0
1966142,7006,0,1,10,1
1966143,7015,1,1,10,1
1966144,7102,0,0,30,0
1966145,7014,0,0,30,0
1966146,7014,0,0,30,0
1966147,7015,1,1,10,1
1966148,7006,0,0,30,0
1966149,7006,0,0,30,0
1966150,7006,1,1,30,0
1966152,7008,1,1,10,1
1966153,7004,0,0,30,0
1966154,7102,1,0,10,1
1966155,7006,0,0,40,0
1966156,7102,0,0,30,0
1966157,7104,0,0,50,0
1966158,7006,0,0,40,0
1966159,7006,1,1,10,1
1966160,7006,0,0,30,0
1966161,7104,0,0,20,0
1966162,7106,0,0,30,0
1966163,7003,1,1,10,1
1966164,7004,0,0,60,0
1966165,7004,1,0,20,0
1966166,7114,0,0,30,0
1966167,7200,0,0,50,0
1966168,7102,0,0,30,0
1966169,7006,1,1,10,1
1966170,7006,0,0,30,0
1966171,7004,0,0,60,0
1966172,7014,1,1,10,1
1966173,7008,0,0,40,0
1966174,7004,0,0,30,0
1966175,7004,0,0,30,0
1966176,7014,1,1,10,1
1966177,7006,0,0,40,0
1966178,7200,0,0,50,0
1966179,7004,0,0,60,0
1966180,7004,0,0,20,0
1966181,7106,0,0,40,0
1966182,7015,0,0,30,0
1966183,7006,0,0,30,0
1966184,7008,1,1,10,1
1966185,7200,0,0,60,0
1966186,7004,0,0,20,0
1966187,7004,0,0,60,0
1966188,7114,0,0,30,0
1966189,7006,0,0,30,0
1966190,7004,0,0,30,0
1966191,7006,0,1,10,1
1966192,7015,0,1,10,1
1966193,7006,1,1,10,1
1966194,7004,0,0,30,0
1966195,7004,0,0,20,0
1966196,7106,0,0,10,1
1966197,7003,0,1,10,1
1966198,7004,0,0,30,0
1966199,7114,0,0,30,0
1966200,7002,1,1,10,1
1966201,7200,0,0,10,1
1966202,7006,0,1,10,1
1966203,7003,1,1,10,1
1966204,7200,0,0,50,0
1966205,7200,0,0,80,0
1966206,7004,0,0,20,0
1966207,7106,0,0,40,0
1966208,7114,0,0,30,0
1966209,7006,0,0,30,0
1966210,7006,1,1,20,0
1966211,7102,1,1,10,1
1966212,7200,0,0,10,1
1966213,7004,0,0,30,0
1966214,7004,0,0,30,0
1966215,7106,0,1,10,1
1966216,7004,0,0,30,0
1966217,7114,0,0,30,0
1966218,7200,0,0,30,0
1966219,7004,0,0,60,0
1966220,7014,1,0,30,0
1966221,7222,0,0,60,0
1966222,7004,0,0,20,0
1966223,7006,1,1,10,1
1966224,7004,0,0,30,0
1966225,7004,0,0,30,0
1966226,7004,0,0,30,0
1966227,7104,0,0,30,0
1966228,7006,0,0,30,0
1966229,7004,0,0,20,0
1966230,7014,0,0,10,1
1966231,7014,1,1,10,1
1966232,7114,1,1,10,1
1966233,7004,0,0,30,0
1966234,7006,0,0,30,0
1966235,7006,0,0,30,0
1966236,7004,0,0,30,0
1966237,7014,1,1,10,1
1966238,7003,1,1,10,1
1966239,7200,0,0,50,0
1966240,7102,1,1,10,1
1966241,7106,0,0,40,0
1966242,7004,0,0,30,0
1966243,7004,0,0,30,0
1966244,7103,1,1,10,1
1966245,7006,0,0,30,0
1966246,7014,0,1,30,0
1966247,7008,0,0,40,0
1966248,7006,1,1,10,1
1966249,7006,0,0,30,0
1966250,7104,0,0,20,0
1966251,7003,1,1,10,1
1966252,7006,0,0,30,0
1966253,7106,1,1,10,1
1966254,7004,0,0,30,0
1966255,7003,1,1,10,1
1966256,7014,1,1,10,1
1966257,7006,0,0,30,0
1966258,7106,0,0,30,0
1966259,7004,0,0,30,0
1966260,7004,0,0,30,0
1966261,7015,1,1,10,1
1966262,7104,0,0,60,0
1966263,7015,0,0,30,0
1966264,7004,0,0,20,0
1966265,7004,0,0,20,0
1966266,7200,0,0,30,0
1966267,7015,0,0,30,0
1966268,7114,1,1,10,1
1966269,7106,0,0,30,0
1966270,7004,0,0,20,0
1966271,7008,1,0,10,1
1966272,7006,0,0,30,0
1966273,7006,0,0,30,0
1966274,7222,0,0,60,0
1966275,7210,1,1,95,1
1966276,7004,0,0,30,0
1966277,7014,0,0,30,0
1966278,7002,1,0,30,0
1966279,7103,1,1,10,1
1966280,7006,0,0,30,0
1966281,7004,0,0,20,0
1966282,7014,1,1,10,1
1966283,7004,0,0,30,0
1966284,7015,1,1,10,1
1966285,7006,1,1,10,1
1966286,7003,1,1,10,1
1966287,7006,0,0,30,0
1966288,7004,0,0,20,0
1966289,7014,0,0,40,0
1966290,7014,0,0,30,0
1966291,7114,1,1,10,1
1966292,7003,1,1,10,1
1966293,7004,0,0,30,0
1966294,7004,0,0,30,0
1966295,7004,0,0,60,0
1966296,7004,0,0,20,0
1966297,7006,0,1,30,0
1966298,7015,0,0,10,1
1966299,7003,0,0,30,0
1966300,7004,1,0,20,0
1966301,7102,1,1,10,1
1966302,7006,0,0,30,0
1966303,7006,1,1,10,1
1966304,7006,0,0,30,0
1966305,7114,1,1,10,1
1966306,7008,1,1,20,0
1966307,7210,0,0,30,0
1966308,7104,0,0,30,0
1966309,7200,0,0,50,0
1966310,7114,1,1,10,1
1966311,7004,0,0,30,0
1966312,7114,1,1,10,1
1966313,7015,0,0,30,0
1966314,7004,0,0,30,0
1966315,7106,0,0,40,0
1966316,7200,0,0,50,0
1966317,7006,0,0,30,0
1966318,7114,0,0,60,0
1966319,7114,0,0,30,0
1966320,7015,1,1,10,1
1966321,7004,0,0,30,0
1966322,7006,0,0,30,0
1966323,7004,0,0,30,0
1966324,7006,1,1,10,1
1966325,7004,0,0,30,0
1966326,7004,0,0,30,0
1966327,7004,0,0,30,0
1966328,7006,0,0,30,0
1966329,7200,0,0,50,0
1966330,7003,1,1,10,1
1966331,7104,0,0,30,0
1966332,7014,0,1,10,1
1966333,7006,0,1,10,1
1966334,7104,0,0,30,0
1966335,7006,1,1,10,1
1966336,7006,0,0,30,0
1966337,7102,0,0,40,0
1966338,7200,0,0,50,0
1966339,7006,1,1,10,1
1966340,7003,1,1,10,1
1966341,7014,0,0,30,0
1966342,7006,1,1,10,1
1966343,7114,0,0,30,0
1966344,7015,0,0,30,0
1966345,7006,1,0,10,1
1966346,7002,1,1,10,1
1966347,7004,0,0,30,0
1966348,7114,1,1,10,1
1966349,7004,0,0,30,0
1966350,7015,0,0,30,0
1966351,7004,0,0,30,0
1966352,7114,0,0,30,0
1966353,7003,0,0,30,0
1966354,7014,1,1,10,1
1966355,7004,0,0,30,0
1966356,7006,0,0,30,0
1966357,7008,0,0,30,0
1966358,7103,1,1,10,1
1966359,7102,1,1,10,1
1966360,7004,0,0,30,0
1966361,7002,1,1,10,1
1966362,7006,0,0,30,0
1966363,7002,0,1,10,1
1966364,7004,0,0,30,0
1966365,7008,0,0,40,0
1966366,7004,0,0,30,0
1966367,7006,0,0,30,0
1966368,7006,0,0,30,0
1966369,7004,0,0,30,0
1966370,7006,0,0,30,0
1966371,7004,1,0,20,0
1966372,7200,0,0,10,1
1966373,7114,1,1,10,1
1966374,7200,0,0,50,0
1966375,7014,0,0,30,0
1966376,7103,1,1,10,1
1966377,7006,0,0,30,0
1966378,7004,0,0,30,0
1966379,7014,1,1,10,1
1966380,7015,0,0,30,0
1966381,7004,0,0,30,0
1966382,7004,1,0,20,0
1966383,7015,0,0,30,0
1966384,7003,1,1,10,1
1966385,7006,0,0,30,0
1966386,7015,0,0,40,0
1966387,7006,1,1,20,0
1966388,7006,0,0,30,0
1966389,7008,1,0,40,0
1966390,7106,0,0,30,0
1966391,7004,0,0,20,0
1966392,7103,1,1,10,1
1966393,7200,1,1,10,1
1966394,7103,1,1,10,1
1966395,7004,0,0,30,0
1966396,7006,0,0,40,0
1966397,7004,1,0,20,0
1966398,7003,1,1,10,1
1966399,7015,0,0,30,0
1966400,7200,0,0,30,0
1966401,7015,1,1,10,1
1966402,7006,0,0,30,0
1966403,7014,1,1,10,1
1966404,7014,0,0,40,0
1966405,7004,0,0,30,0
1966406,7103,1,1,10,1
1966407,7008,0,0,40,0
1966408,7008,1,1,10,1
1966409,7006,0,0,30,0
1966410,7004,0,0,30,0
1966411,7015,0,0,30,0
1966412,7004,0,0,20,0
1966413,7003,0,1,10,1
1966414,7106,0,0,30,0
1966415,7003,1,1,10,1
1966416,7004,0,0,30,0
1966417,7200,0,0,30,0
1966418,7114,1,1,10,1
1966419,7003,0,0,30,0
1966420,7004,0,0,30,0
1966421,7004,0,0,30,0
1966422,7225,0,0,60,0
1966423,7006,0,0,30,0
1966424,7006,0,0,30,0
1966425,7106,0,0,40,0
1966426,7002,1,1,10,1
1966427,7106,0,0,30,0
1966428,7014,0,0,30,0
1966429,7015,1,1,10,1
1966430,7014,0,0,30,0
1966431,7004,0,0,30,0
1966432,7006,1,1,10,1
1966433,7114,1,1,10,1
1966434,7003,1,1,10,1
1966435,7114,0,0,40,0
1966436,7104,0,0,30,0
1966437,7102,0,0,30,0
1966438,7004,0,0,30,0
1966439,7103,1,1,10,1
1966440,7014,0,0,40,0
1966441,7014,1,1,30,0
1966442,7004,0,0,30,0
1966443,7104,0,0,30,0
1966444,7102,1,1,10,1
1966445,7004,0,0,30,0
1966446,7006,0,0,30,0
1966447,7114,0,0,40,0
1966448,7015,1,1,10,1
1966449,7200,0,0,10,1
1966450,7103,1,1,10,1
1966451,7103,0,0,30,0
1966452,7003,1,0,30,0
1966453,7104,0,0,30,0
1966454,7002,1,1,10,1
1966455,7006,1,1,10,1
1966456,7222,0,0,60,0
1966457,7004,0,0,60,0
1966458,7006,0,0,30,0
1966459,7006,0,0,40,0
1966460,7004,0,0,30,0
1966461,7008,0,0,30,0
1966462,7006,0,0,30,0
1966463,7104,0,0,30,0
1966464,7200,0,1,10,1
1966465,7006,0,0,30,0
1966466,7006,1,1,10,1
1966467,7006,0,0,30,0
1966468,7210,0,0,30,0
1966469,7004,0,0,30,0
1966470,7015,1,1,10,1
1966471,7006,1,0,30,0
1966472,7004,0,0,30,0
1966473,7103,0,0,40,0
1966474,7006,0,0,30,0
1966475,7103,1,1,10,1
1966476,7006,0,0,30,0
1966477,7004,0,0,30,0
1966478,7103,0,0,10,1
1966479,7006,0,0,30,0
1966480,7200,0,0,30,0
1966481,7003,0,1,20,0
1966482,7006,0,0,30,0
1966483,7006,0,0,20,0
1966484,7225,0,0,60,0
1966485,7106,0,0,20,0
1966486,7200,0,0,50,0
1966487,7006,0,1,30,0
1966488,7008,0,0,40,0
1966489,7015,1,1,30,0
1966490,7004,0,0,30,0
1966491,7004,0,0,30,0
1966492,7200,0,0,50,0
1966493,7014,0,0,30,0
1966494,7004,0,0,30,0
1966495,7014,1,1,10,1
1966496,7006,1,0,30,0
1966497,7003,1,1,10,1
1966498,7014,0,0,30,0
1966499,7103,0,0,30,0
1966500,7200,0,0,10,1
1966501,7004,0,0,30,0
1966502,7006,0,0,40,0
1966503,7103,1,1,10,1
1966504,7106,0,0,30,0
1966505,7002,1,1,10,1
1966506,7210,1,1,10,1
1966507,7003,0,1,10,1
1966508,7004,0,0,30,0
1966509,7015,0,0,30,0
1966510,7210,0,0,80,0
1966511,7004,0,0,20,0
1966512,7004,0,0,30,0
1966513,7004,0,0,20,0
1966514,7015,1,1,10,1
1966515,7004,0,0,20,0
1966516,7102,0,0,40,0
1966517,7004,0,0,30,0
1966518,7103,1,1,10,1
1966519,7106,0,0,40,0
1966520,7002,1,1,10,1
1966521,7004,0,0,30,0
1966522,7006,1,1,10,1
1966523,7200,1,1,10,1
1966524,7006,0,0,30,0
1966525,7002,1,1,10,1
1966526,7004,0,0,30,0
1966527,7014,0,0,30,0
1966528,7003,0,1,10,1
1966529,7004,0,0,30,0
1966530,7004,0,0,30,0
1966531,7006,0,0,30,0
1966532,7014,1,1,10,1
1966533,7015,0,0,40,0
1966534,7004,0,0,60,0
1966535,7006,1,1,10,1
1966536,7106,0,0,40,0
1966537,7015,1,1,10,1
1966538,7200,0,0,10,1
1966539,7004,0,0,30,0
1966540,7004,0,0,20,0
1966541,7002,1,1,10,1
1966542,7008,0,0,30,0
1966543,7004,0,0,20,0
1966544,7103,1,1,10,1
1966545,7006,0,0,30,0
1966546,7103,1,1,10,1
1966547,7210,0,0,90,0
1966548,7006,0,0,30,0
1966549,7102,1,1,10,1
1966550,7004,0,0,30,0
1966551,7003,0,0,30,0
1966552,7015,0,0,10,1
1966553,7003,1,0,20,0
1966554,7106,0,0,20,0
1966555,7114,0,0,40,0
1966556,7004,0,0,20,0
1966557,7200,0,0,10,1
1966558,7104,0,0,30,0
1966559,7006,0,0,30,0
1966560,7200,0,0,10,1
1966561,7014,1,1,10,1
1966562,7014,0,0,30,0
1966563,7003,1,1,10,1
1966564,7004,1,1,10,1
1966565,7015,1,1,10,1
1966566,7015,0,0,30,0
1966567,7004,1,0,20,0
1966568,7004,0,0,20,0
1966569,7015,0,0,30,0
1966570,7008,1,1,10,1
1966571,7004,0,0,30,0
1966572,7114,0,0,40,0
1966573,7106,0,0,60,0
1966574,7003,1,1,10,1
1966575,7004,0,0,30,0
1966576,7004,0,0,30,0
1966577,7004,0,0,30,0
1966578,7006,1,1,10,1
1966579,7014,1,1,10,1
1966580,7006,0,0,30,0
1966581,7006,1,0,30,0
1966582,7102,1,1,10,1
1966583,7114,0,0,60,0
1966584,7103,1,1,10,1
1966585,7006,1,0,30,0
1966586,7004,0,0,30,0
1966587,7015,0,0,30,0
1966588,7008,0,0,40,0
1966589,7008,0,0,30,0
1966590,7015,0,0,30,0
1966591,7004,1,0,20,0
1966592,7004,0,0,30,0
1966593,7006,1,0,10,1
1966594,7106,0,0,40,0
1966595,7004,0,0,30,0
1966596,7210,0,0,60,0
1966597,7014,0,0,30,0
1966598,7004,0,0,30,0
1966599,7004,1,0,20,0
1966600,7004,0,0,30,0
1966601,7006,0,0,30,0
1966602,7006,0,1,20,0
1966603,7004,1,0,20,0
1966604,7004,0,0,20,0
1966605,7200,0,1,10,1
1966606,7006,0,0,30,0
1966607,7102,1,1,10,1
1966608,7200,1,1,10,1
1966609,7006,0,0,60,0
1966610,7004,0,0,30,0
1966611,7004,0,0,30,0
1966612,7210,1,1,10,1
1966613,7006,1,1,10,1
1966614,7006,0,0,40,0
1966615,7004,0,0,30,0
1966616,7004,0,0,30,0
1966617,7003,1,1,10,1
1966618,7004,0,0,30,0
1966619,7106,1,1,30,0
1966620,7003,1,1,10,1
1966621,7006,0,0,40,0
1966622,7006,1,0,20,0
1966623,7104,0,0,20,0
1966624,7003,1,1,10,1
1966625,7006,0,0,40,0
1966626,7004,0,0,30,0
1966627,7015,1,1,10,1
1966628,7104,0,0,20,0
1966629,7200,1,1,10,1
1966630,7106,0,0,30,0
1966631,7006,1,0,30,0
1966632,7004,1,0,20,0
1966633,7006,0,0,30,0
1966634,7102,1,1,10,1
1966635,7008,0,0,30,0
1966636,7003,1,1,10,1
1966637,7004,0,0,30,0
1966638,7004,0,0,30,0
1966639,7200,0,0,50,0
1966640,7004,0,0,30,0
1966641,7004,0,0,60,0
1966642,7102,1,1,10,1
1966643,7003,1,1,10,1
1966644,7003,1,1,30,0
1966645,7004,0,0,30,0
1966646,7103,0,0,50,0
1966647,7004,0,0,30,0
1966648,7104,0,0,30,0
1966649,7002,1,1,10,1
1966650,7015,0,1,10,1
1966651,7004,1,0,20,0
1966652,7015,1,1,10,1
1966653,7003,0,0,30,0
1966654,7006,0,0,30,0
1966655,7006,1,1,10,1
1966656,7006,1,1,10,1
1966657,7006,1,1,10,1
1966658,7003,1,1,30,0
1966659,7103,1,1,10,1
1966660,7225,0,0,60,0
1966661,7006,0,0,20,0
1966662,7103,1,1,10,1
1966663,7006,1,0,20,0
1966664,7004,1,0,20,0
1966665,7004,0,0,20,0
1966666,7004,0,0,30,0
1966667,7006,0,0,30,0
1966668,7015,1,1,10,1
1966669,7006,0,0,30,0
1966670,7004,0,0,20,0
1966671,7106,0,0,30,0
1966672,7225,0,0,60,0
1966673,7004,0,0,30,0
1966674,7114,0,0,30,0
1966675,7004,0,0,30,0
1966676,7006,1,1,10,1
1966677,7200,0,0,50,0
1966678,7006,0,0,30,0
1966679,7006,0,0,30,0
1966680,7008,0,0,40,0
1966681,7004,0,0,30,0
1966682,7114,1,1,10,1
1966683,7006,0,0,30,0
1966684,7004,0,0,30,0
1966685,7006,0,0,30,0
1966686,7200,0,0,30,0
1966687,7002,1,1,10,1
1966688,7003,1,1,10,1
1966689,7014,0,0,30,0
1966690,7210,1,1,10,1
1966691,7008,1,1,10,1
1966692,7004,0,0,20,0
1966693,7106,0,0,30,0
1966694,7006,1,0,30,0
1966695,7014,1,1,10,1
1966696,7004,0,0,30,0
1966697,7004,0,0,30,0
1966698,7004,0,0,30,0
1966699,7200,0,0,10,1
1966700,7102,0,0,30,0
1966701,7004,0,0,30,0
1966702,7004,0,0,20,0
1966703,7104,0,0,30,0
1966704,7015,0,0,30,0
1966705,7006,0,0,30,0
1966706,7106,0,0,40,0
1966707,7200,1,1,10,1
1966708,7004,0,0,60,0
1966709,7003,0,1,30,0
1966710,7004,0,0,30,0
1966711,7014,0,0,30,0
1966712,7014,0,0,30,0
1966713,7006,1,0,20,0
1966714,7002,1,1,10,1
1966715,7003,1,1,10,1
1966716,7014,0,0,30,0
1966717,7006,0,0,20,0
1966718,7102,1,1,10,1
1966719,7210,0,1,10,1
1966720,7004,0,0,30,0
1966721,7008,0,0,40,0
1966722,7004,0,0,30,0
1966723,7006,0,0,30,0
1966724,7004,1,1,10,1
1966725,7004,0,0,30,0
1966726,7015,1,1,30,0
1966727,7004,0,0,30,0
1966728,7106,0,0,40,0
1966729,7004,0,0,60,0
1966730,7210,0,0,20,0
1966731,7006,0,0,30,0
1966732,7104,0,0,30,0
1966733,7004,1,0,20,0
1966734,7004,0,0,30,0
1966735,7106,0,0,30,0
1966736,7114,0,0,30,0
1966737,7006,0,0,30,0
1966738,7004,0,0,30,0
1966739,7004,0,0,30,0
1966740,7004,0,0,20,0
1966741,7006,0,0,20,0
1966742,7106,0,0,40,0
1966743,7004,1,0,20,0
1966744,7004,0,0,30,0
1966745,7015,1,1,10,1
1966746,7006,0,0,30,0
1966747,7006,0,0,30,0
1966748,7004,0,0,30,0
1966749,7004,0,0,30,0
1966750,7004,0,0,30,0
1966751,7003,1,1,10,1
1966752,7004,0,0,30,0
1966753,7006,1,1,10,1
1966754,7004,0,0,30,0
1966755,7004,0,0,30,0
1966756,7014,1,1,10,1
1966757,7200,0,0,50,0
1966758,7006,0,0,30,0
1966759,7006,0,0,30,0
1966760,7004,0,0,30,0
1966761,7104,0,0,20,0
1966762,7006,0,1,30,0
1966763,7004,0,0,30,0
1966764,7006,1,1,10,1
1966765,7006,0,1,10,1
1966766,7200,0,0,30,0
1966767,7200,0,0,10,1
1966768,7006,0,0,30,0
1966769,7003,1,0,20,0
1966770,7106,0,0,40,0
1966771,7004,0,0,30,0
1966772,7006,0,0,30,0
1966773,7015,0,0,30,0
1966774,7200,0,0,30,0
1966775,7103,0,0,40,0
1966776,7014,0,1,10,1
1966777,7004,0,0,60,0
1966778,7004,0,0,30,0
1966779,7102,1,1,10,1
1966780,7006,0,0,40,0
1966781,7114,0,0,30,0
1966782,7114,0,0,30,0
1966783,7004,0,0,60,0
1966784,7004,0,0,30,0
1966785,7004,0,0,30,0
1966786,7004,0,0,20,0
1966787,7103,0,0,60,0
1966788,7008,0,1,30,0
1966789,7103,1,1,10,1
1966790,7006,0,0,30,0
1966791,7200,0,0,50,0
1966792,7003,1,1,30,0
1966793,7008,0,0,40,0
1966794,7200,0,0,50,0
1966795,7006,1,1,30,0
1966796,7006,0,0,30,0
1966797,7103,1,1,10,1
1966798,7200,0,0,50,0
1966799,7004,0,0,30,0
1966800,7004,0,0,30,0
1966801,7006,1,1,30,0
1966802,7003,1,1,10,1
1966803,7200,0,0,30,0
1966804,7104,0,0,30,0
1966805,7015,0,0,30,0
1966806,7006,1,1,10,1
1966807,7015,1,1,10,1
1966808,7004,1,0,20,0
1966809,7004,0,0,30,0
1966810,7014,1,1,10,1
1966811,7003,1,1,10,1
1966812,7006,1,1,10,1
1966813,7014,0,0,30,0
1966814,7015,0,1,10,1
1966815,7015,1,1,10,1
1966816,7003,1,1,10,1
1966817,7200,0,0,10,1
1966818,7004,0,0,20,0
1966819,7114,1,1,10,1
1966820,7006,0,0,30,0
1966821,7003,1,1,10,1
1966822,7004,0,0,20,0
1966823,7008,0,0,30,0
1966824,7015,0,0,30,0
1966825,7103,0,0,30,0
1966826,7210,0,0,60,0
1966827,7114,1,1,10,1
1966828,7106,0,0,30,0
1966829,7006,0,0,30,0
1966830,7103,0,0,40,0
1966831,7002,0,0,30,0
1966832,7004,0,0,20,0
1966833,7006,0,1,30,0
1966834,7004,0,0,30,0
1966835,7003,1,1,10,1
1966836,7106,1,1,10,1
1966837,7002,1,1,10,1
1966838,7002,1,1,10,1
1966839,7002,0,0,10,1
1966840,7002,1,1,30,0
1966841,7002,1,0,30,0
1966842,7002,1,1,10,1
1966843,7002,1,1,10,1
1966844,7002,0,0,30,0
1966845,7002,1,1,10,1
1966846,7002,1,1,10,1
1966847,7002,1,1,95,1
1966848,7002,1,1,10,1
1966849,7002,1,1,10,1
1966850,7002,1,1,10,1
1966851,7002,1,1,10,1
1966852,7002,1,1,10,1
1966853,7002,0,0,95,1
1966854,7002,1,0,10,1
1966855,7002,1,1,10,1
1966856,7002,1,1,10,1
1966857,7002,1,1,10,1
1966858,7002,1,1,10,1
1966859,7002,1,1,10,1
1966860,7002,1,0,30,0
1966861,7002,1,1,10,1
1966862,7003,0,1,10,1
1966863,7003,1,1,10,1
1966864,7003,0,0,30,0
1966865,7003,0,1,10,1
1966866,7003,1,1,10,1
1966867,7003,1,0,20,0
1966868,7003,1,1,10,1
1966869,7003,0,0,40,0
1966870,7003,1,1,20,0
1966871,7003,1,1,10,1
1966872,7003,0,1,10,1
1966873,7003,1,0,30,0
1966874,7003,1,1,10,1
1966875,7003,1,1,10,1
1966876,7003,1,1,10,1
1966877,7003,1,0,30,0
1966878,7225,0,0,60,0
1966879,7003,1,1,30,0
1966880,7003,1,1,10,1
1966881,7003,0,0,30,0
1966882,7003,1,1,10,1
1966883,7003,1,1,10,1
1966884,7003,1,1,20,0
1966885,7003,1,1,30,0
1966886,7003,1,1,10,1
1966887,7003,1,1,10,1
1966888,7003,0,1,20,0
1966889,7003,1,1,10,1
1966890,7003,1,1,20,0
1966891,7003,0,0,30,0
1966892,7003,1,1,10,1
1966893,7003,0,0,30,0
1966894,7003,1,1,10,1
1966895,7003,1,1,10,1
1966896,7003,1,1,10,1
1966897,7003,1,1,10,1
1966898,7003,1,1,10,1
1966899,7003,1,1,10,1
1966900,7003,1,1,20,0
1966901,7003,0,1,10,1
1966902,7003,1,1,10,1
1966903,7003,1,1,10,1
1966904,7003,1,1,10,1
1966905,7003,1,1,10,1
1966906,7003,1,1,10,1
1966907,7003,1,1,10,1
1966908,7003,1,1,10,1
1966909,7003,1,1,10,1
1966910,7003,1,1,10,1
1966911,7003,1,1,10,1
1966912,7003,1,1,10,1
1966913,7003,1,1,30,0
1966914,7003,1,1,30,0
1966915,7003,1,0,30,0
1966916,7003,0,0,30,0
1966917,7003,1,1,10,1
1966918,7003,1,1,10,1
1966919,7003,1,1,10,1
1966920,7003,1,1,10,1
1966921,7003,1,1,10,1
1966922,7003,1,1,10,1
1966923,7003,1,0,20,0
1966924,7003,1,1,10,1
1966925,7003,1,1,10,1
1966926,7003,0,0,20,0
1966927,7003,1,0,30,0
1966928,7003,1,1,10,1
1966929,7003,1,1,10,1
1966930,7004,0,0,30,0
1966931,7004,0,0,30,0
1966932,7004,0,0,30,0
1966933,7004,0,0,20,0
1966934,7004,0,0,30,0
1966935,7004,0,0,30,0
1966936,7004,0,0,30,0
1966937,7004,0,0,20,0
1966938,7004,0,0,30,0
1966939,7004,0,0,30,0
1966940,7004,1,0,20,0
1966941,7004,0,0,60,0
1966942,7004,0,0,30,0
1966943,7004,0,0,30,0
1966944,7004,0,0,30,0
1966945,7004,0,0,30,0
1966946,7004,0,0,30,0
1966947,7004,0,0,30,0
1966948,7004,1,0,20,0
1966949,7004,0,0,30,0
1966950,7004,0,0,30,0
1966951,7004,1,0,20,0
1966952,7004,0,0,20,0
1966953,7225,0,0,60,0
1966954,7004,0,0,30,0
1966955,7004,0,0,30,0
1966956,7004,0,0,30,0
1966957,7004,0,0,20,0
1966958,7004,0,0,30,0
1966959,7004,0,0,20,0
1966960,7004,0,0,20,0
1966961,7004,0,0,20,0
1966962,7004,0,0,30,0
1966963,7004,0,0,20,0
1966964,7004,0,0,30,0
1966965,7004,0,0,20,0
1966966,7004,0,0,30,0
1966967,7004,0,0,60,0
1966968,7004,0,0,60,0
1966969,7004,1,1,10,1
1966970,7004,0,0,30,0
1966971,7004,0,0,30,0
1966972,7004,0,0,30,0
1966973,7004,0,0,20,0
1966974,7004,0,0,30,0
1966975,7004,1,0,20,0
1966976,7004,0,0,30,0
1966977,7004,0,0,30,0
1966978,7004,0,0,30,0
1966979,7004,0,0,30,0
1966980,7004,0,0,30,0
1966981,7004,0,0,30,0
1966982,7004,0,0,30,0
1966983,7004,0,0,30,0
1966984,7004,0,0,20,0
1966985,7004,0,0,60,0
1966986,7004,0,0,30,0
1966987,7004,0,0,20,0
1966988,7004,0,0,20,0
1966989,7004,0,0,30,0
1966990,7004,0,0,30,0
1966991,7004,0,0,30,0
1966992,7004,0,0,30,0
1966993,7004,0,0,20,0
1966994,7004,1,0,20,0
1966995,7004,0,0,30,0
1966996,7004,0,0,30,0
1966997,7004,0,0,30,0
1966998,7004,0,0,30,0
1966999,7004,0,0,30,0
1967000,7004,0,0,30,0
1967001,7004,0,0,30,0
1967002,7004,0,0,30,0
1967003,7004,0,0,20,0
1967004,7004,0,0,60,0
1967005,7004,0,0,60,0
1967006,7004,1,0,20,0
1967007,7004,0,0,30,0
1967008,7004,0,0,30,0
1967009,7004,0,0,30,0
1967010,7004,0,0,60,0
1967011,7004,0,0,30,0
1967012,7004,0,0,30,0
1967013,7004,0,0,20,0
1967014,7004,0,0,30,0
1967015,7004,0,0,30,0
1967016,7004,0,0,30,0
1967017,7004,0,0,20,0
1967018,7004,0,0,30,0
1967019,7004,0,0,30,0
1967020,7004,0,0,30,0
1967021,7004,0,0,30,0
1967022,7004,0,0,30,0
1967023,7004,0,0,30,0
1967024,7004,0,0,30,0
1967025,7004,0,0,30,0
1967026,7004,0,0,30,0
1967027,7004,0,0,30,0
1967028,7004,0,0,30,0
1967029,7004,0,0,20,0
1967030,7004,0,0,30,0
1967031,7004,1,0,20,0
1967032,7004,0,0,30,0
1967033,7004,0,0,30,0
1967034,7004,0,0,20,0
1967035,7004,0,0,20,0
1967036,7004,0,0,30,0
1967037,7004,0,0,20,0
1967038,7004,0,0,20,0
1967039,7004,0,0,30,0
1967040,7004,0,0,30,0
1967041,7004,0,0,30,0
1967042,7004,0,0,30,0
1967043,7004,0,0,30,0
1967044,7004,0,0,30,0
1967045,7004,0,0,30,0
1967046,7004,0,0,30,0
1967047,7004,0,0,20,0
1967048,7004,1,0,20,0
1967049,7004,0,0,30,0
1967050,7004,0,0,20,0
1967051,7004,0,0,30,0
1967052,7004,0,0,30,0
1967053,7004,0,0,20,0
1967054,7004,0,0,30,0
1967055,7004,0,0,30,0
1967056,7004,0,0,30,0
1967057,7004,0,0,30,0
1967058,7004,0,0,30,0
1967059,7004,0,0,20,0
1967060,7004,0,0,20,0
1967061,7004,0,0,30,0
1967062,7004,0,0,20,0
1967063,7004,0,0,20,0
1967064,7004,0,0,20,0
1967065,7004,0,0,30,0
1967066,7004,0,0,30,0
1967067,7004,0,0,20,0
1967068,7004,0,0,60,0
1967069,7004,0,0,30,0
1967070,7004,0,0,30,0
1967071,7004,0,0,60,0
1967072,7004,0,0,30,0
1967073,7004,0,0,30,0
1967074,7004,0,0,10,1
1967075,7004,0,0,30,0
1967076,7004,0,0,30,0
1967077,7004,1,0,20,0
1967078,7004,0,0,30,0
1967079,7004,0,0,30,0
1967080,7004,0,0,30,0
1967081,7004,0,0,20,0
1967082,7004,0,0,60,0
1967083,7004,0,0,30,0
1967084,7004,0,0,20,0
1967085,7004,0,0,30,0
1967086,7004,0,0,30,0
1967087,7004,1,0,20,0
1967088,7004,0,0,20,0
1967089,7004,0,0,30,0
1967090,7004,0,0,30,0
1967091,7004,0,0,30,0
1967092,7004,0,0,20,0
1967093,7004,0,0,30,0
1967094,7004,0,0,30,0
1967095,7004,0,0,30,0
1967096,7004,0,0,20,0
1967097,7004,0,0,20,0
1967098,7004,0,0,30,0
1967099,7004,0,0,20,0
1967100,7004,0,0,20,0
1967101,7004,0,0,60,0
1967102,7004,0,0,20,0
1967103,7004,0,0,30,0
1967104,7004,0,0,20,0
1967105,7004,0,0,60,0
1967106,7004,0,0,30,0
1967107,7004,0,0,30,0
1967108,7004,0,0,30,0
1967109,7004,0,0,20,0
1967110,7004,0,0,60,0
1967111,7004,0,0,10,1
1967112,7004,0,0,30,0
1967113,7004,0,0,20,0
1967114,7004,0,0,20,0
1967115,7004,0,0,30,0
1967116,7004,0,0,20,0
1967117,7004,0,0,30,0
1967118,7004,1,0,20,0
1967119,7004,0,0,30,0
1967120,7225,0,0,60,0
1967121,7004,0,0,60,0
1967122,7004,0,0,20,0
1967123,7004,0,0,30,0
1967124,7004,0,0,20,0
1967125,7004,0,0,10,1
1967126,7004,0,0,30,0
1967127,7004,0,0,20,0
1967128,7004,0,0,30,0
1967129,7004,0,0,20,0
1967130,7004,0,0,30,0
1967131,7004,0,0,30,0
1967132,7004,0,0,30,0
1967133,7004,0,0,30,0
1967134,7004,0,0,30,0
1967135,7004,0,0,30,0
1967136,7004,0,0,30,0
1967137,7004,0,0,30,0
1967138,7004,0,0,30,0
1967139,7004,0,0,30,0
1967140,7004,0,0,30,0
1967141,7004,0,0,30,0
1967142,7004,0,0,30,0
1967143,7004,0,0,30,0
1967144,7004,0,0,30,0
1967145,7004,0,0,30,0
1967146,7004,0,0,20,0
1967147,7004,0,0,30,0
1967148,7004,0,0,30,0
1967149,7004,0,0,30,0
1967150,7004,0,0,30,0
1967151,7004,0,0,20,0
1967152,7004,1,0,20,0
1967153,7004,1,0,20,0
1967154,7004,0,0,30,0
1967155,7004,0,0,30,0
1967156,7004,0,0,30,0
1967157,7004,0,0,20,0
1967158,7004,0,0,30,0
1967159,7004,0,0,30,0
1967160,7004,0,0,30,0
1967161,7004,0,0,30,0
1967162,7004,0,0,30,0
1967163,7004,0,0,30,0
1967164,7004,0,0,20,0
1967165,7004,0,0,30,0
1967166,7004,0,0,30,0
1967167,7004,1,0,20,0
1967168,7004,0,0,30,0
1967169,7004,0,0,30,0
1967170,7004,0,0,20,0
1967171,7004,0,0,30,0
1967172,7004,0,0,30,0
1967173,7004,0,0,20,0
1967174,7004,0,0,30,0
1967175,7004,0,0,30,0
1967176,7004,0,0,30,0
1967177,7004,1,0,20,0
1967178,7004,0,0,30,0
1967179,7004,1,0,20,0
1967180,7004,0,0,20,0
1967181,7004,0,0,30,0
1967182,7004,0,0,60,0
1967183,7004,0,0,60,0
1967184,7004,0,0,30,0
1967185,7004,0,0,30,0
1967186,7004,0,0,30,0
1967187,7004,0,0,30,0
1967188,7006,0,0,40,0
1967189,7006,0,0,30,0
1967190,7006,0,0,30,0
1967191,7006,0,0,30,0
1967192,7006,1,0,30,0
1967193,7006,1,0,30,0
1967194,7006,1,1,10,1
1967195,7006,0,0,80,0
1967196,7006,0,0,30,0
1967197,7006,0,0,30,0
1967198,7006,1,0,30,0
1967199,7006,0,0,30,0
1967200,7006,1,1,10,1
1967201,7006,0,0,30,0
1967202,7006,0,0,30,0
1967203,7006,1,0,10,1
1967204,7006,0,0,30,0
1967205,7006,0,0,30,0
1967206,7006,0,0,30,0
1967207,7006,1,0,10,1
1967208,7006,0,0,30,0
1967209,7006,0,0,30,0
1967210,7006,0,0,30,0
1967211,7006,0,0,30,0
1967212,7006,0,0,40,0
1967213,7006,0,0,30,0
1967214,7006,0,0,30,0
1967215,7006,0,0,30,0
1967216,7006,0,0,30,0
1967217,7006,0,0,30,0
1967218,7006,1,0,20,0
1967219,7006,0,0,10,1
1967220,7006,0,0,30,0
1967221,7006,1,1,10,1
1967222,7006,1,1,10,1
1967223,7006,1,1,20,0
1967224,7006,0,0,30,0
1967225,7006,0,0,30,0
1967226,7006,0,0,30,0
1967227,7006,1,0,20,0
1967228,7006,0,0,30,0
1967229,7006,0,0,10,1
1967230,7006,0,1,10,1
1967231,7006,0,0,20,0
1967232,7006,1,0,30,0
1967233,7006,1,1,10,1
1967234,7006,0,0,20,0
1967235,7006,0,0,30,0
1967236,7006,0,0,40,0
1967237,7006,0,1,10,1
1967238,7006,0,0,40,0
1967239,7006,0,0,30,0
1967240,7006,0,0,40,0
1967241,7006,0,0,30,0
1967242,7006,0,0,30,0
1967243,7006,1,0,20,0
1967244,7006,0,0,30,0
1967245,7006,0,0,30,0
1967246,7006,1,0,30,0
1967247,7006,1,1,10,1
1967248,7006,0,0,30,0
1967249,7006,1,0,20,0
1967250,7006,1,1,10,1
1967251,7006,0,0,30,0
1967252,7006,0,0,30,0
1967253,7006,0,0,30,0
1967254,7006,1,0,30,0
1967255,7006,0,0,30,0
1967256,7006,0,0,30,0
1967257,7006,0,0,20,0
1967258,7006,1,0,20,0
1967259,7006,0,0,20,0
1967260,7006,1,0,30,0
1967261,7006,0,0,40,0
1967262,7006,1,1,10,1
1967263,7006,0,0,60,0
1967264,7006,1,0,20,0
1967265,7006,0,0,10,1
1967266,7006,0,0,40,0
1967267,7006,0,0,30,0
1967268,7006,0,0,30,0
1967269,7006,0,0,30,0
1967270,7006,0,0,30,0
1967271,7006,0,0,30,0
1967272,7006,1,0,20,0
1967273,7006,0,0,40,0
1967274,7006,0,0,30,0
1967275,7006,0,0,30,0
1967276,7006,1,0,30,0
1967277,7006,0,0,30,0
1967278,7006,1,0,30,0
1967279,7006,1,1,20,0
1967280,7006,0,0,30,0
1967281,7006,0,0,30,0
1967282,7006,0,0,30,0
1967283,7006,1,1,10,1
1967284,7006,0,0,30,0
1967285,7006,0,0,10,1
1967286,7006,1,0,20,0
1967287,7006,0,0,30,0
1967288,7006,0,0,30,0
1967289,7006,0,0,30,0
1967290,7006,0,0,30,0
1967291,7006,0,0,40,0
1967292,7006,0,0,30,0
1967293,7006,0,0,30,0
1967294,7006,0,0,30,0
1967295,7006,0,0,30,0
1967296,7006,0,0,30,0
1967297,7006,0,1,10,1
1967298,7006,0,0,20,0
1967299,7006,0,0,20,0
1967300,7006,0,0,30,0
1967301,7006,0,0,30,0
1967302,7006,1,0,30,0
1967303,7006,0,0,30,0
1967304,7006,0,0,30,0
1967305,7006,0,0,20,0
1967306,7006,1,0,30,0
1967307,7006,0,0,30,0
1967308,7006,0,0,30,0
1967309,7006,1,0,30,0
1967310,7006,0,0,30,0
1967311,7006,1,1,30,0
1967312,7006,1,1,10,1
1967313,7006,1,1,10,1
1967314,7006,1,0,30,0
1967315,7006,1,0,30,0
1967316,7006,0,0,20,0
1967317,7006,1,1,20,0
1967318,7006,0,0,40,0
1967319,7006,1,1,10,1
1967320,7006,0,0,30,0
1967321,7006,0,0,30,0
1967322,7006,0,1,10,1
1967323,7006,0,0,30,0
1967324,7006,0,0,30,0
1967325,7006,0,0,30,0
1967326,7006,1,1,10,1
1967327,7006,1,1,10,1
1967328,7006,1,0,20,0
1967329,7006,0,0,30,0
1967330,7006,1,1,10,1
1967331,7006,0,0,40,0
1967332,7006,0,0,30,0
1967333,7006,0,0,30,0
1967334,7006,0,0,30,0
1967335,7006,0,0,30,0
1967336,7006,0,0,30,0
1967337,7006,1,0,10,1
1967338,7006,1,1,10,1
1967339,7006,0,0,30,0
1967340,7006,1,1,10,1
1967341,7006,0,0,30,0
1967342,7006,0,0,30,0
1967343,7006,0,0,30,0
1967344,7222,0,0,60,0
1967345,7006,0,0,30,0
1967346,7006,1,1,10,1
1967347,7006,0,0,30,0
1967348,7006,0,0,30,0
1967349,7006,0,0,40,0
1967350,7006,0,0,30,0
1967351,7006,1,0,30,0
1967352,7006,0,0,40,0
1967353,7006,0,0,30,0
1967354,7006,0,0,30,0
1967355,7006,0,0,30,0
1967356,7006,0,0,20,0
1967357,7006,1,1,10,1
1967358,7006,0,0,10,1
1967359,7006,0,0,30,0
1967360,7006,1,0,20,0
1967361,7006,0,0,30,0
1967362,7006,1,0,20,0
1967363,7006,1,0,20,0
1967364,7006,0,0,30,0
1967365,7006,0,0,30,0
1967366,7006,0,0,30,0
1967367,7006,0,0,30,0
1967368,7006,0,0,30,0
1967369,7006,1,1,10,1
1967370,7006,0,0,30,0
1967371,7006,1,0,30,0
1967372,7006,0,0,30,0
1967373,7006,0,0,30,0
1967374,7006,0,0,30,0
1967375,7006,0,0,20,0
1967376,7006,1,1,10,1
1967377,7006,0,0,30,0
1967378,7006,0,0,30,0
1967379,7006,0,0,30,0
1967380,7006,0,0,10,1
1967381,7006,0,1,10,1
1967382,7006,0,0,30,0
1967383,7006,1,1,10,1
1967384,7006,1,1,10,1
1967385,7006,1,1,30,0
1967386,7006,1,0,20,0
1967387,7006,1,1,10,1
1967388,7006,0,0,30,0
1967389,7006,0,0,30,0
1967390,7006,0,0,20,0
1967391,7006,0,0,30,0
1967392,7006,0,0,30,0
1967393,7006,0,0,40,0
1967394,7006,0,0,30,0
1967395,7006,1,0,30,0
1967396,7006,0,0,30,0
1967397,7006,0,0,30,0
1967398,7006,1,1,10,1
1967399,7006,0,0,30,0
1967400,7006,0,1,10,1
1967401,7006,0,0,30,0
1967402,7006,0,0,30,0
1967403,7006,0,0,30,0
1967404,7006,0,0,30,0
1967405,7006,0,0,30,0
1967406,7006,0,0,40,0
1967407,7006,0,0,20,0
1967408,7006,0,0,30,0
1967409,7006,0,0,30,0
1967410,7006,0,0,30,0
1967411,7006,0,0,30,0
1967412,7006,0,0,30,0
1967413,7006,0,0,20,0
1967414,7006,0,0,30,0
1967415,7006,0,0,10,1
1967416,7006,0,0,30,0
1967417,7006,0,0,40,0
1967418,7006,0,0,20,0
1967419,7006,1,0,20,0
1967420,7006,1,1,30,0
1967421,7006,0,0,30,0
1967422,7223,0,0,30,0
1967423,7006,0,0,20,0
1967424,7006,1,1,10,1
1967425,7006,0,0,60,0
1967426,7006,1,1,10,1
1967427,7006,0,0,30,0
1967428,7006,0,0,20,0
1967429,7008,0,0,20,0
1967430,7008,0,0,10,1
1967431,7008,1,1,10,1
1967432,7008,0,0,30,0
1967433,7008,0,0,30,0
1967434,7008,0,0,60,0
1967435,7008,0,0,30,0
1967436,7008,0,0,20,0
1967437,7008,0,0,60,0
1967438,7008,1,1,10,1
1967439,7008,0,0,30,0
1967440,7008,1,1,10,1
1967441,7008,1,1,20,0
1967442,7008,1,1,10,1
1967443,7008,0,0,30,0
1967444,7008,1,0,60,0
1967445,7008,0,0,30,0
1967446,7008,1,1,10,1
1967447,7008,1,1,10,1
1967448,7222,0,0,80,0
1967449,7008,0,0,40,0
1967450,7008,0,0,30,0
1967451,7008,0,0,20,0
1967452,7008,1,1,10,1
1967453,7008,0,0,30,0
1967454,7008,0,0,40,0
1967455,7008,0,0,30,0
1967456,7008,0,0,30,0
1967457,7008,0,0,30,0
1967458,7008,0,0,20,0
1967459,7008,0,0,40,0
1967460,7008,0,0,40,0
1967461,7008,1,1,10,1
1967462,7008,0,1,30,0
1967463,7008,1,1,10,1
1967464,7008,1,1,10,1
1967465,7008,0,0,40,0
1967466,7008,1,1,10,1
1967467,7008,0,0,40,0
1967468,7008,0,0,30,0
1967469,7008,0,0,40,0
1967470,7008,0,0,40,0
1967471,7014,1,1,10,1
1967472,7014,0,0,30,0
1967473,7014,1,1,10,1
1967474,7014,0,0,60,0
1967475,7014,0,0,30,0
1967476,7014,0,0,40,0
1967477,7014,0,0,40,0
1967478,7014,0,0,30,0
1967479,7014,0,0,30,0
1967480,7014,1,1,10,1
1967481,7014,1,1,10,1
1967482,7014,1,1,10,1
1967483,7014,0,0,30,0
1967484,7014,0,0,30,0
1967485,7014,0,0,30,0
1967486,7014,1,1,10,1
1967487,7014,0,0,40,0
1967488,7014,0,0,30,0
1967489,7014,1,1,10,1
1967490,7014,1,1,10,1
1967491,7014,0,0,30,0
1967492,7014,0,0,40,0
1967493,7014,1,1,10,1
1967494,7014,1,1,10,1
1967495,7014,0,0,40,0
1967496,7014,0,0,30,0
1967497,7014,0,0,40,0
1967498,7014,0,0,30,0
1967499,7014,1,1,10,1
1967500,7014,1,1,10,1
1967501,7014,1,1,10,1
1967502,7014,1,0,10,1
1967503,7014,1,0,30,0
1967504,7014,1,1,10,1
1967505,7014,0,0,30,0
1967506,7014,1,1,10,1
1967507,7014,1,1,10,1
1967508,7014,0,0,30,0
1967509,7014,0,0,30,0
1967510,7014,0,0,40,0
1967511,7014,1,1,10,1
1967512,7014,1,1,10,1
1967513,7014,0,0,30,0
1967514,7014,0,0,40,0
1967515,7014,0,0,40,0
1967516,7014,0,0,40,0
1967517,7014,0,0,30,0
1967518,7014,1,1,10,1
1967519,7014,1,1,10,1
1967520,7014,1,0,30,0
1967521,7014,0,0,40,0
1967522,7014,1,1,10,1
1967523,7014,0,0,10,1
1967524,7014,0,1,30,0
1967525,7014,0,0,30,0
1967526,7014,0,0,30,0
1967527,7014,0,0,30,0
1967528,7014,1,1,10,1
1967529,7014,0,0,30,0
1967530,7014,1,1,10,1
1967531,7014,0,1,30,0
1967532,7014,1,1,10,1
1967533,7014,0,0,30,0
1967534,7014,0,1,10,1
1967535,7014,0,0,30,0
1967536,7014,0,0,30,0
1967537,7015,1,1,10,1
1967538,7223,0,0,30,0
1967539,7015,1,1,10,1
1967540,7015,0,0,30,0
1967541,7015,1,1,10,1
1967542,7015,1,1,10,1
1967543,7015,1,1,10,1
1967544,7015,1,1,10,1
1967545,7015,1,1,10,1
1967546,7015,0,0,30,0
1967547,7015,0,0,30,0
1967548,7015,1,0,10,1
1967549,7015,1,1,10,1
1967550,7015,0,0,30,0
1967551,7015,0,1,10,1
1967552,7015,1,1,10,1
1967553,7015,0,0,30,0
1967554,7015,1,1,10,1
1967555,7015,1,1,10,1
1967556,7015,1,1,10,1
1967557,7015,0,0,30,0
1967558,7015,1,1,10,1
1967559,7015,0,0,30,0
1967560,7015,1,1,10,1
1967561,7015,1,1,10,1
1967562,7015,1,1,10,1
1967563,7015,0,0,30,0
1967564,7015,0,0,30,0
1967565,7015,0,0,30,0
1967566,7015,0,0,30,0
1967567,7015,0,0,30,0
1967568,7015,0,0,30,0
1967569,7015,0,1,10,1
1967570,7015,0,0,30,0
1967571,7015,1,1,10,1
1967572,7015,0,0,30,0
1967573,7015,1,1,10,1
1967574,7015,0,0,40,0
1967575,7015,1,1,10,1
1967576,7015,1,1,10,1
1967577,7015,0,0,30,0
1967578,7015,0,0,30,0
1967579,7015,0,0,40,0
1967580,7015,0,1,10,1
1967581,7015,1,0,10,1
1967582,7015,1,1,10,1
1967583,7015,1,1,10,1
1967584,7222,0,0,80,0
1967585,7015,1,1,10,1
1967586,7015,0,0,40,0
1967587,7015,0,0,30,0
1967588,7015,1,1,10,1
1967589,7015,0,0,30,0
1967590,7015,0,0,30,0
1967591,7015,0,0,30,0
1967592,7015,0,0,30,0
1967593,7015,0,0,30,0
1967594,7015,1,1,10,1
1967595,7015,1,1,10,1
1967596,7015,0,0,30,0
1967597,7015,0,0,30,0
1967598,7015,1,1,10,1
1967599,7015,0,0,30,0
1967600,7015,1,1,10,1
1967601,7015,1,1,10,1
1967602,7015,0,0,40,0
1967603,7015,0,0,30,0
1967604,7015,1,1,10,1
1967605,7015,0,0,30,0
1967606,7015,0,0,50,0
1967607,7015,0,0,30,0
1967608,7015,0,0,30,0
1967609,7015,1,1,30,0
1967611,7015,0,1,30,0
1967612,7015,1,1,10,1
1967613,7015,0,1,10,1
1967614,7015,1,1,10,1
1967615,7015,1,1,10,1
1967616,7015,0,0,30,0
1967617,7015,1,1,10,1
1967618,7015,1,1,10,1
1967619,7015,0,0,30,0
1967620,7101,0,0,60,0
1967621,7102,1,1,10,1
1967622,7102,0,0,40,0
1967623,7102,0,0,40,0
1967624,7102,0,0,30,0
1967625,7102,1,1,10,1
1967626,7102,1,1,10,1
1967627,7102,1,1,95,1
1967628,7102,0,0,10,1
1967629,7102,1,1,10,1
1967630,7102,0,0,40,0
1967631,7102,1,1,10,1
1967632,7102,1,1,10,1
1967633,7102,1,1,10,1
1967634,7102,1,1,10,1
1967635,7102,1,1,10,1
1967636,7102,0,0,30,0
1967637,7102,0,0,40,0
1967638,7102,1,1,10,1
1967639,7210,1,1,10,1
1967640,7102,0,1,30,0
1967641,7102,1,1,10,1
1967642,7102,1,1,10,1
1967643,7102,1,1,10,1
1967644,7102,1,1,10,1
1967645,7102,1,1,10,1
1967646,7102,0,0,40,0
1967647,7102,1,1,10,1
1967648,7102,1,1,10,1
1967649,7102,1,1,10,1
1967650,7103,1,1,10,1
1967651,7103,1,1,10,1
1967652,7103,0,0,30,0
1967653,7103,1,1,10,1
1967654,7103,0,0,40,0
1967655,7103,1,1,10,1
1967656,7103,1,1,10,1
1967657,7103,1,1,10,1
1967658,7103,0,1,10,1
1967659,7103,1,1,10,1
1967660,7103,0,1,30,0
1967661,7103,1,1,10,1
1967662,7103,1,1,10,1
1967663,7103,1,1,10,1
1967664,7103,1,1,10,1
1967665,7103,0,0,30,0
1967666,7103,1,1,10,1
1967667,7103,0,0,40,0
1967668,7103,0,0,30,0
1967669,7103,0,0,10,1
1967670,7103,1,1,95,1
1967671,7103,1,1,10,1
1967672,7103,1,1,10,1
1967673,7103,1,1,10,1
1967674,7103,1,1,10,1
1967675,7103,1,1,10,1
1967676,7103,0,0,40,0
1967677,7103,0,1,10,1
1967678,7103,0,1,10,1
1967679,7103,1,1,10,1
1967680,7103,0,0,30,0
1967681,7103,0,0,40,0
1967682,7103,1,1,10,1
1967683,7103,1,1,10,1
1967684,7103,1,1,10,1
1967685,7103,1,1,30,0
1967686,7103,1,1,10,1
1967687,7103,1,1,10,1
1967688,7103,0,0,10,1
1967689,7103,1,1,10,1
1967690,7103,1,1,10,1
1967691,7103,0,0,95,1
1967692,7103,0,0,30,0
1967693,7103,0,0,30,0
1967694,7103,1,1,10,1
1967695,7103,1,1,10,1
1967696,7103,0,0,30,0
1967697,7103,0,0,30,0
1967698,7103,1,1,10,1
1967699,7103,0,0,30,0
1967700,7104,0,0,20,0
1967701,7104,0,0,20,0
1967702,7104,0,0,20,0
1967703,7104,0,0,20,0
1967704,7104,0,0,30,0
1967705,7104,0,0,50,0
1967706,7104,0,0,20,0
1967707,7104,0,0,20,0
1967708,7104,0,0,20,0
1967709,7104,0,0,60,0
1967710,7104,0,0,20,0
1967711,7104,1,1,10,1
1967712,7104,1,0,20,0
1967713,7104,0,0,30,0
1967714,7104,0,0,30,0
1967715,7104,0,0,30,0
1967716,7104,0,0,30,0
1967717,7104,0,0,60,0
1967718,7104,0,0,20,0
1967719,7104,0,0,30,0
1967720,7104,0,0,30,0
1967721,7104,1,0,20,0
1967722,7104,0,0,20,0
1967723,7104,0,0,20,0
1967724,7104,0,0,30,0
1967725,7104,1,1,20,0
1967726,7104,0,0,30,0
1967727,7104,0,0,30,0
1967728,7104,0,0,20,0
1967729,7104,0,0,30,0
1967730,7104,0,0,30,0
1967731,7104,0,0,20,0
1967732,7104,0,0,30,0
1967733,7104,0,0,20,0
1967734,7104,0,0,30,0
1967735,7104,0,0,30,0
1967736,7104,0,0,30,0
1967737,7104,0,0,20,0
1967738,7104,0,0,30,0
1967739,7104,1,0,20,0
1967740,7104,0,0,30,0
1967741,7104,0,0,20,0
1967742,7104,0,0,30,0
1967743,7104,0,0,20,0
1967744,7104,0,0,10,1
1967745,7104,0,0,30,0
1967746,7106,0,0,40,0
1967747,7106,1,1,10,1
1967748,7106,0,0,30,0
1967749,7106,0,0,30,0
1967750,7106,0,0,30,0
1967751,7106,0,0,40,0
1967752,7106,0,0,30,0
1967753,7106,0,0,50,0
1967754,7106,0,0,40,0
1967755,7106,0,0,20,0
1967756,7106,0,0,40,0
1967757,7106,0,0,30,0
1967758,7106,0,0,30,0
1967759,7106,0,0,40,0
1967760,7106,0,0,30,0
1967761,7106,0,0,50,0
1967762,7106,0,0,30,0
1967763,7106,0,0,40,0
1967764,7106,0,0,40,0
1967765,7106,0,0,40,0
1967766,7106,0,0,40,0
1967767,7106,0,0,30,0
1967768,7106,0,0,40,0
1967769,7106,0,0,40,0
1967770,7106,1,0,30,0
1967771,7106,0,0,40,0
1967772,7106,0,0,30,0
1967773,7106,0,0,40,0
1967774,7106,0,0,40,0
1967775,7106,1,0,80,0
1967776,7106,0,0,40,0
1967777,7106,0,0,30,0
1967778,7106,0,0,40,0
1967779,7106,0,0,30,0
1967780,7106,0,0,60,0
1967781,7106,0,0,30,0
1967782,7106,0,0,40,0
1967783,7106,0,0,40,0
1967784,7106,0,0,40,0
1967785,7106,0,0,40,0
1967786,7106,0,0,30,0
1967787,7106,0,0,40,0
1967788,7106,0,1,10,1
1967789,7114,1,1,10,1
1967790,7114,0,0,30,0
1967791,7114,0,0,30,0
1967792,7114,0,0,30,0
1967793,7114,1,1,10,1
1967794,7114,1,0,10,1
1967795,7114,0,0,30,0
1967796,7114,1,1,10,1
1967797,7114,1,1,10,1
1967798,7114,0,0,10,1
1967799,7114,0,0,10,1
1967800,7114,0,1,10,1
1967801,7114,0,0,30,0
1967802,7114,1,1,10,1
1967803,7114,0,0,30,0
1967804,7114,0,0,10,1
1967805,7114,1,1,10,1
1967806,7114,1,1,10,1
1967807,7114,0,0,40,0
1967808,7114,1,1,10,1
1967809,7114,1,1,10,1
1967810,7114,1,1,10,1
1967811,7114,0,0,30,0
1967812,7114,0,0,30,0
1967813,7114,0,0,30,0
1967814,7114,1,1,10,1
1967815,7114,1,1,10,1
1967816,7114,1,1,10,1
1967817,7114,1,1,10,1
1967818,7114,1,1,10,1
1967819,7114,0,0,10,1
1967820,7114,0,1,30,0
1967821,7114,1,1,10,1
1967822,7114,0,0,30,0
1967823,7114,0,0,40,0
1967824,7114,1,1,10,1
1967825,7114,1,1,10,1
1967826,7114,1,1,10,1
1967827,7114,0,0,30,0
1967828,7114,1,1,10,1
1967829,7114,1,1,10,1
1967830,7114,1,1,10,1
1967831,7114,0,0,30,0
1967832,7114,1,0,30,0
1967833,7114,0,0,30,0
1967834,7114,1,1,10,1
1967835,7114,1,1,10,1
1967836,7114,1,1,10,1
1967837,7114,1,1,10,1
1967838,7200,0,0,30,0
1967839,7200,0,0,10,1
1967840,7200,0,0,50,0
1967841,7200,0,0,50,0
1967842,7200,0,0,50,0
1967843,7200,1,0,60,0
1967844,7200,0,0,10,1
1967845,7200,0,0,10,1
1967846,7200,0,0,50,0
1967847,7200,0,0,50,0
1967848,7200,0,0,30,0
1967849,7200,0,0,10,1
1967850,7200,0,0,50,0
1967851,7200,0,0,30,0
1967852,7200,0,0,10,1
1967853,7200,1,0,10,1
1967854,7200,0,0,30,0
1967855,7200,0,0,50,0
1967856,7200,0,0,50,0
1967857,7200,0,0,60,0
1967858,7200,0,0,10,1
1967859,7200,0,0,50,0
1967860,7200,0,0,50,0
1967861,7200,0,0,50,0
1967862,7200,0,0,30,0
1967863,7200,0,0,50,0
1967864,7200,0,0,50,0
1967865,7200,0,0,10,1
1967866,7200,0,0,10,1
1967867,7200,0,0,50,0
1967868,7200,0,0,60,0
1967869,7200,0,0,10,1
1967870,7200,0,0,50,0
1967871,7200,0,0,50,0
1967872,7200,0,0,50,0
1967873,7200,0,0,50,0
1967874,7200,0,0,50,0
1967875,7200,0,0,50,0
1967876,7200,0,0,10,1
1967877,7200,0,0,50,0
1967878,7200,1,0,10,1
1967879,7200,0,0,10,1
1967880,7200,0,0,10,1
1967881,7200,0,0,30,0
1967882,7200,1,0,10,1
1967883,7200,1,0,10,1
1967884,7200,0,0,30,0
1967885,7200,0,0,50,0
1967886,7200,0,0,50,0
1967887,7200,0,0,10,1
1967888,7200,0,0,30,0
1967889,7200,0,0,50,0
1967890,7200,0,0,50,0
1967891,7200,0,0,40,0
1967892,7200,0,0,10,1
1967894,7200,0,0,50,0
1967895,7200,1,0,10,1
1967896,7200,0,0,10,1
1967897,7200,0,0,10,1
1967898,7200,0,0,50,0
1967899,7200,0,0,10,1
1967900,7200,0,0,50,0
1967901,7200,0,0,50,0
1967902,7200,0,0,50,0
1967903,7200,0,0,50,0
1967904,7200,0,0,50,0
1967905,7200,0,0,30,0
1967906,7200,0,0,50,0
1967907,7200,0,0,50,0
1967908,7200,0,0,30,0
1967909,7200,0,0,10,1
1967910,7200,0,0,50,0
1967911,7200,1,1,10,1
1967912,7200,0,0,50,0
1967913,7200,0,0,50,0
1967914,7200,0,0,50,0
1967915,7200,0,0,50,0
1967916,7200,0,0,30,0
1967917,7200,1,1,10,1
1967918,7200,0,0,50,0
1967919,7200,0,0,50,0
1967920,7200,0,0,10,1
1967921,7200,0,0,10,1
1967922,7200,0,0,10,1
1967923,7200,0,0,50,0
1967925,7210,1,1,10,1
1967926,7210,0,0,60,0
1967927,7225,0,0,60,0
1967928,7210,1,0,10,1
1967929,7210,1,1,10,1
1967930,7222,0,0,60,0
1967931,7210,1,1,10,1
1967933,7210,0,0,30,0
1967934,7210,0,0,80,0
1967936,7210,1,1,10,1
1967937,7225,0,0,60,0
1967938,7225,0,0,60,0
1967939,7210,0,1,10,1
1967940,7225,0,0,30,0
1967941,7210,1,1,30,0
1967942,7210,1,0,20,0
1967943,7210,1,1,10,1
1967944,7225,0,0,30,0
1967945,7210,0,0,40,0
1967946,7222,0,0,80,0
1967947,7225,0,0,60,0
1967948,7210,0,0,30,0
1967949,7210,0,0,60,0
1967951,7225,0,0,60,0
1967952,7210,0,0,90,0
1967953,7210,0,1,30,0
1967954,7210,1,1,10,1
1967955,7210,0,0,60,0
1967956,7225,0,0,60,0
1967957,7210,0,0,40,0
1967958,8001,1,1,10,1
1967959,8002,1,1,10,1
1967960,8002,1,1,10,1
1967961,8002,1,0,10,1
1967962,8002,0,0,30,0
1967963,8002,1,1,10,1
1967964,8002,0,0,30,0
1967965,8002,1,1,10,1
1967966,8002,1,1,10,1
1967967,8002,0,0,30,0
1967968,8002,1,1,10,1
1967969,8002,1,1,10,1
1967970,8002,0,0,20,0
1967971,8002,1,1,10,1
1967972,8002,1,1,10,1
1967973,8002,0,0,30,0
1967974,8003,1,1,10,1
1967975,8003,0,0,30,0
1967976,8003,0,1,10,1
1967977,8003,1,1,10,1
1967978,8003,1,1,10,1
1967979,8003,0,0,40,0
1967980,8003,0,0,30,0
1967981,8003,1,1,10,1
1967982,8003,0,0,90,0
1967983,8003,1,1,10,1
1967984,8003,1,1,10,1
1967985,8003,1,1,10,1
1967986,8003,0,0,40,0
1967987,8003,1,1,10,1
1967988,8003,0,0,90,0
1967989,8003,1,1,10,1
1967990,8003,0,1,20,0
1967991,8003,1,1,20,0
1967992,8003,0,1,20,0
1967993,8003,0,0,30,0
1967994,8003,1,1,10,1
1967995,8003,0,0,30,0
1967996,8223,0,0,30,0
1967997,8003,1,1,10,1
1967998,8003,1,1,10,1
1967999,8003,1,1,10,1
1968000,8003,1,1,10,1
1968001,8003,1,1,10,1
1968002,8003,1,1,20,0
1968003,8003,0,0,30,0
1968004,8003,0,0,10,1
1968005,8003,1,1,10,1
1968006,8003,1,1,20,0
1968007,8003,1,1,10,1
1968008,8003,1,1,10,1
1968009,8003,1,1,20,0
1968010,8003,1,0,20,0
1968011,8003,1,1,10,1
1968012,8003,0,0,10,1
1968013,8003,1,1,10,1
1968014,8003,1,1,10,1
1968015,8003,0,0,20,0
1968016,8003,1,0,10,1
1968017,8003,1,1,10,1
1968018,8003,0,1,10,1
1968019,8003,1,1,10,1
1968020,8003,1,1,10,1
1968021,8003,1,1,10,1
1968022,8003,1,1,10,1
1968023,8003,0,0,30,0
1968024,8003,1,1,10,1
1968025,8003,1,1,20,0
1968026,8003,1,1,20,0
1968027,8003,1,1,10,1
1968028,8003,1,1,10,1
1968029,8003,1,1,10,1
1968030,8003,0,0,30,0
1968031,8003,1,1,10,1
1968032,8003,0,1,20,0
1968033,8003,0,0,30,0
1968034,8003,0,0,90,0
1968035,8003,1,1,10,1
1968036,8003,1,1,10,1
1968037,8003,1,1,10,1
1968038,8003,1,1,10,1
1968039,8003,0,1,10,1
1968040,8003,1,1,10,1
1968041,8003,1,1,20,0
1968042,8003,1,1,10,1
1968043,8003,1,1,10,1
1968044,8003,1,1,10,1
1968045,8004,0,0,60,0
1968046,8004,0,0,30,0
1968047,8004,0,0,30,0
1968048,8004,0,0,30,0
1968049,8004,0,0,60,0
1968050,8004,0,0,20,0
1968051,8004,0,0,20,0
1968052,8004,0,0,20,0
1968053,8004,0,0,60,0
1968054,8004,0,0,20,0
1968055,8004,0,0,60,0
1968056,8004,0,0,60,0
1968057,8004,0,0,60,0
1968058,8004,0,0,60,0
1968059,8004,0,0,20,0
1968060,8004,0,0,60,0
1968061,8004,0,0,30,0
1968062,8004,0,0,60,0
1968063,8004,0,0,60,0
1968064,8004,0,0,30,0
1968065,8004,0,0,20,0
1968066,8004,0,0,30,0
1968067,8004,0,0,60,0
1968068,8004,0,0,60,0
1968069,8004,0,0,20,0
1968070,8004,0,0,20,0
1968071,8004,0,0,60,0
1968072,8004,0,0,60,0
1968073,8004,0,0,60,0
1968074,8004,0,0,60,0
1968075,8004,0,0,30,0
1968076,8004,0,0,20,0
1968077,8004,0,0,20,0
1968078,8004,0,0,60,0
1968079,8004,0,0,60,0
1968080,8004,0,0,20,0
1968081,8004,0,0,60,0
1968082,8004,0,0,20,0
1968083,8004,0,0,60,0
1968084,8004,0,0,60,0
1968085,8004,0,0,20,0
1968086,8004,0,0,20,0
1968087,8004,0,0,30,0
1968088,8004,0,0,60,0
1968089,8004,0,0,30,0
1968090,8004,0,0,60,0
1968091,8004,0,0,20,0
1968092,8004,0,0,20,0
1968093,8004,0,0,60,0
1968094,8004,0,0,60,0
1968095,8004,0,0,20,0
1968096,8004,0,0,20,0
1968097,8004,0,0,60,0
1968098,8004,0,0,60,0
1968099,8004,0,0,60,0
1968100,8004,0,0,60,0
1968101,8004,0,0,60,0
1968102,8004,0,0,20,0
1968103,8004,0,0,60,0
1968104,8004,0,0,30,0
1968105,8004,0,0,60,0
1968106,8004,0,0,60,0
1968107,8004,0,0,60,0
1968108,8004,0,0,20,0
1968109,8004,0,0,20,0
1968110,8004,0,0,20,0
1968111,8004,0,0,60,0
1968112,8004,0,0,30,0
1968113,8004,0,0,60,0
1968114,8004,0,0,30,0
1968115,8006,0,0,60,0
1968116,8006,0,0,20,0
1968117,8006,0,0,20,0
1968118,8006,0,0,60,0
1968119,8006,0,0,60,0
1968120,8006,0,0,30,0
1968121,8006,0,0,60,0
1968122,8006,0,0,30,0
1968123,8006,0,0,20,0
1968124,8006,0,0,20,0
1968125,8006,0,0,20,0
1968126,8006,0,0,20,0
1968127,8006,0,0,20,0
1968128,8006,0,0,20,0
1968129,8006,0,0,30,0
1968130,8006,0,0,30,0
1968131,8006,0,0,30,0
1968132,8006,0,0,60,0
1968133,8006,0,0,60,0
1968134,8006,0,0,20,0
1968135,8006,0,0,60,0
1968136,8006,0,0,20,0
1968137,8006,0,0,60,0
1968138,8006,0,0,30,0
1968139,8006,1,1,10,1
1968140,8006,1,0,20,0
1968141,8006,0,0,20,0
1968142,8006,0,0,30,0
1968143,8006,0,0,40,0
1968144,8006,0,0,20,0
1968145,8006,0,0,20,0
1968146,8006,0,0,60,0
1968147,8006,0,0,20,0
1968148,8006,0,0,60,0
1968149,8006,0,0,60,0
1968150,8006,0,0,60,0
1968151,8006,0,0,60,0
1968152,8006,0,0,30,0
1968153,8006,0,0,30,0
1968154,8006,0,0,20,0
1968155,8006,0,0,20,0
1968156,8006,1,1,10,1
1968157,8226,0,0,80,0
1968158,8006,0,0,100,0
1968159,8006,0,0,30,0
1968160,8006,0,0,20,0
1968161,8006,0,0,30,0
1968162,8006,0,0,60,0
1968163,8006,0,0,30,0
1968164,8006,0,0,60,0
1968165,8006,0,0,30,0
1968166,8006,1,0,20,0
1968167,8006,0,0,30,0
1968168,8006,0,0,30,0
1968169,8006,0,0,60,0
1968170,8006,0,0,20,0
1968171,8006,0,0,30,0
1968172,8006,0,0,20,0
1968173,8006,0,0,20,0
1968174,8006,0,0,30,0
1968175,8006,0,0,20,0
1968176,8006,1,0,20,0
1968177,8006,0,0,20,0
1968178,8006,0,0,30,0
1968179,8006,0,0,60,0
1968180,8006,0,0,30,0
1968181,8006,0,0,20,0
1968182,8006,0,1,30,0
1968183,8006,0,0,30,0
1968184,8006,0,0,30,0
1968185,8006,0,0,60,0
1968186,8006,0,0,20,0
1968187,8006,0,0,60,0
1968188,8006,0,0,30,0
1968189,8006,1,0,20,0
1968190,8006,0,0,30,0
1968191,8006,0,0,30,0
1968192,8006,0,0,30,0
1968193,8006,0,0,20,0
1968194,8006,0,0,60,0
1968195,8006,0,0,20,0
1968196,8006,0,0,60,0
1968197,8008,0,0,60,0
1968198,8014,0,0,40,0
1968199,8014,0,0,30,0
1968200,8014,0,0,30,0
1968201,8222,0,0,80,0
1968202,8014,0,0,30,0
1968203,8014,0,0,10,1
1968204,8014,0,0,20,0
1968205,8014,0,0,30,0
1968206,8014,0,0,30,0
1968207,8014,0,0,40,0
1968208,8014,0,0,40,0
1968209,8014,0,0,40,0
1968210,8014,0,0,40,0
1968211,8014,0,0,40,0
1968212,8014,0,1,10,1
1968213,8014,0,0,40,0
1968214,8014,0,0,30,0
1968215,8014,0,0,40,0
1968216,8014,0,0,20,0
1968217,8014,0,0,30,0
1968218,8014,1,1,20,0
1968219,8014,1,1,10,1
1968220,8014,1,1,10,1
1968221,8014,0,1,10,1
1968222,8014,0,0,30,0
1968223,8014,1,1,20,0
1968224,8014,1,1,10,1
1968225,8014,0,0,40,0
1968226,8014,0,0,40,0
1968227,8014,0,0,40,0
1968228,8014,1,1,10,1
1968229,8014,1,1,10,1
1968230,8014,0,1,10,1
1968231,8014,0,0,30,0
1968232,8014,0,0,40,0
1968233,8014,0,0,40,0
1968234,8014,1,1,10,1
1968235,8014,0,0,30,0
1968236,8014,0,0,40,0
1968237,8014,0,0,60,0
1968238,8014,0,0,20,0
1968239,8014,0,0,40,0
1968240,8014,0,0,40,0
1968241,8014,0,0,30,0
1968242,8014,0,0,40,0
1968243,8014,0,0,40,0
1968244,8014,0,0,40,0
1968245,8014,0,0,90,0
1968246,8014,0,0,30,0
1968247,8014,0,0,20,0
1968248,8014,0,0,20,0
1968249,8014,0,0,30,0
1968250,8014,0,0,40,0
1968251,8014,0,0,60,0
1968252,8014,0,0,20,0
1968253,8014,0,0,30,0
1968254,8014,0,0,30,0
1968255,8014,0,0,10,1
1968256,8014,0,0,20,0
1968257,8014,0,1,10,1
1968258,8014,1,0,10,1
1968259,8014,0,1,10,1
1968260,8014,0,0,40,0
1968261,8014,1,1,10,1
1968262,8014,0,0,30,0
1968263,8014,1,1,10,1
1968264,8014,0,0,40,0
1968265,8014,1,1,10,1
1968266,8014,1,1,10,1
1968267,8014,0,0,40,0
1968268,8014,0,0,40,0
1968269,8014,0,0,30,0
1968270,8014,0,0,40,0
1968271,8014,1,0,10,1
1968272,8014,1,1,10,1
1968273,8014,1,1,10,1
1968274,8014,0,0,30,0
1968275,8014,0,0,40,0
1968276,8014,0,0,80,0
1968277,8014,0,0,40,0
1968278,8014,0,0,20,0
1968279,8014,0,0,30,0
1968280,8014,1,1,10,1
1968281,8014,0,1,10,1
1968282,8014,0,0,40,0
1968283,8015,0,0,30,0
1968284,8015,0,0,30,0
1968285,8015,0,0,30,0
1968286,8015,0,0,40,0
1968287,8015,0,0,30,0
1968288,8015,0,0,30,0
1968289,8015,0,0,40,0
1968290,8015,0,0,40,0
1968291,8015,0,0,30,0
1968292,8015,0,0,30,0
1968293,8015,0,0,40,0
1968294,8015,0,0,30,0
1968295,8015,0,0,30,0
1968296,8015,0,0,40,0
1968297,8015,0,0,30,0
1968298,8015,0,0,30,0
1968299,8015,0,0,30,0
1968300,8015,0,0,40,0
1968301,8015,0,0,40,0
1968302,8015,0,0,40,0
1968303,8015,0,0,40,0
1968304,8029,1,1,10,1
1968305,8029,0,0,30,0
1968306,8029,0,0,30,0
1968307,8029,0,0,30,0
1968308,8029,1,1,10,1
1968309,8029,0,0,30,0
1968310,8029,1,1,10,1
1968311,8029,0,0,60,0
1968312,8029,1,1,10,1
1968313,8029,0,0,30,0
1968314,8029,1,1,10,1
1968315,8029,0,0,60,0
1968316,8029,0,0,30,0
1968317,8029,1,1,10,1
1968318,8029,0,0,30,0
1968319,8029,0,0,30,0
1968320,8102,0,0,30,0
1968321,8102,1,1,10,1
1968322,8102,1,1,10,1
1968323,8102,1,1,10,1
1968324,8102,0,0,30,0
1968325,8102,1,1,20,0
1968326,8102,0,0,30,0
1968327,8102,1,1,10,1
1968328,8103,0,0,30,0
1968329,8102,1,1,10,1
1968330,8102,1,1,10,1
1968331,8103,1,1,10,1
1968332,8103,0,0,60,0
1968333,8103,1,1,10,1
1968334,8103,1,1,10,1
1968335,8103,0,0,30,0
1968336,8103,0,0,30,0
1968337,8103,1,1,10,1
1968338,8103,1,1,20,0
1968339,8104,0,0,30,0
1968340,8104,0,0,20,0
1968341,8104,0,0,60,0
1968342,8104,0,0,20,0
1968343,8104,0,0,20,0
1968344,8104,0,0,20,0
1968345,8104,0,0,60,0
1968346,8104,0,0,30,0
1968347,8104,0,0,80,0
1968348,8104,0,0,30,0
1968349,8104,0,0,20,0
1968350,8104,0,0,60,0
1968351,8104,0,0,20,0
1968352,8104,0,0,20,0
1968353,8104,0,0,20,0
1968354,8106,0,0,60,0
1968355,8106,0,0,40,0
1968356,8106,0,0,30,0
1968357,8106,0,0,60,0
1968358,8106,0,0,60,0
1968359,8106,0,0,20,0
1968360,8106,0,0,20,0
1968361,8106,0,0,20,0
1968362,8106,0,0,30,0
1968363,8106,0,0,20,0
1968364,8106,0,0,30,0
1968365,8106,0,0,30,0
1968366,8106,0,0,30,0
1968367,8106,0,0,30,0
1968368,8106,0,0,60,0
1968369,8106,0,0,30,0
1968370,8106,0,0,30,0
1968371,8106,0,0,30,0
1968372,8106,0,0,60,0
1968373,8106,0,0,30,0
1968374,8106,0,0,30,0
1968375,8106,0,0,40,0
1968376,8106,0,0,20,0
1968377,8106,0,0,30,0
1968378,8106,0,0,60,0
1968379,8114,0,0,30,0
1968380,8114,0,0,60,0
1968381,8114,0,0,30,0
1968382,8114,0,0,40,0
1968383,8114,0,0,40,0
1968384,8114,0,0,30,0
1968385,8114,0,0,30,0
1968386,8114,0,1,10,1
1968387,8114,1,1,10,1
1968388,8114,0,1,10,1
1968389,8114,0,0,40,0
1968390,8114,0,0,40,0
1968391,8114,0,0,40,0
1968392,8114,1,0,10,1
1968393,8114,0,0,30,0
1968394,8114,1,0,40,0
1968395,8114,0,0,40,0
1968396,8223,0,0,90,0
1968397,8114,0,0,30,0
1968398,8114,0,0,50,0
1968399,8114,0,1,20,0
1968400,8114,0,0,30,0
1968401,8114,0,0,30,0
1968402,8114,1,1,10,1
1968403,8114,1,1,10,1
1968404,8114,1,0,20,0
1968405,8114,0,0,40,0
1968406,8114,1,1,10,1
1968407,8114,0,0,40,0
1968408,8114,1,1,10,1
1968409,8114,1,1,10,1
1968410,8114,1,1,10,1
1968411,8114,0,0,40,0
1968412,8114,1,0,10,1
1968413,8114,0,0,40,0
1968414,8114,0,0,30,0
1968415,8114,0,0,40,0
1968416,8114,0,0,40,0
1968417,8114,0,0,30,0
1968418,8114,0,0,30,0
1968419,8114,1,1,20,0
1968420,8114,0,0,30,0
1968421,8114,0,0,40,0
1968422,8114,0,0,30,0
1968423,8114,0,0,40,0
1968424,8114,0,0,30,0
1968425,8114,0,0,40,0
1968426,8114,0,1,10,1
1968427,8114,0,0,40,0
1968428,8114,0,0,40,0
1968429,8114,0,0,20,0
1968430,8114,1,1,10,1
1968431,8114,0,0,40,0
1968432,8114,0,0,20,0
1968433,8114,0,0,30,0
1968434,8114,0,1,10,1
1968435,8114,0,0,40,0
1968436,8114,0,0,40,0
1968437,8114,1,1,10,1
1968438,8114,0,0,40,0
1968439,8114,1,1,10,1
1968440,8114,0,1,10,1
1968441,8114,0,0,40,0
1968442,8114,1,1,10,1
1968443,8114,0,0,40,0
1968444,8223,0,0,30,0
1968445,8114,0,0,40,0
1968446,8114,0,0,40,0
1968447,8114,0,0,40,0
1968448,8114,0,0,30,0
1968449,8114,0,1,10,1
1968450,8114,0,1,10,1
1968451,8114,0,0,30,0
1968452,8114,0,0,40,0
1968453,8114,0,0,40,0
1968454,8114,1,1,10,1
1968455,8114,0,0,30,0
1968456,8114,0,0,30,0
1968457,8114,0,0,40,0
1968458,8114,0,0,30,0
1968459,8114,0,0,30,0
1968460,8114,0,0,40,0
1968461,8114,0,0,40,0
1968462,8114,0,0,30,0
1968463,8114,1,1,10,1
1968464,8114,0,0,40,0
1968465,8114,0,0,40,0
1968466,8114,0,0,30,0
1968467,8114,0,0,30,0
1968468,8114,0,0,40,0
1968469,8114,0,0,30,0
1968470,8114,0,0,30,0
1968471,8114,0,1,30,0
1968472,8114,0,0,30,0
1968473,8114,0,0,40,0
1968474,8114,0,0,40,0
1968475,8114,0,0,40,0
1968476,8114,0,0,30,0
1968477,8114,0,0,30,0
1968478,8114,0,0,40,0
1968479,8114,0,0,40,0
1968480,8114,0,0,30,0
1968481,8114,0,0,10,1
1968482,8114,0,0,30,0
1968483,8114,0,0,50,0
1968484,8114,1,1,30,0
1968485,8114,1,1,10,1
1968486,8114,0,0,30,0
1968487,8114,0,0,40,0
1968488,8114,0,0,30,0
1968489,8114,0,0,40,0
1968490,8114,0,0,30,0
1968491,8114,1,1,10,1
1968493,8114,0,0,60,0
1968494,8114,1,1,10,1
1968495,8114,0,0,30,0
1968496,8114,0,0,30,0
1968497,8114,0,0,30,0
1968498,8114,0,0,30,0
1968499,8114,0,0,30,0
1968500,8114,0,0,40,0
1968501,8114,0,0,30,0
1968502,8114,0,0,30,0
1968503,8114,0,0,40,0
1968504,8114,0,0,30,0
1968505,8114,0,0,30,0
1968506,8114,1,0,20,0
1968507,8114,0,0,30,0
1968508,8114,0,0,10,1
1968509,8114,1,1,20,0
1968510,8114,1,1,10,1
1968511,8114,0,0,40,0
1968512,8114,1,1,10,1
1968513,8114,0,0,40,0
1968514,8114,0,0,30,0
1968515,8114,0,0,30,0
1968516,8114,0,0,40,0
1968517,8114,0,0,30,0
1968518,8222,0,0,80,0
1968519,8114,0,0,40,0
1968520,8114,0,0,40,0
1968521,8200,0,0,30,0
1968522,8221,0,0,50,0
1968523,8200,0,0,10,1
1968524,8200,0,1,10,1
1968525,8200,0,0,10,1
1968526,8200,0,0,40,0
1968527,8221,0,0,50,0
1968528,8221,0,0,50,0
1968529,8200,0,0,60,0
1968530,8200,0,1,30,0
1968531,8221,0,0,50,0
1968532,8200,0,0,40,0
1968533,8221,0,0,50,0
1968534,8221,0,0,50,0
1968535,8222,0,0,80,0
1968536,8210,0,0,30,0
1968537,8223,0,0,30,0
1968538,8222,0,0,80,0
1968539,8210,0,0,60,0
1968540,8210,0,0,40,0
1968541,8222,0,0,80,0
1968542,8226,0,0,70,0
1968543,8210,0,0,30,0
1968544,8210,1,1,10,1
1968545,8210,0,0,30,0
1968546,8210,0,0,30,0
1968547,8210,0,0,60,0
1968548,8015,0,0,30,0
1968549,8210,0,0,60,0
1968550,8003,1,1,10,1
1968551,8001,1,1,10,1
1968552,8103,0,1,30,0
1968553,8103,0,0,30,0
1968554,8002,1,1,10,1
1968555,8003,0,0,30,0
1968556,8102,0,1,10,1
1968557,8003,0,0,30,0
1968558,8103,0,0,40,0
1968559,8101,1,1,10,1
1968560,8114,0,0,40,0
1968561,8103,0,1,10,1
1968562,8103,0,0,30,0
1968563,8200,0,0,30,0
1968564,8003,1,1,20,0
1968565,8102,1,0,20,0
1968566,8103,0,0,20,0
1968567,8002,0,0,30,0
1968568,8003,0,0,40,0
1968569,8001,1,1,10,1
1968570,8103,0,0,30,0
1968571,8221,0,0,50,0
1968572,8002,1,1,10,1
1968573,8103,0,0,30,0
1968574,8114,1,1,10,1
1968575,8103,0,0,30,0
1968576,8001,1,1,10,1
1968577,8003,0,0,30,0
1968578,8003,0,1,20,0
1968579,8103,0,0,30,0
1968580,8003,1,1,20,0
1968581,8003,1,1,10,1
1968582,8002,1,1,10,1
1968583,8002,1,1,10,1
1968584,8014,0,0,40,0
1968585,8222,0,0,80,0
1968586,8002,1,1,10,1
1968587,8103,1,1,10,1
1968588,8001,1,1,10,1
1968589,8114,0,0,30,0
1968590,8003,1,0,10,1
1968591,8003,0,1,10,1
1968592,8103,0,0,30,0
1968593,8003,0,0,30,0
1968594,8003,1,1,10,1
1968595,8002,1,1,10,1
1968596,8001,1,1,10,1
1968597,8114,0,0,40,0
1968598,8103,0,0,40,0
1968599,8001,1,1,10,1
1968600,8001,1,1,10,1
1968601,8003,1,1,10,1
1968602,8103,0,0,40,0
1968603,8103,0,0,30,0
1968604,8003,1,1,10,1
1968605,8103,1,1,10,1
1968606,8103,0,0,30,0
1968607,8003,1,1,10,1
1968608,8103,0,1,20,0
1968609,8102,0,0,30,0
1968610,8103,0,1,20,0
1968611,8103,0,0,90,0
1968612,8102,1,0,30,0
1968613,8200,1,1,10,1
1968614,8103,0,0,30,0
1968615,8103,1,1,10,1
1968616,8001,1,1,10,1
1968617,8003,0,0,90,0
1968618,8106,1,1,10,1
1968619,8114,0,0,40,0
1968620,8002,1,1,10,1
1968621,8114,0,0,40,0
1968622,8101,1,1,10,1
1968623,8103,1,0,30,0
1968624,8103,1,1,10,1
1968625,8002,1,1,10,1
1968626,8001,1,1,10,1
1968627,8002,1,1,10,1
1968628,8103,1,1,10,1
1968629,8114,1,1,10,1
1968630,8103,0,0,60,0
1968631,8103,1,1,20,0
1968632,8210,1,1,10,1
1968633,8114,1,1,10,1
1968634,8001,1,1,10,1
1968635,8210,0,1,10,1
1968636,8003,0,0,30,0
1968637,8003,1,0,10,1
1968638,8002,1,1,10,1
1968639,8001,1,1,10,1
1968640,8103,1,0,10,1
1968641,8106,0,1,20,0
1968642,8103,1,1,10,1
1968643,8002,1,1,10,1
1968644,8200,0,0,30,0
1968645,8210,0,0,50,0
1968646,8003,0,0,30,0
1968647,8002,0,0,30,0
1968648,8001,1,1,10,1
1968649,8001,1,1,10,1
1968650,8002,1,1,10,1
1968651,8001,1,1,10,1
1968652,8003,0,0,30,0
1968653,8103,0,1,10,1
1968654,8221,0,0,10,1
1968655,8003,1,1,10,1
1968656,8001,1,1,10,1
1968657,8001,1,1,10,1
1968658,8103,0,0,40,0
1968659,8114,0,0,40,0
1968660,8002,1,0,10,1
1968661,8001,1,1,10,1
1968662,8014,0,0,30,0
1968663,8103,0,0,40,0
1968664,8103,1,1,10,1
1968665,8114,0,1,10,1
1968666,8103,1,0,20,0
1968667,8003,0,0,40,0
1968668,8003,1,0,20,0
1968669,8102,0,1,10,1
1968670,8003,1,1,10,1
1968671,8002,1,1,10,1
1968672,8001,1,1,10,1
1968673,8003,0,1,20,0
1968674,8002,1,1,10,1
1968675,8103,0,0,30,0
1968676,8003,0,0,40,0
1968677,8003,0,1,10,1
1968678,8103,0,0,30,0
1968679,8001,1,1,10,1
1968680,8102,0,0,30,0
1968681,8003,1,1,10,1
1968682,8002,1,0,10,1
1968683,8002,1,1,10,1
1968684,8006,0,1,10,1
1968685,8003,0,0,30,0
1968686,8003,0,0,30,0
1968687,8106,0,0,20,0
1968688,8003,0,1,10,1
1968689,8103,1,1,10,1
1968690,8106,1,0,20,0
1968691,8002,1,1,10,1
1968692,8106,0,0,40,0
1968693,8003,1,1,10,1
1968694,8200,0,0,30,0
1968695,8002,1,1,10,1
1968696,8003,1,0,30,0
1968697,8102,0,0,30,0
1968698,8001,1,1,10,1
1968699,8003,0,0,30,0
1968700,8002,1,1,10,1
1968701,8003,1,1,20,0
1968702,8101,1,1,10,1
1968703,8106,0,0,30,0
1968704,8001,1,1,10,1
1968705,8002,1,1,10,1
1968706,8003,1,1,10,1
1968707,8103,0,0,40,0
1968708,8003,1,1,10,1
1968709,8103,1,1,10,1
1968710,8106,1,0,20,0
1968711,8103,0,0,30,0
1968712,8103,0,0,30,0
1968713,8003,1,1,10,1
1968714,8002,0,0,60,0
1968715,8114,0,1,10,1
1968716,8002,1,1,10,1
1968717,8103,1,1,20,0
1968718,8114,0,0,40,0
1968719,8014,0,0,30,0
1968720,8103,0,0,30,0
1968721,8200,1,1,10,1
1968722,8200,0,0,60,0
1968723,8103,0,0,30,0
1968724,8103,1,1,10,1
1968725,8106,0,1,20,0
1968726,8103,0,0,30,0
1968727,8103,0,0,10,1
1968728,8103,0,1,30,0
1968729,8114,1,1,10,1
1968730,8103,1,1,10,1
1968731,8103,0,0,30,0
1968732,8003,0,0,30,0
1968733,8002,1,1,10,1
1968734,8223,0,0,30,0
1968735,8001,1,1,10,1
1968736,8210,1,0,10,1
1968737,8001,1,1,10,1
1968738,8014,0,0,40,0
1968739,8002,1,1,10,1
1968740,8002,1,1,10,1
1968741,8001,1,1,10,1
1968742,8114,1,0,10,1
1968743,8002,1,1,10,1
1968744,8103,1,1,20,0
1968745,8003,0,1,10,1
1968746,8210,0,0,30,0
1968747,8103,1,1,10,1
1968748,8002,1,1,10,1
1968749,8003,1,1,10,1
1968750,8210,1,1,95,1
1968751,8003,0,0,20,0
1968752,8002,1,1,10,1
1968753,8002,1,1,10,1
1968754,8106,1,0,20,0
1968755,8114,0,0,40,0
1968756,8222,0,0,80,0
1968757,8002,1,1,10,1
1968758,8210,0,1,30,0
1968759,8003,0,0,30,0
1968760,8003,1,1,10,1
1968761,8103,0,0,30,0
1968762,8003,0,1,10,1
1968763,8003,0,1,10,1
1968764,8001,1,1,10,1
1968765,8101,1,1,10,1
1968766,8114,0,0,30,0
1968767,8003,1,1,10,1
1968768,8103,1,1,10,1
1968769,8001,1,1,10,1
1968770,8114,0,0,40,0
1968771,8222,0,0,80,0
1968772,8003,0,0,40,0
1968773,8003,1,1,10,1
1968774,8114,0,0,30,0
1968775,8002,1,1,10,1
1968776,8114,1,1,10,1
1968777,8002,1,1,10,1
1968778,8103,0,1,10,1
1968779,8103,1,1,10,1
1968780,8002,1,1,10,1
1968781,8002,1,1,10,1
1968782,8002,1,1,10,1
1968783,8003,1,1,10,1
1968784,8002,1,1,10,1
1968785,8015,1,0,10,1
1968786,8210,1,1,10,1
1968787,8003,1,1,10,1
1968788,8103,0,0,10,1
1968789,8003,1,1,10,1
1968790,8002,0,1,10,1
1968791,8103,0,0,30,0
1968792,8002,1,1,10,1
1968793,8002,1,1,10,1
1968794,8221,0,0,30,0
1968795,8003,1,1,10,1
1968796,8002,1,1,10,1
1968797,8002,1,1,10,1
1968798,8101,0,0,10,1
1968799,8002,1,1,10,1
1968800,8002,1,1,10,1
1968801,8003,0,0,40,0
1968802,8106,1,1,20,0
1968803,8103,0,0,30,0
1968804,8003,0,0,40,0
1968805,8006,0,1,20,0
1968806,8103,1,1,10,1
1968807,8222,0,0,80,0
1968808,8001,1,1,10,1
1968809,8002,1,1,10,1
1968810,8002,1,1,10,1
1968811,8102,0,0,30,0
1968812,8003,0,1,10,1
1968813,8114,1,1,10,1
1968814,8003,0,0,30,0
1968815,8103,1,1,10,1
1968816,8001,1,1,10,1
1968817,8014,0,0,30,0
1968818,8106,0,0,80,0
1968819,8103,0,0,30,0
1968820,8001,1,1,10,1
1968821,8014,0,1,30,0
1968822,8103,1,1,20,0
1968823,8003,1,0,10,1
1968824,8106,1,1,20,0
1968825,8114,0,0,40,0
1968826,8103,0,1,20,0
1968827,8003,0,0,30,0
1968828,8003,0,0,10,1
1968829,8001,1,1,10,1
1968830,8002,1,1,10,1
1968831,8200,0,0,50,0
1968832,8003,1,1,10,1
1968833,8001,1,1,10,1
1968834,8001,0,0,30,0
1968835,8002,1,1,10,1
1968836,8003,0,0,30,0
1968837,8210,1,1,10,1
1968838,8102,0,0,30,0
1968839,8002,1,1,10,1
1968840,8003,1,1,10,1
1968841,8103,0,1,10,1
1968842,8014,1,1,10,1
1968843,8103,0,0,30,0
1968844,8002,1,1,10,1
1968845,8003,0,0,30,0
1968846,8003,1,1,10,1
1968847,8114,0,0,60,0
1968848,8002,1,1,10,1
1968849,8106,0,1,20,0
1968850,8002,1,1,10,1
1968851,8114,0,0,40,0
1968852,8003,0,0,90,0
1968853,8210,1,1,10,1
1968854,8002,1,1,10,1
1968855,8106,0,0,30,0
1968856,8102,0,1,30,0
1968857,8003,0,0,30,0
1968858,8002,1,1,10,1
1968859,8002,1,1,10,1
1968860,8001,0,1,10,1
1968861,8103,1,1,10,1
1968862,8114,1,1,10,1
1968863,8002,0,0,30,0
1968864,8103,0,0,30,0
1968865,8102,1,1,10,1
1968866,8003,0,0,40,0
1968867,8001,1,1,10,1
1968868,8003,0,0,30,0
1968869,8006,0,1,20,0
1968870,8210,1,1,20,0
1968871,8003,0,0,30,0
1968872,8003,1,1,20,0
1968873,8003,0,0,30,0
1968874,8001,1,1,10,1
1968875,8103,0,0,30,0
1968876,8001,1,1,10,1
1968877,8102,0,0,10,1
1968878,8002,1,1,10,1
1968879,8014,0,0,40,0
1968880,8106,0,1,20,0
1968881,8102,0,1,10,1
1968882,8002,1,1,10,1
1968883,8002,1,1,10,1
1968884,8001,1,1,10,1
1968885,8002,0,1,10,1
1968886,8003,1,1,10,1
1968887,8015,1,0,10,1
1968888,8001,1,1,10,1
1968889,8001,1,1,10,1
1968890,8003,0,0,20,0
1968891,8103,0,1,20,0
1968892,8222,0,0,80,0
1968893,8001,1,1,10,1
1968894,8102,1,1,10,1
1968895,8103,0,1,10,1
1968896,8114,0,1,40,0
1968897,8002,1,1,10,1
1968898,8103,0,1,10,1
1968899,8003,1,1,10,1
1968900,8114,0,0,40,0
1968901,8114,0,1,10,1
1968902,8003,1,1,10,1
1968903,8001,1,1,10,1
1968904,8003,0,0,10,1
1968905,8003,1,1,10,1
1968906,8103,1,1,20,0
1968907,8003,1,1,10,1
1968908,8002,1,1,10,1
1968909,8106,0,1,20,0
1968910,8102,0,0,30,0
1968911,8200,0,1,30,0
1968912,8002,1,1,10,1
1968913,8200,1,1,10,1
1968914,8003,1,0,10,1
1968915,8222,0,0,80,0
1968916,8006,0,1,20,0
1968917,8210,0,0,80,0
1968918,8114,0,0,40,0
1968919,8102,0,0,30,0
1968920,8002,1,1,10,1
1968921,8003,1,1,10,1
1968922,8210,0,1,10,1
1968923,8003,0,0,30,0
1968924,8003,0,0,30,0
1968925,8103,0,0,30,0
1968926,8003,1,1,10,1
1968927,8015,1,1,10,1
1968928,8103,0,0,40,0
1968929,8001,1,1,10,1
1968930,8221,0,0,50,0
1968931,8002,1,1,10,1
1968932,8003,0,1,10,1
1968933,8103,1,0,10,1
1968934,8103,0,0,30,0
1968935,8003,1,1,10,1
1968936,8003,0,1,10,1
1968937,8001,1,1,10,1
1968938,8002,1,1,10,1
1968939,8103,0,0,30,0
1968940,8003,0,0,30,0
1968941,8106,0,1,20,0
1968942,8002,1,1,10,1
1968943,8200,1,0,10,1
1968944,8103,1,1,10,1
1968945,8003,0,1,20,0
1968946,8002,1,1,10,1
1968947,8001,1,1,10,1
1968948,8003,1,1,10,1
1968949,8001,1,1,10,1
1968950,8003,0,0,40,0
1968951,8102,0,0,30,0
1968952,8001,1,0,10,1
1968953,8103,0,0,40,0
1968954,8210,1,1,10,1
1968955,8221,0,0,40,0
1968956,8002,1,1,10,1
1968957,8200,0,0,40,0
1968958,8103,0,0,30,0
1968959,8103,0,0,30,0
1968960,8101,1,1,10,1
1968961,8210,1,1,10,1
1968962,8003,0,0,30,0
1968963,8001,0,0,40,0
1968964,8003,0,0,90,0
1968965,8103,0,1,20,0
1968966,8103,0,0,30,0
1968967,8002,1,1,10,1
1968968,8210,1,1,10,1
1968969,8002,1,1,10,1
1968970,8103,0,0,30,0
1968971,8114,1,1,10,1
1968972,8001,1,1,10,1
1968973,8002,1,1,10,1
1968974,8003,1,1,10,1
1968975,8222,0,0,80,0
1968976,8003,1,1,10,1
1968977,8101,0,0,50,0
1968978,8103,1,1,10,1
1968979,8221,0,0,50,0
1968980,8103,1,1,10,1
1968981,8102,1,1,10,1
1968982,8106,0,0,30,0
1968983,8103,1,1,20,0
1968984,8003,1,1,20,0
1968985,8103,0,1,30,0
1968986,8003,0,0,40,0
1968987,8002,1,0,10,1
1968988,8103,1,0,20,0
1968989,8103,0,0,30,0
1968990,8210,0,0,40,0
1968991,8103,0,0,80,0
1968992,8103,0,1,10,1
1968993,8003,0,0,30,0
1968994,8003,0,1,30,0
1968995,8103,0,1,10,1
1968996,8014,0,1,30,0
1968997,8001,1,1,10,1
1968998,8002,1,1,10,1
1968999,8002,1,1,10,1
1969000,8002,1,1,10,1
1969001,8106,1,1,20,0
1969002,8102,1,1,10,1
1969003,8114,0,0,40,0
1969004,8103,0,0,30,0
1969005,8002,1,1,10,1
1969006,8003,0,0,30,0
1969007,8003,1,1,10,1
1969008,8002,1,1,10,1
1969009,8002,1,1,10,1
1969010,8003,0,1,20,0
1969011,8003,0,0,10,1
1969012,8006,0,0,20,0
1969013,8210,1,1,10,1
1969014,8106,0,0,20,0
1969015,8003,1,1,10,1
1969016,8200,0,0,60,0
1969017,8003,0,0,30,0
1969018,8103,1,1,10,1
1969019,8001,1,1,10,1
1969020,8002,1,1,10,1
1969021,8221,0,0,50,0
1969022,8106,0,1,20,0
1969023,8103,0,0,20,0
1969024,8002,1,1,10,1
1969025,8003,0,0,40,0
1969026,8103,1,1,10,1
1969027,8103,0,1,20,0
1969028,8106,0,0,40,0
1969029,8002,1,1,10,1
1969030,8003,1,1,10,1
1969031,8114,0,1,10,1
1969032,8002,1,1,10,1
1969033,8103,1,1,10,1
1969034,8001,1,1,10,1
1969035,8114,0,0,30,0
1969036,8003,0,0,40,0
1969037,8103,0,1,20,0
1969038,8103,0,0,20,0
1969039,8103,0,0,40,0
1969040,8002,1,1,10,1
1969041,8001,1,1,10,1
1969042,8200,0,0,30,0
1969043,8003,0,0,30,0
1969044,8103,0,0,30,0
1969045,8103,1,1,10,1
1969046,8210,1,1,10,1
1969047,8103,1,1,10,1
1969048,8002,1,1,10,1
1969049,8103,0,0,30,0
1969050,8114,1,0,40,0
1969051,8003,0,1,10,1
1969052,8103,0,0,30,0
1969053,8103,0,0,20,0
1969054,8103,1,1,10,1
1969055,8221,0,0,50,0
1969056,8002,1,1,10,1
1969057,8003,1,1,10,1
1969058,8001,1,1,10,1
1969059,8001,1,1,10,1
1969060,8001,1,1,10,1
1969061,8200,0,0,60,0
1969062,8106,0,1,20,0
1969063,8002,1,1,10,1
1969064,8003,1,1,10,1
1969065,8003,0,0,30,0
1969066,8114,0,1,10,1
1969067,8103,0,0,40,0
1969068,8103,1,1,10,1
1969069,8103,0,0,30,0
1969070,8002,1,1,10,1
1969071,8003,0,0,40,0
1969072,8103,0,1,20,0
1969073,8001,1,1,10,1
1969074,8101,1,1,10,1
1969075,8222,0,0,80,0
1969076,8002,1,1,10,1
1969077,8103,0,0,40,0
1969078,8102,0,0,10,1
1969079,8114,1,1,10,1
1969080,8003,1,1,10,1
1969081,8003,1,0,90,0
1969082,8003,1,1,10,1
1969083,8003,0,0,30,0
1969084,8103,0,0,30,0
1969085,8001,1,1,10,1
1969086,8103,0,0,30,0
1969087,8002,1,1,10,1
1969088,8200,0,0,10,1
1969089,8001,1,1,10,1
1969090,8106,0,1,20,0
1969091,8103,1,1,10,1
1969092,8003,0,0,30,0
1969093,8002,1,1,10,1
1969094,8221,0,0,50,0
1969095,8106,0,0,30,0
1969096,8003,0,1,30,0
1969097,8103,0,1,20,0
1969098,8114,1,1,10,1
1969099,8002,1,1,10,1
1969100,8003,1,1,10,1
1969101,8006,0,1,20,0
1969102,8003,0,0,40,0
1969103,8103,0,0,40,0
1969104,8001,1,1,10,1
1969106,8103,0,0,30,0
1969107,8222,0,0,80,0
1969108,8001,1,1,10,1
1969109,8003,0,0,30,0
1969110,8001,1,1,10,1
1969111,8003,1,1,10,1
1969112,8001,1,1,10,1
1969113,8103,0,0,30,0
1969114,8103,0,0,30,0
1969115,8002,1,1,10,1
1969116,8221,0,0,30,0
1969117,8221,0,0,50,0
1969118,8222,0,0,80,0
1969119,8003,1,1,10,1
1969120,8001,1,1,10,1
1969121,8103,0,0,50,0
1969122,8200,0,0,40,0
1969123,8210,1,1,10,1
1969124,8003,1,1,10,1
1969125,8003,0,0,30,0
1969126,8001,1,1,10,1
1969127,8002,1,1,10,1
1969128,8002,1,1,10,1
1969129,8103,0,1,10,1
1969130,8103,1,0,20,0
1969131,8002,0,0,30,0
1969132,8102,0,0,10,1
1969133,8222,0,0,80,0
1969134,8002,1,1,10,1
1969135,8114,1,1,10,1
1969136,8003,0,0,30,0
1969137,8003,0,0,10,1
1969138,8003,0,1,20,0
1969139,8003,0,0,10,1
1969140,8103,0,0,30,0
1969141,8114,1,1,10,1
1969142,8106,1,1,20,0
1969143,8106,0,0,30,0
1969144,8103,0,0,40,0
1969145,8103,1,1,20,0
1969146,8002,1,1,10,1
1969147,8114,1,0,10,1
1969148,8101,1,1,10,1
1969149,8001,1,1,10,1
1969150,8200,0,0,10,1
1969151,8003,0,0,40,0
1969152,8002,1,1,10,1
1969153,8002,1,1,10,1
1969154,8003,0,0,40,0
1969155,8002,1,1,10,1
1969156,8221,0,0,50,0
1969157,8221,0,0,50,0
1969158,8103,1,1,10,1
1969159,8103,0,1,20,0
1969160,8103,0,1,10,1
1969161,8002,1,1,10,1
1969162,8103,1,1,20,0
1969163,8102,1,1,10,1
1969164,8001,1,1,10,1
1969165,8222,0,0,80,0
1969166,8003,1,1,10,1
1969167,8003,0,0,20,0
1969168,8002,1,1,10,1
1969169,8103,0,1,20,0
1969170,8003,1,1,10,1
1969171,8114,0,0,40,0
1969172,8103,0,0,30,0
1969173,8103,1,1,20,0
1969174,8001,1,1,10,1
1969175,8003,0,0,30,0
1969176,8001,1,1,10,1
1969177,8001,1,1,10,1
1969178,8001,1,1,10,1
1969179,8001,1,1,10,1
1969180,8001,1,1,10,1
1969181,8001,1,1,10,1
1969182,8001,1,1,10,1
1969183,8001,1,1,10,1
1969184,8001,1,1,10,1
1969185,8001,1,1,10,1
1969186,8001,1,1,10,1
1969187,8001,1,1,10,1
1969188,8001,1,1,10,1
1969189,8001,0,1,10,1
1969190,8001,1,1,10,1
1969191,8001,1,1,10,1
1969192,8001,1,1,10,1
1969193,8001,1,1,10,1
1969194,8001,1,1,10,1
1969195,8001,1,1,10,1
1969196,8001,1,1,10,1
1969197,8001,1,1,10,1
1969198,8001,0,0,30,0
1969199,8001,1,1,10,1
1969200,8001,0,0,30,0
1969201,8001,1,1,10,1
1969202,8001,1,1,10,1
1969203,8001,1,1,10,1
1969204,8001,1,1,10,1
1969205,8001,1,1,10,1
1969206,8001,1,1,10,1
1969207,8001,1,1,10,1
1969208,8001,1,1,10,1
1969209,8001,1,1,10,1
1969210,8001,1,1,10,1
1969211,8001,0,0,30,0
1969212,8001,1,1,10,1
1969213,8001,1,1,10,1
1969214,8001,1,1,10,1
1969215,8001,1,1,10,1
1969216,8001,1,1,10,1
1969217,8001,1,1,10,1
1969218,8001,0,0,30,0
1969219,8001,1,1,10,1
1969220,8001,1,1,10,1
1969221,8001,1,1,10,1
1969222,8001,1,1,10,1
1969223,8001,1,1,10,1
1969224,8001,1,1,10,1
1969225,8001,1,1,10,1
1969226,8001,1,1,10,1
1969227,8001,1,1,10,1
1969228,8001,1,1,10,1
1969229,8001,1,1,10,1
1969230,8001,1,1,10,1
1969231,8001,1,1,10,1
1969232,8001,1,1,10,1
1969233,8001,1,1,10,1
1969234,8001,1,1,10,1
1969235,8001,1,1,10,1
1969236,8001,1,1,10,1
1969237,8001,1,1,10,1
1969238,8001,1,1,10,1
1969239,8001,1,1,10,1
1969240,8001,1,1,10,1
1969241,8002,1,1,10,1
1969242,8002,1,1,10,1
1969243,8002,0,0,30,0
1969244,8002,1,1,10,1
1969245,8002,1,1,10,1
1969246,8002,1,1,10,1
1969247,8002,0,0,30,0
1969248,8002,1,1,10,1
1969249,8002,1,1,10,1
1969250,8002,1,1,10,1
1969251,8002,1,1,10,1
1969252,8002,1,1,10,1
1969253,8002,1,1,10,1
1969254,8002,1,1,10,1
1969255,8002,1,1,10,1
1969256,8002,1,1,10,1
1969257,8002,1,1,10,1
1969258,8002,0,0,30,0
1969259,8002,1,1,10,1
1969260,8002,1,1,10,1
1969261,8002,1,1,10,1
1969262,8002,1,1,10,1
1969263,8002,1,1,10,1
1969264,8002,1,1,10,1
1969265,8002,1,1,10,1
1969266,8002,0,1,10,1
1969267,8002,1,1,10,1
1969268,8002,1,1,10,1
1969269,8002,1,1,10,1
1969270,8002,0,0,30,0
1969271,8002,1,1,10,1
1969272,8002,0,1,10,1
1969273,8002,1,1,10,1
1969274,8002,1,1,10,1
1969275,8002,1,1,10,1
1969276,8002,1,1,10,1
1969277,8002,1,1,10,1
1969278,8002,1,1,10,1
1969279,8002,1,1,10,1
1969280,8002,1,0,30,0
1969281,8002,1,1,10,1
1969282,8002,0,0,30,0
1969283,8002,1,1,10,1
1969284,8002,1,1,10,1
1969285,8002,1,1,10,1
1969286,8002,1,1,10,1
1969287,8002,1,1,10,1
1969288,8002,1,1,10,1
1969289,8002,0,0,10,1
1969290,8002,1,1,10,1
1969291,8002,1,1,10,1
1969292,8002,1,1,10,1
1969293,8002,1,1,10,1
1969294,8002,1,1,10,1
1969295,8002,1,1,10,1
1969296,8002,1,1,10,1
1969297,8002,1,1,10,1
1969298,8002,1,1,10,1
1969299,8002,1,1,10,1
1969300,8002,0,0,30,0
1969301,8002,1,1,10,1
1969302,8002,1,1,10,1
1969303,8002,1,1,10,1
1969304,8002,1,1,10,1
1969306,8002,1,1,10,1
1969307,8002,1,1,10,1
1969308,8002,1,1,10,1
1969309,8002,1,1,10,1
1969310,8002,1,1,10,1
1969311,8002,1,1,10,1
1969312,8002,1,1,10,1
1969313,8002,1,1,10,1
1969314,8002,0,0,30,0
1969315,8002,1,1,10,1
1969316,8002,1,1,10,1
1969317,8002,1,1,10,1
1969318,8002,1,1,10,1
1969319,8002,1,1,10,1
1969320,8002,1,1,10,1
1969321,8002,1,1,10,1
1969322,8002,1,1,10,1
1969323,8002,1,1,10,1
1969324,8002,1,1,10,1
1969325,8002,1,1,10,1
1969326,8002,1,1,10,1
1969327,8002,1,1,10,1
1969328,8002,1,1,10,1
1969329,8002,1,1,10,1
1969330,8002,1,1,10,1
1969331,8002,1,1,10,1
1969332,8002,1,1,10,1
1969333,8002,1,1,10,1
1969334,8002,1,1,10,1
1969335,8002,1,1,10,1
1969336,8002,1,1,10,1
1969337,8002,1,1,10,1
1969338,8003,0,0,40,0
1969339,8003,0,0,30,0
1969340,8003,0,0,30,0
1969341,8003,1,1,10,1
1969342,8003,0,0,40,0
1969343,8003,0,0,30,0
1969344,8003,1,1,10,1
1969345,8003,1,1,10,1
1969346,8003,1,1,10,1
1969347,8003,0,0,30,0
1969348,8003,0,0,30,0
1969349,8003,0,0,30,0
1969350,8003,0,0,30,0
1969351,8003,1,1,10,1
1969352,8003,1,1,10,1
1969353,8003,0,1,20,0
1969354,8003,0,0,30,0
1969355,8003,1,1,10,1
1969356,8003,0,1,20,0
1969357,8003,0,1,10,1
1969358,8003,1,0,10,1
1969359,8003,1,1,20,0
1969360,8003,1,1,10,1
1969361,8003,1,1,10,1
1969362,8003,0,0,40,0
1969363,8003,1,1,10,1
1969364,8003,0,1,10,1
1969365,8003,1,1,10,1
1969366,8003,0,0,40,0
1969367,8003,1,1,10,1
1969368,8003,0,0,90,0
1969369,8003,0,0,30,0
1969370,8003,1,1,10,1
1969371,8003,0,0,30,0
1969372,8003,0,1,20,0
1969373,8003,1,1,10,1
1969374,8003,0,1,20,0
1969375,8003,0,0,20,0
1969376,8003,0,0,40,0
1969377,8003,0,1,20,0
1969378,8003,0,0,40,0
1969379,8003,1,1,10,1
1969380,8003,0,0,30,0
1969381,8003,1,1,10,1
1969382,8003,1,1,10,1
1969383,8003,1,0,20,0
1969384,8003,0,1,20,0
1969385,8003,0,0,40,0
1969386,8003,0,0,30,0
1969387,8003,0,0,30,0
1969388,8003,1,1,10,1
1969389,8003,0,0,30,0
1969390,8003,0,0,40,0
1969391,8003,1,1,10,1
1969392,8003,0,0,30,0
1969393,8003,1,1,10,1
1969394,8003,0,0,40,0
1969395,8003,0,1,30,0
1969396,8003,0,1,30,0
1969397,8003,0,1,10,1
1969398,8003,1,1,10,1
1969399,8003,0,0,30,0
1969400,8003,0,0,20,0
1969401,8003,0,1,10,1
1969402,8003,0,0,30,0
1969403,8003,0,0,30,0
1969404,8222,0,0,80,0
1969405,8003,1,0,10,1
1969406,8003,0,0,30,0
1969407,8003,0,0,30,0
1969408,8003,1,1,20,0
1969409,8003,1,1,10,1
1969410,8003,0,0,30,0
1969411,8003,0,0,30,0
1969412,8003,0,0,30,0
1969413,8003,1,1,10,1
1969414,8003,0,0,40,0
1969415,8003,0,1,20,0
1969416,8003,1,1,10,1
1969417,8003,0,0,30,0
1969418,8003,0,0,40,0
1969419,8003,0,0,40,0
1969420,8003,1,1,10,1
1969421,8003,1,1,10,1
1969422,8003,0,0,40,0
1969423,8003,0,0,30,0
1969424,8003,1,1,10,1
1969425,8003,0,0,30,0
1969426,8003,1,1,10,1
1969427,8003,1,1,10,1
1969428,8003,0,1,20,0
1969429,8003,0,0,30,0
1969430,8003,1,1,10,1
1969431,8003,0,1,10,1
1969432,8003,0,0,30,0
1969433,8003,0,1,10,1
1969434,8003,0,0,40,0
1969435,8003,1,1,10,1
1969436,8003,0,0,30,0
1969437,8003,1,1,10,1
1969438,8003,0,0,30,0
1969439,8003,1,1,10,1
1969440,8003,0,0,30,0
1969441,8003,0,0,40,0
1969442,8003,1,1,10,1
1969443,8003,0,0,40,0
1969444,8003,0,0,30,0
1969445,8003,1,1,10,1
1969446,8003,0,0,10,1
1969447,8003,0,0,40,0
1969448,8003,1,1,10,1
1969449,8003,1,1,10,1
1969450,8003,1,1,10,1
1969451,8003,1,1,10,1
1969452,8003,1,1,10,1
1969453,8003,0,0,30,0
1969454,8003,1,1,10,1
1969455,8003,1,0,10,1
1969456,8003,1,1,10,1
1969457,8003,0,0,30,0
1969458,8003,1,1,10,1
1969459,8003,1,1,10,1
1969460,8003,0,0,30,0
1969461,8003,1,1,10,1
1969462,8003,1,1,10,1
1969463,8003,1,1,10,1
1969464,8003,1,1,10,1
1969465,8003,0,1,10,1
1969466,8003,1,1,10,1
1969467,8003,0,1,20,0
1969468,8003,0,0,40,0
1969469,8003,1,1,10,1
1969470,8003,0,1,20,0
1969471,8003,1,0,10,1
1969472,8003,1,0,10,1
1969473,8003,0,1,20,0
1969474,8003,1,1,10,1
1969475,8003,0,0,40,0
1969476,8003,0,0,40,0
1969477,8003,1,1,10,1
1969478,8003,0,0,20,0
1969479,8003,1,1,10,1
1969480,8003,1,1,10,1
1969481,8003,1,1,10,1
1969482,8003,1,1,10,1
1969483,8003,0,0,30,0
1969484,8003,1,1,10,1
1969485,8006,0,1,20,0
1969486,8006,0,0,20,0
1969487,8006,0,1,20,0
1969488,8006,0,1,20,0
1969489,8006,0,0,30,0
1969490,8014,0,1,30,0
1969491,8014,0,0,30,0
1969492,8014,0,0,40,0
1969493,8014,0,0,30,0
1969494,8014,0,0,40,0
1969495,8014,0,0,40,0
1969496,8014,0,0,40,0
1969497,8014,0,0,40,0
1969498,8014,1,1,10,1
1969499,8014,0,0,40,0
1969500,8014,0,0,30,0
1969501,8222,0,0,30,0
1969502,8014,0,0,40,0
1969503,8014,0,0,30,0
1969504,8014,1,1,10,1
1969505,8015,1,0,10,1
1969506,8015,1,1,10,1
1969507,8015,1,1,10,1
1969508,8015,0,0,30,0
1969509,8015,0,0,40,0
1969510,8101,0,0,30,0
1969511,8101,1,1,10,1
1969512,8101,1,1,10,1
1969513,8101,1,1,10,1
1969514,8101,1,0,10,1
1969515,8101,0,0,30,0
1969516,8101,1,1,10,1
1969517,8101,1,1,10,1
1969518,8101,1,1,10,1
1969519,8101,1,1,10,1
1969520,8101,0,0,10,1
1969521,8101,0,0,30,0
1969522,8102,0,0,30,0
1969523,8102,0,1,30,0
1969524,8102,1,0,10,1
1969525,8102,1,1,10,1
1969526,8222,0,0,80,0
1969527,8102,1,1,10,1
1969528,8102,0,0,30,0
1969529,8102,1,1,10,1
1969530,8102,0,0,80,0
1969531,8102,1,1,10,1
1969532,8102,1,1,10,1
1969533,8102,0,0,30,0
1969534,8102,1,1,10,1
1969535,8102,1,0,10,1
1969536,8102,1,1,10,1
1969537,8102,0,0,30,0
1969538,8102,0,0,30,0
1969539,8102,1,1,10,1
1969540,8102,0,0,30,0
1969541,8102,1,0,40,0
1969542,8102,1,1,10,1
1969543,8102,0,1,30,0
1969544,8102,0,1,10,1
1969545,8102,1,1,10,1
1969546,8102,1,0,10,1
1969547,8102,1,1,10,1
1969548,8102,1,0,10,1
1969549,8103,0,0,30,0
1969550,8103,0,0,30,0
1969551,8103,0,0,30,0
1969552,8103,1,1,10,1
1969553,8103,1,1,10,1
1969554,8103,0,0,40,0
1969555,8103,0,0,40,0
1969556,8103,0,0,30,0
1969557,8103,1,0,10,1
1969558,8103,0,0,30,0
1969559,8103,0,0,30,0
1969560,8103,0,1,10,1
1969561,8103,0,0,30,0
1969562,8103,0,1,10,1
1969563,8103,0,0,20,0
1969564,8103,0,0,30,0
1969565,8103,1,1,30,0
1969566,8103,1,1,10,1
1969567,8103,0,0,40,0
1969568,8103,0,0,30,0
1969569,8103,0,0,30,0
1969570,8103,1,1,10,1
1969571,8103,0,0,30,0
1969572,8103,1,1,10,1
1969573,8103,0,0,40,0
1969574,8103,0,0,30,0
1969575,8103,0,0,40,0
1969576,8103,1,1,10,1
1969577,8103,0,0,30,0
1969578,8103,1,1,20,0
1969579,8103,0,0,30,0
1969580,8103,0,1,10,1
1969581,8103,1,1,10,1
1969582,8103,0,0,30,0
1969583,8103,0,0,40,0
1969584,8103,0,0,10,1
1969585,8103,0,0,30,0
1969586,8103,1,1,10,1
1969587,8103,1,1,10,1
1969588,8103,0,0,30,0
1969589,8103,0,0,30,0
1969590,8103,0,1,20,0
1969591,8103,1,1,10,1
1969592,8103,0,0,30,0
1969593,8103,1,1,10,1
1969594,8103,1,1,10,1
1969595,8103,0,0,30,0
1969596,8103,0,0,20,0
1969597,8103,1,1,10,1
1969598,8103,0,0,30,0
1969599,8103,0,0,60,0
1969600,8103,1,1,20,0
1969601,8103,0,0,20,0
1969602,8103,1,1,10,1
1969603,8103,0,1,10,1
1969604,8103,0,1,20,0
1969605,8103,1,1,10,1
1969606,8103,0,1,20,0
1969607,8103,1,0,30,0
1969608,8103,1,0,20,0
1969609,8103,0,0,20,0
1969610,8103,1,1,30,0
1969611,8103,0,1,20,0
1969612,8103,0,1,10,1
1969613,8103,0,0,30,0
1969614,8103,0,0,20,0
1969615,8103,1,1,10,1
1969616,8103,0,0,30,0
1969617,8103,0,0,30,0
1969618,8103,0,0,60,0
1969619,8103,0,0,30,0
1969620,8103,0,0,30,0
1969621,8103,0,0,30,0
1969622,8103,0,0,30,0
1969623,8103,1,1,10,1
1969624,8103,1,1,10,1
1969625,8103,0,0,30,0
1969626,8103,0,0,40,0
1969627,8103,0,1,10,1
1969628,8222,0,0,80,0
1969629,8103,0,0,10,1
1969630,8103,0,0,30,0
1969631,8103,1,1,10,1
1969632,8103,0,0,30,0
1969633,8103,0,0,30,0
1969634,8103,0,0,40,0
1969635,8103,1,1,20,0
1969636,8103,1,1,10,1
1969637,8223,0,0,80,0
1969638,8103,1,1,20,0
1969639,8103,1,1,10,1
1969640,8103,1,1,10,1
1969641,8103,1,1,10,1
1969642,8103,0,1,10,1
1969643,8103,0,0,40,0
1969645,8103,1,1,10,1
1969646,8103,1,1,10,1
1969647,8103,0,0,40,0
1969648,8103,1,1,10,1
1969649,8103,0,0,10,1
1969650,8103,0,0,20,0
1969651,8103,0,1,30,0
1969652,8103,0,0,30,0
1969653,8103,1,1,10,1
1969654,8103,1,1,20,0
1969655,8103,0,0,30,0
1969656,8221,0,0,50,0
1969657,8103,0,0,30,0
1969658,8103,0,0,10,1
1969659,8103,0,0,30,0
1969660,8103,0,0,30,0
1969661,8103,0,0,30,0
1969662,8103,0,0,10,1
1969663,8103,1,0,10,1
1969664,8103,0,0,30,0
1969665,8103,1,1,10,1
1969666,8103,0,0,40,0
1969667,8103,1,1,10,1
1969668,8103,0,0,30,0
1969669,8103,0,0,30,0
1969670,8103,1,1,10,1
1969671,8103,0,0,30,0
1969672,8103,0,1,10,1
1969673,8103,0,1,30,0
1969674,8103,0,0,30,0
1969675,8103,1,1,10,1
1969676,8103,0,0,30,0
1969677,8103,1,1,10,1
1969678,8103,0,0,40,0
1969679,8103,0,0,40,0
1969680,8103,1,1,10,1
1969681,8103,1,1,10,1
1969682,8103,0,0,30,0
1969683,8103,0,0,20,0
1969684,8103,1,1,10,1
1969685,8103,0,0,30,0
1969686,8103,0,0,30,0
1969687,8103,0,0,40,0
1969688,8103,0,0,40,0
1969689,8103,1,0,20,0
1969690,8103,0,0,20,0
1969691,8103,1,1,10,1
1969692,8103,0,1,20,0
1969693,8103,1,1,10,1
1969694,8103,0,0,40,0
1969695,8106,0,1,20,0
1969696,8106,0,1,30,0
1969697,8106,0,0,20,0
1969698,8106,0,0,30,0
1969699,8106,0,0,20,0
1969700,8106,0,1,10,1
1969701,8106,0,1,30,0
1969702,8106,0,0,30,0
1969703,8106,0,0,40,0
1969704,8106,0,0,30,0
1969705,8106,0,0,30,0
1969706,8106,0,0,30,0
1969707,8106,0,1,10,1
1969708,8106,0,1,20,0
1969709,8106,0,1,20,0
1969710,8106,0,1,20,0
1969711,8106,0,0,40,0
1969712,8106,0,0,40,0
1969713,8106,0,0,30,0
1969714,8106,0,0,20,0
1969715,8106,0,1,20,0
1969716,8106,0,1,10,1
1969717,8106,0,1,20,0
1969718,8106,1,1,20,0
1969719,8106,0,0,20,0
1969720,8106,0,0,30,0
1969721,8106,0,0,20,0
1969722,8106,0,1,20,0
1969723,8106,0,0,30,0
1969724,8114,0,0,40,0
1969725,8114,1,1,10,1
1969726,8114,0,1,30,0
1969727,8114,0,0,30,0
1969728,8114,0,0,40,0
1969729,8114,0,0,40,0
1969730,8114,0,0,10,1
1969731,8114,0,0,40,0
1969732,8114,1,1,10,1
1969733,8114,0,0,40,0
1969734,8114,0,0,40,0
1969735,8114,0,0,30,0
1969736,8114,1,1,10,1
1969737,8114,0,0,30,0
1969738,8114,0,0,30,0
1969739,8114,0,0,40,0
1969740,8114,1,0,10,1
1969741,8114,1,1,30,0
1969742,8114,0,0,30,0
1969743,8114,0,0,90,0
1969744,8114,0,0,30,0
1969745,8114,0,0,30,0
1969746,8114,0,0,40,0
1969747,8114,0,0,40,0
1969748,8114,0,0,30,0
1969749,8114,1,1,10,1
1969750,8114,1,1,10,1
1969751,8114,0,1,10,1
1969752,8114,1,1,10,1
1969753,8114,0,1,10,1
1969754,8114,0,0,30,0
1969755,8114,1,1,10,1
1969756,8114,1,1,10,1
1969757,8114,1,1,10,1
1969758,8114,0,0,30,0
1969759,8114,1,1,10,1
1969760,8200,1,1,10,1
1969761,8200,1,1,10,1
1969762,8200,0,0,10,1
1969763,8200,1,1,10,1
1969764,8200,0,1,10,1
1969765,8200,1,0,10,1
1969766,8221,0,0,30,0
1969767,8221,0,0,50,0
1969768,8200,0,0,30,0
1969769,8221,0,0,50,0
1969770,8200,0,0,50,0
1969771,8200,0,0,40,0
1969772,8221,0,0,60,0
1969773,8200,1,0,10,1
1969774,8200,0,0,30,0
1969775,8221,0,0,50,0
1969776,8221,1,0,10,1
1969777,8200,1,1,10,1
1969778,8221,0,0,50,0
1969779,8221,0,0,30,0
1969780,8200,1,1,10,1
1969781,8200,1,1,10,1
1969782,8200,0,0,30,0
1969783,8200,0,0,40,0
1969784,8221,0,0,50,0
1969785,8200,1,1,10,1
1969786,8222,0,0,80,0
1969787,8210,0,0,80,0
1969788,8210,1,1,10,1
1969789,8222,0,0,80,0
1969790,8210,1,1,10,1
1969791,8222,0,0,80,0
1969792,8222,0,0,80,0
1969793,8210,0,1,95,1
1969794,8221,0,0,50,0
1969796,8210,0,0,60,0
1969797,8210,1,1,10,1
1969798,8210,1,1,10,1
1969799,8210,1,1,10,1
1969800,8210,0,0,20,0
1969801,8210,0,0,10,1
1969802,8001,1,1,10,1
1969803,8001,1,1,10,1
1969804,8001,1,1,10,1
1969805,8001,1,1,10,1
1969806,8001,1,1,10,1
1969807,8001,1,1,10,1
1969808,8001,1,1,10,1
1969809,8001,1,1,10,1
1969810,8001,1,1,10,1
1969811,8222,0,0,80,0
1969812,8001,1,1,10,1
1969813,8001,1,1,10,1
1969814,8001,1,1,10,1
1969815,8001,1,1,10,1
1969816,8001,1,1,10,1
1969817,8001,1,1,10,1
1969818,8001,1,1,10,1
1969819,8001,1,1,10,1
1969820,8001,1,1,10,1
1969821,8001,1,1,10,1
1969822,8001,1,1,10,1
1969824,8001,1,1,10,1
1969825,8001,1,1,10,1
1969826,8001,1,1,10,1
1969827,8001,1,1,10,1
1969828,8001,1,1,10,1
1969829,8001,1,1,10,1
1969830,8001,1,1,10,1
1969831,8001,1,1,10,1
1969832,8001,1,1,10,1
1969833,8001,1,1,10,1
1969834,8001,1,1,10,1
1969835,8001,0,0,30,0
1969836,8001,1,1,10,1
1969837,8001,0,0,30,0
1969838,8001,1,1,10,1
1969839,8001,1,1,10,1
1969840,8001,1,1,10,1
1969841,8001,1,1,10,1
1969842,8001,1,1,10,1
1969843,8001,1,1,10,1
1969844,8001,1,1,10,1
1969845,8001,0,0,10,1
1969846,8223,0,0,90,0
1969847,8001,1,1,10,1
1969848,8001,1,1,10,1
1969849,8001,1,1,10,1
1969850,8001,1,1,10,1
1969851,8001,1,1,20,0
1969852,8001,0,0,80,0
1969853,8001,1,1,10,1
1969854,8001,1,1,10,1
1969855,8001,1,1,10,1
1969856,8001,1,1,10,1
1969857,8001,1,1,10,1
1969858,8001,1,1,10,1
1969859,8001,1,1,10,1
1969860,8001,1,1,10,1
1969861,8002,1,1,10,1
1969862,8223,0,0,80,0
1969863,8002,1,1,10,1
1969864,8002,0,0,30,0
1969865,8002,1,1,10,1
1969866,8002,0,0,30,0
1969867,8002,1,1,10,1
1969868,8002,0,1,10,1
1969869,8002,1,1,10,1
1969870,8002,1,1,10,1
1969871,8002,0,1,30,0
1969872,8002,1,1,10,1
1969873,8002,1,1,10,1
1969874,8002,0,0,30,0
1969875,8002,1,1,10,1
1969876,8002,0,0,30,0
1969877,8002,1,1,10,1
1969878,8002,1,1,10,1
1969879,8002,1,1,10,1
1969880,8002,0,1,30,0
1969881,8002,1,1,10,1
1969882,8002,0,0,30,0
1969883,8002,0,0,30,0
1969884,8002,0,0,30,0
1969885,8002,1,1,10,1
1969886,8002,0,0,30,0
1969887,8002,1,1,10,1
1969888,8002,0,0,30,0
1969889,8002,0,0,30,0
1969890,8002,0,0,30,0
1969891,8002,1,1,10,1
1969892,8002,0,1,10,1
1969893,8002,0,0,30,0
1969894,8002,1,1,10,1
1969895,8002,0,0,30,0
1969896,8002,1,1,10,1
1969897,8002,1,1,10,1
1969898,8002,1,1,10,1
1969899,8002,1,1,10,1
1969900,8002,1,1,10,1
1969901,8002,0,0,30,0
1969902,8002,1,1,10,1
1969903,8002,1,1,10,1
1969904,8002,1,1,10,1
1969905,8002,0,0,90,0
1969906,8002,0,0,30,0
1969907,8002,0,0,30,0
1969908,8002,1,1,10,1
1969909,8003,1,1,10,1
1969910,8003,0,1,30,0
1969911,8003,1,1,10,1
1969912,8003,1,1,10,1
1969913,8003,0,1,10,1
1969914,8003,0,1,10,1
1969915,8003,0,0,30,0
1969916,8003,1,1,10,1
1969917,8003,1,1,10,1
1969919,8003,0,0,30,0
1969920,8003,0,0,30,0
1969921,8003,1,1,10,1
1969922,8003,0,0,30,0
1969923,8003,1,1,10,1
1969924,8003,0,0,30,0
1969925,8003,0,0,30,0
1969926,8003,1,1,10,1
1969927,8003,0,1,10,1
1969928,8003,0,0,90,0
1969929,8003,0,0,30,0
1969930,8003,1,1,10,1
1969931,8003,0,0,30,0
1969932,8003,1,1,10,1
1969933,8003,1,1,10,1
1969934,8003,1,1,10,1
1969935,8003,0,1,20,0
1969936,8003,1,1,10,1
1969937,8003,1,1,10,1
1969938,8003,0,0,30,0
1969939,8003,1,1,10,1
1969940,8003,0,1,30,0
1969941,8003,0,0,30,0
1969942,8003,0,0,30,0
1969943,8003,1,1,30,0
1969944,8223,1,0,90,0
1969945,8003,0,0,30,0
1969946,8029,0,0,30,0
1969947,8029,0,0,30,0
1969948,8029,0,1,10,1
1969949,8029,1,1,10,1
1969950,8029,0,1,30,0
1969951,8101,0,0,80,0
1969952,8101,1,1,10,1
1969953,8101,0,0,30,0
1969954,8101,0,0,30,0
1969955,8101,1,1,10,1
1969956,8101,0,0,30,0
1969957,8101,1,1,10,1
1969958,8101,1,1,10,1
1969959,8101,1,0,10,1
1969960,8101,1,1,10,1
1969961,8101,1,1,10,1
1969962,8101,0,0,10,1
1969963,8101,0,0,30,0
1969964,8101,0,1,10,1
1969965,8101,1,1,10,1
1969966,8101,1,1,10,1
1969967,8101,0,0,10,1
1969968,8101,0,0,30,0
1969969,8101,0,0,30,0
1969970,8101,0,1,30,0
1969971,8101,0,0,30,0
1969972,8101,1,1,10,1
1969973,8101,1,1,10,1
1969974,8101,1,1,30,0
1969975,8101,1,1,10,1
1969976,8101,0,0,10,1
1969977,8101,1,1,10,1
1969978,8101,1,1,10,1
1969979,8101,0,1,10,1
1969980,8101,1,1,10,1
1969981,8101,1,1,10,1
1969982,8101,1,1,10,1
1969983,8101,1,1,10,1
1969984,8101,0,0,30,0
1969985,8101,0,1,30,0
1969986,8101,0,0,30,0
1969988,8101,0,1,30,0
1969989,8101,1,1,10,1
1969990,8101,0,1,30,0
1969991,8101,1,1,10,1
1969992,8101,1,1,10,1
1969993,8101,0,0,30,0
1969994,8101,0,1,10,1
1969995,8101,0,0,30,0
1969996,8101,1,1,10,1
1969997,8101,0,0,90,0
1969998,8101,0,0,30,0
1969999,8101,1,1,10,1
1970000,8101,1,0,10,1
1970001,8101,1,1,10,1
1970002,8101,0,0,30,0
1970003,8101,1,1,10,1
1970004,8101,1,1,10,1
1970005,8101,1,1,10,1
1970007,8101,1,1,10,1
1970008,8101,0,1,10,1
1970009,8101,1,1,10,1
1970010,8102,0,1,10,1
1970011,8102,1,1,10,1
1970012,8102,0,0,60,0
1970013,8102,1,1,10,1
1970014,8102,1,0,10,1
1970015,8102,0,1,20,0
1970016,8102,0,0,30,0
1970017,8102,1,1,10,1
1970018,8102,0,0,30,0
1970019,8102,0,0,30,0
1970020,8102,0,0,40,0
1970021,8102,1,1,10,1
1970022,8102,0,1,10,1
1970023,8102,0,0,30,0
1970024,8102,0,0,30,0
1970025,8102,1,0,10,1
1970026,8102,0,1,10,1
1970027,8102,0,0,30,0
1970028,8102,0,1,30,0
1970029,8221,0,0,10,1
1970030,8102,0,0,30,0
1970031,8102,1,1,10,1
1970032,8102,0,0,30,0
1970033,8102,0,0,30,0
1970034,8102,1,1,10,1
1970035,8102,0,1,30,0
1970036,8102,1,1,10,1
1970037,8102,0,0,30,0
1970038,8102,1,1,10,1
1970039,8102,0,1,30,0
1970040,8102,1,0,10,1
1970041,8102,0,0,10,1
1970042,8102,1,1,10,1
1970043,8102,0,1,10,1
1970044,8102,0,0,30,0
1970045,8102,0,0,10,1
1970046,8102,0,0,30,0
1970047,8102,1,1,10,1
1970048,8102,0,1,10,1
1970049,8102,1,1,10,1
1970050,8102,1,0,10,1
1970051,8102,1,1,10,1
1970052,8102,0,0,30,0
1970053,8102,0,0,30,0
1970054,8102,0,0,30,0
1970055,8102,0,1,10,1
1970056,8102,0,1,10,1
1970057,8102,0,0,10,1
1970058,8102,1,1,10,1
1970059,8102,0,0,30,0
1970060,8102,0,0,30,0
1970061,8102,1,1,10,1
1970062,8102,0,0,90,0
1970063,8102,1,1,10,1
1970065,8102,1,1,10,1
1970066,8102,0,1,10,1
1970067,8102,0,1,30,0
1970068,8102,1,1,10,1
1970069,8102,0,0,30,0
1970070,8102,0,0,30,0
1970071,8102,0,1,30,0
1970072,8102,0,0,40,0
1970073,8102,1,1,10,1
1970074,8102,0,0,30,0
1970075,8222,0,0,90,0
1970076,8102,0,0,30,0
1970077,8102,0,1,30,0
1970078,8102,0,0,30,0
1970079,8103,1,1,10,1
1970080,8103,0,0,30,0
1970081,8103,1,1,10,1
1970082,8103,1,1,10,1
1970083,8103,0,0,30,0
1970084,8103,0,0,30,0
1970085,8103,1,0,10,1
1970086,8103,0,0,30,0
1970087,8103,1,1,20,0
1970088,8103,0,0,30,0
1970089,8103,0,0,30,0
1970090,8103,1,1,20,0
1970091,8103,0,0,40,0
1970092,8103,0,1,10,1
1970093,8103,0,0,30,0
1970094,8103,1,1,10,1
1970095,8103,0,0,30,0
1970096,8103,1,1,10,1
1970097,8103,1,1,10,1
1970098,8103,1,1,20,0
1970099,8103,0,0,10,1
1970100,8103,0,1,20,0
1970101,8103,1,1,10,1
1970102,8103,0,1,10,1
1970103,8103,0,0,30,0
1970104,8103,1,0,30,0
1970105,8103,1,1,10,1
1970106,8103,0,1,10,1
1970107,8103,1,0,20,0
1970108,8221,0,0,50,0
1970109,8103,0,1,10,1
1970110,8103,1,1,10,1
1970111,8103,0,0,30,0
1970112,8103,0,1,10,1
1970113,8103,0,0,30,0
1970114,8103,0,0,30,0
1970115,8103,0,0,30,0
1970116,8103,1,1,10,1
1970117,8103,0,1,10,1
1970118,8103,0,0,20,0
1970119,8103,1,1,10,1
1970120,8103,0,0,30,0
1970121,8103,1,1,10,1
1970122,8103,1,1,10,1
1970123,8103,0,1,30,0
1970124,8103,1,1,10,1
1970125,8103,0,1,10,1
1970126,8103,0,1,30,0
1970127,8103,0,0,30,0
1970128,8103,1,1,10,1
1970129,8103,1,1,10,1
1970130,8103,0,0,30,0
1970131,8103,0,0,30,0
1970132,8103,0,0,30,0
1970133,8103,0,0,10,1
1970134,8103,1,1,10,1
1970135,8103,0,0,30,0
1970136,8103,0,1,20,0
1970137,8103,1,1,10,1
1970138,8103,0,0,30,0
1970139,8103,0,0,30,0
1970140,8103,0,0,30,0
1970141,8103,0,0,30,0
1970142,8103,0,0,30,0
1970143,8103,1,0,30,0
1970144,8103,1,0,10,1
1970145,8103,1,1,10,1
1970146,8103,1,1,10,1
1970147,8103,0,0,30,0
1970148,8103,0,0,30,0
1970149,8103,1,1,10,1
1970150,8103,0,1,30,0
1970151,8103,0,1,30,0
1970152,8103,0,0,20,0
1970153,8103,1,1,10,1
1970154,8103,0,0,90,0
1970155,8103,0,0,30,0
1970156,8103,0,0,40,0
1970157,8103,0,0,30,0
1970158,8103,0,0,30,0
1970159,8103,0,0,30,0
1970160,8103,0,0,30,0
1970161,8103,0,1,20,0
1970162,8103,1,1,10,1
1970163,8103,1,0,90,0
1970164,8103,0,0,40,0
1970165,8103,1,1,10,1
1970166,8103,0,0,30,0
1970167,8103,1,1,10,1
1970168,8103,0,0,30,0
1970169,8103,0,1,30,0
1970170,8103,0,0,20,0
1970171,8103,0,0,10,1
1970172,8103,0,0,40,0
1970173,8103,0,0,30,0
1970174,8103,0,0,30,0
1970175,8103,0,0,30,0
1970176,8104,0,0,20,0
1970177,8104,0,1,30,0
1970178,8104,1,1,10,1
1970179,8104,1,0,20,0
1970180,8106,1,1,10,1
1970181,8106,1,1,10,1
1970182,8106,1,1,10,1
1970183,8106,1,1,10,1
1970184,8106,1,1,10,1
1970185,8106,1,1,10,1
1970186,8106,1,1,10,1
1970187,8106,1,1,60,0
1970188,8106,1,1,10,1
1970189,8106,0,0,30,0
1970190,8106,1,1,20,0
1970191,8106,1,1,10,1
1970192,8106,1,1,10,1
1970193,8106,1,1,10,1
1970194,8106,0,1,10,1
1970195,8200,1,1,10,1
1970196,8200,1,1,10,1
1970197,8200,0,1,10,1
1970198,8200,0,1,10,1
1970199,8200,0,0,10,1
1970200,8200,1,1,10,1
1970201,8200,1,1,10,1
1970202,8200,0,0,20,0
1970203,8200,0,0,60,0
1970204,8200,1,0,10,1
1970205,8200,1,1,10,1
1970206,8200,1,1,10,1
1970207,8200,1,0,10,1
1970208,8200,1,0,10,1
1970209,8221,0,0,50,0
1970210,8200,0,1,10,1
1970211,8200,1,1,10,1
1970212,8221,0,0,30,0
1970213,8200,1,0,30,0
1970214,8221,0,0,50,0
1970215,8221,0,0,50,0
1970216,8200,0,1,30,0
1970217,8221,0,0,50,0
1970218,8200,1,1,10,1
1970219,8200,1,1,10,1
1970220,8221,0,0,50,0
1970221,8200,0,0,30,0
1970222,8200,0,0,50,0
1970223,8200,0,0,40,0
1970224,8200,1,1,10,1
1970225,8200,0,0,50,0
1970226,8200,0,0,20,0
1970227,8200,1,1,10,1
1970228,8221,0,0,50,0
1970229,8200,0,0,10,1
1970230,8200,1,1,10,1
1970231,8200,0,1,30,0
1970232,8200,1,1,30,0
1970233,8200,0,0,10,1
1970234,8200,0,0,30,0
1970235,8200,0,0,10,1
1970236,8223,1,0,10,1
1970237,8221,0,0,50,0
1970238,8200,0,1,10,1
1970239,8200,0,0,30,0
1970240,8200,0,0,30,0
1970241,8222,0,0,80,0
1970242,8210,0,1,10,1
1970243,8223,0,1,95,1
1970244,8210,0,1,95,1
1970245,8223,1,0,95,1
1970246,8210,0,0,30,0
1970247,8222,0,0,80,0
1970248,8210,1,1,10,1
1970249,8210,0,0,10,1
1970250,8210,0,0,30,0
1970251,8223,0,0,90,0
1970252,8210,1,1,10,1
1970253,8210,0,0,80,0
1970254,8210,0,0,10,1
1970256,8221,0,0,10,1
1970257,8210,1,1,10,1
1970258,8223,0,0,80,0
1970259,8210,0,1,10,1
1970260,8210,0,1,10,1
1970261,8210,1,1,10,1
1970262,8210,1,1,10,1
1970264,8222,0,0,80,0
1970265,8222,0,0,80,0
1970266,8222,1,1,10,1
1970267,8001,1,1,10,1
1970268,8001,1,1,10,1
1970269,8001,1,1,10,1
1970270,8001,1,1,10,1
1970271,8001,1,1,10,1
1970272,8001,1,1,10,1
1970273,8001,1,1,10,1
1970274,8001,1,1,10,1
1970275,8001,1,1,10,1
1970276,8001,1,1,10,1
1970277,8001,1,1,10,1
1970278,8222,0,0,80,0
1970279,8001,1,1,10,1
1970280,8001,1,1,10,1
1970281,8001,0,0,20,0
1970282,8001,1,1,10,1
1970283,8001,1,1,10,1
1970284,8001,1,1,10,1
1970285,8001,1,1,10,1
1970286,8001,1,1,10,1
1970287,8001,1,1,10,1
1970288,8001,1,1,10,1
1970289,8001,1,1,10,1
1970290,8001,1,1,10,1
1970291,8001,1,1,10,1
1970292,8001,1,1,10,1
1970293,8001,1,1,10,1
1970294,8001,1,1,10,1
1970295,8001,1,1,10,1
1970296,8001,1,1,10,1
1970297,8001,1,1,10,1
1970298,8001,1,1,10,1
1970299,8001,1,1,10,1
1970300,8001,1,1,10,1
1970301,8001,1,1,10,1
1970302,8001,1,1,10,1
1970303,8001,1,1,10,1
1970304,8001,1,1,10,1
1970305,8001,1,1,10,1
1970306,8001,1,1,10,1
1970307,8001,1,1,10,1
1970308,8001,0,0,30,0
1970309,8001,1,1,10,1
1970310,8001,1,1,10,1
1970311,8001,1,1,10,1
1970312,8001,0,1,10,1
1970313,8001,1,1,10,1
1970314,8001,1,1,10,1
1970315,8001,1,1,10,1
1970316,8001,1,1,10,1
1970317,8001,1,1,10,1
1970318,8001,1,1,10,1
1970319,8002,1,1,10,1
1970320,8002,1,1,10,1
1970321,8002,1,1,10,1
1970322,8002,0,0,30,0
1970323,8002,1,1,10,1
1970324,8002,1,1,10,1
1970325,8002,1,1,10,1
1970326,8002,1,1,10,1
1970327,8003,0,0,30,0
1970328,8003,1,0,10,1
1970329,8003,1,1,10,1
1970330,8003,1,1,10,1
1970331,8003,1,1,10,1
1970332,8003,1,1,10,1
1970333,8003,1,1,10,1
1970334,8003,1,1,10,1
1970335,8003,1,1,10,1
1970336,8003,1,1,10,1
1970337,8003,1,1,10,1
1970338,8003,1,1,10,1
1970339,8003,1,1,10,1
1970340,8003,1,1,10,1
1970341,8003,1,1,10,1
1970342,8004,0,0,60,0
1970343,8004,0,0,60,0
1970344,8004,0,0,60,0
1970345,8004,0,0,60,0
1970346,8004,0,0,60,0
1970347,8004,0,0,60,0
1970348,8004,0,0,60,0
1970349,8004,0,0,60,0
1970350,8004,0,0,30,0
1970351,8004,0,0,60,0
1970352,8004,0,0,60,0
1970353,8004,0,0,60,0
1970354,8004,0,0,20,0
1970355,8004,0,0,60,0
1970356,8004,0,0,20,0
1970357,8004,0,0,60,0
1970358,8004,0,0,60,0
1970359,8004,0,0,40,0
1970360,8004,0,0,60,0
1970361,8004,0,0,60,0
1970362,8004,0,0,60,0
1970363,8004,0,0,20,0
1970364,8004,0,0,30,0
1970365,8004,0,0,60,0
1970366,8004,0,0,60,0
1970367,8004,0,0,60,0
1970368,8004,0,0,30,0
1970369,8004,0,0,60,0
1970370,8004,0,0,30,0
1970371,8004,0,0,60,0
1970372,8004,0,0,60,0
1970373,8004,0,0,60,0
1970374,8004,0,0,60,0
1970375,8004,0,0,60,0
1970376,8004,0,0,60,0
1970377,8004,0,0,30,0
1970378,8004,0,0,60,0
1970379,8004,0,0,60,0
1970380,8004,0,0,60,0
1970381,8006,1,1,10,1
1970382,8226,0,0,70,0
1970383,8006,0,0,30,0
1970384,8006,1,1,10,1
1970385,8006,1,1,10,1
1970386,8006,1,1,10,1
1970387,8006,0,1,10,1
1970388,8222,0,0,80,0
1970389,8006,0,0,30,0
1970390,8006,0,1,30,0
1970391,8222,0,0,80,0
1970392,8006,0,0,100,0
1970393,8006,0,0,30,0
1970394,8006,1,1,10,1
1970395,8006,1,1,10,1
1970396,8006,0,1,10,1
1970397,8008,1,0,40,0
1970398,8008,0,1,20,0
1970399,8008,0,0,30,0
1970400,8008,0,0,20,0
1970401,8008,0,1,10,1
1970402,8008,0,0,60,0
1970403,8008,1,1,30,0
1970404,8008,1,1,10,1
1970405,8008,0,0,60,0
1970406,8008,1,1,30,0
1970407,8222,0,0,80,0
1970408,8008,1,1,10,1
1970409,8008,0,0,60,0
1970410,8008,0,1,20,0
1970411,8008,0,0,60,0
1970412,8008,1,0,60,0
1970413,8008,1,1,10,1
1970414,8008,0,1,30,0
1970415,8008,0,0,60,0
1970416,8008,0,0,30,0
1970417,8008,1,0,20,0
1970418,8008,0,0,60,0
1970419,8008,1,1,10,1
1970420,8008,0,0,60,0
1970421,8008,0,0,40,0
1970422,8008,0,0,20,0
1970423,8008,1,1,30,0
1970424,8008,0,0,30,0
1970425,8008,1,0,60,0
1970426,8008,1,1,10,1
1970427,8008,1,0,60,0
1970428,8008,1,1,20,0
1970429,8008,0,0,30,0
1970430,8008,1,1,10,1
1970431,8008,1,1,10,1
1970432,8008,1,1,10,1
1970433,8008,0,0,60,0
1970434,8008,0,0,40,0
1970435,8008,1,1,10,1
1970436,8008,0,0,60,0
1970437,8008,0,0,40,0
1970438,8008,0,0,60,0
1970439,8008,0,0,60,0
1970440,8008,1,1,10,1
1970441,8008,1,1,20,0
1970442,8008,0,0,20,0
1970443,8008,1,1,10,1
1970444,8008,0,0,60,0
1970445,8008,0,0,40,0
1970446,8008,1,1,10,1
1970447,8008,0,0,60,0
1970448,8008,0,0,60,0
1970449,8008,1,1,30,0
1970450,8008,1,1,30,0
1970451,8015,1,1,10,1
1970452,8015,1,1,10,1
1970453,8015,1,1,10,1
1970454,8015,1,1,10,1
1970455,8015,0,0,30,0
1970456,8226,0,0,70,0
1970457,8015,1,1,10,1
1970458,8015,0,0,60,0
1970459,8015,0,0,30,0
1970460,8015,0,0,60,0
1970461,8015,1,1,10,1
1970462,8015,1,1,10,1
1970463,8015,1,1,10,1
1970464,8015,1,1,10,1
1970465,8015,1,1,10,1
1970466,8015,1,1,10,1
1970467,8015,1,1,10,1
1970468,8015,1,1,10,1
1970469,8015,0,0,40,0
1970470,8015,1,1,10,1
1970471,8015,1,1,10,1
1970472,8015,0,0,10,1
1970473,8015,0,0,60,0
1970474,8015,1,1,10,1
1970475,8015,1,1,10,1
1970476,8015,1,1,10,1
1970477,8029,1,1,10,1
1970478,8226,0,0,70,0
1970479,8029,1,1,10,1
1970480,8029,0,0,30,0
1970481,8029,1,1,10,1
1970482,8029,0,0,60,0
1970483,8029,1,1,10,1
1970484,8029,0,1,10,1
1970485,8029,1,1,10,1
1970486,8029,0,0,60,0
1970487,8029,0,0,30,0
1970488,8029,1,1,30,0
1970489,8029,1,1,10,1
1970490,8029,0,0,60,0
1970491,8226,0,0,70,0
1970492,8029,1,1,10,1
1970493,8029,1,0,10,1
1970494,8029,0,0,60,0
1970495,8029,0,1,10,1
1970496,8226,0,0,80,0
1970497,8226,0,0,70,0
1970498,8029,1,1,30,0
1970499,8029,1,1,10,1
1970500,8029,1,1,10,1
1970501,8029,0,0,30,0
1970502,8029,0,0,30,0
1970503,8029,0,0,30,0
1970504,8029,1,1,30,0
1970505,8226,0,0,70,0
1970506,8029,0,0,30,0
1970507,8029,1,1,30,0
1970508,8029,0,0,60,0
1970509,8029,1,1,10,1
1970510,8029,1,1,10,1
1970511,8101,0,1,10,1
1970512,8101,1,1,10,1
1970513,8101,1,1,10,1
1970514,8101,0,0,30,0
1970515,8101,0,1,10,1
1970516,8101,0,1,30,0
1970517,8101,1,1,10,1
1970519,8101,0,0,10,1
1970520,8101,1,1,10,1
1970521,8101,0,0,30,0
1970522,8101,1,0,10,1
1970523,8101,1,1,10,1
1970524,8101,1,1,10,1
1970526,8101,1,1,10,1
1970527,8101,1,1,10,1
1970528,8101,1,1,10,1
1970529,8101,0,1,10,1
1970530,8101,0,0,30,0
1970531,8101,1,1,10,1
1970532,8101,0,0,30,0
1970533,8101,1,1,10,1
1970534,8101,0,0,30,0
1970535,8101,1,1,10,1
1970536,8101,0,0,10,1
1970537,8101,1,1,10,1
1970538,8101,1,1,10,1
1970539,8101,1,1,20,0
1970540,8102,1,1,10,1
1970541,8102,1,1,10,1
1970542,8102,1,1,10,1
1970543,8102,1,1,10,1
1970544,8102,0,0,30,0
1970545,8102,1,1,10,1
1970546,8102,1,1,10,1
1970547,8103,0,0,30,0
1970548,8103,1,1,10,1
1970549,8103,0,0,30,0
1970550,8103,0,0,10,1
1970551,8103,0,1,30,0
1970552,8103,0,0,30,0
1970553,8103,0,0,30,0
1970554,8103,0,0,30,0
1970555,8103,0,0,60,0
1970556,8103,0,0,30,0
1970557,8103,1,1,10,1
1970558,8103,0,0,30,0
1970559,8103,0,0,30,0
1970560,8103,0,0,10,1
1970561,8103,0,1,10,1
1970562,8103,0,0,30,0
1970563,8103,1,1,10,1
1970564,8103,1,1,10,1
1970565,8103,0,1,10,1
1970566,8103,0,0,60,0
1970567,8103,0,0,20,0
1970568,8103,0,0,30,0
1970569,8103,0,0,60,0
1970570,8104,0,0,60,0
1970571,8104,0,0,60,0
1970572,8104,0,0,60,0
1970573,8104,0,0,60,0
1970574,8104,0,0,60,0
1970575,8104,0,0,60,0
1970576,8104,0,0,30,0
1970577,8104,0,0,60,0
1970578,8104,0,0,60,0
1970579,8104,0,0,60,0
1970580,8104,0,0,60,0
1970581,8104,0,0,60,0
1970582,8104,0,0,60,0
1970583,8104,0,0,30,0
1970584,8104,0,0,60,0
1970585,8104,1,1,10,1
1970586,8104,0,0,60,0
1970587,8104,0,0,60,0
1970588,8104,0,0,60,0
1970589,8104,0,0,30,0
1970590,8104,0,0,60,0
1970591,8104,0,0,60,0
1970592,8104,0,0,60,0
1970593,8104,0,0,60,0
1970594,8104,0,0,50,0
1970595,8104,0,0,60,0
1970596,8104,0,0,60,0
1970597,8104,0,0,60,0
1970598,8104,0,0,60,0
1970599,8104,0,0,60,0
1970600,8104,0,0,60,0
1970601,8104,0,0,30,0
1970602,8104,0,0,50,0
1970603,8104,0,0,60,0
1970604,8104,0,0,60,0
1970605,8104,0,0,60,0
1970606,8106,0,0,60,0
1970607,8106,0,0,20,0
1970608,8106,0,1,30,0
1970609,8106,0,0,30,0
1970610,8106,1,1,10,1
1970611,8106,0,0,60,0
1970612,8106,0,0,30,0
1970613,8106,0,0,60,0
1970614,8106,0,0,30,0
1970615,8226,0,0,100,0
1970616,8106,1,1,10,1
1970617,8106,0,0,30,0
1970618,8106,0,0,30,0
1970619,8106,0,0,30,0
1970620,8106,0,0,30,0
1970621,8106,0,0,30,0
1970622,8106,0,0,40,0
1970623,8106,0,0,60,0
1970624,8106,0,0,30,0
1970625,8106,0,0,60,0
1970626,8106,0,0,30,0
1970627,8106,0,0,40,0
1970628,8106,1,1,10,1
1970629,8106,0,0,30,0
1970630,8106,0,0,40,0
1970631,8106,0,0,30,0
1970632,8106,0,0,30,0
1970633,8106,0,0,60,0
1970634,8106,0,0,30,0
1970635,8106,0,0,30,0
1970636,8106,0,0,60,0
1970637,8106,0,1,20,0
1970638,8106,0,0,60,0
1970639,8106,1,1,20,0
1970640,8106,0,0,30,0
1970641,8106,0,0,30,0
1970642,8106,1,1,10,1
1970643,8106,0,0,30,0
1970644,8106,0,0,60,0
1970645,8106,0,0,30,0
1970646,8106,0,0,30,0
1970647,8200,0,0,60,0
1970648,8200,0,0,60,0
1970649,8200,0,0,60,0
1970650,8221,0,0,50,0
1970651,8200,0,0,60,0
1970652,8200,0,0,60,0
1970653,8200,0,0,60,0
1970654,8200,0,0,60,0
1970655,8200,0,0,10,1
1970656,8200,0,0,20,0
1970657,8200,0,0,10,1
1970658,8200,0,0,50,0
1970659,8200,0,0,60,0
1970660,8200,0,0,10,1
1970661,8200,0,0,50,0
1970662,8221,0,0,50,0
1970663,8200,1,1,10,1
1970664,8200,0,0,60,0
1970665,8200,0,0,20,0
1970666,8200,0,0,40,0
1970667,8200,0,0,50,0
1970668,8200,0,0,20,0
1970669,8210,0,0,50,0
1970670,8210,0,0,60,0
1970671,8210,0,0,30,0
1970673,8210,0,0,30,0
1970674,8210,0,0,80,0
1970675,8210,0,0,30,0
1970676,8210,0,1,10,1
1970677,8210,0,0,60,0
1970678,8210,1,1,10,1
1970679,8210,0,0,60,0
1970680,8210,0,1,30,0
1970681,8222,0,0,80,0
1970682,8210,0,1,30,0
1970683,8210,0,0,30,0
1970684,8210,0,0,60,0
1970685,8210,1,1,10,1
1970686,8210,0,0,30,0
1970687,8210,0,0,60,0
1970688,8222,0,0,80,0
1970689,8210,0,0,60,0
1970691,8222,0,0,80,0
1970692,1210,0,0,30,0
1970693,1210,0,0,80,0
1970694,1003,1,1,10,1
1970695,1210,0,0,60,0
1970696,1210,0,0,60,0
1970697,1102,0,0,10,1
1970698,1222,0,0,80,0
1970699,1222,0,0,80,0
1970700,1222,0,0,80,0
1970701,1222,0,0,80,0
1970702,1223,0,0,80,0
1970703,1222,0,0,60,0
1970704,1222,0,0,80,0
1970705,1103,0,0,80,0
1970706,1222,0,0,80,0
1970707,1223,0,0,80,0
1970708,1104,0,0,60,0
1970709,1223,0,0,80,0
1970710,1222,0,0,60,0
1970711,1003,1,1,10,1
1970712,1103,0,0,90,0
1970713,1003,0,0,60,0
1970714,1222,0,0,60,0
1970715,1222,0,0,80,0
1970716,1222,0,0,80,0
1970717,1222,0,0,90,0
1970718,1210,0,0,80,0
1970719,1222,0,0,80,0
1970720,1101,0,0,10,1
1970721,1222,0,0,60,0
1970722,1222,0,0,80,0
1970723,1102,0,0,10,1
1970724,1222,0,0,60,0
1970725,1003,1,1,10,1
1970726,1003,0,0,30,0
1970727,1223,0,0,90,0
1970728,1222,0,0,30,0
1970729,1102,1,1,10,1
1970730,1222,0,0,60,0
1970731,1222,0,0,60,0
1970732,1003,0,0,10,1
1970733,1210,0,0,60,0
1970734,1222,0,0,30,0
1970735,1222,0,0,30,0
1970736,1003,1,1,10,1
1970737,1222,0,0,80,0
1970738,1002,0,0,80,0
1970739,1210,0,0,60,0
1970740,1106,0,0,90,0
1970741,1222,0,0,60,0
1970742,1223,0,0,30,0
1970743,1103,1,1,10,1
1970744,1103,0,0,90,0
1970745,1103,0,0,90,0
1970746,1222,0,0,40,0
1970747,1222,0,0,80,0
1970748,1222,0,0,20,0
1970749,1003,0,0,90,0
1970750,1222,0,0,60,0
1970751,1210,0,0,60,0
1970752,1222,0,0,40,0
1970753,1222,0,0,60,0
1970754,1210,0,0,80,0
1970755,1223,0,0,30,0
1970756,1102,0,0,80,0
1970757,1222,0,0,80,0
1970758,1106,0,0,60,0
1970759,1103,0,0,30,0
1970760,1103,0,0,30,0
1970761,1015,0,0,30,0
1970762,1006,0,0,30,0
1970763,1114,0,1,30,0
1970764,1103,1,1,10,1
1970765,1006,0,0,40,0
1970766,1006,0,0,30,0
1970767,1106,0,0,40,0
1970768,1114,1,0,20,0
1970769,1014,0,0,30,0
1970770,1006,0,0,60,0
1970771,1104,0,0,60,0
1970772,1104,0,0,30,0
1970773,1104,0,0,30,0
1970774,1104,0,0,30,0
1970775,1200,0,1,10,1
1970776,1223,0,0,30,0
1970777,1222,0,0,80,0
1970778,1003,0,0,30,0
1970779,1103,0,0,90,0
1970780,1103,0,0,30,0
1970781,1223,0,0,80,0
1970782,1223,0,0,30,0
1970783,1223,0,0,80,0
1970784,1223,0,0,30,0
1970785,1223,0,0,80,0
1970786,1103,0,0,90,0
1970787,1223,0,0,90,0
1970788,1223,0,0,30,0
1970789,1223,0,0,90,0
1970790,1223,0,0,90,0
1970791,1223,0,0,30,0
1970792,1222,0,0,80,0
1970793,1103,0,0,30,0
1970794,1223,0,0,90,0
1970795,1223,0,0,90,0
1970796,1103,0,0,30,0
1970797,1104,0,0,90,0
1970798,1223,0,0,30,0
1970799,1223,0,0,30,0
1970800,1106,0,0,90,0
1970801,1223,0,0,90,0
1970802,1223,0,0,30,0
1970803,1210,0,0,30,0
1970804,1006,0,0,90,0
1970805,1223,0,0,80,0
1970806,1223,0,0,80,0
1970807,1222,0,0,80,0
1970808,1223,0,0,30,0
1970809,1223,0,1,10,1
1970810,1103,0,0,30,0
1970811,1223,0,0,90,0
1970812,1003,0,0,30,0
1970813,1210,0,0,90,0
1970814,1103,0,0,90,0
1970815,1223,0,0,90,0
1970816,1223,0,0,30,0
1970817,1223,0,0,90,0
1970818,1223,0,0,80,0
1970819,1210,0,0,40,0
1970820,1223,0,0,30,0
1970821,1223,0,0,30,0
1970822,1103,0,0,30,0
1970823,1222,0,0,90,0
1970824,1223,0,0,90,0
1970825,1223,0,0,90,0
1970826,1223,0,0,90,0
1970827,1006,0,0,90,0
1970828,1223,0,0,30,0
1970829,1103,0,0,30,0
1970830,1103,0,0,30,0
1970831,1106,0,0,90,0
1970832,1223,0,0,90,0
1970833,1223,0,0,30,0
1970834,1006,0,0,90,0
1970835,1103,0,0,90,0
1970836,1223,0,0,90,0
1970837,1223,0,0,80,0
1970838,1103,0,0,30,0
1970839,1223,0,0,30,0
1970840,1103,0,0,30,0
1970841,1103,0,0,30,0
1970842,1003,0,0,30,0
1970843,1103,0,0,30,0
1970844,1223,0,0,90,0
1970845,1223,0,0,30,0
1970846,1223,0,0,60,0
1970847,1223,0,0,30,0
1970848,1223,0,0,30,0
1970849,1003,0,0,30,0
1970850,1103,0,0,30,0
1970851,1222,0,0,90,0
1970852,1210,0,0,80,0
1970853,1223,0,0,90,0
1970854,1222,0,0,80,0
1970855,1103,0,0,90,0
1970856,1223,0,0,90,0
1970857,1104,0,0,30,0
1970858,1223,0,0,30,0
1970859,1222,0,0,90,0
1970860,1223,0,0,40,0
1970861,1003,0,0,30,0
1970862,1223,0,0,30,0
1970863,1223,0,0,30,0
1970864,1222,0,0,80,0
1970865,1223,0,0,90,0
1970866,4226,0,0,60,0
1970867,4226,0,0,70,0
1970868,4224,0,0,20,0
1970869,4224,0,0,30,0
1970870,4224,0,0,20,0
1970871,4224,0,0,20,0
1970872,4224,0,0,20,0
1970873,4224,0,0,60,0
1970874,4224,0,0,30,0
1970875,4224,0,0,60,0
1970876,4103,0,0,40,0
1970877,4224,0,0,80,0
1970878,4221,0,0,50,0
1970879,4221,0,0,50,0
1970880,4221,0,0,50,0
1970881,4221,0,0,60,0
1970882,4221,0,0,60,0
1970883,4221,0,0,50,0
1970884,4221,0,0,50,0
1970885,4221,0,0,10,1
1970886,4125,0,0,10,1
1970887,4221,0,0,40,0
1970888,4221,0,0,50,0
1970889,4221,0,0,40,0
1970890,4221,0,0,50,0
1970891,4221,0,0,50,0
1970892,4221,0,0,60,0
1970893,4221,0,0,50,0
1970894,4221,0,0,30,0
1970895,4221,0,0,50,0
1970896,4221,0,1,10,1
1970897,4221,0,0,50,0
1970898,4221,0,0,40,0
1970899,4221,0,0,50,0
1970900,4221,0,0,50,0
1970901,4221,0,0,50,0
1970902,4221,0,0,50,0
1970903,4221,0,0,50,0
1970904,4221,0,0,10,1
1970905,4104,0,0,60,0
1970906,4221,0,0,50,0
1970907,4221,0,0,50,0
1970908,4221,0,0,60,0
1970909,4221,0,0,50,0
1970910,4221,0,0,10,1
1970911,4114,0,0,40,0
1970912,4221,0,0,10,1
1970913,4221,0,0,50,0
1970914,4114,0,0,40,0
1970915,4221,0,0,50,0
1970916,4221,0,0,50,0
1970917,4221,0,0,50,0
1970918,4221,0,0,50,0
1970919,4221,0,0,50,0
1970920,4221,0,0,50,0
1970921,4221,0,0,50,0
1970922,4221,0,0,60,0
1970923,4221,0,0,60,0
1970924,4221,0,0,50,0
1970925,4221,0,0,50,0
1970926,4226,0,0,70,0
1970927,4226,0,0,70,0
1970928,4226,0,0,70,0
1970929,4226,0,0,70,0
1970930,4226,0,0,70,0
1970931,4226,0,0,70,0
1970932,4226,0,0,70,0
1970933,4226,0,0,60,0
1970934,4226,0,0,60,0
1970935,4226,0,0,70,0
1970936,4106,0,0,70,0
1970937,4226,0,0,70,0
1970938,4226,0,0,70,0
1970939,4226,0,0,70,0
1970940,4226,0,0,70,0
1970941,4226,0,0,70,0
1970942,4226,0,0,70,0
1970943,4226,0,0,70,0
1970944,4226,0,0,70,0
1970945,4226,0,0,60,0
1970946,4226,0,0,60,0
1970947,4226,0,0,70,0
1970948,4226,0,0,60,0
1970949,4226,0,0,70,0
1970950,4226,0,0,70,0
1970951,4226,0,0,70,0
1970952,4226,0,0,70,0
1970953,4226,0,0,70,0
1970954,4226,0,0,70,0
1970955,4226,0,0,60,0
1970956,4226,0,0,30,0
1970957,4226,0,0,100,0
1970958,4226,0,0,70,0
1970959,4226,0,0,70,0
1970960,4226,0,0,70,0
1970961,4226,0,0,70,0
1970962,4226,0,0,80,0
1970963,4226,0,0,70,0
1970964,4226,0,0,70,0
1970965,4226,0,0,70,0
1970966,4226,0,0,70,0
1970967,4226,0,0,70,0
1970968,4226,0,0,70,0
1970969,4226,0,0,70,0
1970970,4226,0,0,70,0
1970971,4226,0,0,70,0
1970972,4226,0,0,70,0
1970973,4226,0,0,70,0
1970974,4226,0,0,70,0
1970975,4226,0,0,70,0
1970976,4226,0,0,70,0
1970977,4226,0,0,70,0
1970978,4226,0,0,70,0
1970979,4226,0,0,70,0
1970980,6221,0,0,50,0
1970981,6221,0,0,50,0
1970982,4226,0,0,70,0
1970983,4226,0,0,70,0
1970984,4226,0,0,70,0
1970985,4226,0,0,70,0
1970986,4226,0,0,70,0
1970987,4226,0,0,70,0
1970988,4226,0,0,70,0
1970989,4226,0,0,70,0
1970990,4226,0,0,70,0
1970991,4226,0,0,70,0
1970992,4226,0,0,60,0
1970993,4226,0,0,70,0
1970994,4226,0,0,70,0
1970995,4226,0,0,70,0
1970996,4226,0,0,70,0
1970997,4226,0,0,60,0
1970998,4226,0,0,70,0
1970999,4226,0,0,70,0
1971000,4226,0,0,60,0
1971001,4226,0,0,70,0
1971002,4226,0,0,70,0
1971003,4226,0,0,70,0
1971004,4226,0,0,70,0
1971005,4226,0,0,70,0
1971006,4226,0,0,70,0
1971007,4226,0,0,70,0
1971008,4226,0,0,70,0
1971009,4226,0,0,70,0
1971010,4226,0,0,70,0
1971011,4226,0,0,70,0
1971012,4226,0,0,70,0
1971013,4226,0,0,70,0
1971014,4226,0,0,70,0
1971015,4226,0,0,70,0
1971016,6224,0,0,30,0
1971017,6027,0,1,10,1
1971018,6040,0,1,30,0
1971019,6224,0,0,30,0
1971020,6224,0,1,30,0
1971021,6224,0,1,10,1
1971022,6224,1,1,10,1
1971023,6224,0,1,10,1
1971024,6027,0,1,20,0
1971025,6223,0,1,10,1
1971026,6224,1,1,10,1
1971027,6040,0,0,100,0
1971028,6027,0,0,30,0
1971029,6224,0,1,30,0
1971030,6224,0,1,10,1
1971031,6224,0,1,30,0
1971032,6224,0,1,20,0
1971033,6224,0,0,90,0
1971034,6224,0,0,20,0
1971035,6224,0,0,90,0
1971036,6027,1,0,20,0
1971037,6224,0,0,20,0
1971038,6224,0,1,10,1
1971039,6224,0,1,10,1
1971040,6224,0,1,20,0
1971041,6224,0,0,20,0
1971042,6224,0,0,20,0
1971043,6224,0,0,90,0
1971044,6224,0,0,90,0
1971045,6224,0,1,10,1
1971046,6224,0,0,90,0
1971047,6224,0,1,30,0
1971048,6224,0,0,30,0
1971049,6224,0,1,10,1
1971050,6224,0,1,20,0
1971051,6224,0,1,30,0
1971052,6224,0,0,100,0
1971053,6224,0,0,30,0
1971054,6224,0,0,60,0
1971055,6224,0,0,30,0
1971056,6224,0,0,30,0
1971057,6006,0,0,30,0
1971058,6224,0,0,20,0
1971059,6221,0,0,10,1
1971060,6221,0,0,50,0
1971061,6221,0,0,10,1
1971062,6221,0,0,50,0
1971063,6221,0,0,30,0
1971064,6221,0,0,10,1
1971065,6221,0,0,50,0
1971066,6221,0,0,50,0
1971067,6221,0,0,50,0
1971068,6221,0,0,30,0
1971069,6221,0,0,10,1
1971070,6221,0,0,10,1
1971071,6125,0,0,50,0
1971072,6221,0,0,30,0
1971073,6125,0,0,50,0
1971074,6221,0,0,40,0
1971075,6221,0,0,10,1
1971076,6221,0,0,30,0
1971077,6221,0,0,30,0
1971078,6221,0,0,30,0
1971079,6221,0,0,50,0
1971080,6221,0,0,50,0
1971081,6221,0,0,50,0
1971082,6221,0,0,50,0
1971083,6221,0,0,10,1
1971084,6125,0,0,60,0
1971085,6221,0,0,10,1
1971086,6221,0,0,30,0
1971087,6221,0,0,50,0
1971088,6221,0,0,50,0
1971089,6221,0,0,50,0
1971090,6125,0,0,10,1
1971091,6221,0,0,50,0
1971092,6221,0,0,10,1
1971093,6221,0,0,50,0
1971094,6226,0,0,60,0
1971095,6226,0,0,70,0
1971096,6221,0,0,50,0
1971097,6221,0,0,50,0
1971098,6221,0,0,40,0
1971099,6221,0,0,50,0
1971100,6221,0,0,10,1
1971101,6221,0,0,10,1
1971102,6221,0,0,10,1
1971103,6221,0,0,60,0
1971104,6221,0,0,50,0
1971105,6125,0,0,30,0
1971106,6221,0,0,60,0
1971107,6221,0,0,30,0
1971108,6221,0,0,50,0
1971109,6221,0,0,50,0
1971110,6221,0,0,50,0
1971111,6221,0,0,10,1
1971112,6221,0,0,10,1
1971113,6106,0,0,50,0
1971114,6221,0,0,10,1
1971115,6221,0,0,50,0
1971116,6221,0,0,10,1
1971117,6221,0,0,50,0
1971118,6221,0,0,50,0
1971119,6221,0,0,50,0
1971120,6221,0,0,50,0
1971121,6221,0,0,10,1
1971122,6226,0,0,70,0
1971123,6226,0,0,70,0
1971124,6226,0,0,70,0
1971125,6226,0,0,70,0
1971126,6226,0,0,70,0
1971127,6226,0,0,70,0
1971128,6226,0,0,70,0
1971129,6226,0,0,70,0
1971130,6226,0,0,70,0
1971131,6226,0,0,70,0
1971132,6226,0,0,70,0
1971133,6226,0,0,70,0
1971134,6226,0,0,70,0
1971135,6226,0,0,70,0
1971136,6226,0,0,70,0
1971137,6226,0,0,70,0
1971138,6226,0,0,70,0
1971139,6226,0,0,70,0
1971140,6226,0,0,70,0
1971141,6226,0,0,70,0
1971142,6226,0,0,70,0
1971143,6226,0,0,70,0
1971144,6226,0,0,70,0
1971145,6226,0,0,70,0
1971146,6226,0,0,70,0
1971147,6226,0,0,70,0
1971148,6226,0,0,70,0
1971149,6226,0,0,70,0
1971150,6226,0,0,70,0
1971151,6226,0,0,70,0
1971152,6226,0,0,70,0
1971153,6226,0,0,70,0
1971154,6226,0,0,70,0
1971155,6226,0,0,70,0
1971156,6226,0,0,70,0
1971157,6226,0,0,70,0
1971158,6226,0,0,70,0
1971159,6226,0,0,70,0
1971160,6226,0,0,70,0
1971161,6226,0,0,70,0
1971162,6226,0,0,70,0
1971163,6226,0,0,70,0
1971164,6226,0,0,70,0
1971165,6226,0,0,70,0
1971166,6226,0,0,60,0
1971167,6226,0,0,70,0
1971168,6226,0,0,70,0
1971169,6226,0,0,70,0
1971170,6226,0,0,70,0
1971171,6226,0,0,70,0
1971172,6226,0,0,70,0
1971173,6226,0,0,70,0
1971174,6226,0,0,70,0
1971175,6226,0,0,70,0
1971176,6226,0,0,70,0
1971177,6226,0,0,70,0
1971178,6226,0,0,70,0
1971179,6226,0,0,70,0
1971180,6226,0,0,70,0
1971181,6226,0,0,70,0
1971182,6226,0,0,70,0
1971183,6226,0,0,70,0
1971184,6226,0,0,70,0
1971185,6226,0,0,70,0
1971186,6226,0,0,70,0
1971187,6226,0,0,70,0
1971188,6226,0,0,70,0
1971189,6226,0,0,70,0
1971190,6226,0,0,70,0
1971191,6226,0,0,70,0
1971192,6226,0,0,70,0
1971193,6226,0,0,70,0
1971194,6226,0,0,70,0
1971195,6226,0,0,70,0
1971196,6226,0,0,60,0
1971197,6226,0,0,60,0
1971198,6226,0,0,70,0
1971199,6226,0,0,70,0
1971200,6226,0,0,70,0
1971201,6226,0,0,60,0
1971202,6226,0,0,60,0
1971203,6226,0,0,60,0
1971204,6226,0,0,70,0
1971205,6226,0,0,70,0
1971206,6226,0,0,60,0
1971207,6226,0,0,70,0
1971208,6226,0,0,60,0
1971209,6226,0,0,70,0
1971210,6226,0,0,70,0
1971211,6226,0,0,70,0
1971212,6226,0,0,70,0
1971213,6226,0,0,70,0
1971214,6226,0,0,70,0
1971215,6227,0,0,100,0
1971216,6227,0,0,90,0
1971217,6227,0,0,100,0
1971218,6227,0,0,100,0
1971219,6227,0,0,100,0
1971220,6029,0,0,100,0
1971221,6227,0,0,100,0
1971222,6227,0,0,100,0
1971223,6227,0,0,30,0
1971224,6227,0,0,100,0
1971225,6227,0,0,100,0
1971226,6227,0,0,100,0
1971227,6227,0,0,100,0
1971228,6226,0,0,60,0
1971229,6227,0,0,100,0
1971230,6227,0,0,60,0
1971231,6227,0,0,100,0
1971232,6227,0,0,100,0
1971233,6227,0,0,100,0
1971234,6227,0,0,100,0
1971235,6227,0,0,100,0
1971236,6227,0,0,30,0
1971237,6227,0,0,80,0
1971238,6227,0,0,80,0
1971239,6227,0,0,100,0
1971240,6227,0,0,100,0
1971241,6227,0,0,100,0
1971242,6227,0,0,100,0
1971243,6227,0,1,10,1
1971244,6227,0,0,30,0
1971245,6227,0,0,100,0
1971246,6029,0,0,100,0
1971247,6227,0,0,100,0
1971248,6227,0,0,100,0
1971249,6227,0,0,100,0
1971250,6227,0,0,100,0
1971251,6227,0,0,100,0
1971252,6227,0,0,100,0
1971253,6227,0,0,100,0
1971254,6227,0,0,60,0
1971255,6227,0,0,100,0
1971256,6227,0,0,60,0
1971257,6227,0,0,100,0
1971258,6227,0,0,100,0
1971259,6227,0,0,100,0
1971260,6027,0,0,100,0
1971261,6227,0,0,100,0
1971262,6227,0,0,100,0
1971263,6227,0,0,30,0
1971264,6227,0,0,60,0
1971265,6227,0,0,100,0
1971266,6227,0,0,100,0
1971267,6227,0,0,100,0
1971268,6227,0,0,100,0
1971269,6227,0,0,100,0
1971270,6227,0,0,60,0
1971271,6227,0,0,100,0
1971272,6227,0,0,60,0
1971273,6227,0,0,100,0
1971274,6227,0,0,100,0
1971275,6227,0,0,100,0
1971276,6227,0,0,100,0
1971277,6227,0,0,100,0
1971278,6227,0,0,90,0
1971279,6227,0,0,100,0
1971280,6227,0,0,30,0
1971281,6227,0,0,100,0
1971282,6227,0,0,100,0
1971283,6227,0,0,100,0
1971284,6227,0,0,100,0
1971285,6027,0,0,100,0
1971286,6224,1,1,30,0
1971287,6227,0,0,30,0
1971288,6227,0,0,60,0
1971289,6027,0,0,60,0
1971290,6027,0,0,100,0
1971291,5221,0,0,10,1
1971292,5221,0,0,30,0
1971293,5015,0,0,10,1
1971294,5221,0,0,60,0
1971295,5221,0,0,50,0
1971296,5221,0,0,50,0
1971297,5221,0,0,10,1
1971298,5221,0,0,20,0
1971299,5008,0,0,50,0
1971300,5225,0,0,60,0
1971301,5225,0,0,60,0
1971302,5029,0,0,60,0
1971303,5029,0,0,60,0
1971304,5225,0,0,100,0
1971305,5225,0,0,60,0
1971306,5225,0,0,60,0
1971307,5225,0,0,70,0
1971308,5225,0,0,70,0
1971309,5225,0,0,70,0
1971310,5226,0,0,70,0
1971311,5225,0,0,70,0
1971312,5225,0,0,100,0
1971313,5225,0,0,60,0
1971314,5225,0,0,60,0
1971315,5225,0,0,60,0
1971316,5225,0,0,70,0
1971317,5225,0,0,60,0
1971318,5225,0,0,60,0
1971319,5225,0,0,60,0
1971320,5225,0,0,60,0
1971321,5225,0,0,60,0
1971322,5225,0,0,60,0
1971323,5225,0,0,60,0
1971324,5225,0,0,60,0
1971325,5225,0,0,60,0
1971326,5225,0,0,60,0
1971327,5225,0,0,60,0
1971328,5225,0,0,60,0
1971329,5222,0,0,60,0
1971330,5225,0,0,60,0
1971331,5225,0,0,60,0
1971332,5225,0,0,60,0
1971333,5225,0,0,60,0
1971334,5225,0,0,60,0
1971335,5225,0,0,60,0
1971336,5225,0,0,60,0
1971337,5225,0,0,60,0
1971338,5225,0,0,60,0
1971339,5225,0,0,60,0
1971340,5225,0,0,100,0
1971341,5225,0,0,60,0
1971342,5225,0,0,60,0
1971343,5225,0,0,60,0
1971344,5225,0,0,100,0
1971345,5225,0,0,60,0
1971346,5225,0,0,60,0
1971347,5225,0,0,60,0
1971348,5225,0,0,60,0
1971349,5225,0,0,60,0
1971350,5222,0,0,80,0
1971351,5225,0,0,60,0
1971352,5225,0,0,70,0
1971353,5225,0,0,60,0
1971354,5225,0,0,100,0
1971355,5225,0,0,30,0
1971356,5225,0,0,60,0
1971357,5225,0,0,60,0
1971358,5027,0,0,100,0
1971359,5225,0,0,100,0
1971360,5225,0,0,70,0
1971361,5225,0,0,60,0
1971362,5027,0,0,100,0
1971363,5015,0,0,30,0
1971364,5225,0,0,60,0
1971365,5225,0,0,100,0
1971366,5027,0,0,70,0
1971367,5225,0,0,30,0
1971368,5225,0,0,90,0
1971369,5225,0,0,60,0
1971370,5008,0,0,60,0
1971371,5225,0,0,60,0
1971372,5225,0,0,60,0
1971373,5225,0,0,60,0
1971374,5225,0,0,50,0
1971375,5225,0,0,60,0
1971376,5225,0,0,60,0
1971377,5226,0,0,100,0
1971378,5227,0,0,60,0
1971379,5226,0,0,70,0
1971380,5226,0,0,70,0
1971381,5226,0,0,60,0
1971382,5226,0,0,70,0
1971383,5226,0,0,70,0
1971384,5226,0,0,100,0
1971385,5226,0,0,70,0
1971386,5226,0,0,70,0
1971387,5226,0,0,70,0
1971388,5226,0,0,70,0
1971389,5226,0,0,70,0
1971390,5226,0,0,70,0
1971391,5029,0,0,70,0
1971392,5226,0,0,60,0
1971393,5226,0,0,70,0
1971394,5029,0,0,70,0
1971395,5226,0,0,70,0
1971396,5226,0,0,70,0
1971397,5226,0,0,70,0
1971398,5226,0,0,70,0
1971399,5226,0,0,70,0
1971400,5226,0,0,70,0
1971401,5226,0,0,70,0
1971402,5226,0,0,70,0
1971403,5226,0,0,70,0
1971404,5226,0,0,70,0
1971405,5226,0,0,70,0
1971406,5226,0,0,70,0
1971407,5226,0,0,70,0
1971408,5226,0,0,70,0
1971409,5226,0,0,70,0
1971410,5226,0,0,70,0
1971411,5226,0,0,70,0
1971412,5226,0,0,70,0
1971413,5226,0,0,60,0
1971414,5226,0,0,70,0
1971415,5226,0,0,70,0
1971416,5226,0,0,70,0
1971417,5226,0,0,70,0
1971418,5226,0,0,60,0
1971419,5226,0,0,70,0
1971420,5226,0,0,70,0
1971421,5226,0,0,70,0
1971422,5226,0,0,70,0
1971423,5226,0,0,70,0
1971424,5226,0,0,70,0
1971425,5226,0,0,70,0
1971426,5226,0,0,100,0
1971427,5226,0,0,70,0
1971428,5226,0,0,70,0
1971429,5226,0,0,70,0
1971430,5226,0,0,70,0
1971431,5226,0,0,70,0
1971432,5226,0,0,70,0
1971433,5226,0,0,70,0
1971434,5226,0,0,70,0
1971435,5226,0,0,70,0
1971436,5226,0,0,70,0
1971437,5226,0,0,70,0
1971438,5226,0,0,70,0
1971439,5226,0,0,70,0
1971440,5226,0,0,70,0
1971441,5226,0,0,70,0
1971442,5227,0,0,100,0
1971443,5227,0,0,70,0
1971444,5226,0,0,70,0
1971445,5226,0,0,70,0
1971446,5226,0,0,70,0
1971447,5226,0,0,70,0
1971448,5226,0,0,70,0
1971449,5226,0,0,70,0
1971450,5226,0,0,60,0
1971451,5226,0,0,70,0
1971452,5226,0,0,60,0
1971453,5226,0,0,70,0
1971454,5226,0,0,70,0
1971455,5226,0,0,70,0
1971456,5226,0,0,70,0
1971457,5226,0,0,70,0
1971458,5226,0,0,70,0
1971459,5226,0,0,70,0
1971460,5226,0,0,70,0
1971461,5226,0,0,70,0
1971462,5226,0,0,70,0
1971463,5226,0,0,70,0
1971464,5226,0,0,70,0
1971465,5226,0,0,60,0
1971466,5226,0,0,70,0
1971467,5227,0,0,60,0
1971468,5227,0,0,60,0
1971469,5227,0,0,80,0
1971470,5227,0,0,100,0
1971471,5227,0,0,60,0
1971472,5227,0,0,60,0
1971473,5227,0,0,60,0
1971474,5227,0,0,100,0
1971475,5029,0,0,100,0
1971476,5227,0,0,60,0
1971477,5227,0,0,60,0
1971478,5227,0,0,70,0
1971479,5227,0,0,70,0
1971480,5227,0,0,60,0
1971481,5227,0,0,60,0
1971482,5227,0,0,60,0
1971483,5227,0,0,60,0
1971484,5227,0,0,60,0
1971485,5227,0,0,100,0
1971486,5227,0,0,60,0
1971487,5227,0,0,70,0
1971488,5227,0,0,60,0
1971489,5227,0,0,80,0
1971490,5227,0,0,80,0
1971491,5227,0,0,100,0
1971492,5227,0,0,60,0
1971493,5227,0,0,60,0
1971494,5227,0,0,80,0
1971495,5227,0,0,60,0
1971496,5029,0,0,60,0
1971497,5227,0,0,100,0
1971498,5227,0,0,70,0
1971499,5227,0,0,60,0
1971500,5227,0,0,60,0
1971501,5227,0,0,100,0
1971502,5227,0,0,60,0
1971503,5226,0,0,70,0
1971504,5227,0,0,60,0
1971505,5227,0,0,80,0
1971506,5227,0,0,80,0
1971507,5226,0,0,100,0
1971508,5227,0,0,100,0
1971509,5227,0,0,60,0
1971510,5227,0,0,60,0
1971511,5227,0,0,100,0
1971512,5227,0,0,60,0
1971513,5227,0,0,80,0
1971514,5227,0,0,60,0
1971515,5227,0,0,60,0
1971516,5227,0,0,60,0
1971517,5227,0,0,60,0
1971518,5227,0,0,60,0
1971519,5227,0,0,60,0
1971520,5227,0,0,60,0
1971522,5227,0,0,80,0
1971523,5227,0,0,60,0
1971524,5225,0,0,60,0
1971525,5227,0,0,60,0
1971526,5227,0,0,100,0
1971527,5227,0,0,60,0
1971528,5227,0,0,60,0
1971529,5029,0,0,90,0
1971530,5029,0,0,60,0
1971531,5227,0,0,60,0
1971532,5227,0,0,80,0
1971533,5210,0,0,30,0
1971534,5227,0,0,80,0
1971535,5227,0,0,80,0
1971536,5227,0,0,80,0
1971537,5227,0,0,60,0
1971538,5227,0,0,60,0
1971539,5227,0,0,80,0
1971540,5227,0,0,60,0
1971541,5227,0,0,80,0
1971542,5227,0,0,80,0
1971543,5210,0,0,60,0
1971544,5029,0,0,100,0
1971545,5225,0,0,60,0
1971546,5227,0,0,60,0
1971547,5227,0,0,60,0
1971548,5225,0,0,70,0
1971549,5015,0,0,30,0
1971550,5015,0,0,30,0
1971551,5227,0,0,30,0
1971552,5015,0,0,30,0
1971553,5227,0,0,30,0
1971554,5227,0,0,70,0
1971555,5227,0,0,60,0
1971557,7225,0,0,60,0
1971558,5227,0,0,60,0
1971559,5027,0,0,70,0
1971560,5227,0,0,60,0
1971561,5227,0,0,70,0
1971562,5227,0,0,70,0
1971563,5227,0,0,60,0
1971564,5227,0,0,60,0
1971565,5227,0,0,60,0
1971566,2221,0,0,50,0
1971567,2221,0,0,10,1
1971568,2221,1,0,10,1
1971569,2221,0,0,60,0
1971570,2221,0,0,50,0
1971571,2221,0,0,10,1
1971572,2221,0,0,50,0
1971573,2221,0,0,10,1
1971574,2200,0,0,50,0
1971575,2221,0,0,30,0
1971576,2114,0,0,30,0
1971577,2221,0,0,50,0
1971578,2221,0,0,50,0
1971579,2221,0,0,50,0
1971580,2221,0,0,60,0
1971581,2221,0,0,50,0
1971582,2221,0,0,50,0
1971583,2221,0,0,50,0
1971584,2221,0,0,30,0
1971585,2221,0,0,30,0
1971586,2221,0,0,50,0
1971587,2114,0,0,50,0
1971588,2221,0,0,50,0
1971589,2221,0,0,50,0
1971590,2221,0,0,50,0
1971591,2221,0,0,50,0
1971592,2221,0,0,50,0
1971593,2221,0,0,10,1
1971594,2106,0,0,50,0
1971595,2221,0,0,50,0
1971596,2221,0,0,50,0
1971597,2221,0,0,50,0
1971598,2221,0,0,60,0
1971599,2221,0,0,50,0
1971600,2225,0,0,60,0
1971601,2225,0,0,100,0
1971602,2225,0,0,80,0
1971603,2225,0,0,60,0
1971604,2027,0,0,60,0
1971605,2225,0,0,60,0
1971606,2225,0,0,70,0
1971607,2225,0,0,100,0
1971608,2225,0,0,100,0
1971609,2225,0,0,60,0
1971610,2225,0,0,30,0
1971611,2225,0,0,100,0
1971612,2225,0,0,60,0
1971613,2225,0,0,100,0
1971614,2225,0,0,70,0
1971615,2225,0,0,60,0
1971616,2225,0,0,60,0
1971617,2225,0,0,70,0
1971618,2225,0,0,80,0
1971619,2225,0,0,60,0
1971620,2225,0,0,70,0
1971621,2225,0,0,100,0
1971622,2225,0,0,60,0
1971623,2225,0,0,60,0
1971624,2225,0,0,100,0
1971625,2225,0,0,60,0
1971626,2225,0,0,100,0
1971627,2225,0,0,60,0
1971628,2225,0,0,60,0
1971629,2225,0,0,60,0
1971630,2225,0,0,60,0
1971631,2225,0,0,60,0
1971632,2225,0,0,60,0
1971633,2225,0,0,60,0
1971634,2225,0,0,60,0
1971635,2225,0,0,30,0
1971636,2225,0,0,60,0
1971637,2225,0,0,60,0
1971638,2225,0,0,60,0
1971639,2225,0,0,50,0
1971640,2225,0,0,60,0
1971641,2225,0,0,60,0
1971642,2225,0,0,60,0
1971643,2225,0,0,60,0
1971644,2225,0,0,60,0
1971645,2221,0,0,50,0
1971646,2225,0,0,60,0
1971647,2225,0,0,60,0
1971648,2225,0,0,60,0
1971649,2225,0,0,60,0
1971650,2225,0,0,60,0
1971651,2225,0,0,60,0
1971652,2225,0,0,60,0
1971653,2225,0,0,60,0
1971654,2225,0,0,60,0
1971655,7225,0,0,60,0
1971656,7225,0,0,30,0
1971657,7225,0,0,60,0
1971658,7225,0,0,30,0
1971659,7225,0,0,60,0
1971660,7225,0,0,60,0
1971661,7225,0,0,60,0
1971662,7225,0,0,60,0
1971663,7225,0,0,60,0
1971664,7225,0,0,60,0
1971665,7225,0,0,60,0
1971666,7225,0,0,60,0
1971667,7225,0,0,60,0
1971668,7225,0,0,60,0
1971669,7004,0,0,60,0
1971670,8221,0,0,50,0
1971671,8221,0,0,50,0
1971672,7225,0,0,60,0
1971673,7225,0,0,60,0
1971674,7225,0,0,60,0
1971675,7004,0,0,60,0
1971676,7004,0,0,60,0
1971677,7225,0,0,30,0
1971678,7225,0,0,60,0
1971679,7225,0,0,60,0
1971680,7225,0,0,60,0
1971681,7225,0,0,60,0
1971682,7225,0,0,30,0
1971683,7004,0,0,60,0
1971684,7225,0,0,60,0
1971685,7225,0,0,60,0
1971686,7225,0,0,60,0
1971687,7225,0,0,60,0
1971688,7004,0,0,30,0
1971689,7225,0,0,60,0
1971690,7225,0,0,60,0
1971691,7225,0,0,60,0
1971692,7225,0,0,60,0
1971693,7225,0,0,60,0
1971694,7225,0,0,60,0
1971695,7225,0,0,30,0
1971696,7225,0,0,60,0
1971697,7225,0,0,60,0
1971698,7225,0,0,60,0
1971699,7004,0,0,60,0
1971700,7225,0,0,60,0
1971701,7225,0,0,60,0
1971702,7225,0,0,60,0
1971703,7225,0,0,60,0
1971704,7225,0,0,60,0
1971705,7225,0,0,30,0
1971706,7225,0,0,60,0
1971707,7225,0,0,60,0
1971708,7225,0,0,60,0
1971709,7225,0,0,60,0
1971710,7225,0,0,60,0
1971711,7225,0,0,60,0
1971712,7225,0,0,60,0
1971713,7225,0,0,60,0
1971714,7225,0,0,60,0
1971715,7225,0,0,60,0
1971716,7225,0,0,60,0
1971717,7225,0,0,60,0
1971718,7225,0,0,60,0
1971719,7225,0,0,60,0
1971720,7225,0,0,60,0
1971721,7225,0,0,60,0
1971722,7225,0,0,60,0
1971723,7225,0,0,60,0
1971724,7004,0,0,60,0
1971725,7225,0,0,60,0
1971726,7006,0,0,60,0
1971727,7225,0,0,60,0
1971728,7225,0,0,60,0
1971729,7225,0,0,60,0
1971730,7225,0,0,60,0
1971731,7225,0,0,60,0
1971732,7225,0,0,60,0
1971733,7225,0,0,60,0
1971734,7225,0,0,60,0
1971735,7015,0,0,70,0
1971736,7225,0,0,60,0
1971737,7225,0,0,60,0
1971738,7225,0,0,60,0
1971739,8221,0,0,10,1
1971740,8221,0,0,50,0
1971741,8221,0,0,50,0
1971742,8221,0,0,50,0
1971743,8221,0,0,50,0
1971744,8221,0,0,50,0
1971745,8221,0,0,20,0
1971746,8221,0,0,20,0
1971747,8221,0,0,50,0
1971748,8221,0,0,50,0
1971749,8221,0,0,50,0
1971750,8221,0,0,10,1
1971751,8221,0,0,30,0
1971752,8221,0,0,50,0
1971753,8221,0,0,50,0
1971754,8221,0,0,50,0
1971755,8221,0,0,30,0
1971756,8221,0,0,50,0
1971757,8221,0,0,50,0
1971758,8221,0,0,30,0
1971759,8221,0,0,50,0
1971760,8221,0,0,30,0
1971761,8221,0,0,50,0
1971762,8221,0,0,50,0
1971763,8221,0,0,10,1
1971764,8221,0,0,60,0
1971765,8221,0,0,50,0
1971766,8102,0,0,50,0
1971767,8221,0,0,50,0
1971768,8221,0,0,50,0
1971769,8221,0,0,10,1
1971770,8221,0,0,50,0
1971771,8221,0,0,50,0
1971772,8221,0,0,50,0
1971773,8221,0,0,50,0
1971774,8221,0,0,30,0
1971775,8221,0,0,50,0
1971776,8221,0,0,50,0
1971777,8221,0,0,50,0
1971778,8221,0,0,50,0
1971779,8221,0,0,50,0
1971780,8221,0,0,50,0
1971781,8106,0,1,30,0
1971782,8221,0,0,50,0
1971783,8221,0,0,50,0
1971784,4222,0,0,80,0
1971785,8221,0,0,50,0
1971786,8221,0,0,50,0
1971787,8221,0,0,50,0
1971788,8221,0,0,50,0
1971789,8200,0,0,10,1
1971790,8221,0,0,50,0
1971791,8221,0,0,30,0
1971792,8226,0,0,70,0
1971793,8226,0,0,60,0
1971794,8226,0,0,60,0
1971795,8226,0,0,60,0
1971796,8226,0,0,60,0
1971797,8226,0,0,70,0
1971798,8226,0,0,60,0
1971799,8226,0,0,70,0
1971800,8226,0,0,70,0
1971801,8226,0,0,60,0
1971802,8226,0,0,60,0
1971803,8226,0,0,60,0
1971804,8226,0,0,60,0
1971805,8008,0,0,60,0
1971806,8226,0,0,70,0
1971807,8226,0,0,70,0
1971808,8226,0,0,70,0
1971809,8226,0,0,60,0
1971810,8226,0,0,70,0
1971811,8226,0,0,70,0
1971812,8226,0,0,70,0
1971813,8226,0,0,70,0
1971814,8226,0,0,70,0
1971815,8226,0,0,70,0
1971816,8226,0,0,70,0
1971817,8226,0,0,70,0
1971818,8226,0,0,70,0
1971819,8226,0,0,70,0
1971820,8226,0,0,70,0
1971821,8226,0,0,80,0
1971822,8226,0,0,70,0
1971823,8226,0,0,70,0
1971824,8226,0,0,70,0
1971825,8226,0,0,70,0
1971826,8226,0,0,70,0
1971827,8226,0,0,70,0
1971828,8226,0,0,70,0
1971829,8226,0,0,70,0
1971830,8226,0,0,70,0
1971831,8226,0,0,70,0
1971832,8226,0,0,70,0
1971833,8226,0,0,70,0
1971834,8226,0,0,70,0
1971835,8226,0,0,70,0
1971836,8226,0,0,70,0
1971837,8226,0,0,70,0
1971838,8226,0,0,70,0
1971839,8226,0,0,60,0
1971840,8226,0,0,70,0
1971841,8226,0,0,70,0
1971842,8226,0,0,70,0
1971843,8226,0,0,70,0
1971844,8226,0,0,70,0
1971845,8226,0,0,70,0
1971846,8226,0,0,70,0
1971847,8226,0,0,70,0
1971848,8226,0,0,70,0
1971849,8226,0,0,70,0
1971850,8226,0,0,70,0
1971851,8226,0,0,70,0
1971852,8226,0,0,70,0
1971853,8226,0,0,70,0
1971854,8226,0,0,70,0
1971855,8226,0,0,70,0
1971856,8226,0,0,70,0
1971857,8226,0,0,70,0
1971858,8226,0,0,70,0
1971859,8226,0,0,70,0
1971860,8226,0,0,70,0
1971861,8226,0,0,70,0
1971862,8226,0,0,70,0
1971863,8226,0,0,70,0
1971864,8226,0,0,70,0
1971865,8226,0,0,70,0
1971866,8226,0,0,70,0
1971867,8226,0,0,70,0
1971868,8226,0,0,70,0
1971869,8226,0,0,70,0
1971870,8226,0,0,70,0
1971871,8226,0,0,70,0
1971872,8226,0,0,30,0
1971873,8226,0,0,70,0
1971874,8226,0,0,70,0
1971875,8226,0,0,70,0
1971876,8226,0,0,70,0
1971877,8226,0,0,70,0
1971878,8226,0,0,70,0
1971879,8226,0,0,60,0
1971880,8226,0,0,70,0
1971881,8226,0,0,70,0
1971882,4222,0,0,80,0
1971883,4222,0,0,80,0
1971884,4222,0,0,80,0
1971885,4222,0,0,80,0
1971886,4222,0,0,80,0
1971887,4222,0,0,80,0
1971888,4222,0,0,80,0
1971889,4222,0,0,80,0
1971890,4222,0,0,80,0
1971891,4222,0,0,80,0
1971892,4222,0,0,80,0
1971893,4106,0,0,80,0
1971894,4222,0,0,80,0
1971895,4222,0,0,80,0
1971896,4222,0,0,80,0
1971897,4222,0,0,80,0
1971898,4222,0,0,80,0
1971899,4221,0,0,90,0
1971900,4222,0,0,80,0
1971901,4222,0,0,80,0
1971902,4222,0,0,80,0
1971903,4222,0,0,80,0
1971904,4222,0,0,80,0
1971905,4222,0,0,80,0
1971906,4222,0,0,80,0
1971907,4222,0,0,80,0
1971908,4222,0,0,80,0
1971909,4222,0,0,80,0
1971910,4222,0,0,80,0
1971911,4222,0,0,80,0
1971912,4222,0,0,80,0
1971913,4222,0,0,80,0
1971914,4222,0,0,80,0
1971915,4222,0,0,80,0
1971916,4222,0,0,80,0
1971917,4222,0,0,80,0
1971918,4222,0,0,80,0
1971919,4222,0,0,80,0
1971920,4222,0,0,80,0
1971921,4210,0,0,80,0
1971922,4222,0,0,80,0
1971923,4222,0,0,60,0
1971924,4222,0,0,80,0
1971925,4222,0,0,80,0
1971926,4222,0,0,80,0
1971927,4222,0,0,80,0
1971928,4210,0,0,80,0
1971929,4222,0,0,80,0
1971930,4222,0,0,80,0
1971931,4210,0,0,80,0
1971932,4222,0,0,80,0
1971933,4222,0,0,80,0
1971934,4222,0,0,80,0
1971935,4222,0,0,80,0
1971936,4222,0,0,80,0
1971937,4223,0,0,30,0
1971938,4223,0,0,90,0
1971939,4025,0,0,30,0
1971940,4027,0,1,30,0
1971941,4025,0,0,90,0
1971942,4223,0,0,90,0
1971943,4223,0,0,40,0
1971944,4223,0,0,40,0
1971945,4223,0,0,40,0
1971946,4223,1,1,10,1
1971947,4223,0,0,40,0
1971948,4223,0,0,40,0
1971949,4223,0,0,40,0
1971950,4223,0,0,40,0
1971951,4223,0,0,40,0
1971952,4125,0,0,40,0
1971953,4125,0,0,40,0
1971954,4125,1,0,10,1
1971955,4223,0,0,90,0
1971956,4223,0,0,90,0
1971957,4223,0,0,90,0
1971958,4223,0,0,80,0
1971959,4223,1,1,10,1
1971960,4223,0,0,60,0
1971961,4223,0,0,40,0
1971962,4223,0,0,40,0
1971963,4222,0,0,40,0
1971964,4223,0,0,80,0
1971965,4223,0,0,80,0
1971966,4223,0,0,90,0
1971967,4223,0,0,90,0
1971968,4114,0,0,60,0
1971969,4006,0,0,80,0
1971970,4114,0,0,40,0
1971971,4114,0,0,80,0
1971972,4223,0,0,80,0
1971973,4223,0,0,80,0
1971974,4223,0,0,90,0
1971975,4223,0,0,90,0
1971976,4223,0,0,90,0
1971977,4223,1,0,80,0
1971978,4224,0,0,80,0
1971979,4223,0,0,40,0
1971980,4114,0,0,40,0
1971981,4223,0,0,80,0
1971982,4103,0,0,80,0
1971983,4223,0,0,60,0
1971984,4014,0,0,80,0
1971985,4103,0,0,80,0
1971986,4103,0,0,90,0
1971987,4106,0,0,20,0
1971988,4223,0,0,80,0
1971989,4222,0,0,40,0
1971990,4223,0,0,40,0
1971991,4223,1,0,95,1
1971992,4223,0,0,80,0
1971993,4223,0,0,90,0
1971994,4223,0,0,90,0
1971995,4223,0,0,40,0
1971997,4223,0,0,95,1
1971998,4200,0,0,80,0
1971999,4223,0,0,80,0
1972000,4101,0,0,10,1
1972001,4222,0,0,80,0
1972002,4223,0,0,80,0
1972003,4223,0,0,90,0
1972004,4223,0,0,90,0
1972005,4223,0,0,80,0
1972006,4223,0,0,95,1
1972007,4223,0,0,40,0
1972008,4223,0,0,40,0
1972009,4223,0,0,90,0
1972010,4223,0,0,30,0
1972011,4223,0,0,80,0
1972012,4223,0,0,90,0
1972013,4223,0,0,60,0
1972014,4210,0,0,80,0
1972015,4223,0,0,40,0
1972016,4223,0,0,30,0
1972017,4223,0,0,80,0
1972018,4223,1,1,10,1
1972019,4223,0,0,90,0
1972020,4223,0,0,90,0
1972021,4223,0,0,90,0
1972022,4223,0,0,30,0
1972023,4223,0,0,40,0
1972024,4223,0,0,20,0
1972025,4223,0,0,30,0
1972026,4223,0,0,10,1
1972027,4223,0,0,80,0
1972028,4223,0,1,95,1
1972029,4223,1,0,95,1
1972030,6222,0,0,80,0
1972031,6222,0,0,80,0
1972032,6222,0,0,80,0
1972033,6027,0,0,80,0
1972034,6222,0,0,80,0
1972035,6222,0,0,80,0
1972036,6222,0,0,80,0
1972037,6222,0,0,80,0
1972038,6222,0,0,80,0
1972039,6222,0,0,80,0
1972040,6222,0,0,80,0
1972041,6222,0,0,80,0
1972042,6222,0,0,80,0
1972043,6222,0,0,80,0
1972044,6029,0,0,90,0
1972045,6223,0,0,30,0
1972046,6223,0,0,90,0
1972047,6223,0,0,90,0
1972048,6027,0,0,90,0
1972049,6027,0,0,90,0
1972050,6223,0,0,90,0
1972051,6027,0,0,30,0
1972052,6223,0,0,90,0
1972053,6223,0,0,30,0
1972054,6223,0,0,30,0
1972055,6223,0,0,30,0
1972056,5222,0,0,80,0
1972057,5222,0,0,80,0
1972058,5222,0,0,80,0
1972059,5222,0,0,80,0
1972060,5222,0,0,80,0
1972061,5222,0,0,80,0
1972062,5222,0,0,80,0
1972063,5222,0,0,80,0
1972064,5222,0,0,80,0
1972065,5222,0,0,80,0
1972066,5222,0,0,80,0
1972067,5222,0,0,80,0
1972068,5222,0,0,80,0
1972069,5222,0,0,80,0
1972070,5222,0,0,80,0
1972071,5222,0,0,80,0
1972072,5222,0,0,80,0
1972073,5222,0,0,80,0
1972074,5222,0,0,80,0
1972075,5222,0,0,80,0
1972076,5222,0,0,80,0
1972077,5222,0,0,80,0
1972078,5222,0,0,80,0
1972079,5222,0,0,80,0
1972080,5222,0,0,80,0
1972081,5222,0,0,80,0
1972082,5222,0,0,80,0
1972083,5222,0,0,80,0
1972084,5222,0,0,80,0
1972085,5222,0,0,80,0
1972086,5222,0,0,80,0
1972087,5222,0,0,80,0
1972088,5222,0,0,80,0
1972089,5222,0,0,80,0
1972090,5222,0,0,80,0
1972091,5222,0,0,80,0
1972092,5222,0,0,80,0
1972093,5222,0,0,80,0
1972094,5222,0,0,80,0
1972095,5222,0,0,80,0
1972096,5222,0,0,80,0
1972097,5222,0,0,80,0
1972098,5222,0,0,80,0
1972099,5222,0,0,80,0
1972100,5125,0,0,80,0
1972101,5222,0,0,80,0
1972102,5222,0,0,80,0
1972103,5222,0,0,80,0
1972104,5222,0,0,80,0
1972105,5223,0,0,90,0
1972106,5223,0,0,90,0
1972107,5223,0,0,90,0
1972108,5223,0,0,80,0
1972109,5223,0,0,30,0
1972110,5027,0,0,30,0
1972111,5223,0,0,90,0
1972112,5223,0,0,30,0
1972113,5027,0,0,90,0
1972114,5027,0,0,30,0
1972115,5027,0,0,90,0
1972116,5223,0,1,30,0
1972117,5223,0,0,30,0
1972118,5223,0,0,100,0
1972119,5029,0,0,100,0
1972120,5223,0,0,90,0
1972121,5223,0,0,90,0
1972122,5223,0,0,30,0
1972123,5222,0,0,80,0
1972124,5223,0,0,90,0
1972125,5223,0,0,80,0
1972126,5223,0,0,90,0
1972127,5223,0,0,90,0
1972128,5223,1,0,10,1
1972129,5125,0,0,30,0
1972130,5223,0,0,90,0
1972131,5223,0,0,90,0
1972132,5223,0,0,80,0
1972133,5223,1,1,10,1
1972134,5222,0,0,80,0
1972135,5223,1,1,10,1
1972136,5223,0,0,30,0
1972137,5223,0,0,90,0
1972138,5223,0,0,40,0
1972139,5223,0,0,90,0
1972140,5125,1,1,10,1
1972141,5223,0,0,90,0
1972142,5223,0,0,30,0
1972143,5223,0,0,90,0
1972144,5223,0,0,40,0
1972145,5223,0,0,60,0
1972146,5223,0,1,10,1
1972147,5223,0,0,90,0
1972148,5223,0,0,90,0
1972149,5223,0,0,90,0
1972150,5223,0,1,30,0
1972151,5125,1,1,10,1
1972152,5125,1,1,10,1
1972153,5223,0,0,90,0
1972154,5223,0,0,30,0
1972155,5223,0,0,90,0
1972156,5223,0,0,90,0
1972157,5223,0,0,90,0
1972158,5223,0,0,40,0
1972159,5223,0,0,10,1
1972160,5223,0,0,80,0
1972161,5223,0,0,90,0
1972162,5223,0,0,90,0
1972163,5223,0,0,90,0
1972164,5223,0,0,80,0
1972165,5223,0,0,90,0
1972166,5223,0,0,30,0
1972167,5223,0,0,90,0
1972168,5223,0,0,80,0
1972169,5223,0,0,40,0
1972170,5222,0,0,80,0
1972171,5200,1,1,10,1
1972172,5222,0,0,90,0
1972173,5223,0,0,30,0
1972174,5223,0,0,80,0
1972175,5223,0,0,90,0
1972176,5223,0,0,90,0
1972177,5223,0,0,90,0
1972178,5223,0,0,90,0
1972179,5223,0,0,90,0
1972180,5223,0,0,80,0
1972181,5223,0,0,90,0
1972182,5223,0,0,90,0
1972183,5223,0,0,90,0
1972184,5223,0,0,90,0
1972185,5223,0,0,90,0
1972186,5223,1,1,10,1
1972187,5223,0,1,80,0
1972188,5223,0,0,80,0
1972189,5223,0,0,90,0
1972190,5223,0,0,90,0
1972191,2222,0,0,80,0
1972192,2222,0,0,80,0
1972193,2222,0,0,80,0
1972194,2222,0,0,80,0
1972195,2222,0,0,80,0
1972196,2222,0,0,80,0
1972197,2222,0,0,80,0
1972198,2222,0,0,80,0
1972199,2222,0,0,80,0
1972200,2222,0,0,80,0
1972201,2222,0,0,80,0
1972202,2223,0,0,90,0
1972203,2210,0,0,90,0
1972204,2223,0,0,90,0
1972205,2223,0,0,90,0
1972206,2223,0,0,30,0
1972207,2223,0,0,90,0
1972208,2223,0,0,30,0
1972209,2223,0,0,90,0
1972210,2223,0,0,30,0
1972211,2223,0,0,90,0
1972212,2223,0,0,90,0
1972213,2223,0,0,90,0
1972214,2223,0,0,90,0
1972215,2223,0,0,30,0
1972216,2223,0,0,30,0
1972217,2223,0,0,30,0
1972218,2223,0,0,90,0
1972219,2223,0,0,10,1
1972220,2027,0,0,90,0
1972221,2223,0,0,90,0
1972222,2223,0,0,90,0
1972223,2223,0,0,90,0
1972224,2223,0,0,90,0
1972225,2223,0,0,90,0
1972226,2223,0,0,20,0
1972227,2223,0,0,20,0
1972228,2223,0,0,90,0
1972229,2223,0,0,90,0
1972230,2223,0,0,90,0
1972231,2223,0,0,90,0
1972232,2223,0,0,90,0
1972233,2223,0,0,90,0
1972234,2223,0,0,90,0
1972235,2027,0,0,80,0
1972236,2025,0,0,90,0
1972237,2223,0,0,30,0
1972239,2223,0,0,90,0
1972240,2223,0,0,90,0
1972241,2223,0,0,90,0
1972242,2223,0,0,90,0
1972243,2223,0,0,90,0
1972244,2223,0,0,90,0
1972245,2223,0,0,90,0
1972247,2223,0,1,95,1
1972248,2223,1,1,30,0
1972249,2223,0,0,30,0
1972250,2223,0,0,90,0
1972251,2223,0,0,90,0
1972252,2223,1,1,10,1
1972253,2223,0,0,30,0
1972255,7225,0,0,80,0
1972258,7222,0,0,30,0
1972261,7222,0,0,30,0
1972262,7222,0,0,30,0
1972267,7225,0,0,60,0
1972268,7222,0,0,60,0
1972269,7222,0,0,60,0
1972271,7222,0,0,80,0
1972272,7222,0,0,80,0
1972273,7222,0,0,80,0
1972274,7222,0,0,60,0
1972275,7222,0,0,60,0
1972276,7222,0,0,60,0
1972277,7222,0,0,60,0
1972278,7222,0,0,60,0
1972279,7222,0,0,60,0
1972280,7222,0,0,60,0
1972281,7222,0,0,60,0
1972282,7222,0,0,80,0
1972283,7222,0,0,60,0
1972284,7222,0,0,60,0
1972285,7222,0,0,60,0
1972286,7222,0,0,60,0
1972287,7222,0,0,60,0
1972288,7222,0,0,60,0
1972289,7222,0,0,60,0
1972290,7222,0,0,60,0
1972291,7222,0,0,60,0
1972292,7222,0,0,60,0
1972293,7222,0,0,60,0
1972294,7222,0,0,60,0
1972295,7222,0,0,60,0
1972296,7222,0,0,60,0
1972297,7225,0,0,60,0
1972299,7225,0,0,60,0
1972300,7114,0,0,80,0
1972302,7222,0,0,80,0
1972303,7222,0,0,80,0
1972305,7222,0,0,80,0
1972306,7210,0,0,80,0
1972307,7222,0,0,80,0
1972308,7222,0,0,80,0
1972309,7222,0,0,60,0
1972310,7222,0,0,80,0
1972311,7222,0,0,80,0
1972312,7222,0,0,80,0
1972313,7222,0,0,80,0
1972314,7222,0,0,80,0
1972315,7222,0,0,80,0
1972316,7222,0,0,80,0
1972317,7222,0,0,80,0
1972318,7222,0,0,80,0
1972319,7222,0,0,80,0
1972320,7222,0,0,80,0
1972322,7223,0,0,30,0
1972323,7223,0,0,30,0
1972324,7223,0,0,30,0
1972325,7223,0,0,30,0
1972326,7223,0,0,30,0
1972327,7223,0,0,30,0
1972328,7223,0,0,30,0
1972329,7223,0,0,30,0
1972330,7223,0,0,30,0
1972331,7223,0,0,30,0
1972332,7223,0,0,30,0
1972333,7223,0,0,30,0
1972334,7223,0,0,30,0
1972335,7223,0,0,30,0
1972336,7210,0,0,30,0
1972337,7223,0,0,30,0
1972338,7223,0,0,30,0
1972339,7223,0,0,30,0
1972340,7004,0,0,20,0
1972341,7223,0,1,10,1
1972342,7223,0,0,30,0
1972343,7223,0,0,30,0
1972344,7222,0,0,80,0
1972346,7223,0,1,10,1
1972347,7223,0,0,30,0
1972348,7223,1,0,20,0
1972349,7006,0,0,30,0
1972350,7014,1,0,60,0
1972351,7223,0,0,80,0
1972352,7223,0,0,90,0
1972353,7004,0,0,30,0
1972354,7223,0,0,30,0
1972355,7223,0,0,40,0
1972356,7014,0,0,90,0
1972357,7014,0,0,30,0
1972358,7223,0,0,30,0
1972359,7223,1,0,90,0
1972360,7014,0,0,80,0
1972361,7006,0,0,80,0
1972362,7006,0,0,60,0
1972363,7006,0,0,30,0
1972364,7223,0,0,30,0
1972365,7200,0,0,80,0
1972366,7223,0,0,30,0
1972367,7223,0,1,10,1
1972368,7210,0,0,90,0
1972369,7008,0,1,10,1
1972370,7223,0,0,90,0
1972371,7008,0,0,30,0
1972372,7223,1,0,40,0
1972373,7223,1,1,20,0
1972374,7223,1,1,20,0
1972375,7223,1,1,10,1
1972376,7008,1,1,10,1
1972377,7223,0,0,90,0
1972378,7006,0,0,30,0
1972379,7223,0,0,30,0
1972380,7223,0,0,80,0
1972381,7223,0,0,10,1
1972382,7223,0,0,90,0
1972383,7008,1,1,10,1
1972384,7008,1,1,10,1
1972385,7223,1,1,90,0
1972386,7223,1,1,10,1
1972387,7008,1,1,10,1
1972388,7223,1,1,10,1
1972389,7223,1,1,10,1
1972390,7223,1,1,10,1
1972391,7223,0,0,90,0
1972392,7223,0,0,90,0
1972393,7015,0,0,90,0
1972394,7223,1,1,10,1
1972395,7223,1,0,90,0
1972396,7223,1,0,90,0
1972397,7223,1,1,10,1
1972398,7223,0,1,30,0
1972399,7223,1,0,90,0
1972400,7223,0,0,90,0
1972401,7223,0,0,90,0
1972402,7223,1,0,10,1
1972403,7223,1,0,90,0
1972404,7223,0,0,90,0
1972405,7223,0,0,90,0
1972406,7210,1,1,10,1
1972407,7223,0,0,80,0
1972408,7015,0,0,60,0
1972409,7015,0,1,30,0
1972410,7223,1,1,30,0
1972411,7210,0,0,30,0
1972412,7223,0,0,30,0
1972413,7223,0,0,30,0
1972414,7223,0,1,60,0
1972415,7223,0,0,50,0
1972416,7223,0,0,80,0
1972417,7223,0,0,30,0
1972418,8222,0,0,80,0
1972419,8222,0,0,80,0
1972420,8223,0,0,80,0
1972421,8223,0,0,80,0
1972422,8222,0,0,80,0
1972423,8222,0,0,80,0
1972424,8222,0,0,80,0
1972425,8222,0,0,80,0
1972426,8222,0,0,80,0
1972427,8222,0,0,80,0
1972428,8222,0,0,80,0
1972429,8222,0,0,80,0
1972430,8222,0,0,80,0
1972431,8222,0,0,80,0
1972432,8222,0,0,80,0
1972433,8222,0,0,80,0
1972434,8222,0,0,80,0
1972435,8222,0,0,80,0
1972436,8222,0,0,80,0
1972437,8222,0,0,10,1
1972438,8222,0,0,80,0
1972439,8222,0,0,80,0
1972440,8222,0,0,80,0
1972441,8222,0,0,80,0
1972442,8222,0,0,80,0
1972443,8223,0,0,80,0
1972444,8222,0,0,80,0
1972445,8222,0,0,80,0
1972447,8222,0,0,80,0
1972448,8222,0,0,80,0
1972449,8222,0,0,80,0
1972450,8222,0,0,80,0
1972451,8222,0,0,80,0
1972452,8222,0,0,80,0
1972453,8222,0,0,80,0
1972454,8222,0,0,80,0
1972455,8222,0,0,80,0
1972457,8222,0,0,80,0
1972458,8222,0,0,80,0
1972459,8222,0,0,80,0
1972460,8222,0,0,80,0
1972461,8222,0,0,80,0
1972462,8222,0,0,60,0
1972463,8210,0,0,80,0
1972464,8222,0,0,80,0
1972465,8222,0,0,80,0
1972466,8222,0,0,80,0
1972467,8222,0,0,80,0
1972470,8222,0,0,80,0
1972472,8223,0,0,90,0
1972473,8223,0,0,90,0
1972474,8223,0,0,30,0
1972475,8223,0,0,30,0
1972476,8222,0,1,95,1
1972477,8223,0,0,30,0
1972478,8223,0,1,10,1
1972479,8223,0,0,90,0
1972480,8223,0,0,95,1
1972481,8223,0,0,90,0
1972482,8223,0,0,90,0
1972483,8223,0,0,90,0
1972484,8223,0,0,90,0
1972485,8223,0,1,95,1
1972486,8210,0,0,60,0
1972487,8223,0,0,30,0
1972488,8223,0,0,90,0
1972489,8223,0,0,90,0
1972490,8223,0,0,30,0
1972491,8223,0,0,30,0
1972492,8223,0,0,30,0
1972493,8223,0,0,90,0
1972494,8223,0,0,30,0
1972495,8223,0,0,60,0
1972496,8223,0,0,80,0
1972497,8002,0,0,90,0
1972498,8223,0,0,90,0
1972499,8223,0,0,10,1
1972500,8001,0,0,90,0
1972501,8223,0,0,90,0
1972502,8001,0,0,90,0
1972503,8222,0,0,80,0
1972504,8223,0,1,10,1
1972505,8223,0,0,90,0
1972506,8223,0,0,80,0
1972507,8001,0,0,80,0
1972508,8003,0,0,80,0
1972509,8223,0,0,30,0
1972510,8223,0,0,30,0
1972511,8223,0,0,90,0
1972512,8103,0,1,10,1
1972513,8223,0,0,90,0
1972514,8223,0,0,90,0
1972515,8223,0,0,30,0
1972516,8223,0,0,90,0
1972517,8223,0,0,90,0
1972518,8114,0,0,30,0
1972519,8223,1,1,10,1
1972520,8223,0,0,30,0
1972521,8223,0,1,10,1
1972522,8014,0,0,30,0
1972523,8223,0,0,90,0
1972524,8223,0,0,90,0
1972525,8223,0,0,90,0
1972526,8223,0,0,90,0
1972527,8223,0,0,90,0
1972528,8223,0,0,90,0
1972529,8223,0,0,90,0
1972530,8223,0,0,90,0
1972531,8223,0,0,80,0
1972532,8223,0,0,90,0
1972533,8223,0,0,90,0
1972534,8223,0,0,90,0
1972535,8223,0,0,90,0
1972536,8223,0,0,10,1
1972537,8223,0,0,40,0
1972538,8223,0,0,30,0
1972539,8223,1,1,90,0
1972540,8223,0,0,30,0
1972541,8223,0,0,90,0
1972542,8114,0,0,30,0
1972543,8223,0,0,40,0
1972544,8223,0,0,30,0
1972545,8223,0,0,30,0
1972546,8223,0,0,90,0
1972547,8223,0,0,90,0
1972548,8223,0,0,90,0
1972549,8223,0,0,40,0
1972550,8223,0,0,90,0
1972551,8223,0,0,90,0
1972552,8223,0,0,40,0
1972553,8223,0,0,30,0
1972554,8223,0,0,40,0
1972555,8223,0,0,30,0
1972556,8223,0,0,30,0
1972557,1103,0,0,30,0
1972558,1014,0,0,30,0
1972559,1200,0,0,60,0
1972560,1104,0,0,30,0
1972561,1104,0,0,60,0
1972562,1106,0,0,40,0
1972563,1104,0,0,40,0
1972564,1106,0,0,30,0
1972565,1103,0,0,30,0
1972566,1006,0,0,60,0
1972567,1008,0,0,40,0
1972568,1106,0,0,30,0
1972569,1104,0,0,90,0
1972570,1104,0,0,60,0
1972571,1104,0,0,30,0
1972572,1102,0,0,10,1
1972573,1008,1,0,10,1
1972574,1104,0,0,30,0
1972575,1104,0,0,60,0
1972576,1104,0,0,60,0
1972577,1106,0,0,30,0
1972578,1008,0,0,30,0
1972579,1104,0,0,40,0
1972580,1103,0,0,40,0
1972581,1106,0,0,30,0
1972582,1008,0,0,30,0
1972583,1221,0,0,60,0
1972584,1222,0,0,80,0
1972585,1222,0,0,80,0
1972586,1222,0,0,60,0
1972587,1222,0,0,80,0
1972588,1210,0,0,80,0
1972589,1222,0,0,80,0
1972590,1222,0,0,80,0
1972591,1210,0,0,60,0
1972592,1106,0,0,80,0
1972593,1222,0,0,90,0
1972594,1222,0,0,80,0
1972595,1210,0,0,30,0
1972596,1222,0,0,80,0
1972597,1222,0,0,30,0
1972598,1222,0,0,80,0
1972599,1222,0,0,80,0
1972600,1004,0,0,60,0
1972601,1222,0,0,90,0
1972602,1222,0,0,80,0
1972603,1104,0,0,80,0
1972604,1003,0,1,10,1
1972605,1103,1,1,10,1
1972606,1102,1,1,10,1
1972607,1001,0,0,30,0
1972608,1003,0,0,30,0
1972609,1003,1,1,10,1
1972610,1003,0,1,30,0
1972611,1103,1,1,10,1
1972612,1103,0,1,20,0
1972613,1102,0,0,30,0
1972614,1103,1,0,30,0
1972615,1103,0,0,30,0
1972616,1103,0,0,30,0
1972617,1103,0,0,30,0
1972618,1104,0,0,30,0
1972619,1106,0,0,30,0
1972620,1103,1,1,10,1
1972621,1102,1,1,10,1
1972622,1103,0,0,30,0
1972623,1003,0,0,30,0
1972624,1003,1,1,10,1
1972625,1003,0,0,30,0
1972626,1003,1,1,10,1
1972627,1102,0,0,30,0
1972628,1103,0,0,30,0
1972629,1103,0,0,20,0
1972630,1200,0,0,50,0
1972631,1200,0,0,20,0
1972632,1104,0,0,40,0
1972633,1103,1,0,30,0
1972634,1104,0,0,60,0
1972635,1003,1,1,20,0
1972636,1103,0,0,90,0
1972637,1106,0,0,30,0
1972638,1106,0,0,30,0
1972639,1104,0,0,40,0
1972640,1106,0,0,30,0
1972641,1003,0,1,30,0
1972642,1003,1,1,10,1
1972643,1106,1,1,20,0
1972644,1106,0,1,20,0
1972645,1103,0,0,90,0
1972646,1103,1,1,20,0
1972647,1003,0,0,30,0
1972648,1003,0,0,30,0
1972649,1103,0,0,30,0
1972650,1103,0,1,20,0
1972651,1200,0,0,30,0
1972652,4224,0,0,30,0
1972653,4006,0,0,20,0
1972654,4224,0,0,60,0
1972655,4224,0,0,60,0
1972656,4224,0,0,60,0
1972657,4224,0,0,30,0
1972658,4004,0,0,60,0
1972659,4224,0,0,60,0
1972660,4224,0,0,60,0
1972661,4224,0,0,60,0
1972662,4224,0,0,60,0
1972663,4224,0,0,30,0
1972664,4224,0,0,30,0
1972665,4224,0,0,30,0
1972666,4224,1,0,30,0
1972667,4224,0,0,30,0
1972668,4224,0,0,30,0
1972669,4224,0,0,30,0
1972670,4223,0,0,80,0
1972671,4224,0,0,60,0
1972672,4104,0,0,30,0
1972673,4224,1,1,20,0
1972674,4224,0,0,30,0
1972675,4224,1,0,30,0
1972676,4224,0,0,30,0
1972677,4224,0,0,30,0
1972678,4224,0,0,30,0
1972679,4006,1,1,10,1
1972680,4224,0,0,60,0
1972681,4224,0,0,60,0
1972682,4224,0,0,60,0
1972683,4224,0,0,20,0
1972684,4224,0,0,100,0
1972685,4106,0,0,30,0
1972686,4224,0,0,60,0
1972687,4224,0,0,60,0
1972688,4224,0,0,60,0
1972689,4224,0,0,20,0
1972690,4224,0,0,20,0
1972691,4224,0,0,50,0
1972692,4103,0,0,30,0
1972693,4224,0,1,30,0
